scenario,rmse,final_simulated_mismatch,final_reference_mismatch
MC assembly,0.014817138881370434,0.03999803775780409,0.035
Ch1 assembly,0.007886278044635606,0.139999999938085,0.135
MC-to-Ch1 crossover,0.004085035227380694,0.1419999287296233,0.142
