N,d,r,kind,count_file,amplitude_file,n_count_keys,n_prob_keys,n_matched_keys,total_shots,matched_shots,match_fraction_shots,xeb_fidelity,xeb_se,xeb_ci95,mean_dim_p_matched_unweighted,std_dim_p_matched_unweighted,subset_prob_mass,min_dim_p,max_dim_p
16,12,1,XEB,data/results/N_scan_depth12/N16_d12_XEB/N16_d12_r1_XEB_counts.json,data/amplitudes/N_scan_depth12/N16_d12_XEB/N16_d12_r1_XEB_amplitudes.json,20,20,20,20,20,1.0,0.5206561034093484,0.21826361540718978,0.42779668619809197,1.5206561034093484,0.9761045621306936,0.0004640674143705287,0.024785582447081927,4.227360321013943
16,12,2,XEB,data/results/N_scan_depth12/N16_d12_XEB/N16_d12_r2_XEB_counts.json,data/amplitudes/N_scan_depth12/N16_d12_XEB/N16_d12_r2_XEB_amplitudes.json,20,20,20,20,20,1.0,0.8461989089291473,0.28064110112751317,0.5500565582099258,1.846198908929147,1.2550651588030246,0.0005634151943753501,0.5042545666832987,5.869809527620718
16,12,3,XEB,data/results/N_scan_depth12/N16_d12_XEB/N16_d12_r3_XEB_counts.json,data/amplitudes/N_scan_depth12/N16_d12_XEB/N16_d12_r3_XEB_amplitudes.json,20,20,20,20,20,1.0,1.112512311311733,0.3097115882481178,0.6070347129663108,2.112512311311733,1.385072329484433,0.0006446875950048013,0.13248503808930853,5.409621400475686
16,12,4,XEB,data/results/N_scan_depth12/N16_d12_XEB/N16_d12_r4_XEB_counts.json,data/amplitudes/N_scan_depth12/N16_d12_XEB/N16_d12_r4_XEB_amplitudes.json,20,20,20,20,20,1.0,0.6786324373716843,0.3356814167018292,0.6579355767355852,1.678632437371684,1.5012129330574466,0.0005122779655064954,0.02534591251373091,6.44722641691199
16,12,5,XEB,data/results/N_scan_depth12/N16_d12_XEB/N16_d12_r5_XEB_counts.json,data/amplitudes/N_scan_depth12/N16_d12_XEB/N16_d12_r5_XEB_amplitudes.json,20,20,20,20,20,1.0,0.37245132017168164,0.2612375829600799,0.5120256626017565,1.372451320171682,1.1682899875529587,0.0004188389038609869,0.012170959783683316,4.198499596320672
16,12,6,XEB,data/results/N_scan_depth12/N16_d12_XEB/N16_d12_r6_XEB_counts.json,data/amplitudes/N_scan_depth12/N16_d12_XEB/N16_d12_r6_XEB_amplitudes.json,20,20,20,20,20,1.0,0.49938721623292215,0.2327657195135585,0.4562208102465747,1.4993872162329223,1.0409599433279324,0.0004575766651101447,0.08006849778450996,3.579978691096788
16,12,7,XEB,data/results/N_scan_depth12/N16_d12_XEB/N16_d12_r7_XEB_counts.json,data/amplitudes/N_scan_depth12/N16_d12_XEB/N16_d12_r7_XEB_amplitudes.json,20,20,20,20,20,1.0,1.2731766617494942,0.2891044217949394,0.5666446667180812,2.273176661749494,1.2929142794585124,0.0006937184636686688,0.39066501215576094,5.283027289804625
16,12,8,XEB,data/results/N_scan_depth12/N16_d12_XEB/N16_d12_r8_XEB_counts.json,data/amplitudes/N_scan_depth12/N16_d12_XEB/N16_d12_r8_XEB_amplitudes.json,20,20,20,20,20,1.0,1.4410118468811164,0.49580304407037623,0.9717739663779374,2.441011846881117,2.21729861998537,0.0007449376974124503,0.25495747149913234,9.118186415244498
16,12,9,XEB,data/results/N_scan_depth12/N16_d12_XEB/N16_d12_r9_XEB_counts.json,data/amplitudes/N_scan_depth12/N16_d12_XEB/N16_d12_r9_XEB_amplitudes.json,20,20,20,20,20,1.0,0.6479074599790254,0.21313424949672713,0.4177431290135852,1.647907459979025,0.9531653404161644,0.0005029014465268021,0.111009952737666,3.367611199847497
16,12,10,XEB,data/results/N_scan_depth12/N16_d12_XEB/N16_d12_r10_XEB_counts.json,data/amplitudes/N_scan_depth12/N16_d12_XEB/N16_d12_r10_XEB_amplitudes.json,20,20,20,20,20,1.0,0.942128239837159,0.28290210768924956,0.5544881310709291,1.942128239837159,1.2651766875422557,0.0005926905028799924,0.05291962427156208,4.020843035853706
16,12,11,XEB,data/results/N_scan_depth12/N16_d12_XEB/N16_d12_r11_XEB_counts.json,data/amplitudes/N_scan_depth12/N16_d12_XEB/N16_d12_r11_XEB_amplitudes.json,20,20,20,20,20,1.0,1.0433972670403924,0.28455337648223356,0.5577246179051778,2.0433972670403926,1.2725613860827283,0.0006235953573731667,0.4857758914977743,4.3839792354890275
16,12,12,XEB,data/results/N_scan_depth12/N16_d12_XEB/N16_d12_r12_XEB_counts.json,data/amplitudes/N_scan_depth12/N16_d12_XEB/N16_d12_r12_XEB_amplitudes.json,20,20,20,20,20,1.0,1.0660320041136464,0.41752465547121714,0.8183483247235855,2.0660320041136457,1.867227023831642,0.0006305029309428851,0.3037632065169847,8.224794568217948
16,12,13,XEB,data/results/N_scan_depth12/N16_d12_XEB/N16_d12_r13_XEB_counts.json,data/amplitudes/N_scan_depth12/N16_d12_XEB/N16_d12_r13_XEB_amplitudes.json,20,20,20,20,20,1.0,1.0451512372779663,0.3302951629986844,0.6473785194774214,2.0451512372779663,1.4771248742088632,0.0006241306266107075,0.4291226582134208,5.509294967031212
16,12,14,XEB,data/results/N_scan_depth12/N16_d12_XEB/N16_d12_r14_XEB_counts.json,data/amplitudes/N_scan_depth12/N16_d12_XEB/N16_d12_r14_XEB_amplitudes.json,20,20,20,20,20,1.0,0.6188062875293255,0.31213501428335527,0.6117846279953764,1.6188062875293252,1.3959102201909002,0.0004940204734891739,0.027214805658620993,5.260351518111259
16,12,15,XEB,data/results/N_scan_depth12/N16_d12_XEB/N16_d12_r15_XEB_counts.json,data/amplitudes/N_scan_depth12/N16_d12_XEB/N16_d12_r15_XEB_amplitudes.json,20,20,20,20,20,1.0,0.9384941741265592,0.4701039843033687,0.9214038092346026,1.9384941741265589,2.1023689307916533,0.0005915814740376461,0.05321863988747075,9.549367227781492
16,12,16,XEB,data/results/N_scan_depth12/N16_d12_XEB/N16_d12_r16_XEB_counts.json,data/amplitudes/N_scan_depth12/N16_d12_XEB/N16_d12_r16_XEB_amplitudes.json,20,20,20,20,20,1.0,0.9265928986144727,0.4332229493132523,0.8491169806539745,1.926592898614473,1.9374319281547558,0.0005879494929853738,0.1187520199074148,9.288955354151717
16,12,17,XEB,data/results/N_scan_depth12/N16_d12_XEB/N16_d12_r17_XEB_counts.json,data/amplitudes/N_scan_depth12/N16_d12_XEB/N16_d12_r17_XEB_amplitudes.json,20,20,20,20,20,1.0,1.0417931279095183,0.23694580079394825,0.46441376955613856,2.0417931279095187,1.059653835116784,0.0006231058129606685,0.36925290391684373,3.969258963262309
16,12,18,XEB,data/results/N_scan_depth12/N16_d12_XEB/N16_d12_r18_XEB_counts.json,data/amplitudes/N_scan_depth12/N16_d12_XEB/N16_d12_r18_XEB_amplitudes.json,20,20,20,20,20,1.0,0.5037813055156722,0.3275379502910021,0.6419743825703641,1.5037813055156726,1.4647942441232555,0.0004589176347398903,0.07594368153937382,5.866458500511561
16,12,19,XEB,data/results/N_scan_depth12/N16_d12_XEB/N16_d12_r19_XEB_counts.json,data/amplitudes/N_scan_depth12/N16_d12_XEB/N16_d12_r19_XEB_amplitudes.json,20,20,20,20,20,1.0,0.4586293115804243,0.2202564093440267,0.4317025623142923,1.4586293115804243,0.9850166075465272,0.0004451383397157057,0.32998133555555076,3.8660012926440865
16,12,20,XEB,data/results/N_scan_depth12/N16_d12_XEB/N16_d12_r20_XEB_counts.json,data/amplitudes/N_scan_depth12/N16_d12_XEB/N16_d12_r20_XEB_amplitudes.json,20,20,20,20,20,1.0,0.4847928774195177,0.22642870581427932,0.44380026339598744,1.4847928774195178,1.0126199565160607,0.00045312282636093685,0.11898830741494498,4.199684406164888
16,12,21,XEB,data/results/N_scan_depth12/N16_d12_XEB/N16_d12_r21_XEB_counts.json,data/amplitudes/N_scan_depth12/N16_d12_XEB/N16_d12_r21_XEB_amplitudes.json,20,20,20,20,20,1.0,0.848629909244871,0.3429479600459971,0.6721780016901543,1.848629909244871,1.5337099028154626,0.0005641570767959201,0.10902725537305585,5.182735258830704
16,12,22,XEB,data/results/N_scan_depth12/N16_d12_XEB/N16_d12_r22_XEB_counts.json,data/amplitudes/N_scan_depth12/N16_d12_XEB/N16_d12_r22_XEB_amplitudes.json,20,20,20,20,20,1.0,0.766447592687156,0.32255353705424356,0.6322049326263174,1.7664475926871561,1.4425032704725718,0.0005390770241354846,0.21041733332179416,5.1140633091640515
16,12,23,XEB,data/results/N_scan_depth12/N16_d12_XEB/N16_d12_r23_XEB_counts.json,data/amplitudes/N_scan_depth12/N16_d12_XEB/N16_d12_r23_XEB_amplitudes.json,20,20,20,20,20,1.0,0.21576200613191315,0.1781055860866422,0.3490869487298187,1.2157620061319134,0.7965123953243456,0.00037102112003537397,0.11259804297319803,2.7019244709842742
16,12,24,XEB,data/results/N_scan_depth12/N16_d12_XEB/N16_d12_r24_XEB_counts.json,data/amplitudes/N_scan_depth12/N16_d12_XEB/N16_d12_r24_XEB_amplitudes.json,20,20,20,20,20,1.0,1.050960134747457,0.39655537712444244,0.7772485391639071,2.050960134747457,1.7734495601866367,0.0006259033614341605,0.2851051307740489,6.035919113837686
16,12,25,XEB,data/results/N_scan_depth12/N16_d12_XEB/N16_d12_r25_XEB_counts.json,data/amplitudes/N_scan_depth12/N16_d12_XEB/N16_d12_r25_XEB_amplitudes.json,20,20,20,20,20,1.0,0.8280919706192925,0.3761214215248509,0.7371979861887077,1.8280919706192926,1.6820661326468385,0.0005578893953305946,0.10763022062745671,7.050587560364953
16,12,26,XEB,data/results/N_scan_depth12/N16_d12_XEB/N16_d12_r26_XEB_counts.json,data/amplitudes/N_scan_depth12/N16_d12_XEB/N16_d12_r26_XEB_amplitudes.json,20,20,20,20,20,1.0,0.6232375263942289,0.3035210424955338,0.5949012432912463,1.6232375263942287,1.357387367243232,0.0004953727802716763,0.07111235574515874,4.861385128314305
16,12,27,XEB,data/results/N_scan_depth12/N16_d12_XEB/N16_d12_r27_XEB_counts.json,data/amplitudes/N_scan_depth12/N16_d12_XEB/N16_d12_r27_XEB_amplitudes.json,20,20,20,20,20,1.0,1.41007114314243,0.3162785067483679,0.619905873226801,2.4100711431424293,1.4144404818229532,0.0007354953439765715,0.34221614311754295,5.474573156626146
16,12,28,XEB,data/results/N_scan_depth12/N16_d12_XEB/N16_d12_r28_XEB_counts.json,data/amplitudes/N_scan_depth12/N16_d12_XEB/N16_d12_r28_XEB_amplitudes.json,20,20,20,20,20,1.0,0.6904379388212281,0.2541396292818537,0.49811367339243323,1.690437938821228,1.1365469737016418,0.000515880718634408,0.031195087297229473,3.8406586458483614
16,12,29,XEB,data/results/N_scan_depth12/N16_d12_XEB/N16_d12_r29_XEB_counts.json,data/amplitudes/N_scan_depth12/N16_d12_XEB/N16_d12_r29_XEB_amplitudes.json,20,20,20,20,20,1.0,0.5155336592121736,0.23404577725616948,0.4587297234220922,1.5155336592121738,1.0466845355831385,0.0004625041684607464,0.17288438600056005,3.9466474098368787
16,12,30,XEB,data/results/N_scan_depth12/N16_d12_XEB/N16_d12_r30_XEB_counts.json,data/amplitudes/N_scan_depth12/N16_d12_XEB/N16_d12_r30_XEB_amplitudes.json,20,20,20,20,20,1.0,0.4872670594310714,0.24317454855738785,0.47662211517248015,1.4872670594310715,1.0875096419442853,0.00045387788678926744,0.28195095889885446,4.63673686867644
16,12,31,XEB,data/results/N_scan_depth12/N16_d12_XEB/N16_d12_r31_XEB_counts.json,data/amplitudes/N_scan_depth12/N16_d12_XEB/N16_d12_r31_XEB_amplitudes.json,20,20,20,20,20,1.0,0.8552284428059072,0.35927718421062443,0.7041832810528239,1.8552284428059072,1.6067364133193407,0.0005661707894305136,0.033692418275506515,4.785749645563554
16,12,32,XEB,data/results/N_scan_depth12/N16_d12_XEB/N16_d12_r32_XEB_counts.json,data/amplitudes/N_scan_depth12/N16_d12_XEB/N16_d12_r32_XEB_amplitudes.json,20,20,20,20,20,1.0,0.0519854243044099,0.13750113664288527,0.2695022278200551,1.05198542430441,0.6149237770339574,0.0003210404737257111,0.19409150962480085,2.8175909931835634
16,12,33,XEB,data/results/N_scan_depth12/N16_d12_XEB/N16_d12_r33_XEB_counts.json,data/amplitudes/N_scan_depth12/N16_d12_XEB/N16_d12_r33_XEB_amplitudes.json,20,20,20,20,20,1.0,0.38372609462477325,0.19092923447068316,0.37422129956253897,1.3837260946247734,0.8538614943368872,0.0004222796919631266,0.23863713234166162,3.3073625787122456
16,12,34,XEB,data/results/N_scan_depth12/N16_d12_XEB/N16_d12_r34_XEB_counts.json,data/amplitudes/N_scan_depth12/N16_d12_XEB/N16_d12_r34_XEB_amplitudes.json,20,20,20,20,20,1.0,1.0738956078065602,0.3208883215030507,0.6289411101459793,2.07389560780656,1.4350562001332574,0.0006329027123433105,0.062380052378182414,5.017942350821803
16,12,35,XEB,data/results/N_scan_depth12/N16_d12_XEB/N16_d12_r35_XEB_counts.json,data/amplitudes/N_scan_depth12/N16_d12_XEB/N16_d12_r35_XEB_amplitudes.json,20,20,20,20,20,1.0,0.5823218614290294,0.2839384611684123,0.5565193838900881,1.5823218614290295,1.2698114011985084,0.00048288631025055834,0.16002686073527267,4.344111741918536
16,12,36,XEB,data/results/N_scan_depth12/N16_d12_XEB/N16_d12_r36_XEB_counts.json,data/amplitudes/N_scan_depth12/N16_d12_XEB/N16_d12_r36_XEB_amplitudes.json,20,20,20,20,20,1.0,0.6747920192359382,0.18099060712442128,0.3547415899638657,1.674792019235938,0.8094146016383275,0.0005111059629015924,0.22728091023597358,3.1517563089803553
16,12,37,XEB,data/results/N_scan_depth12/N16_d12_XEB/N16_d12_r37_XEB_counts.json,data/amplitudes/N_scan_depth12/N16_d12_XEB/N16_d12_r37_XEB_amplitudes.json,20,20,20,20,20,1.0,0.8439545721488091,0.244363872310337,0.4789531897282605,1.843954572148809,1.0928284594619841,0.0005627302771450223,0.14268497688167453,4.333906284675006
16,12,38,XEB,data/results/N_scan_depth12/N16_d12_XEB/N16_d12_r38_XEB_counts.json,data/amplitudes/N_scan_depth12/N16_d12_XEB/N16_d12_r38_XEB_amplitudes.json,20,20,20,20,20,1.0,1.3117118937280257,0.47132020686875264,0.9237876054627552,2.3117118937280257,2.1078080434555884,0.0007054784831933672,0.01714968459865715,6.9842999384270525
16,12,39,XEB,data/results/N_scan_depth12/N16_d12_XEB/N16_d12_r39_XEB_counts.json,data/amplitudes/N_scan_depth12/N16_d12_XEB/N16_d12_r39_XEB_amplitudes.json,20,20,20,20,20,1.0,0.783490071687473,0.21038033827215671,0.41234546301342717,1.783490071687473,0.9408494750118861,0.0005442779759788431,0.11471596233490049,3.4149417873487034
16,12,40,XEB,data/results/N_scan_depth12/N16_d12_XEB/N16_d12_r40_XEB_counts.json,data/amplitudes/N_scan_depth12/N16_d12_XEB/N16_d12_r40_XEB_amplitudes.json,20,20,20,20,20,1.0,0.8847567917316654,0.26049118694485685,0.5105627264119194,1.8847567917316659,1.1649520030966114,0.0005751821263829547,0.026948385410543937,4.883600406557098
16,12,41,XEB,data/results/N_scan_depth12/N16_d12_XEB/N16_d12_r41_XEB_counts.json,data/amplitudes/N_scan_depth12/N16_d12_XEB/N16_d12_r41_XEB_amplitudes.json,20,20,20,20,20,1.0,1.1487310639142942,0.3648378068315765,0.7150821013898899,2.1487310639142945,1.6316042736746847,0.0006557406811261885,0.03777489127720493,6.380825054786273
16,12,42,XEB,data/results/N_scan_depth12/N16_d12_XEB/N16_d12_r42_XEB_counts.json,data/amplitudes/N_scan_depth12/N16_d12_XEB/N16_d12_r42_XEB_amplitudes.json,20,20,20,20,20,1.0,1.056233929762427,0.3479985848633283,0.6820772263321234,2.056233929762427,1.556296983656263,0.0006275127959480063,0.24191278657735102,7.273626173364334
16,12,43,XEB,data/results/N_scan_depth12/N16_d12_XEB/N16_d12_r43_XEB_counts.json,data/amplitudes/N_scan_depth12/N16_d12_XEB/N16_d12_r43_XEB_amplitudes.json,20,20,20,20,20,1.0,0.7847954606070251,0.28068008530270006,0.5501329671932921,1.7847954606070253,1.2552395013345539,0.0005446763490622026,0.1302022486800655,3.809774232731063
16,12,44,XEB,data/results/N_scan_depth12/N16_d12_XEB/N16_d12_r44_XEB_counts.json,data/amplitudes/N_scan_depth12/N16_d12_XEB/N16_d12_r44_XEB_amplitudes.json,20,20,20,20,20,1.0,0.7065068704240496,0.4062195044713271,0.7961902287638011,1.7065068704240491,1.8166688515683342,0.0005207845673901517,0.15686936280220437,7.671021524794489
16,12,45,XEB,data/results/N_scan_depth12/N16_d12_XEB/N16_d12_r45_XEB_counts.json,data/amplitudes/N_scan_depth12/N16_d12_XEB/N16_d12_r45_XEB_amplitudes.json,20,20,20,20,20,1.0,1.2309468952632738,0.33986235660642017,0.6661302189485835,2.230946895263274,1.5199106647304605,0.0006808309616892316,0.25924813915752,6.315180803868398
16,12,46,XEB,data/results/N_scan_depth12/N16_d12_XEB/N16_d12_r46_XEB_counts.json,data/amplitudes/N_scan_depth12/N16_d12_XEB/N16_d12_r46_XEB_amplitudes.json,20,20,20,20,20,1.0,0.5803889321647644,0.19713723775298864,0.38638898599585775,1.5803889321647644,0.881624529024441,0.0004822964270522352,0.2557405729469593,3.43720830212235
16,12,47,XEB,data/results/N_scan_depth12/N16_d12_XEB/N16_d12_r47_XEB_counts.json,data/amplitudes/N_scan_depth12/N16_d12_XEB/N16_d12_r47_XEB_amplitudes.json,20,20,20,20,20,1.0,1.022852838982545,0.3619952294969533,0.7095106498140284,2.022852838982545,1.618891881371649,0.0006173256954902786,0.13853273533564503,5.941632098546343
16,12,48,XEB,data/results/N_scan_depth12/N16_d12_XEB/N16_d12_r48_XEB_counts.json,data/amplitudes/N_scan_depth12/N16_d12_XEB/N16_d12_r48_XEB_amplitudes.json,20,20,20,20,20,1.0,1.2198520720339712,0.4019204584038604,0.7877640984715664,2.2198520720339707,1.7974429330778174,0.0006774450903423983,0.540439727403333,7.035351109899035
16,12,49,XEB,data/results/N_scan_depth12/N16_d12_XEB/N16_d12_r49_XEB_counts.json,data/amplitudes/N_scan_depth12/N16_d12_XEB/N16_d12_r49_XEB_amplitudes.json,20,20,20,20,20,1.0,0.13816437384427466,0.1931950932667456,0.3786623828028214,1.1381643738442748,0.8639947229277103,0.0003473402019788436,0.10824320314990367,3.0188609913661306
16,12,50,XEB,data/results/N_scan_depth12/N16_d12_XEB/N16_d12_r50_XEB_counts.json,data/amplitudes/N_scan_depth12/N16_d12_XEB/N16_d12_r50_XEB_amplitudes.json,20,20,20,20,20,1.0,0.7486668929092346,0.29029238035268906,0.5689730654912706,1.7486668929092346,1.298226991637674,0.0005336507851895858,0.010920305058302177,4.681428499126697
24,12,1,XEB,data/results/N_scan_depth12/N24_d12_XEB/N24_d12_r1_XEB_counts.json,data/amplitudes/N_scan_depth12/N24_d12_XEB/N24_d12_r1_XEB_amplitudes.json,20,20,20,20,20,1.0,0.5696739449850529,0.2850336277249236,0.5586659103408502,1.5696739449850525,1.2747091349325954,1.871197158080402e-06,0.007031088942344493,4.946162434515438
24,12,2,XEB,data/results/N_scan_depth12/N24_d12_XEB/N24_d12_r2_XEB_counts.json,data/amplitudes/N_scan_depth12/N24_d12_XEB/N24_d12_r2_XEB_amplitudes.json,20,20,20,20,20,1.0,0.7819830551036661,0.2973469593563057,0.5828000403383591,1.781983055103666,1.3297760280471331,2.124289339904387e-06,0.042905114318500005,5.27420885504184
24,12,3,XEB,data/results/N_scan_depth12/N24_d12_XEB/N24_d12_r3_XEB_counts.json,data/amplitudes/N_scan_depth12/N24_d12_XEB/N24_d12_r3_XEB_amplitudes.json,20,20,20,20,20,1.0,0.5985151876205393,0.37824937294651617,0.7413687709751717,1.5985151876205395,1.69158262071016,1.905578598523783e-06,0.023008569419884807,7.186201520615998
24,12,4,XEB,data/results/N_scan_depth12/N24_d12_XEB/N24_d12_r4_XEB_counts.json,data/amplitudes/N_scan_depth12/N24_d12_XEB/N24_d12_r4_XEB_amplitudes.json,20,20,20,20,20,1.0,0.5743072690693583,0.3283417658907854,0.6435498611459394,1.5743072690693583,1.4683890167682359,1.876720510803888e-06,0.2228661906926394,6.183626713502424
24,12,5,XEB,data/results/N_scan_depth12/N24_d12_XEB/N24_d12_r5_XEB_counts.json,data/amplitudes/N_scan_depth12/N24_d12_XEB/N24_d12_r5_XEB_amplitudes.json,20,20,20,20,20,1.0,0.683492874524452,0.32179503318708946,0.6307182650466954,1.6834928745244517,1.439111138056266,2.0068798953586242e-06,0.10342784635784646,6.384049465985741
24,12,6,XEB,data/results/N_scan_depth12/N24_d12_XEB/N24_d12_r6_XEB_counts.json,data/amplitudes/N_scan_depth12/N24_d12_XEB/N24_d12_r6_XEB_amplitudes.json,20,20,20,20,20,1.0,1.0856413273530545,0.3282036076132245,0.6432790709219199,2.0856413273530547,1.4677711541676752,2.4862782089150602e-06,0.4887311667993625,6.043680992516349
24,12,7,XEB,data/results/N_scan_depth12/N24_d12_XEB/N24_d12_r7_XEB_counts.json,data/amplitudes/N_scan_depth12/N24_d12_XEB/N24_d12_r7_XEB_amplitudes.json,20,20,20,20,20,1.0,1.0589218391097528,0.4828852424644569,0.9464550752303356,2.0589218391097526,2.1595284549639877,2.4544260968086153e-06,0.19999324125649276,8.371465714451894
24,12,8,XEB,data/results/N_scan_depth12/N24_d12_XEB/N24_d12_r8_XEB_counts.json,data/amplitudes/N_scan_depth12/N24_d12_XEB/N24_d12_r8_XEB_amplitudes.json,20,20,20,20,20,1.0,0.4468125134161924,0.22458245368773988,0.44018160922797017,1.4468125134161922,1.0043632659989694,1.7247349183752445e-06,0.1924283822981382,3.7001492559533298
24,12,9,XEB,data/results/N_scan_depth12/N24_d12_XEB/N24_d12_r9_XEB_counts.json,data/amplitudes/N_scan_depth12/N24_d12_XEB/N24_d12_r9_XEB_amplitudes.json,20,20,20,20,20,1.0,0.9254690811844153,0.2538134977838954,0.49747445565643494,1.9254690811844153,1.1350884693035648,2.295338012199897e-06,0.10232212853515317,3.3800566530372813
24,12,10,XEB,data/results/N_scan_depth12/N24_d12_XEB/N24_d12_r10_XEB_counts.json,data/amplitudes/N_scan_depth12/N24_d12_XEB/N24_d12_r10_XEB_amplitudes.json,20,20,20,20,20,1.0,0.8897614469141887,0.22948245451841606,0.4497856108560955,1.8897614469141888,1.0262767358933642,2.2527711950709687e-06,0.08288613500021504,4.1968754800639765
24,12,11,XEB,data/results/N_scan_depth12/N24_d12_XEB/N24_d12_r11_XEB_counts.json,data/amplitudes/N_scan_depth12/N24_d12_XEB/N24_d12_r11_XEB_amplitudes.json,20,20,20,20,20,1.0,0.5248413829763976,0.2771816204507384,0.5432759760834472,1.5248413829763976,1.239593890882794,1.817752579422471e-06,0.21661735145557465,5.695007257053174
24,12,12,XEB,data/results/N_scan_depth12/N24_d12_XEB/N24_d12_r12_XEB_counts.json,data/amplitudes/N_scan_depth12/N24_d12_XEB/N24_d12_r12_XEB_amplitudes.json,20,20,20,20,20,1.0,1.079931801218108,0.43176830114530024,0.8462658702447885,2.079931801218108,1.9309265437809835,2.479471923372874e-06,0.05775392118910526,8.003708733789892
24,12,13,XEB,data/results/N_scan_depth12/N24_d12_XEB/N24_d12_r13_XEB_counts.json,data/amplitudes/N_scan_depth12/N24_d12_XEB/N24_d12_r13_XEB_amplitudes.json,20,20,20,20,20,1.0,0.8660534456048742,0.27763777774977183,0.5441700443895527,1.8660534456048743,1.241633888340937,2.224509055143445e-06,0.19280199299610992,5.471874415122473
24,12,14,XEB,data/results/N_scan_depth12/N24_d12_XEB/N24_d12_r14_XEB_counts.json,data/amplitudes/N_scan_depth12/N24_d12_XEB/N24_d12_r14_XEB_amplitudes.json,20,20,20,20,20,1.0,0.8240489916060026,0.34927665243189704,0.6845822387665181,1.8240489916060028,1.562012675582578,2.1744358439517055e-06,0.09477101469594099,6.4514458024371155
24,12,15,XEB,data/results/N_scan_depth12/N24_d12_XEB/N24_d12_r15_XEB_counts.json,data/amplitudes/N_scan_depth12/N24_d12_XEB/N24_d12_r15_XEB_amplitudes.json,20,20,20,20,20,1.0,0.5855866924065202,0.30919554037704794,0.606023259139014,1.5855866924065203,1.3827644932457206,1.890166631229544e-06,0.17447634455301322,4.88061534817092
24,12,16,XEB,data/results/N_scan_depth12/N24_d12_XEB/N24_d12_r16_XEB_counts.json,data/amplitudes/N_scan_depth12/N24_d12_XEB/N24_d12_r16_XEB_amplitudes.json,20,20,20,20,20,1.0,0.8514233492935228,0.32270521339560976,0.6325022182553951,1.8514233492935226,1.4431815876923182,2.2070686212700875e-06,0.41014075869715183,5.522904884788402
24,12,17,XEB,data/results/N_scan_depth12/N24_d12_XEB/N24_d12_r17_XEB_counts.json,data/amplitudes/N_scan_depth12/N24_d12_XEB/N24_d12_r17_XEB_amplitudes.json,20,20,20,20,20,1.0,0.46651960640224627,0.2050449402024626,0.4018880827968267,1.4665196064022463,0.9169888494701718,1.7482276039150314e-06,0.4365148389848669,3.5097188243870487
24,12,18,XEB,data/results/N_scan_depth12/N24_d12_XEB/N24_d12_r18_XEB_counts.json,data/amplitudes/N_scan_depth12/N24_d12_XEB/N24_d12_r18_XEB_amplitudes.json,20,20,20,20,20,1.0,0.5015081911787191,0.23587784328529507,0.4623205728391783,1.5015081911787194,1.0548777839439243,1.7899372472509377e-06,0.10772996458842285,4.505225210239524
24,12,19,XEB,data/results/N_scan_depth12/N24_d12_XEB/N24_d12_r19_XEB_counts.json,data/amplitudes/N_scan_depth12/N24_d12_XEB/N24_d12_r19_XEB_amplitudes.json,20,20,20,20,20,1.0,0.8469662680645793,0.32136759324006803,0.6298804827505333,1.8469662680645793,1.437199568500588,2.201755366402363e-06,0.012009363245111381,4.683155064074761
24,12,20,XEB,data/results/N_scan_depth12/N24_d12_XEB/N24_d12_r20_XEB_counts.json,data/amplitudes/N_scan_depth12/N24_d12_XEB/N24_d12_r20_XEB_amplitudes.json,20,20,20,20,20,1.0,0.6827811460631908,0.2767413516814944,0.542413049295729,1.6827811460631907,1.2376249490899942,2.006031448916424e-06,0.07348152718429517,4.134526119678687
24,12,21,XEB,data/results/N_scan_depth12/N24_d12_XEB/N24_d12_r21_XEB_counts.json,data/amplitudes/N_scan_depth12/N24_d12_XEB/N24_d12_r21_XEB_amplitudes.json,20,20,20,20,20,1.0,0.3210091107435137,0.32822657616562434,0.6433240892846237,1.3210091107435136,1.4678738726566964,1.5747655758184357e-06,0.08599909480871189,6.148127815052172
24,12,22,XEB,data/results/N_scan_depth12/N24_d12_XEB/N24_d12_r22_XEB_counts.json,data/amplitudes/N_scan_depth12/N24_d12_XEB/N24_d12_r22_XEB_amplitudes.json,20,20,20,20,20,1.0,0.26280521056979145,0.24677738967499707,0.48368368376299425,1.2628052105697916,1.1036220372464964,1.5053811199304956e-06,0.0632015893410943,3.3953139969659505
24,12,23,XEB,data/results/N_scan_depth12/N24_d12_XEB/N24_d12_r23_XEB_counts.json,data/amplitudes/N_scan_depth12/N24_d12_XEB/N24_d12_r23_XEB_amplitudes.json,20,20,20,20,20,1.0,0.6019129412216235,0.24801211031299658,0.4861037362134733,1.6019129412216233,1.109143875806074,1.9096290364523213e-06,0.2466192572312509,4.07767065622307
24,12,24,XEB,data/results/N_scan_depth12/N24_d12_XEB/N24_d12_r24_XEB_counts.json,data/amplitudes/N_scan_depth12/N24_d12_XEB/N24_d12_r24_XEB_amplitudes.json,20,20,20,20,20,1.0,0.8314112075406941,0.32108399104471674,0.6293246224476448,1.8314112075406939,1.4359312609258403,2.183212289262645e-06,0.02208004483173497,5.169361761557644
24,12,25,XEB,data/results/N_scan_depth12/N24_d12_XEB/N24_d12_r25_XEB_counts.json,data/amplitudes/N_scan_depth12/N24_d12_XEB/N24_d12_r25_XEB_amplitudes.json,20,20,20,20,20,1.0,0.8511460666468933,0.26558652665669,0.5205495922471124,1.8511460666468937,1.187739055024838,2.2067380745969937e-06,0.3356570544324605,4.1624068475898985
24,12,26,XEB,data/results/N_scan_depth12/N24_d12_XEB/N24_d12_r26_XEB_counts.json,data/amplitudes/N_scan_depth12/N24_d12_XEB/N24_d12_r26_XEB_amplitudes.json,20,20,20,20,20,1.0,0.7238991466489648,0.331907176004498,0.650538064968816,1.7238991466489648,1.484334015532089,2.0550479252922115e-06,0.05985038775049524,5.199683959814973
24,12,27,XEB,data/results/N_scan_depth12/N24_d12_XEB/N24_d12_r27_XEB_counts.json,data/amplitudes/N_scan_depth12/N24_d12_XEB/N24_d12_r27_XEB_amplitudes.json,20,20,20,20,20,1.0,0.6281774817040217,0.2796864588210048,0.5481854592891694,1.628177481704022,1.250795868619925,1.940938808565166e-06,0.04687353476515938,5.050456900216343
24,12,28,XEB,data/results/N_scan_depth12/N24_d12_XEB/N24_d12_r28_XEB_counts.json,data/amplitudes/N_scan_depth12/N24_d12_XEB/N24_d12_r28_XEB_amplitudes.json,20,20,20,20,20,1.0,0.8399713861739431,0.4073093510293676,0.7983263280175605,1.8399713861739433,1.8215427935459796,2.1934168173956194e-06,0.12224700489823304,6.572628102002055
24,12,29,XEB,data/results/N_scan_depth12/N24_d12_XEB/N24_d12_r29_XEB_counts.json,data/amplitudes/N_scan_depth12/N24_d12_XEB/N24_d12_r29_XEB_amplitudes.json,20,20,20,20,20,1.0,0.25564621723206654,0.27001274492215177,0.5292249800474175,1.2556462172320664,1.207533704874485,1.4968469348336058e-06,0.04910670014110307,4.417445542207266
24,12,30,XEB,data/results/N_scan_depth12/N24_d12_XEB/N24_d12_r30_XEB_counts.json,data/amplitudes/N_scan_depth12/N24_d12_XEB/N24_d12_r30_XEB_amplitudes.json,20,20,20,20,20,1.0,0.2770588280781817,0.1630830419937687,0.31964276230778665,1.2770588280781818,0.7293295357510393,1.5223727560975334e-06,0.2501429447848818,2.647831331139888
24,12,31,XEB,data/results/N_scan_depth12/N24_d12_XEB/N24_d12_r31_XEB_counts.json,data/amplitudes/N_scan_depth12/N24_d12_XEB/N24_d12_r31_XEB_amplitudes.json,20,20,20,20,20,1.0,0.06295044787099449,0.16942956899237488,0.33208195522505474,1.0629504478709944,0.7577120673308815,1.2671356771838598e-06,0.10347333533852403,2.5111046770405077
24,12,32,XEB,data/results/N_scan_depth12/N24_d12_XEB/N24_d12_r32_XEB_counts.json,data/amplitudes/N_scan_depth12/N24_d12_XEB/N24_d12_r32_XEB_amplitudes.json,20,20,20,20,20,1.0,0.42364182720354737,0.2915789792674518,0.5714947993642056,1.4236418272035474,1.3039808369040482,1.6971133079571097e-06,0.06594807106794526,4.640268025891766
24,12,33,XEB,data/results/N_scan_depth12/N24_d12_XEB/N24_d12_r33_XEB_counts.json,data/amplitudes/N_scan_depth12/N24_d12_XEB/N24_d12_r33_XEB_amplitudes.json,20,20,20,20,20,1.0,0.6490579063464197,0.35054305022186544,0.6870643784348562,1.6490579063464197,1.5676761786724278,1.9658302144365544e-06,0.03505142543588209,6.357501904445513
24,12,34,XEB,data/results/N_scan_depth12/N24_d12_XEB/N24_d12_r34_XEB_counts.json,data/amplitudes/N_scan_depth12/N24_d12_XEB/N24_d12_r34_XEB_amplitudes.json,20,20,20,20,20,1.0,0.5657445904558435,0.2687421637566527,0.5267346409630393,1.5657445904558436,1.2018514931605113,1.8665130024622007e-06,0.11979095890501797,5.331953426419772
24,12,35,XEB,data/results/N_scan_depth12/N24_d12_XEB/N24_d12_r35_XEB_counts.json,data/amplitudes/N_scan_depth12/N24_d12_XEB/N24_d12_r35_XEB_amplitudes.json,20,20,20,20,20,1.0,0.6708383259217453,0.3477515050777028,0.6815929499522975,1.6708383259217452,1.5551920092632137,1.9917944978734794e-06,0.0419644777488215,6.760065698610516
24,12,36,XEB,data/results/N_scan_depth12/N24_d12_XEB/N24_d12_r36_XEB_counts.json,data/amplitudes/N_scan_depth12/N24_d12_XEB/N24_d12_r36_XEB_amplitudes.json,20,20,20,20,20,1.0,0.6035523613441287,0.29967532872446484,0.587363644299951,1.6035523613441285,1.3401888124149972,1.911583377533112e-06,0.0439174656062606,4.869205670467941
24,12,37,XEB,data/results/N_scan_depth12/N24_d12_XEB/N24_d12_r37_XEB_counts.json,data/amplitudes/N_scan_depth12/N24_d12_XEB/N24_d12_r37_XEB_amplitudes.json,20,20,20,20,20,1.0,0.7442859989227817,0.4509621993903272,0.8838859108050413,1.744285998922782,2.0167642662391714,2.0793509470495963e-06,0.028432977968005483,8.469593197713458
24,12,38,XEB,data/results/N_scan_depth12/N24_d12_XEB/N24_d12_r38_XEB_counts.json,data/amplitudes/N_scan_depth12/N24_d12_XEB/N24_d12_r38_XEB_amplitudes.json,20,20,20,20,20,1.0,0.38979213134342017,0.22160554058578902,0.43434685954814645,1.38979213134342,0.9910501058808255,1.6567613260071518e-06,0.11684209196509249,3.7453814367134157
24,12,39,XEB,data/results/N_scan_depth12/N24_d12_XEB/N24_d12_r39_XEB_counts.json,data/amplitudes/N_scan_depth12/N24_d12_XEB/N24_d12_r39_XEB_amplitudes.json,20,20,20,20,20,1.0,0.48262153769409755,0.3035863632252961,0.5950292719215803,1.4826215376940974,1.3576794904274088,1.767422601812002e-06,0.0059004839106160814,5.903407476339485
24,12,40,XEB,data/results/N_scan_depth12/N24_d12_XEB/N24_d12_r40_XEB_counts.json,data/amplitudes/N_scan_depth12/N24_d12_XEB/N24_d12_r40_XEB_amplitudes.json,20,20,20,20,20,1.0,0.6986762220638851,0.26602896270240295,0.5214167668967098,1.6986762220638851,1.1897176891726582,2.0249798560904088e-06,0.11798466842956998,4.112661085382635
24,12,41,XEB,data/results/N_scan_depth12/N24_d12_XEB/N24_d12_r41_XEB_counts.json,data/amplitudes/N_scan_depth12/N24_d12_XEB/N24_d12_r41_XEB_amplitudes.json,20,20,20,20,20,1.0,0.44244274172625014,0.3002657718511862,0.588520912828325,1.4424427417262504,1.3428293543513905,1.7195257445886735e-06,0.11352825905878329,4.3810686018309974
24,12,42,XEB,data/results/N_scan_depth12/N24_d12_XEB/N24_d12_r42_XEB_counts.json,data/amplitudes/N_scan_depth12/N24_d12_XEB/N24_d12_r42_XEB_amplitudes.json,20,20,20,20,20,1.0,1.0847833517855248,0.32784143988824277,0.6425692221809558,2.084783351785525,1.4661514908630437,2.485255422336489e-06,0.5038512979458447,5.461858226037124
24,12,43,XEB,data/results/N_scan_depth12/N24_d12_XEB/N24_d12_r43_XEB_counts.json,data/amplitudes/N_scan_depth12/N24_d12_XEB/N24_d12_r43_XEB_amplitudes.json,20,20,20,20,20,1.0,0.6815220449180737,0.24681757369266535,0.48376244443762406,1.6815220449180734,1.1038017456367268,2.0045304833866042e-06,0.22963067430509349,3.411961000378094
24,12,44,XEB,data/results/N_scan_depth12/N24_d12_XEB/N24_d12_r44_XEB_counts.json,data/amplitudes/N_scan_depth12/N24_d12_XEB/N24_d12_r44_XEB_amplitudes.json,20,20,20,20,20,1.0,1.7596604369518178,0.5601511038244831,1.0978961634959867,2.759660436951818,2.5050718916461734,3.2897716009042476e-06,0.09847989046060679,9.822664217916296
24,12,45,XEB,data/results/N_scan_depth12/N24_d12_XEB/N24_d12_r45_XEB_counts.json,data/amplitudes/N_scan_depth12/N24_d12_XEB/N24_d12_r45_XEB_amplitudes.json,20,20,20,20,20,1.0,0.14139526600069727,0.23940906583734428,0.4692417690411948,1.1413952660006972,1.0706698912840487,1.360649187565681e-06,0.22655160520077053,4.098031949246141
24,12,46,XEB,data/results/N_scan_depth12/N24_d12_XEB/N24_d12_r46_XEB_counts.json,data/amplitudes/N_scan_depth12/N24_d12_XEB/N24_d12_r46_XEB_amplitudes.json,20,20,20,20,20,1.0,0.33889603076205854,0.25522370872347117,0.5002384690980035,1.3388960307620583,1.1413951243505753,1.5960884460950594e-06,0.18412691968385073,3.3003864651757455
24,12,47,XEB,data/results/N_scan_depth12/N24_d12_XEB/N24_d12_r47_XEB_counts.json,data/amplitudes/N_scan_depth12/N24_d12_XEB/N24_d12_r47_XEB_amplitudes.json,20,20,20,20,20,1.0,0.6014698768304813,0.27486114046711324,0.5387278353155419,1.6014698768304814,1.229216388915167,1.9091008625393885e-06,0.24127736002172046,5.182497341024606
24,12,48,XEB,data/results/N_scan_depth12/N24_d12_XEB/N24_d12_r48_XEB_counts.json,data/amplitudes/N_scan_depth12/N24_d12_XEB/N24_d12_r48_XEB_amplitudes.json,20,20,20,20,20,1.0,1.0142925879988556,0.3745119169936776,0.7340433573076081,2.0142925879988556,1.6748682095632434,2.401223883627481e-06,0.32159077769510225,6.3670303825522305
24,12,49,XEB,data/results/N_scan_depth12/N24_d12_XEB/N24_d12_r49_XEB_counts.json,data/amplitudes/N_scan_depth12/N24_d12_XEB/N24_d12_r49_XEB_amplitudes.json,20,20,20,20,20,1.0,0.6365555431686774,0.2830276018802731,0.5547340996853353,1.6365555431686771,1.2657379146260759,1.9509262361153093e-06,0.09541492959493858,4.607909118962688
24,12,50,XEB,data/results/N_scan_depth12/N24_d12_XEB/N24_d12_r50_XEB_counts.json,data/amplitudes/N_scan_depth12/N24_d12_XEB/N24_d12_r50_XEB_amplitudes.json,20,20,20,20,20,1.0,0.734758189313675,0.28727750757946424,0.5630639148557499,1.7347581893136752,1.284744070708786,2.067992912904829e-06,0.19414261307393652,4.506050088788723
32,12,1,XEB,data/results/N_scan_depth12/N32_d12_XEB/N32_d12_r1_XEB_counts.json,data/amplitudes/N_scan_depth12/N32_d12_XEB/N32_d12_r1_XEB_amplitudes.json,20,20,20,20,20,1.0,0.25722457523838127,0.205339163651365,0.4024647607566754,1.2572245752383813,0.9183046567348122,5.854408141404303e-09,0.07269175178143197,3.1478788179870913
32,12,2,XEB,data/results/N_scan_depth12/N32_d12_XEB/N32_d12_r2_XEB_counts.json,data/amplitudes/N_scan_depth12/N32_d12_XEB/N32_d12_r2_XEB_amplitudes.json,20,20,20,20,20,1.0,0.28403872530226704,0.22984843981045883,0.4505029420284993,1.2840387253022671,1.0279134718769096,5.979271257772423e-09,0.09764083018218762,3.266364639718054
32,12,3,XEB,data/results/N_scan_depth12/N32_d12_XEB/N32_d12_r3_XEB_counts.json,data/amplitudes/N_scan_depth12/N32_d12_XEB/N32_d12_r3_XEB_amplitudes.json,20,20,20,20,20,1.0,0.7651763254339459,0.3463327722578724,0.6788122336254299,1.7651763254339456,1.5488472432091116,8.21974280026716e-09,0.018195060244003285,4.964652900472629
32,12,4,XEB,data/results/N_scan_depth12/N32_d12_XEB/N32_d12_r4_XEB_counts.json,data/amplitudes/N_scan_depth12/N32_d12_XEB/N32_d12_r4_XEB_amplitudes.json,20,20,20,20,20,1.0,0.06834137589214402,0.2665816503389437,0.5225000346643297,1.068341375892144,1.1921893834239157,4.974852203820572e-09,0.011513489670970944,4.627412702982394
32,12,5,XEB,data/results/N_scan_depth12/N32_d12_XEB/N32_d12_r5_XEB_counts.json,data/amplitudes/N_scan_depth12/N32_d12_XEB/N32_d12_r5_XEB_amplitudes.json,20,20,20,20,20,1.0,0.6177310046422921,0.3134770426940292,0.6144150036802972,1.6177310046422921,1.4019119536989064,7.53314702139372e-09,0.051187033920737944,5.374856870427488
32,12,6,XEB,data/results/N_scan_depth12/N32_d12_XEB/N32_d12_r6_XEB_counts.json,data/amplitudes/N_scan_depth12/N32_d12_XEB/N32_d12_r6_XEB_amplitudes.json,20,20,20,20,20,1.0,1.1137108295423706,0.3171564639972231,0.6216266694345572,2.1137108295423706,1.4183668260025108,9.842733058810097e-09,0.29125012609623047,6.140090099365219
32,12,7,XEB,data/results/N_scan_depth12/N32_d12_XEB/N32_d12_r7_XEB_counts.json,data/amplitudes/N_scan_depth12/N32_d12_XEB/N32_d12_r7_XEB_amplitudes.json,20,20,20,20,20,1.0,0.22503051440710403,0.19958683012416645,0.3911901870433662,1.225030514407104,0.8925794391426779,5.704492863300741e-09,0.09210019085362271,3.33257218405045
32,12,8,XEB,data/results/N_scan_depth12/N32_d12_XEB/N32_d12_r8_XEB_counts.json,data/amplitudes/N_scan_depth12/N32_d12_XEB/N32_d12_r8_XEB_amplitudes.json,20,20,20,20,20,1.0,0.5124011735021254,0.25672165671447417,0.5031744471603694,1.5124011735021257,1.148094151419859,7.042666773787353e-09,0.1363651858887199,4.868357718791005
32,12,9,XEB,data/results/N_scan_depth12/N32_d12_XEB/N32_d12_r9_XEB_counts.json,data/amplitudes/N_scan_depth12/N32_d12_XEB/N32_d12_r9_XEB_amplitudes.json,20,20,20,20,20,1.0,0.8255226322051957,0.31963692305370595,0.6264883691852636,1.8255226322051956,1.4294597761339123,8.50075218922084e-09,0.030440243198600354,5.953219904549837
32,12,10,XEB,data/results/N_scan_depth12/N32_d12_XEB/N32_d12_r10_XEB_counts.json,data/amplitudes/N_scan_depth12/N32_d12_XEB/N32_d12_r10_XEB_amplitudes.json,20,20,20,20,20,1.0,0.3027985904297407,0.273573251835007,0.5362035735966137,1.3027985904297408,1.2234567758574895,6.0666286872222124e-09,0.06668992625975818,4.341862855845076
32,12,11,XEB,data/results/N_scan_depth12/N32_d12_XEB/N32_d12_r11_XEB_counts.json,data/amplitudes/N_scan_depth12/N32_d12_XEB/N32_d12_r11_XEB_amplitudes.json,20,20,20,20,20,1.0,0.7940100835349003,0.3522799559959762,0.6904687137521134,1.7940100835349004,1.575443857435275,8.354010449419265e-09,0.029663173772262786,6.46029044151107
32,12,12,XEB,data/results/N_scan_depth12/N32_d12_XEB/N32_d12_r12_XEB_counts.json,data/amplitudes/N_scan_depth12/N32_d12_XEB/N32_d12_r12_XEB_amplitudes.json,20,20,20,20,20,1.0,0.5998509534356355,0.48770085453803264,0.9558936748945439,1.5998509534356355,2.1810645268635556,7.4498865447735205e-09,0.16421165527082993,10.099529902720189
32,12,13,XEB,data/results/N_scan_depth12/N32_d12_XEB/N32_d12_r13_XEB_counts.json,data/amplitudes/N_scan_depth12/N32_d12_XEB/N32_d12_r13_XEB_amplitudes.json,20,20,20,20,20,1.0,0.6998599083400276,0.2967939901804941,0.5817162207537685,1.6998599083400276,1.3273030747139798,7.915589531604329e-09,0.19681568580849212,4.292896124590602
32,12,14,XEB,data/results/N_scan_depth12/N32_d12_XEB/N32_d12_r14_XEB_counts.json,data/amplitudes/N_scan_depth12/N32_d12_XEB/N32_d12_r14_XEB_amplitudes.json,20,20,20,20,20,1.0,1.2169175026616792,0.3948302010546873,0.7738671940671871,2.216917502661679,1.76573433825638,1.032332658144496e-08,0.10707224029946893,7.72192943651765
32,12,15,XEB,data/results/N_scan_depth12/N32_d12_XEB/N32_d12_r15_XEB_counts.json,data/amplitudes/N_scan_depth12/N32_d12_XEB/N32_d12_r15_XEB_amplitudes.json,20,20,20,20,20,1.0,0.6262477926113068,0.3348275212781436,0.6562619417051614,1.6262477926113068,1.4973941966313726,7.572806405887505e-09,0.023571941452465158,4.696453056777733
32,12,16,XEB,data/results/N_scan_depth12/N32_d12_XEB/N32_d12_r16_XEB_counts.json,data/amplitudes/N_scan_depth12/N32_d12_XEB/N32_d12_r16_XEB_amplitudes.json,20,20,20,20,20,1.0,0.6769380131939784,0.29345808701812093,0.575177850555517,1.6769380131939784,1.3123844622391339,7.808851139591906e-09,0.016775717951420986,4.771991626300798
32,12,17,XEB,data/results/N_scan_depth12/N32_d12_XEB/N32_d12_r17_XEB_counts.json,data/amplitudes/N_scan_depth12/N32_d12_XEB/N32_d12_r17_XEB_amplitudes.json,20,20,20,20,20,1.0,0.5695029892978597,0.1905724109481375,0.3735219254583495,1.5695029892978596,0.8522657310321212,7.308567824297862e-09,0.3039453466739514,3.6280589905878338
32,12,18,XEB,data/results/N_scan_depth12/N32_d12_XEB/N32_d12_r18_XEB_counts.json,data/amplitudes/N_scan_depth12/N32_d12_XEB/N32_d12_r18_XEB_amplitudes.json,20,20,20,20,20,1.0,0.5499085168407316,0.28104733063793275,0.5508527680503482,1.5499085168407318,1.256881872402554,7.21732395161284e-09,0.024718557405331524,4.569804900129457
32,12,19,XEB,data/results/N_scan_depth12/N32_d12_XEB/N32_d12_r19_XEB_counts.json,data/amplitudes/N_scan_depth12/N32_d12_XEB/N32_d12_r19_XEB_amplitudes.json,20,20,20,20,20,1.0,0.3534679223843828,0.29308020464933554,0.5744372011126977,1.3534679223843828,1.3106945209109284,6.30257615067243e-09,0.037915980384757464,4.298887116983941
32,12,20,XEB,data/results/N_scan_depth12/N32_d12_XEB/N32_d12_r20_XEB_counts.json,data/amplitudes/N_scan_depth12/N32_d12_XEB/N32_d12_r20_XEB_amplitudes.json,20,20,20,20,20,1.0,0.2605802900748347,0.2599813031183108,0.5095633541118891,1.2605802900748349,1.1626717333030419,5.87003440631011e-09,0.11242644811294661,4.2933092320199915
32,12,21,XEB,data/results/N_scan_depth12/N32_d12_XEB/N32_d12_r21_XEB_counts.json,data/amplitudes/N_scan_depth12/N32_d12_XEB/N32_d12_r21_XEB_amplitudes.json,20,20,20,20,20,1.0,0.30703952728176864,0.20582509312159816,0.4034171825183324,1.3070395272817685,0.9204777993902357,6.086377088361274e-09,0.1421425219515477,2.770034163606693
32,12,22,XEB,data/results/N_scan_depth12/N32_d12_XEB/N32_d12_r22_XEB_counts.json,data/amplitudes/N_scan_depth12/N32_d12_XEB/N32_d12_r22_XEB_amplitudes.json,20,20,20,20,20,1.0,0.9920742580412056,0.5582441335865146,1.0941585018295685,1.992074258041206,2.4965436614798397,9.276318634120776e-09,0.15894201629950594,11.88974716553416
32,12,23,XEB,data/results/N_scan_depth12/N32_d12_XEB/N32_d12_r23_XEB_counts.json,data/amplitudes/N_scan_depth12/N32_d12_XEB/N32_d12_r23_XEB_amplitudes.json,20,20,20,20,20,1.0,0.39088469367904777,0.22581095046306734,0.442589462907612,1.3908846936790478,1.0098572705985123,6.476811569552159e-09,0.2674686445594544,3.5601190213444274
32,12,24,XEB,data/results/N_scan_depth12/N32_d12_XEB/N32_d12_r24_XEB_counts.json,data/amplitudes/N_scan_depth12/N32_d12_XEB/N32_d12_r24_XEB_amplitudes.json,20,20,20,20,20,1.0,0.30686295004838166,0.1845640243170574,0.3617454876614325,1.3068629500483815,0.8253954091477291,6.085554836543191e-09,0.06396046326415397,2.9984888963785896
32,12,25,XEB,data/results/N_scan_depth12/N32_d12_XEB/N32_d12_r25_XEB_counts.json,data/amplitudes/N_scan_depth12/N32_d12_XEB/N32_d12_r25_XEB_amplitudes.json,20,20,20,20,20,1.0,0.996263555304116,0.32577176033937766,0.6385126502651802,1.996263555304116,1.4568956025372368,9.29582656968439e-09,0.06823483121400287,5.34376537475027
32,12,26,XEB,data/results/N_scan_depth12/N32_d12_XEB/N32_d12_r26_XEB_counts.json,data/amplitudes/N_scan_depth12/N32_d12_XEB/N32_d12_r26_XEB_amplitudes.json,20,20,20,20,20,1.0,1.1131002614095507,0.3637702320059746,0.7129896547317102,2.1131002614095507,1.6268299339124577,9.839889879382917e-09,0.07503201047543262,6.070334913372824
32,12,27,XEB,data/results/N_scan_depth12/N32_d12_XEB/N32_d12_r27_XEB_counts.json,data/amplitudes/N_scan_depth12/N32_d12_XEB/N32_d12_r27_XEB_amplitudes.json,20,20,20,20,20,1.0,0.8730921573629484,0.27661697564776594,0.5421692722696212,1.873092157362948,1.2370687225576171,8.722265052436609e-09,0.19156641303897906,4.6296682380379135
32,12,28,XEB,data/results/N_scan_depth12/N32_d12_XEB/N32_d12_r28_XEB_counts.json,data/amplitudes/N_scan_depth12/N32_d12_XEB/N32_d12_r28_XEB_amplitudes.json,20,20,20,20,20,1.0,0.44336789905319884,0.3097326883686593,0.6070760692025722,1.4433678990531988,1.3851666920921613,6.721205539317796e-09,0.16486028908121458,6.288468593667298
32,12,29,XEB,data/results/N_scan_depth12/N32_d12_XEB/N32_d12_r29_XEB_counts.json,data/amplitudes/N_scan_depth12/N32_d12_XEB/N32_d12_r29_XEB_amplitudes.json,20,20,20,20,20,1.0,0.40788170756979103,0.22573390842377977,0.44243846051060837,1.407881707569791,1.009512728124568,6.5559600832396695e-09,0.19403388160574228,3.822246349378151
32,12,30,XEB,data/results/N_scan_depth12/N32_d12_XEB/N32_d12_r30_XEB_counts.json,data/amplitudes/N_scan_depth12/N32_d12_XEB/N32_d12_r30_XEB_amplitudes.json,20,20,20,20,20,1.0,0.3016390267254775,0.20992779412318327,0.4114584764814392,1.3016390267254776,0.9388256360520374,6.061229047949787e-09,0.3860146239705939,3.2733977749903493
32,12,31,XEB,data/results/N_scan_depth12/N32_d12_XEB/N32_d12_r31_XEB_counts.json,data/amplitudes/N_scan_depth12/N32_d12_XEB/N32_d12_r31_XEB_amplitudes.json,20,20,20,20,20,1.0,0.7917210346145426,0.33840226389236805,0.6632684372290414,1.7917210346145427,1.5133809316063154,8.343351234749624e-09,0.09840430702261983,5.157218067093754
32,12,32,XEB,data/results/N_scan_depth12/N32_d12_XEB/N32_d12_r32_XEB_counts.json,data/amplitudes/N_scan_depth12/N32_d12_XEB/N32_d12_r32_XEB_amplitudes.json,20,20,20,20,20,1.0,0.5703205132725341,0.3050711908625221,0.5979395340905433,1.5703205132725342,1.3643198414908242,7.3123747169623814e-09,0.040711453358532476,4.531986592830267
32,12,33,XEB,data/results/N_scan_depth12/N32_d12_XEB/N32_d12_r33_XEB_counts.json,data/amplitudes/N_scan_depth12/N32_d12_XEB/N32_d12_r33_XEB_amplitudes.json,20,20,20,20,20,1.0,0.335500341926807,0.24887069155718952,0.48778655545209143,1.335500341926807,1.1129835678585176,6.218908084215629e-09,0.05472382147674078,4.7867234859398975
32,12,34,XEB,data/results/N_scan_depth12/N32_d12_XEB/N32_d12_r34_XEB_counts.json,data/amplitudes/N_scan_depth12/N32_d12_XEB/N32_d12_r34_XEB_amplitudes.json,20,20,20,20,20,1.0,0.8936958408262494,0.2909251502403157,0.5702132944710188,1.8936958408262492,1.3010568246033702,8.818208430084629e-09,0.3744613387444493,4.573335025768217
32,12,35,XEB,data/results/N_scan_depth12/N32_d12_XEB/N32_d12_r35_XEB_counts.json,data/amplitudes/N_scan_depth12/N32_d12_XEB/N32_d12_r35_XEB_amplitudes.json,20,20,20,20,20,1.0,0.7450352812898439,0.27386399385408466,0.536773427954006,1.7450352812898438,1.224757013694636,8.125953754828515e-09,0.4617792036135895,3.82044292969861
32,12,36,XEB,data/results/N_scan_depth12/N32_d12_XEB/N32_d12_r36_XEB_counts.json,data/amplitudes/N_scan_depth12/N32_d12_XEB/N32_d12_r36_XEB_amplitudes.json,20,20,20,20,20,1.0,0.02645505368946107,0.21347502674066673,0.4184110524117068,1.026455053689461,0.9546893425814325,4.7798038166456904e-09,0.019685905510631502,3.7980883827624496
32,12,37,XEB,data/results/N_scan_depth12/N32_d12_XEB/N32_d12_r37_XEB_counts.json,data/amplitudes/N_scan_depth12/N32_d12_XEB/N32_d12_r37_XEB_amplitudes.json,20,20,20,20,20,1.0,0.4566509692648573,0.2740672346583093,0.5371717799302862,1.4566509692648573,1.2256659342027318,6.783059655059396e-09,0.042088016410185704,4.445612370657476
32,12,38,XEB,data/results/N_scan_depth12/N32_d12_XEB/N32_d12_r38_XEB_counts.json,data/amplitudes/N_scan_depth12/N32_d12_XEB/N32_d12_r38_XEB_amplitudes.json,20,20,20,20,20,1.0,0.7928568388737244,0.3632218988870868,0.7119149218186901,1.7928568388737243,1.6243777136561623,8.348640235484225e-09,0.13330443204301196,5.47786779399104
32,12,39,XEB,data/results/N_scan_depth12/N32_d12_XEB/N32_d12_r39_XEB_counts.json,data/amplitudes/N_scan_depth12/N32_d12_XEB/N32_d12_r39_XEB_amplitudes.json,20,20,20,20,20,1.0,0.5796046371713962,0.24897587609168728,0.48799271713970704,1.5796046371713963,1.1134539673971549,7.355607287825068e-09,0.2935087300378115,4.5280989019411795
32,12,40,XEB,data/results/N_scan_depth12/N32_d12_XEB/N32_d12_r40_XEB_counts.json,data/amplitudes/N_scan_depth12/N32_d12_XEB/N32_d12_r40_XEB_amplitudes.json,20,20,20,20,20,1.0,0.7277305762687344,0.3044460075799762,0.5967141748567534,1.7277305762687345,1.3615239368544858,8.04537244266241e-09,0.029371701020355467,4.54586843647011
32,12,41,XEB,data/results/N_scan_depth12/N32_d12_XEB/N32_d12_r41_XEB_counts.json,data/amplitudes/N_scan_depth12/N32_d12_XEB/N32_d12_r41_XEB_amplitudes.json,20,20,20,20,20,1.0,0.13659301484062925,0.2595340748240098,0.5086867866550592,1.1365930148406291,1.1606716675680053,5.292673664356718e-09,0.016512633259890254,4.08388389253753
32,12,42,XEB,data/results/N_scan_depth12/N32_d12_XEB/N32_d12_r42_XEB_counts.json,data/amplitudes/N_scan_depth12/N32_d12_XEB/N32_d12_r42_XEB_amplitudes.json,20,20,20,20,20,1.0,0.3216415751329751,0.2808124927377264,0.5503924857659438,1.3216415751329749,1.2558316453854446,6.1543731723584925e-09,0.11164758603285947,4.559023355779409
32,12,43,XEB,data/results/N_scan_depth12/N32_d12_XEB/N32_d12_r43_XEB_counts.json,data/amplitudes/N_scan_depth12/N32_d12_XEB/N32_d12_r43_XEB_amplitudes.json,20,20,20,20,20,1.0,0.10487699493767877,0.23201249735317067,0.4547444948122145,1.1048769949376787,1.0375914314223593,5.14498443779386e-09,0.061276425781282,3.1444059711107974
32,12,44,XEB,data/results/N_scan_depth12/N32_d12_XEB/N32_d12_r44_XEB_counts.json,data/amplitudes/N_scan_depth12/N32_d12_XEB/N32_d12_r44_XEB_amplitudes.json,20,20,20,20,20,1.0,0.269351694416872,0.22833523819167795,0.4475370668556888,1.2693516944168723,1.021146228510396,5.910879440684208e-09,0.08113431552263775,3.0834490894961943
32,12,45,XEB,data/results/N_scan_depth12/N32_d12_XEB/N32_d12_r45_XEB_counts.json,data/amplitudes/N_scan_depth12/N32_d12_XEB/N32_d12_r45_XEB_amplitudes.json,20,20,20,20,20,1.0,0.7856984247362464,0.3213461538527283,0.6298384615513475,1.7856984247362462,1.437103688645613,8.315306272060825e-09,0.09004322011479665,4.780086134057498
32,12,46,XEB,data/results/N_scan_depth12/N32_d12_XEB/N32_d12_r46_XEB_counts.json,data/amplitudes/N_scan_depth12/N32_d12_XEB/N32_d12_r46_XEB_amplitudes.json,20,20,20,20,20,1.0,1.358835006477754,0.33231577468856655,0.6513389183895905,2.358835006477754,1.4861613243982776,1.0984181456629904e-08,0.08330443607177647,6.049289434068525
32,12,47,XEB,data/results/N_scan_depth12/N32_d12_XEB/N32_d12_r47_XEB_counts.json,data/amplitudes/N_scan_depth12/N32_d12_XEB/N32_d12_r47_XEB_amplitudes.json,20,20,20,20,20,1.0,0.5328893338646652,0.23619248921269115,0.46293727885687463,1.5328893338646652,1.0562849233089264,7.138072205077229e-09,0.1287182597900289,3.6854949091402505
32,12,48,XEB,data/results/N_scan_depth12/N32_d12_XEB/N32_d12_r48_XEB_counts.json,data/amplitudes/N_scan_depth12/N32_d12_XEB/N32_d12_r48_XEB_amplitudes.json,20,20,20,20,20,1.0,0.4456399359239975,0.22754307497055212,0.44598442694228213,1.4456399359239978,1.0176035668869712,6.731785535458465e-09,0.0196837025567749,3.154849284892422
32,12,49,XEB,data/results/N_scan_depth12/N32_d12_XEB/N32_d12_r49_XEB_counts.json,data/amplitudes/N_scan_depth12/N32_d12_XEB/N32_d12_r49_XEB_amplitudes.json,20,20,20,20,20,1.0,0.7924648174359902,0.37267338134600536,0.7304398274381705,1.7924648174359905,1.66664602818874,8.346814743410752e-09,0.02904793558325117,5.297548140270127
32,12,50,XEB,data/results/N_scan_depth12/N32_d12_XEB/N32_d12_r50_XEB_counts.json,data/amplitudes/N_scan_depth12/N32_d12_XEB/N32_d12_r50_XEB_amplitudes.json,20,20,20,20,20,1.0,0.10444036576899492,0.24159387021878584,0.47352398562882025,1.104440365768995,1.0804406335129342,5.142951224786206e-09,0.02369591170340791,4.11263256292445
40,8,1,XEB,data/results/N40_verification/N40_d8_XEB/N40_d8_r1_XEB_counts.json,data/amplitudes/N40_verification/N40_d8_XEB/N40_d8_r1_XEB_amplitudes.json,20,20,20,20,20,1.0,0.5046485164832852,0.31342582408422326,0.6143146152050776,1.5046485164832852,1.401682897112428,2.7369397075440887e-11,0.03249459094344058,4.926099533223689
40,8,2,XEB,data/results/N40_verification/N40_d8_XEB/N40_d8_r2_XEB_counts.json,data/amplitudes/N40_verification/N40_d8_XEB/N40_d8_r2_XEB_amplitudes.json,20,20,20,20,20,1.0,0.671013536866448,0.33968410402147814,0.6657808438820971,1.671013536866448,1.5191134949362695,3.0395559167417525e-11,0.03173301866665544,5.283522657819742
40,8,3,XEB,data/results/N40_verification/N40_d8_XEB/N40_d8_r3_XEB_counts.json,data/amplitudes/N40_verification/N40_d8_XEB/N40_d8_r3_XEB_amplitudes.json,20,20,20,20,20,1.0,0.29638105148397176,0.24699424138982043,0.484108713124048,1.2963810514839718,1.1045918275972613,2.35810339560698e-11,0.18781504928060339,4.447696094820329
40,8,4,XEB,data/results/N40_verification/N40_d8_XEB/N40_d8_r4_XEB_counts.json,data/amplitudes/N40_verification/N40_d8_XEB/N40_d8_r4_XEB_amplitudes.json,20,20,20,20,20,1.0,0.4319765643998731,0.23593434456599052,0.4624313153493414,1.4319765643998734,1.055130465352826,2.6047501967693704e-11,0.13666821579677665,3.487891866574974
40,8,5,XEB,data/results/N40_verification/N40_d8_XEB/N40_d8_r5_XEB_counts.json,data/amplitudes/N40_verification/N40_d8_XEB/N40_d8_r5_XEB_amplitudes.json,20,20,20,20,20,1.0,0.876432985904745,0.4714649074363035,0.9240712185751548,1.876432985904745,2.108455164066441,3.4132117178246426e-11,0.04617964586317993,9.123712392149159
40,8,6,XEB,data/results/N40_verification/N40_d8_XEB/N40_d8_r6_XEB_counts.json,data/amplitudes/N40_verification/N40_d8_XEB/N40_d8_r6_XEB_amplitudes.json,20,20,20,20,20,1.0,0.7930746004209733,0.42379209673527485,0.8306325096011387,1.7930746004209734,1.8952558732544824,3.2615836979329713e-11,0.006865360687513742,7.3298893346696445
40,8,7,XEB,data/results/N40_verification/N40_d8_XEB/N40_d8_r7_XEB_counts.json,data/amplitudes/N40_verification/N40_d8_XEB/N40_d8_r7_XEB_amplitudes.json,20,20,20,20,20,1.0,0.36722797500220145,0.3453075616157609,0.6768028207668914,1.3672279750022016,1.5442623618350773,2.4869731987604638e-11,0.08356157400132816,5.0816779148527615
40,8,8,XEB,data/results/N40_verification/N40_d8_XEB/N40_d8_r8_XEB_counts.json,data/amplitudes/N40_verification/N40_d8_XEB/N40_d8_r8_XEB_amplitudes.json,20,20,20,20,20,1.0,0.24037207334065994,0.19661376276065598,0.38536297501088573,1.2403720733406598,0.879283477689687,2.256223657860864e-11,0.11735129166114729,3.079476226996147
40,8,9,XEB,data/results/N40_verification/N40_d8_XEB/N40_d8_r9_XEB_counts.json,data/amplitudes/N40_verification/N40_d8_XEB/N40_d8_r9_XEB_amplitudes.json,20,20,20,20,20,1.0,0.5077858215737094,0.2976246768668007,0.5833443666589294,1.5077858215737094,1.3310180185111509,2.742646432259261e-11,0.0278984548834805,4.779394932665884
40,8,10,XEB,data/results/N40_verification/N40_d8_XEB/N40_d8_r10_XEB_counts.json,data/amplitudes/N40_verification/N40_d8_XEB/N40_d8_r10_XEB_amplitudes.json,20,20,20,20,20,1.0,0.6844823082662501,0.3681006760094462,0.7214773249785145,1.6844823082662501,1.6461962682414955,3.064055469196774e-11,0.0318849442705579,7.469658932920853
40,8,11,XEB,data/results/N40_verification/N40_d8_XEB/N40_d8_r11_XEB_counts.json,data/amplitudes/N40_verification/N40_d8_XEB/N40_d8_r11_XEB_amplitudes.json,20,20,20,20,20,1.0,0.6621295591524594,0.3445756179383151,0.6753682111590976,1.6621295591524592,1.5409890101981374,3.023396055418669e-11,0.20729027941219505,5.375530961065411
40,8,12,XEB,data/results/N40_verification/N40_d8_XEB/N40_d8_r12_XEB_counts.json,data/amplitudes/N40_verification/N40_d8_XEB/N40_d8_r12_XEB_amplitudes.json,20,20,20,20,20,1.0,1.0421052830588935,0.46420720455761666,0.9098461209329286,2.042105283058894,2.075997730071962,3.71456787080914e-11,0.025252095101426508,8.578502899843516
40,8,13,XEB,data/results/N40_verification/N40_d8_XEB/N40_d8_r13_XEB_counts.json,data/amplitudes/N40_verification/N40_d8_XEB/N40_d8_r13_XEB_amplitudes.json,20,20,20,20,20,1.0,0.9498245353999776,0.3041511684001904,0.5961362900643732,1.949824535399977,1.3602053759576231,3.546710168666281e-11,0.059355736640419765,4.7828384260088015
40,8,14,XEB,data/results/N40_verification/N40_d8_XEB/N40_d8_r14_XEB_counts.json,data/amplitudes/N40_verification/N40_d8_XEB/N40_d8_r14_XEB_amplitudes.json,20,20,20,20,20,1.0,0.5395395066459292,0.24371949507854318,0.4776902103539446,1.539539506645929,1.089946716875096,2.8004060489291606e-11,0.08115018409319483,4.35411723512021
40,8,15,XEB,data/results/N40_verification/N40_d8_XEB/N40_d8_r15_XEB_counts.json,data/amplitudes/N40_verification/N40_d8_XEB/N40_d8_r15_XEB_amplitudes.json,20,20,20,20,20,1.0,0.7173477088826768,0.4692037397360209,0.919639329882601,1.7173477088826772,2.098342914693724,3.123837284661344e-11,0.016523802942216566,9.399609778345283
40,8,16,XEB,data/results/N40_verification/N40_d8_XEB/N40_d8_r16_XEB_counts.json,data/amplitudes/N40_verification/N40_d8_XEB/N40_d8_r16_XEB_amplitudes.json,20,20,20,20,20,1.0,0.5763318803613714,0.285749152795352,0.5600683394788899,1.5763318803613713,1.2779090603267622,2.867330986848849e-11,0.010420761752782068,4.06011122687986
40,8,17,XEB,data/results/N40_verification/N40_d8_XEB/N40_d8_r17_XEB_counts.json,data/amplitudes/N40_verification/N40_d8_XEB/N40_d8_r17_XEB_amplitudes.json,20,20,20,20,20,1.0,0.6712891051820635,0.2775766268777191,0.5440501886803295,1.6712891051820633,1.2413604133273501,3.04005717258781e-11,0.13230435765451024,4.20490141485352
40,8,18,XEB,data/results/N40_verification/N40_d8_XEB/N40_d8_r18_XEB_counts.json,data/amplitudes/N40_verification/N40_d8_XEB/N40_d8_r18_XEB_amplitudes.json,20,20,20,20,20,1.0,0.24383595744395378,0.23902833907392357,0.4684955445848902,1.243835957443954,1.0689672294363244,2.262524426339867e-11,0.06877763356411105,4.794597730427856
40,8,19,XEB,data/results/N40_verification/N40_d8_XEB/N40_d8_r19_XEB_counts.json,data/amplitudes/N40_verification/N40_d8_XEB/N40_d8_r19_XEB_amplitudes.json,20,20,20,20,20,1.0,0.7253042772327911,0.333061053080186,0.6527996640371646,1.725304277232791,1.4894943106899232,3.138310198178789e-11,0.1284609702626557,5.026183291001737
40,8,20,XEB,data/results/N40_verification/N40_d8_XEB/N40_d8_r20_XEB_counts.json,data/amplitudes/N40_verification/N40_d8_XEB/N40_d8_r20_XEB_amplitudes.json,20,20,20,20,20,1.0,1.1126529269720007,0.43569503799783604,0.8539622744757587,2.1126529269720002,1.9484874448450304,3.8428932875322066e-11,0.052199793093639944,6.52419459419832
40,8,21,XEB,data/results/N40_verification/N40_d8_XEB/N40_d8_r21_XEB_counts.json,data/amplitudes/N40_verification/N40_d8_XEB/N40_d8_r21_XEB_amplitudes.json,20,20,20,20,20,1.0,0.08188620906846844,0.2844248101887191,0.5574726279698895,1.0818862090684687,1.2719864201389017,1.9679395501379414e-11,0.009145522586534772,4.0500331026193495
40,8,22,XEB,data/results/N40_verification/N40_d8_XEB/N40_d8_r22_XEB_counts.json,data/amplitudes/N40_verification/N40_d8_XEB/N40_d8_r22_XEB_amplitudes.json,20,20,20,20,20,1.0,-0.014572742140933116,0.16193139581913063,0.31738553580549606,0.9854272578590668,0.7241792174860027,1.792481740010893e-11,0.030569502028153197,2.7616812568460603
40,8,23,XEB,data/results/N40_verification/N40_d8_XEB/N40_d8_r23_XEB_counts.json,data/amplitudes/N40_verification/N40_d8_XEB/N40_d8_r23_XEB_amplitudes.json,20,20,20,20,20,1.0,0.32462219032536543,0.25011403715683217,0.490223512827391,1.3246221903253654,1.11854397841917,2.4094737279035423e-11,0.17514946475643217,3.840686044601627
40,8,24,XEB,data/results/N40_verification/N40_d8_XEB/N40_d8_r24_XEB_counts.json,data/amplitudes/N40_verification/N40_d8_XEB/N40_d8_r24_XEB_amplitudes.json,20,20,20,20,20,1.0,0.5798821919531034,0.3924707691561916,0.7692427075461356,1.5798821919531032,1.7551826380297444,2.8737889660134957e-11,0.11349357728819835,7.37583788789412
40,8,25,XEB,data/results/N40_verification/N40_d8_XEB/N40_d8_r25_XEB_counts.json,data/amplitudes/N40_verification/N40_d8_XEB/N40_d8_r25_XEB_amplitudes.json,20,20,20,20,20,1.0,0.44076889868954094,0.23955706597240597,0.4695318493059157,1.4407688986895408,1.071331768009403,2.6207433596747084e-11,0.07213959300125258,3.4550926133907334
40,8,26,XEB,data/results/N40_verification/N40_d8_XEB/N40_d8_r26_XEB_counts.json,data/amplitudes/N40_verification/N40_d8_XEB/N40_d8_r26_XEB_amplitudes.json,20,20,20,20,20,1.0,1.1247508462483657,0.6396585184592468,1.2537306961801238,2.124750846248366,2.86063985932336,3.8648992745008694e-11,0.07681334484146063,11.999333593630494
40,8,27,XEB,data/results/N40_verification/N40_d8_XEB/N40_d8_r27_XEB_counts.json,data/amplitudes/N40_verification/N40_d8_XEB/N40_d8_r27_XEB_amplitudes.json,20,20,20,20,20,1.0,0.36700367010445245,0.30042650896464324,0.5888359575707007,1.3670036701044528,1.3435481925757844,2.486565190528295e-11,0.2510441603142577,5.769370572321288
40,8,28,XEB,data/results/N40_verification/N40_d8_XEB/N40_d8_r28_XEB_counts.json,data/amplitudes/N40_verification/N40_d8_XEB/N40_d8_r28_XEB_amplitudes.json,20,20,20,20,20,1.0,1.0648218878017022,0.3096605394284297,0.6069346572797222,2.0648218878017017,1.3848440322224453,3.755889134120847e-11,0.37710505042104214,6.372258866913113
40,8,29,XEB,data/results/N40_verification/N40_d8_XEB/N40_d8_r29_XEB_counts.json,data/amplitudes/N40_verification/N40_d8_XEB/N40_d8_r29_XEB_amplitudes.json,20,20,20,20,20,1.0,1.0007858286437152,0.4670263303200165,0.9153716074272323,2.0007858286437155,2.088605243755656,3.6394082210676343e-11,0.2834083204722774,7.792821524179237
40,8,30,XEB,data/results/N40_verification/N40_d8_XEB/N40_d8_r30_XEB_counts.json,data/amplitudes/N40_verification/N40_d8_XEB/N40_d8_r30_XEB_amplitudes.json,20,20,20,20,20,1.0,0.3413383876374445,0.2952506948148118,0.5786913618370312,1.3413383876374445,1.3204012480199279,2.439880313681796e-11,0.02361395002140618,4.404575767817907
40,8,31,XEB,data/results/N40_verification/N40_d8_XEB/N40_d8_r31_XEB_counts.json,data/amplitudes/N40_verification/N40_d8_XEB/N40_d8_r31_XEB_amplitudes.json,20,20,20,20,20,1.0,1.4198548036449155,0.4446633950839223,0.8715402543644877,2.4198548036449155,1.988595157026992,4.40169024594964e-11,0.45177214691080225,6.620893602255884
40,8,32,XEB,data/results/N40_verification/N40_d8_XEB/N40_d8_r32_XEB_counts.json,data/amplitudes/N40_verification/N40_d8_XEB/N40_d8_r32_XEB_amplitudes.json,20,20,20,20,20,1.0,-0.2023865850480538,0.14114162402584746,0.276637583090661,0.7976134149519463,0.631204531553025,1.4508503499236145e-11,0.0027977847681664074,1.8596677663354297
40,8,33,XEB,data/results/N40_verification/N40_d8_XEB/N40_d8_r33_XEB_counts.json,data/amplitudes/N40_verification/N40_d8_XEB/N40_d8_r33_XEB_amplitudes.json,20,20,20,20,20,1.0,0.6483409514830031,0.33332480141239235,0.653316610768289,1.6483409514830032,1.4906738290894546,2.998314724178278e-11,0.06529765038212475,6.465551657670943
40,8,34,XEB,data/results/N40_verification/N40_d8_XEB/N40_d8_r34_XEB_counts.json,data/amplitudes/N40_verification/N40_d8_XEB/N40_d8_r34_XEB_amplitudes.json,20,20,20,20,20,1.0,0.17283646762235577,0.2063807177426996,0.40450620677569116,1.1728364676223557,0.9229626282357465,2.1333771066972182e-11,0.12471134488727656,3.654942039753402
40,8,35,XEB,data/results/N40_verification/N40_d8_XEB/N40_d8_r35_XEB_counts.json,data/amplitudes/N40_verification/N40_d8_XEB/N40_d8_r35_XEB_amplitudes.json,20,20,20,20,20,1.0,0.29715402173823546,0.20128552195321497,0.39451962302830135,1.2971540217382356,0.9001762199478298,2.3595094203087422e-11,0.14460259406299925,3.4609697855979698
40,8,36,XEB,data/results/N40_verification/N40_d8_XEB/N40_d8_r36_XEB_counts.json,data/amplitudes/N40_verification/N40_d8_XEB/N40_d8_r36_XEB_amplitudes.json,20,20,20,20,20,1.0,0.9592109454431883,0.4198355272432578,0.8228776333967852,1.9592109454431885,1.8775615565707786,3.563783949072219e-11,0.020607082339510314,7.446505988476951
40,8,37,XEB,data/results/N40_verification/N40_d8_XEB/N40_d8_r37_XEB_counts.json,data/amplitudes/N40_verification/N40_d8_XEB/N40_d8_r37_XEB_amplitudes.json,20,20,20,20,20,1.0,0.5749248083932605,0.3184494285260356,0.6241608799110298,1.5749248083932605,1.4241491391603525,2.864771537848829e-11,0.059690129345039436,5.643170835824102
40,8,38,XEB,data/results/N40_verification/N40_d8_XEB/N40_d8_r38_XEB_counts.json,data/amplitudes/N40_verification/N40_d8_XEB/N40_d8_r38_XEB_amplitudes.json,20,20,20,20,20,1.0,0.35444616217384045,0.2592698363521119,0.5081688792501393,1.3544461621738404,1.1594899571971369,2.4637232166675682e-11,0.014384129263423678,3.9309944873450218
40,8,39,XEB,data/results/N40_verification/N40_d8_XEB/N40_d8_r39_XEB_counts.json,data/amplitudes/N40_verification/N40_d8_XEB/N40_d8_r39_XEB_amplitudes.json,20,20,20,20,20,1.0,0.7582121767995665,0.23536361013919627,0.46131267587282465,1.7582121767995667,1.0525780634020032,3.1981693187837056e-11,0.21112339566471755,3.2325765080634796
40,8,40,XEB,data/results/N40_verification/N40_d8_XEB/N40_d8_r40_XEB_counts.json,data/amplitudes/N40_verification/N40_d8_XEB/N40_d8_r40_XEB_amplitudes.json,20,20,20,20,20,1.0,0.4740044812384962,0.2548090309843202,0.4994257007292675,1.474004481238496,1.1395406291235801,2.6811985321519315e-11,0.23376243819582587,4.7482413094966835
40,8,41,XEB,data/results/N40_verification/N40_d8_XEB/N40_d8_r41_XEB_counts.json,data/amplitudes/N40_verification/N40_d8_XEB/N40_d8_r41_XEB_amplitudes.json,20,20,20,20,20,1.0,0.7972184296544655,0.339712469427832,0.6658364400785507,1.7972184296544658,1.5192403488899031,3.2691212793987975e-11,0.15827145797887848,6.700916342052507
40,8,42,XEB,data/results/N40_verification/N40_d8_XEB/N40_d8_r42_XEB_counts.json,data/amplitudes/N40_verification/N40_d8_XEB/N40_d8_r42_XEB_amplitudes.json,20,20,20,20,20,1.0,0.7412806230300742,0.3578883852020711,0.7014612349960594,1.7412806230300746,1.6005255153389215,3.1673710018914326e-11,0.045806594409090906,6.090654235759011
40,8,43,XEB,data/results/N40_verification/N40_d8_XEB/N40_d8_r43_XEB_counts.json,data/amplitudes/N40_verification/N40_d8_XEB/N40_d8_r43_XEB_amplitudes.json,20,20,20,20,20,1.0,0.8403531121606346,0.28060923370209007,0.5499940980560966,1.8403531121606345,1.2549226433439968,3.3475828098028333e-11,0.08956645389108268,5.24171715309549
40,8,44,XEB,data/results/N40_verification/N40_d8_XEB/N40_d8_r44_XEB_counts.json,data/amplitudes/N40_verification/N40_d8_XEB/N40_d8_r44_XEB_amplitudes.json,20,20,20,20,20,1.0,0.4367692638439647,0.30417845148896383,0.5961897649183691,1.4367692638439649,1.3603273896398904,2.6134680662725528e-11,0.04465453390511268,5.538758042504799
40,8,45,XEB,data/results/N40_verification/N40_d8_XEB/N40_d8_r45_XEB_counts.json,data/amplitudes/N40_verification/N40_d8_XEB/N40_d8_r45_XEB_amplitudes.json,20,20,20,20,20,1.0,0.9810095698993238,0.5352431023738994,1.0490764806528428,1.9810095698993238,2.393679922791836,3.6034354159698045e-11,0.1850104174471007,10.263634713648878
40,8,46,XEB,data/results/N40_verification/N40_d8_XEB/N40_d8_r46_XEB_counts.json,data/amplitudes/N40_verification/N40_d8_XEB/N40_d8_r46_XEB_amplitudes.json,20,20,20,20,20,1.0,0.8754578935640346,0.2924928196106258,0.5732859264368265,1.8754578935640343,1.3080676551598858,3.411438035189411e-11,0.04025814143891652,4.403504529116687
40,8,47,XEB,data/results/N40_verification/N40_d8_XEB/N40_d8_r47_XEB_counts.json,data/amplitudes/N40_verification/N40_d8_XEB/N40_d8_r47_XEB_amplitudes.json,20,20,20,20,20,1.0,0.3270304087516157,0.2643232219271289,0.5180735149771727,1.3270304087516158,1.1820893845216465,2.4138542517023156e-11,0.19753852716038875,4.438581769290168
40,8,48,XEB,data/results/N40_verification/N40_d8_XEB/N40_d8_r48_XEB_counts.json,data/amplitudes/N40_verification/N40_d8_XEB/N40_d8_r48_XEB_amplitudes.json,20,20,20,20,20,1.0,0.679357555946164,0.2784612481895614,0.5457840464515403,1.679357555946164,1.245316560102599,3.05473359903074e-11,0.2140626162832724,4.527083513782437
40,8,49,XEB,data/results/N40_verification/N40_d8_XEB/N40_d8_r49_XEB_counts.json,data/amplitudes/N40_verification/N40_d8_XEB/N40_d8_r49_XEB_amplitudes.json,20,20,20,20,20,1.0,1.1920426723100856,0.34222298401281254,0.6707570486651125,2.192042672310085,1.5304677114309455,3.9873023930523874e-11,0.11261446226835027,7.020726638653666
40,8,50,XEB,data/results/N40_verification/N40_d8_XEB/N40_d8_r50_XEB_counts.json,data/amplitudes/N40_verification/N40_d8_XEB/N40_d8_r50_XEB_amplitudes.json,20,20,20,20,20,1.0,1.3338733888005359,0.3589231637457137,0.7034894009415988,2.3338733888005363,1.605153185669408,4.245290963445834e-11,0.36502621231815685,6.589488081010097
40,10,1,XEB,data/results/N40_verification/N40_d10_XEB/N40_d10_r1_XEB_counts.json,data/amplitudes/N40_verification/N40_d10_XEB/N40_d10_r1_XEB_amplitudes.json,20,20,20,20,20,1.0,-0.07578474682702281,0.2560440980859348,0.5018464322484322,0.9242152531729773,1.145064017115548,1.6811377521170966e-11,0.028578625740659426,5.009127442496208
40,10,2,XEB,data/results/N40_verification/N40_d10_XEB/N40_d10_r2_XEB_counts.json,data/amplitudes/N40_verification/N40_d10_XEB/N40_d10_r2_XEB_amplitudes.json,20,20,20,20,20,1.0,0.26511945168122497,0.29808133104024714,0.5842394088388844,1.2651194516812247,1.3330602380592214,2.301238876827892e-11,0.07280876594984093,5.794445638030106
40,10,3,XEB,data/results/N40_verification/N40_d10_XEB/N40_d10_r3_XEB_counts.json,data/amplitudes/N40_verification/N40_d10_XEB/N40_d10_r3_XEB_amplitudes.json,20,20,20,20,20,1.0,0.3317371449621871,0.20560222071061052,0.40298035259279663,1.331737144962187,0.9194810836676804,2.4224157549946307e-11,0.08572832186534736,3.0550311527172624
40,10,4,XEB,data/results/N40_verification/N40_d10_XEB/N40_d10_r4_XEB_counts.json,data/amplitudes/N40_verification/N40_d10_XEB/N40_d10_r4_XEB_amplitudes.json,20,20,20,20,20,1.0,0.1228257126396755,0.24735277898722086,0.48481144681495286,1.1228257126396755,1.1061952564778148,2.0424080733203947e-11,0.023856413842406714,3.893600313493178
40,10,5,XEB,data/results/N40_verification/N40_d10_XEB/N40_d10_r5_XEB_counts.json,data/amplitudes/N40_verification/N40_d10_XEB/N40_d10_r5_XEB_amplitudes.json,20,20,20,20,20,1.0,0.4225458950901778,0.22817683718259768,0.44722660087789146,1.4225458950901777,1.0204378376623802,2.5875959092266888e-11,8.399814601323234e-05,3.838260409249677
40,10,6,XEB,data/results/N40_verification/N40_d10_XEB/N40_d10_r6_XEB_counts.json,data/amplitudes/N40_verification/N40_d10_XEB/N40_d10_r6_XEB_amplitudes.json,20,20,20,20,20,1.0,0.36397914140433885,0.23685721124216563,0.46424013403464465,1.363979141404339,1.0592576505970195,2.4810636048720678e-11,0.013764906963452773,4.232514233615826
40,10,7,XEB,data/results/N40_verification/N40_d10_XEB/N40_d10_r7_XEB_counts.json,data/amplitudes/N40_verification/N40_d10_XEB/N40_d10_r7_XEB_amplitudes.json,20,20,20,20,20,1.0,0.5851165058288997,0.2644200723440653,0.518263341794368,1.5851165058288998,1.1825225127534842,2.8833101274884027e-11,0.185798723210472,4.709075165684262
40,10,8,XEB,data/results/N40_verification/N40_d10_XEB/N40_d10_r8_XEB_counts.json,data/amplitudes/N40_verification/N40_d10_XEB/N40_d10_r8_XEB_amplitudes.json,20,20,20,20,20,1.0,0.593449348443547,0.3918069122672872,0.7679415480438829,1.593449348443547,1.7522137797679007,2.8984674799058614e-11,0.06270465576993126,6.516671214075519
40,10,9,XEB,data/results/N40_verification/N40_d10_XEB/N40_d10_r9_XEB_counts.json,data/amplitudes/N40_verification/N40_d10_XEB/N40_d10_r9_XEB_amplitudes.json,20,20,20,20,20,1.0,0.6034751414755222,0.3077046783528228,0.6031011695715326,1.603475141475522,1.3760971555832395,2.9167042911931677e-11,0.017514725815031638,4.315258071501706
40,10,10,XEB,data/results/N40_verification/N40_d10_XEB/N40_d10_r10_XEB_counts.json,data/amplitudes/N40_verification/N40_d10_XEB/N40_d10_r10_XEB_amplitudes.json,20,20,20,20,20,1.0,0.45556525257731967,0.22383165417934983,0.43871004219152565,1.4555652525773197,1.0010055885225022,2.6476577706076928e-11,0.17610598242692957,4.163526958040669
40,10,11,XEB,data/results/N40_verification/N40_d10_XEB/N40_d10_r11_XEB_counts.json,data/amplitudes/N40_verification/N40_d10_XEB/N40_d10_r11_XEB_amplitudes.json,20,20,20,20,20,1.0,0.07224683958642102,0.23877052336625756,0.4679902257978648,1.072246839586421,1.0678142425403077,1.950405639193234e-11,0.06067240093452686,4.1123806345380425
40,10,12,XEB,data/results/N40_verification/N40_d10_XEB/N40_d10_r12_XEB_counts.json,data/amplitudes/N40_verification/N40_d10_XEB/N40_d10_r12_XEB_amplitudes.json,20,20,20,20,20,1.0,0.43429692007246273,0.26471023829228496,0.5188320670528785,1.4342969200724625,1.183820174323434,2.6089708991502675e-11,0.06695836195886888,3.8681383609987394
40,10,13,XEB,data/results/N40_verification/N40_d10_XEB/N40_d10_r13_XEB_counts.json,data/amplitudes/N40_verification/N40_d10_XEB/N40_d10_r13_XEB_amplitudes.json,20,20,20,20,20,1.0,0.6289718156862583,0.40489396447420434,0.7935921703694405,1.6289718156862585,1.8107408564874112,2.963082471408158e-11,0.01851427294635609,6.924718646889626
40,10,14,XEB,data/results/N40_verification/N40_d10_XEB/N40_d10_r14_XEB_counts.json,data/amplitudes/N40_verification/N40_d10_XEB/N40_d10_r14_XEB_amplitudes.json,20,20,20,20,20,1.0,0.22101591086483988,0.29138333721799875,0.5711113409472776,1.2210159108648397,1.3031058990603794,2.2210150034240356e-11,0.19985508741083075,5.917656308283792
40,10,15,XEB,data/results/N40_verification/N40_d10_XEB/N40_d10_r15_XEB_counts.json,data/amplitudes/N40_verification/N40_d10_XEB/N40_d10_r15_XEB_amplitudes.json,20,20,20,20,20,1.0,0.4227891493293027,0.21847026200411995,0.4282017135280751,1.422789149329303,0.9770287138068035,2.5880383861100252e-11,0.020917853684425287,3.3790296470399466
40,10,16,XEB,data/results/N40_verification/N40_d10_XEB/N40_d10_r16_XEB_counts.json,data/amplitudes/N40_verification/N40_d10_XEB/N40_d10_r16_XEB_amplitudes.json,20,20,20,20,20,1.0,0.2210755528241383,0.21868745769394413,0.42862741708013047,1.2210755528241382,0.9780000424605368,2.221123491516006e-11,0.09095146971969736,3.458491296917372
40,10,17,XEB,data/results/N40_verification/N40_d10_XEB/N40_d10_r17_XEB_counts.json,data/amplitudes/N40_verification/N40_d10_XEB/N40_d10_r17_XEB_amplitudes.json,20,20,20,20,20,1.0,0.8288138196412926,0.2868790647751124,0.5622829669592203,1.8288138196412926,1.2829621803174334,3.3265929589857345e-11,0.05531752502785571,4.410900722127333
40,10,18,XEB,data/results/N40_verification/N40_d10_XEB/N40_d10_r18_XEB_counts.json,data/amplitudes/N40_verification/N40_d10_XEB/N40_d10_r18_XEB_amplitudes.json,20,20,20,20,20,1.0,0.3517870760686571,0.2652057668717509,0.5198033030686318,1.351787076068657,1.1860362455003934,2.4588863672191237e-11,0.04953448740116277,4.398519213707149
40,10,19,XEB,data/results/N40_verification/N40_d10_XEB/N40_d10_r19_XEB_counts.json,data/amplitudes/N40_verification/N40_d10_XEB/N40_d10_r19_XEB_amplitudes.json,20,20,20,20,20,1.0,0.6241997911615262,0.37908337490572525,0.7430034148152215,1.624199791161526,1.695312390858479,2.954402209364209e-11,0.16953913236595258,5.698574282357855
40,10,20,XEB,data/results/N40_verification/N40_d10_XEB/N40_d10_r20_XEB_counts.json,data/amplitudes/N40_verification/N40_d10_XEB/N40_d10_r20_XEB_amplitudes.json,20,20,20,20,20,1.0,0.66722310256505,0.29323686564160684,0.5747442566575494,1.6672231025650501,1.3113951301672107,3.0326611569126727e-11,0.03527594501937293,4.430200046322634
40,10,21,XEB,data/results/N40_verification/N40_d10_XEB/N40_d10_r21_XEB_counts.json,data/amplitudes/N40_verification/N40_d10_XEB/N40_d10_r21_XEB_amplitudes.json,20,20,20,20,20,1.0,0.5153329109540146,0.35162302618080976,0.6891811313143871,1.5153329109540148,1.5725059779889576,2.7563745078696496e-11,0.07665647597788439,4.801323006731801
40,10,22,XEB,data/results/N40_verification/N40_d10_XEB/N40_d10_r22_XEB_counts.json,data/amplitudes/N40_verification/N40_d10_XEB/N40_d10_r22_XEB_amplitudes.json,20,20,20,20,20,1.0,0.5804584553377872,0.2913371797482795,0.5710208723066278,1.5804584553377872,1.302899476580456,2.874837183003887e-11,0.31105581275767813,5.632812336394586
40,10,23,XEB,data/results/N40_verification/N40_d10_XEB/N40_d10_r23_XEB_counts.json,data/amplitudes/N40_verification/N40_d10_XEB/N40_d10_r23_XEB_amplitudes.json,20,20,20,20,20,1.0,0.23018107550615036,0.20332700327088168,0.39852092641092807,1.2301810755061502,0.909306001950027,2.2376863407883325e-11,0.07829800708119806,3.576600510149361
40,10,24,XEB,data/results/N40_verification/N40_d10_XEB/N40_d10_r24_XEB_counts.json,data/amplitudes/N40_verification/N40_d10_XEB/N40_d10_r24_XEB_amplitudes.json,20,20,20,20,20,1.0,0.4150490354568682,0.30048366433043705,0.5889479820876566,1.415049035456868,1.343803799142172,2.573959200993828e-11,0.0007446847007108238,5.351690686594304
40,10,25,XEB,data/results/N40_verification/N40_d10_XEB/N40_d10_r25_XEB_counts.json,data/amplitudes/N40_verification/N40_d10_XEB/N40_d10_r25_XEB_amplitudes.json,20,20,20,20,20,1.0,0.3543898468865325,0.264636287632381,0.5186871237594668,1.3543898468865323,1.1834894569183816,2.4636207797566974e-11,0.2717617912725864,4.8233977027233195
40,10,26,XEB,data/results/N40_verification/N40_d10_XEB/N40_d10_r26_XEB_counts.json,data/amplitudes/N40_verification/N40_d10_XEB/N40_d10_r26_XEB_amplitudes.json,20,20,20,20,20,1.0,0.6765312934316587,0.3761803633461028,0.7373135121583614,1.676531293431659,1.682329728484912,3.049592657465217e-11,0.00033754381288945826,6.3914085532480645
40,10,27,XEB,data/results/N40_verification/N40_d10_XEB/N40_d10_r27_XEB_counts.json,data/amplitudes/N40_verification/N40_d10_XEB/N40_d10_r27_XEB_amplitudes.json,20,20,20,20,20,1.0,0.12116544067536499,0.26218711342035306,0.513886742303892,1.121165440675365,1.1725364168647139,2.0393880562103096e-11,0.021825098174084054,3.4218213255904972
40,10,28,XEB,data/results/N40_verification/N40_d10_XEB/N40_d10_r28_XEB_counts.json,data/amplitudes/N40_verification/N40_d10_XEB/N40_d10_r28_XEB_amplitudes.json,20,20,20,20,20,1.0,0.3106659914792312,0.21633626252668461,0.4240190745523018,1.3106659914792311,0.9674851780158145,2.3840875500886453e-11,0.06625535023109257,3.0604713194241384
40,10,29,XEB,data/results/N40_verification/N40_d10_XEB/N40_d10_r29_XEB_counts.json,data/amplitudes/N40_verification/N40_d10_XEB/N40_d10_r29_XEB_amplitudes.json,20,20,20,20,20,1.0,0.16280199532347028,0.34661683925415687,0.6793690049381474,1.1628019953234705,1.5501176294368244,2.1151245079153715e-11,0.00824208285745249,7.165153265223526
40,10,30,XEB,data/results/N40_verification/N40_d10_XEB/N40_d10_r30_XEB_counts.json,data/amplitudes/N40_verification/N40_d10_XEB/N40_d10_r30_XEB_amplitudes.json,20,20,20,20,20,1.0,0.484495966770473,0.31105133131003765,0.6096606093676737,1.484495966770473,1.3910638426021058,2.700282433162052e-11,0.02960224295959807,4.318489747859208
40,10,31,XEB,data/results/N40_verification/N40_d10_XEB/N40_d10_r31_XEB_counts.json,data/amplitudes/N40_verification/N40_d10_XEB/N40_d10_r31_XEB_amplitudes.json,20,20,20,20,20,1.0,0.16859110529124482,0.20524485710302148,0.4022799199219221,1.1685911052912448,0.9178829050291731,2.1256548376027146e-11,0.0163075262321411,3.3824353144707326
40,10,32,XEB,data/results/N40_verification/N40_d10_XEB/N40_d10_r32_XEB_counts.json,data/amplitudes/N40_verification/N40_d10_XEB/N40_d10_r32_XEB_amplitudes.json,20,20,20,20,20,1.0,0.36374434655654453,0.2548563350434261,0.4995184166851151,1.3637443465565444,1.139752179307125,2.4806365155319224e-11,0.008011480880285369,4.053984119728669
40,10,33,XEB,data/results/N40_verification/N40_d10_XEB/N40_d10_r33_XEB_counts.json,data/amplitudes/N40_verification/N40_d10_XEB/N40_d10_r33_XEB_amplitudes.json,20,20,20,20,20,1.0,0.7378464318196843,0.19223903022613067,0.3767884992432161,1.7378464318196845,0.85971907902853,3.161124244469983e-11,0.3318168131487714,3.3878687662990976
40,10,34,XEB,data/results/N40_verification/N40_d10_XEB/N40_d10_r34_XEB_counts.json,data/amplitudes/N40_verification/N40_d10_XEB/N40_d10_r34_XEB_amplitudes.json,20,20,20,20,20,1.0,0.6801904175650876,0.31858204701451404,0.6244208121484475,1.680190417565088,1.4247422270709746,3.056248565490183e-11,0.18998620900496405,6.077196698337957
40,10,35,XEB,data/results/N40_verification/N40_d10_XEB/N40_d10_r35_XEB_counts.json,data/amplitudes/N40_verification/N40_d10_XEB/N40_d10_r35_XEB_amplitudes.json,20,20,20,20,20,1.0,0.49414405161483616,0.32856497984808963,0.6439873605022557,1.4941440516148359,1.4693872599323539,2.7178321972584595e-11,0.034192076325557694,4.825415634499524
40,10,36,XEB,data/results/N40_verification/N40_d10_XEB/N40_d10_r36_XEB_counts.json,data/amplitudes/N40_verification/N40_d10_XEB/N40_d10_r36_XEB_amplitudes.json,20,20,20,20,20,1.0,0.7964404471925304,0.29044534834019897,0.56927288274679,1.7964404471925306,1.2989110852745813,3.267706137544393e-11,0.004471438314532624,4.049823698584116
40,10,37,XEB,data/results/N40_verification/N40_d10_XEB/N40_d10_r37_XEB_counts.json,data/amplitudes/N40_verification/N40_d10_XEB/N40_d10_r37_XEB_amplitudes.json,20,20,20,20,20,1.0,0.31712915044088863,0.3024672855461186,0.5928358796703925,1.3171291504408886,1.3526748229019216,2.3958439677533327e-11,0.0284292038337364,5.817231472651282
40,10,38,XEB,data/results/N40_verification/N40_d10_XEB/N40_d10_r38_XEB_counts.json,data/amplitudes/N40_verification/N40_d10_XEB/N40_d10_r38_XEB_amplitudes.json,20,20,20,20,20,1.0,0.34782162664166516,0.2997564213802853,0.5875225859053592,1.3478216266416652,1.3405514697967784,2.4516732567311286e-11,0.09300824048018869,5.358904153765007
40,10,39,XEB,data/results/N40_verification/N40_d10_XEB/N40_d10_r39_XEB_counts.json,data/amplitudes/N40_verification/N40_d10_XEB/N40_d10_r39_XEB_amplitudes.json,20,20,20,20,20,1.0,1.6770076080299674,0.4033177325442576,0.7905027557867449,2.6770076080299674,1.8036917330000786,4.8694484722181503e-11,0.33136030410902495,7.763675624866302
40,10,40,XEB,data/results/N40_verification/N40_d10_XEB/N40_d10_r40_XEB_counts.json,data/amplitudes/N40_verification/N40_d10_XEB/N40_d10_r40_XEB_amplitudes.json,20,20,20,20,20,1.0,1.3803938803427718,0.4720161340005367,0.925151622641052,2.3803938803427718,2.1109203242037,4.329911244608905e-11,0.21421325823965676,7.151219324618654
40,10,41,XEB,data/results/N40_verification/N40_d10_XEB/N40_d10_r41_XEB_counts.json,data/amplitudes/N40_verification/N40_d10_XEB/N40_d10_r41_XEB_amplitudes.json,20,20,20,20,20,1.0,0.011105033471309872,0.2766197606830528,0.5421747309387834,1.0111050334713099,1.2370811776140593,1.8391893417561912e-11,0.006871923611225569,4.406671444272794
40,10,42,XEB,data/results/N40_verification/N40_d10_XEB/N40_d10_r42_XEB_counts.json,data/amplitudes/N40_verification/N40_d10_XEB/N40_d10_r42_XEB_amplitudes.json,20,20,20,20,20,1.0,0.1452687270780392,0.22702825972611945,0.4449753890631941,1.1452687270780393,1.0153012431221617,2.083231678767405e-11,0.19667061878557368,3.8978343225563084
40,10,43,XEB,data/results/N40_verification/N40_d10_XEB/N40_d10_r43_XEB_counts.json,data/amplitudes/N40_verification/N40_d10_XEB/N40_d10_r43_XEB_amplitudes.json,20,20,20,20,20,1.0,0.8505733149332831,0.36822111016586045,0.7217133759250864,1.850573314933283,1.646734866162606,3.366173250348371e-11,0.3563941958894542,5.884882658264669
40,10,44,XEB,data/results/N40_verification/N40_d10_XEB/N40_d10_r44_XEB_counts.json,data/amplitudes/N40_verification/N40_d10_XEB/N40_d10_r44_XEB_amplitudes.json,20,20,20,20,20,1.0,0.5862492342861657,0.31088420386429166,0.6093330395740116,1.5862492342861656,1.390316425942918,2.885370548549264e-11,0.06965873589551584,5.196601911092903
40,10,45,XEB,data/results/N40_verification/N40_d10_XEB/N40_d10_r45_XEB_counts.json,data/amplitudes/N40_verification/N40_d10_XEB/N40_d10_r45_XEB_amplitudes.json,20,20,20,20,20,1.0,0.2031020074212763,0.2502746123580466,0.49053824022177134,1.2031020074212762,1.1192620925500023,2.1884298028840498e-11,0.009628921856790743,4.226994856975182
40,10,46,XEB,data/results/N40_verification/N40_d10_XEB/N40_d10_r46_XEB_counts.json,data/amplitudes/N40_verification/N40_d10_XEB/N40_d10_r46_XEB_amplitudes.json,20,20,20,20,20,1.0,-0.06965957616338067,0.21629769187120726,0.4239434760675662,0.9303404238366195,0.9673126848006462,1.6922793726491718e-11,0.0033839426907235257,3.7990094735249667
40,10,47,XEB,data/results/N40_verification/N40_d10_XEB/N40_d10_r47_XEB_counts.json,data/amplitudes/N40_verification/N40_d10_XEB/N40_d10_r47_XEB_amplitudes.json,20,20,20,20,20,1.0,0.2925701217154558,0.20513532274137702,0.40206523257309895,1.292570121715456,0.9173930524721551,2.3511713547403923e-11,0.0030510166240995777,3.106644243263192
40,10,48,XEB,data/results/N40_verification/N40_d10_XEB/N40_d10_r48_XEB_counts.json,data/amplitudes/N40_verification/N40_d10_XEB/N40_d10_r48_XEB_amplitudes.json,20,20,20,20,20,1.0,0.5959446608049064,0.19955892694571797,0.3911354968136072,1.5959446608049062,0.8924546523350798,2.9030064266497105e-11,0.7032824260129448,3.588791789865082
40,10,49,XEB,data/results/N40_verification/N40_d10_XEB/N40_d10_r49_XEB_counts.json,data/amplitudes/N40_verification/N40_d10_XEB/N40_d10_r49_XEB_amplitudes.json,20,20,20,20,20,1.0,0.7432869410791111,0.2716587835798679,0.5324512158165411,1.743286941079111,1.2148950135389767,3.171020473162773e-11,0.14682054210181938,3.918947201713146
40,10,50,XEB,data/results/N40_verification/N40_d10_XEB/N40_d10_r50_XEB_counts.json,data/amplitudes/N40_verification/N40_d10_XEB/N40_d10_r50_XEB_amplitudes.json,20,20,20,20,20,1.0,0.19821685125182084,0.21007813906448702,0.41175315256639455,1.198216851251821,0.9394979990696941,2.179543755577144e-11,0.040357095467884914,3.326776619636854
40,12,1,XEB,data/results/N40_verification/N40_d12_XEB/N40_d12_r1_XEB_counts.json,data/amplitudes/N40_verification/N40_d12_XEB/N40_d12_r1_XEB_amplitudes.json,20,20,20,20,20,1.0,0.24805110243666775,0.20153536575229067,0.3950093168744897,1.2480511024366676,0.90129355538481,2.2701917304160226e-11,0.10662790800132196,2.914652396316334
40,12,1,XEB,data/results/N_scan_depth12/N40_d12_XEB/N40_d12_r1_XEB_counts.json,data/amplitudes/N_scan_depth12/N40_d12_XEB/N40_d12_r1_XEB_amplitudes.json,20,20,20,20,20,1.0,0.5877072503139902,0.30586708521128214,0.599499487014113,1.5877072503139904,1.367879189224295,2.888022664254077e-11,0.10574139513359752,4.766874568140176
40,12,2,XEB,data/results/N40_verification/N40_d12_XEB/N40_d12_r2_XEB_counts.json,data/amplitudes/N40_verification/N40_d12_XEB/N40_d12_r2_XEB_amplitudes.json,20,20,20,20,20,1.0,0.25289512759083194,0.23222231489950063,0.4551557372030212,1.2528951275908318,1.0385297640152913,2.2790029608419568e-11,0.049154580076329474,3.5436332708633964
40,12,2,XEB,data/results/N_scan_depth12/N40_d12_XEB/N40_d12_r2_XEB_counts.json,data/amplitudes/N_scan_depth12/N40_d12_XEB/N40_d12_r2_XEB_amplitudes.json,20,20,20,20,20,1.0,0.5004967647129179,0.2623361719295883,0.514178896981993,1.500496764712918,1.1732030267832634,2.729387715067638e-11,0.14533809574183876,3.7264208164472636
40,12,3,XEB,data/results/N40_verification/N40_d12_XEB/N40_d12_r3_XEB_counts.json,data/amplitudes/N40_verification/N40_d12_XEB/N40_d12_r3_XEB_amplitudes.json,20,20,20,20,20,1.0,0.40015007371166283,0.40916456606994883,0.8019625494970997,1.400150073711663,1.829839567433219,2.5468581474554647e-11,0.036777588132211575,8.139502897542952
40,12,3,XEB,data/results/N_scan_depth12/N40_d12_XEB/N40_d12_r3_XEB_counts.json,data/amplitudes/N_scan_depth12/N40_d12_XEB/N40_d12_r3_XEB_amplitudes.json,20,20,20,20,20,1.0,0.40478191475718334,0.3202952994639161,0.6277787869492756,1.4047819147571832,1.4324041249499366,2.5552834172361746e-11,0.17717191321599474,6.0524322414942135
40,12,4,XEB,data/results/N40_verification/N40_d12_XEB/N40_d12_r4_XEB_counts.json,data/amplitudes/N40_verification/N40_d12_XEB/N40_d12_r4_XEB_amplitudes.json,20,20,20,20,20,1.0,0.4146879548822472,0.2643967845279647,0.5182176976748109,1.4146879548822473,1.1824183664737875,2.5733023992547664e-11,0.03409812964026949,4.219004846030893
40,12,4,XEB,data/results/N_scan_depth12/N40_d12_XEB/N40_d12_r4_XEB_counts.json,data/amplitudes/N_scan_depth12/N40_d12_XEB/N40_d12_r4_XEB_amplitudes.json,20,20,20,20,20,1.0,0.7197801187429922,0.361072683264402,0.7077024591982279,1.7197801187429924,1.6147661291949071,3.128261812422338e-11,0.1448747013292189,6.9263718096778515
40,12,5,XEB,data/results/N40_verification/N40_d12_XEB/N40_d12_r5_XEB_counts.json,data/amplitudes/N40_verification/N40_d12_XEB/N40_d12_r5_XEB_amplitudes.json,20,20,20,20,20,1.0,0.28963889894571787,0.2870029655582843,0.5625258124942373,1.2896388989457177,1.2835162814647092,2.3458394915828062e-11,0.06128467771127835,5.0038641347968795
40,12,5,XEB,data/results/N_scan_depth12/N40_d12_XEB/N40_d12_r5_XEB_counts.json,data/amplitudes/N_scan_depth12/N40_d12_XEB/N40_d12_r5_XEB_amplitudes.json,20,20,20,20,20,1.0,0.050614653143947974,0.20572381965632439,0.4032186865263958,1.050614653143948,0.9200248906848976,1.911056921278847e-11,0.04280075144456606,4.109716756442729
40,12,6,XEB,data/results/N40_verification/N40_d12_XEB/N40_d12_r6_XEB_counts.json,data/amplitudes/N40_verification/N40_d12_XEB/N40_d12_r6_XEB_amplitudes.json,20,20,20,20,20,1.0,0.5545452050502596,0.22472485725972619,0.4404607202290633,1.5545452050502595,1.0050001141333698,2.8277012553194427e-11,0.3712605037760571,4.440085427070924
40,12,6,XEB,data/results/N_scan_depth12/N40_d12_XEB/N40_d12_r6_XEB_counts.json,data/amplitudes/N_scan_depth12/N40_d12_XEB/N40_d12_r6_XEB_amplitudes.json,20,20,20,20,20,1.0,-0.0789578217900819,0.21212395064047057,0.4157629432553223,0.9210421782099181,0.9486471465758045,1.6753659623826352e-11,0.014789520561544037,3.710188999498373
40,12,7,XEB,data/results/N40_verification/N40_d12_XEB/N40_d12_r7_XEB_counts.json,data/amplitudes/N40_verification/N40_d12_XEB/N40_d12_r7_XEB_amplitudes.json,20,20,20,20,20,1.0,-0.036252591377068696,0.18632648729821127,0.36519991510449407,0.9637474086229313,0.8332773832151033,1.7530463239798906e-11,0.010572442773573798,3.0576890791144153
40,12,7,XEB,data/results/N_scan_depth12/N40_d12_XEB/N40_d12_r7_XEB_counts.json,data/amplitudes/N_scan_depth12/N40_d12_XEB/N40_d12_r7_XEB_amplitudes.json,20,20,20,20,20,1.0,0.46859253688163777,0.2504737270898643,0.49092850509613406,1.4685925368816375,1.1201525607013345,2.6713542627142262e-11,0.020312689115007,4.033651179664673
40,12,8,XEB,data/results/N40_verification/N40_d12_XEB/N40_d12_r8_XEB_counts.json,data/amplitudes/N40_verification/N40_d12_XEB/N40_d12_r8_XEB_amplitudes.json,20,20,20,20,20,1.0,0.408034095500052,0.23788307220727395,0.4662508215262569,1.4080340955000523,1.063845440303911,2.5611990995458696e-11,0.06227640186962819,3.8695771920114144
40,12,8,XEB,data/results/N_scan_depth12/N40_d12_XEB/N40_d12_r8_XEB_counts.json,data/amplitudes/N_scan_depth12/N40_d12_XEB/N40_d12_r8_XEB_amplitudes.json,20,20,20,20,20,1.0,1.021069191374826,0.3584410903866386,0.7025445371578116,2.0210691913748264,1.6029972880673402,3.676303442943802e-11,0.07626120833387313,6.36485959280508
40,12,9,XEB,data/results/N40_verification/N40_d12_XEB/N40_d12_r9_XEB_counts.json,data/amplitudes/N40_verification/N40_d12_XEB/N40_d12_r9_XEB_amplitudes.json,20,20,20,20,20,1.0,0.7340561911611232,0.32389339471379025,0.6348310536390289,1.7340561911611228,1.448495296086412,3.1542298368751705e-11,0.07339945015758999,4.729563601703232
40,12,9,XEB,data/results/N_scan_depth12/N40_d12_XEB/N40_d12_r9_XEB_counts.json,data/amplitudes/N_scan_depth12/N40_d12_XEB/N40_d12_r9_XEB_amplitudes.json,20,20,20,20,20,1.0,0.45529541784728755,0.20573735154530268,0.40324520902879324,1.4552954178472879,0.9200854071321364,2.6471669440930562e-11,0.02234328236164844,3.401897180380533
40,12,10,XEB,data/results/N40_verification/N40_d12_XEB/N40_d12_r10_XEB_counts.json,data/amplitudes/N40_verification/N40_d12_XEB/N40_d12_r10_XEB_amplitudes.json,20,20,20,20,20,1.0,0.3074160928975817,0.2253538653743653,0.441693576133756,1.3074160928975815,1.007813123938834,2.378176019006026e-11,0.2176520483481333,3.6523312619916353
40,12,10,XEB,data/results/N_scan_depth12/N40_d12_XEB/N40_d12_r10_XEB_counts.json,data/amplitudes/N_scan_depth12/N40_d12_XEB/N40_d12_r10_XEB_amplitudes.json,20,20,20,20,20,1.0,0.5980742731824603,0.299747749845684,0.5875055896975406,1.5980742731824602,1.3405126895151027,2.9068801689981414e-11,0.10509896482044617,4.626699623547724
40,12,11,XEB,data/results/N40_verification/N40_d12_XEB/N40_d12_r11_XEB_counts.json,data/amplitudes/N40_verification/N40_d12_XEB/N40_d12_r11_XEB_amplitudes.json,20,20,20,20,20,1.0,0.5225619438540396,0.29387150880675234,0.5759881572612345,1.5225619438540399,1.314233340684653,2.7695240421126798e-11,0.058794417584055944,4.051620513196857
40,12,11,XEB,data/results/N_scan_depth12/N40_d12_XEB/N40_d12_r11_XEB_counts.json,data/amplitudes/N_scan_depth12/N40_d12_XEB/N40_d12_r11_XEB_amplitudes.json,20,20,20,20,20,1.0,0.14285167540233912,0.26649883292324983,0.5223377125295696,1.1428516754023392,1.1918190126814914,2.0788350873814836e-11,0.016003671438301986,4.233595573892055
40,12,12,XEB,data/results/N40_verification/N40_d12_XEB/N40_d12_r12_XEB_counts.json,data/amplitudes/N40_verification/N40_d12_XEB/N40_d12_r12_XEB_amplitudes.json,20,20,20,20,20,1.0,-0.09829521054014626,0.1950075979603061,0.38221489200219994,0.9017047894598538,0.8721004903363874,1.6401914571540214e-11,0.037220011779041454,3.307665863204224
40,12,12,XEB,data/results/N_scan_depth12/N40_d12_XEB/N40_d12_r12_XEB_counts.json,data/amplitudes/N_scan_depth12/N40_d12_XEB/N40_d12_r12_XEB_amplitudes.json,20,20,20,20,20,1.0,0.5582587100885343,0.338283355090135,0.6630353759766646,1.5582587100885341,1.5128491552764827,2.8344560816340784e-11,0.14687531033630602,5.916507482820478
40,12,13,XEB,data/results/N40_verification/N40_d12_XEB/N40_d12_r13_XEB_counts.json,data/amplitudes/N40_verification/N40_d12_XEB/N40_d12_r13_XEB_amplitudes.json,20,20,20,20,20,1.0,0.7877892269844915,0.3125464829991731,0.6125911066783792,1.7877892269844913,1.3977503642292668,3.251969659658228e-11,0.04936297460250993,5.056312693519841
40,12,13,XEB,data/results/N_scan_depth12/N40_d12_XEB/N40_d12_r13_XEB_counts.json,data/amplitudes/N_scan_depth12/N40_d12_XEB/N40_d12_r13_XEB_amplitudes.json,20,20,20,20,20,1.0,0.5141860045838734,0.22466147382595683,0.4403364886988754,1.5141860045838733,1.0047166548002584,2.7542882973355032e-11,0.3446197672484095,4.205576736639869
40,12,14,XEB,data/results/N40_verification/N40_d12_XEB/N40_d12_r14_XEB_counts.json,data/amplitudes/N40_verification/N40_d12_XEB/N40_d12_r14_XEB_amplitudes.json,20,20,20,20,20,1.0,0.7429405372643665,0.3652745821230322,0.7159381809611431,1.7429405372643665,1.6335575921598589,3.1703903682944045e-11,0.05575286156162543,5.462287057749123
40,12,14,XEB,data/results/N_scan_depth12/N40_d12_XEB/N40_d12_r14_XEB_counts.json,data/amplitudes/N_scan_depth12/N40_d12_XEB/N40_d12_r14_XEB_amplitudes.json,20,20,20,20,20,1.0,0.7521590052192972,0.38006219262505425,0.7449218975451063,1.7521590052192977,1.6996897967744813,3.1871586638213515e-11,0.11869236309151802,6.2927762113844
40,12,15,XEB,data/results/N40_verification/N40_d12_XEB/N40_d12_r15_XEB_counts.json,data/amplitudes/N40_verification/N40_d12_XEB/N40_d12_r15_XEB_amplitudes.json,20,20,20,20,20,1.0,0.43425313963151835,0.2853495788691717,0.5592851745835766,1.4342531396315183,1.2761221114048111,2.6088912629921077e-11,0.026609642239167026,4.682136920215264
40,12,15,XEB,data/results/N_scan_depth12/N40_d12_XEB/N40_d12_r15_XEB_counts.json,data/amplitudes/N_scan_depth12/N40_d12_XEB/N40_d12_r15_XEB_amplitudes.json,20,20,20,20,20,1.0,0.14706713318427825,0.19561982299299016,0.3834148530662607,1.147067133184278,0.8748384439176047,2.0865029604179254e-11,0.20629069457321647,3.065311988223494
40,12,16,XEB,data/results/N40_verification/N40_d12_XEB/N40_d12_r16_XEB_counts.json,data/amplitudes/N40_verification/N40_d12_XEB/N40_d12_r16_XEB_amplitudes.json,20,20,20,20,20,1.0,0.8793922553412539,0.41923360845020413,0.8216978725624001,1.8793922553412539,1.8748696938943734,3.4185945975718895e-11,0.06847012803823768,7.9945734816855785
40,12,16,XEB,data/results/N_scan_depth12/N40_d12_XEB/N40_d12_r16_XEB_counts.json,data/amplitudes/N_scan_depth12/N40_d12_XEB/N40_d12_r16_XEB_amplitudes.json,20,20,20,20,20,1.0,0.0150402155522819,0.18232736748397083,0.3573616402685828,1.015040215552282,0.8153927757054872,1.846347396262503e-11,0.11045007822166944,3.1233874792045357
40,12,17,XEB,data/results/N40_verification/N40_d12_XEB/N40_d12_r17_XEB_counts.json,data/amplitudes/N40_verification/N40_d12_XEB/N40_d12_r17_XEB_amplitudes.json,20,20,20,20,20,1.0,0.6587565000525016,0.4006518724981711,0.7852776700964152,1.6587565000525017,1.791769644436978,3.017260496658313e-11,0.0020534749878949516,8.164936463204704
40,12,17,XEB,data/results/N_scan_depth12/N40_d12_XEB/N40_d12_r17_XEB_counts.json,data/amplitudes/N_scan_depth12/N40_d12_XEB/N40_d12_r17_XEB_amplitudes.json,20,20,20,20,20,1.0,0.20647471836040948,0.23237812389206272,0.4554611228284429,1.2064747183604094,1.0392265630130404,2.1945647283435563e-11,0.013572042563068475,3.918732438501609
40,12,18,XEB,data/results/N40_verification/N40_d12_XEB/N40_d12_r18_XEB_counts.json,data/amplitudes/N40_verification/N40_d12_XEB/N40_d12_r18_XEB_amplitudes.json,20,20,20,20,20,1.0,0.11500408259150985,0.21515995888290348,0.42171351941049084,1.1150040825915097,0.962224588196464,2.028180611144325e-11,0.05240314710302155,3.39676260149373
40,12,18,XEB,data/results/N_scan_depth12/N40_d12_XEB/N40_d12_r18_XEB_counts.json,data/amplitudes/N_scan_depth12/N40_d12_XEB/N40_d12_r18_XEB_amplitudes.json,20,20,20,20,20,1.0,0.6332510223673573,0.43260048744095997,0.8478969553842816,1.6332510223673573,1.9346481940350608,2.9708663030166596e-11,0.15100890348926443,6.866326667879349
40,12,19,XEB,data/results/N40_verification/N40_d12_XEB/N40_d12_r19_XEB_counts.json,data/amplitudes/N40_verification/N40_d12_XEB/N40_d12_r19_XEB_amplitudes.json,20,20,20,20,20,1.0,0.6368370909509821,0.32781716336885636,0.6425216402029584,1.6368370909509822,1.4660429229678336,2.977389323770662e-11,0.03048086655498958,5.693686258646154
40,12,19,XEB,data/results/N_scan_depth12/N40_d12_XEB/N40_d12_r19_XEB_counts.json,data/amplitudes/N_scan_depth12/N40_d12_XEB/N40_d12_r19_XEB_amplitudes.json,20,20,20,20,20,1.0,0.07641402984991645,0.23326336810447854,0.4571962014847779,1.0764140298499165,1.0431854954843407,1.9579857141250916e-11,0.0032051481782583557,3.0382268224888467
40,12,20,XEB,data/results/N40_verification/N40_d12_XEB/N40_d12_r20_XEB_counts.json,data/amplitudes/N40_verification/N40_d12_XEB/N40_d12_r20_XEB_amplitudes.json,20,20,20,20,20,1.0,0.7851104084599204,0.35465542079034507,0.6951246247490763,1.7851104084599203,1.5860672589520075,3.247096917148011e-11,0.05513081363577378,4.809082409590447
40,12,20,XEB,data/results/N_scan_depth12/N40_d12_XEB/N40_d12_r20_XEB_counts.json,data/amplitudes/N_scan_depth12/N40_d12_XEB/N40_d12_r20_XEB_amplitudes.json,20,20,20,20,20,1.0,0.14769834327072479,0.250059972994029,0.4901175470682968,1.1476983432707248,1.118302196132821,2.0876511248765834e-11,0.021078432566108078,3.7178056672528172
40,12,21,XEB,data/results/N40_verification/N40_d12_XEB/N40_d12_r21_XEB_counts.json,data/amplitudes/N40_verification/N40_d12_XEB/N40_d12_r21_XEB_amplitudes.json,20,20,20,20,20,1.0,0.7113805183049328,0.41317843678027294,0.809829736089335,1.7113805183049329,1.8477901429555794,3.112983028231489e-11,0.011278191583470617,7.87625302322017
40,12,21,XEB,data/results/N_scan_depth12/N40_d12_XEB/N40_d12_r21_XEB_counts.json,data/amplitudes/N_scan_depth12/N40_d12_XEB/N40_d12_r21_XEB_amplitudes.json,20,20,20,20,20,1.0,0.71110830891533,0.3053191363286819,0.5984255072042165,1.71110830891533,1.3654286873249166,3.1124878822362553e-11,0.03581091039372059,5.499525813399979
40,12,22,XEB,data/results/N40_verification/N40_d12_XEB/N40_d12_r22_XEB_counts.json,data/amplitudes/N40_verification/N40_d12_XEB/N40_d12_r22_XEB_amplitudes.json,20,20,20,20,20,1.0,0.24679398763102536,0.2591371349822833,0.5079087845652752,1.2467939876310252,1.1588964986298484,2.2679050519055185e-11,0.06475410730093326,3.9137777886664193
40,12,22,XEB,data/results/N_scan_depth12/N40_d12_XEB/N40_d12_r22_XEB_counts.json,data/amplitudes/N_scan_depth12/N40_d12_XEB/N40_d12_r22_XEB_amplitudes.json,20,20,20,20,20,1.0,0.3557721932142379,0.2623335710152316,0.5141737991898538,1.355772193214238,1.1731913951406527,2.4661352530788245e-11,0.17439302009852617,5.224093783242568
40,12,23,XEB,data/results/N40_verification/N40_d12_XEB/N40_d12_r23_XEB_counts.json,data/amplitudes/N40_verification/N40_d12_XEB/N40_d12_r23_XEB_amplitudes.json,20,20,20,20,20,1.0,0.26111479764667134,0.20396657483447447,0.39977448667557,1.261114797646671,0.9121662529353657,2.2939544535741717e-11,0.16022815314986402,3.584502198690593
40,12,23,XEB,data/results/N_scan_depth12/N40_d12_XEB/N40_d12_r23_XEB_counts.json,data/amplitudes/N_scan_depth12/N40_d12_XEB/N40_d12_r23_XEB_amplitudes.json,20,20,20,20,20,1.0,0.32242009113667053,0.30875697533046675,0.6051636716477148,1.3224200911366704,1.3808031707322987,2.4054681328137493e-11,0.014673831615662413,6.139346777786247
40,12,24,XEB,data/results/N40_verification/N40_d12_XEB/N40_d12_r24_XEB_counts.json,data/amplitudes/N40_verification/N40_d12_XEB/N40_d12_r24_XEB_amplitudes.json,20,20,20,20,20,1.0,0.4528280006720471,0.27455142733853133,0.5381207975835214,1.452828000672047,1.2278313096971003,2.6426787383971663e-11,0.031091250010194787,4.699794733489929
40,12,24,XEB,data/results/N_scan_depth12/N40_d12_XEB/N40_d12_r24_XEB_counts.json,data/amplitudes/N_scan_depth12/N40_d12_XEB/N40_d12_r24_XEB_amplitudes.json,20,20,20,20,20,1.0,0.14567035036413067,0.25939246247017017,0.5084092264415335,1.1456703503641308,1.160038357868727,2.0839622272690226e-11,0.028257408588341092,5.616879206230993
40,12,25,XEB,data/results/N40_verification/N40_d12_XEB/N40_d12_r25_XEB_counts.json,data/amplitudes/N40_verification/N40_d12_XEB/N40_d12_r25_XEB_amplitudes.json,20,20,20,20,20,1.0,0.2948857533127352,0.19286120849910585,0.37800796865824743,1.2948857533127351,0.8625015448535217,2.3553834640783593e-11,0.19500026702099132,3.379474510004483
40,12,25,XEB,data/results/N_scan_depth12/N40_d12_XEB/N40_d12_r25_XEB_counts.json,data/amplitudes/N_scan_depth12/N40_d12_XEB/N40_d12_r25_XEB_amplitudes.json,20,20,20,20,20,1.0,1.1831695387811432,0.4309907050974816,0.844741781991064,2.1831695387811427,1.9274490285370685,3.971162257186994e-11,0.23363756704000543,7.072629040646627
40,12,26,XEB,data/results/N40_verification/N40_d12_XEB/N40_d12_r26_XEB_counts.json,data/amplitudes/N40_verification/N40_d12_XEB/N40_d12_r26_XEB_amplitudes.json,20,20,20,20,20,1.0,0.80176176565224,0.3102565556973362,0.6081028491667789,1.8017617656522404,1.3875094980083869,3.277385559435498e-11,0.09636273918181687,5.819425375495795
40,12,26,XEB,data/results/N_scan_depth12/N40_d12_XEB/N40_d12_r26_XEB_counts.json,data/amplitudes/N_scan_depth12/N40_d12_XEB/N40_d12_r26_XEB_amplitudes.json,20,20,20,20,20,1.0,0.49778524117287387,0.25182563576050837,0.4935782460905964,1.497785241172874,1.1261984800751972,2.724455482480833e-11,0.18010673326508786,4.259914243432129
40,12,27,XEB,data/results/N40_verification/N40_d12_XEB/N40_d12_r27_XEB_counts.json,data/amplitudes/N40_verification/N40_d12_XEB/N40_d12_r27_XEB_amplitudes.json,20,20,20,20,20,1.0,0.5570383332017892,0.4538316336216656,0.8895100018984646,1.5570383332017896,2.0295967662356467,2.8322362290087577e-11,0.041950486009229807,9.693567474144857
40,12,27,XEB,data/results/N_scan_depth12/N40_d12_XEB/N40_d12_r27_XEB_counts.json,data/amplitudes/N_scan_depth12/N40_d12_XEB/N40_d12_r27_XEB_amplitudes.json,20,20,20,20,20,1.0,0.334826837915558,0.20393036051125654,0.39970350660206283,1.3348268379155577,0.9120042975584168,2.428035873737022e-11,0.10104345419170369,3.1028408488546386
40,12,28,XEB,data/results/N40_verification/N40_d12_XEB/N40_d12_r28_XEB_counts.json,data/amplitudes/N40_verification/N40_d12_XEB/N40_d12_r28_XEB_amplitudes.json,20,20,20,20,20,1.0,0.3758175323989584,0.2629775394142731,0.5154359772519752,1.3758175323989583,1.1760713093718898,2.5025975126463133e-11,0.05610198081617765,4.121812377451896
40,12,28,XEB,data/results/N_scan_depth12/N40_d12_XEB/N40_d12_r28_XEB_counts.json,data/amplitudes/N_scan_depth12/N40_d12_XEB/N40_d12_r28_XEB_amplitudes.json,20,20,20,20,20,1.0,0.23963478206861583,0.18512563308828459,0.3628462408530378,1.2396347820686158,0.8279069999261772,2.2548825328496892e-11,0.062386733913977796,2.7009142897494867
40,12,29,XEB,data/results/N40_verification/N40_d12_XEB/N40_d12_r29_XEB_counts.json,data/amplitudes/N40_verification/N40_d12_XEB/N40_d12_r29_XEB_amplitudes.json,20,20,20,20,20,1.0,0.7755516210976696,0.3250507763297787,0.6370995216063662,1.775551621097669,1.4536712640249294,3.2297095842253276e-11,0.0007524356359361991,5.3451147146140165
40,12,29,XEB,data/results/N_scan_depth12/N40_d12_XEB/N40_d12_r29_XEB_counts.json,data/amplitudes/N_scan_depth12/N40_d12_XEB/N40_d12_r29_XEB_amplitudes.json,20,20,20,20,20,1.0,0.5089393428028741,0.2605020560468623,0.51058402985185,1.5089393428028743,1.1650006111984885,2.744744675151877e-11,0.22441878114123026,5.610613217290943
40,12,30,XEB,data/results/N40_verification/N40_d12_XEB/N40_d12_r30_XEB_counts.json,data/amplitudes/N40_verification/N40_d12_XEB/N40_d12_r30_XEB_amplitudes.json,20,20,20,20,20,1.0,0.046535233402187716,0.26281706695345364,0.5151214512287691,1.0465352334021878,1.1753536547100718,1.9036364999959693e-11,0.04522166032549628,3.8448657736111462
40,12,30,XEB,data/results/N_scan_depth12/N40_d12_XEB/N40_d12_r30_XEB_counts.json,data/amplitudes/N_scan_depth12/N40_d12_XEB/N40_d12_r30_XEB_amplitudes.json,20,20,20,20,20,1.0,0.5035283966182087,0.31035553465267246,0.608296847919238,1.5035283966182085,1.3879521453533343,2.734902221378813e-11,0.06162591729973108,5.626038689800853
40,12,31,XEB,data/results/N40_verification/N40_d12_XEB/N40_d12_r31_XEB_counts.json,data/amplitudes/N40_verification/N40_d12_XEB/N40_d12_r31_XEB_amplitudes.json,20,20,20,20,20,1.0,0.022415156636522958,0.1932350154318192,0.3787406302463656,1.022415156636523,0.8641732602775373,1.8597623359465123e-11,0.001567180247092242,3.5552628208746193
40,12,31,XEB,data/results/N_scan_depth12/N40_d12_XEB/N40_d12_r31_XEB_counts.json,data/amplitudes/N_scan_depth12/N40_d12_XEB/N40_d12_r31_XEB_amplitudes.json,20,20,20,20,20,1.0,0.5004923978844167,0.2606539563966038,0.5108817545373435,1.5004923978844165,1.165679930214144,2.7293797718528667e-11,0.10561340712450405,4.404059766582517
40,12,32,XEB,data/results/N40_verification/N40_d12_XEB/N40_d12_r32_XEB_counts.json,data/amplitudes/N40_verification/N40_d12_XEB/N40_d12_r32_XEB_amplitudes.json,20,20,20,20,20,1.0,0.4229350379738892,0.3324758660491418,0.6516526974563179,1.4229350379738892,1.486877274727991,2.5883037560086255e-11,0.03454615697757657,6.408677284632456
40,12,32,XEB,data/results/N_scan_depth12/N40_d12_XEB/N40_d12_r32_XEB_counts.json,data/amplitudes/N_scan_depth12/N40_d12_XEB/N40_d12_r32_XEB_amplitudes.json,20,20,20,20,20,1.0,0.5197812710245642,0.2013886470692707,0.39472174825577055,1.519781271024564,0.9006374094872062,2.764466027701135e-11,0.07563357113871184,3.0880884629442225
40,12,33,XEB,data/results/N40_verification/N40_d12_XEB/N40_d12_r33_XEB_counts.json,data/amplitudes/N40_verification/N40_d12_XEB/N40_d12_r33_XEB_amplitudes.json,20,20,20,20,20,1.0,0.6285467795575924,0.3995080318406684,0.7830357424077101,1.6285467795575923,1.78665423350577,2.96230933519399e-11,0.24467618350730005,6.499990316844082
40,12,33,XEB,data/results/N_scan_depth12/N40_d12_XEB/N40_d12_r33_XEB_counts.json,data/amplitudes/N_scan_depth12/N40_d12_XEB/N40_d12_r33_XEB_amplitudes.json,20,20,20,20,20,1.0,0.902479049633244,0.33228547930493535,0.6512795394376732,1.9024790496332435,1.4860258393238701,3.4605892317508616e-11,0.21329055786720993,4.7553651453282635
40,12,34,XEB,data/results/N40_verification/N40_d12_XEB/N40_d12_r34_XEB_counts.json,data/amplitudes/N40_verification/N40_d12_XEB/N40_d12_r34_XEB_amplitudes.json,20,20,20,20,20,1.0,0.48703566636862367,0.2709572174137849,0.5310761461310184,1.487035666368624,1.2117575142628256,2.7049021198192785e-11,0.009767323220610804,4.122708814106641
40,12,34,XEB,data/results/N_scan_depth12/N40_d12_XEB/N40_d12_r34_XEB_counts.json,data/amplitudes/N_scan_depth12/N40_d12_XEB/N40_d12_r34_XEB_amplitudes.json,20,20,20,20,20,1.0,0.9588324128718361,0.3200548675483986,0.6273075403948613,1.9588324128718362,1.4313288807358215,3.563095402336032e-11,0.029261968939414677,4.72646805075875
40,12,35,XEB,data/results/N40_verification/N40_d12_XEB/N40_d12_r35_XEB_counts.json,data/amplitudes/N40_verification/N40_d12_XEB/N40_d12_r35_XEB_amplitudes.json,20,20,20,20,20,1.0,0.9028740946716123,0.3751994162051525,0.735390855762099,1.902874094671612,1.6779427995059144,3.461307814489577e-11,0.15005137788672937,6.213408667852542
40,12,35,XEB,data/results/N_scan_depth12/N40_d12_XEB/N40_d12_r35_XEB_counts.json,data/amplitudes/N_scan_depth12/N40_d12_XEB/N40_d12_r35_XEB_amplitudes.json,20,20,20,20,20,1.0,0.5316614968598716,0.26522651211636566,0.5198439637480767,1.5316614968598716,1.1861290210547306,2.7860760326072918e-11,0.08239826145493986,3.6916937251456643
40,12,36,XEB,data/results/N40_verification/N40_d12_XEB/N40_d12_r36_XEB_counts.json,data/amplitudes/N40_verification/N40_d12_XEB/N40_d12_r36_XEB_amplitudes.json,20,20,20,20,20,1.0,0.5393822251029399,0.3049206057601378,0.5976443872898701,1.5393822251029399,1.363646404440164,2.80011995546909e-11,0.044390366474582374,4.250254014110584
40,12,36,XEB,data/results/N_scan_depth12/N40_d12_XEB/N40_d12_r36_XEB_counts.json,data/amplitudes/N_scan_depth12/N40_d12_XEB/N40_d12_r36_XEB_amplitudes.json,20,20,20,20,20,1.0,0.11795587002249923,0.20925396078039174,0.4101377631295678,1.1179558700224992,0.9358121617320617,2.0335498812028147e-11,0.038772600645073284,3.627173958294431
40,12,37,XEB,data/results/N40_verification/N40_d12_XEB/N40_d12_r37_XEB_counts.json,data/amplitudes/N40_verification/N40_d12_XEB/N40_d12_r37_XEB_amplitudes.json,20,20,20,20,20,1.0,0.5784930266697679,0.3393286654983428,0.6650841843767519,1.5784930266697679,1.517523925537164,2.8712620890833347e-11,0.0004923971902124609,5.024998587024265
40,12,37,XEB,data/results/N_scan_depth12/N40_d12_XEB/N40_d12_r37_XEB_counts.json,data/amplitudes/N_scan_depth12/N40_d12_XEB/N40_d12_r37_XEB_amplitudes.json,20,20,20,20,20,1.0,-0.012089808515824635,0.17047845556686522,0.33413777291105584,0.9879101914841755,0.7624028306933761,1.7969981699646732e-11,0.006233846522878231,2.7537204042418355
40,12,38,XEB,data/results/N40_verification/N40_d12_XEB/N40_d12_r38_XEB_counts.json,data/amplitudes/N40_verification/N40_d12_XEB/N40_d12_r38_XEB_amplitudes.json,20,20,20,20,20,1.0,0.6802780588998738,0.2929108454422106,0.5741052570667328,1.6802780588998736,1.3099371235114348,3.0564079841494706e-11,0.06181608976243161,4.963416509272651
40,12,38,XEB,data/results/N_scan_depth12/N40_d12_XEB/N40_d12_r38_XEB_counts.json,data/amplitudes/N_scan_depth12/N40_d12_XEB/N40_d12_r38_XEB_amplitudes.json,20,20,20,20,20,1.0,0.3143030011454481,0.26333943446231906,0.5161452915461453,1.3143030011454482,1.1776897532281925,2.3907032321320878e-11,0.0018455940157341422,4.113531693295577
40,12,39,XEB,data/results/N40_verification/N40_d12_XEB/N40_d12_r39_XEB_counts.json,data/amplitudes/N40_verification/N40_d12_XEB/N40_d12_r39_XEB_amplitudes.json,20,20,20,20,20,1.0,1.0477108564399853,0.28398539868578565,0.5566113814241399,2.047710856439985,1.2700213121575923,3.724764349390143e-11,0.42955920298002404,5.4595969716456185
40,12,39,XEB,data/results/N_scan_depth12/N40_d12_XEB/N40_d12_r39_XEB_counts.json,data/amplitudes/N_scan_depth12/N40_d12_XEB/N40_d12_r39_XEB_amplitudes.json,20,20,20,20,20,1.0,0.7401723908089866,0.46898823963997294,0.919216949694347,1.7401723908089863,2.097379168965882,3.165355139224605e-11,0.030882826817587992,8.670329070152308
40,12,40,XEB,data/results/N40_verification/N40_d12_XEB/N40_d12_r40_XEB_counts.json,data/amplitudes/N40_verification/N40_d12_XEB/N40_d12_r40_XEB_amplitudes.json,20,20,20,20,20,1.0,0.0163400083275126,0.199064989876186,0.39016738015732455,1.0163400083275127,0.8902456986069187,1.848711705547453e-11,0.04074785406261065,3.4104983609350383
40,12,40,XEB,data/results/N_scan_depth12/N40_d12_XEB/N40_d12_r40_XEB_counts.json,data/amplitudes/N_scan_depth12/N40_d12_XEB/N40_d12_r40_XEB_amplitudes.json,20,20,20,20,20,1.0,0.5827813973671947,0.2684387622325105,0.5261399739757205,1.5827813973671947,1.2004946402955934,2.8790625899404308e-11,0.23473699059490383,4.353507833239666
40,12,41,XEB,data/results/N40_verification/N40_d12_XEB/N40_d12_r41_XEB_counts.json,data/amplitudes/N40_verification/N40_d12_XEB/N40_d12_r41_XEB_amplitudes.json,20,20,20,20,20,1.0,0.3282311652725839,0.2841670677382088,0.5569674527668893,1.3282311652725838,1.2708337608588447,2.416038415090195e-11,0.09612046617150838,5.0108968848938185
40,12,41,XEB,data/results/N_scan_depth12/N40_d12_XEB/N40_d12_r41_XEB_counts.json,data/amplitudes/N_scan_depth12/N40_d12_XEB/N40_d12_r41_XEB_amplitudes.json,20,20,20,20,20,1.0,-0.049137272934683604,0.16785713715957204,0.3289999888327612,0.9508627270653165,0.7506799383946181,1.7296092247585265e-11,0.031510483781246434,2.751388549121092
40,12,42,XEB,data/results/N40_verification/N40_d12_XEB/N40_d12_r42_XEB_counts.json,data/amplitudes/N40_verification/N40_d12_XEB/N40_d12_r42_XEB_amplitudes.json,20,20,20,20,20,1.0,0.03820740577698301,0.1655630952084249,0.3245036666085128,1.038207405776983,0.7404206709026157,1.8884882697911655e-11,0.05197049911944393,2.231056668559201
40,12,42,XEB,data/results/N_scan_depth12/N40_d12_XEB/N40_d12_r42_XEB_counts.json,data/amplitudes/N_scan_depth12/N40_d12_XEB/N40_d12_r42_XEB_amplitudes.json,20,20,20,20,20,1.0,0.23389774566289184,0.17324608701115216,0.3395623305418582,1.233897745662892,0.7747800547855592,2.2444469244199207e-11,0.057861146365754304,2.619018842326142
40,12,43,XEB,data/results/N40_verification/N40_d12_XEB/N40_d12_r43_XEB_counts.json,data/amplitudes/N40_verification/N40_d12_XEB/N40_d12_r43_XEB_amplitudes.json,20,20,20,20,20,1.0,0.6564859013040134,0.28768366376081733,0.5638599809712019,1.6564859013040134,1.2865604563707607,3.013130301595108e-11,0.021587074990870002,3.6090112105401215
40,12,43,XEB,data/results/N_scan_depth12/N40_d12_XEB/N40_d12_r43_XEB_counts.json,data/amplitudes/N_scan_depth12/N40_d12_XEB/N40_d12_r43_XEB_amplitudes.json,20,20,20,20,20,1.0,0.4182614960543586,0.20881004291426886,0.40926768411196696,1.4182614960543587,0.9338269006819069,2.579802632779972e-11,0.15680400576208464,3.806103073474923
40,12,44,XEB,data/results/N40_verification/N40_d12_XEB/N40_d12_r44_XEB_counts.json,data/amplitudes/N40_verification/N40_d12_XEB/N40_d12_r44_XEB_amplitudes.json,20,20,20,20,20,1.0,0.4810090878751021,0.28748251428479926,0.5634657279982065,1.4810090878751023,1.2856608885667309,2.6939398373999252e-11,0.005175713209349883,4.49004152952475
40,12,44,XEB,data/results/N_scan_depth12/N40_d12_XEB/N40_d12_r44_XEB_counts.json,data/amplitudes/N_scan_depth12/N40_d12_XEB/N40_d12_r44_XEB_amplitudes.json,20,20,20,20,20,1.0,0.37673554820528576,0.3875948334020829,0.7596858734680825,1.3767355482052859,1.733376790429527,2.5042673736703106e-11,0.07524798237557939,7.412350016183202
40,12,45,XEB,data/results/N40_verification/N40_d12_XEB/N40_d12_r45_XEB_counts.json,data/amplitudes/N40_verification/N40_d12_XEB/N40_d12_r45_XEB_amplitudes.json,20,20,20,20,20,1.0,0.9644362436133175,0.3853759360527393,0.755336834663369,1.9644362436133178,1.723453579813074,3.573288711074052e-11,0.07418503157397335,5.351852474756293
40,12,45,XEB,data/results/N_scan_depth12/N40_d12_XEB/N40_d12_r45_XEB_counts.json,data/amplitudes/N_scan_depth12/N40_d12_XEB/N40_d12_r45_XEB_amplitudes.json,20,20,20,20,20,1.0,0.5678210477343468,0.3022836926837423,0.5924760376601349,1.567821047734347,1.3518537706610074,2.8518498724849396e-11,0.1650947007887975,5.061409493531372
40,12,46,XEB,data/results/N40_verification/N40_d12_XEB/N40_d12_r46_XEB_counts.json,data/amplitudes/N40_verification/N40_d12_XEB/N40_d12_r46_XEB_amplitudes.json,20,20,20,20,20,1.0,0.5737442125966032,0.34476321998304477,0.6757359111667677,1.5737442125966035,1.5418279920476037,2.862624046604839e-11,0.07365077995521054,4.3307918390931714
40,12,46,XEB,data/results/N_scan_depth12/N40_d12_XEB/N40_d12_r46_XEB_counts.json,data/amplitudes/N_scan_depth12/N40_d12_XEB/N40_d12_r46_XEB_amplitudes.json,20,20,20,20,20,1.0,0.3548782836172643,0.2832245757116387,0.5551201683948119,1.3548782836172646,1.2666188083795202,2.4645092409942017e-11,0.03583453198215224,5.194004680164974
40,12,47,XEB,data/results/N40_verification/N40_d12_XEB/N40_d12_r47_XEB_counts.json,data/amplitudes/N40_verification/N40_d12_XEB/N40_d12_r47_XEB_amplitudes.json,20,20,20,20,20,1.0,0.49509398891798495,0.3521299428873812,0.6901746880592672,1.495093988917985,1.574772978418606,2.719560123146921e-11,0.034003230707507597,4.838358045475442
40,12,47,XEB,data/results/N_scan_depth12/N40_d12_XEB/N40_d12_r47_XEB_counts.json,data/amplitudes/N_scan_depth12/N40_d12_XEB/N40_d12_r47_XEB_amplitudes.json,20,20,20,20,20,1.0,0.4785271417602308,0.28287560706154347,0.5544361898406251,1.4785271417602308,1.2650581731322617,2.6894252037168022e-11,0.08997233293868423,3.9958005737706137
40,12,48,XEB,data/results/N40_verification/N40_d12_XEB/N40_d12_r48_XEB_counts.json,data/amplitudes/N40_verification/N40_d12_XEB/N40_d12_r48_XEB_amplitudes.json,20,20,20,20,20,1.0,0.36047858518147163,0.19313733128617916,0.37854916932091115,1.3604785851814716,0.863736403497587,2.4746961301961558e-11,0.07697235079703502,3.3565262605440194
40,12,48,XEB,data/results/N_scan_depth12/N40_d12_XEB/N40_d12_r48_XEB_counts.json,data/amplitudes/N_scan_depth12/N40_d12_XEB/N40_d12_r48_XEB_amplitudes.json,20,20,20,20,20,1.0,0.3723032580835118,0.3488329377644584,0.6837125580183384,1.372303258083512,1.5600283232645649,2.4962050849053628e-11,0.02660775619480027,5.785894790622991
40,12,49,XEB,data/results/N40_verification/N40_d12_XEB/N40_d12_r49_XEB_counts.json,data/amplitudes/N40_verification/N40_d12_XEB/N40_d12_r49_XEB_amplitudes.json,20,20,20,20,20,1.0,0.06345639357854939,0.22857337574665093,0.4480038164634358,1.0634563935785495,1.0222112120322264,1.9344159110524734e-11,0.037025729744031746,4.093185014909468
40,12,49,XEB,data/results/N_scan_depth12/N40_d12_XEB/N40_d12_r49_XEB_counts.json,data/amplitudes/N_scan_depth12/N40_d12_XEB/N40_d12_r49_XEB_amplitudes.json,20,20,20,20,20,1.0,0.31935821615090954,0.29753755149088407,0.5831736009221328,1.3193582161509094,1.3306283819849216,2.399898614659668e-11,0.004140197932744087,5.681717160408081
40,12,50,XEB,data/results/N40_verification/N40_d12_XEB/N40_d12_r50_XEB_counts.json,data/amplitudes/N40_verification/N40_d12_XEB/N40_d12_r50_XEB_amplitudes.json,20,20,20,20,20,1.0,-0.0037964062732924074,0.18973639431412226,0.3718833328556796,0.9962035937267075,0.848526950984164,1.8120837807631824e-11,0.0005719050935255544,3.1853561435398157
40,12,50,XEB,data/results/N_scan_depth12/N40_d12_XEB/N40_d12_r50_XEB_counts.json,data/amplitudes/N_scan_depth12/N40_d12_XEB/N40_d12_r50_XEB_amplitudes.json,20,20,20,20,20,1.0,0.3477645389348722,0.28914356060591334,0.5667213787875901,1.347764538934872,1.293089313542305,2.4515694147973993e-11,0.09598865665801565,5.159887494440495
40,14,1,XEB,data/results/N40_verification/N40_d14_XEB/N40_d14_r1_XEB_counts.json,data/amplitudes/N40_verification/N40_d14_XEB/N40_d14_r1_XEB_amplitudes.json,20,20,20,20,20,1.0,0.31272437716683205,0.2717509300362909,0.5326318228711302,1.312724377166832,1.2153071050198716,2.3878317318428017e-11,0.0860037207003233,4.516459288480194
40,14,2,XEB,data/results/N40_verification/N40_d14_XEB/N40_d14_r2_XEB_counts.json,data/amplitudes/N40_verification/N40_d14_XEB/N40_d14_r2_XEB_amplitudes.json,20,20,20,20,20,1.0,0.2472686319644958,0.2766571895099118,0.5422480914394271,1.247268631964496,1.237248564416409,2.268768424918555e-11,0.06758348728498745,4.452193163829011
40,14,3,XEB,data/results/N40_verification/N40_d14_XEB/N40_d14_r3_XEB_counts.json,data/amplitudes/N40_verification/N40_d14_XEB/N40_d14_r3_XEB_amplitudes.json,20,20,20,20,20,1.0,0.16434382795659735,0.28909935967794004,0.5666347449687624,1.1643438279565974,1.2928916409830713,2.1179290851370704e-11,0.05148130817761508,5.36456269745122
40,14,4,XEB,data/results/N40_verification/N40_d14_XEB/N40_d14_r4_XEB_counts.json,data/amplitudes/N40_verification/N40_d14_XEB/N40_d14_r4_XEB_amplitudes.json,20,20,20,20,20,1.0,-0.1278154325552334,0.16388512984440204,0.321214854495028,0.8721845674447666,0.732916581666925,1.5864944861182568e-11,0.029663559741403448,2.3571793627986284
40,14,5,XEB,data/results/N40_verification/N40_d14_XEB/N40_d14_r5_XEB_counts.json,data/amplitudes/N40_verification/N40_d14_XEB/N40_d14_r5_XEB_amplitudes.json,20,20,20,20,20,1.0,0.166872444713444,0.2725275405976082,0.534153979571312,1.166872444713444,1.2187802130341712,2.122528612223403e-11,0.08734808697781075,4.259177408320834
40,14,6,XEB,data/results/N40_verification/N40_d14_XEB/N40_d14_r6_XEB_counts.json,data/amplitudes/N40_verification/N40_d14_XEB/N40_d14_r6_XEB_amplitudes.json,20,20,20,20,20,1.0,0.2865598113636404,0.23181600768757515,0.4543593750676473,1.2865598113636403,1.0367127029240637,2.3402386638984178e-11,0.009584019554345818,3.504902592056253
40,14,7,XEB,data/results/N40_verification/N40_d14_XEB/N40_d14_r7_XEB_counts.json,data/amplitudes/N40_verification/N40_d14_XEB/N40_d14_r7_XEB_amplitudes.json,20,20,20,20,20,1.0,0.6343391754657114,0.24031919906506388,0.4710256301675252,1.6343391754657108,1.0747401308155737,2.972845641972e-11,0.028146952097936502,3.271889116877762
40,14,8,XEB,data/results/N40_verification/N40_d14_XEB/N40_d14_r8_XEB_counts.json,data/amplitudes/N40_verification/N40_d14_XEB/N40_d14_r8_XEB_amplitudes.json,20,20,20,20,20,1.0,0.9375778967904793,0.3282725069789856,0.6434141136788117,1.9375778967904793,1.4680792814985717,3.524433662806549e-11,0.3934455414238678,6.382050783954055
40,14,9,XEB,data/results/N40_verification/N40_d14_XEB/N40_d14_r9_XEB_counts.json,data/amplitudes/N40_verification/N40_d14_XEB/N40_d14_r9_XEB_amplitudes.json,20,20,20,20,20,1.0,0.46767599060045323,0.2425892380419233,0.4754749065621697,1.4676759906004535,1.0848920537432372,2.6696870747408928e-11,0.07895629235084237,3.3041490637874564
40,14,10,XEB,data/results/N40_verification/N40_d14_XEB/N40_d14_r10_XEB_counts.json,data/amplitudes/N40_verification/N40_d14_XEB/N40_d14_r10_XEB_amplitudes.json,20,20,20,20,20,1.0,0.06828759093618039,0.21281128556563478,0.41711011970864414,1.0682875909361804,0.9517210018077582,1.9432038078524428e-11,0.05587822580783799,2.8237530716171664
40,14,11,XEB,data/results/N40_verification/N40_d14_XEB/N40_d14_r11_XEB_counts.json,data/amplitudes/N40_verification/N40_d14_XEB/N40_d14_r11_XEB_amplitudes.json,20,20,20,20,20,1.0,0.5503135089176026,0.26620138783380626,0.5217547201542603,1.5503135089176026,1.1904887978023526,2.8200038448951136e-11,0.2689130221512903,5.000700094044768
40,14,12,XEB,data/results/N40_verification/N40_d14_XEB/N40_d14_r12_XEB_counts.json,data/amplitudes/N40_verification/N40_d14_XEB/N40_d14_r12_XEB_amplitudes.json,20,20,20,20,20,1.0,0.31277265991287884,0.30639395738139136,0.600532156467527,1.312772659912879,1.3702354331999291,2.3879195576462353e-11,0.10011854143052035,6.320803936729078
40,14,13,XEB,data/results/N40_verification/N40_d14_XEB/N40_d14_r13_XEB_counts.json,data/amplitudes/N40_verification/N40_d14_XEB/N40_d14_r13_XEB_amplitudes.json,20,20,20,20,20,1.0,0.42253557435501354,0.24513942194439972,0.48047326701102344,1.4225355743550137,1.096296822865363,2.5875771359187885e-11,0.1312644394086258,3.38644017159715
40,14,14,XEB,data/results/N40_verification/N40_d14_XEB/N40_d14_r14_XEB_counts.json,data/amplitudes/N40_verification/N40_d14_XEB/N40_d14_r14_XEB_amplitudes.json,20,20,20,20,20,1.0,0.20120743930669036,0.23603756190246425,0.4626336213288299,1.2012074393066903,1.0555920673144494,2.184983603559322e-11,0.08388020005711948,4.093474125875044
40,14,15,XEB,data/results/N40_verification/N40_d14_XEB/N40_d14_r15_XEB_counts.json,data/amplitudes/N40_verification/N40_d14_XEB/N40_d14_r15_XEB_amplitudes.json,20,20,20,20,20,1.0,0.12333660888924194,0.2637445411421497,0.5169393006386134,1.123336608889242,1.1795014453766735,2.0433373881846675e-11,0.0952099364229407,4.517958682535298
40,14,16,XEB,data/results/N40_verification/N40_d14_XEB/N40_d14_r16_XEB_counts.json,data/amplitudes/N40_verification/N40_d14_XEB/N40_d14_r16_XEB_amplitudes.json,20,20,20,20,20,1.0,0.3386654517209637,0.17615862937138624,0.345270913567917,1.3386654517209633,0.7878053401952214,2.4350182715733596e-11,0.006938379462132374,2.4013889090506493
40,14,17,XEB,data/results/N40_verification/N40_d14_XEB/N40_d14_r17_XEB_counts.json,data/amplitudes/N40_verification/N40_d14_XEB/N40_d14_r17_XEB_amplitudes.json,20,20,20,20,20,1.0,0.4615457310560691,0.36802897954640673,0.7213367999109572,1.4615457310560689,1.64587563191129,2.6585361975886716e-11,0.006156465654336857,4.96182207146683
40,14,18,XEB,data/results/N40_verification/N40_d14_XEB/N40_d14_r18_XEB_counts.json,data/amplitudes/N40_verification/N40_d14_XEB/N40_d14_r18_XEB_amplitudes.json,20,20,20,20,20,1.0,0.03540521607397735,0.26176474419385104,0.513058898619948,1.0354052160739775,1.1706475242605887,1.883391116414673e-11,0.013829969853667516,3.954770828816915
40,14,19,XEB,data/results/N40_verification/N40_d14_XEB/N40_d14_r19_XEB_counts.json,data/amplitudes/N40_verification/N40_d14_XEB/N40_d14_r19_XEB_amplitudes.json,20,20,20,20,20,1.0,0.710624947944168,0.4024897295958523,0.7888798700078704,1.7106249479441682,1.7999887912436692,3.1116086537516244e-11,0.12017158767247074,7.283360971686653
40,14,20,XEB,data/results/N40_verification/N40_d14_XEB/N40_d14_r20_XEB_counts.json,data/amplitudes/N40_verification/N40_d14_XEB/N40_d14_r20_XEB_amplitudes.json,20,20,20,20,20,1.0,0.07454147381645096,0.2066340329475702,0.4050027045772376,1.074541473816451,0.9240954882713964,1.9545795545426716e-11,0.045452028252469044,2.8732745689977746
40,14,21,XEB,data/results/N40_verification/N40_d14_XEB/N40_d14_r21_XEB_counts.json,data/amplitudes/N40_verification/N40_d14_XEB/N40_d14_r21_XEB_amplitudes.json,20,20,20,20,20,1.0,0.7515719745181516,0.28778125392484166,0.5640512576926896,1.7515719745181517,1.2869968928521482,3.186090861196411e-11,0.0550710442336544,3.9499336306626
40,14,22,XEB,data/results/N40_verification/N40_d14_XEB/N40_d14_r22_XEB_counts.json,data/amplitudes/N40_verification/N40_d14_XEB/N40_d14_r22_XEB_amplitudes.json,20,20,20,20,20,1.0,-0.05809522136058472,0.20340970932284377,0.3986830302727738,0.9419047786394152,0.9096758746587027,1.713314811494302e-11,0.01210060709668308,3.5368669360302425
40,14,23,XEB,data/results/N40_verification/N40_d14_XEB/N40_d14_r23_XEB_counts.json,data/amplitudes/N40_verification/N40_d14_XEB/N40_d14_r23_XEB_amplitudes.json,20,20,20,20,20,1.0,0.5422621913102568,0.30425962704351955,0.5963488690052983,1.5422621913102568,1.3606904177560861,2.8053585834827695e-11,0.024219755848403815,6.150868956631398
40,14,24,XEB,data/results/N40_verification/N40_d14_XEB/N40_d14_r24_XEB_counts.json,data/amplitudes/N40_verification/N40_d14_XEB/N40_d14_r24_XEB_amplitudes.json,20,20,20,20,20,1.0,0.05843884796882165,0.18506660471577785,0.3627305452429246,1.0584388479688216,0.8276430170191247,1.9252890487565704e-11,0.04332376435941418,3.0576292465223456
40,14,25,XEB,data/results/N40_verification/N40_d14_XEB/N40_d14_r25_XEB_counts.json,data/amplitudes/N40_verification/N40_d14_XEB/N40_d14_r25_XEB_amplitudes.json,20,20,20,20,20,1.0,0.4236466511945706,0.36722459940473134,0.7197602148332735,1.423646651194571,1.6422783345582164,2.5895981729164685e-11,0.06399410438199618,7.299485007984106
40,14,26,XEB,data/results/N40_verification/N40_d14_XEB/N40_d14_r26_XEB_counts.json,data/amplitudes/N40_verification/N40_d14_XEB/N40_d14_r26_XEB_amplitudes.json,20,20,20,20,20,1.0,0.6224960153350987,0.22453264695050656,0.44008398802299287,1.622496015335099,1.0041405234985872,2.95130305918992e-11,0.2010579754082166,4.071586090470183
40,14,27,XEB,data/results/N40_verification/N40_d14_XEB/N40_d14_r27_XEB_counts.json,data/amplitudes/N40_verification/N40_d14_XEB/N40_d14_r27_XEB_amplitudes.json,20,20,20,20,20,1.0,0.5137671994414076,0.31501871885259486,0.6174366889510859,1.5137671994414075,1.4088065390785933,2.7535264952192075e-11,0.36466566475536943,5.45131834736491
40,14,28,XEB,data/results/N40_verification/N40_d14_XEB/N40_d14_r28_XEB_counts.json,data/amplitudes/N40_verification/N40_d14_XEB/N40_d14_r28_XEB_amplitudes.json,20,20,20,20,20,1.0,0.03477730155376926,0.22068928548372319,0.43255099954809745,1.0347773015537691,0.9869524884949252,1.8822489465560815e-11,0.08773065006525244,4.30932699722613
40,14,29,XEB,data/results/N40_verification/N40_d14_XEB/N40_d14_r29_XEB_counts.json,data/amplitudes/N40_verification/N40_d14_XEB/N40_d14_r29_XEB_amplitudes.json,20,20,20,20,20,1.0,0.25969167966723467,0.23839286193407258,0.46725000939078226,1.2596916796672348,1.0661252892706166,2.2913658170495815e-11,0.02088575789308917,3.4054930900640135
40,14,30,XEB,data/results/N40_verification/N40_d14_XEB/N40_d14_r30_XEB_counts.json,data/amplitudes/N40_verification/N40_d14_XEB/N40_d14_r30_XEB_amplitudes.json,20,20,20,20,20,1.0,0.45971714131157465,0.34255040632238215,0.6713987963918691,1.4597171413115748,1.53193198851404,2.655210012220004e-11,0.05876575932193419,5.2690005375601
40,14,31,XEB,data/results/N40_verification/N40_d14_XEB/N40_d14_r31_XEB_counts.json,data/amplitudes/N40_verification/N40_d14_XEB/N40_d14_r31_XEB_amplitudes.json,20,20,20,20,20,1.0,0.41872635886273424,0.24113230765396046,0.4726193230017625,1.4187263588627341,1.0783764629712966,2.5806482133025096e-11,0.011352161563397219,4.27443889923954
40,14,32,XEB,data/results/N40_verification/N40_d14_XEB/N40_d14_r32_XEB_counts.json,data/amplitudes/N40_verification/N40_d14_XEB/N40_d14_r32_XEB_amplitudes.json,20,20,20,20,20,1.0,0.1941387652584738,0.24607364307195662,0.482304340421035,1.1941387652584738,1.1004747867598303,2.172125760368497e-11,0.04473230774705274,4.432840546957602
40,14,33,XEB,data/results/N40_verification/N40_d14_XEB/N40_d14_r33_XEB_counts.json,data/amplitudes/N40_verification/N40_d14_XEB/N40_d14_r33_XEB_amplitudes.json,20,20,20,20,20,1.0,0.5030614540090472,0.45590109470251056,0.8935661456169207,1.5030614540090474,2.0388516775427656,2.734052857720685e-11,0.008919034351545483,9.30971358626693
40,14,34,XEB,data/results/N40_verification/N40_d14_XEB/N40_d14_r34_XEB_counts.json,data/amplitudes/N40_verification/N40_d14_XEB/N40_d14_r34_XEB_amplitudes.json,20,20,20,20,20,1.0,0.592803944592269,0.3480023318192609,0.6820845703657513,1.5928039445922693,1.5563137405526108,2.8972934971393793e-11,0.08333049404268543,5.457159065395663
40,14,35,XEB,data/results/N40_verification/N40_d14_XEB/N40_d14_r35_XEB_counts.json,data/amplitudes/N40_verification/N40_d14_XEB/N40_d14_r35_XEB_amplitudes.json,20,20,20,20,20,1.0,0.14383315961004878,0.259654600476131,0.5089230169332167,1.1438331596100488,1.1612106746703563,2.080620396755055e-11,0.0737432563250901,4.433669040682474
40,14,36,XEB,data/results/N40_verification/N40_d14_XEB/N40_d14_r36_XEB_counts.json,data/amplitudes/N40_verification/N40_d14_XEB/N40_d14_r36_XEB_amplitudes.json,20,20,20,20,20,1.0,0.27001649723913806,0.18829091718134627,0.3690501976754387,1.2700164972391383,0.8420625807265468,2.310146550806418e-11,0.03503435451417079,3.4088771937376414
40,14,37,XEB,data/results/N40_verification/N40_d14_XEB/N40_d14_r37_XEB_counts.json,data/amplitudes/N40_verification/N40_d14_XEB/N40_d14_r37_XEB_amplitudes.json,20,20,20,20,20,1.0,0.36700179178202896,0.3375190389684904,0.6615373163782412,1.367001791782029,1.50943102966789,2.48656177387971e-11,0.021768383309547126,5.570116973446664
40,14,38,XEB,data/results/N40_verification/N40_d14_XEB/N40_d14_r38_XEB_counts.json,data/amplitudes/N40_verification/N40_d14_XEB/N40_d14_r38_XEB_amplitudes.json,20,20,20,20,20,1.0,0.6967419535607481,0.2504064077598964,0.49079655920939697,1.6967419535607484,1.1198514995053184,3.086355634078697e-11,0.3357959950692403,4.131730572667823
40,14,39,XEB,data/results/N40_verification/N40_d14_XEB/N40_d14_r39_XEB_counts.json,data/amplitudes/N40_verification/N40_d14_XEB/N40_d14_r39_XEB_amplitudes.json,20,20,20,20,20,1.0,0.6198288868846047,0.2950318225576058,0.5782623722129073,1.6198288868846045,1.319422421528925,2.9464515808005755e-11,0.10337991582234997,5.1836680820892935
40,14,40,XEB,data/results/N40_verification/N40_d14_XEB/N40_d14_r40_XEB_counts.json,data/amplitudes/N40_verification/N40_d14_XEB/N40_d14_r40_XEB_amplitudes.json,20,20,20,20,20,1.0,0.9922154394616516,0.4686275643467961,0.9185100261197203,1.992215439461651,2.0957661800191856,3.623818773961195e-11,0.08555774353923001,7.885452330623673
40,14,41,XEB,data/results/N40_verification/N40_d14_XEB/N40_d14_r41_XEB_counts.json,data/amplitudes/N40_verification/N40_d14_XEB/N40_d14_r41_XEB_amplitudes.json,20,20,20,20,20,1.0,0.682185072818851,0.43253062946704696,0.847760033755412,1.6821850728188508,1.9343357796781813,3.0598768222605046e-11,0.20596585510816678,8.915232915048364
40,14,42,XEB,data/results/N40_verification/N40_d14_XEB/N40_d14_r42_XEB_counts.json,data/amplitudes/N40_verification/N40_d14_XEB/N40_d14_r42_XEB_amplitudes.json,20,20,20,20,20,1.0,0.9508573789935998,0.3592378389212586,0.7041061642856669,1.9508573789935997,1.6065604558361077,3.548588900218601e-11,0.01065010658423296,5.451783817648691
40,14,43,XEB,data/results/N40_verification/N40_d14_XEB/N40_d14_r43_XEB_counts.json,data/amplitudes/N40_verification/N40_d14_XEB/N40_d14_r43_XEB_amplitudes.json,20,20,20,20,20,1.0,0.5868177250756683,0.35546199633257286,0.6967055128118428,1.5868177250756683,1.5896743744348276,2.8864046272713826e-11,0.040012515591277414,6.047477829695986
40,14,44,XEB,data/results/N40_verification/N40_d14_XEB/N40_d14_r44_XEB_counts.json,data/amplitudes/N40_verification/N40_d14_XEB/N40_d14_r44_XEB_amplitudes.json,20,20,20,20,20,1.0,0.40523248669310813,0.27056969384424817,0.5303165999347264,1.4052324866931083,1.2100244561740905,2.556103002813158e-11,0.0979742192135993,3.6803573100642737
40,14,45,XEB,data/results/N40_verification/N40_d14_XEB/N40_d14_r45_XEB_counts.json,data/amplitudes/N40_verification/N40_d14_XEB/N40_d14_r45_XEB_amplitudes.json,20,20,20,20,20,1.0,0.41425308243378794,0.3251133189296845,0.6372221051021816,1.414253082433788,1.4539509630346874,2.572511370879125e-11,0.1629259407315788,6.478641902247425
40,14,46,XEB,data/results/N40_verification/N40_d14_XEB/N40_d14_r46_XEB_counts.json,data/amplitudes/N40_verification/N40_d14_XEB/N40_d14_r46_XEB_amplitudes.json,20,20,20,20,20,1.0,0.6629078397473067,0.34357892464472534,0.6734146923036617,1.662907839747307,1.5365316622837673,3.0248117395736825e-11,0.1446427382602845,4.322946849063525
40,14,47,XEB,data/results/N40_verification/N40_d14_XEB/N40_d14_r47_XEB_counts.json,data/amplitudes/N40_verification/N40_d14_XEB/N40_d14_r47_XEB_amplitudes.json,20,20,20,20,20,1.0,0.2889835778979001,0.22212695847874403,0.4353688386183383,1.2889835778978997,0.9933819575874898,2.344647469540905e-11,0.005389356214821507,3.4213814398530804
40,14,48,XEB,data/results/N40_verification/N40_d14_XEB/N40_d14_r48_XEB_counts.json,data/amplitudes/N40_verification/N40_d14_XEB/N40_d14_r48_XEB_amplitudes.json,20,20,20,20,20,1.0,0.5353702362974249,0.35100070323036214,0.6879613783315098,1.535370236297425,1.5697228651466395,2.7928221903447138e-11,0.13251464834283713,4.906237940923667
40,14,49,XEB,data/results/N40_verification/N40_d14_XEB/N40_d14_r49_XEB_counts.json,data/amplitudes/N40_verification/N40_d14_XEB/N40_d14_r49_XEB_amplitudes.json,20,20,20,20,20,1.0,0.15029822485810765,0.16702997828545307,0.327378757439488,1.1502982248581075,0.7469807714531737,2.0923802819345065e-11,0.017844282070528593,2.5720737518204086
40,14,50,XEB,data/results/N40_verification/N40_d14_XEB/N40_d14_r50_XEB_counts.json,data/amplitudes/N40_verification/N40_d14_XEB/N40_d14_r50_XEB_amplitudes.json,20,20,20,20,20,1.0,0.3868006452821507,0.2330811750311419,0.4568391030610381,1.3868006452821509,1.04237070329032,2.5225756785987886e-11,0.008165675601547752,3.7232683580098898
40,16,1,XEB,data/results/N40_verification/N40_d16_XEB/N40_d16_r1_XEB_counts.json,data/amplitudes/N40_verification/N40_d16_XEB/N40_d16_r1_XEB_amplitudes.json,20,20,20,20,20,1.0,0.09505100715000246,0.26137981076157113,0.5123044290926794,1.0950510071500026,1.1689260496178082,1.9918861783480725e-11,0.04672424412605893,3.941211638104213
40,16,2,XEB,data/results/N40_verification/N40_d16_XEB/N40_d16_r2_XEB_counts.json,data/amplitudes/N40_verification/N40_d16_XEB/N40_d16_r2_XEB_amplitudes.json,20,20,20,20,20,1.0,0.1235009463475931,0.18676683850608233,0.3660630034719214,1.1235009463475931,0.8352466936846508,2.0436363162800137e-11,0.05508358049784201,3.051260715885268
40,16,3,XEB,data/results/N40_verification/N40_d16_XEB/N40_d16_r3_XEB_counts.json,data/amplitudes/N40_verification/N40_d16_XEB/N40_d16_r3_XEB_amplitudes.json,20,20,20,20,20,1.0,0.33419886331091464,0.28150000990539725,0.5517400194145786,1.3341988633109145,1.2589063156306648,2.4268935945854803e-11,0.08121059448726303,4.676359631918555
40,16,4,XEB,data/results/N40_verification/N40_d16_XEB/N40_d16_r4_XEB_counts.json,data/amplitudes/N40_verification/N40_d16_XEB/N40_d16_r4_XEB_amplitudes.json,20,20,20,20,20,1.0,0.07587308580741323,0.21246220445953393,0.41642592074068646,1.075873085807413,0.9501598636419536,1.9570017426438664e-11,0.09238488106058687,3.3208803063002033
40,16,5,XEB,data/results/N40_verification/N40_d16_XEB/N40_d16_r5_XEB_counts.json,data/amplitudes/N40_verification/N40_d16_XEB/N40_d16_r5_XEB_amplitudes.json,20,20,20,20,20,1.0,0.555827352830101,0.300893183372639,0.5897506394103724,1.555827352830101,1.3456352239750604,2.8300334685447542e-11,0.016910831955734732,4.550019583966241
40,16,6,XEB,data/results/N40_verification/N40_d16_XEB/N40_d16_r6_XEB_counts.json,data/amplitudes/N40_verification/N40_d16_XEB/N40_d16_r6_XEB_amplitudes.json,20,20,20,20,20,1.0,0.27247763830330973,0.312301196601296,0.6121103453385401,1.2724776383033096,1.3966534101100483,2.3146233403227774e-11,0.0502377029218412,5.203139410755847
40,16,7,XEB,data/results/N40_verification/N40_d16_XEB/N40_d16_r7_XEB_counts.json,data/amplitudes/N40_verification/N40_d16_XEB/N40_d16_r7_XEB_amplitudes.json,20,20,20,20,20,1.0,0.3004331232193521,0.24719028270122967,0.4844929540944101,1.3004331232193524,1.1054685509946798,2.365474071156045e-11,0.07823180989414524,4.411262895991625
40,16,8,XEB,data/results/N40_verification/N40_d16_XEB/N40_d16_r8_XEB_counts.json,data/amplitudes/N40_verification/N40_d16_XEB/N40_d16_r8_XEB_amplitudes.json,20,20,20,20,20,1.0,0.07635802650973854,0.2382146811753388,0.46690077510366407,1.0763580265097386,1.0653284406929941,1.9578838446427444e-11,0.10914347403348303,4.569497059810029
40,16,9,XEB,data/results/N40_verification/N40_d16_XEB/N40_d16_r9_XEB_counts.json,data/amplitudes/N40_verification/N40_d16_XEB/N40_d16_r9_XEB_amplitudes.json,20,20,20,20,20,1.0,0.1479440376375583,0.27192889696548206,0.5329806380523449,1.1479440376375583,1.2161029973227084,2.0880980403263645e-11,0.08139610438029926,4.877133520194718
40,16,10,XEB,data/results/N40_verification/N40_d16_XEB/N40_d16_r10_XEB_counts.json,data/amplitudes/N40_verification/N40_d16_XEB/N40_d16_r10_XEB_amplitudes.json,20,20,20,20,20,1.0,0.6054921508849762,0.321350216218151,0.6298464237875759,1.6054921508849762,1.4371218560960821,2.920373209935817e-11,0.18622407775669708,6.311078512505799
40,16,11,XEB,data/results/N40_verification/N40_d16_XEB/N40_d16_r11_XEB_counts.json,data/amplitudes/N40_verification/N40_d16_XEB/N40_d16_r11_XEB_amplitudes.json,20,20,20,20,20,1.0,0.2506225052301082,0.3399864217667167,0.6663733866627647,1.250622505230108,1.5204655009945853,2.2748690848495392e-11,0.0005008352256384755,5.167758522757907
40,16,12,XEB,data/results/N40_verification/N40_d16_XEB/N40_d16_r12_XEB_counts.json,data/amplitudes/N40_verification/N40_d16_XEB/N40_d16_r12_XEB_amplitudes.json,20,20,20,20,20,1.0,0.2724510651847957,0.38153696781478286,0.7478124569169744,1.2724510651847956,1.7062851919260078,2.314575004101781e-11,0.05467231941527703,7.459264743024208
40,16,13,XEB,data/results/N40_verification/N40_d16_XEB/N40_d16_r13_XEB_counts.json,data/amplitudes/N40_verification/N40_d16_XEB/N40_d16_r13_XEB_amplitudes.json,20,20,20,20,20,1.0,0.5566963543540865,0.33248147877524786,0.6516636983994858,1.5566963543540866,1.4869023756022155,2.831614173108549e-11,0.013398959164445577,4.921618385896522
40,16,14,XEB,data/results/N40_verification/N40_d16_XEB/N40_d16_r14_XEB_counts.json,data/amplitudes/N40_verification/N40_d16_XEB/N40_d16_r14_XEB_amplitudes.json,20,20,20,20,20,1.0,0.498845459048962,0.43364110653469673,0.8499365688080056,1.4988454590489622,1.9393019840996204,2.726384007562887e-11,0.10305039357631464,8.144364031872577
40,16,15,XEB,data/results/N40_verification/N40_d16_XEB/N40_d16_r15_XEB_counts.json,data/amplitudes/N40_verification/N40_d16_XEB/N40_d16_r15_XEB_amplitudes.json,20,20,20,20,20,1.0,0.10959761793991026,0.1757571626876941,0.3444840388678804,1.1095976179399103,0.7860099266043473,2.0183463092324204e-11,0.14950870178152012,2.928901837407485
40,16,16,XEB,data/results/N40_verification/N40_d16_XEB/N40_d16_r16_XEB_counts.json,data/amplitudes/N40_verification/N40_d16_XEB/N40_d16_r16_XEB_amplitudes.json,20,20,20,20,20,1.0,1.0497691758681231,0.3675442124803394,0.7203866564614653,2.049769175868123,1.6437076876853312,3.728508410619039e-11,0.0926702041513878,5.279334157620506
40,16,17,XEB,data/results/N40_verification/N40_d16_XEB/N40_d16_r17_XEB_counts.json,data/amplitudes/N40_verification/N40_d16_XEB/N40_d16_r17_XEB_amplitudes.json,20,20,20,20,20,1.0,0.4331330341216579,0.21962027766366388,0.4304557442207812,1.4331330341216577,0.9821717401866622,2.606853802938818e-11,0.09751516393915932,3.239194361138696
40,16,18,XEB,data/results/N40_verification/N40_d16_XEB/N40_d16_r18_XEB_counts.json,data/amplitudes/N40_verification/N40_d16_XEB/N40_d16_r18_XEB_amplitudes.json,20,20,20,20,20,1.0,0.8827014975274462,0.5285625896437252,1.0359826757017012,1.8827014975274465,2.363803761613392,3.424614074042341e-11,0.06826224797207708,9.4805604323058
40,16,19,XEB,data/results/N40_verification/N40_d16_XEB/N40_d16_r19_XEB_counts.json,data/amplitudes/N40_verification/N40_d16_XEB/N40_d16_r19_XEB_amplitudes.json,20,20,20,20,20,1.0,0.3785991736737985,0.2933303311333866,0.5749274490214377,1.3785991736737986,1.3118131205535506,2.5076572886497134e-11,0.031049843721029473,5.430649969997163
40,16,20,XEB,data/results/N40_verification/N40_d16_XEB/N40_d16_r20_XEB_counts.json,data/amplitudes/N40_verification/N40_d16_XEB/N40_d16_r20_XEB_amplitudes.json,20,20,20,20,20,1.0,0.13095287255154892,0.20025283430484028,0.39249555523748697,1.130952872551549,0.8955579003852495,2.057191291081015e-11,0.07550843547768717,2.9744810609819607
40,16,21,XEB,data/results/N40_verification/N40_d16_XEB/N40_d16_r21_XEB_counts.json,data/amplitudes/N40_verification/N40_d16_XEB/N40_d16_r21_XEB_amplitudes.json,20,20,20,20,20,1.0,0.39958651020097813,0.32050875260011696,0.6281971550962292,1.3995865102009781,1.433358716395048,2.5458330314013038e-11,0.00638128002124644,5.121328186217861
40,16,22,XEB,data/results/N40_verification/N40_d16_XEB/N40_d16_r22_XEB_counts.json,data/amplitudes/N40_verification/N40_d16_XEB/N40_d16_r22_XEB_amplitudes.json,20,20,20,20,20,1.0,0.29864278738360384,0.26237884356632274,0.5142625333899925,1.298642787383604,1.1733938601441618,2.3622174692420302e-11,0.011994584028893036,3.7325245514495746
40,16,23,XEB,data/results/N40_verification/N40_d16_XEB/N40_d16_r23_XEB_counts.json,data/amplitudes/N40_verification/N40_d16_XEB/N40_d16_r23_XEB_amplitudes.json,20,20,20,20,20,1.0,-0.20298389684150733,0.13521207626847115,0.2650156694862034,0.7970161031584925,0.6046867878303751,1.449763846100709e-11,0.020479911886608887,2.0822032394243775
40,16,24,XEB,data/results/N40_verification/N40_d16_XEB/N40_d16_r24_XEB_counts.json,data/amplitudes/N40_verification/N40_d16_XEB/N40_d16_r24_XEB_amplitudes.json,20,20,20,20,20,1.0,0.30553462804922465,0.24887683118325618,0.4877985891191821,1.3055346280492244,1.1130110251010006,2.3747536543837204e-11,0.0496395051899009,3.7272693561820693
40,16,25,XEB,data/results/N40_verification/N40_d16_XEB/N40_d16_r25_XEB_counts.json,data/amplitudes/N40_verification/N40_d16_XEB/N40_d16_r25_XEB_amplitudes.json,20,20,20,20,20,1.0,0.16596717692864363,0.26489981586378775,0.519203639093024,1.1659671769286435,1.184667990997213,2.1208819397154793e-11,0.11794353663553936,4.436360823858735
40,16,26,XEB,data/results/N40_verification/N40_d16_XEB/N40_d16_r26_XEB_counts.json,data/amplitudes/N40_verification/N40_d16_XEB/N40_d16_r26_XEB_amplitudes.json,20,20,20,20,20,1.0,-0.05489943030004587,0.22712708038018,0.4451690775451528,0.9451005696999543,1.0157431825222825,1.719127921569369e-11,0.03346070345454079,4.548447927908313
40,16,27,XEB,data/results/N40_verification/N40_d16_XEB/N40_d16_r27_XEB_counts.json,data/amplitudes/N40_verification/N40_d16_XEB/N40_d16_r27_XEB_amplitudes.json,20,20,20,20,20,1.0,0.2436981247036293,0.4305177762687698,0.8438148414867888,1.2436981247036292,1.92533402651803,2.2622737100457546e-11,0.13629751437355647,9.058175466798769
40,16,28,XEB,data/results/N40_verification/N40_d16_XEB/N40_d16_r28_XEB_counts.json,data/amplitudes/N40_verification/N40_d16_XEB/N40_d16_r28_XEB_amplitudes.json,20,20,20,20,20,1.0,0.012777547196026594,0.15920491808130596,0.3120416394393597,1.0127775471960265,0.7119860383641711,1.8422316264987356e-11,0.10021156282727246,2.8894112052633196
40,16,29,XEB,data/results/N40_verification/N40_d16_XEB/N40_d16_r29_XEB_counts.json,data/amplitudes/N40_verification/N40_d16_XEB/N40_d16_r29_XEB_amplitudes.json,20,20,20,20,20,1.0,-0.05268383057355053,0.1436913197583684,0.2816349867264021,0.9473161694264496,0.6426071175127408,1.723158073994363e-11,0.19908224086397908,2.6277428643967147
40,16,30,XEB,data/results/N40_verification/N40_d16_XEB/N40_d16_r30_XEB_counts.json,data/amplitudes/N40_verification/N40_d16_XEB/N40_d16_r30_XEB_amplitudes.json,20,20,20,20,20,1.0,0.6915103442439628,0.3241500255913759,0.6353340501590967,1.6915103442439627,1.449642984261226,3.076839392167972e-11,0.17068747494284126,5.505786474834471
40,16,31,XEB,data/results/N40_verification/N40_d16_XEB/N40_d16_r31_XEB_counts.json,data/amplitudes/N40_verification/N40_d16_XEB/N40_d16_r31_XEB_amplitudes.json,20,20,20,20,20,1.0,0.6067765323493594,0.34964038515712054,0.6852951549079562,1.6067765323493592,1.56363933778106,2.9227094862096405e-11,0.0009428077264823424,5.7747088329557394
40,16,32,XEB,data/results/N40_verification/N40_d16_XEB/N40_d16_r32_XEB_counts.json,data/amplitudes/N40_verification/N40_d16_XEB/N40_d16_r32_XEB_amplitudes.json,20,20,20,20,20,1.0,0.45592979132281536,0.3132042056373851,0.6138802430492748,1.4559297913228153,1.4006917892880317,2.6483208627229312e-11,0.1260141260669432,5.060782206378737
40,16,33,XEB,data/results/N40_verification/N40_d16_XEB/N40_d16_r33_XEB_counts.json,data/amplitudes/N40_verification/N40_d16_XEB/N40_d16_r33_XEB_amplitudes.json,20,20,20,20,20,1.0,0.3723377265007499,0.25805398526523127,0.5057858111198533,1.3723377265007497,1.1540525058355726,2.4962677825910756e-11,0.05125363743892077,3.712467721253054
40,16,34,XEB,data/results/N40_verification/N40_d16_XEB/N40_d16_r34_XEB_counts.json,data/amplitudes/N40_verification/N40_d16_XEB/N40_d16_r34_XEB_amplitudes.json,20,20,20,20,20,1.0,0.499135160596619,0.3381160303774862,0.662707419539873,1.4991351605966192,1.512100856412886,2.7269109716082662e-11,0.00567549906067113,5.458481957995917
40,16,35,XEB,data/results/N40_verification/N40_d16_XEB/N40_d16_r35_XEB_counts.json,data/amplitudes/N40_verification/N40_d16_XEB/N40_d16_r35_XEB_amplitudes.json,20,20,20,20,20,1.0,0.31281476139995573,0.20872777303153284,0.40910643514180434,1.3128147613999557,0.9334589785813093,2.3879961398051013e-11,0.2361780359414316,3.176970079750387
40,16,36,XEB,data/results/N40_verification/N40_d16_XEB/N40_d16_r36_XEB_counts.json,data/amplitudes/N40_verification/N40_d16_XEB/N40_d16_r36_XEB_amplitudes.json,20,20,20,20,20,1.0,1.251598887728943,0.4539327245438815,0.8897081401060077,2.251598887728943,2.0300488585836125,4.0956345178145833e-11,0.20493383874499585,7.811016069675907
40,16,37,XEB,data/results/N40_verification/N40_d16_XEB/N40_d16_r37_XEB_counts.json,data/amplitudes/N40_verification/N40_d16_XEB/N40_d16_r37_XEB_amplitudes.json,20,20,20,20,20,1.0,0.6879884851231826,0.3628134304522101,0.7111143236863318,1.6879884851231826,1.622550987282068,3.0704331677464916e-11,0.054784436011236726,6.102366724503764
40,16,38,XEB,data/results/N40_verification/N40_d16_XEB/N40_d16_r38_XEB_counts.json,data/amplitudes/N40_verification/N40_d16_XEB/N40_d16_r38_XEB_amplitudes.json,20,20,20,20,20,1.0,0.20324232345863247,0.3131780336277912,0.6138289459104707,1.2032423234586325,1.4005747445029122,2.1886850362691485e-11,0.03008465169432767,4.753232625315783
40,16,39,XEB,data/results/N40_verification/N40_d16_XEB/N40_d16_r39_XEB_counts.json,data/amplitudes/N40_verification/N40_d16_XEB/N40_d16_r39_XEB_amplitudes.json,20,20,20,20,20,1.0,0.6698797386974557,0.43225645524069095,0.8472226522717542,1.6698797386974555,1.9331096352625603,3.037493549886595e-11,0.027499030832007058,6.859916755541903
40,16,40,XEB,data/results/N40_verification/N40_d16_XEB/N40_d16_r40_XEB_counts.json,data/amplitudes/N40_verification/N40_d16_XEB/N40_d16_r40_XEB_amplitudes.json,20,20,20,20,20,1.0,0.6659138524758352,0.390948060405759,0.7662581983952876,1.6659138524758355,1.7483728774779426,3.0302796448738e-11,0.0031322975553667877,6.728007761035701
40,16,41,XEB,data/results/N40_verification/N40_d16_XEB/N40_d16_r41_XEB_counts.json,data/amplitudes/N40_verification/N40_d16_XEB/N40_d16_r41_XEB_amplitudes.json,20,20,20,20,20,1.0,0.5765631265269995,0.204877361292907,0.40155962813409773,1.5765631265269995,0.9162394138034485,2.8677516211737375e-11,0.12081330982529341,3.1569003277727017
40,16,42,XEB,data/results/N40_verification/N40_d16_XEB/N40_d16_r42_XEB_counts.json,data/amplitudes/N40_verification/N40_d16_XEB/N40_d16_r42_XEB_amplitudes.json,20,20,20,20,20,1.0,0.25389046098049217,0.23651815189128703,0.46357557770692254,1.2538904609804922,1.0577413310830768,2.2808134617307445e-11,0.020354411280814992,4.669566939386281
40,16,43,XEB,data/results/N40_verification/N40_d16_XEB/N40_d16_r43_XEB_counts.json,data/amplitudes/N40_verification/N40_d16_XEB/N40_d16_r43_XEB_amplitudes.json,20,20,20,20,20,1.0,0.21082745885575224,0.3290399618531794,0.6449183252322316,1.2108274588557522,1.4715114440352937,2.2024823171809695e-11,0.05154711339442626,6.05823259314941
40,16,44,XEB,data/results/N40_verification/N40_d16_XEB/N40_d16_r44_XEB_counts.json,data/amplitudes/N40_verification/N40_d16_XEB/N40_d16_r44_XEB_amplitudes.json,20,20,20,20,20,1.0,0.3162337894387634,0.23838264316801616,0.46722998060931165,1.3162337894387632,1.0660795895595196,2.3942153155781185e-11,0.04258297192274524,3.5133877630143178
40,16,45,XEB,data/results/N40_verification/N40_d16_XEB/N40_d16_r45_XEB_counts.json,data/amplitudes/N40_verification/N40_d16_XEB/N40_d16_r45_XEB_amplitudes.json,20,20,20,20,20,1.0,0.3038880163474486,0.430339937455165,0.8434662774121234,1.3038880163474484,1.9245387071655136,2.3717584851464352e-11,0.05616852053651809,7.020802464486676
40,16,46,XEB,data/results/N40_verification/N40_d16_XEB/N40_d16_r46_XEB_counts.json,data/amplitudes/N40_verification/N40_d16_XEB/N40_d16_r46_XEB_amplitudes.json,20,20,20,20,20,1.0,0.24094286569655657,0.2890772202237979,0.5665913516386438,1.2409428656965567,1.2927926303341781,2.2572619231078655e-11,0.034270576760297586,5.578442809874446
40,16,47,XEB,data/results/N40_verification/N40_d16_XEB/N40_d16_r47_XEB_counts.json,data/amplitudes/N40_verification/N40_d16_XEB/N40_d16_r47_XEB_amplitudes.json,20,20,20,20,20,1.0,0.41591185047407714,0.23677626448788633,0.4640814783962572,1.4159118504740773,1.0588956457067664,2.5755286523673518e-11,0.049394629465271546,3.1780324752806504
40,16,48,XEB,data/results/N40_verification/N40_d16_XEB/N40_d16_r48_XEB_counts.json,data/amplitudes/N40_verification/N40_d16_XEB/N40_d16_r48_XEB_amplitudes.json,20,20,20,20,20,1.0,0.687969179778399,0.3351000847254638,0.656796166061909,1.687969179778399,1.498613137424152,3.070398051528899e-11,0.12237034604724527,4.676036671358085
40,16,49,XEB,data/results/N40_verification/N40_d16_XEB/N40_d16_r49_XEB_counts.json,data/amplitudes/N40_verification/N40_d16_XEB/N40_d16_r49_XEB_amplitudes.json,20,20,20,20,20,1.0,0.42352887854272414,0.28564949116032234,0.5598730026742318,1.423528878542724,1.2774633599454122,2.5893839457107316e-11,0.0261019605503418,4.987197848679923
40,16,50,XEB,data/results/N40_verification/N40_d16_XEB/N40_d16_r50_XEB_counts.json,data/amplitudes/N40_verification/N40_d16_XEB/N40_d16_r50_XEB_amplitudes.json,20,20,20,20,20,1.0,0.28964550257089483,0.25080154366003365,0.49157102557366594,1.2896455025708948,1.1216186009714335,2.3458515035070285e-11,0.10568383925668032,3.5195608221125383
40,18,1,XEB,data/results/N40_verification/N40_d18_XEB/N40_d18_r1_XEB_counts.json,data/amplitudes/N40_verification/N40_d18_XEB/N40_d18_r1_XEB_amplitudes.json,20,20,20,20,20,1.0,0.3067743050053314,0.20333418707744214,0.3985350066717866,1.3067743050053315,0.9093381289096399,2.3770086136306993e-11,0.1251327214930612,3.7841889921400895
40,18,2,XEB,data/results/N40_verification/N40_d18_XEB/N40_d18_r2_XEB_counts.json,data/amplitudes/N40_verification/N40_d18_XEB/N40_d18_r2_XEB_amplitudes.json,20,20,20,20,20,1.0,-0.10351164156767964,0.16455732760488853,0.3225323621055815,0.8964883584323202,0.7359227414404668,1.63070282439061e-11,0.07487391360744679,2.3330604094367815
40,18,3,XEB,data/results/N40_verification/N40_d18_XEB/N40_d18_r3_XEB_counts.json,data/amplitudes/N40_verification/N40_d18_XEB/N40_d18_r3_XEB_amplitudes.json,20,20,20,20,20,1.0,0.29060312273444505,0.2297060646668834,0.45022388674709146,1.2906031227344452,1.027276750878228,2.347593404437148e-11,0.09710051773073991,3.4403222284317803
40,18,4,XEB,data/results/N40_verification/N40_d18_XEB/N40_d18_r4_XEB_counts.json,data/amplitudes/N40_verification/N40_d18_XEB/N40_d18_r4_XEB_amplitudes.json,20,20,20,20,20,1.0,0.4895824022294275,0.25279190007564956,0.49547212414827313,1.4895824022294275,1.1305197454609732,2.7095346053637102e-11,0.026240388615314067,3.621851244358254
40,18,5,XEB,data/results/N40_verification/N40_d18_XEB/N40_d18_r5_XEB_counts.json,data/amplitudes/N40_verification/N40_d18_XEB/N40_d18_r5_XEB_amplitudes.json,20,20,20,20,20,1.0,0.12191817838298942,0.3036389434548449,0.5951323291714959,1.1219181783829897,1.357914636362496,2.040757278124128e-11,0.051447313244535844,6.028321368053971
40,18,6,XEB,data/results/N40_verification/N40_d18_XEB/N40_d18_r6_XEB_counts.json,data/amplitudes/N40_verification/N40_d18_XEB/N40_d18_r6_XEB_amplitudes.json,20,20,20,20,20,1.0,0.33570234699603646,0.265895438552342,0.5211550595625903,1.3357023469960365,1.18912055102031,2.4296284154771212e-11,0.024704387381948315,3.952227819336129
40,18,7,XEB,data/results/N40_verification/N40_d18_XEB/N40_d18_r7_XEB_counts.json,data/amplitudes/N40_verification/N40_d18_XEB/N40_d18_r7_XEB_amplitudes.json,20,20,20,20,20,1.0,0.0007581228935404471,0.16532903767005988,0.32404491383331735,1.0007581228935405,0.7393739337697548,1.820368421055792e-11,0.0017675856736970156,3.01786771694512
40,18,8,XEB,data/results/N40_verification/N40_d18_XEB/N40_d18_r8_XEB_counts.json,data/amplitudes/N40_verification/N40_d18_XEB/N40_d18_r8_XEB_amplitudes.json,20,20,20,20,20,1.0,0.5576426819968276,0.3018092101445239,0.5915460518832668,1.5576426819968279,1.3497318202373487,2.8333355330629783e-11,0.02345198513613443,5.036521079923663
40,18,9,XEB,data/results/N40_verification/N40_d18_XEB/N40_d18_r9_XEB_counts.json,data/amplitudes/N40_verification/N40_d18_XEB/N40_d18_r9_XEB_amplitudes.json,20,20,20,20,20,1.0,0.11675914442149649,0.24362399240977067,0.4775030251231505,1.1167591444214966,1.08951961595628,2.031373050015639e-11,0.06158703074373824,4.142963483219063
40,18,10,XEB,data/results/N40_verification/N40_d18_XEB/N40_d18_r10_XEB_counts.json,data/amplitudes/N40_verification/N40_d18_XEB/N40_d18_r10_XEB_amplitudes.json,20,20,20,20,20,1.0,0.581672688060689,0.4104606593832153,0.804502892391102,1.581672688060689,1.8356358729405127,2.877045859460284e-11,0.12806518175910309,7.318184400440907
40,18,11,XEB,data/results/N40_verification/N40_d18_XEB/N40_d18_r11_XEB_counts.json,data/amplitudes/N40_verification/N40_d18_XEB/N40_d18_r11_XEB_amplitudes.json,20,20,20,20,20,1.0,0.7969210097934183,0.3322246221825515,0.6511602594778009,1.796921009793418,1.4857536779987395,3.2685802758231476e-11,0.032009514872218175,4.5234007625330435
40,18,12,XEB,data/results/N40_verification/N40_d18_XEB/N40_d18_r12_XEB_counts.json,data/amplitudes/N40_verification/N40_d18_XEB/N40_d18_r12_XEB_amplitudes.json,20,20,20,20,20,1.0,0.12874507644716982,0.2772640368744033,0.5434375122738305,1.12874507644717,1.2399624683343482,2.05317533336196e-11,0.1149765131398291,5.186518998188848
40,18,13,XEB,data/results/N40_verification/N40_d18_XEB/N40_d18_r13_XEB_counts.json,data/amplitudes/N40_verification/N40_d18_XEB/N40_d18_r13_XEB_amplitudes.json,20,20,20,20,20,1.0,0.0012197894480607818,0.2928490404965325,0.5739841193732037,1.0012197894480608,1.3096607233916706,1.821208187626436e-11,0.04113846349303164,5.843600737668736
40,18,14,XEB,data/results/N40_verification/N40_d18_XEB/N40_d18_r14_XEB_counts.json,data/amplitudes/N40_verification/N40_d18_XEB/N40_d18_r14_XEB_amplitudes.json,20,20,20,20,20,1.0,-0.012284015525214752,0.2065306873069053,0.4048001471215344,0.9877159844747851,0.9236333125159865,1.7966449094724978e-11,0.06116120925762044,3.4494468578026654
40,18,15,XEB,data/results/N40_verification/N40_d18_XEB/N40_d18_r15_XEB_counts.json,data/amplitudes/N40_verification/N40_d18_XEB/N40_d18_r15_XEB_amplitudes.json,20,20,20,20,20,1.0,0.46165799399050533,0.2187370701167106,0.42872465742875276,1.4616579939905052,0.9782219159602055,2.658740402676822e-11,0.03885905414518619,3.62582822571396
40,18,16,XEB,data/results/N40_verification/N40_d18_XEB/N40_d18_r16_XEB_counts.json,data/amplitudes/N40_verification/N40_d18_XEB/N40_d18_r16_XEB_amplitudes.json,20,20,20,20,20,1.0,0.09299343175588766,0.23345967856510333,0.4575809699876025,1.0929934317558876,1.0440634225536434,1.9881434705091808e-11,0.04941251526498992,4.071207926742082
40,18,17,XEB,data/results/N40_verification/N40_d18_XEB/N40_d18_r17_XEB_counts.json,data/amplitudes/N40_verification/N40_d18_XEB/N40_d18_r17_XEB_amplitudes.json,20,20,20,20,20,1.0,0.01687090355542715,0.21221952352666684,0.415950266112267,1.0168709035554273,0.949074561516486,1.849677398341423e-11,0.027583545947251695,3.873363248723723
40,18,18,XEB,data/results/N40_verification/N40_d18_XEB/N40_d18_r18_XEB_counts.json,data/amplitudes/N40_verification/N40_d18_XEB/N40_d18_r18_XEB_amplitudes.json,20,20,20,20,20,1.0,0.5308268432821911,0.44135490801911237,0.8650556197174603,1.530826843282191,1.9737991530678047,2.784557806593859e-11,0.07800316663627332,8.83353240633173
40,18,19,XEB,data/results/N40_verification/N40_d18_XEB/N40_d18_r19_XEB_counts.json,data/amplitudes/N40_verification/N40_d18_XEB/N40_d18_r19_XEB_amplitudes.json,20,20,20,20,20,1.0,0.09215691756921371,0.20622556768895733,0.4042021126703564,1.0921569175692138,0.9222687761019854,1.9866218600677054e-11,0.23927859295841397,3.3721627946439643
40,18,20,XEB,data/results/N40_verification/N40_d18_XEB/N40_d18_r20_XEB_counts.json,data/amplitudes/N40_verification/N40_d18_XEB/N40_d18_r20_XEB_amplitudes.json,20,20,20,20,20,1.0,-0.06384985309788443,0.138479337077711,0.2714195006723136,0.9361501469021155,0.6192984223697378,1.702847197342845e-11,0.10662740014592867,2.405663802815562
40,18,21,XEB,data/results/N40_verification/N40_d18_XEB/N40_d18_r21_XEB_counts.json,data/amplitudes/N40_verification/N40_d18_XEB/N40_d18_r21_XEB_amplitudes.json,20,20,20,20,20,1.0,0.3760073463963729,0.2721348090519261,0.5333842257417751,1.376007346396373,1.2170238641680637,2.5029427822962552e-11,0.08619020841733104,4.453540263604629
40,18,22,XEB,data/results/N40_verification/N40_d18_XEB/N40_d18_r22_XEB_counts.json,data/amplitudes/N40_verification/N40_d18_XEB/N40_d18_r22_XEB_amplitudes.json,20,20,20,20,20,1.0,0.7491203139961227,0.34457797418700487,0.6753728294065295,1.7491203139961224,1.5409995476626215,3.181631316685748e-11,0.047149605653945485,5.7486015384837
40,18,23,XEB,data/results/N40_verification/N40_d18_XEB/N40_d18_r23_XEB_counts.json,data/amplitudes/N40_verification/N40_d18_XEB/N40_d18_r23_XEB_amplitudes.json,20,20,20,20,20,1.0,0.3694508153713266,0.29534334376216226,0.578872953773838,1.369450815371327,1.3208155867085665,2.4910165218376767e-11,0.12133956913982072,4.285550028198757
40,18,24,XEB,data/results/N40_verification/N40_d18_XEB/N40_d18_r24_XEB_counts.json,data/amplitudes/N40_verification/N40_d18_XEB/N40_d18_r24_XEB_amplitudes.json,20,20,20,20,20,1.0,0.1732416151423521,0.16385602435810617,0.32115780774188807,1.173241615142352,0.7327864179751736,2.134114065742964e-11,0.0690632598742009,3.0176505404850644
40,18,25,XEB,data/results/N40_verification/N40_d18_XEB/N40_d18_r25_XEB_counts.json,data/amplitudes/N40_verification/N40_d18_XEB/N40_d18_r25_XEB_amplitudes.json,20,20,20,20,20,1.0,0.3278884105172586,0.29871828831602515,0.5854878450994093,1.3278884105172586,1.335908797594027,2.4154149478222438e-11,0.056765602674185275,5.440479634664924
40,18,26,XEB,data/results/N40_verification/N40_d18_XEB/N40_d18_r26_XEB_counts.json,data/amplitudes/N40_verification/N40_d18_XEB/N40_d18_r26_XEB_amplitudes.json,20,20,20,20,20,1.0,0.6523148933499548,0.2433679768504146,0.47700123462681265,1.6523148933499552,1.0883746795682445,3.0055432823245705e-11,0.07442580750164635,3.7367303420038698
40,18,27,XEB,data/results/N40_verification/N40_d18_XEB/N40_d18_r27_XEB_counts.json,data/amplitudes/N40_verification/N40_d18_XEB/N40_d18_r27_XEB_amplitudes.json,20,20,20,20,20,1.0,0.5621746351207373,0.28337309162878366,0.555411259592416,1.5621746351207375,1.2672829917524735,2.841579107772736e-11,0.12192582568405028,4.681455756350482
40,18,28,XEB,data/results/N40_verification/N40_d18_XEB/N40_d18_r28_XEB_counts.json,data/amplitudes/N40_verification/N40_d18_XEB/N40_d18_r28_XEB_amplitudes.json,20,20,20,20,20,1.0,0.5280397159365033,0.2858621138493396,0.5602897431447057,1.5280397159365031,1.2784142375178151,2.77948805148572e-11,0.18120122759045826,4.988997143270208
40,18,29,XEB,data/results/N40_verification/N40_d18_XEB/N40_d18_r29_XEB_counts.json,data/amplitudes/N40_verification/N40_d18_XEB/N40_d18_r29_XEB_amplitudes.json,20,20,20,20,20,1.0,-0.07160128716914096,0.21885786634665647,0.42896141803944665,0.9283987128308592,0.9787621331233748,1.6887474209049455e-11,0.003033479131428025,3.69025751599238
40,18,30,XEB,data/results/N40_verification/N40_d18_XEB/N40_d18_r30_XEB_counts.json,data/amplitudes/N40_verification/N40_d18_XEB/N40_d18_r30_XEB_amplitudes.json,20,20,20,20,20,1.0,0.23026249136884816,0.29951347685733487,0.5870464146403763,1.2302624913688482,1.3394649888606218,2.2378344353798607e-11,0.01869582827400213,5.399763979316864
40,18,31,XEB,data/results/N40_verification/N40_d18_XEB/N40_d18_r31_XEB_counts.json,data/amplitudes/N40_verification/N40_d18_XEB/N40_d18_r31_XEB_amplitudes.json,20,20,20,20,20,1.0,0.21685021710299796,0.359509918937501,0.704639441117502,1.216850217102998,1.6077772346593824,2.2134376506128282e-11,0.008359542116932224,6.3144780768805635
40,18,32,XEB,data/results/N40_verification/N40_d18_XEB/N40_d18_r32_XEB_counts.json,data/amplitudes/N40_verification/N40_d18_XEB/N40_d18_r32_XEB_amplitudes.json,20,20,20,20,20,1.0,0.701225905483275,0.337024190981723,0.660567414324177,1.701225905483275,1.5072180021940085,3.094511895111782e-11,0.009101229472410962,5.810097097417486
40,18,33,XEB,data/results/N40_verification/N40_d18_XEB/N40_d18_r33_XEB_counts.json,data/amplitudes/N40_verification/N40_d18_XEB/N40_d18_r33_XEB_amplitudes.json,20,20,20,20,20,1.0,-0.2630059146045478,0.155026517523838,0.3038519743467225,0.7369940853954523,0.6932996629967282,1.3405844318102978e-11,0.07714366514591955,2.9176219463677273
40,18,34,XEB,data/results/N40_verification/N40_d18_XEB/N40_d18_r34_XEB_counts.json,data/amplitudes/N40_verification/N40_d18_XEB/N40_d18_r34_XEB_amplitudes.json,20,20,20,20,20,1.0,0.11518069076285795,0.21356684317486596,0.4185910126227373,1.1151806907628579,0.9550999581580747,2.028501859536587e-11,0.04006160710035664,3.3882755563748916
40,18,35,XEB,data/results/N40_verification/N40_d18_XEB/N40_d18_r35_XEB_counts.json,data/amplitudes/N40_verification/N40_d18_XEB/N40_d18_r35_XEB_amplitudes.json,20,20,20,20,20,1.0,0.2586167020148374,0.286248253243705,0.5610465763576618,1.2586167020148373,1.280141105386998,2.289410444090822e-11,0.038947919697992855,5.497938211153715
40,18,36,XEB,data/results/N40_verification/N40_d18_XEB/N40_d18_r36_XEB_counts.json,data/amplitudes/N40_verification/N40_d18_XEB/N40_d18_r36_XEB_amplitudes.json,20,20,20,20,20,1.0,0.1377286943048619,0.2741674213356818,0.5373681458179362,1.1377286943048617,1.2261139826448215,2.0695164390506064e-11,0.04599505382979826,3.7165923143994988
40,18,37,XEB,data/results/N40_verification/N40_d18_XEB/N40_d18_r37_XEB_counts.json,data/amplitudes/N40_verification/N40_d18_XEB/N40_d18_r37_XEB_amplitudes.json,20,20,20,20,20,1.0,0.0823120965820261,0.19109760118282185,0.37455129831833084,1.0823120965820263,0.8546144531638677,1.9687142350122053e-11,0.051536760740947665,3.25988292674484
40,18,38,XEB,data/results/N40_verification/N40_d18_XEB/N40_d18_r38_XEB_counts.json,data/amplitudes/N40_verification/N40_d18_XEB/N40_d18_r38_XEB_amplitudes.json,20,20,20,20,20,1.0,-0.26032747889459673,0.14305027782504273,0.2803785445370838,0.7396725211054032,0.6397402908340526,1.3454564779847773e-11,0.023436666097821704,2.355891115298185
40,18,39,XEB,data/results/N40_verification/N40_d18_XEB/N40_d18_r39_XEB_counts.json,data/amplitudes/N40_verification/N40_d18_XEB/N40_d18_r39_XEB_amplitudes.json,20,20,20,20,20,1.0,0.8103805469133223,0.3167562723589863,0.6208422938236131,1.8103805469133225,1.416577114588262,3.293063031220886e-11,0.1330956740772345,4.771129115893646
40,18,40,XEB,data/results/N40_verification/N40_d18_XEB/N40_d18_r40_XEB_counts.json,data/amplitudes/N40_verification/N40_d18_XEB/N40_d18_r40_XEB_amplitudes.json,20,20,20,20,20,1.0,0.08564487500126562,0.36486068507447555,0.7151269427459721,1.0856448750012657,1.6317065882873405,1.974776523641168e-11,0.13373487347833607,7.4713905558657325
40,18,41,XEB,data/results/N40_verification/N40_d18_XEB/N40_d18_r41_XEB_counts.json,data/amplitudes/N40_verification/N40_d18_XEB/N40_d18_r41_XEB_amplitudes.json,20,20,20,20,20,1.0,0.4660250710124362,0.29102090813983894,0.5704009799540843,1.466025071012436,1.3014850669488032,2.666684069504183e-11,0.041132918405815636,4.205283694355614
40,18,42,XEB,data/results/N40_verification/N40_d18_XEB/N40_d18_r42_XEB_counts.json,data/amplitudes/N40_verification/N40_d18_XEB/N40_d18_r42_XEB_amplitudes.json,20,20,20,20,20,1.0,0.6894579271031509,0.4448610905013819,0.8719277373827085,1.6894579271031507,1.989479277811552,3.073106067137179e-11,0.10941782639145012,8.305500115120813
40,18,43,XEB,data/results/N40_verification/N40_d18_XEB/N40_d18_r43_XEB_counts.json,data/amplitudes/N40_verification/N40_d18_XEB/N40_d18_r43_XEB_amplitudes.json,20,20,20,20,20,1.0,0.4970192770359342,0.23233596779117907,0.45537849687071097,1.497019277035934,1.0390380351985562,2.7230622018322428e-11,0.01024024583233436,3.283579244097088
40,18,44,XEB,data/results/N40_verification/N40_d18_XEB/N40_d18_r44_XEB_counts.json,data/amplitudes/N40_verification/N40_d18_XEB/N40_d18_r44_XEB_amplitudes.json,20,20,20,20,20,1.0,0.39385528564304295,0.243898686097904,0.4780414247518918,1.3938552856430433,1.0907480834755925,2.5354079946610785e-11,0.13696734116984025,3.731229369196146
40,18,45,XEB,data/results/N40_verification/N40_d18_XEB/N40_d18_r45_XEB_counts.json,data/amplitudes/N40_verification/N40_d18_XEB/N40_d18_r45_XEB_amplitudes.json,20,20,20,20,20,1.0,-0.37593395259705603,0.15286197751257244,0.299609475924642,0.6240660474029439,0.6836195457863125,1.1351695273387011e-11,0.009232012978979683,1.9517715254886023
40,18,46,XEB,data/results/N40_verification/N40_d18_XEB/N40_d18_r46_XEB_counts.json,data/amplitudes/N40_verification/N40_d18_XEB/N40_d18_r46_XEB_amplitudes.json,20,20,20,20,20,1.0,0.5291928091343732,0.3488128117805337,0.6836731110898461,1.5291928091343734,1.5599383171282255,2.7815855157939464e-11,0.09671472494152863,5.459546886481653
40,18,47,XEB,data/results/N40_verification/N40_d18_XEB/N40_d18_r47_XEB_counts.json,data/amplitudes/N40_verification/N40_d18_XEB/N40_d18_r47_XEB_amplitudes.json,20,20,20,20,20,1.0,0.33730073854017456,0.20724224555356927,0.40619480128499574,1.3373007385401745,0.9268154977349687,2.4325358727586255e-11,0.05517985310597827,2.9542529028692632
40,18,48,XEB,data/results/N40_verification/N40_d18_XEB/N40_d18_r48_XEB_counts.json,data/amplitudes/N40_verification/N40_d18_XEB/N40_d18_r48_XEB_amplitudes.json,20,20,20,20,20,1.0,0.018021892887237868,0.27334239576171604,0.5357510956929634,1.0180218928872378,1.2224243561116948,1.8517710357395805e-11,0.007914535902579019,4.028005756677378
40,18,49,XEB,data/results/N40_verification/N40_d18_XEB/N40_d18_r49_XEB_counts.json,data/amplitudes/N40_verification/N40_d18_XEB/N40_d18_r49_XEB_amplitudes.json,20,20,20,20,20,1.0,0.39902089113106676,0.2657964568528054,0.5209610554314986,1.3990208911310669,1.1886778914029255,2.544804176306692e-11,0.12532403050221702,4.958087065105701
40,18,50,XEB,data/results/N40_verification/N40_d18_XEB/N40_d18_r50_XEB_counts.json,data/amplitudes/N40_verification/N40_d18_XEB/N40_d18_r50_XEB_amplitudes.json,20,20,20,20,20,1.0,-0.17228049911670537,0.14389112961564393,0.2820266140466621,0.8277195008832946,0.643500694359626,1.505613001214978e-11,0.028197411842005714,1.9169959273777184
40,20,1,XEB,data/results/N40_verification/N40_d20_XEB/N40_d20_r1_XEB_counts.json,data/amplitudes/N40_verification/N40_d20_XEB/N40_d20_r1_XEB_amplitudes.json,20,20,20,20,20,1.0,0.18897434215569647,0.2645065735395795,0.5184328841375758,1.1889743421556964,1.1829093578600938,2.1627317294691174e-11,0.04358228428516995,4.387569141906968
40,20,2,XEB,data/results/N40_verification/N40_d20_XEB/N40_d20_r2_XEB_counts.json,data/amplitudes/N40_verification/N40_d20_XEB/N40_d20_r2_XEB_amplitudes.json,20,20,20,20,20,1.0,0.11168167125341603,0.2761743259245721,0.5413016788121613,1.111681671253416,1.2350891328150513,2.0221371801261123e-11,0.055688565330277794,5.762090347664418
40,20,3,XEB,data/results/N40_verification/N40_d20_XEB/N40_d20_r3_XEB_counts.json,data/amplitudes/N40_verification/N40_d20_XEB/N40_d20_r3_XEB_amplitudes.json,20,20,20,20,20,1.0,-0.025710178042693443,0.22086745707701289,0.43290021587094524,0.9742898219573064,0.9877492960834356,1.7722228621229195e-11,0.03195475304088265,3.457003418340667
40,20,4,XEB,data/results/N40_verification/N40_d20_XEB/N40_d20_r4_XEB_counts.json,data/amplitudes/N40_verification/N40_d20_XEB/N40_d20_r4_XEB_amplitudes.json,20,20,20,20,20,1.0,0.008579551239204324,0.23643327985725202,0.46340922852021393,1.0085795512392044,1.0573617718080945,1.834595516337148e-11,0.007415716315680583,3.7094781858276216
40,20,5,XEB,data/results/N40_verification/N40_d20_XEB/N40_d20_r5_XEB_counts.json,data/amplitudes/N40_verification/N40_d20_XEB/N40_d20_r5_XEB_amplitudes.json,20,20,20,20,20,1.0,0.3943756575408227,0.3642476523581081,0.7139253986218919,1.3943756575408228,1.6289650226348826,2.5363545456290427e-11,0.06862701717833343,6.443319891836252
40,20,6,XEB,data/results/N40_verification/N40_d20_XEB/N40_d20_r6_XEB_counts.json,data/amplitudes/N40_verification/N40_d20_XEB/N40_d20_r6_XEB_amplitudes.json,20,20,20,20,20,1.0,0.8051156915236563,0.3408019267849582,0.667971776498518,1.8051156915236564,1.5241125503081456,3.283486315055882e-11,0.1295579963801784,4.508057253703314
40,20,7,XEB,data/results/N40_verification/N40_d20_XEB/N40_d20_r7_XEB_counts.json,data/amplitudes/N40_verification/N40_d20_XEB/N40_d20_r7_XEB_amplitudes.json,20,20,20,20,20,1.0,0.37109308184911716,0.257944510839298,0.5055712412450241,1.3710930818491172,1.1535629213192033,2.4940037871585757e-11,0.034676644083534255,3.801203888062285
40,20,8,XEB,data/results/N40_verification/N40_d20_XEB/N40_d20_r8_XEB_counts.json,data/amplitudes/N40_verification/N40_d20_XEB/N40_d20_r8_XEB_amplitudes.json,20,20,20,20,20,1.0,0.10119729014099618,0.23035808504768418,0.451501846693461,1.101197290140996,1.0301926746665995,2.0030662019798838e-11,0.017077931441834622,3.6777463938654824
40,20,9,XEB,data/results/N40_verification/N40_d20_XEB/N40_d20_r9_XEB_counts.json,data/amplitudes/N40_verification/N40_d20_XEB/N40_d20_r9_XEB_amplitudes.json,20,20,20,20,20,1.0,0.005641288121169175,0.2326347230278648,0.455964057134615,1.005641288121169,1.0403741092342829,1.829250846860612e-11,0.04753691119738297,4.212655055972474
40,20,10,XEB,data/results/N40_verification/N40_d20_XEB/N40_d20_r10_XEB_counts.json,data/amplitudes/N40_verification/N40_d20_XEB/N40_d20_r10_XEB_amplitudes.json,20,20,20,20,20,1.0,0.2597154665254596,0.30641162406621286,0.6005667831697772,1.2597154665254595,1.3703144410163248,2.291409085092636e-11,0.1295891707805744,5.986879368702445
40,20,11,XEB,data/results/N40_verification/N40_d20_XEB/N40_d20_r11_XEB_counts.json,data/amplitudes/N40_verification/N40_d20_XEB/N40_d20_r11_XEB_amplitudes.json,20,20,20,20,20,1.0,0.5196244480446596,0.29918343277287035,0.5863995282348259,1.5196244480446597,1.337988986843753,2.7641807683624568e-11,0.11312524223063303,5.678244634866518
40,20,12,XEB,data/results/N40_verification/N40_d20_XEB/N40_d20_r12_XEB_counts.json,data/amplitudes/N40_verification/N40_d20_XEB/N40_d20_r12_XEB_amplitudes.json,20,20,20,20,20,1.0,0.03442853267566255,0.2193728968393608,0.42997087780514714,1.0344285326756624,0.9810654195077189,1.8816145396625188e-11,0.06587211897476045,2.9558933118740147
40,20,13,XEB,data/results/N40_verification/N40_d20_XEB/N40_d20_r13_XEB_counts.json,data/amplitudes/N40_verification/N40_d20_XEB/N40_d20_r13_XEB_amplitudes.json,20,20,20,20,20,1.0,0.20515015857965951,0.28074119758481153,0.5502527472662306,1.2051501585796596,1.255512803768677,2.1921553681380092e-11,0.04038556715572697,4.259424418606596
40,20,14,XEB,data/results/N40_verification/N40_d20_XEB/N40_d20_r14_XEB_counts.json,data/amplitudes/N40_verification/N40_d20_XEB/N40_d20_r14_XEB_amplitudes.json,20,20,20,20,20,1.0,0.4039125968968026,0.2944837104403803,0.5771880724631454,1.4039125968968027,1.3169711896221097,2.5537021372598294e-11,0.11691911076733283,4.547663255288183
40,20,15,XEB,data/results/N40_verification/N40_d20_XEB/N40_d20_r15_XEB_counts.json,data/amplitudes/N40_verification/N40_d20_XEB/N40_d20_r15_XEB_amplitudes.json,20,20,20,20,20,1.0,0.594087497415266,0.4834951356111286,0.9476504657978121,1.594087497415266,2.1622559800339256,2.8996282661233017e-11,0.041794242962298125,9.300982368672928
40,20,16,XEB,data/results/N40_verification/N40_d20_XEB/N40_d20_r16_XEB_counts.json,data/amplitudes/N40_verification/N40_d20_XEB/N40_d20_r16_XEB_amplitudes.json,20,20,20,20,20,1.0,-0.2917449248889164,0.16219577085024028,0.31790371086647096,0.7082550751110835,0.7253615385682323,1.2883084766346356e-11,0.012988396120844604,2.3830362010647206
40,20,17,XEB,data/results/N40_verification/N40_d20_XEB/N40_d20_r17_XEB_counts.json,data/amplitudes/N40_verification/N40_d20_XEB/N40_d20_r17_XEB_amplitudes.json,20,20,20,20,20,1.0,0.11743144326931279,0.21373143803946704,0.41891361855735537,1.1174314432693129,0.9558360487700653,2.032595954495833e-11,0.10533735078687223,4.002065557619874
40,20,18,XEB,data/results/N40_verification/N40_d20_XEB/N40_d20_r18_XEB_counts.json,data/amplitudes/N40_verification/N40_d20_XEB/N40_d20_r18_XEB_amplitudes.json,20,20,20,20,20,1.0,0.8646494635288275,0.47787328985822897,0.9366316481221287,1.8646494635288278,2.1371143215089217,3.3917776154864037e-11,0.09211553095998752,10.077633294817556
40,20,19,XEB,data/results/N40_verification/N40_d20_XEB/N40_d20_r19_XEB_counts.json,data/amplitudes/N40_verification/N40_d20_XEB/N40_d20_r19_XEB_amplitudes.json,20,20,20,20,20,1.0,0.33287014708068186,0.2915662196733039,0.5714697905596756,1.3328701470806819,1.303923774264288,2.4244766738423674e-11,0.008570531364441917,4.480284402565975
40,20,20,XEB,data/results/N40_verification/N40_d20_XEB/N40_d20_r20_XEB_counts.json,data/amplitudes/N40_verification/N40_d20_XEB/N40_d20_r20_XEB_amplitudes.json,20,20,20,20,20,1.0,0.14790954694142125,0.18316247842004754,0.3589984577032932,1.147909546941421,0.8191275053491291,2.08803530211557e-11,0.03192262273577101,3.7400317532001255
40,20,21,XEB,data/results/N40_verification/N40_d20_XEB/N40_d20_r21_XEB_counts.json,data/amplitudes/N40_verification/N40_d20_XEB/N40_d20_r21_XEB_amplitudes.json,20,20,20,20,20,1.0,0.12051401313902244,0.3044756220919958,0.5967722193003118,1.1205140131390223,1.3616563769784789,2.0382031164245242e-11,0.04756147729994087,5.191037124424654
40,20,22,XEB,data/results/N40_verification/N40_d20_XEB/N40_d20_r22_XEB_counts.json,data/amplitudes/N40_verification/N40_d20_XEB/N40_d20_r22_XEB_amplitudes.json,20,20,20,20,20,1.0,0.3156693921630075,0.2738531656987675,0.5367522047695843,1.3156693921630076,1.2247085887119158,2.3931886829141287e-11,0.057091916762563616,4.6252919173805545
40,20,23,XEB,data/results/N40_verification/N40_d20_XEB/N40_d20_r23_XEB_counts.json,data/amplitudes/N40_verification/N40_d20_XEB/N40_d20_r23_XEB_amplitudes.json,20,20,20,20,20,1.0,0.5703009033220282,0.30328313249308747,0.5944349396864514,1.570300903322028,1.3563234013672378,2.8563607035212556e-11,0.1853339694684369,5.718929156514674
40,20,24,XEB,data/results/N40_verification/N40_d20_XEB/N40_d20_r24_XEB_counts.json,data/amplitudes/N40_verification/N40_d20_XEB/N40_d20_r24_XEB_amplitudes.json,20,20,20,20,20,1.0,-0.11988195976341623,0.1826671631357222,0.35802763974601554,0.8801180402365837,0.816912388057037,1.6009253890598915e-11,0.008296826854692416,2.538613396513248
40,20,25,XEB,data/results/N40_verification/N40_d20_XEB/N40_d20_r25_XEB_counts.json,data/amplitudes/N40_verification/N40_d20_XEB/N40_d20_r25_XEB_amplitudes.json,20,20,20,20,20,1.0,0.9178601357397304,0.35950748599062665,0.7046346725416283,1.9178601357397298,1.6077663541901888,3.4885672643935864e-11,0.22087703797380745,5.891418376783154
40,20,26,XEB,data/results/N40_verification/N40_d20_XEB/N40_d20_r26_XEB_counts.json,data/amplitudes/N40_verification/N40_d20_XEB/N40_d20_r26_XEB_amplitudes.json,20,20,20,20,20,1.0,0.19440767526830177,0.21949763605227135,0.43021536666245186,1.1944076752683017,0.9816232702267746,2.1726149048268812e-11,0.00705631910076336,3.1985525943629285
40,20,27,XEB,data/results/N40_verification/N40_d20_XEB/N40_d20_r27_XEB_counts.json,data/amplitudes/N40_verification/N40_d20_XEB/N40_d20_r27_XEB_amplitudes.json,20,20,20,20,20,1.0,0.1557288241087535,0.19074413193818557,0.3738584985988437,1.1557288241087538,0.8530336906459433,2.102258484426336e-11,0.15997239235354688,2.8878574699652724
40,20,28,XEB,data/results/N40_verification/N40_d20_XEB/N40_d20_r28_XEB_counts.json,data/amplitudes/N40_verification/N40_d20_XEB/N40_d20_r28_XEB_amplitudes.json,20,20,20,20,20,1.0,0.2679687362329735,0.2473051895549161,0.4847181715276355,1.2679687362329735,1.1059824300665266,2.3064216952352096e-11,0.13688228083548076,3.772320407643627
40,20,29,XEB,data/results/N40_verification/N40_d20_XEB/N40_d20_r29_XEB_counts.json,data/amplitudes/N40_verification/N40_d20_XEB/N40_d20_r29_XEB_amplitudes.json,20,20,20,20,20,1.0,0.2502860651016798,0.2616846075517158,0.512901830801363,1.25028606510168,1.1702891423019826,2.2742571038210007e-11,0.005086630426224028,4.246031298785532
40,20,30,XEB,data/results/N40_verification/N40_d20_XEB/N40_d20_r30_XEB_counts.json,data/amplitudes/N40_verification/N40_d20_XEB/N40_d20_r30_XEB_amplitudes.json,20,20,20,20,20,1.0,0.4358841270651821,0.2780369311256119,0.5449523850061994,1.4358841270651819,1.2434189565045906,2.611858011851258e-11,0.13324656655648756,4.730905281355286
40,20,31,XEB,data/results/N40_verification/N40_d20_XEB/N40_d20_r31_XEB_counts.json,data/amplitudes/N40_verification/N40_d20_XEB/N40_d20_r31_XEB_amplitudes.json,20,20,20,20,20,1.0,-0.02249427357187859,0.2505230139219599,0.4910251072870414,0.9775057264281214,1.1203729781152572,1.7780725582781477e-11,0.06458942854638347,4.320439002113231
40,20,32,XEB,data/results/N40_verification/N40_d20_XEB/N40_d20_r32_XEB_counts.json,data/amplitudes/N40_verification/N40_d20_XEB/N40_d20_r32_XEB_amplitudes.json,20,20,20,20,20,1.0,0.21859008137076125,0.2163546056156123,0.4240550270066001,1.218590081370761,0.9675672108033337,2.2166024452794976e-11,0.12546092497922323,4.546229949087419
40,20,33,XEB,data/results/N40_verification/N40_d20_XEB/N40_d20_r33_XEB_counts.json,data/amplitudes/N40_verification/N40_d20_XEB/N40_d20_r33_XEB_amplitudes.json,20,20,20,20,20,1.0,0.2086264066956931,0.23924317317932273,0.46891661943147256,1.208626406695693,1.06992799676344,2.1984786266251705e-11,0.06103991592981644,4.232315665715288
40,20,34,XEB,data/results/N40_verification/N40_d20_XEB/N40_d20_r34_XEB_counts.json,data/amplitudes/N40_verification/N40_d20_XEB/N40_d20_r34_XEB_amplitudes.json,20,20,20,20,20,1.0,0.17590280080301512,0.183834164444928,0.3603149623120589,1.175902800803015,0.8221313765714678,2.1389547342605783e-11,0.035182642479617166,2.7644363184857723
40,20,35,XEB,data/results/N40_verification/N40_d20_XEB/N40_d20_r35_XEB_counts.json,data/amplitudes/N40_verification/N40_d20_XEB/N40_d20_r35_XEB_amplitudes.json,20,20,20,20,20,1.0,0.23985431863577933,0.22914496813622276,0.4491241375469966,1.239854318635779,1.0247674509092348,2.2552818675390502e-11,0.0036973727384822267,3.152934162253449
40,20,36,XEB,data/results/N40_verification/N40_d20_XEB/N40_d20_r36_XEB_counts.json,data/amplitudes/N40_verification/N40_d20_XEB/N40_d20_r36_XEB_amplitudes.json,20,20,20,20,20,1.0,0.09398456671304918,0.18350304150966634,0.359665961358946,1.0939845667130492,0.8206505497871592,1.9899463344937418e-11,0.05744840939010443,2.5937309892495075
40,20,37,XEB,data/results/N40_verification/N40_d20_XEB/N40_d20_r37_XEB_counts.json,data/amplitudes/N40_verification/N40_d20_XEB/N40_d20_r37_XEB_amplitudes.json,20,20,20,20,20,1.0,0.6140618921100135,0.3191402107135972,0.6255148129986505,1.6140618921100138,1.4272384110184202,2.9359614784152906e-11,0.12204279291016902,4.328483351747263
40,20,38,XEB,data/results/N40_verification/N40_d20_XEB/N40_d20_r38_XEB_counts.json,data/amplitudes/N40_verification/N40_d20_XEB/N40_d20_r38_XEB_amplitudes.json,20,20,20,20,20,1.0,1.4843596299321697,0.4461251098810501,0.8744052153668581,2.48435962993217,1.9951321443271823,4.5190238414437226e-11,0.017410479033808917,7.2519936311557185
40,20,39,XEB,data/results/N40_verification/N40_d20_XEB/N40_d20_r39_XEB_counts.json,data/amplitudes/N40_verification/N40_d20_XEB/N40_d20_r39_XEB_amplitudes.json,20,20,20,20,20,1.0,0.7065135325778942,0.41619788981327055,0.8157478640340102,1.7065135325778944,1.8612935474288805,3.1041300327667965e-11,0.010361479935616787,6.400373585297475
40,20,40,XEB,data/results/N40_verification/N40_d20_XEB/N40_d20_r40_XEB_counts.json,data/amplitudes/N40_verification/N40_d20_XEB/N40_d20_r40_XEB_amplitudes.json,20,20,20,20,20,1.0,0.044251238117865944,0.19939559477140079,0.39081536575194553,1.044251238117866,0.8917242086457076,1.899481936776039e-11,0.05973261762267398,3.160709128504288
40,20,41,XEB,data/results/N40_verification/N40_d20_XEB/N40_d20_r41_XEB_counts.json,data/amplitudes/N40_verification/N40_d20_XEB/N40_d20_r41_XEB_amplitudes.json,20,20,20,20,20,1.0,0.23083775318391603,0.2442411205569335,0.4787125962915897,1.2308377531839159,1.092279496932049,2.2388808305257334e-11,0.18876273704026653,4.607675874702372
40,20,42,XEB,data/results/N40_verification/N40_d20_XEB/N40_d20_r42_XEB_counts.json,data/amplitudes/N40_verification/N40_d20_XEB/N40_d20_r42_XEB_amplitudes.json,20,20,20,20,20,1.0,0.5811564420908636,0.3262177555206867,0.639386800820546,1.5811564420908637,1.4588901536233256,2.8761068135115486e-11,0.049112339131252236,4.665135928736306
40,20,43,XEB,data/results/N40_verification/N40_d20_XEB/N40_d20_r43_XEB_counts.json,data/amplitudes/N40_verification/N40_d20_XEB/N40_d20_r43_XEB_amplitudes.json,20,20,20,20,20,1.0,0.09703321206586295,0.1727610395897514,0.33861163759591273,1.0970332120658628,0.772610856772433,1.995491788085679e-11,0.13348197066973622,2.912240925449012
40,20,44,XEB,data/results/N40_verification/N40_d20_XEB/N40_d20_r44_XEB_counts.json,data/amplitudes/N40_verification/N40_d20_XEB/N40_d20_r44_XEB_amplitudes.json,20,20,20,20,20,1.0,0.2219530185458157,0.18129458733991313,0.35533739118622976,1.2219530185458154,0.8107740424896369,2.2227195923657117e-11,0.07549250240673336,3.346262356834262
40,20,45,XEB,data/results/N40_verification/N40_d20_XEB/N40_d20_r45_XEB_counts.json,data/amplitudes/N40_verification/N40_d20_XEB/N40_d20_r45_XEB_amplitudes.json,20,20,20,20,20,1.0,-0.21477823575383015,0.17935339089203634,0.3515326461483912,0.7852217642461699,0.8020927480593697,1.4283100685973656e-11,0.003244575941120403,2.6464655205563816
40,20,46,XEB,data/results/N40_verification/N40_d20_XEB/N40_d20_r46_XEB_counts.json,data/amplitudes/N40_verification/N40_d20_XEB/N40_d20_r46_XEB_amplitudes.json,20,20,20,20,20,1.0,0.5177743072068396,0.24168882800473326,0.4737101028892772,1.5177743072068395,1.080865297641677,2.7608153817833946e-11,0.019501128039651816,3.5638932188411836
40,20,47,XEB,data/results/N40_verification/N40_d20_XEB/N40_d20_r47_XEB_counts.json,data/amplitudes/N40_verification/N40_d20_XEB/N40_d20_r47_XEB_amplitudes.json,20,20,20,20,20,1.0,0.5208503955116159,0.25108453272997133,0.4921256841507438,1.5208503955116162,1.1228841665659735,2.7664107538141544e-11,0.01867696203974953,3.367580505169763
40,20,48,XEB,data/results/N40_verification/N40_d20_XEB/N40_d20_r48_XEB_counts.json,data/amplitudes/N40_verification/N40_d20_XEB/N40_d20_r48_XEB_amplitudes.json,20,20,20,20,20,1.0,-0.18653559440681888,0.2591516985636185,0.5079373291846923,0.8134644055931812,1.1589616289455713,1.4796831339357253e-11,0.02134260986266334,4.7485813015123375
40,20,49,XEB,data/results/N40_verification/N40_d20_XEB/N40_d20_r49_XEB_counts.json,data/amplitudes/N40_verification/N40_d20_XEB/N40_d20_r49_XEB_amplitudes.json,20,20,20,20,20,1.0,1.0699613694480377,0.556234892938082,1.0902203901586407,2.0699613694480377,2.4875580641337383,3.76523779677525e-11,0.025847135754335,10.32506055480837
40,20,50,XEB,data/results/N40_verification/N40_d20_XEB/N40_d20_r50_XEB_counts.json,data/amplitudes/N40_verification/N40_d20_XEB/N40_d20_r50_XEB_amplitudes.json,20,20,20,20,20,1.0,0.24036318824255526,0.2650288478038884,0.5194565416956213,1.2403631882425552,1.1852450393758807,2.2562074959615624e-11,0.0025136110763555753,4.425778599269057
