scenario,mean_risk,p90_risk,share_slr_ge_4,share_slr_ge_7,mean_future_tc_hazard
ssp245,0.27314755749794667,0.40139778247473523,0.9979688114270738,0.8380727733368278,0.1433877386823037
ssp370,0.35514836892992546,0.4915325744440394,0.9999781592626568,0.9979688114270738,0.155032881691658
ssp585,0.37668763066661104,0.5202995588475828,1.0,0.9979688114270738,0.16670382083653376
