source,benchmark,band_index,mu95_lower_eV,mu95_upper_eV
M33_X-7,eddington,1,1.470058675294417e-13,7.866681790071574e-12
M33_X-7,hubble,1,9.817117022752184e-14,7.866681790071574e-12
IRAS_09149-6206,hubble,1,1.8009888415078622e-19,5.086427113992609e-19
Combined,eddington,1,1.470058675294417e-13,7.866681790071574e-12
Combined,hubble,1,1.8009888415078622e-19,5.086427113992609e-19
Combined,hubble,2,9.817117022752184e-14,7.866681790071574e-12
