source,benchmark,mu95_lower_eV,mu95_upper_eV,peak_probability,peak_mu_eV
M33_X-7,eddington,1.470058675294417e-13,7.866681790071574e-12,1.0,1.7477727744646843e-13
M33_X-7,hubble,9.817117022752184e-14,7.866681790071574e-12,1.0,1.1671704092126606e-13
IRAS_09149-6206,eddington,,,0.9412,3.2063580957698237e-19
IRAS_09149-6206,hubble,1.8009888415078622e-19,5.086427113992609e-19,0.9943,3.026648059395683e-19
Combined,eddington,1.470058675294417e-13,7.866681790071574e-12,1.0,1.7477727744646843e-13
Combined,hubble,9.817117022752184e-14,7.866681790071574e-12,1.0,1.1671704092126606e-13
