source,label,parameter,q05,q16,q50,q84,q95,mean,std
M33_X-7,M33 X-7,mass_msun,13.2344736495,14.1743844736,15.6612195,17.1718782056,18.11000597,15.669945686991296,1.4916658005485204
M33_X-7,M33 X-7,spin,0.7249242124,0.7766329778,0.8363655172,0.8853996913,0.9045675957,0.8292878422894994,0.05524707949904426
M33_X-7,M33 X-7,mass_spin_correlation,,,,,,0.8845469033376981,
IRAS_09149-6206,IRAS 09149-6206,mass_msun,37270266.765,55701541.85040001,106263531.2,180319267.988,254103706.51,119836111.788549,70912552.09356456
IRAS_09149-6206,IRAS 09149-6206,spin,0.8897907612,0.909988061716,0.9358465941,0.954670399872,0.9632067853499999,0.9325970409883099,0.02211101994785058
IRAS_09149-6206,IRAS 09149-6206,mass_spin_correlation,,,,,,0.00993205060766136,
