image,height,width,pixels,entropy_bits,threshold,dark_threshold,dark_ratio,saliency_ratio,edge_ratio,bbox_ratio,components,median_component_area,task_focus
equation,344,1050,361200,0.49417753201060177,1.0,0.985,0.05701273532668882,0.1886046511627907,0.09213732004429678,0.5855703211517165,25,501.0,OCR and formula-to-LaTeX
doge,799,1200,958800,1.4437587620715246,1.0,0.985,0.15965999165623695,0.20702544847726326,0.1,0.5988579474342929,34,72.0,Meme semantics and joint text-image reasoning
