rank,candidate_id,dataset_index,predicted_probability,predicted_label_at_threshold,hidden_true_label,metallicity_proxy,anisotropy_proxy,n_atoms,n_edges,edge_density
1,CAND_0618,618,0.05855626870782012,1,0,metal-like (graph proxy),d-wave-like high-confidence,4.0,4.0,0.3333333333333333
2,CAND_0263,263,0.05855626870782012,1,0,metal-like (graph proxy),d-wave-like high-confidence,4.0,3.0,0.25
3,CAND_0180,180,0.05855626870782012,1,0,insulator-like (graph proxy),d-wave-like high-confidence,6.0,4.0,0.13333333333333333
4,CAND_0293,293,0.05833781874261542,1,0,insulator-like (graph proxy),d-wave-like high-confidence,6.0,5.0,0.16666666666666666
5,CAND_0143,143,0.05833781874261542,1,0,metal-like (graph proxy),d-wave-like high-confidence,10.0,12.0,0.13333333333333333
6,CAND_0244,244,0.05833781874261542,1,0,insulator-like (graph proxy),d-wave-like high-confidence,4.0,1.0,0.08333333333333333
7,CAND_0820,820,0.05833781874261542,1,0,metal-like (graph proxy),d-wave-like high-confidence,6.0,6.0,0.2
8,CAND_0936,936,0.05833781874261542,1,0,metal-like (graph proxy),d-wave-like high-confidence,4.0,4.0,0.3333333333333333
9,CAND_0251,251,0.05833781874261542,1,0,metal-like (graph proxy),d-wave-like high-confidence,6.0,6.0,0.2
10,CAND_0193,193,0.0581201334156787,1,0,metal-like (graph proxy),d-wave-like high-confidence,4.0,4.0,0.3333333333333333
11,CAND_0917,917,0.05790321042545029,1,1,metal-like (graph proxy),d-wave-like high-confidence,4.0,2.0,0.16666666666666666
12,CAND_0653,653,0.05790321042545029,1,0,metal-like (graph proxy),d-wave-like high-confidence,4.0,3.0,0.25
13,CAND_0658,658,0.05790321042545029,1,0,metal-like (graph proxy),d-wave-like high-confidence,4.0,3.0,0.25
14,CAND_0162,162,0.05790321042545029,1,0,metal-like (graph proxy),d-wave-like high-confidence,18.0,26.0,0.08496732026143791
15,CAND_0214,214,0.05790321042545029,1,0,insulator-like (graph proxy),d-wave-like high-confidence,16.0,10.0,0.041666666666666664
16,CAND_0945,945,0.05790321042545029,1,0,insulator-like (graph proxy),d-wave-like high-confidence,4.0,2.0,0.16666666666666666
17,CAND_0271,271,0.05790321042545029,1,0,insulator-like (graph proxy),d-wave-like high-confidence,8.0,8.0,0.14285714285714285
18,CAND_0719,719,0.05790321042545029,1,0,insulator-like (graph proxy),d-wave-like high-confidence,6.0,2.0,0.06666666666666667
19,CAND_0747,747,0.05790321042545029,1,0,metal-like (graph proxy),d-wave-like high-confidence,8.0,8.0,0.14285714285714285
20,CAND_0286,286,0.057687047474492006,1,0,insulator-like (graph proxy),d-wave-like high-confidence,6.0,2.0,0.06666666666666667
21,CAND_0267,267,0.057687047474492006,1,1,insulator-like (graph proxy),d-wave-like high-confidence,10.0,10.0,0.1111111111111111
22,CAND_0485,485,0.057687047474492006,1,0,insulator-like (graph proxy),d-wave-like high-confidence,16.0,14.0,0.058333333333333334
23,CAND_0580,580,0.057687047474492006,1,0,metal-like (graph proxy),d-wave-like high-confidence,20.0,52.0,0.1368421052631579
24,CAND_0104,104,0.057687047474492006,1,0,metal-like (graph proxy),d-wave-like high-confidence,4.0,2.0,0.16666666666666666
25,CAND_0340,340,0.057687047474492006,1,0,insulator-like (graph proxy),d-wave-like high-confidence,6.0,2.0,0.06666666666666667
26,CAND_0371,371,0.057687047474492006,1,0,metal-like (graph proxy),d-wave-like high-confidence,10.0,16.0,0.17777777777777778
27,CAND_0897,897,0.057687047474492006,1,0,insulator-like (graph proxy),d-wave-like high-confidence,12.0,16.0,0.12121212121212122
28,CAND_0806,806,0.057687047474492006,1,0,insulator-like (graph proxy),d-wave-like high-confidence,4.0,2.0,0.16666666666666666
29,CAND_0246,246,0.057687047474492006,1,0,metal-like (graph proxy),d-wave-like high-confidence,6.0,2.0,0.06666666666666667
30,CAND_0047,47,0.057687047474492006,1,0,insulator-like (graph proxy),d-wave-like high-confidence,6.0,4.0,0.13333333333333333
31,CAND_0981,981,0.057687047474492006,1,0,insulator-like (graph proxy),d-wave-like high-confidence,6.0,6.0,0.2
32,CAND_0959,959,0.057687047474492006,1,0,insulator-like (graph proxy),d-wave-like high-confidence,6.0,5.0,0.16666666666666666
33,CAND_0505,505,0.05747164226950215,1,0,metal-like (graph proxy),d-wave-like high-confidence,4.0,2.0,0.16666666666666666
34,CAND_0416,416,0.05747164226950215,1,0,insulator-like (graph proxy),d-wave-like high-confidence,8.0,8.0,0.14285714285714285
35,CAND_0388,388,0.05747164226950215,1,0,metal-like (graph proxy),d-wave-like high-confidence,4.0,4.0,0.3333333333333333
36,CAND_0885,885,0.05747164226950215,1,0,insulator-like (graph proxy),d-wave-like high-confidence,6.0,2.0,0.06666666666666667
37,CAND_0101,101,0.05747164226950215,1,0,metal-like (graph proxy),d-wave-like high-confidence,4.0,4.0,0.3333333333333333
38,CAND_0560,560,0.05747164226950215,1,0,metal-like (graph proxy),d-wave-like high-confidence,8.0,4.0,0.07142857142857142
39,CAND_0903,903,0.05747164226950215,1,0,metal-like (graph proxy),d-wave-like high-confidence,4.0,2.0,0.16666666666666666
40,CAND_0875,875,0.05747164226950215,1,0,insulator-like (graph proxy),d-wave-like high-confidence,12.0,18.0,0.13636363636363635
41,CAND_0043,43,0.05747164226950215,1,0,metal-like (graph proxy),d-wave-like high-confidence,6.0,2.0,0.06666666666666667
42,CAND_0767,767,0.05747164226950215,1,0,insulator-like (graph proxy),d-wave-like high-confidence,10.0,8.0,0.08888888888888889
43,CAND_0282,282,0.05747164226950215,1,0,metal-like (graph proxy),d-wave-like high-confidence,8.0,8.0,0.14285714285714285
44,CAND_0041,41,0.05747164226950215,1,1,insulator-like (graph proxy),d-wave-like high-confidence,6.0,6.0,0.2
45,CAND_0859,859,0.05747164226950215,1,0,insulator-like (graph proxy),d-wave-like high-confidence,8.0,4.0,0.07142857142857142
46,CAND_0528,528,0.05747164226950215,1,0,metal-like (graph proxy),d-wave-like high-confidence,4.0,4.0,0.3333333333333333
47,CAND_0496,496,0.05747164226950215,1,0,metal-like (graph proxy),d-wave-like high-confidence,4.0,4.0,0.3333333333333333
48,CAND_0044,44,0.05725699252133056,1,0,metal-like (graph proxy),d-wave-like high-confidence,8.0,8.0,0.14285714285714285
49,CAND_0839,839,0.05725699252133056,1,1,metal-like (graph proxy),d-wave-like high-confidence,4.0,2.0,0.16666666666666666
50,CAND_0304,304,0.05725699252133056,1,0,insulator-like (graph proxy),d-wave-like high-confidence,16.0,10.0,0.041666666666666664
51,CAND_0862,862,0.05725699252133056,1,0,insulator-like (graph proxy),d-wave-like high-confidence,8.0,4.0,0.07142857142857142
52,CAND_0291,291,0.05725699252133056,1,0,insulator-like (graph proxy),d-wave-like high-confidence,6.0,6.0,0.2
53,CAND_0743,743,0.05725699252133056,1,0,metal-like (graph proxy),d-wave-like high-confidence,6.0,4.0,0.13333333333333333
54,CAND_0637,637,0.05725699252133056,1,0,insulator-like (graph proxy),d-wave-like high-confidence,4.0,2.0,0.16666666666666666
55,CAND_0403,403,0.05725699252133056,1,0,insulator-like (graph proxy),d-wave-like high-confidence,4.0,2.0,0.16666666666666666
56,CAND_0127,127,0.05725699252133056,1,0,insulator-like (graph proxy),d-wave-like high-confidence,10.0,14.0,0.15555555555555556
57,CAND_0087,87,0.05725699252133056,1,0,metal-like (graph proxy),d-wave-like high-confidence,4.0,4.0,0.3333333333333333
58,CAND_0996,996,0.05725699252133056,1,0,metal-like (graph proxy),d-wave-like high-confidence,8.0,10.0,0.17857142857142858
59,CAND_0991,991,0.05725699252133056,1,0,insulator-like (graph proxy),d-wave-like high-confidence,6.0,5.0,0.16666666666666666
60,CAND_0749,749,0.05725699252133056,1,0,metal-like (graph proxy),d-wave-like high-confidence,4.0,4.0,0.3333333333333333
61,CAND_0023,23,0.05725699252133056,1,0,metal-like (graph proxy),d-wave-like high-confidence,4.0,3.0,0.25
62,CAND_0027,27,0.05725699252133056,1,0,insulator-like (graph proxy),d-wave-like high-confidence,4.0,2.0,0.16666666666666666
63,CAND_0940,940,0.05725699252133056,1,0,insulator-like (graph proxy),d-wave-like high-confidence,6.0,5.0,0.16666666666666666
64,CAND_0865,865,0.057043095944993114,1,0,metal-like (graph proxy),d-wave-like high-confidence,4.0,2.0,0.16666666666666666
65,CAND_0285,285,0.057043095944993114,1,0,insulator-like (graph proxy),d-wave-like high-confidence,8.0,10.0,0.17857142857142858
66,CAND_0840,840,0.057043095944993114,1,0,insulator-like (graph proxy),d-wave-like high-confidence,8.0,4.0,0.07142857142857142
67,CAND_0273,273,0.057043095944993114,1,0,insulator-like (graph proxy),d-wave-like high-confidence,10.0,4.0,0.044444444444444446
68,CAND_0264,264,0.057043095944993114,1,0,metal-like (graph proxy),d-wave-like high-confidence,4.0,3.0,0.25
69,CAND_0868,868,0.057043095944993114,1,0,metal-like (graph proxy),d-wave-like high-confidence,4.0,2.0,0.16666666666666666
70,CAND_0172,172,0.057043095944993114,1,0,metal-like (graph proxy),d-wave-like high-confidence,8.0,4.0,0.07142857142857142
71,CAND_0001,1,0.057043095944993114,1,0,metal-like (graph proxy),d-wave-like high-confidence,4.0,2.0,0.16666666666666666
72,CAND_0218,218,0.057043095944993114,1,0,insulator-like (graph proxy),d-wave-like high-confidence,6.0,6.0,0.2
73,CAND_0006,6,0.057043095944993114,1,1,insulator-like (graph proxy),d-wave-like high-confidence,6.0,5.0,0.16666666666666666
74,CAND_0571,571,0.057043095944993114,1,0,insulator-like (graph proxy),d-wave-like high-confidence,8.0,6.0,0.10714285714285714
75,CAND_0014,14,0.057043095944993114,1,0,metal-like (graph proxy),d-wave-like high-confidence,4.0,3.0,0.25
76,CAND_0035,35,0.057043095944993114,1,0,metal-like (graph proxy),d-wave-like high-confidence,4.0,3.0,0.25
77,CAND_0691,691,0.056829950259686395,1,0,insulator-like (graph proxy),d-wave-like high-confidence,8.0,4.0,0.07142857142857142
78,CAND_0867,867,0.056829950259686395,1,0,metal-like (graph proxy),d-wave-like high-confidence,4.0,4.0,0.3333333333333333
79,CAND_0076,76,0.056829950259686395,1,0,insulator-like (graph proxy),d-wave-like high-confidence,4.0,2.0,0.16666666666666666
80,CAND_0068,68,0.056829950259686395,1,0,insulator-like (graph proxy),d-wave-like high-confidence,8.0,6.0,0.10714285714285714
81,CAND_0466,466,0.056829950259686395,1,0,metal-like (graph proxy),d-wave-like high-confidence,20.0,56.0,0.14736842105263157
82,CAND_0007,7,0.056829950259686395,1,0,insulator-like (graph proxy),d-wave-like high-confidence,8.0,6.0,0.10714285714285714
83,CAND_0591,591,0.056829950259686395,1,0,metal-like (graph proxy),d-wave-like high-confidence,20.0,46.0,0.12105263157894737
84,CAND_0495,495,0.056829950259686395,1,0,insulator-like (graph proxy),d-wave-like high-confidence,18.0,20.0,0.06535947712418301
85,CAND_0355,355,0.056829950259686395,1,0,metal-like (graph proxy),d-wave-like high-confidence,6.0,6.0,0.2
86,CAND_0550,550,0.056829950259686395,1,0,insulator-like (graph proxy),d-wave-like high-confidence,20.0,40.0,0.10526315789473684
87,CAND_0909,909,0.056829950259686395,1,0,metal-like (graph proxy),d-wave-like high-confidence,4.0,2.0,0.16666666666666666
88,CAND_0070,70,0.056829950259686395,1,0,insulator-like (graph proxy),d-wave-like high-confidence,10.0,12.0,0.13333333333333333
89,CAND_0941,941,0.056829950259686395,1,0,metal-like (graph proxy),d-wave-like high-confidence,4.0,3.0,0.25
90,CAND_0808,808,0.056829950259686395,1,0,metal-like (graph proxy),d-wave-like high-confidence,10.0,14.0,0.15555555555555556
91,CAND_0825,825,0.056829950259686395,1,0,insulator-like (graph proxy),d-wave-like high-confidence,14.0,10.0,0.054945054945054944
92,CAND_0998,998,0.056829950259686395,1,0,insulator-like (graph proxy),d-wave-like high-confidence,6.0,4.0,0.13333333333333333
93,CAND_0878,878,0.056829950259686395,1,0,metal-like (graph proxy),d-wave-like high-confidence,4.0,4.0,0.3333333333333333
94,CAND_0297,297,0.056829950259686395,1,0,insulator-like (graph proxy),d-wave-like high-confidence,4.0,2.0,0.16666666666666666
95,CAND_0345,345,0.056617553188801746,1,0,insulator-like (graph proxy),d-wave-like high-confidence,6.0,6.0,0.2
96,CAND_0660,660,0.056617553188801746,1,1,metal-like (graph proxy),d-wave-like high-confidence,12.0,8.0,0.06060606060606061
97,CAND_0797,797,0.056617553188801746,1,0,insulator-like (graph proxy),d-wave-like high-confidence,8.0,6.0,0.10714285714285714
98,CAND_0762,762,0.056617553188801746,1,0,metal-like (graph proxy),d-wave-like high-confidence,8.0,6.0,0.10714285714285714
99,CAND_0823,823,0.056617553188801746,1,0,metal-like (graph proxy),d-wave-like high-confidence,8.0,8.0,0.14285714285714285
100,CAND_0161,161,0.056617553188801746,1,0,insulator-like (graph proxy),d-wave-like high-confidence,8.0,8.0,0.14285714285714285
101,CAND_0963,963,0.056617553188801746,1,0,metal-like (graph proxy),d-wave-like high-confidence,10.0,16.0,0.17777777777777778
102,CAND_0596,596,0.056617553188801746,1,1,metal-like (graph proxy),d-wave-like high-confidence,6.0,2.0,0.06666666666666667
103,CAND_0842,842,0.056617553188801746,1,0,insulator-like (graph proxy),d-wave-like high-confidence,6.0,6.0,0.2
104,CAND_0712,712,0.056617553188801746,1,0,metal-like (graph proxy),d-wave-like high-confidence,6.0,4.0,0.13333333333333333
105,CAND_0356,356,0.056617553188801746,1,0,metal-like (graph proxy),d-wave-like high-confidence,4.0,4.0,0.3333333333333333
106,CAND_0296,296,0.056617553188801746,1,0,metal-like (graph proxy),d-wave-like high-confidence,4.0,4.0,0.3333333333333333
107,CAND_0937,937,0.056405902459939455,1,0,metal-like (graph proxy),d-wave-like high-confidence,8.0,8.0,0.14285714285714285
108,CAND_0608,608,0.056405902459939455,1,0,insulator-like (graph proxy),d-wave-like high-confidence,12.0,10.0,0.07575757575757576
109,CAND_0316,316,0.056405902459939455,1,0,insulator-like (graph proxy),d-wave-like high-confidence,10.0,4.0,0.044444444444444446
110,CAND_0177,177,0.056405902459939455,1,0,insulator-like (graph proxy),d-wave-like high-confidence,6.0,2.0,0.06666666666666667
111,CAND_0789,789,0.056405902459939455,1,0,insulator-like (graph proxy),d-wave-like high-confidence,10.0,18.0,0.2
112,CAND_0229,229,0.056405902459939455,1,0,metal-like (graph proxy),d-wave-like high-confidence,4.0,4.0,0.3333333333333333
113,CAND_0819,819,0.056405902459939455,1,0,insulator-like (graph proxy),d-wave-like high-confidence,12.0,16.0,0.12121212121212122
114,CAND_0976,976,0.056405902459939455,1,0,metal-like (graph proxy),d-wave-like high-confidence,6.0,4.0,0.13333333333333333
115,CAND_0921,921,0.056405902459939455,1,0,metal-like (graph proxy),d-wave-like high-confidence,8.0,6.0,0.10714285714285714
116,CAND_0871,871,0.056405902459939455,1,0,insulator-like (graph proxy),d-wave-like high-confidence,12.0,8.0,0.06060606060606061
117,CAND_0112,112,0.056405902459939455,1,0,metal-like (graph proxy),d-wave-like high-confidence,8.0,2.0,0.03571428571428571
118,CAND_0325,325,0.056405902459939455,1,0,insulator-like (graph proxy),d-wave-like high-confidence,10.0,8.0,0.08888888888888889
119,CAND_0628,628,0.056405902459939455,1,0,insulator-like (graph proxy),d-wave-like high-confidence,10.0,6.0,0.06666666666666667
120,CAND_0883,883,0.056405902459939455,1,0,metal-like (graph proxy),d-wave-like high-confidence,10.0,16.0,0.17777777777777778
121,CAND_0952,952,0.056405902459939455,1,0,insulator-like (graph proxy),d-wave-like high-confidence,8.0,8.0,0.14285714285714285
122,CAND_0331,331,0.056194995804922404,1,0,metal-like (graph proxy),d-wave-like high-confidence,4.0,3.0,0.25
123,CAND_0428,428,0.056194995804922404,1,0,insulator-like (graph proxy),d-wave-like high-confidence,6.0,10.0,0.3333333333333333
124,CAND_0413,413,0.056194995804922404,1,0,metal-like (graph proxy),d-wave-like high-confidence,4.0,3.0,0.25
125,CAND_0995,995,0.056194995804922404,1,0,metal-like (graph proxy),d-wave-like high-confidence,6.0,6.0,0.2
126,CAND_0502,502,0.056194995804922404,1,0,metal-like (graph proxy),d-wave-like high-confidence,4.0,3.0,0.25
127,CAND_0456,456,0.056194995804922404,1,0,metal-like (graph proxy),d-wave-like high-confidence,6.0,2.0,0.06666666666666667
128,CAND_0604,604,0.056194995804922404,1,0,metal-like (graph proxy),d-wave-like high-confidence,6.0,2.0,0.06666666666666667
129,CAND_0247,247,0.056194995804922404,1,0,metal-like (graph proxy),d-wave-like high-confidence,8.0,4.0,0.07142857142857142
130,CAND_0248,248,0.056194995804922404,1,0,metal-like (graph proxy),d-wave-like high-confidence,10.0,8.0,0.08888888888888889
131,CAND_0812,812,0.056194995804922404,1,0,insulator-like (graph proxy),d-wave-like high-confidence,16.0,20.0,0.08333333333333333
132,CAND_0748,748,0.056194995804922404,1,0,metal-like (graph proxy),d-wave-like high-confidence,6.0,2.0,0.06666666666666667
133,CAND_0153,153,0.056194995804922404,1,0,metal-like (graph proxy),d-wave-like high-confidence,6.0,2.0,0.06666666666666667
134,CAND_0151,151,0.056194995804922404,1,0,insulator-like (graph proxy),d-wave-like high-confidence,8.0,8.0,0.14285714285714285
135,CAND_0586,586,0.056194995804922404,1,0,insulator-like (graph proxy),d-wave-like high-confidence,8.0,4.0,0.07142857142857142
136,CAND_0964,964,0.056194995804922404,1,0,metal-like (graph proxy),d-wave-like high-confidence,6.0,2.0,0.06666666666666667
137,CAND_0969,969,0.056194995804922404,1,0,insulator-like (graph proxy),d-wave-like high-confidence,10.0,8.0,0.08888888888888889
138,CAND_0956,956,0.056194995804922404,1,0,metal-like (graph proxy),d-wave-like high-confidence,4.0,3.0,0.25
139,CAND_0036,36,0.05598483095980979,1,0,insulator-like (graph proxy),d-wave-like high-confidence,12.0,10.0,0.07575757575757576
140,CAND_0965,965,0.05598483095980979,1,0,metal-like (graph proxy),d-wave-like high-confidence,8.0,8.0,0.14285714285714285
141,CAND_0813,813,0.05598483095980979,1,0,metal-like (graph proxy),d-wave-like high-confidence,6.0,4.0,0.13333333333333333
142,CAND_0200,200,0.05598483095980979,1,0,metal-like (graph proxy),d-wave-like high-confidence,6.0,2.0,0.06666666666666667
143,CAND_0217,217,0.05598483095980979,1,0,metal-like (graph proxy),d-wave-like high-confidence,8.0,14.0,0.25
144,CAND_0835,835,0.05598483095980979,1,0,insulator-like (graph proxy),d-wave-like high-confidence,12.0,14.0,0.10606060606060606
145,CAND_0474,474,0.05598483095980979,1,0,metal-like (graph proxy),d-wave-like high-confidence,6.0,6.0,0.2
146,CAND_0480,480,0.05598483095980979,1,0,insulator-like (graph proxy),d-wave-like high-confidence,10.0,12.0,0.13333333333333333
147,CAND_0421,421,0.05598483095980979,1,0,metal-like (graph proxy),d-wave-like high-confidence,4.0,2.0,0.16666666666666666
148,CAND_0147,147,0.05598483095980979,1,0,metal-like (graph proxy),d-wave-like high-confidence,4.0,3.0,0.25
149,CAND_0444,444,0.05598483095980979,1,0,metal-like (graph proxy),d-wave-like high-confidence,10.0,10.0,0.1111111111111111
150,CAND_0681,681,0.05598483095980979,1,0,metal-like (graph proxy),d-wave-like high-confidence,10.0,10.0,0.1111111111111111
151,CAND_0861,861,0.05598483095980979,1,0,insulator-like (graph proxy),d-wave-like high-confidence,6.0,2.0,0.06666666666666667
152,CAND_0866,866,0.05598483095980979,1,0,insulator-like (graph proxy),d-wave-like high-confidence,6.0,2.0,0.06666666666666667
153,CAND_0415,415,0.05598483095980979,1,1,metal-like (graph proxy),d-wave-like high-confidence,14.0,20.0,0.10989010989010989
154,CAND_0298,298,0.05598483095980979,1,0,insulator-like (graph proxy),d-wave-like high-confidence,6.0,5.0,0.16666666666666666
155,CAND_0056,56,0.05598483095980979,1,0,insulator-like (graph proxy),d-wave-like high-confidence,12.0,10.0,0.07575757575757576
156,CAND_0795,795,0.05598483095980979,1,0,metal-like (graph proxy),d-wave-like high-confidence,4.0,2.0,0.16666666666666666
157,CAND_0869,869,0.05598483095980979,1,0,metal-like (graph proxy),d-wave-like high-confidence,6.0,2.0,0.06666666666666667
158,CAND_0120,120,0.05598483095980979,1,1,insulator-like (graph proxy),d-wave-like high-confidence,12.0,12.0,0.09090909090909091
159,CAND_0337,337,0.05598483095980979,1,0,insulator-like (graph proxy),d-wave-like high-confidence,18.0,30.0,0.09803921568627451
160,CAND_0619,619,0.05598483095980979,1,0,metal-like (graph proxy),d-wave-like high-confidence,8.0,14.0,0.25
161,CAND_0711,711,0.05577540566491032,1,0,insulator-like (graph proxy),d-wave-like high-confidence,6.0,4.0,0.13333333333333333
162,CAND_0284,284,0.05577540566491032,1,0,insulator-like (graph proxy),d-wave-like high-confidence,14.0,16.0,0.08791208791208792
163,CAND_0758,758,0.05577540566491032,1,0,metal-like (graph proxy),d-wave-like high-confidence,6.0,10.0,0.3333333333333333
164,CAND_0727,727,0.05577540566491032,1,0,insulator-like (graph proxy),d-wave-like high-confidence,16.0,18.0,0.075
165,CAND_0003,3,0.05577540566491032,1,1,metal-like (graph proxy),d-wave-like high-confidence,8.0,4.0,0.07142857142857142
166,CAND_0988,988,0.05577540566491032,1,0,insulator-like (graph proxy),d-wave-like high-confidence,6.0,2.0,0.06666666666666667
167,CAND_0182,182,0.05577540566491032,1,0,insulator-like (graph proxy),d-wave-like high-confidence,16.0,16.0,0.06666666666666667
168,CAND_0425,425,0.05577540566491032,1,0,metal-like (graph proxy),d-wave-like high-confidence,12.0,16.0,0.12121212121212122
169,CAND_0786,786,0.05577540566491032,1,0,metal-like (graph proxy),d-wave-like high-confidence,6.0,4.0,0.13333333333333333
170,CAND_0463,463,0.05577540566491032,1,0,metal-like (graph proxy),d-wave-like high-confidence,12.0,18.0,0.13636363636363635
171,CAND_0324,324,0.05577540566491032,1,0,metal-like (graph proxy),d-wave-like high-confidence,4.0,4.0,0.3333333333333333
172,CAND_0899,899,0.05577540566491032,1,0,metal-like (graph proxy),d-wave-like high-confidence,10.0,18.0,0.2
173,CAND_0581,581,0.05577540566491032,1,0,metal-like (graph proxy),d-wave-like high-confidence,8.0,4.0,0.07142857142857142
174,CAND_0546,546,0.05577540566491032,1,0,metal-like (graph proxy),d-wave-like high-confidence,12.0,6.0,0.045454545454545456
175,CAND_0613,613,0.05577540566491032,1,0,metal-like (graph proxy),d-wave-like high-confidence,4.0,4.0,0.3333333333333333
176,CAND_0332,332,0.05577540566491032,1,0,insulator-like (graph proxy),d-wave-like high-confidence,8.0,4.0,0.07142857142857142
177,CAND_0294,294,0.05577540566491032,1,0,metal-like (graph proxy),d-wave-like high-confidence,8.0,4.0,0.07142857142857142
178,CAND_0346,346,0.05577540566491032,1,0,insulator-like (graph proxy),d-wave-like high-confidence,10.0,8.0,0.08888888888888889
179,CAND_0957,957,0.05577540566491032,1,0,metal-like (graph proxy),d-wave-like high-confidence,4.0,2.0,0.16666666666666666
180,CAND_0684,684,0.05556671766479556,1,0,insulator-like (graph proxy),d-wave-like high-confidence,6.0,2.0,0.06666666666666667
181,CAND_0734,734,0.05556671766479556,1,0,metal-like (graph proxy),d-wave-like high-confidence,4.0,4.0,0.3333333333333333
182,CAND_0309,309,0.05556671766479556,1,0,metal-like (graph proxy),d-wave-like high-confidence,8.0,20.0,0.35714285714285715
183,CAND_0330,330,0.05556671766479556,1,0,metal-like (graph proxy),d-wave-like high-confidence,10.0,12.0,0.13333333333333333
184,CAND_0960,960,0.05556671766479556,1,0,insulator-like (graph proxy),d-wave-like high-confidence,12.0,8.0,0.06060606060606061
185,CAND_0654,654,0.05556671766479556,1,0,insulator-like (graph proxy),d-wave-like high-confidence,4.0,1.0,0.08333333333333333
186,CAND_0410,410,0.05556671766479556,1,0,metal-like (graph proxy),d-wave-like high-confidence,8.0,8.0,0.14285714285714285
187,CAND_0236,236,0.05556671766479556,1,0,insulator-like (graph proxy),d-wave-like high-confidence,8.0,6.0,0.10714285714285714
188,CAND_0853,853,0.05556671766479556,1,0,metal-like (graph proxy),d-wave-like high-confidence,4.0,3.0,0.25
189,CAND_0733,733,0.05556671766479556,1,0,insulator-like (graph proxy),d-wave-like high-confidence,8.0,4.0,0.07142857142857142
190,CAND_0154,154,0.05556671766479556,1,0,metal-like (graph proxy),d-wave-like high-confidence,8.0,6.0,0.10714285714285714
191,CAND_0255,255,0.05556671766479556,1,0,insulator-like (graph proxy),d-wave-like high-confidence,8.0,14.0,0.25
192,CAND_0611,611,0.05556671766479556,1,0,metal-like (graph proxy),d-wave-like high-confidence,4.0,3.0,0.25
193,CAND_0452,452,0.05556671766479556,1,0,metal-like (graph proxy),d-wave-like high-confidence,8.0,14.0,0.25
194,CAND_0599,599,0.05556671766479556,1,0,insulator-like (graph proxy),d-wave-like high-confidence,4.0,2.0,0.16666666666666666
195,CAND_0185,185,0.05556671766479556,1,0,insulator-like (graph proxy),d-wave-like high-confidence,12.0,16.0,0.12121212121212122
196,CAND_0554,554,0.05556671766479556,1,0,insulator-like (graph proxy),d-wave-like high-confidence,6.0,2.0,0.06666666666666667
197,CAND_0156,156,0.05556671766479556,1,0,insulator-like (graph proxy),d-wave-like high-confidence,10.0,6.0,0.06666666666666667
198,CAND_0512,512,0.05556671766479556,1,0,insulator-like (graph proxy),d-wave-like high-confidence,12.0,14.0,0.10606060606060606
199,CAND_0634,634,0.05556671766479556,1,0,insulator-like (graph proxy),d-wave-like high-confidence,4.0,2.0,0.16666666666666666
200,CAND_0031,31,0.05556671766479556,1,0,metal-like (graph proxy),d-wave-like high-confidence,12.0,12.0,0.09090909090909091
201,CAND_0508,508,0.05556671766479556,1,0,insulator-like (graph proxy),d-wave-like high-confidence,16.0,20.0,0.08333333333333333
202,CAND_0558,558,0.05556671766479556,1,0,insulator-like (graph proxy),d-wave-like high-confidence,6.0,4.0,0.13333333333333333
203,CAND_0872,872,0.05556671766479556,1,0,metal-like (graph proxy),d-wave-like high-confidence,14.0,10.0,0.054945054945054944
204,CAND_0916,916,0.05556671766479556,1,0,metal-like (graph proxy),d-wave-like high-confidence,8.0,6.0,0.10714285714285714
205,CAND_0968,968,0.05535876470831267,1,0,insulator-like (graph proxy),d-wave-like high-confidence,14.0,26.0,0.14285714285714285
206,CAND_0920,920,0.05535876470831267,1,0,metal-like (graph proxy),d-wave-like high-confidence,6.0,4.0,0.13333333333333333
207,CAND_0303,303,0.05535876470831267,1,0,insulator-like (graph proxy),d-wave-like high-confidence,4.0,2.0,0.16666666666666666
208,CAND_0328,328,0.05535876470831267,1,0,metal-like (graph proxy),d-wave-like high-confidence,4.0,4.0,0.3333333333333333
209,CAND_0038,38,0.05535876470831267,1,0,insulator-like (graph proxy),d-wave-like high-confidence,6.0,2.0,0.06666666666666667
210,CAND_0503,503,0.05535876470831267,1,0,metal-like (graph proxy),d-wave-like high-confidence,4.0,2.0,0.16666666666666666
211,CAND_0240,240,0.05535876470831267,1,0,metal-like (graph proxy),d-wave-like high-confidence,6.0,6.0,0.2
212,CAND_0763,763,0.05535876470831267,1,0,metal-like (graph proxy),d-wave-like high-confidence,14.0,18.0,0.0989010989010989
213,CAND_0283,283,0.05535876470831267,1,0,insulator-like (graph proxy),d-wave-like high-confidence,6.0,6.0,0.2
214,CAND_0846,846,0.05535876470831267,1,1,insulator-like (graph proxy),d-wave-like high-confidence,10.0,10.0,0.1111111111111111
215,CAND_0561,561,0.05535876470831267,1,0,metal-like (graph proxy),d-wave-like high-confidence,4.0,4.0,0.3333333333333333
216,CAND_0522,522,0.05535876470831267,1,0,insulator-like (graph proxy),d-wave-like high-confidence,10.0,10.0,0.1111111111111111
217,CAND_0002,2,0.05535876470831267,1,0,metal-like (graph proxy),d-wave-like high-confidence,6.0,4.0,0.13333333333333333
218,CAND_0524,524,0.05535876470831267,1,0,insulator-like (graph proxy),d-wave-like high-confidence,6.0,2.0,0.06666666666666667
219,CAND_0199,199,0.05535876470831267,1,0,insulator-like (graph proxy),d-wave-like high-confidence,10.0,2.0,0.022222222222222223
220,CAND_0737,737,0.05515154454859731,1,0,insulator-like (graph proxy),d-wave-like high-confidence,10.0,12.0,0.13333333333333333
221,CAND_0555,555,0.05515154454859731,1,0,metal-like (graph proxy),d-wave-like high-confidence,10.0,4.0,0.044444444444444446
222,CAND_0140,140,0.05515154454859731,1,0,insulator-like (graph proxy),d-wave-like high-confidence,10.0,8.0,0.08888888888888889
223,CAND_0448,448,0.05515154454859731,1,0,metal-like (graph proxy),d-wave-like high-confidence,16.0,32.0,0.13333333333333333
224,CAND_0635,635,0.05515154454859731,1,0,metal-like (graph proxy),d-wave-like high-confidence,10.0,8.0,0.08888888888888889
225,CAND_0408,408,0.05515154454859731,1,0,insulator-like (graph proxy),d-wave-like high-confidence,6.0,4.0,0.13333333333333333
226,CAND_0735,735,0.05515154454859731,1,0,metal-like (graph proxy),d-wave-like high-confidence,20.0,52.0,0.1368421052631579
227,CAND_0358,358,0.05515154454859731,1,0,insulator-like (graph proxy),d-wave-like high-confidence,10.0,6.0,0.06666666666666667
228,CAND_0668,668,0.05515154454859731,1,0,insulator-like (graph proxy),d-wave-like high-confidence,10.0,4.0,0.044444444444444446
229,CAND_0384,384,0.05515154454859731,1,0,insulator-like (graph proxy),d-wave-like high-confidence,12.0,22.0,0.16666666666666666
230,CAND_0039,39,0.05515154454859731,1,0,metal-like (graph proxy),d-wave-like high-confidence,8.0,16.0,0.2857142857142857
231,CAND_0042,42,0.05515154454859731,1,0,metal-like (graph proxy),d-wave-like high-confidence,4.0,4.0,0.3333333333333333
232,CAND_0021,21,0.05515154454859731,1,0,metal-like (graph proxy),d-wave-like high-confidence,10.0,10.0,0.1111111111111111
233,CAND_0788,788,0.05515154454859731,1,0,insulator-like (graph proxy),d-wave-like high-confidence,16.0,20.0,0.08333333333333333
234,CAND_0655,655,0.05515154454859731,1,0,metal-like (graph proxy),d-wave-like high-confidence,12.0,18.0,0.13636363636363635
235,CAND_0517,517,0.05515154454859731,1,0,insulator-like (graph proxy),d-wave-like high-confidence,10.0,10.0,0.1111111111111111
236,CAND_0985,985,0.05515154454859731,1,1,metal-like (graph proxy),d-wave-like high-confidence,6.0,10.0,0.3333333333333333
237,CAND_0557,557,0.05515154454859731,1,0,insulator-like (graph proxy),d-wave-like high-confidence,10.0,4.0,0.044444444444444446
238,CAND_0484,484,0.05515154454859731,1,0,metal-like (graph proxy),d-wave-like high-confidence,4.0,3.0,0.25
239,CAND_0745,745,0.05515154454859731,1,0,metal-like (graph proxy),d-wave-like high-confidence,8.0,4.0,0.07142857142857142
240,CAND_0252,252,0.05515154454859731,1,0,insulator-like (graph proxy),d-wave-like high-confidence,12.0,16.0,0.12121212121212122
241,CAND_0467,467,0.054945054943085964,1,0,metal-like (graph proxy),d-wave-like high-confidence,20.0,66.0,0.1736842105263158
242,CAND_0268,268,0.054945054943085964,1,0,insulator-like (graph proxy),d-wave-like high-confidence,16.0,22.0,0.09166666666666666
243,CAND_0256,256,0.054945054943085964,1,0,metal-like (graph proxy),d-wave-like high-confidence,10.0,22.0,0.24444444444444444
244,CAND_0601,601,0.054945054943085964,1,0,metal-like (graph proxy),d-wave-like high-confidence,10.0,12.0,0.13333333333333333
245,CAND_0442,442,0.054945054943085964,1,0,metal-like (graph proxy),d-wave-like high-confidence,8.0,4.0,0.07142857142857142
246,CAND_0281,281,0.054945054943085964,1,0,metal-like (graph proxy),d-wave-like high-confidence,10.0,6.0,0.06666666666666667
247,CAND_0409,409,0.054945054943085964,1,0,insulator-like (graph proxy),d-wave-like high-confidence,6.0,3.0,0.1
248,CAND_0958,958,0.054945054943085964,1,0,metal-like (graph proxy),d-wave-like high-confidence,8.0,2.0,0.03571428571428571
249,CAND_0672,672,0.054945054943085964,1,0,insulator-like (graph proxy),d-wave-like high-confidence,6.0,6.0,0.2
250,CAND_0327,327,0.054945054943085964,1,0,metal-like (graph proxy),d-wave-like high-confidence,16.0,20.0,0.08333333333333333
251,CAND_0534,534,0.054945054943085964,1,0,metal-like (graph proxy),d-wave-like high-confidence,10.0,20.0,0.2222222222222222
252,CAND_0488,488,0.054945054943085964,1,0,insulator-like (graph proxy),d-wave-like high-confidence,8.0,4.0,0.07142857142857142
253,CAND_0111,111,0.054945054943085964,1,0,insulator-like (graph proxy),d-wave-like high-confidence,8.0,7.0,0.125
254,CAND_0018,18,0.054945054943085964,1,0,insulator-like (graph proxy),d-wave-like high-confidence,20.0,20.0,0.05263157894736842
255,CAND_0058,58,0.054945054943085964,1,0,metal-like (graph proxy),d-wave-like high-confidence,10.0,4.0,0.044444444444444446
256,CAND_0544,544,0.054945054943085964,1,0,insulator-like (graph proxy),d-wave-like high-confidence,8.0,6.0,0.10714285714285714
257,CAND_0857,857,0.054945054943085964,1,0,metal-like (graph proxy),d-wave-like high-confidence,10.0,12.0,0.13333333333333333
258,CAND_0754,754,0.054945054943085964,1,0,metal-like (graph proxy),d-wave-like high-confidence,12.0,18.0,0.13636363636363635
259,CAND_0518,518,0.054945054943085964,1,0,metal-like (graph proxy),d-wave-like high-confidence,10.0,14.0,0.15555555555555556
260,CAND_0179,179,0.054945054943085964,1,0,insulator-like (graph proxy),d-wave-like high-confidence,10.0,10.0,0.1111111111111111
261,CAND_0565,565,0.054945054943085964,1,0,insulator-like (graph proxy),d-wave-like high-confidence,8.0,4.0,0.07142857142857142
262,CAND_0369,369,0.054945054943085964,1,0,insulator-like (graph proxy),d-wave-like high-confidence,14.0,14.0,0.07692307692307693
263,CAND_0777,777,0.054945054943085964,1,0,metal-like (graph proxy),d-wave-like high-confidence,6.0,10.0,0.3333333333333333
264,CAND_0723,723,0.054739293653528434,1,0,insulator-like (graph proxy),d-wave-like high-confidence,8.0,6.0,0.10714285714285714
265,CAND_0163,163,0.054739293653528434,1,0,metal-like (graph proxy),d-wave-like high-confidence,8.0,8.0,0.14285714285714285
266,CAND_0238,238,0.054739293653528434,1,0,insulator-like (graph proxy),d-wave-like high-confidence,8.0,8.0,0.14285714285714285
267,CAND_0430,430,0.054739293653528434,1,0,metal-like (graph proxy),d-wave-like high-confidence,14.0,18.0,0.0989010989010989
268,CAND_0435,435,0.054739293653528434,1,0,metal-like (graph proxy),d-wave-like high-confidence,8.0,2.0,0.03571428571428571
269,CAND_0644,644,0.054739293653528434,1,0,insulator-like (graph proxy),d-wave-like high-confidence,12.0,10.0,0.07575757575757576
270,CAND_0553,553,0.054739293653528434,1,0,metal-like (graph proxy),d-wave-like high-confidence,4.0,2.0,0.16666666666666666
271,CAND_0757,757,0.054739293653528434,1,0,metal-like (graph proxy),d-wave-like high-confidence,12.0,4.0,0.030303030303030304
272,CAND_0676,676,0.054739293653528434,1,0,metal-like (graph proxy),d-wave-like high-confidence,10.0,14.0,0.15555555555555556
273,CAND_0107,107,0.054739293653528434,1,0,insulator-like (graph proxy),d-wave-like high-confidence,4.0,4.0,0.3333333333333333
274,CAND_0930,930,0.054739293653528434,1,0,metal-like (graph proxy),d-wave-like high-confidence,6.0,2.0,0.06666666666666667
275,CAND_0918,918,0.054739293653528434,1,0,metal-like (graph proxy),d-wave-like high-confidence,4.0,2.0,0.16666666666666666
276,CAND_0793,793,0.054739293653528434,1,0,metal-like (graph proxy),d-wave-like high-confidence,10.0,8.0,0.08888888888888889
277,CAND_0364,364,0.054739293653528434,1,0,insulator-like (graph proxy),d-wave-like high-confidence,6.0,5.0,0.16666666666666666
278,CAND_0895,895,0.054739293653528434,1,0,metal-like (graph proxy),d-wave-like high-confidence,10.0,12.0,0.13333333333333333
279,CAND_0773,773,0.054739293653528434,1,0,insulator-like (graph proxy),d-wave-like high-confidence,8.0,10.0,0.17857142857142858
280,CAND_0459,459,0.054739293653528434,1,0,metal-like (graph proxy),d-wave-like high-confidence,20.0,42.0,0.11052631578947368
281,CAND_0192,192,0.054739293653528434,1,0,metal-like (graph proxy),d-wave-like high-confidence,4.0,4.0,0.3333333333333333
282,CAND_0525,525,0.054739293653528434,1,0,metal-like (graph proxy),d-wave-like high-confidence,8.0,6.0,0.10714285714285714
283,CAND_0954,954,0.054534258445999725,1,0,metal-like (graph proxy),d-wave-like high-confidence,12.0,12.0,0.09090909090909091
284,CAND_0922,922,0.054534258445999725,1,0,metal-like (graph proxy),d-wave-like high-confidence,4.0,2.0,0.16666666666666666
285,CAND_0948,948,0.054534258445999725,1,0,metal-like (graph proxy),d-wave-like high-confidence,12.0,18.0,0.13636363636363635
286,CAND_0841,841,0.054534258445999725,1,1,insulator-like (graph proxy),d-wave-like high-confidence,4.0,2.0,0.16666666666666666
287,CAND_0636,636,0.054534258445999725,1,0,insulator-like (graph proxy),d-wave-like high-confidence,8.0,14.0,0.25
288,CAND_0851,851,0.054534258445999725,1,0,insulator-like (graph proxy),d-wave-like high-confidence,14.0,38.0,0.2087912087912088
289,CAND_0433,433,0.054534258445999725,1,0,metal-like (graph proxy),d-wave-like high-confidence,20.0,34.0,0.08947368421052632
290,CAND_0440,440,0.054534258445999725,1,0,metal-like (graph proxy),d-wave-like high-confidence,6.0,6.0,0.2
291,CAND_0168,168,0.054534258445999725,1,0,metal-like (graph proxy),d-wave-like high-confidence,4.0,4.0,0.3333333333333333
292,CAND_0967,967,0.054534258445999725,1,0,insulator-like (graph proxy),d-wave-like high-confidence,20.0,28.0,0.07368421052631578
293,CAND_0973,973,0.054534258445999725,1,0,metal-like (graph proxy),d-wave-like high-confidence,6.0,8.0,0.26666666666666666
294,CAND_0422,422,0.054534258445999725,1,0,metal-like (graph proxy),d-wave-like high-confidence,6.0,8.0,0.26666666666666666
295,CAND_0349,349,0.054534258445999725,1,0,insulator-like (graph proxy),d-wave-like high-confidence,10.0,6.0,0.06666666666666667
296,CAND_0313,313,0.054534258445999725,1,0,metal-like (graph proxy),d-wave-like high-confidence,14.0,32.0,0.17582417582417584
297,CAND_0673,673,0.054534258445999725,1,0,metal-like (graph proxy),d-wave-like high-confidence,6.0,4.0,0.13333333333333333
298,CAND_0374,374,0.054534258445999725,1,0,metal-like (graph proxy),d-wave-like high-confidence,16.0,22.0,0.09166666666666666
299,CAND_0210,210,0.05432994709091217,1,0,insulator-like (graph proxy),d-wave-like high-confidence,6.0,4.0,0.13333333333333333
300,CAND_0028,28,0.05432994709091217,1,0,insulator-like (graph proxy),d-wave-like high-confidence,8.0,4.0,0.07142857142857142
301,CAND_0516,516,0.05432994709091217,1,0,metal-like (graph proxy),d-wave-like high-confidence,20.0,48.0,0.12631578947368421
302,CAND_0620,620,0.05432994709091217,1,0,insulator-like (graph proxy),d-wave-like high-confidence,16.0,24.0,0.1
303,CAND_0299,299,0.05432994709091217,1,0,metal-like (graph proxy),d-wave-like high-confidence,4.0,3.0,0.25
304,CAND_0740,740,0.05432994709091217,1,0,insulator-like (graph proxy),d-wave-like high-confidence,14.0,16.0,0.08791208791208792
305,CAND_0622,622,0.05432994709091217,1,0,metal-like (graph proxy),d-wave-like high-confidence,10.0,16.0,0.17777777777777778
306,CAND_0405,405,0.05432994709091217,1,0,insulator-like (graph proxy),d-wave-like high-confidence,10.0,6.0,0.06666666666666667
307,CAND_0902,902,0.05432994709091217,1,0,metal-like (graph proxy),d-wave-like high-confidence,8.0,2.0,0.03571428571428571
308,CAND_0539,539,0.05432994709091217,1,0,metal-like (graph proxy),d-wave-like high-confidence,12.0,12.0,0.09090909090909091
309,CAND_0387,387,0.05432994709091217,1,0,metal-like (graph proxy),d-wave-like high-confidence,14.0,20.0,0.10989010989010989
310,CAND_0106,106,0.05432994709091217,1,0,metal-like (graph proxy),d-wave-like high-confidence,8.0,4.0,0.07142857142857142
311,CAND_0441,441,0.05432994709091217,1,0,metal-like (graph proxy),d-wave-like high-confidence,4.0,3.0,0.25
312,CAND_0764,764,0.05432994709091217,1,0,metal-like (graph proxy),d-wave-like high-confidence,4.0,2.0,0.16666666666666666
313,CAND_0483,483,0.05432994709091217,1,0,metal-like (graph proxy),d-wave-like high-confidence,20.0,28.0,0.07368421052631578
314,CAND_0029,29,0.05432994709091217,1,0,insulator-like (graph proxy),d-wave-like high-confidence,12.0,10.0,0.07575757575757576
315,CAND_0241,241,0.05432994709091217,1,0,insulator-like (graph proxy),d-wave-like high-confidence,10.0,8.0,0.08888888888888889
316,CAND_0765,765,0.05432994709091217,1,0,insulator-like (graph proxy),d-wave-like high-confidence,4.0,1.0,0.08333333333333333
317,CAND_0257,257,0.05432994709091217,1,0,insulator-like (graph proxy),d-wave-like high-confidence,8.0,7.0,0.125
318,CAND_0880,880,0.054126357363026845,1,0,insulator-like (graph proxy),d-wave-like high-confidence,16.0,16.0,0.06666666666666667
319,CAND_0173,173,0.054126357363026845,1,0,insulator-like (graph proxy),d-wave-like high-confidence,10.0,6.0,0.06666666666666667
320,CAND_0265,265,0.054126357363026845,1,0,insulator-like (graph proxy),d-wave-like high-confidence,18.0,16.0,0.05228758169934641
321,CAND_0633,633,0.054126357363026845,1,0,insulator-like (graph proxy),d-wave-like high-confidence,16.0,26.0,0.10833333333333334
322,CAND_0753,753,0.054126357363026845,1,0,metal-like (graph proxy),d-wave-like high-confidence,20.0,72.0,0.18947368421052632
323,CAND_0145,145,0.054126357363026845,1,0,insulator-like (graph proxy),d-wave-like high-confidence,12.0,18.0,0.13636363636363635
324,CAND_0476,476,0.054126357363026845,1,0,metal-like (graph proxy),d-wave-like high-confidence,10.0,16.0,0.17777777777777778
325,CAND_0090,90,0.054126357363026845,1,0,metal-like (graph proxy),d-wave-like high-confidence,8.0,12.0,0.21428571428571427
326,CAND_0170,170,0.054126357363026845,1,0,insulator-like (graph proxy),d-wave-like high-confidence,4.0,2.0,0.16666666666666666
327,CAND_0082,82,0.054126357363026845,1,0,insulator-like (graph proxy),d-wave-like high-confidence,6.0,4.0,0.13333333333333333
328,CAND_0925,925,0.054126357363026845,1,0,metal-like (graph proxy),d-wave-like high-confidence,4.0,2.0,0.16666666666666666
329,CAND_0128,128,0.054126357363026845,1,0,insulator-like (graph proxy),d-wave-like high-confidence,6.0,2.0,0.06666666666666667
330,CAND_0117,117,0.054126357363026845,1,0,metal-like (graph proxy),d-wave-like high-confidence,4.0,3.0,0.25
331,CAND_0390,390,0.054126357363026845,1,0,metal-like (graph proxy),d-wave-like high-confidence,12.0,8.0,0.06060606060606061
332,CAND_0305,305,0.054126357363026845,1,0,insulator-like (graph proxy),d-wave-like high-confidence,6.0,5.0,0.16666666666666666
333,CAND_0538,538,0.054126357363026845,1,0,metal-like (graph proxy),d-wave-like high-confidence,10.0,6.0,0.06666666666666667
334,CAND_0541,541,0.054126357363026845,1,0,metal-like (graph proxy),d-wave-like high-confidence,10.0,14.0,0.15555555555555556
335,CAND_0011,11,0.054126357363026845,1,0,metal-like (graph proxy),d-wave-like high-confidence,4.0,2.0,0.16666666666666666
336,CAND_0418,418,0.054126357363026845,1,0,metal-like (graph proxy),d-wave-like high-confidence,8.0,2.0,0.03571428571428571
337,CAND_0067,67,0.054126357363026845,1,0,metal-like (graph proxy),d-wave-like high-confidence,6.0,2.0,0.06666666666666667
338,CAND_0069,69,0.05392348704146528,1,1,insulator-like (graph proxy),g-wave-like medium-confidence,24.0,58.0,0.10507246376811594
339,CAND_0625,625,0.05392348704146528,1,0,metal-like (graph proxy),g-wave-like medium-confidence,8.0,14.0,0.25
340,CAND_0704,704,0.05392348704146528,1,0,metal-like (graph proxy),g-wave-like medium-confidence,6.0,6.0,0.2
341,CAND_0419,419,0.05392348704146528,1,0,insulator-like (graph proxy),g-wave-like medium-confidence,20.0,38.0,0.1
342,CAND_0347,347,0.05392348704146528,1,0,metal-like (graph proxy),g-wave-like medium-confidence,14.0,14.0,0.07692307692307693
343,CAND_0230,230,0.05392348704146528,1,0,insulator-like (graph proxy),g-wave-like medium-confidence,4.0,2.0,0.16666666666666666
344,CAND_0223,223,0.05392348704146528,1,0,metal-like (graph proxy),g-wave-like medium-confidence,6.0,8.0,0.26666666666666666
345,CAND_0457,457,0.05392348704146528,1,0,insulator-like (graph proxy),g-wave-like medium-confidence,8.0,8.0,0.14285714285714285
346,CAND_0207,207,0.05392348704146528,1,0,metal-like (graph proxy),g-wave-like medium-confidence,4.0,2.0,0.16666666666666666
347,CAND_0531,531,0.05392348704146528,1,0,insulator-like (graph proxy),g-wave-like medium-confidence,8.0,4.0,0.07142857142857142
348,CAND_0024,24,0.05392348704146528,1,0,insulator-like (graph proxy),g-wave-like medium-confidence,6.0,6.0,0.2
349,CAND_0838,838,0.05392348704146528,1,0,metal-like (graph proxy),g-wave-like medium-confidence,4.0,4.0,0.3333333333333333
350,CAND_0864,864,0.05372133390972055,1,0,metal-like (graph proxy),g-wave-like medium-confidence,6.0,2.0,0.06666666666666667
351,CAND_0590,590,0.05372133390972055,1,0,metal-like (graph proxy),g-wave-like medium-confidence,4.0,4.0,0.3333333333333333
352,CAND_0245,245,0.05372133390972055,1,0,insulator-like (graph proxy),g-wave-like medium-confidence,10.0,6.0,0.06666666666666667
353,CAND_0233,233,0.05372133390972055,1,0,metal-like (graph proxy),g-wave-like medium-confidence,12.0,14.0,0.10606060606060606
354,CAND_0183,183,0.05372133390972055,1,0,metal-like (graph proxy),g-wave-like medium-confidence,6.0,4.0,0.13333333333333333
355,CAND_0816,816,0.05372133390972055,1,0,insulator-like (graph proxy),g-wave-like medium-confidence,8.0,4.0,0.07142857142857142
356,CAND_0811,811,0.05372133390972055,1,0,insulator-like (graph proxy),g-wave-like medium-confidence,14.0,18.0,0.0989010989010989
357,CAND_0198,198,0.05372133390972055,1,0,insulator-like (graph proxy),g-wave-like medium-confidence,6.0,6.0,0.2
358,CAND_0224,224,0.05372133390972055,1,0,metal-like (graph proxy),g-wave-like medium-confidence,8.0,10.0,0.17857142857142858
359,CAND_0999,999,0.05372133390972055,1,0,insulator-like (graph proxy),g-wave-like medium-confidence,4.0,2.0,0.16666666666666666
360,CAND_0993,993,0.05372133390972055,1,0,metal-like (graph proxy),g-wave-like medium-confidence,16.0,46.0,0.19166666666666668
361,CAND_0030,30,0.05372133390972055,1,0,insulator-like (graph proxy),g-wave-like medium-confidence,8.0,4.0,0.07142857142857142
362,CAND_0584,584,0.05372133390972055,1,1,insulator-like (graph proxy),g-wave-like medium-confidence,6.0,2.0,0.06666666666666667
363,CAND_0357,357,0.05372133390972055,1,0,metal-like (graph proxy),g-wave-like medium-confidence,16.0,50.0,0.20833333333333334
364,CAND_0367,367,0.05372133390972055,1,0,insulator-like (graph proxy),g-wave-like medium-confidence,16.0,18.0,0.075
365,CAND_0646,646,0.05372133390972055,1,0,metal-like (graph proxy),g-wave-like medium-confidence,14.0,30.0,0.16483516483516483
366,CAND_0893,893,0.05372133390972055,1,0,metal-like (graph proxy),g-wave-like medium-confidence,4.0,3.0,0.25
367,CAND_0311,311,0.05372133390972055,1,0,insulator-like (graph proxy),g-wave-like medium-confidence,4.0,2.0,0.16666666666666666
368,CAND_0682,682,0.05372133390972055,1,0,metal-like (graph proxy),g-wave-like medium-confidence,4.0,4.0,0.3333333333333333
369,CAND_0088,88,0.05372133390972055,1,0,metal-like (graph proxy),g-wave-like medium-confidence,6.0,4.0,0.13333333333333333
370,CAND_0033,33,0.05372133390972055,1,0,insulator-like (graph proxy),g-wave-like medium-confidence,6.0,5.0,0.16666666666666666
371,CAND_0490,490,0.05372133390972055,1,0,metal-like (graph proxy),g-wave-like medium-confidence,8.0,14.0,0.25
372,CAND_0491,491,0.05372133390972055,1,0,insulator-like (graph proxy),g-wave-like medium-confidence,8.0,2.0,0.03571428571428571
373,CAND_0906,906,0.05372133390972055,1,0,insulator-like (graph proxy),g-wave-like medium-confidence,18.0,16.0,0.05228758169934641
374,CAND_0487,487,0.05351989575566851,1,0,insulator-like (graph proxy),g-wave-like medium-confidence,8.0,2.0,0.03571428571428571
375,CAND_0504,504,0.05351989575566851,1,0,metal-like (graph proxy),g-wave-like medium-confidence,4.0,2.0,0.16666666666666666
376,CAND_0800,800,0.05351989575566851,1,0,insulator-like (graph proxy),g-wave-like medium-confidence,8.0,4.0,0.07142857142857142
377,CAND_0950,950,0.05351989575566851,1,0,metal-like (graph proxy),g-wave-like medium-confidence,4.0,3.0,0.25
378,CAND_0114,114,0.05351989575566851,1,0,metal-like (graph proxy),g-wave-like medium-confidence,6.0,2.0,0.06666666666666667
379,CAND_0645,645,0.05351989575566851,1,0,metal-like (graph proxy),g-wave-like medium-confidence,6.0,4.0,0.13333333333333333
380,CAND_0475,475,0.05351989575566851,1,0,insulator-like (graph proxy),g-wave-like medium-confidence,16.0,24.0,0.1
381,CAND_0427,427,0.05351989575566851,1,0,insulator-like (graph proxy),g-wave-like medium-confidence,10.0,20.0,0.2222222222222222
382,CAND_0152,152,0.05351989575566851,1,0,insulator-like (graph proxy),g-wave-like medium-confidence,8.0,10.0,0.17857142857142858
383,CAND_0562,562,0.05351989575566851,1,0,insulator-like (graph proxy),g-wave-like medium-confidence,10.0,12.0,0.13333333333333333
384,CAND_0831,831,0.05351989575566851,1,0,insulator-like (graph proxy),g-wave-like medium-confidence,12.0,10.0,0.07575757575757576
385,CAND_0220,220,0.05351989575566851,1,0,insulator-like (graph proxy),g-wave-like medium-confidence,12.0,4.0,0.030303030303030304
386,CAND_0099,99,0.05351989575566851,1,0,metal-like (graph proxy),g-wave-like medium-confidence,20.0,42.0,0.11052631578947368
387,CAND_0971,971,0.05351989575566851,1,0,metal-like (graph proxy),g-wave-like medium-confidence,4.0,2.0,0.16666666666666666
388,CAND_0376,376,0.053319170371578475,1,0,metal-like (graph proxy),g-wave-like medium-confidence,12.0,18.0,0.13636363636363635
389,CAND_0887,887,0.053319170371578475,1,1,insulator-like (graph proxy),g-wave-like medium-confidence,10.0,14.0,0.15555555555555556
390,CAND_0898,898,0.053319170371578475,1,0,metal-like (graph proxy),g-wave-like medium-confidence,18.0,36.0,0.11764705882352941
391,CAND_0445,445,0.053319170371578475,1,0,insulator-like (graph proxy),g-wave-like medium-confidence,14.0,22.0,0.12087912087912088
392,CAND_0692,692,0.053319170371578475,1,1,insulator-like (graph proxy),g-wave-like medium-confidence,6.0,8.0,0.26666666666666666
393,CAND_0451,451,0.053319170371578475,1,0,insulator-like (graph proxy),g-wave-like medium-confidence,18.0,14.0,0.0457516339869281
394,CAND_0705,705,0.053319170371578475,1,0,metal-like (graph proxy),g-wave-like medium-confidence,8.0,10.0,0.17857142857142858
395,CAND_0707,707,0.053319170371578475,1,0,metal-like (graph proxy),g-wave-like medium-confidence,8.0,10.0,0.17857142857142858
396,CAND_0855,855,0.053319170371578475,1,0,insulator-like (graph proxy),g-wave-like medium-confidence,10.0,6.0,0.06666666666666667
397,CAND_0607,607,0.053319170371578475,1,0,insulator-like (graph proxy),g-wave-like medium-confidence,4.0,2.0,0.16666666666666666
398,CAND_0450,450,0.053319170371578475,1,0,insulator-like (graph proxy),g-wave-like medium-confidence,14.0,22.0,0.12087912087912088
399,CAND_0083,83,0.053319170371578475,1,0,metal-like (graph proxy),g-wave-like medium-confidence,4.0,8.0,0.6666666666666666
400,CAND_0126,126,0.053319170371578475,1,0,insulator-like (graph proxy),g-wave-like medium-confidence,20.0,52.0,0.1368421052631579
401,CAND_0975,975,0.053319170371578475,1,0,insulator-like (graph proxy),g-wave-like medium-confidence,14.0,12.0,0.06593406593406594
402,CAND_0666,666,0.053319170371578475,1,0,metal-like (graph proxy),g-wave-like medium-confidence,6.0,6.0,0.2
403,CAND_0667,667,0.053319170371578475,1,0,metal-like (graph proxy),g-wave-like medium-confidence,10.0,16.0,0.17777777777777778
404,CAND_0951,951,0.053319170371578475,1,0,metal-like (graph proxy),g-wave-like medium-confidence,6.0,4.0,0.13333333333333333
405,CAND_0055,55,0.053319170371578475,1,0,insulator-like (graph proxy),g-wave-like medium-confidence,4.0,2.0,0.16666666666666666
406,CAND_0877,877,0.0531191555541241,1,0,insulator-like (graph proxy),g-wave-like medium-confidence,6.0,2.0,0.06666666666666667
407,CAND_0697,697,0.0531191555541241,1,0,metal-like (graph proxy),g-wave-like medium-confidence,4.0,8.0,0.6666666666666666
408,CAND_0850,850,0.0531191555541241,1,1,insulator-like (graph proxy),g-wave-like medium-confidence,6.0,5.0,0.16666666666666666
409,CAND_0260,260,0.0531191555541241,1,0,metal-like (graph proxy),g-wave-like medium-confidence,4.0,4.0,0.3333333333333333
410,CAND_0683,683,0.0531191555541241,1,0,insulator-like (graph proxy),g-wave-like medium-confidence,4.0,1.0,0.08333333333333333
411,CAND_0602,602,0.0531191555541241,1,0,insulator-like (graph proxy),g-wave-like medium-confidence,6.0,2.0,0.06666666666666667
412,CAND_0394,394,0.0531191555541241,1,0,insulator-like (graph proxy),g-wave-like medium-confidence,10.0,2.0,0.022222222222222223
413,CAND_0742,742,0.0531191555541241,1,0,insulator-like (graph proxy),g-wave-like medium-confidence,8.0,4.0,0.07142857142857142
414,CAND_0146,146,0.0531191555541241,1,0,metal-like (graph proxy),g-wave-like medium-confidence,10.0,8.0,0.08888888888888889
415,CAND_0094,94,0.0531191555541241,1,0,insulator-like (graph proxy),g-wave-like medium-confidence,8.0,2.0,0.03571428571428571
416,CAND_0228,228,0.0531191555541241,1,0,metal-like (graph proxy),g-wave-like medium-confidence,8.0,8.0,0.14285714285714285
417,CAND_0353,353,0.0531191555541241,1,0,insulator-like (graph proxy),g-wave-like medium-confidence,8.0,6.0,0.10714285714285714
418,CAND_0530,530,0.0531191555541241,1,0,insulator-like (graph proxy),g-wave-like medium-confidence,14.0,14.0,0.07692307692307693
419,CAND_0494,494,0.0531191555541241,1,0,metal-like (graph proxy),g-wave-like medium-confidence,16.0,16.0,0.06666666666666667
420,CAND_0344,344,0.0531191555541241,1,0,insulator-like (graph proxy),g-wave-like medium-confidence,8.0,8.0,0.14285714285714285
421,CAND_0674,674,0.0531191555541241,1,0,metal-like (graph proxy),g-wave-like medium-confidence,4.0,4.0,0.3333333333333333
422,CAND_0092,92,0.05291984910439364,1,0,metal-like (graph proxy),g-wave-like medium-confidence,4.0,4.0,0.3333333333333333
423,CAND_0250,250,0.05291984910439364,1,0,metal-like (graph proxy),g-wave-like medium-confidence,8.0,2.0,0.03571428571428571
424,CAND_0368,368,0.05291984910439364,1,0,insulator-like (graph proxy),g-wave-like medium-confidence,4.0,2.0,0.16666666666666666
425,CAND_0678,678,0.05291984910439364,1,0,insulator-like (graph proxy),g-wave-like medium-confidence,10.0,2.0,0.022222222222222223
426,CAND_0566,566,0.05291984910439364,1,0,metal-like (graph proxy),g-wave-like medium-confidence,8.0,2.0,0.03571428571428571
427,CAND_0507,507,0.05291984910439364,1,0,metal-like (graph proxy),g-wave-like medium-confidence,4.0,2.0,0.16666666666666666
428,CAND_0258,258,0.052721248827900455,1,0,metal-like (graph proxy),g-wave-like medium-confidence,4.0,2.0,0.16666666666666666
429,CAND_0431,431,0.052721248827900455,1,0,insulator-like (graph proxy),g-wave-like medium-confidence,10.0,20.0,0.2222222222222222
430,CAND_0144,144,0.052721248827900455,1,0,insulator-like (graph proxy),g-wave-like medium-confidence,12.0,12.0,0.09090909090909091
431,CAND_0109,109,0.052721248827900455,1,0,insulator-like (graph proxy),g-wave-like medium-confidence,10.0,2.0,0.022222222222222223
432,CAND_0380,380,0.052721248827900455,1,0,metal-like (graph proxy),g-wave-like medium-confidence,4.0,4.0,0.3333333333333333
433,CAND_0564,564,0.052721248827900455,1,0,metal-like (graph proxy),g-wave-like medium-confidence,4.0,2.0,0.16666666666666666
434,CAND_0308,308,0.052721248827900455,1,0,metal-like (graph proxy),g-wave-like medium-confidence,10.0,30.0,0.3333333333333333
435,CAND_0310,310,0.052721248827900455,1,0,metal-like (graph proxy),g-wave-like medium-confidence,4.0,2.0,0.16666666666666666
436,CAND_0136,136,0.052721248827900455,1,0,insulator-like (graph proxy),g-wave-like medium-confidence,12.0,8.0,0.06060606060606061
437,CAND_0165,165,0.052721248827900455,1,0,insulator-like (graph proxy),g-wave-like medium-confidence,10.0,4.0,0.044444444444444446
438,CAND_0406,406,0.052721248827900455,1,0,insulator-like (graph proxy),g-wave-like medium-confidence,8.0,2.0,0.03571428571428571
439,CAND_0396,396,0.052721248827900455,1,0,metal-like (graph proxy),g-wave-like medium-confidence,12.0,10.0,0.07575757575757576
440,CAND_0378,378,0.052721248827900455,1,0,metal-like (graph proxy),g-wave-like medium-confidence,14.0,12.0,0.06593406593406594
441,CAND_0617,617,0.052721248827900455,1,0,metal-like (graph proxy),g-wave-like medium-confidence,24.0,114.0,0.20652173913043478
442,CAND_0659,659,0.052721248827900455,1,0,metal-like (graph proxy),g-wave-like medium-confidence,4.0,3.0,0.25
443,CAND_0080,80,0.052721248827900455,1,0,metal-like (graph proxy),g-wave-like medium-confidence,6.0,6.0,0.2
444,CAND_0962,962,0.052721248827900455,1,0,metal-like (graph proxy),g-wave-like medium-confidence,6.0,2.0,0.06666666666666667
445,CAND_0032,32,0.05252335253459288,1,0,insulator-like (graph proxy),g-wave-like medium-confidence,8.0,2.0,0.03571428571428571
446,CAND_0621,621,0.05252335253459288,1,0,metal-like (graph proxy),g-wave-like medium-confidence,24.0,60.0,0.10869565217391304
447,CAND_0446,446,0.05252335253459288,1,0,metal-like (graph proxy),g-wave-like medium-confidence,6.0,2.0,0.06666666666666667
448,CAND_0290,290,0.05252335253459288,1,0,metal-like (graph proxy),g-wave-like medium-confidence,14.0,6.0,0.03296703296703297
449,CAND_0046,46,0.05252335253459288,1,0,insulator-like (graph proxy),g-wave-like medium-confidence,6.0,2.0,0.06666666666666667
450,CAND_0549,549,0.05252335253459288,1,0,metal-like (graph proxy),g-wave-like medium-confidence,12.0,6.0,0.045454545454545456
451,CAND_0411,411,0.05252335253459288,1,0,insulator-like (graph proxy),g-wave-like medium-confidence,6.0,10.0,0.3333333333333333
452,CAND_0119,119,0.05252335253459288,1,0,insulator-like (graph proxy),g-wave-like medium-confidence,20.0,42.0,0.11052631578947368
453,CAND_0341,341,0.05252335253459288,1,1,insulator-like (graph proxy),g-wave-like medium-confidence,6.0,2.0,0.06666666666666667
454,CAND_0072,72,0.05252335253459288,1,0,metal-like (graph proxy),g-wave-like medium-confidence,10.0,12.0,0.13333333333333333
455,CAND_0397,397,0.052326158038864264,1,0,metal-like (graph proxy),g-wave-like medium-confidence,10.0,10.0,0.1111111111111111
456,CAND_0398,398,0.052326158038864264,1,0,metal-like (graph proxy),g-wave-like medium-confidence,12.0,10.0,0.07575757575757576
457,CAND_0034,34,0.052326158038864264,1,0,metal-like (graph proxy),g-wave-like medium-confidence,6.0,2.0,0.06666666666666667
458,CAND_0016,16,0.052326158038864264,1,0,insulator-like (graph proxy),g-wave-like medium-confidence,18.0,36.0,0.11764705882352941
459,CAND_0815,815,0.052326158038864264,1,0,insulator-like (graph proxy),g-wave-like medium-confidence,6.0,6.0,0.2
460,CAND_0556,556,0.052326158038864264,1,0,metal-like (graph proxy),g-wave-like medium-confidence,12.0,32.0,0.24242424242424243
461,CAND_0479,479,0.052326158038864264,1,1,insulator-like (graph proxy),g-wave-like medium-confidence,16.0,30.0,0.125
462,CAND_0640,640,0.052326158038864264,1,0,metal-like (graph proxy),g-wave-like medium-confidence,12.0,14.0,0.10606060606060606
463,CAND_0680,680,0.052326158038864264,1,0,metal-like (graph proxy),g-wave-like medium-confidence,6.0,4.0,0.13333333333333333
464,CAND_0722,722,0.052326158038864264,1,0,insulator-like (graph proxy),g-wave-like medium-confidence,18.0,40.0,0.13071895424836602
465,CAND_0160,160,0.052326158038864264,1,0,insulator-like (graph proxy),g-wave-like medium-confidence,12.0,10.0,0.07575757575757576
466,CAND_0849,849,0.052326158038864264,1,0,metal-like (graph proxy),g-wave-like medium-confidence,6.0,10.0,0.3333333333333333
467,CAND_0142,142,0.052326158038864264,1,0,insulator-like (graph proxy),g-wave-like medium-confidence,6.0,2.0,0.06666666666666667
468,CAND_0755,755,0.052326158038864264,1,0,insulator-like (graph proxy),g-wave-like medium-confidence,24.0,36.0,0.06521739130434782
469,CAND_0860,860,0.052326158038864264,1,0,metal-like (graph proxy),g-wave-like medium-confidence,20.0,50.0,0.13157894736842105
470,CAND_0352,352,0.052326158038864264,1,0,metal-like (graph proxy),g-wave-like medium-confidence,14.0,26.0,0.14285714285714285
471,CAND_0399,399,0.052326158038864264,1,0,insulator-like (graph proxy),g-wave-like medium-confidence,10.0,8.0,0.08888888888888889
472,CAND_0708,708,0.052326158038864264,1,0,metal-like (graph proxy),g-wave-like medium-confidence,8.0,12.0,0.21428571428571427
473,CAND_0821,821,0.052326158038864264,1,0,insulator-like (graph proxy),g-wave-like medium-confidence,12.0,20.0,0.15151515151515152
474,CAND_0804,804,0.052326158038864264,1,0,metal-like (graph proxy),g-wave-like medium-confidence,12.0,10.0,0.07575757575757576
475,CAND_0013,13,0.052326158038864264,1,0,metal-like (graph proxy),g-wave-like medium-confidence,8.0,6.0,0.10714285714285714
476,CAND_0949,949,0.052326158038864264,1,0,metal-like (graph proxy),g-wave-like medium-confidence,16.0,40.0,0.16666666666666666
477,CAND_0022,22,0.052326158038864264,1,0,insulator-like (graph proxy),g-wave-like medium-confidence,12.0,10.0,0.07575757575757576
478,CAND_0576,576,0.052129663159562585,1,0,insulator-like (graph proxy),g-wave-like medium-confidence,18.0,22.0,0.0718954248366013
479,CAND_0184,184,0.052129663159562585,1,0,metal-like (graph proxy),g-wave-like medium-confidence,4.0,2.0,0.16666666666666666
480,CAND_0768,768,0.052129663159562585,1,0,insulator-like (graph proxy),g-wave-like medium-confidence,12.0,18.0,0.13636363636363635
481,CAND_0322,322,0.052129663159562585,1,0,insulator-like (graph proxy),g-wave-like medium-confidence,12.0,8.0,0.06060606060606061
482,CAND_0379,379,0.052129663159562585,1,0,insulator-like (graph proxy),g-wave-like medium-confidence,6.0,4.0,0.13333333333333333
483,CAND_0108,108,0.052129663159562585,1,0,insulator-like (graph proxy),g-wave-like medium-confidence,12.0,14.0,0.10606060606060606
484,CAND_0980,980,0.052129663159562585,1,0,metal-like (graph proxy),g-wave-like medium-confidence,8.0,16.0,0.2857142857142857
485,CAND_0978,978,0.052129663159562585,1,0,insulator-like (graph proxy),g-wave-like medium-confidence,8.0,8.0,0.14285714285714285
486,CAND_0783,783,0.052129663159562585,1,0,insulator-like (graph proxy),g-wave-like medium-confidence,20.0,50.0,0.13157894736842105
487,CAND_0983,983,0.052129663159562585,1,0,metal-like (graph proxy),g-wave-like medium-confidence,4.0,3.0,0.25
488,CAND_0970,970,0.052129663159562585,1,0,metal-like (graph proxy),g-wave-like medium-confidence,10.0,2.0,0.022222222222222223
489,CAND_0176,176,0.052129663159562585,1,0,insulator-like (graph proxy),g-wave-like medium-confidence,24.0,44.0,0.07971014492753623
490,CAND_0157,157,0.052129663159562585,1,1,metal-like (graph proxy),g-wave-like medium-confidence,10.0,6.0,0.06666666666666667
491,CAND_0272,272,0.052129663159562585,1,0,insulator-like (graph proxy),g-wave-like medium-confidence,12.0,16.0,0.12121212121212122
492,CAND_0642,642,0.052129663159562585,1,0,metal-like (graph proxy),g-wave-like medium-confidence,6.0,2.0,0.06666666666666667
493,CAND_0274,274,0.052129663159562585,1,0,metal-like (graph proxy),g-wave-like medium-confidence,10.0,4.0,0.044444444444444446
494,CAND_0242,242,0.052129663159562585,1,0,insulator-like (graph proxy),g-wave-like medium-confidence,10.0,2.0,0.022222222222222223
495,CAND_0392,392,0.052129663159562585,1,0,metal-like (graph proxy),g-wave-like medium-confidence,6.0,2.0,0.06666666666666667
496,CAND_0543,543,0.052129663159562585,1,0,metal-like (graph proxy),g-wave-like medium-confidence,14.0,20.0,0.10989010989010989
497,CAND_0501,501,0.052129663159562585,1,0,metal-like (graph proxy),g-wave-like medium-confidence,10.0,8.0,0.08888888888888889
498,CAND_0412,412,0.052129663159562585,1,0,metal-like (graph proxy),g-wave-like medium-confidence,24.0,68.0,0.12318840579710146
499,CAND_0414,414,0.052129663159562585,1,0,insulator-like (graph proxy),g-wave-like medium-confidence,6.0,6.0,0.2
500,CAND_0792,792,0.051933865720000014,1,0,metal-like (graph proxy),g-wave-like medium-confidence,12.0,14.0,0.10606060606060606
501,CAND_0624,624,0.051933865720000014,1,0,insulator-like (graph proxy),g-wave-like medium-confidence,6.0,5.0,0.16666666666666666
502,CAND_0211,211,0.051933865720000014,1,0,insulator-like (graph proxy),g-wave-like medium-confidence,8.0,6.0,0.10714285714285714
503,CAND_0818,818,0.051933865720000014,1,0,metal-like (graph proxy),g-wave-like medium-confidence,14.0,36.0,0.1978021978021978
504,CAND_0187,187,0.051933865720000014,1,0,insulator-like (graph proxy),g-wave-like medium-confidence,8.0,6.0,0.10714285714285714
505,CAND_0164,164,0.051933865720000014,1,0,metal-like (graph proxy),g-wave-like medium-confidence,6.0,4.0,0.13333333333333333
506,CAND_0509,509,0.051933865720000014,1,0,metal-like (graph proxy),g-wave-like medium-confidence,4.0,4.0,0.3333333333333333
507,CAND_0141,141,0.051933865720000014,1,0,insulator-like (graph proxy),g-wave-like medium-confidence,24.0,50.0,0.09057971014492754
508,CAND_0739,739,0.051933865720000014,1,0,insulator-like (graph proxy),g-wave-like medium-confidence,14.0,12.0,0.06593406593406594
509,CAND_0729,729,0.051933865720000014,1,0,insulator-like (graph proxy),g-wave-like medium-confidence,8.0,4.0,0.07142857142857142
510,CAND_0254,254,0.051933865720000014,1,0,insulator-like (graph proxy),g-wave-like medium-confidence,16.0,12.0,0.05
511,CAND_0703,703,0.051933865720000014,1,0,metal-like (graph proxy),g-wave-like medium-confidence,6.0,4.0,0.13333333333333333
512,CAND_0900,900,0.051933865720000014,1,0,insulator-like (graph proxy),g-wave-like medium-confidence,8.0,6.0,0.10714285714285714
513,CAND_0648,648,0.051933865720000014,1,0,insulator-like (graph proxy),g-wave-like medium-confidence,6.0,6.0,0.2
514,CAND_0661,661,0.051933865720000014,1,1,insulator-like (graph proxy),g-wave-like medium-confidence,10.0,10.0,0.1111111111111111
515,CAND_0892,892,0.051933865720000014,1,0,insulator-like (graph proxy),g-wave-like medium-confidence,6.0,2.0,0.06666666666666667
516,CAND_0116,116,0.051933865720000014,1,0,metal-like (graph proxy),g-wave-like medium-confidence,4.0,3.0,0.25
517,CAND_0894,894,0.051933865720000014,1,0,metal-like (graph proxy),g-wave-like medium-confidence,10.0,4.0,0.044444444444444446
518,CAND_0955,955,0.051933865720000014,1,0,metal-like (graph proxy),g-wave-like medium-confidence,6.0,4.0,0.13333333333333333
519,CAND_0934,934,0.051933865720000014,1,0,metal-like (graph proxy),g-wave-like medium-confidence,8.0,4.0,0.07142857142857142
520,CAND_0219,219,0.051933865720000014,1,0,metal-like (graph proxy),g-wave-like medium-confidence,24.0,68.0,0.12318840579710146
521,CAND_0533,533,0.05173876354796217,1,0,insulator-like (graph proxy),g-wave-like medium-confidence,4.0,2.0,0.16666666666666666
522,CAND_0095,95,0.05173876354796217,1,0,insulator-like (graph proxy),g-wave-like medium-confidence,8.0,4.0,0.07142857142857142
523,CAND_0150,150,0.05173876354796217,1,0,insulator-like (graph proxy),g-wave-like medium-confidence,6.0,2.0,0.06666666666666667
524,CAND_0890,890,0.05173876354796217,1,0,insulator-like (graph proxy),g-wave-like medium-confidence,16.0,24.0,0.1
525,CAND_0579,579,0.05173876354796217,1,0,metal-like (graph proxy),g-wave-like medium-confidence,10.0,10.0,0.1111111111111111
526,CAND_0443,443,0.05173876354796217,1,0,insulator-like (graph proxy),g-wave-like medium-confidence,16.0,22.0,0.09166666666666666
527,CAND_0603,603,0.05173876354796217,1,0,insulator-like (graph proxy),g-wave-like medium-confidence,12.0,16.0,0.12121212121212122
528,CAND_0587,587,0.05173876354796217,1,0,metal-like (graph proxy),g-wave-like medium-confidence,10.0,12.0,0.13333333333333333
529,CAND_0641,641,0.05173876354796217,1,0,metal-like (graph proxy),g-wave-like medium-confidence,6.0,6.0,0.2
530,CAND_0188,188,0.05173876354796217,1,0,metal-like (graph proxy),g-wave-like medium-confidence,18.0,30.0,0.09803921568627451
531,CAND_0025,25,0.05173876354796217,1,0,insulator-like (graph proxy),g-wave-like medium-confidence,6.0,2.0,0.06666666666666667
532,CAND_0992,992,0.05173876354796217,1,0,metal-like (graph proxy),g-wave-like medium-confidence,14.0,16.0,0.08791208791208792
533,CAND_0295,295,0.05173876354796217,1,0,metal-like (graph proxy),g-wave-like medium-confidence,4.0,2.0,0.16666666666666666
534,CAND_0234,234,0.05173876354796217,1,0,metal-like (graph proxy),g-wave-like medium-confidence,18.0,22.0,0.0718954248366013
535,CAND_0333,333,0.05173876354796217,1,0,insulator-like (graph proxy),g-wave-like medium-confidence,6.0,4.0,0.13333333333333333
536,CAND_0671,671,0.05173876354796217,1,0,metal-like (graph proxy),g-wave-like medium-confidence,10.0,8.0,0.08888888888888889
537,CAND_0610,610,0.051544354475717334,1,0,metal-like (graph proxy),g-wave-like medium-confidence,10.0,16.0,0.17777777777777778
538,CAND_0595,595,0.051544354475717334,1,0,metal-like (graph proxy),g-wave-like medium-confidence,6.0,12.0,0.4
539,CAND_0629,629,0.051544354475717334,1,0,metal-like (graph proxy),g-wave-like medium-confidence,4.0,3.0,0.25
540,CAND_0776,776,0.051544354475717334,1,0,insulator-like (graph proxy),g-wave-like medium-confidence,10.0,8.0,0.08888888888888889
541,CAND_0375,375,0.051544354475717334,1,0,insulator-like (graph proxy),g-wave-like medium-confidence,24.0,46.0,0.08333333333333333
542,CAND_0370,370,0.051544354475717334,1,0,metal-like (graph proxy),g-wave-like medium-confidence,24.0,50.0,0.09057971014492754
543,CAND_0395,395,0.051544354475717334,1,0,metal-like (graph proxy),g-wave-like medium-confidence,6.0,2.0,0.06666666666666667
544,CAND_0701,701,0.051544354475717334,1,0,metal-like (graph proxy),g-wave-like medium-confidence,12.0,20.0,0.15151515151515152
545,CAND_0232,232,0.051544354475717334,1,0,metal-like (graph proxy),g-wave-like medium-confidence,10.0,8.0,0.08888888888888889
546,CAND_0709,709,0.051544354475717334,1,0,metal-like (graph proxy),g-wave-like medium-confidence,4.0,3.0,0.25
547,CAND_0417,417,0.051544354475717334,1,0,metal-like (graph proxy),g-wave-like medium-confidence,18.0,38.0,0.12418300653594772
548,CAND_0583,583,0.051544354475717334,1,0,metal-like (graph proxy),g-wave-like medium-confidence,8.0,16.0,0.2857142857142857
549,CAND_0886,886,0.051544354475717334,1,0,insulator-like (graph proxy),g-wave-like medium-confidence,16.0,24.0,0.1
550,CAND_0086,86,0.051544354475717334,1,0,metal-like (graph proxy),g-wave-like medium-confidence,8.0,10.0,0.17857142857142858
551,CAND_0911,911,0.051544354475717334,1,0,metal-like (graph proxy),g-wave-like medium-confidence,16.0,22.0,0.09166666666666666
552,CAND_0500,500,0.051544354475717334,1,0,insulator-like (graph proxy),g-wave-like medium-confidence,14.0,14.0,0.07692307692307693
553,CAND_0657,657,0.051544354475717334,1,0,metal-like (graph proxy),g-wave-like medium-confidence,20.0,58.0,0.15263157894736842
554,CAND_0052,52,0.051544354475717334,1,0,metal-like (graph proxy),g-wave-like medium-confidence,20.0,32.0,0.08421052631578947
555,CAND_0713,713,0.051544354475717334,1,0,metal-like (graph proxy),g-wave-like medium-confidence,14.0,24.0,0.13186813186813187
556,CAND_0239,239,0.051544354475717334,1,0,metal-like (graph proxy),g-wave-like medium-confidence,8.0,10.0,0.17857142857142858
557,CAND_0984,984,0.051544354475717334,1,0,insulator-like (graph proxy),g-wave-like medium-confidence,8.0,4.0,0.07142857142857142
558,CAND_0321,321,0.051544354475717334,1,0,metal-like (graph proxy),g-wave-like medium-confidence,4.0,3.0,0.25
559,CAND_0693,693,0.051544354475717334,1,0,metal-like (graph proxy),g-wave-like medium-confidence,8.0,12.0,0.21428571428571427
560,CAND_0407,407,0.05135063634002528,1,1,insulator-like (graph proxy),g-wave-like medium-confidence,10.0,10.0,0.1111111111111111
561,CAND_0073,73,0.05135063634002528,1,0,metal-like (graph proxy),g-wave-like medium-confidence,16.0,22.0,0.09166666666666666
562,CAND_0810,810,0.05135063634002528,1,1,metal-like (graph proxy),g-wave-like medium-confidence,4.0,4.0,0.3333333333333333
563,CAND_0453,453,0.05135063634002528,1,0,insulator-like (graph proxy),g-wave-like medium-confidence,10.0,8.0,0.08888888888888889
564,CAND_0863,863,0.05135063634002528,1,0,metal-like (graph proxy),g-wave-like medium-confidence,6.0,8.0,0.26666666666666666
565,CAND_0477,477,0.05135063634002528,1,0,metal-like (graph proxy),g-wave-like medium-confidence,12.0,22.0,0.16666666666666666
566,CAND_0759,759,0.05135063634002528,1,0,insulator-like (graph proxy),g-wave-like medium-confidence,8.0,10.0,0.17857142857142858
567,CAND_0062,62,0.05135063634002528,1,1,metal-like (graph proxy),g-wave-like medium-confidence,6.0,2.0,0.06666666666666667
568,CAND_0008,8,0.05135063634002528,1,0,metal-like (graph proxy),g-wave-like medium-confidence,6.0,2.0,0.06666666666666667
569,CAND_0469,469,0.05135063634002528,1,0,metal-like (graph proxy),g-wave-like medium-confidence,8.0,12.0,0.21428571428571427
570,CAND_0382,382,0.05115760698214616,1,0,insulator-like (graph proxy),g-wave-like medium-confidence,8.0,10.0,0.17857142857142858
571,CAND_0527,527,0.05115760698214616,1,0,insulator-like (graph proxy),g-wave-like medium-confidence,18.0,34.0,0.1111111111111111
572,CAND_0688,688,0.05115760698214616,1,0,insulator-like (graph proxy),g-wave-like medium-confidence,6.0,2.0,0.06666666666666667
573,CAND_0974,974,0.05115760698214616,1,0,metal-like (graph proxy),g-wave-like medium-confidence,12.0,32.0,0.24242424242424243
574,CAND_0138,138,0.05115760698214616,1,0,insulator-like (graph proxy),g-wave-like medium-confidence,8.0,8.0,0.14285714285714285
575,CAND_0498,498,0.05115760698214616,1,0,metal-like (graph proxy),g-wave-like medium-confidence,8.0,2.0,0.03571428571428571
576,CAND_0542,542,0.05115760698214616,1,0,metal-like (graph proxy),g-wave-like medium-confidence,18.0,28.0,0.0915032679738562
577,CAND_0685,685,0.05115760698214616,1,0,insulator-like (graph proxy),g-wave-like medium-confidence,14.0,8.0,0.04395604395604396
578,CAND_0521,521,0.05096526424784898,1,0,metal-like (graph proxy),g-wave-like medium-confidence,4.0,4.0,0.3333333333333333
579,CAND_0523,523,0.05096526424784898,1,0,insulator-like (graph proxy),g-wave-like medium-confidence,6.0,2.0,0.06666666666666667
580,CAND_0928,928,0.05096526424784898,1,0,metal-like (graph proxy),g-wave-like medium-confidence,6.0,6.0,0.2
581,CAND_0870,870,0.05096526424784898,1,0,insulator-like (graph proxy),g-wave-like medium-confidence,12.0,16.0,0.12121212121212122
582,CAND_0159,159,0.05096526424784898,1,0,metal-like (graph proxy),g-wave-like medium-confidence,4.0,4.0,0.3333333333333333
583,CAND_0574,574,0.05096526424784898,1,0,insulator-like (graph proxy),g-wave-like medium-confidence,6.0,5.0,0.16666666666666666
584,CAND_0932,932,0.05096526424784898,1,0,insulator-like (graph proxy),g-wave-like medium-confidence,4.0,2.0,0.16666666666666666
585,CAND_0990,990,0.05096526424784898,1,0,insulator-like (graph proxy),g-wave-like medium-confidence,4.0,2.0,0.16666666666666666
586,CAND_0301,301,0.05096526424784898,1,0,insulator-like (graph proxy),g-wave-like medium-confidence,12.0,12.0,0.09090909090909091
587,CAND_0420,420,0.05096526424784898,1,0,metal-like (graph proxy),g-wave-like medium-confidence,4.0,3.0,0.25
588,CAND_0129,129,0.05096526424784898,1,0,insulator-like (graph proxy),g-wave-like medium-confidence,10.0,6.0,0.06666666666666667
589,CAND_0852,852,0.05096526424784898,1,0,metal-like (graph proxy),g-wave-like medium-confidence,10.0,20.0,0.2222222222222222
590,CAND_0843,843,0.05096526424784898,1,0,insulator-like (graph proxy),g-wave-like medium-confidence,10.0,20.0,0.2222222222222222
591,CAND_0781,781,0.05096526424784898,1,0,insulator-like (graph proxy),g-wave-like medium-confidence,8.0,8.0,0.14285714285714285
592,CAND_0947,947,0.05096526424784898,1,0,insulator-like (graph proxy),g-wave-like medium-confidence,8.0,8.0,0.14285714285714285
593,CAND_0696,696,0.05077360598742,1,0,metal-like (graph proxy),g-wave-like medium-confidence,12.0,22.0,0.16666666666666666
594,CAND_0650,650,0.05077360598742,1,0,insulator-like (graph proxy),g-wave-like medium-confidence,10.0,8.0,0.08888888888888889
595,CAND_0746,746,0.05077360598742,1,0,metal-like (graph proxy),g-wave-like medium-confidence,10.0,4.0,0.044444444444444446
596,CAND_0994,994,0.05077360598742,1,0,insulator-like (graph proxy),g-wave-like medium-confidence,24.0,58.0,0.10507246376811594
597,CAND_0772,772,0.05077360598742,1,0,metal-like (graph proxy),g-wave-like medium-confidence,10.0,6.0,0.06666666666666667
598,CAND_0506,506,0.05077360598742,1,0,insulator-like (graph proxy),g-wave-like medium-confidence,20.0,40.0,0.10526315789473684
599,CAND_0515,515,0.05077360598742,1,0,insulator-like (graph proxy),g-wave-like medium-confidence,8.0,8.0,0.14285714285714285
600,CAND_0833,833,0.05077360598742,1,0,insulator-like (graph proxy),g-wave-like medium-confidence,18.0,28.0,0.0915032679738562
601,CAND_0615,615,0.05077360598742,1,0,insulator-like (graph proxy),g-wave-like medium-confidence,16.0,26.0,0.10833333333333334
602,CAND_0212,212,0.05077360598742,1,0,metal-like (graph proxy),g-wave-like medium-confidence,8.0,4.0,0.07142857142857142
603,CAND_0139,139,0.05077360598742,1,0,insulator-like (graph proxy),g-wave-like medium-confidence,8.0,8.0,0.14285714285714285
604,CAND_0462,462,0.05077360598742,1,0,insulator-like (graph proxy),g-wave-like medium-confidence,12.0,18.0,0.13636363636363635
605,CAND_0079,79,0.05077360598742,1,0,insulator-like (graph proxy),g-wave-like medium-confidence,12.0,16.0,0.12121212121212122
606,CAND_0499,499,0.05077360598742,1,0,insulator-like (graph proxy),g-wave-like medium-confidence,6.0,2.0,0.06666666666666667
607,CAND_0856,856,0.05077360598742,1,0,insulator-like (graph proxy),g-wave-like medium-confidence,18.0,22.0,0.0718954248366013
608,CAND_0057,57,0.05077360598742,1,0,insulator-like (graph proxy),g-wave-like medium-confidence,20.0,38.0,0.1
609,CAND_0761,761,0.050582630055671006,0,0,metal-like (graph proxy),g-wave-like medium-confidence,20.0,40.0,0.10526315789473684
610,CAND_0953,953,0.050582630055671006,0,0,insulator-like (graph proxy),g-wave-like medium-confidence,6.0,2.0,0.06666666666666667
611,CAND_0997,997,0.050582630055671006,0,0,insulator-like (graph proxy),g-wave-like medium-confidence,6.0,4.0,0.13333333333333333
612,CAND_0979,979,0.050582630055671006,0,1,metal-like (graph proxy),g-wave-like medium-confidence,12.0,28.0,0.21212121212121213
613,CAND_0279,279,0.050582630055671006,0,0,metal-like (graph proxy),g-wave-like medium-confidence,20.0,62.0,0.1631578947368421
614,CAND_0982,982,0.050582630055671006,0,0,insulator-like (graph proxy),g-wave-like medium-confidence,6.0,2.0,0.06666666666666667
615,CAND_0361,361,0.050582630055671006,0,0,insulator-like (graph proxy),g-wave-like medium-confidence,8.0,2.0,0.03571428571428571
616,CAND_0731,731,0.050582630055671006,0,0,insulator-like (graph proxy),g-wave-like medium-confidence,20.0,36.0,0.09473684210526316
617,CAND_0568,568,0.050582630055671006,0,0,metal-like (graph proxy),g-wave-like medium-confidence,8.0,8.0,0.14285714285714285
618,CAND_0573,573,0.050582630055671006,0,0,metal-like (graph proxy),g-wave-like medium-confidence,14.0,24.0,0.13186813186813187
619,CAND_0455,455,0.050582630055671006,0,0,insulator-like (graph proxy),g-wave-like medium-confidence,6.0,4.0,0.13333333333333333
620,CAND_0436,436,0.050582630055671006,0,0,insulator-like (graph proxy),g-wave-like medium-confidence,8.0,10.0,0.17857142857142858
621,CAND_0393,393,0.050582630055671006,0,0,metal-like (graph proxy),g-wave-like medium-confidence,8.0,4.0,0.07142857142857142
622,CAND_0386,386,0.050582630055671006,0,0,insulator-like (graph proxy),g-wave-like medium-confidence,16.0,30.0,0.125
623,CAND_0121,121,0.050582630055671006,0,0,insulator-like (graph proxy),g-wave-like medium-confidence,10.0,6.0,0.06666666666666667
624,CAND_0221,221,0.050582630055671006,0,0,insulator-like (graph proxy),g-wave-like medium-confidence,6.0,4.0,0.13333333333333333
625,CAND_0473,473,0.050582630055671006,0,0,insulator-like (graph proxy),g-wave-like medium-confidence,10.0,2.0,0.022222222222222223
626,CAND_0424,424,0.050392334311947326,0,0,metal-like (graph proxy),g-wave-like medium-confidence,12.0,6.0,0.045454545454545456
627,CAND_0213,213,0.050392334311947326,0,0,metal-like (graph proxy),g-wave-like medium-confidence,14.0,38.0,0.2087912087912088
628,CAND_0385,385,0.050392334311947326,0,0,insulator-like (graph proxy),g-wave-like medium-confidence,12.0,4.0,0.030303030303030304
629,CAND_0201,201,0.050392334311947326,0,0,metal-like (graph proxy),g-wave-like medium-confidence,14.0,22.0,0.12087912087912088
630,CAND_0817,817,0.050392334311947326,0,0,insulator-like (graph proxy),g-wave-like medium-confidence,16.0,12.0,0.05
631,CAND_0814,814,0.050392334311947326,0,0,insulator-like (graph proxy),g-wave-like medium-confidence,6.0,5.0,0.16666666666666666
632,CAND_0824,824,0.050392334311947326,0,0,metal-like (graph proxy),g-wave-like medium-confidence,20.0,38.0,0.1
633,CAND_0873,873,0.050392334311947326,0,0,metal-like (graph proxy),g-wave-like medium-confidence,10.0,10.0,0.1111111111111111
634,CAND_0912,912,0.050392334311947326,0,0,insulator-like (graph proxy),g-wave-like medium-confidence,12.0,6.0,0.045454545454545456
635,CAND_0492,492,0.050392334311947326,0,0,insulator-like (graph proxy),g-wave-like medium-confidence,24.0,62.0,0.11231884057971014
636,CAND_0651,651,0.050392334311947326,0,0,metal-like (graph proxy),g-wave-like medium-confidence,12.0,24.0,0.18181818181818182
637,CAND_0004,4,0.050392334311947326,0,0,metal-like (graph proxy),g-wave-like medium-confidence,12.0,34.0,0.25757575757575757
638,CAND_0751,751,0.050392334311947326,0,0,insulator-like (graph proxy),g-wave-like medium-confidence,8.0,6.0,0.10714285714285714
639,CAND_0275,275,0.050392334311947326,0,0,insulator-like (graph proxy),g-wave-like medium-confidence,6.0,2.0,0.06666666666666667
640,CAND_0790,790,0.050392334311947326,0,0,insulator-like (graph proxy),g-wave-like medium-confidence,8.0,10.0,0.17857142857142858
641,CAND_0577,577,0.0502027166201356,0,0,metal-like (graph proxy),g-wave-like medium-confidence,4.0,3.0,0.25
642,CAND_0137,137,0.0502027166201356,0,0,insulator-like (graph proxy),g-wave-like medium-confidence,6.0,4.0,0.13333333333333333
643,CAND_0794,794,0.0502027166201356,0,0,insulator-like (graph proxy),g-wave-like medium-confidence,12.0,12.0,0.09090909090909091
644,CAND_0848,848,0.0502027166201356,0,0,insulator-like (graph proxy),g-wave-like medium-confidence,20.0,38.0,0.1
645,CAND_0609,609,0.0502027166201356,0,0,metal-like (graph proxy),g-wave-like medium-confidence,14.0,24.0,0.13186813186813187
646,CAND_0626,626,0.0502027166201356,0,0,insulator-like (graph proxy),g-wave-like medium-confidence,20.0,44.0,0.11578947368421053
647,CAND_0222,222,0.0502027166201356,0,0,insulator-like (graph proxy),g-wave-like medium-confidence,10.0,6.0,0.06666666666666667
648,CAND_0372,372,0.0502027166201356,0,0,metal-like (graph proxy),g-wave-like medium-confidence,12.0,24.0,0.18181818181818182
649,CAND_0513,513,0.0502027166201356,0,0,insulator-like (graph proxy),g-wave-like medium-confidence,20.0,52.0,0.1368421052631579
650,CAND_0717,717,0.0502027166201356,0,0,metal-like (graph proxy),g-wave-like medium-confidence,8.0,12.0,0.21428571428571427
651,CAND_0084,84,0.0502027166201356,0,0,metal-like (graph proxy),g-wave-like medium-confidence,8.0,4.0,0.07142857142857142
652,CAND_0780,780,0.0502027166201356,0,1,metal-like (graph proxy),g-wave-like medium-confidence,4.0,2.0,0.16666666666666666
653,CAND_0785,785,0.0502027166201356,0,0,metal-like (graph proxy),g-wave-like medium-confidence,10.0,8.0,0.08888888888888889
654,CAND_0312,312,0.0502027166201356,0,0,metal-like (graph proxy),g-wave-like medium-confidence,4.0,4.0,0.3333333333333333
655,CAND_0986,986,0.0502027166201356,0,0,insulator-like (graph proxy),g-wave-like medium-confidence,24.0,74.0,0.13405797101449277
656,CAND_0307,307,0.0502027166201356,0,0,metal-like (graph proxy),g-wave-like medium-confidence,14.0,22.0,0.12087912087912088
657,CAND_0778,778,0.050013774848671484,0,0,metal-like (graph proxy),g-wave-like medium-confidence,4.0,3.0,0.25
658,CAND_0548,548,0.050013774848671484,0,0,insulator-like (graph proxy),g-wave-like medium-confidence,6.0,2.0,0.06666666666666667
659,CAND_0350,350,0.050013774848671484,0,0,metal-like (graph proxy),g-wave-like medium-confidence,10.0,16.0,0.17777777777777778
660,CAND_0059,59,0.050013774848671484,0,0,metal-like (graph proxy),g-wave-like medium-confidence,8.0,16.0,0.2857142857142857
661,CAND_0401,401,0.050013774848671484,0,0,metal-like (graph proxy),g-wave-like medium-confidence,4.0,2.0,0.16666666666666666
662,CAND_0638,638,0.050013774848671484,0,0,metal-like (graph proxy),g-wave-like medium-confidence,14.0,30.0,0.16483516483516483
663,CAND_0614,614,0.049825506870547286,0,0,insulator-like (graph proxy),g-wave-like medium-confidence,10.0,8.0,0.08888888888888889
664,CAND_0834,834,0.049825506870547286,0,0,metal-like (graph proxy),g-wave-like medium-confidence,18.0,32.0,0.10457516339869281
665,CAND_0429,429,0.049825506870547286,0,0,insulator-like (graph proxy),g-wave-like medium-confidence,4.0,2.0,0.16666666666666666
666,CAND_0437,437,0.049825506870547286,0,0,metal-like (graph proxy),g-wave-like medium-confidence,10.0,12.0,0.13333333333333333
667,CAND_0908,908,0.049825506870547286,0,0,metal-like (graph proxy),g-wave-like medium-confidence,10.0,20.0,0.2222222222222222
668,CAND_0519,519,0.049825506870547286,0,0,metal-like (graph proxy),g-wave-like medium-confidence,10.0,6.0,0.06666666666666667
669,CAND_0977,977,0.049825506870547286,0,0,insulator-like (graph proxy),g-wave-like medium-confidence,14.0,10.0,0.054945054945054944
670,CAND_0679,679,0.049825506870547286,0,0,metal-like (graph proxy),g-wave-like medium-confidence,6.0,2.0,0.06666666666666667
671,CAND_0987,987,0.049825506870547286,0,0,insulator-like (graph proxy),g-wave-like medium-confidence,6.0,2.0,0.06666666666666667
672,CAND_0317,317,0.049825506870547286,0,1,insulator-like (graph proxy),g-wave-like medium-confidence,16.0,26.0,0.10833333333333334
673,CAND_0726,726,0.049825506870547286,0,0,metal-like (graph proxy),g-wave-like medium-confidence,8.0,6.0,0.10714285714285714
674,CAND_0005,5,0.049825506870547286,0,0,insulator-like (graph proxy),g-wave-like medium-confidence,24.0,82.0,0.14855072463768115
675,CAND_0716,716,0.04963791056331906,0,1,metal-like (graph proxy),i-wave-like low-confidence,6.0,2.0,0.06666666666666667
676,CAND_0329,329,0.04963791056331906,0,0,metal-like (graph proxy),i-wave-like low-confidence,4.0,2.0,0.16666666666666666
677,CAND_0135,135,0.04963791056331906,0,0,insulator-like (graph proxy),i-wave-like low-confidence,6.0,2.0,0.06666666666666667
678,CAND_0551,551,0.04963791056331906,0,0,insulator-like (graph proxy),i-wave-like low-confidence,4.0,2.0,0.16666666666666666
679,CAND_0075,75,0.04963791056331906,0,0,metal-like (graph proxy),i-wave-like low-confidence,6.0,10.0,0.3333333333333333
680,CAND_0914,914,0.04963791056331906,0,0,metal-like (graph proxy),i-wave-like low-confidence,6.0,2.0,0.06666666666666667
681,CAND_0037,37,0.04963791056331906,0,0,metal-like (graph proxy),i-wave-like low-confidence,6.0,6.0,0.2
682,CAND_0972,972,0.04963791056331906,0,0,metal-like (graph proxy),i-wave-like low-confidence,4.0,2.0,0.16666666666666666
683,CAND_0943,943,0.04963791056331906,0,0,insulator-like (graph proxy),i-wave-like low-confidence,8.0,2.0,0.03571428571428571
684,CAND_0732,732,0.04963791056331906,0,0,metal-like (graph proxy),i-wave-like low-confidence,8.0,10.0,0.17857142857142858
685,CAND_0314,314,0.04963791056331906,0,0,insulator-like (graph proxy),i-wave-like low-confidence,10.0,2.0,0.022222222222222223
686,CAND_0334,334,0.049450983809113926,0,0,insulator-like (graph proxy),i-wave-like low-confidence,10.0,6.0,0.06666666666666667
687,CAND_0237,237,0.049450983809113926,0,0,metal-like (graph proxy),i-wave-like low-confidence,24.0,116.0,0.21014492753623187
688,CAND_0665,665,0.049450983809113926,0,0,insulator-like (graph proxy),i-wave-like low-confidence,4.0,1.0,0.08333333333333333
689,CAND_0769,769,0.049450983809113926,0,0,insulator-like (graph proxy),i-wave-like low-confidence,6.0,4.0,0.13333333333333333
690,CAND_0623,623,0.049450983809113926,0,1,metal-like (graph proxy),i-wave-like low-confidence,10.0,12.0,0.13333333333333333
691,CAND_0891,891,0.049450983809113926,0,0,metal-like (graph proxy),i-wave-like low-confidence,14.0,20.0,0.10989010989010989
692,CAND_0919,919,0.049450983809113926,0,0,insulator-like (graph proxy),i-wave-like low-confidence,20.0,34.0,0.08947368421052632
693,CAND_0944,944,0.049450983809113926,0,0,insulator-like (graph proxy),i-wave-like low-confidence,8.0,10.0,0.17857142857142858
694,CAND_0019,19,0.049450983809113926,0,0,metal-like (graph proxy),i-wave-like low-confidence,6.0,4.0,0.13333333333333333
695,CAND_0511,511,0.049450983809113926,0,0,metal-like (graph proxy),i-wave-like low-confidence,8.0,12.0,0.21428571428571427
696,CAND_0278,278,0.049450983809113926,0,0,metal-like (graph proxy),i-wave-like low-confidence,8.0,6.0,0.10714285714285714
697,CAND_0643,643,0.049450983809113926,0,0,metal-like (graph proxy),i-wave-like low-confidence,10.0,8.0,0.08888888888888889
698,CAND_0124,124,0.049450983809113926,0,0,insulator-like (graph proxy),i-wave-like low-confidence,20.0,40.0,0.10526315789473684
699,CAND_0874,874,0.049450983809113926,0,0,insulator-like (graph proxy),i-wave-like low-confidence,8.0,8.0,0.14285714285714285
700,CAND_0884,884,0.049450983809113926,0,0,insulator-like (graph proxy),i-wave-like low-confidence,6.0,4.0,0.13333333333333333
701,CAND_0097,97,0.049450983809113926,0,0,metal-like (graph proxy),i-wave-like low-confidence,14.0,24.0,0.13186813186813187
702,CAND_0710,710,0.049264724494636945,0,0,insulator-like (graph proxy),i-wave-like low-confidence,10.0,8.0,0.08888888888888889
703,CAND_0567,567,0.049264724494636945,0,0,insulator-like (graph proxy),i-wave-like low-confidence,8.0,8.0,0.14285714285714285
704,CAND_0194,194,0.049264724494636945,0,0,metal-like (graph proxy),i-wave-like low-confidence,20.0,52.0,0.1368421052631579
705,CAND_0287,287,0.049079130511178036,0,0,metal-like (graph proxy),i-wave-like low-confidence,8.0,8.0,0.14285714285714285
706,CAND_0209,209,0.049079130511178036,0,0,metal-like (graph proxy),i-wave-like low-confidence,12.0,4.0,0.030303030303030304
707,CAND_0060,60,0.049079130511178036,0,0,insulator-like (graph proxy),i-wave-like low-confidence,10.0,8.0,0.08888888888888889
708,CAND_0687,687,0.049079130511178036,0,0,metal-like (graph proxy),i-wave-like low-confidence,10.0,12.0,0.13333333333333333
709,CAND_0662,662,0.049079130511178036,0,0,metal-like (graph proxy),i-wave-like low-confidence,12.0,28.0,0.21212121212121213
710,CAND_0933,933,0.049079130511178036,0,0,metal-like (graph proxy),i-wave-like low-confidence,6.0,2.0,0.06666666666666667
711,CAND_0942,942,0.049079130511178036,0,0,metal-like (graph proxy),i-wave-like low-confidence,6.0,6.0,0.2
712,CAND_0447,447,0.04889419975461844,0,0,insulator-like (graph proxy),i-wave-like low-confidence,8.0,4.0,0.07142857142857142
713,CAND_0686,686,0.04889419975461844,0,0,insulator-like (graph proxy),i-wave-like low-confidence,6.0,4.0,0.13333333333333333
714,CAND_0342,342,0.04889419975461844,0,1,insulator-like (graph proxy),i-wave-like low-confidence,6.0,2.0,0.06666666666666667
715,CAND_0091,91,0.04889419975461844,0,0,metal-like (graph proxy),i-wave-like low-confidence,6.0,4.0,0.13333333333333333
716,CAND_0791,791,0.04889419975461844,0,0,metal-like (graph proxy),i-wave-like low-confidence,20.0,48.0,0.12631578947368421
717,CAND_0225,225,0.04889419975461844,0,0,insulator-like (graph proxy),i-wave-like low-confidence,6.0,4.0,0.13333333333333333
718,CAND_0784,784,0.048709930125437395,0,0,metal-like (graph proxy),i-wave-like low-confidence,20.0,68.0,0.17894736842105263
719,CAND_0493,493,0.048709930125437395,0,0,metal-like (graph proxy),i-wave-like low-confidence,8.0,2.0,0.03571428571428571
720,CAND_0306,306,0.048709930125437395,0,0,metal-like (graph proxy),i-wave-like low-confidence,8.0,4.0,0.07142857142857142
721,CAND_0478,478,0.048709930125437395,0,0,insulator-like (graph proxy),i-wave-like low-confidence,10.0,10.0,0.1111111111111111
722,CAND_0166,166,0.048709930125437395,0,0,insulator-like (graph proxy),i-wave-like low-confidence,12.0,12.0,0.09090909090909091
723,CAND_0803,803,0.048709930125437395,0,0,insulator-like (graph proxy),i-wave-like low-confidence,8.0,8.0,0.14285714285714285
724,CAND_0526,526,0.048709930125437395,0,0,insulator-like (graph proxy),i-wave-like low-confidence,8.0,10.0,0.17857142857142858
725,CAND_0664,664,0.04852631952871822,0,0,insulator-like (graph proxy),i-wave-like low-confidence,12.0,20.0,0.15151515151515152
726,CAND_0805,805,0.04852631952871822,0,0,insulator-like (graph proxy),i-wave-like low-confidence,6.0,5.0,0.16666666666666666
727,CAND_0365,365,0.04852631952871822,0,0,metal-like (graph proxy),i-wave-like low-confidence,12.0,10.0,0.07575757575757576
728,CAND_0377,377,0.04852631952871822,0,0,insulator-like (graph proxy),i-wave-like low-confidence,8.0,4.0,0.07142857142857142
729,CAND_0270,270,0.04852631952871822,0,0,insulator-like (graph proxy),i-wave-like low-confidence,4.0,4.0,0.3333333333333333
730,CAND_0354,354,0.04852631952871822,0,1,metal-like (graph proxy),i-wave-like low-confidence,14.0,18.0,0.0989010989010989
731,CAND_0700,700,0.04852631952871822,0,0,insulator-like (graph proxy),i-wave-like low-confidence,16.0,20.0,0.08333333333333333
732,CAND_0197,197,0.048343365874154644,0,0,metal-like (graph proxy),i-wave-like low-confidence,10.0,14.0,0.15555555555555556
733,CAND_0924,924,0.048343365874154644,0,0,insulator-like (graph proxy),i-wave-like low-confidence,6.0,4.0,0.13333333333333333
734,CAND_0132,132,0.048343365874154644,0,0,insulator-like (graph proxy),i-wave-like low-confidence,8.0,4.0,0.07142857142857142
735,CAND_0888,888,0.048343365874154644,0,0,insulator-like (graph proxy),i-wave-like low-confidence,6.0,6.0,0.2
736,CAND_0438,438,0.048343365874154644,0,0,insulator-like (graph proxy),i-wave-like low-confidence,14.0,28.0,0.15384615384615385
737,CAND_0302,302,0.048343365874154644,0,0,metal-like (graph proxy),i-wave-like low-confidence,10.0,4.0,0.044444444444444446
738,CAND_0721,721,0.048343365874154644,0,0,insulator-like (graph proxy),i-wave-like low-confidence,16.0,18.0,0.075
739,CAND_0338,338,0.048343365874154644,0,0,insulator-like (graph proxy),i-wave-like low-confidence,8.0,4.0,0.07142857142857142
740,CAND_0938,938,0.048343365874154644,0,0,insulator-like (graph proxy),i-wave-like low-confidence,8.0,6.0,0.10714285714285714
741,CAND_0750,750,0.04816106707605661,0,0,insulator-like (graph proxy),i-wave-like low-confidence,8.0,2.0,0.03571428571428571
742,CAND_0537,537,0.04816106707605661,0,0,insulator-like (graph proxy),i-wave-like low-confidence,10.0,8.0,0.08888888888888889
743,CAND_0585,585,0.04816106707605661,0,0,insulator-like (graph proxy),i-wave-like low-confidence,8.0,8.0,0.14285714285714285
744,CAND_0828,828,0.04816106707605661,0,0,insulator-like (graph proxy),i-wave-like low-confidence,18.0,22.0,0.0718954248366013
745,CAND_0801,801,0.04797942105335621,0,0,metal-like (graph proxy),i-wave-like low-confidence,14.0,20.0,0.10989010989010989
746,CAND_0465,465,0.04797942105335621,0,0,metal-like (graph proxy),i-wave-like low-confidence,6.0,2.0,0.06666666666666667
747,CAND_0458,458,0.04797942105335621,0,0,insulator-like (graph proxy),i-wave-like low-confidence,8.0,6.0,0.10714285714285714
748,CAND_0879,879,0.04797942105335621,0,0,insulator-like (graph proxy),i-wave-like low-confidence,10.0,6.0,0.06666666666666667
749,CAND_0195,195,0.04797942105335621,0,0,insulator-like (graph proxy),i-wave-like low-confidence,8.0,6.0,0.10714285714285714
750,CAND_0066,66,0.04797942105335621,0,0,metal-like (graph proxy),i-wave-like low-confidence,8.0,4.0,0.07142857142857142
751,CAND_0472,472,0.04797942105335621,0,0,insulator-like (graph proxy),i-wave-like low-confidence,18.0,28.0,0.0915032679738562
752,CAND_0774,774,0.04797942105335621,0,0,insulator-like (graph proxy),i-wave-like low-confidence,14.0,32.0,0.17582417582417584
753,CAND_0832,832,0.04797942105335621,0,0,metal-like (graph proxy),i-wave-like low-confidence,4.0,2.0,0.16666666666666666
754,CAND_0343,343,0.04797942105335621,0,0,insulator-like (graph proxy),i-wave-like low-confidence,12.0,20.0,0.15151515151515152
755,CAND_0009,9,0.04797942105335621,0,0,insulator-like (graph proxy),i-wave-like low-confidence,10.0,4.0,0.044444444444444446
756,CAND_0720,720,0.04779842572961322,0,0,insulator-like (graph proxy),i-wave-like low-confidence,6.0,2.0,0.06666666666666667
757,CAND_0802,802,0.04779842572961322,0,0,insulator-like (graph proxy),i-wave-like low-confidence,14.0,18.0,0.0989010989010989
758,CAND_0391,391,0.04779842572961322,0,0,insulator-like (graph proxy),i-wave-like low-confidence,8.0,4.0,0.07142857142857142
759,CAND_0670,670,0.04779842572961322,0,0,insulator-like (graph proxy),i-wave-like low-confidence,8.0,4.0,0.07142857142857142
760,CAND_0063,63,0.04779842572961322,0,0,insulator-like (graph proxy),i-wave-like low-confidence,24.0,78.0,0.14130434782608695
761,CAND_0012,12,0.04779842572961322,0,1,metal-like (graph proxy),i-wave-like low-confidence,4.0,8.0,0.6666666666666666
762,CAND_0089,89,0.04779842572961322,0,0,insulator-like (graph proxy),i-wave-like low-confidence,8.0,4.0,0.07142857142857142
763,CAND_0826,826,0.04779842572961322,0,0,insulator-like (graph proxy),i-wave-like low-confidence,6.0,2.0,0.06666666666666667
764,CAND_0698,698,0.04779842572961322,0,0,metal-like (graph proxy),i-wave-like low-confidence,8.0,6.0,0.10714285714285714
765,CAND_0605,605,0.04779842572961322,0,0,insulator-like (graph proxy),i-wave-like low-confidence,6.0,6.0,0.2
766,CAND_0178,178,0.04779842572961322,0,0,insulator-like (graph proxy),i-wave-like low-confidence,8.0,2.0,0.03571428571428571
767,CAND_0589,589,0.04779842572961322,0,0,metal-like (graph proxy),i-wave-like low-confidence,24.0,54.0,0.09782608695652174
768,CAND_0569,569,0.047618079033020684,0,0,insulator-like (graph proxy),i-wave-like low-confidence,16.0,16.0,0.06666666666666667
769,CAND_0235,235,0.047618079033020684,0,0,metal-like (graph proxy),i-wave-like low-confidence,4.0,4.0,0.3333333333333333
770,CAND_0881,881,0.047618079033020684,0,0,insulator-like (graph proxy),i-wave-like low-confidence,6.0,2.0,0.06666666666666667
771,CAND_0694,694,0.047618079033020684,0,0,metal-like (graph proxy),i-wave-like low-confidence,16.0,28.0,0.11666666666666667
772,CAND_0926,926,0.047618079033020684,0,0,metal-like (graph proxy),i-wave-like low-confidence,8.0,2.0,0.03571428571428571
773,CAND_0632,632,0.047618079033020684,0,0,insulator-like (graph proxy),i-wave-like low-confidence,6.0,6.0,0.2
774,CAND_0096,96,0.047618079033020684,0,0,insulator-like (graph proxy),i-wave-like low-confidence,10.0,4.0,0.044444444444444446
775,CAND_0064,64,0.047618079033020684,0,0,insulator-like (graph proxy),i-wave-like low-confidence,4.0,2.0,0.16666666666666666
776,CAND_0323,323,0.04743837889641012,0,0,insulator-like (graph proxy),i-wave-like low-confidence,6.0,2.0,0.06666666666666667
777,CAND_0040,40,0.04743837889641012,0,0,insulator-like (graph proxy),i-wave-like low-confidence,12.0,6.0,0.045454545454545456
778,CAND_0366,366,0.04743837889641012,0,0,insulator-like (graph proxy),i-wave-like low-confidence,20.0,32.0,0.08421052631578947
779,CAND_0652,652,0.04743837889641012,0,0,metal-like (graph proxy),i-wave-like low-confidence,6.0,8.0,0.26666666666666666
780,CAND_0015,15,0.04743837889641012,0,0,metal-like (graph proxy),i-wave-like low-confidence,8.0,8.0,0.14285714285714285
781,CAND_0547,547,0.04743837889641012,0,0,metal-like (graph proxy),i-wave-like low-confidence,6.0,2.0,0.06666666666666667
782,CAND_0471,471,0.04743837889641012,0,0,insulator-like (graph proxy),i-wave-like low-confidence,12.0,18.0,0.13636363636363635
783,CAND_0026,26,0.04725932325725681,0,0,metal-like (graph proxy),i-wave-like low-confidence,6.0,4.0,0.13333333333333333
784,CAND_0699,699,0.04725932325725681,0,0,metal-like (graph proxy),i-wave-like low-confidence,18.0,26.0,0.08496732026143791
785,CAND_0261,261,0.04725932325725681,0,0,metal-like (graph proxy),i-wave-like low-confidence,6.0,6.0,0.2
786,CAND_0131,131,0.04725932325725681,0,0,insulator-like (graph proxy),i-wave-like low-confidence,4.0,2.0,0.16666666666666666
787,CAND_0093,93,0.04725932325725681,0,0,insulator-like (graph proxy),i-wave-like low-confidence,4.0,2.0,0.16666666666666666
788,CAND_0071,71,0.04725932325725681,0,0,metal-like (graph proxy),i-wave-like low-confidence,4.0,2.0,0.16666666666666666
789,CAND_0741,741,0.04725932325725681,0,0,insulator-like (graph proxy),i-wave-like low-confidence,14.0,22.0,0.12087912087912088
790,CAND_0725,725,0.047080910057684666,0,1,metal-like (graph proxy),i-wave-like low-confidence,4.0,4.0,0.3333333333333333
791,CAND_0736,736,0.047080910057684666,0,0,metal-like (graph proxy),i-wave-like low-confidence,18.0,72.0,0.23529411764705882
792,CAND_0830,830,0.047080910057684666,0,0,metal-like (graph proxy),i-wave-like low-confidence,16.0,28.0,0.11666666666666667
793,CAND_0206,206,0.047080910057684666,0,0,insulator-like (graph proxy),i-wave-like low-confidence,16.0,32.0,0.13333333333333333
794,CAND_0226,226,0.047080910057684666,0,0,insulator-like (graph proxy),i-wave-like low-confidence,6.0,4.0,0.13333333333333333
795,CAND_0606,606,0.047080910057684666,0,0,metal-like (graph proxy),i-wave-like low-confidence,10.0,6.0,0.06666666666666667
796,CAND_0065,65,0.046903137244471226,0,0,metal-like (graph proxy),i-wave-like low-confidence,6.0,6.0,0.2
797,CAND_0050,50,0.046903137244471226,0,0,metal-like (graph proxy),i-wave-like low-confidence,14.0,26.0,0.14285714285714285
798,CAND_0373,373,0.046903137244471226,0,1,insulator-like (graph proxy),i-wave-like low-confidence,12.0,8.0,0.06060606060606061
799,CAND_0175,175,0.046903137244471226,0,0,insulator-like (graph proxy),i-wave-like low-confidence,6.0,4.0,0.13333333333333333
800,CAND_0449,449,0.046903137244471226,0,0,metal-like (graph proxy),i-wave-like low-confidence,10.0,18.0,0.2
801,CAND_0923,923,0.046903137244471226,0,0,metal-like (graph proxy),i-wave-like low-confidence,16.0,32.0,0.13333333333333333
802,CAND_0189,189,0.0467260027690522,0,0,insulator-like (graph proxy),i-wave-like low-confidence,8.0,4.0,0.07142857142857142
803,CAND_0277,277,0.0467260027690522,0,0,insulator-like (graph proxy),i-wave-like low-confidence,8.0,10.0,0.17857142857142858
804,CAND_0702,702,0.0467260027690522,0,0,insulator-like (graph proxy),i-wave-like low-confidence,20.0,60.0,0.15789473684210525
805,CAND_0243,243,0.0467260027690522,0,0,metal-like (graph proxy),i-wave-like low-confidence,16.0,30.0,0.125
806,CAND_0647,647,0.0467260027690522,0,0,metal-like (graph proxy),i-wave-like low-confidence,8.0,8.0,0.14285714285714285
807,CAND_0134,134,0.0467260027690522,0,0,metal-like (graph proxy),i-wave-like low-confidence,12.0,16.0,0.12121212121212122
808,CAND_0020,20,0.0467260027690522,0,0,insulator-like (graph proxy),i-wave-like low-confidence,14.0,20.0,0.10989010989010989
809,CAND_0535,535,0.046549504587526144,0,0,insulator-like (graph proxy),i-wave-like low-confidence,6.0,2.0,0.06666666666666667
810,CAND_0775,775,0.046549504587526144,0,0,insulator-like (graph proxy),i-wave-like low-confidence,6.0,6.0,0.2
811,CAND_0575,575,0.046549504587526144,0,1,metal-like (graph proxy),i-wave-like low-confidence,6.0,2.0,0.06666666666666667
812,CAND_0563,563,0.046549504587526144,0,0,insulator-like (graph proxy),i-wave-like low-confidence,8.0,6.0,0.10714285714285714
813,CAND_0426,426,0.04637364066065873,0,0,insulator-like (graph proxy),i-wave-like low-confidence,10.0,4.0,0.044444444444444446
814,CAND_0799,799,0.04637364066065873,0,0,metal-like (graph proxy),i-wave-like low-confidence,6.0,4.0,0.13333333333333333
815,CAND_0787,787,0.04637364066065873,0,0,insulator-like (graph proxy),i-wave-like low-confidence,6.0,4.0,0.13333333333333333
816,CAND_0910,910,0.04637364066065873,0,0,insulator-like (graph proxy),i-wave-like low-confidence,24.0,54.0,0.09782608695652174
817,CAND_0598,598,0.04637364066065873,0,0,metal-like (graph proxy),i-wave-like low-confidence,8.0,8.0,0.14285714285714285
818,CAND_0017,17,0.0461984089538871,0,0,insulator-like (graph proxy),i-wave-like low-confidence,24.0,62.0,0.11231884057971014
819,CAND_0085,85,0.0461984089538871,0,0,metal-like (graph proxy),i-wave-like low-confidence,12.0,4.0,0.030303030303030304
820,CAND_0597,597,0.0461984089538871,0,0,insulator-like (graph proxy),i-wave-like low-confidence,8.0,10.0,0.17857142857142858
821,CAND_0158,158,0.0461984089538871,0,0,insulator-like (graph proxy),i-wave-like low-confidence,10.0,4.0,0.044444444444444446
822,CAND_0423,423,0.0461984089538871,0,0,metal-like (graph proxy),i-wave-like low-confidence,6.0,2.0,0.06666666666666667
823,CAND_0876,876,0.0461984089538871,0,0,metal-like (graph proxy),i-wave-like low-confidence,12.0,16.0,0.12121212121212122
824,CAND_0362,362,0.046023807437323816,0,0,metal-like (graph proxy),i-wave-like low-confidence,6.0,14.0,0.4666666666666667
825,CAND_0572,572,0.046023807437323816,0,0,metal-like (graph proxy),i-wave-like low-confidence,10.0,20.0,0.2222222222222222
826,CAND_0695,695,0.046023807437323816,0,0,metal-like (graph proxy),i-wave-like low-confidence,4.0,3.0,0.25
827,CAND_0434,434,0.046023807437323816,0,0,metal-like (graph proxy),i-wave-like low-confidence,4.0,3.0,0.25
828,CAND_0915,915,0.046023807437323816,0,0,metal-like (graph proxy),i-wave-like low-confidence,10.0,12.0,0.13333333333333333
829,CAND_0822,822,0.046023807437323816,0,0,insulator-like (graph proxy),i-wave-like low-confidence,6.0,4.0,0.13333333333333333
830,CAND_0630,630,0.04584983408576094,0,0,metal-like (graph proxy),i-wave-like low-confidence,6.0,8.0,0.26666666666666666
831,CAND_0208,208,0.04584983408576094,0,0,insulator-like (graph proxy),i-wave-like low-confidence,12.0,10.0,0.07575757575757576
832,CAND_0300,300,0.04584983408576094,0,0,insulator-like (graph proxy),i-wave-like low-confidence,6.0,4.0,0.13333333333333333
833,CAND_0461,461,0.04584983408576094,0,0,insulator-like (graph proxy),i-wave-like low-confidence,10.0,6.0,0.06666666666666667
834,CAND_0167,167,0.04584983408576094,0,0,insulator-like (graph proxy),i-wave-like low-confidence,10.0,2.0,0.022222222222222223
835,CAND_0320,320,0.04584983408576094,0,0,insulator-like (graph proxy),i-wave-like low-confidence,16.0,12.0,0.05
836,CAND_0559,559,0.0456764868786737,0,0,insulator-like (graph proxy),i-wave-like low-confidence,8.0,2.0,0.03571428571428571
837,CAND_0186,186,0.0456764868786737,0,0,insulator-like (graph proxy),i-wave-like low-confidence,14.0,16.0,0.08791208791208792
838,CAND_0514,514,0.0456764868786737,0,0,insulator-like (graph proxy),i-wave-like low-confidence,6.0,4.0,0.13333333333333333
839,CAND_0718,718,0.045503763800224216,0,0,insulator-like (graph proxy),i-wave-like low-confidence,20.0,40.0,0.10526315789473684
840,CAND_0728,728,0.045503763800224216,0,0,insulator-like (graph proxy),i-wave-like low-confidence,8.0,6.0,0.10714285714285714
841,CAND_0381,381,0.045503763800224216,0,0,metal-like (graph proxy),i-wave-like low-confidence,6.0,12.0,0.4
842,CAND_0454,454,0.045503763800224216,0,0,metal-like (graph proxy),i-wave-like low-confidence,10.0,10.0,0.1111111111111111
843,CAND_0125,125,0.045503763800224216,0,0,insulator-like (graph proxy),i-wave-like low-confidence,8.0,4.0,0.07142857142857142
844,CAND_0854,854,0.045503763800224216,0,0,insulator-like (graph proxy),i-wave-like low-confidence,6.0,4.0,0.13333333333333333
845,CAND_0639,639,0.045503763800224216,0,0,metal-like (graph proxy),i-wave-like low-confidence,14.0,34.0,0.18681318681318682
846,CAND_0400,400,0.04533166283926496,0,0,metal-like (graph proxy),i-wave-like low-confidence,4.0,3.0,0.25
847,CAND_0191,191,0.04533166283926496,0,0,metal-like (graph proxy),i-wave-like low-confidence,10.0,8.0,0.08888888888888889
848,CAND_0829,829,0.04533166283926496,0,0,insulator-like (graph proxy),i-wave-like low-confidence,4.0,2.0,0.16666666666666666
849,CAND_0724,724,0.04533166283926496,0,0,insulator-like (graph proxy),i-wave-like low-confidence,12.0,10.0,0.07575757575757576
850,CAND_0336,336,0.04516018198934206,0,0,metal-like (graph proxy),i-wave-like low-confidence,18.0,42.0,0.13725490196078433
851,CAND_0289,289,0.04516018198934206,0,0,insulator-like (graph proxy),i-wave-like low-confidence,8.0,6.0,0.10714285714285714
852,CAND_0798,798,0.04516018198934206,0,0,metal-like (graph proxy),i-wave-like low-confidence,6.0,6.0,0.2
853,CAND_0318,318,0.04516018198934206,0,0,insulator-like (graph proxy),i-wave-like low-confidence,6.0,4.0,0.13333333333333333
854,CAND_0204,204,0.04516018198934206,0,0,metal-like (graph proxy),i-wave-like low-confidence,6.0,8.0,0.26666666666666666
855,CAND_0592,592,0.04516018198934206,0,0,insulator-like (graph proxy),i-wave-like low-confidence,6.0,6.0,0.2
856,CAND_0359,359,0.04516018198934206,0,0,insulator-like (graph proxy),i-wave-like low-confidence,6.0,2.0,0.06666666666666667
857,CAND_0196,196,0.04516018198934206,0,0,insulator-like (graph proxy),i-wave-like low-confidence,6.0,4.0,0.13333333333333333
858,CAND_0889,889,0.044989319248698645,0,0,insulator-like (graph proxy),i-wave-like low-confidence,8.0,10.0,0.17857142857142858
859,CAND_0939,939,0.044989319248698645,0,0,metal-like (graph proxy),i-wave-like low-confidence,8.0,8.0,0.14285714285714285
860,CAND_0989,989,0.044989319248698645,0,0,insulator-like (graph proxy),i-wave-like low-confidence,10.0,2.0,0.022222222222222223
861,CAND_0904,904,0.0448190726202778,0,0,insulator-like (graph proxy),i-wave-like low-confidence,6.0,4.0,0.13333333333333333
862,CAND_0077,77,0.0448190726202778,0,0,insulator-like (graph proxy),i-wave-like low-confidence,8.0,2.0,0.03571428571428571
863,CAND_0319,319,0.0448190726202778,0,1,metal-like (graph proxy),i-wave-like low-confidence,8.0,12.0,0.21428571428571427
864,CAND_0215,215,0.0448190726202778,0,0,insulator-like (graph proxy),i-wave-like low-confidence,20.0,38.0,0.1
865,CAND_0326,326,0.0448190726202778,0,0,insulator-like (graph proxy),i-wave-like low-confidence,6.0,5.0,0.16666666666666666
866,CAND_0259,259,0.0448190726202778,0,0,insulator-like (graph proxy),i-wave-like low-confidence,8.0,2.0,0.03571428571428571
867,CAND_0133,133,0.0448190726202778,0,0,metal-like (graph proxy),i-wave-like low-confidence,14.0,22.0,0.12087912087912088
868,CAND_0807,807,0.0448190726202778,0,0,metal-like (graph proxy),i-wave-like low-confidence,16.0,24.0,0.1
869,CAND_0123,123,0.0448190726202778,0,0,insulator-like (graph proxy),i-wave-like low-confidence,8.0,6.0,0.10714285714285714
870,CAND_0669,669,0.04464944011172551,0,0,metal-like (graph proxy),i-wave-like low-confidence,12.0,24.0,0.18181818181818182
871,CAND_0181,181,0.04464944011172551,0,0,insulator-like (graph proxy),i-wave-like low-confidence,18.0,26.0,0.08496732026143791
872,CAND_0460,460,0.04464944011172551,0,0,insulator-like (graph proxy),i-wave-like low-confidence,8.0,8.0,0.14285714285714285
873,CAND_0961,961,0.04464944011172551,0,0,metal-like (graph proxy),i-wave-like low-confidence,8.0,16.0,0.2857142857142857
874,CAND_0051,51,0.04464944011172551,0,0,insulator-like (graph proxy),i-wave-like low-confidence,6.0,3.0,0.1
875,CAND_0706,706,0.04464944011172551,0,0,insulator-like (graph proxy),i-wave-like low-confidence,16.0,28.0,0.11666666666666667
876,CAND_0249,249,0.04448041973539341,0,0,metal-like (graph proxy),i-wave-like low-confidence,14.0,24.0,0.13186813186813187
877,CAND_0464,464,0.04448041973539341,0,0,metal-like (graph proxy),i-wave-like low-confidence,4.0,2.0,0.16666666666666666
878,CAND_0113,113,0.04448041973539341,0,0,metal-like (graph proxy),i-wave-like low-confidence,4.0,3.0,0.25
879,CAND_0907,907,0.04448041973539341,0,0,metal-like (graph proxy),i-wave-like low-confidence,6.0,2.0,0.06666666666666667
880,CAND_0000,0,0.04448041973539341,0,0,metal-like (graph proxy),i-wave-like low-confidence,14.0,26.0,0.14285714285714285
881,CAND_0203,203,0.044312009508341584,0,0,metal-like (graph proxy),i-wave-like low-confidence,14.0,20.0,0.10989010989010989
882,CAND_0844,844,0.044312009508341584,0,0,insulator-like (graph proxy),i-wave-like low-confidence,10.0,12.0,0.13333333333333333
883,CAND_0929,929,0.0441442074523409,0,0,insulator-like (graph proxy),i-wave-like low-confidence,6.0,4.0,0.13333333333333333
884,CAND_0966,966,0.0441442074523409,0,0,metal-like (graph proxy),i-wave-like low-confidence,6.0,4.0,0.13333333333333333
885,CAND_0486,486,0.0441442074523409,0,0,insulator-like (graph proxy),i-wave-like low-confidence,10.0,14.0,0.15555555555555556
886,CAND_0118,118,0.0441442074523409,0,0,insulator-like (graph proxy),i-wave-like low-confidence,12.0,22.0,0.16666666666666666
887,CAND_0809,809,0.0441442074523409,0,0,metal-like (graph proxy),i-wave-like low-confidence,12.0,16.0,0.12121212121212122
888,CAND_0100,100,0.04397701159387548,0,0,insulator-like (graph proxy),i-wave-like low-confidence,4.0,2.0,0.16666666666666666
889,CAND_0901,901,0.04397701159387548,0,1,metal-like (graph proxy),i-wave-like low-confidence,8.0,4.0,0.07142857142857142
890,CAND_0098,98,0.04397701159387548,0,0,metal-like (graph proxy),i-wave-like low-confidence,8.0,6.0,0.10714285714285714
891,CAND_0588,588,0.04397701159387548,0,0,metal-like (graph proxy),i-wave-like low-confidence,6.0,6.0,0.2
892,CAND_0155,155,0.04381041996414488,0,0,metal-like (graph proxy),i-wave-like low-confidence,4.0,3.0,0.25
893,CAND_0760,760,0.04381041996414488,0,0,insulator-like (graph proxy),i-wave-like low-confidence,4.0,2.0,0.16666666666666666
894,CAND_0545,545,0.04381041996414488,0,0,insulator-like (graph proxy),i-wave-like low-confidence,4.0,2.0,0.16666666666666666
895,CAND_0847,847,0.04381041996414488,0,0,insulator-like (graph proxy),i-wave-like low-confidence,8.0,2.0,0.03571428571428571
896,CAND_0616,616,0.04381041996414488,0,0,metal-like (graph proxy),i-wave-like low-confidence,10.0,8.0,0.08888888888888889
897,CAND_0931,931,0.043644430599066274,0,0,insulator-like (graph proxy),i-wave-like low-confidence,12.0,10.0,0.07575757575757576
898,CAND_0927,927,0.04347904153927638,0,0,metal-like (graph proxy),i-wave-like low-confidence,8.0,4.0,0.07142857142857142
899,CAND_0594,594,0.04347904153927638,0,0,insulator-like (graph proxy),i-wave-like low-confidence,14.0,18.0,0.0989010989010989
900,CAND_0744,744,0.04347904153927638,0,0,insulator-like (graph proxy),i-wave-like low-confidence,8.0,4.0,0.07142857142857142
901,CAND_0489,489,0.04347904153927638,0,0,insulator-like (graph proxy),i-wave-like low-confidence,16.0,28.0,0.11666666666666667
902,CAND_0675,675,0.043314250830133266,0,0,metal-like (graph proxy),i-wave-like low-confidence,6.0,2.0,0.06666666666666667
903,CAND_0756,756,0.043314250830133266,0,0,insulator-like (graph proxy),i-wave-like low-confidence,8.0,6.0,0.10714285714285714
904,CAND_0593,593,0.0431500565217181,0,0,metal-like (graph proxy),i-wave-like low-confidence,10.0,22.0,0.24444444444444444
905,CAND_0905,905,0.0431500565217181,0,0,metal-like (graph proxy),i-wave-like low-confidence,12.0,12.0,0.09090909090909091
906,CAND_0404,404,0.04298645666883676,0,0,metal-like (graph proxy),i-wave-like low-confidence,6.0,2.0,0.06666666666666667
907,CAND_0262,262,0.04298645666883676,0,0,metal-like (graph proxy),i-wave-like low-confidence,6.0,14.0,0.4666666666666667
908,CAND_0171,171,0.0428234493310212,0,0,insulator-like (graph proxy),i-wave-like low-confidence,12.0,16.0,0.12121212121212122
909,CAND_0174,174,0.0428234493310212,0,0,metal-like (graph proxy),i-wave-like low-confidence,20.0,46.0,0.12105263157894737
910,CAND_0048,48,0.0428234493310212,0,0,insulator-like (graph proxy),i-wave-like low-confidence,10.0,16.0,0.17777777777777778
911,CAND_0360,360,0.0428234493310212,0,0,metal-like (graph proxy),i-wave-like low-confidence,6.0,2.0,0.06666666666666667
912,CAND_0363,363,0.04266103257253087,0,0,metal-like (graph proxy),i-wave-like low-confidence,10.0,12.0,0.13333333333333333
913,CAND_0149,149,0.04266103257253087,0,0,insulator-like (graph proxy),i-wave-like low-confidence,14.0,16.0,0.08791208791208792
914,CAND_0663,663,0.042499204462353814,0,0,insulator-like (graph proxy),i-wave-like low-confidence,10.0,6.0,0.06666666666666667
915,CAND_0532,532,0.042499204462353814,0,0,insulator-like (graph proxy),i-wave-like low-confidence,12.0,12.0,0.09090909090909091
916,CAND_0482,482,0.042499204462353814,0,1,metal-like (graph proxy),i-wave-like low-confidence,16.0,38.0,0.15833333333333333
917,CAND_0497,497,0.042337963074207854,0,0,metal-like (graph proxy),i-wave-like low-confidence,10.0,4.0,0.044444444444444446
918,CAND_0389,389,0.042337963074207854,0,0,insulator-like (graph proxy),i-wave-like low-confidence,10.0,14.0,0.15555555555555556
919,CAND_0439,439,0.042337963074207854,0,0,insulator-like (graph proxy),i-wave-like low-confidence,8.0,4.0,0.07142857142857142
920,CAND_0266,266,0.042337963074207854,0,0,metal-like (graph proxy),i-wave-like low-confidence,10.0,8.0,0.08888888888888889
921,CAND_0649,649,0.042337963074207854,0,0,metal-like (graph proxy),i-wave-like low-confidence,16.0,26.0,0.10833333333333334
922,CAND_0122,122,0.042337963074207854,0,0,metal-like (graph proxy),i-wave-like low-confidence,20.0,38.0,0.1
923,CAND_0510,510,0.042177306486541395,0,0,insulator-like (graph proxy),i-wave-like low-confidence,6.0,2.0,0.06666666666666667
924,CAND_0205,205,0.042177306486541395,0,0,metal-like (graph proxy),i-wave-like low-confidence,8.0,6.0,0.10714285714285714
925,CAND_0529,529,0.042177306486541395,0,0,metal-like (graph proxy),i-wave-like low-confidence,6.0,8.0,0.26666666666666666
926,CAND_0612,612,0.042017232782534435,0,0,metal-like (graph proxy),i-wave-like low-confidence,14.0,10.0,0.054945054945054944
927,CAND_0049,49,0.042017232782534435,0,0,insulator-like (graph proxy),i-wave-like low-confidence,16.0,28.0,0.11666666666666667
928,CAND_0714,714,0.041857740050099054,0,0,insulator-like (graph proxy),i-wave-like low-confidence,18.0,34.0,0.1111111111111111
929,CAND_0253,253,0.041857740050099054,0,0,insulator-like (graph proxy),i-wave-like low-confidence,18.0,34.0,0.1111111111111111
930,CAND_0351,351,0.041857740050099054,0,0,insulator-like (graph proxy),i-wave-like low-confidence,24.0,46.0,0.08333333333333333
931,CAND_0771,771,0.04169882638188019,0,0,insulator-like (graph proxy),i-wave-like low-confidence,14.0,20.0,0.10989010989010989
932,CAND_0536,536,0.04154048987525596,0,0,insulator-like (graph proxy),i-wave-like low-confidence,6.0,6.0,0.2
933,CAND_0827,827,0.0412255407599721,0,0,metal-like (graph proxy),i-wave-like low-confidence,8.0,4.0,0.07142857142857142
934,CAND_0481,481,0.0412255407599721,0,0,insulator-like (graph proxy),i-wave-like low-confidence,10.0,6.0,0.06666666666666667
935,CAND_0078,78,0.04106892436973741,0,0,metal-like (graph proxy),i-wave-like low-confidence,4.0,3.0,0.25
936,CAND_0315,315,0.04091287757794731,0,0,insulator-like (graph proxy),i-wave-like low-confidence,8.0,8.0,0.14285714285714285
937,CAND_0600,600,0.04075739850564894,0,0,metal-like (graph proxy),i-wave-like low-confidence,4.0,2.0,0.16666666666666666
938,CAND_0570,570,0.04075739850564894,0,0,insulator-like (graph proxy),i-wave-like low-confidence,4.0,2.0,0.16666666666666666
939,CAND_0627,627,0.04075739850564894,0,1,metal-like (graph proxy),i-wave-like low-confidence,14.0,24.0,0.13186813186813187
940,CAND_0738,738,0.04075739850564894,0,0,metal-like (graph proxy),i-wave-like low-confidence,6.0,4.0,0.13333333333333333
941,CAND_0190,190,0.0406024852786229,0,0,metal-like (graph proxy),i-wave-like low-confidence,4.0,4.0,0.3333333333333333
942,CAND_0552,552,0.0406024852786229,0,0,insulator-like (graph proxy),i-wave-like low-confidence,14.0,28.0,0.15384615384615385
943,CAND_0946,946,0.0406024852786229,0,0,insulator-like (graph proxy),i-wave-like low-confidence,8.0,4.0,0.07142857142857142
944,CAND_0540,540,0.0406024852786229,0,0,metal-like (graph proxy),i-wave-like low-confidence,12.0,10.0,0.07575757575757576
945,CAND_0169,169,0.04044813602738306,0,0,metal-like (graph proxy),i-wave-like low-confidence,14.0,18.0,0.0989010989010989
946,CAND_0231,231,0.04044813602738306,0,0,insulator-like (graph proxy),i-wave-like low-confidence,10.0,2.0,0.022222222222222223
947,CAND_0335,335,0.04044813602738306,0,0,insulator-like (graph proxy),i-wave-like low-confidence,6.0,5.0,0.16666666666666666
948,CAND_0383,383,0.04029434888717592,0,1,insulator-like (graph proxy),i-wave-like low-confidence,6.0,6.0,0.2
949,CAND_0292,292,0.04029434888717592,0,0,insulator-like (graph proxy),i-wave-like low-confidence,10.0,2.0,0.022222222222222223
950,CAND_0339,339,0.04029434888717592,0,0,insulator-like (graph proxy),i-wave-like low-confidence,12.0,10.0,0.07575757575757576
951,CAND_0105,105,0.040141121997980235,0,0,metal-like (graph proxy),i-wave-like low-confidence,8.0,2.0,0.03571428571428571
952,CAND_0582,582,0.040141121997980235,0,0,insulator-like (graph proxy),i-wave-like low-confidence,10.0,6.0,0.06666666666666667
953,CAND_0432,432,0.039836341556194574,0,0,metal-like (graph proxy),i-wave-like low-confidence,10.0,14.0,0.15555555555555556
954,CAND_0081,81,0.039684784307216114,0,0,insulator-like (graph proxy),i-wave-like low-confidence,16.0,6.0,0.025
955,CAND_0348,348,0.03953377991647024,0,0,insulator-like (graph proxy),i-wave-like low-confidence,10.0,4.0,0.044444444444444446
956,CAND_0836,836,0.03953377991647024,0,0,metal-like (graph proxy),i-wave-like low-confidence,4.0,3.0,0.25
957,CAND_0054,54,0.03953377991647024,0,0,insulator-like (graph proxy),i-wave-like low-confidence,10.0,10.0,0.1111111111111111
958,CAND_0110,110,0.03938332654758401,0,0,insulator-like (graph proxy),i-wave-like low-confidence,14.0,18.0,0.0989010989010989
959,CAND_0782,782,0.03938332654758401,0,0,insulator-like (graph proxy),i-wave-like low-confidence,6.0,2.0,0.06666666666666667
960,CAND_0053,53,0.03938332654758401,0,0,metal-like (graph proxy),i-wave-like low-confidence,14.0,34.0,0.18681318681318682
961,CAND_0468,468,0.03908406555352986,0,0,metal-like (graph proxy),i-wave-like low-confidence,4.0,3.0,0.25
962,CAND_0845,845,0.03893525427924301,0,0,insulator-like (graph proxy),i-wave-like low-confidence,12.0,20.0,0.15151515151515152
963,CAND_0837,837,0.03849207555179492,0,0,metal-like (graph proxy),i-wave-like low-confidence,10.0,10.0,0.1111111111111111
964,CAND_0752,752,0.03849207555179492,0,0,insulator-like (graph proxy),i-wave-like low-confidence,12.0,12.0,0.09090909090909091
965,CAND_0276,276,0.03849207555179492,0,0,insulator-like (graph proxy),i-wave-like low-confidence,6.0,4.0,0.13333333333333333
966,CAND_0715,715,0.03849207555179492,0,0,insulator-like (graph proxy),i-wave-like low-confidence,8.0,6.0,0.10714285714285714
967,CAND_0520,520,0.03849207555179492,0,0,metal-like (graph proxy),i-wave-like low-confidence,8.0,6.0,0.10714285714285714
968,CAND_0690,690,0.03849207555179492,0,0,metal-like (graph proxy),i-wave-like low-confidence,6.0,6.0,0.2
969,CAND_0689,689,0.03849207555179492,0,0,insulator-like (graph proxy),i-wave-like low-confidence,6.0,6.0,0.2
970,CAND_0102,102,0.03819931757776555,0,0,insulator-like (graph proxy),i-wave-like low-confidence,6.0,2.0,0.06666666666666667
971,CAND_0216,216,0.03819931757776555,0,0,insulator-like (graph proxy),i-wave-like low-confidence,8.0,6.0,0.10714285714285714
972,CAND_0631,631,0.03805374154821742,0,0,insulator-like (graph proxy),i-wave-like low-confidence,16.0,12.0,0.05
973,CAND_0766,766,0.03805374154821742,0,0,metal-like (graph proxy),i-wave-like low-confidence,4.0,4.0,0.3333333333333333
974,CAND_0288,288,0.037908698436503456,0,0,metal-like (graph proxy),i-wave-like low-confidence,10.0,26.0,0.28888888888888886
975,CAND_0074,74,0.03747674878718418,0,0,insulator-like (graph proxy),i-wave-like low-confidence,20.0,42.0,0.11052631578947368
976,CAND_0935,935,0.037191414353627786,0,0,insulator-like (graph proxy),i-wave-like low-confidence,4.0,2.0,0.16666666666666666
977,CAND_0470,470,0.03704953143966257,0,0,metal-like (graph proxy),i-wave-like low-confidence,8.0,12.0,0.21428571428571427
978,CAND_0796,796,0.036767325436002855,0,0,insulator-like (graph proxy),i-wave-like low-confidence,4.0,2.0,0.16666666666666666
979,CAND_0202,202,0.036767325436002855,0,0,insulator-like (graph proxy),i-wave-like low-confidence,8.0,8.0,0.14285714285714285
980,CAND_0779,779,0.036767325436002855,0,0,metal-like (graph proxy),i-wave-like low-confidence,8.0,2.0,0.03571428571428571
981,CAND_0269,269,0.03662699884783644,0,0,metal-like (graph proxy),i-wave-like low-confidence,12.0,20.0,0.15151515151515152
982,CAND_0045,45,0.03607082798934266,0,0,insulator-like (graph proxy),i-wave-like low-confidence,6.0,2.0,0.06666666666666667
983,CAND_0148,148,0.03607082798934266,0,0,insulator-like (graph proxy),i-wave-like low-confidence,6.0,2.0,0.06666666666666667
984,CAND_0130,130,0.03579579964579418,0,0,insulator-like (graph proxy),i-wave-like low-confidence,10.0,6.0,0.06666666666666667
985,CAND_0882,882,0.03579579964579418,0,0,insulator-like (graph proxy),i-wave-like low-confidence,10.0,14.0,0.15555555555555556
986,CAND_0061,61,0.035522791025137015,0,1,insulator-like (graph proxy),i-wave-like low-confidence,6.0,4.0,0.13333333333333333
987,CAND_0280,280,0.03525178846994029,0,0,metal-like (graph proxy),i-wave-like low-confidence,10.0,10.0,0.1111111111111111
988,CAND_0115,115,0.03525178846994029,0,0,insulator-like (graph proxy),i-wave-like low-confidence,6.0,2.0,0.06666666666666667
989,CAND_0896,896,0.03498277839723049,0,0,insulator-like (graph proxy),i-wave-like low-confidence,6.0,4.0,0.13333333333333333
990,CAND_0578,578,0.03471574729836689,0,0,metal-like (graph proxy),i-wave-like low-confidence,4.0,2.0,0.16666666666666666
991,CAND_0656,656,0.03431888185845788,0,0,metal-like (graph proxy),i-wave-like low-confidence,10.0,18.0,0.2
992,CAND_0913,913,0.03418756835849679,0,0,insulator-like (graph proxy),i-wave-like low-confidence,8.0,6.0,0.10714285714285714
993,CAND_0770,770,0.03405673958053296,0,0,insulator-like (graph proxy),i-wave-like low-confidence,6.0,6.0,0.2
994,CAND_0677,677,0.03252400514907021,0,0,metal-like (graph proxy),i-wave-like low-confidence,10.0,10.0,0.1111111111111111
995,CAND_0858,858,0.03239932892577949,0,0,metal-like (graph proxy),i-wave-like low-confidence,14.0,38.0,0.2087912087912088
996,CAND_0010,10,0.031782845857052,0,0,insulator-like (graph proxy),i-wave-like low-confidence,6.0,4.0,0.13333333333333333
997,CAND_0227,227,0.03129784241631814,0,0,metal-like (graph proxy),i-wave-like low-confidence,6.0,6.0,0.2
998,CAND_0402,402,0.03046626899796663,0,0,metal-like (graph proxy),i-wave-like low-confidence,4.0,3.0,0.25
999,CAND_0103,103,0.029090258402862387,0,1,metal-like (graph proxy),i-wave-like low-confidence,8.0,8.0,0.14285714285714285
1000,CAND_0730,730,0.022888985691266035,0,0,metal-like (graph proxy),i-wave-like low-confidence,12.0,16.0,0.12121212121212122
