{
  "Rp_pos": 5.042349201247819e-06,
  "Rp_neg": 4.601167645316965e-06,
  "Ds_pos": 1e-16,
  "Ds_neg": 1.1585204812429863e-14,
  "k_pos": 8.192886103001594e-11,
  "k_neg": 1.0415722800723068e-11,
  "eps_s_pos": 0.42651258939683284,
  "eps_s_neg": 0.75,
  "R_SEI_0": 0.03366755577935793,
  "R_contact": 0.05397211737986404,
  "h_conv": 17.993363838335405,
  "x0": 0.4329501016241786,
  "y0": 0.9336062377019386
}