{
  "Rp_pos": 1.5000000000000004e-05,
  "Rp_neg": 4.4132907802057085e-06,
  "Ds_pos": 1e-16,
  "Ds_neg": 1.0105078545897242e-14,
  "k_pos": 1e-09,
  "k_neg": 1.2498769016301713e-11,
  "eps_s_pos": 0.5328619592550479,
  "eps_s_neg": 0.75,
  "R_SEI_0": 0.03670937484242792,
  "R_contact": 0.04934913787673719,
  "h_conv": 19.321721868343538,
  "x0": 0.4537989701534747,
  "y0": 0.8707484942974022
}