{
  "cs2_rmse_mV": 177.83918572919026,
  "cs2_mae_mV": 146.24893252805677,
  "nasa_rmse_mV": 248.80597492597929,
  "nasa_mae_mV": 210.0437654314564,
  "ann_train_r2": 0.9556403031350171,
  "ann_test_r2": 0.8626198892783343,
  "spm_time_ms": 124.65994358062744,
  "ann_time_ms": 0.21279621124267578,
  "speedup": 585.8184356415233,
  "n_lhs_samples": 300,
  "n_ga_generations": 150,
  "ga_population_size": 80,
  "total_sim_time_s": 32.99310541152954,
  "ga_time_s": 3.5927133560180664
}