{
  "cs2_rmse_mV": 177.83918572919026,
  "cs2_mae_mV": 146.24893252805677,
  "nasa_rmse_mV": 248.80597492597929,
  "nasa_mae_mV": 210.0437654314564,
  "ann_train_r2": 0.9556403031350171,
  "ann_test_r2": 0.8626198892783343,
  "spm_time_ms": 124.65994358062744,
  "ann_time_ms": 0.21279621124267578,
  "speedup": 585.8184356415233,
  "n_lhs_samples": 300,
  "n_ga_generations": 150,
  "ga_population_size": 80,
  "total_sim_time_s": 32.99310541152954,
  "ga_time_s": 3.5927133560180664,
  "sensitivity": {
    "Rp_pos": {
      "capacity_sensitivity": 0.0,
      "voltage_sensitivity": 0.5654251001869286,
      "total_sensitivity": 0.5654251001869286
    },
    "Rp_neg": {
      "capacity_sensitivity": 0.0,
      "voltage_sensitivity": 0.44282403025301875,
      "total_sensitivity": 0.44282403025301875
    },
    "Ds_pos": {
      "capacity_sensitivity": 0.0,
      "voltage_sensitivity": 0.28242785904118634,
      "total_sensitivity": 0.28242785904118634
    },
    "Ds_neg": {
      "capacity_sensitivity": 0.0,
      "voltage_sensitivity": 0.12903611625150913,
      "total_sensitivity": 0.12903611625150913
    },
    "k_pos": {
      "capacity_sensitivity": 0.0,
      "voltage_sensitivity": 0.37947545796611226,
      "total_sensitivity": 0.37947545796611226
    },
    "k_neg": {
      "capacity_sensitivity": 0.0,
      "voltage_sensitivity": 0.38072961510363484,
      "total_sensitivity": 0.38072961510363484
    },
    "eps_s_pos": {
      "capacity_sensitivity": 0.0,
      "voltage_sensitivity": 0.4806311372869659,
      "total_sensitivity": 0.4806311372869659
    },
    "eps_s_neg": {
      "capacity_sensitivity": 0.0,
      "voltage_sensitivity": 0.405403929098055,
      "total_sensitivity": 0.405403929098055
    },
    "R_SEI_0": {
      "capacity_sensitivity": 0.0,
      "voltage_sensitivity": 2.922268439571858,
      "total_sensitivity": 2.922268439571858
    },
    "R_contact": {
      "capacity_sensitivity": 0.0,
      "voltage_sensitivity": 0.584453687914367,
      "total_sensitivity": 0.584453687914367
    },
    "h_conv": {
      "capacity_sensitivity": 0.0,
      "voltage_sensitivity": 0.027294043251934224,
      "total_sensitivity": 0.027294043251934224
    },
    "x0": {
      "capacity_sensitivity": 0.0,
      "voltage_sensitivity": 0.8702040746993207,
      "total_sensitivity": 0.8702040746993207
    },
    "y0": {
      "capacity_sensitivity": 0.0,
      "voltage_sensitivity": 0.37153059769918445,
      "total_sensitivity": 0.37153059769918445
    }
  }
}