lat_grid,lon_grid,mangrove_count,lat_mean,lon_mean,slr_location_idx,slr_distance_km,slr_rate,slr_risk,freq_total,cat_1,cat_2,cat_3,cat_4,cat_5,tc_risk,composite_risk,risk_class
-40,177,1,-39.81275378221357,177.01858419967576,48007,20.88644812050213,10.992857142857144,1.0,0.0,0.0,0.0,0.0,0.0,0.0,0.0,0.5,Medium
-39,-62,3,-39.09576749199491,-62.19106604237248,47768,23.723285289316575,8.799999999999999,0.8799999999999999,0.0,0.0,0.0,0.0,0.0,0.0,0.0,0.43999999999999995,Medium
-39,144,1,-38.57770000000001,143.95550000000003,940,4.911094617291531,8.700000000000001,0.8700000000000001,0.0,0.0,0.0,0.0,0.0,0.0,0.0,0.43500000000000005,Medium
-39,145,1,-38.5071,145.3407,593,20.275328182301042,8.621428571428572,0.8621428571428572,0.0,0.0,0.0,0.0,0.0,0.0,0.0,0.4310714285714286,Medium
-39,146,41,-38.76781608262926,146.19919152277285,47616,33.957045224079266,8.664285714285715,0.8664285714285714,0.0,0.0,0.0,0.0,0.0,0.0,0.0,0.4332142857142857,Medium
-39,147,39,-38.68309200024632,146.69166342082622,47617,49.07934085678652,8.850000000000001,0.8850000000000001,0.0,0.0,0.0,0.0,0.0,0.0,0.0,0.44250000000000006,Medium
-38,144,2,-38.061774814467526,144.4134748352747,47254,46.40511183411829,8.657142857142858,0.8657142857142859,0.0,0.0,0.0,0.0,0.0,0.0,0.0,0.43285714285714294,Medium
-38,145,41,-38.25995606606684,145.32433595035067,593,16.832394403905436,8.621428571428572,0.8621428571428572,0.0,0.0,0.0,0.0,0.0,0.0,0.0,0.4310714285714286,Medium
-38,146,2,-38.32320000000001,145.5188,593,33.571156805805614,8.621428571428572,0.8621428571428572,0.0,0.0,0.0,0.0,0.0,0.0,0.0,0.4310714285714286,Medium
-38,148,1,-37.95645230916932,147.74061272476493,47258,29.194932925156937,9.164285714285716,0.9164285714285716,0.0,0.0,0.0,0.0,0.0,0.0,0.0,0.4582142857142858,Medium
-38,175,7,-37.81395166020309,174.90571341253138,47285,23.151935345861283,10.471428571428572,1.0,0.0,0.0,0.0,0.0,0.0,0.0,0.0,0.5,Medium
-38,176,32,-37.62157397463611,176.0538628619594,838,14.149820948077052,10.528571428571428,1.0,0.0,0.0,0.0,0.0,0.0,0.0,0.0,0.5,Medium
-38,177,5,-38.01278000000001,177.12266,47287,13.688961760630008,10.65,1.0,0.0,0.0,0.0,0.0,0.0,0.0,0.0,0.5,Medium
-37,-73,1,-36.77134364489184,-73.1582235969556,355,12.02373842401238,7.957142857142857,0.7957142857142857,0.0,0.0,0.0,0.0,0.0,0.0,0.0,0.39785714285714285,Medium
-37,150,19,-36.69438367286264,149.9786516241955,46900,34.0060764784996,9.735714285714286,0.9735714285714285,0.0,0.0,0.0,0.0,0.0,0.0,0.0,0.48678571428571427,Medium
-37,174,6,-36.57293333333334,174.3581,150,54.490284897126536,10.335714285714287,1.0,0.0,0.0,0.0,0.0,0.0,0.0,0.0,0.5,Medium
-37,175,100,-36.96585133886162,174.9485889939015,46925,6.85079788956388,10.371428571428572,1.0,0.0,0.0,0.0,0.0,0.0,0.0,0.0,0.5,Medium
-37,176,35,-37.04563099170942,175.7370038427988,46926,29.62871876413409,10.45714285714286,1.0,0.0,0.0,0.0,0.0,0.0,0.0,0.0,0.5,Medium
-36,-73,3,-35.95981400777102,-72.7241687549451,46677,30.940498818533804,7.92857142857143,0.7928571428571429,0.0,0.0,0.0,0.0,0.0,0.0,0.0,0.39642857142857146,Medium
-36,139,2,-35.73054759639537,139.0097338368252,46529,29.928725908753176,9.685714285714289,0.9685714285714289,0.0,0.0,0.0,0.0,0.0,0.0,0.0,0.48428571428571443,Medium
-36,150,17,-36.070544523614906,150.1226985562834,46540,15.710114154484065,9.607142857142858,0.9607142857142857,0.0,0.0,0.0,0.0,0.0,0.0,0.0,0.48035714285714287,Medium
-36,174,69,-36.08835253092568,174.3290881055456,603,36.520972287686725,10.285714285714286,1.0,0.0,0.0,0.0,0.0,0.0,0.0,0.0,0.5,Medium
-36,175,31,-36.107153119755615,174.74991609728082,46565,30.20010955695591,10.378571428571432,1.0,0.0,0.0,0.0,0.0,0.0,0.0,0.0,0.5,Medium
-35,136,1,-34.794231747006584,135.78465694341529,159,12.55516950513682,9.071428571428571,0.9071428571428571,0.0,0.0,0.0,0.0,0.0,0.0,0.0,0.45357142857142857,Medium
-35,138,2,-34.8953699111394,138.12880868428658,46168,18.420359749193203,9.371428571428572,0.9371428571428572,0.0,0.0,0.0,0.0,0.0,0.0,0.0,0.4685714285714286,Medium
-35,139,6,-34.798033333333336,138.54510000000002,274,7.498221395774339,9.278571428571428,0.9278571428571428,0.0,0.0,0.0,0.0,0.0,0.0,0.0,0.4639285714285714,Medium
-35,150,1,-35.274100000000004,150.4787,1017,30.850512580831644,9.635714285714286,0.9635714285714286,0.0,0.0,0.0,0.0,0.0,0.0,0.0,0.4817857142857143,Medium
-35,151,15,-34.97343333333334,150.68132666666668,1017,16.577301985472968,9.635714285714286,0.9635714285714286,0.0,0.0,0.0,0.0,0.0,0.0,0.0,0.4817857142857143,Medium
-35,173,81,-34.93355504587122,173.21266351299477,46203,24.731014647672552,10.407142857142858,1.0,0.0,0.0,0.0,0.0,0.0,0.0,0.0,0.5,Medium
-35,174,53,-35.200713370486,173.95657109881398,46204,22.794742969015363,10.3,1.0,0.0,0.0,0.0,0.0,0.0,0.0,0.0,0.5,Medium
-34,-72,3,-34.24235259149388,-72.00297753243304,45958,26.903167870338542,7.307142857142856,0.7307142857142856,0.0,0.0,0.0,0.0,0.0,0.0,0.0,0.3653571428571428,Medium
-34,22,1,-34.147960854027524,22.250062568393727,537,12.724045684302183,10.571428571428571,1.0,0.0,0.0,0.0,0.0,0.0,0.0,0.0,0.5,Medium
-34,23,2,-34.04344398443579,23.03025364331093,551,2.3094934926095454,10.77857142857143,1.0,0.0,0.0,0.0,0.0,0.0,0.0,0.0,0.5,Medium
-34,116,1,-33.54723076010728,115.51254458390488,519,30.067873346789575,9.292857142857144,0.9292857142857145,0.0,0.0,0.0,0.0,0.0,0.0,0.0,0.46464285714285725,Medium
-34,123,1,-33.9303522635183,123.32907226633016,45793,37.33617682238839,9.35,0.9349999999999999,0.0,0.0,0.0,0.0,0.0,0.0,0.0,0.46749999999999997,Medium
-34,137,16,-33.71091047117592,137.0215881064934,45807,32.17828584092161,8.635714285714286,0.8635714285714287,0.0,0.0,0.0,0.0,0.0,0.0,0.0,0.43178571428571433,Medium
-34,138,17,-34.13166785780555,138.06018057560053,45808,16.06938318971251,8.735714285714286,0.8735714285714286,0.0,0.0,0.0,0.0,0.0,0.0,0.0,0.4367857142857143,Medium
-34,151,16,-33.856675,151.127825,49,11.365601210944403,9.742857142857144,0.9742857142857144,0.0,0.0,0.0,0.0,0.0,0.0,0.0,0.4871428571428572,Medium
-34,173,4,-34.49091159201447,172.93360501979834,45843,54.987307739049676,10.435714285714289,1.0,0.0,0.0,0.0,0.0,0.0,0.0,0.0,0.5,Medium
-33,-72,1,-33.28440688491612,-71.65111432740669,308,28.33625382059736,7.135714285714287,0.7135714285714287,0.0,0.0,0.0,0.0,0.0,0.0,0.0,0.3567857142857144,Medium
-33,18,1,-32.840382979317155,18.215971813654928,45328,29.809528444200616,10.242857142857146,1.0,0.0,0.0,0.0,0.0,0.0,0.0,0.0,0.5,Medium
-33,27,3,-33.301966666666665,27.432766666666662,45337,58.57507500037829,10.142857142857142,1.0,0.0,0.0,0.0,0.0,0.0,0.0,0.0,0.5,Medium
-33,28,9,-32.91005555555556,28.057744444444445,45338,11.864245761764618,10.157142857142858,1.0,0.0,0.0,0.0,0.0,0.0,0.0,0.0,0.5,Medium
-33,29,4,-32.57115,28.54585,45339,69.33409953943983,10.23571428571429,1.0,0.0,0.0,0.0,0.0,0.0,0.0,0.0,0.5,Medium
-33,116,1,-32.552490038003526,115.78970446898286,45426,54.88491238276176,9.314285714285717,0.9314285714285717,0.0,0.0,0.0,0.0,0.0,0.0,0.0,0.46571428571428586,Medium
-33,134,5,-32.97950000000001,134.28314,45444,31.510808094709613,8.664285714285715,0.8664285714285714,0.0,0.0,0.0,0.0,0.0,0.0,0.0,0.4332142857142857,Medium
-33,137,5,-33.283746921742605,137.41226126769214,749,36.22895025895619,8.221428571428572,0.8221428571428572,0.0,0.0,0.0,0.0,0.0,0.0,0.0,0.4110714285714286,Medium
-33,138,27,-32.91530855661899,137.8276161026718,45448,21.319181599996252,8.257142857142858,0.8257142857142858,0.0,0.0,0.0,0.0,0.0,0.0,0.0,0.4128571428571429,Medium
-33,151,11,-33.4475854832104,151.27626805976013,340,42.45003260248347,9.785714285714286,0.9785714285714286,0.0,0.0,0.0,0.0,0.0,0.0,0.0,0.4892857142857143,Medium
-33,152,37,-32.82181818465626,151.89944010581377,203,15.511432275181278,10.22857142857143,1.0,0.0,0.0,0.0,0.0,0.0,0.0,0.0,0.5,Medium
-32,-71,2,-31.987020285663416,-71.47046276642843,45239,52.24123787459542,7.528571428571429,0.7528571428571429,0.0,0.0,0.0,0.0,0.0,0.0,0.0,0.37642857142857145,Medium
-32,29,22,-32.06980951073632,29.059819819786775,44979,10.204624661523264,9.971428571428572,0.9971428571428571,0.0,0.0,0.0,0.0,0.0,0.0,0.0,0.49857142857142855,Medium
-32,30,7,-31.577157142857143,29.615785714285717,44980,63.417506657405035,10.12142857142857,1.0,0.0,0.0,0.0,0.0,0.0,0.0,0.0,0.5,Medium
-32,133,9,-32.157452032078815,133.469772762365,233,18.913320329684375,8.521428571428572,0.8521428571428572,0.0,0.0,0.0,0.0,0.0,0.0,0.0,0.4260714285714286,Medium
-32,134,11,-32.27772082789574,133.77928540796427,233,20.976660867654758,8.521428571428572,0.8521428571428572,0.0,0.0,0.0,0.0,0.0,0.0,0.0,0.4260714285714286,Medium
-32,138,1,-32.4027,137.7589,45088,52.098686898039595,7.971428571428572,0.7971428571428573,0.0,0.0,0.0,0.0,0.0,0.0,0.0,0.39857142857142863,Medium
-32,152,5,-32.0678293929614,152.48196343097624,45102,54.025146532530975,10.464285714285715,1.0,0.0,0.0,0.0,0.0,0.0,0.0,0.0,0.5,Medium
-32,153,21,-31.870347619047617,152.6382142857143,45103,42.65905507345777,10.671428571428573,1.0,0.0,0.0,0.0,0.0,0.0,0.0,0.0,0.5,Medium
-31,-72,1,-30.713561222663497,-71.67659363082608,44878,47.95390813223934,8.307142857142859,0.8307142857142858,0.0,0.0,0.0,0.0,0.0,0.0,0.0,0.4153571428571429,Medium
-31,30,16,-31.09951530992989,30.16557455141555,44620,21.44289857616336,9.978571428571428,0.9978571428571428,0.0,0.0,0.0,0.0,0.0,0.0,0.0,0.4989285714285714,Medium
-31,115,1,-30.551767200040267,115.10185245868044,44705,51.022169528254004,9.935714285714289,0.9935714285714289,0.0,0.0,0.0,0.0,0.0,0.0,0.0,0.49678571428571444,Medium
-31,153,12,-31.05105,152.93821666666668,44743,8.896137763377176,10.614285714285716,1.0,0.0,0.0,0.0,0.0,0.0,0.0,0.0,0.5,Medium
-30,31,17,-29.96974705882353,30.934911764705884,44261,7.967077734320376,9.764285714285716,0.9764285714285716,0.0,0.0,0.0,0.0,0.0,0.0,0.0,0.4882142857142858,Medium
-30,153,9,-30.190166666666663,153.15192222222225,1016,12.193366950291377,10.442857142857145,1.0,0.0,0.0,0.0,0.0,0.0,0.0,0.0,0.5,Medium
-29,32,40,-28.82485552991516,31.99297240726592,43902,19.456679719088598,10.242857142857146,1.0,0.0,0.0,0.0,0.0,0.0,0.0,0.0,0.5,Medium
-29,114,1,-28.8867877231999,113.82631567665815,43984,23.012970108034015,10.014285714285716,1.0,0.0,0.0,0.0,0.0,0.0,0.0,0.0,0.5,Medium
-29,115,5,-28.91542,114.74166,591,21.753205565433465,9.892857142857144,0.9892857142857144,0.0,0.0,0.0,0.0,0.0,0.0,0.0,0.4946428571428572,Medium
-29,153,29,-29.33175663632126,153.2878864770727,194,13.527488845022043,10.15,1.0,0.0,0.0,0.0,0.0,0.0,0.0,0.0,0.5,Medium
-29,154,13,-28.768294653871504,153.56289623217864,1015,25.381106162328756,9.942857142857145,0.9942857142857144,0.0,0.0,0.0,0.0,0.0,0.0,0.0,0.4971428571428572,Medium
-28,-49,13,-27.628485156587008,-48.5892788281749,43821,61.473876440764215,10.242857142857144,1.0,0.0,0.0,0.0,0.0,0.0,0.0,0.0,0.5,Medium
-28,32,15,-28.416819736779072,32.41165429784763,43542,65.02724036942931,10.092857142857143,1.0,0.0,0.0,0.0,0.0,0.0,0.0,0.0,0.5,Medium
-28,33,7,-27.718357142857144,32.61627142857144,43543,52.83533720343927,10.285714285714286,1.0,0.0,0.0,0.0,0.0,0.0,0.0,0.0,0.5,Medium
-28,114,2,-28.4096,114.45080000000002,591,44.32456692174131,9.892857142857144,0.9892857142857144,0.0,0.0,0.0,0.0,0.0,0.0,0.0,0.4946428571428572,Medium
-28,153,49,-27.789317844273825,153.39131148046488,882,18.117766122578743,9.785714285714286,0.9785714285714286,0.0,0.0,0.0,0.0,0.0,0.0,0.0,0.4892857142857143,Medium
-28,154,9,-28.286744444444444,153.5457888888889,1019,12.967061031277858,9.871428571428572,0.9871428571428572,0.0,0.0,0.0,0.0,0.0,0.0,0.0,0.4935714285714286,Medium
-27,-49,12,-27.063907154360184,-48.60434773847647,43461,44.486611577173434,10.5,1.0,0.0,0.0,0.0,0.0,0.0,0.0,0.0,0.5,Medium
-27,-48,5,-27.410274844993197,-48.43981182672572,43462,66.76259148259085,10.757142857142856,1.0,0.0,0.0,0.0,0.0,0.0,0.0,0.0,0.5,Medium
-27,15,1,-27.24242305772013,15.227049754833322,43165,36.86813327479494,10.685714285714283,1.0,0.0,0.0,0.0,0.0,0.0,0.0,0.0,0.5,Medium
-27,33,18,-26.905117381852605,32.856139406892545,43183,19.128936780765056,10.242857142857144,1.0,0.0,0.0,0.0,0.0,0.0,0.0,0.0,0.5,Medium
-27,153,49,-27.086689818509832,153.11956538967215,43303,16.39309054903041,9.685714285714283,0.9685714285714283,0.0,0.0,0.0,0.0,0.0,0.0,0.0,0.48428571428571415,Medium
-26,-49,148,-26.037075418005944,-48.693198209920126,43101,34.30275817086245,10.80714285714286,1.0,0.0,0.0,0.0,0.0,0.0,0.0,0.0,0.5,Medium
-26,-48,16,-25.541979282979685,-48.39981611119728,43102,67.48543490124597,11.142857142857144,1.0,0.0,0.0,0.0,0.0,0.0,0.0,0.0,0.5,Medium
-26,32,47,-26.08234839964033,32.426764071351954,42822,48.24464439873739,9.971428571428572,0.9971428571428571,0.0,0.0,0.0,0.0,0.0,0.0,0.0,0.49857142857142855,Medium
-26,33,107,-26.079257227263216,32.74528528410599,42823,29.610442589614507,10.135714285714286,1.0,0.0,0.0,0.0,0.0,0.0,0.0,0.0,0.5,Medium
-26,113,11,-25.89440787192908,113.416048315028,42903,47.64550040265606,9.921428571428574,0.9921428571428574,1.0,1.0,0.0,0.0,0.0,0.0,0.020651720676962596,0.50639728890991,Medium
-26,114,11,-25.81741172147031,113.86024002754849,42904,25.52308071131508,9.721428571428572,0.9721428571428572,2.0,2.0,0.0,0.0,0.0,0.0,0.03950526451663314,0.5058240608297452,Medium
-26,153,78,-25.71415244970697,152.95006623237862,42943,32.209553630906484,9.80714285714286,0.9807142857142861,0.0,0.0,0.0,0.0,0.0,0.0,0.0,0.49035714285714305,Medium
-25,-49,23,-25.42813478260869,-48.63098695652174,42741,62.73906355631851,10.921428571428573,1.0,0.0,0.0,0.0,0.0,0.0,0.0,0.0,0.5,Medium
-25,-48,151,-25.204151429079783,-48.13279345319157,42742,27.032980018551108,11.23571428571429,1.0,0.0,0.0,0.0,0.0,0.0,0.0,0.0,0.5,Medium
-25,-47,4,-24.64815,-47.40474999999999,42743,59.52964098820787,11.257142857142858,1.0,0.0,0.0,0.0,0.0,0.0,0.0,0.0,0.5,Medium
-25,33,3,-25.19842288071972,33.031471105034946,42463,22.300248093402587,10.007142857142856,1.0,0.0,0.0,0.0,0.0,0.0,0.0,0.0,0.5,Medium
-25,34,9,-25.09175025129284,33.612762180934205,42464,44.17343107166803,10.171428571428567,1.0,0.0,0.0,0.0,0.0,0.0,0.0,0.0,0.5,Medium
-25,35,1,-24.595482983287532,34.55254002672232,42465,66.95558685151308,10.321428571428571,1.0,2.0,2.0,0.0,0.0,0.0,0.0,0.03950526451663314,0.5197526322583166,Medium
-25,44,16,-25.08518911124137,44.16979786337331,42474,21.08664025319326,10.028571428571428,1.0,2.0,2.0,0.0,0.0,0.0,0.0,0.03950526451663314,0.5197526322583166,Medium
-25,114,46,-25.094252707563857,113.7672628676008,639,25.18616527193413,9.8,0.9800000000000001,0.0,0.0,0.0,0.0,0.0,0.0,0.0,0.49000000000000005,Medium
-25,152,36,-24.706493924164693,152.2530381595825,652,15.757438408631469,10.135714285714286,1.0,1.0,1.0,0.0,0.0,0.0,0.0,0.020651720676962596,0.5103258603384813,Medium
-25,153,47,-25.31999121464863,152.85468272788563,984,7.582197616366222,10.0,1.0,1.0,1.0,0.0,0.0,0.0,0.0,0.020651720676962596,0.5103258603384813,Medium
-24,-47,16,-24.28346711131564,-46.93444937453864,42383,32.29518011875051,10.935714285714283,1.0,0.0,0.0,0.0,0.0,0.0,0.0,0.0,0.5,Medium
-24,-46,50,-23.91212800074129,-46.25888558435668,42384,30.346521820867466,10.814285714285717,1.0,0.0,0.0,0.0,0.0,0.0,0.0,0.0,0.5,Medium
-24,-45,6,-23.580782957993176,-45.27720824549407,42385,55.78645545455598,10.599999999999998,1.0,0.0,0.0,0.0,0.0,0.0,0.0,0.0,0.5,Medium
-24,35,33,-23.793056922605604,35.38955769112476,42105,48.96353711509887,10.22857142857143,1.0,4.0,4.0,0.0,0.0,0.0,0.0,0.07290648974244025,0.5364532448712201,Medium
-24,36,1,-23.7881,35.511300000000006,42106,59.12553344621875,10.5,1.0,1.0,0.0,1.0,0.0,0.0,0.0,0.03950526451663314,0.5197526322583166,Medium
-24,44,6,-23.54896666666667,43.7399,42114,57.79285943176706,9.971428571428572,0.9971428571428571,0.0,0.0,0.0,0.0,0.0,0.0,0.0,0.49857142857142855,Medium
-24,151,80,-23.690209564412463,151.08490641127236,983,26.80849096131887,10.385714285714288,1.0,2.0,1.0,0.0,1.0,0.0,0.0,0.07290648974244025,0.5364532448712201,Medium
-24,152,31,-24.08346021606243,151.6866143209012,42222,35.99827573417478,10.364285714285716,1.0,1.0,0.0,0.0,1.0,0.0,0.0,0.05684884360226022,0.5284244218011301,Medium
-23,-153,1,-22.63680404970254,-152.81881347797113,41917,45.052854982648356,10.150000000000002,1.0,8.0,7.0,1.0,0.0,0.0,0.0,0.13907630013781325,0.5695381500689066,Medium
-23,-135,1,-23.10505089154984,-134.98110162850242,701,2.0668724556580766,9.5,0.95,4.0,3.0,1.0,0.0,0.0,0.0,0.08785580065104737,0.5189279003255236,Medium
-23,-134,1,-23.32558729380118,-134.48074001524785,701,58.90759312576586,9.5,0.95,0.0,0.0,0.0,0.0,0.0,0.0,0.0,0.475,Medium
-23,-45,15,-23.251775344149788,-44.68255085809697,42025,44.974151179311455,10.25,1.0,0.0,0.0,0.0,0.0,0.0,0.0,0.0,0.5,Medium
-23,-44,35,-22.988762525179958,-43.95649476053048,42026,4.98757808468174,10.121428571428572,1.0,0.0,0.0,0.0,0.0,0.0,0.0,0.0,0.5,Medium
-23,-43,46,-22.74179333998256,-43.08156169918504,592,20.118479870090372,10.042857142857144,1.0,0.0,0.0,0.0,0.0,0.0,0.0,0.0,0.5,Medium
-23,-42,6,-22.61402598135851,-42.00252978185505,42028,42.84403629921924,10.114285714285714,1.0,0.0,0.0,0.0,0.0,0.0,0.0,0.0,0.5,Medium
-23,35,5,-23.05217037294982,35.44279159280544,41745,49.489837961026346,10.2,1.0,3.0,3.0,0.0,0.0,0.0,0.0,0.05684884360226022,0.5284244218011301,Medium
-23,36,7,-22.88683947310151,35.54263719751549,41746,52.29808766593014,10.45,1.0,4.0,4.0,0.0,0.0,0.0,0.0,0.07290648974244025,0.5364532448712201,Medium
-23,43,3,-22.949966666666665,43.44636666666667,41753,49.85698611609045,10.157142857142858,1.0,7.0,7.0,0.0,0.0,0.0,0.0,0.11497603348077896,0.5574880167403895,Medium
-23,44,9,-23.180059512813397,43.611569763781546,41754,47.52297182139066,9.900000000000002,0.9900000000000002,0.0,0.0,0.0,0.0,0.0,0.0,0.0,0.4950000000000001,Medium
-23,114,11,-22.712161717702863,113.88931913308684,41824,34.23070311498265,9.828571428571433,0.9828571428571433,5.0,5.0,0.0,0.0,0.0,0.0,0.08785580065104737,0.5353564717540953,Medium
-23,150,18,-22.54573333333333,150.08862222222223,41860,51.37418921564098,10.37857142857143,1.0,0.0,0.0,0.0,0.0,0.0,0.0,0.0,0.5,Medium
-23,151,58,-22.91720921388898,150.71300473998537,902,28.27247264992303,10.450000000000005,1.0,1.0,1.0,0.0,0.0,0.0,0.0,0.020651720676962596,0.5103258603384813,Medium
-23,152,1,-23.44349117484187,152.0038618522179,41862,49.22938674876043,10.528571428571428,1.0,2.0,2.0,0.0,0.0,0.0,0.0,0.03950526451663314,0.5197526322583166,Medium
-23,167,14,-22.612971428571427,166.96625714285713,41877,43.123135071342475,10.342857142857143,1.0,0.0,0.0,0.0,0.0,0.0,0.0,0.0,0.5,Medium
-23,168,9,-22.633695578964826,167.53298614553523,41878,65.88211129415018,10.414285714285716,1.0,3.0,3.0,0.0,0.0,0.0,0.0,0.05684884360226022,0.5284244218011301,Medium
-22,-155,4,-21.818315307518088,-154.702625544534,41555,38.68169150909005,10.12857142857143,1.0,11.0,9.0,2.0,0.0,0.0,0.0,0.18047397026701575,0.5902369851335079,Medium
-22,-136,1,-22.00308753252042,-136.186685655555,41574,20.724941607221268,9.457142857142856,0.9457142857142855,2.0,2.0,0.0,0.0,0.0,0.0,0.03950526451663314,0.49260977511545934,Medium
-22,-42,14,-22.28619763301745,-41.6873220291216,41668,47.05098693508219,9.864285714285716,0.9864285714285715,0.0,0.0,0.0,0.0,0.0,0.0,0.0,0.49321428571428577,Medium
-22,-41,8,-21.774512783221656,-41.080466429515866,41669,26.575016083380834,9.935714285714283,0.9935714285714283,1.0,1.0,0.0,0.0,0.0,0.0,0.020651720676962596,0.5071115746241954,Medium
-22,35,30,-22.016111465805903,35.38983869253939,41385,43.309034525493374,10.142857142857142,1.0,3.0,3.0,0.0,0.0,0.0,0.0,0.05684884360226022,0.5284244218011301,Medium
-22,36,12,-22.231857414874444,35.52283077468888,41386,58.887391511756974,10.414285714285716,1.0,10.0,5.0,4.0,1.0,0.0,0.0,0.20703932682594817,0.603519663412974,Medium
-22,43,35,-21.865682651901896,43.36222554359328,41393,42.88228888353802,10.157142857142858,1.0,18.0,15.0,2.0,0.0,0.0,1.0,0.2651665167044669,0.6325832583522335,Medium
-22,44,3,-21.65457299449986,43.56055873081604,41394,62.043781905972594,9.900000000000002,0.9900000000000002,2.0,1.0,1.0,0.0,0.0,0.0,0.05684884360226022,0.5234244218011302,Medium
-22,114,45,-22.33324666076081,114.32042847786616,904,47.019007604441775,9.992857142857144,0.9992857142857143,10.0,6.0,2.0,2.0,0.0,0.0,0.20703932682594817,0.6031625205558313,Medium
-22,115,36,-21.78055203428124,114.94709466823556,852,24.94370158580456,9.864285714285716,0.9864285714285715,14.0,9.0,3.0,2.0,0.0,0.0,0.24515115203653867,0.6157898617325551,Medium
-22,116,3,-21.5269,115.52463333333333,852,45.885992713462926,9.864285714285716,0.9864285714285715,4.0,4.0,0.0,0.0,0.0,0.0,0.07290648974244025,0.5296675305855059,Medium
-22,149,33,-21.66993167009333,149.42188501608263,695,45.347632012566955,10.442857142857145,1.0,1.0,1.0,0.0,0.0,0.0,0.0,0.020651720676962596,0.5103258603384813,Medium
-22,150,98,-22.294887662899903,149.93360877253778,41500,33.551855411043086,10.507142857142858,1.0,1.0,1.0,0.0,0.0,0.0,0.0,0.020651720676962596,0.5103258603384813,Medium
-22,151,28,-22.45325525455862,150.5935534644682,41501,67.57695242707862,10.585714285714287,1.0,2.0,2.0,0.0,0.0,0.0,0.0,0.03950526451663314,0.5197526322583166,Medium
-22,154,1,-21.922149325421252,153.5935205789958,41504,45.9392844105014,10.764285714285714,1.0,3.0,3.0,0.0,0.0,0.0,0.0,0.05684884360226022,0.5284244218011301,Medium
-22,160,1,-21.86268085361254,159.54625172497802,41510,52.621966697008546,10.45714285714286,1.0,1.0,1.0,0.0,0.0,0.0,0.0,0.020651720676962596,0.5103258603384813,Medium
-22,165,12,-21.578333333333333,165.32288333333335,41515,58.95097292668412,10.285714285714288,1.0,0.0,0.0,0.0,0.0,0.0,0.0,0.0,0.5,Medium
-22,166,192,-21.89211360955872,166.1270066160051,41516,18.49746102502808,10.228571428571428,1.0,3.0,1.0,2.0,0.0,0.0,0.0,0.08785580065104737,0.5439279003255237,Medium
-22,167,61,-22.22424135481873,166.81636320576467,41517,32.17213119958893,10.257142857142858,1.0,0.0,0.0,0.0,0.0,0.0,0.0,0.0,0.5,Medium
-21,-175,11,-21.116576624731053,-175.2127463439751,945,4.469011571604584,10.814285714285717,1.0,12.0,10.0,1.0,1.0,0.0,0.0,0.19854101935810217,0.599270509679051,Medium
-21,-136,2,-21.48098668939016,-136.38092387786378,41214,68.10473689189809,9.435714285714289,0.9435714285714288,7.0,5.0,2.0,0.0,0.0,0.0,0.13907630013781322,0.541323864354621,Medium
-21,-41,19,-20.843720953062085,-40.66947681011094,41309,40.582413602149074,9.8,0.9800000000000001,1.0,1.0,0.0,0.0,0.0,0.0,0.020651720676962596,0.5003258603384814,Medium
-21,-40,9,-20.61896010040931,-40.43424829097727,41310,64.12716832356968,9.928571428571429,0.9928571428571429,1.0,1.0,0.0,0.0,0.0,0.0,0.020651720676962596,0.5067544317670527,Medium
-21,35,161,-20.958925126333988,34.97052705370068,41025,5.611595981713812,10.12857142857143,1.0,11.0,9.0,1.0,0.0,1.0,0.0,0.19854101935810217,0.599270509679051,Medium
-21,43,13,-21.395196426560467,43.48728671547512,41033,69.64120526714979,10.178571428571429,1.0,18.0,11.0,2.0,4.0,1.0,0.0,0.30573133866415,0.652865669332075,Medium
-21,44,51,-21.106159121624717,43.76242247706407,41034,28.88407663857841,9.94285714285714,0.994285714285714,12.0,12.0,0.0,0.0,0.0,0.0,0.17084220390065055,0.5825639590931823,Medium
-21,55,3,-20.99469195820858,55.294757772003805,812,7.200201203708072,9.621428571428572,0.9621428571428572,6.0,5.0,1.0,0.0,0.0,0.0,0.11497603348077894,0.5385594453118181,Medium
-21,57,3,-20.5153594314882,57.39886992900196,868,42.079806532288416,9.214285714285714,0.9214285714285714,13.0,10.0,1.0,2.0,0.0,0.0,0.22309697296612824,0.5722627721973498,Medium
-21,58,3,-20.5167,57.5243,868,40.792972691139,9.214285714285714,0.9214285714285714,11.0,10.0,0.0,1.0,0.0,0.0,0.18047397026701575,0.5509512708477936,Medium
-21,115,5,-21.31822243838527,115.36766521443096,852,45.30120714789168,9.864285714285716,0.9864285714285715,19.0,13.0,3.0,1.0,2.0,0.0,0.30038096644737594,0.6434047689379737,Medium
-21,116,34,-21.097562896076223,115.9993401297616,41106,10.829729161271755,9.85714285714286,0.985714285714286,20.0,16.0,3.0,1.0,0.0,0.0,0.2714475091005425,0.6285808974074143,Medium
-21,117,58,-20.679424264121053,116.93545151898516,826,21.616094816851632,9.85714285714286,0.985714285714286,14.0,10.0,2.0,2.0,0.0,0.0,0.23804628387473534,0.6118802847945106,Medium
-21,118,9,-20.64821250062271,117.7609778408382,41108,47.209076091696616,9.707142857142856,0.9707142857142855,18.0,12.0,4.0,2.0,0.0,0.0,0.2775515483913685,0.624132917052827,Medium
-21,149,75,-20.99701098793963,149.02440450581045,41139,2.7291423906630206,10.400000000000002,1.0,2.0,2.0,0.0,0.0,0.0,0.0,0.03950526451663314,0.5197526322583166,Medium
-21,151,4,-20.931734266797378,151.30539926093286,41141,34.73589224225878,10.65,1.0,2.0,2.0,0.0,0.0,0.0,0.0,0.03950526451663314,0.5197526322583166,Medium
-21,152,2,-21.09846158352996,151.57287263677944,41142,48.65453870188617,10.7,1.0,4.0,3.0,0.0,1.0,0.0,0.0,0.10183994708927374,0.5509199735446368,Medium
-21,154,10,-20.99862731442934,154.39447645262246,41144,43.78715134291998,10.814285714285717,1.0,3.0,3.0,0.0,0.0,0.0,0.0,0.05684884360226022,0.5284244218011301,Medium
-21,156,2,-21.160782206365752,155.75801125608177,41146,32.24917178308654,10.764285714285714,1.0,2.0,2.0,0.0,0.0,0.0,0.0,0.03950526451663314,0.5197526322583166,Medium
-21,164,26,-20.7051486671679,164.36617023459263,41154,52.18392618209994,10.328571428571433,1.0,6.0,6.0,0.0,0.0,0.0,0.0,0.10183994708927374,0.5509199735446368,Medium
-21,165,161,-21.03197813024778,165.02856995453604,41155,4.759872481103532,10.235714285714284,1.0,9.0,7.0,2.0,0.0,0.0,0.0,0.16076229039348766,0.5803811451967438,Medium
-21,166,57,-21.262573795529736,165.72152733678578,41156,42.484446639004986,10.207142857142856,1.0,4.0,1.0,1.0,1.0,1.0,0.0,0.15019048322368797,0.575095241611844,Medium
-21,167,3,-20.56983333333333,166.56896666666668,41157,67.5946341830463,10.221428571428572,1.0,6.0,6.0,0.0,0.0,0.0,0.0,0.10183994708927374,0.5509199735446368,Medium
-20,-175,6,-20.03167475383453,-174.7035779156516,40815,33.09016718391706,10.828571428571433,1.0,21.0,11.0,7.0,3.0,0.0,0.0,0.3210326871243385,0.6605163435621693,High
-20,-40,36,-20.16370573489313,-40.27505650306505,40950,35.52965005506958,9.821428571428571,0.9821428571428571,2.0,0.0,2.0,0.0,0.0,0.0,0.07290648974244025,0.5275246734426486,Medium
-20,35,123,-19.93779481387973,34.814790489955506,40665,21.686811679800154,10.092857142857142,1.0,10.0,3.0,5.0,0.0,1.0,1.0,0.25203043031296174,0.6260152151564808,Medium
-20,44,73,-19.846006854203747,44.4317172495908,40674,50.877933718312875,10.014285714285716,1.0,22.0,16.0,5.0,1.0,0.0,0.0,0.29489512747699553,0.6474475637384978,Medium
-20,45,11,-19.815407266756957,44.55537450239647,40675,53.4377461072742,9.785714285714288,0.9785714285714289,0.0,0.0,0.0,0.0,0.0,0.0,0.0,0.48928571428571443,Medium
-20,57,13,-20.30786923076923,57.40188461538462,868,20.63206740141312,9.214285714285714,0.9214285714285714,8.0,7.0,0.0,0.0,1.0,0.0,0.16076229039348766,0.5410954309110295,Medium
-20,58,17,-20.239633963139458,57.76365189718891,868,30.910375150094822,9.214285714285714,0.9214285714285714,10.0,7.0,3.0,0.0,0.0,0.0,0.1804739702670158,0.5509512708477936,Medium
-20,63,5,-19.721074132300647,63.41512248401267,867,5.695021727402672,10.250000000000002,1.0,18.0,12.0,5.0,0.0,1.0,0.0,0.2775515483913685,0.6387757741956842,Medium
-20,117,7,-20.436414285714285,116.82295714285716,826,21.928178301037324,9.85714285714286,0.985714285714286,24.0,15.0,3.0,3.0,1.0,2.0,0.36540734904241584,0.6755608173783509,High
-20,118,20,-20.37646,118.25531,131,35.488338349261895,9.828571428571427,0.9828571428571428,24.0,15.0,5.0,3.0,1.0,0.0,0.3398862309640091,0.6613716869105759,High
-20,119,48,-20.150128895248923,118.9434506326104,40749,17.80729107335269,9.871428571428572,0.9871428571428572,30.0,15.0,5.0,8.0,2.0,0.0,0.41214688098736485,0.699644869065111,High
-20,120,10,-20.02362,119.6515,40750,38.772246676745624,9.857142857142858,0.9857142857142858,24.0,12.0,6.0,5.0,1.0,0.0,0.3613571551322152,0.6735357204232505,High
-20,147,5,-19.54242,147.27406000000002,808,37.590497027042424,10.407142857142858,1.0,1.0,1.0,0.0,0.0,0.0,0.0,0.020651720676962596,0.5103258603384813,Medium
-20,148,68,-19.817612932965297,147.8065654923354,40778,29.510545877485484,10.385714285714288,1.0,0.0,0.0,0.0,0.0,0.0,0.0,0.0,0.5,Medium
-20,149,27,-20.391792073097967,148.7515201837853,831,12.805266910535288,10.457142857142856,1.0,2.0,2.0,0.0,0.0,0.0,0.0,0.03950526451663314,0.5197526322583166,Medium
-20,150,2,-19.80699861531553,149.72393766112256,40780,37.3890363209378,10.607142857142858,1.0,8.0,6.0,2.0,0.0,0.0,0.0,0.15019048322368797,0.575095241611844,Medium
-20,164,108,-20.225515160096094,164.18417970600126,40794,32.31973326272273,10.321428571428571,1.0,8.0,8.0,0.0,0.0,0.0,0.0,0.1273610651676805,0.5636805325838402,Medium
-20,165,23,-20.40489555177711,164.62376885688695,40795,61.35100448185354,10.271428571428572,1.0,11.0,8.0,2.0,1.0,0.0,0.0,0.19854101935810217,0.599270509679051,Medium
-20,167,9,-20.42646299737066,166.5973864451298,40797,65.10018584246056,10.257142857142856,1.0,13.0,8.0,2.0,1.0,2.0,0.0,0.25869800455169795,0.629349002275849,Medium
-19,-178,1,-18.7011,-178.4737,40452,62.173169944117305,10.707142857142856,1.0,32.0,26.0,2.0,3.0,1.0,0.0,0.3613571551322152,0.6806785775661076,High
-19,-174,9,-18.66941111111111,-173.98845555555556,40456,36.717734219160334,10.821428571428571,1.0,40.0,24.0,7.0,7.0,2.0,0.0,0.442289713001193,0.7211448565005965,High
-19,-170,4,-19.03808564787343,-169.8642898494338,40460,15.645788249310382,10.707142857142856,1.0,37.0,22.0,7.0,5.0,1.0,2.0,0.4365873032328375,0.7182936516164188,High
-19,-40,48,-18.83631201506803,-39.75245752689282,40590,32.94120808711622,9.692857142857145,0.9692857142857145,0.0,0.0,0.0,0.0,0.0,0.0,0.0,0.48464285714285726,Medium
-19,35,18,-19.408711111111117,35.41973333333333,40305,65.02940882578567,9.964285714285714,0.9964285714285713,3.0,2.0,1.0,0.0,0.0,0.0,0.07290648974244025,0.5346675305855058,Medium
-19,36,252,-18.862169884567823,36.06914140764976,40306,17.11621258713529,10.12142857142857,1.0,6.0,4.0,1.0,1.0,0.0,0.0,0.13907630013781325,0.5695381500689066,Medium
-19,37,8,-18.519762909579068,36.51731420441402,40307,75.5789569486502,10.321428571428571,1.0,16.0,7.0,4.0,2.0,1.0,2.0,0.32590208452578273,0.6629510422628914,High
-19,44,48,-19.01809278849293,44.29752611372506,40314,33.08640538367415,10.021428571428572,1.0,10.0,6.0,3.0,0.0,1.0,0.0,0.20703932682594817,0.603519663412974,Medium
-19,122,16,-18.756391137209874,121.6922976618572,40392,43.56322338125805,9.892857142857144,0.9892857142857144,13.0,7.0,5.0,1.0,0.0,0.0,0.23804628387473534,0.6136659990802249,Medium
-19,146,67,-18.64502395839649,146.28392101904328,851,17.50219079601176,10.414285714285716,1.0,5.0,4.0,1.0,0.0,0.0,0.0,0.10183994708927374,0.5509199735446368,Medium
-19,147,53,-19.326972352783724,147.13209488318208,808,9.551209194299817,10.407142857142858,1.0,11.0,7.0,4.0,0.0,0.0,0.0,0.19854101935810217,0.599270509679051,Medium
-19,148,4,-19.042159046592158,147.5412511166301,40418,51.13570417800482,10.514285714285716,1.0,3.0,2.0,0.0,1.0,0.0,0.0,0.08785580065104737,0.5439279003255237,Medium
-19,152,5,-19.291307251737457,152.27719224371694,40422,44.634624449189225,10.850000000000003,1.0,5.0,4.0,1.0,0.0,0.0,0.0,0.10183994708927374,0.5509199735446368,Medium
-19,159,4,-19.086987686152685,158.995202671817,40429,9.67030566624387,10.571428571428571,1.0,23.0,19.0,3.0,1.0,0.0,0.0,0.2892667833615012,0.6446333916807506,Medium
-19,178,20,-19.024897597759825,178.34579495562588,40448,38.48260370498883,10.614285714285714,1.0,15.0,10.0,3.0,2.0,0.0,0.0,0.25203043031296174,0.6260152151564808,Medium
-19,180,11,-18.847490397544952,179.8317554978934,40449,93.86403020149515,10.628571428571428,1.0,23.0,16.0,6.0,0.0,1.0,0.0,0.3109527736171756,0.6554763868085878,Medium
-18,-179,3,-18.21663333333333,-178.74936666666667,40091,36.77218562691018,10.62142857142857,1.0,40.0,22.0,13.0,1.0,4.0,0.0,0.442289713001193,0.7211448565005965,High
-18,-141,4,-18.122983096881924,-140.99737735189504,40129,13.654227443175868,9.521428571428572,0.9521428571428572,23.0,16.0,4.0,0.0,3.0,0.0,0.3306644534907038,0.6414036553167805,Medium
-18,-71,1,-17.887616989382334,-70.99577808198597,40199,12.483313694114441,8.178571428571429,0.8178571428571428,0.0,0.0,0.0,0.0,0.0,0.0,0.0,0.4089285714285714,Medium
-18,-40,25,-18.231699985403782,-39.6312774770063,40230,48.338069943609604,9.62857142857143,0.962857142857143,2.0,2.0,0.0,0.0,0.0,0.0,0.03950526451663314,0.501181203686888,Medium
-18,-39,111,-17.753871791212816,-39.29777759786232,40231,42.88259035704435,9.857142857142858,0.9857142857142858,2.0,1.0,1.0,0.0,0.0,0.0,0.05684884360226022,0.521281564658273,Medium
-18,36,17,-18.393625596869317,36.402278053598806,39946,62.47325572989059,9.964285714285714,0.9964285714285713,2.0,0.0,1.0,1.0,0.0,0.0,0.08785580065104737,0.5421421860398093,Medium
-18,37,211,-18.008632729277952,36.87750981991496,39947,13.63013481177294,10.085714285714284,1.0,13.0,6.0,2.0,4.0,1.0,0.0,0.2775515483913685,0.6387757741956842,Medium
-18,38,5,-17.54142,37.533660000000005,39948,72.59846464252506,10.3,1.0,17.0,7.0,3.0,4.0,2.0,1.0,0.3398862309640091,0.6699431154820046,High
-18,44,38,-17.973666338554118,44.02095236938565,39954,3.735382561706536,10.05714285714286,1.0,18.0,10.0,3.0,5.0,0.0,0.0,0.30573133866415003,0.652865669332075,Medium
-18,49,1,-18.09756038518068,49.43710359103007,39959,49.71233588486129,9.435714285714289,0.9435714285714288,8.0,4.0,1.0,1.0,2.0,0.0,0.2152168658187279,0.5793941471950783,Medium
-18,119,1,-17.54874628044957,118.9526416770146,40029,50.364252286236905,10.221428571428572,1.0,45.0,28.0,9.0,4.0,4.0,0.0,0.4611432568408636,0.7305716284204318,High
-18,122,37,-18.076116216216214,122.22517027027028,657,8.468368935042744,10.021428571428572,1.0,21.0,10.0,6.0,3.0,2.0,0.0,0.34435399884298273,0.6721769994214913,High
-18,124,8,-17.52825,123.58025,40034,70.09174300960801,9.77857142857143,0.977857142857143,6.0,5.0,1.0,0.0,0.0,0.0,0.11497603348077894,0.546416588168961,Medium
-18,139,3,-17.554433333333332,139.47503333333336,40049,72.2938425877356,10.014285714285716,1.0,10.0,6.0,2.0,1.0,1.0,0.0,0.2152168658187279,0.607608432909364,Medium
-18,140,95,-17.693323315064376,139.96358915724718,40050,34.280196430481965,10.071428571428571,1.0,10.0,4.0,2.0,1.0,3.0,0.0,0.25869800455169795,0.629349002275849,Medium
-18,141,48,-17.604079166666665,140.7862625,520,12.531424057707083,10.121428571428572,1.0,2.0,1.0,0.0,0.0,1.0,0.0,0.08785580065104737,0.5439279003255237,Medium
-18,146,176,-18.11512032721159,146.11277760921143,40056,17.888392639933866,10.37857142857143,1.0,12.0,9.0,0.0,2.0,1.0,0.0,0.23070052734422447,0.6153502636721122,Medium
-18,147,1,-17.694453019533757,146.54183543018598,850,52.81447866982568,10.442857142857148,1.0,9.0,7.0,1.0,1.0,0.0,0.0,0.17084220390065055,0.5854211019503253,Medium
-18,168,2,-17.53933201112079,168.3415133102713,944,24.742656929802852,10.321428571428571,1.0,26.0,15.0,8.0,1.0,2.0,0.0,0.35722981004963617,0.678614905024818,High
-18,177,56,-17.79904417596774,177.3807962407091,926,23.050525525280303,10.48571428571429,1.0,34.0,23.0,8.0,3.0,0.0,0.0,0.38089101056791247,0.6904455052839562,High
-18,178,31,-18.071647794406253,178.14501929571628,40088,17.954572557038542,10.514285714285716,1.0,40.0,24.0,7.0,5.0,4.0,0.0,0.4478458908994222,0.7239229454497111,High
-18,179,60,-17.96435062323855,178.7456336737877,40089,28.510605723281813,10.571428571428571,1.0,33.0,23.0,5.0,5.0,0.0,0.0,0.38089101056791247,0.6904455052839562,High
-17,-180,6,-16.75491677056123,-179.7603904675668,39730,38.04540462001345,10.62142857142857,1.0,18.0,13.0,4.0,1.0,0.0,0.0,0.2651665167044669,0.6325832583522335,Medium
-17,-179,7,-17.216640467243085,-178.97034848989634,39731,24.271287538992436,10.599999999999998,1.0,53.0,23.0,18.0,5.0,6.0,1.0,0.5254039882316897,0.7627019941158448,High
-17,-155,1,-16.58144038250967,-154.6614377887571,39755,59.756417191766175,9.921428571428573,0.9921428571428572,56.0,32.0,17.0,5.0,2.0,0.0,0.49674428842643326,0.7444435727846452,High
-17,-154,1,-16.803414089215604,-153.9663214219054,39756,22.13894010527699,9.892857142857144,0.9892857142857144,45.0,25.0,14.0,5.0,1.0,0.0,0.455921821887838,0.7226037680867762,High
-17,-152,13,-16.600840078786657,-151.5647690341396,39758,65.55155127400982,9.914285714285716,0.9914285714285717,48.0,20.0,14.0,9.0,5.0,0.0,0.5094937929752777,0.7504611822019247,High
-17,-151,28,-16.736583168640518,-151.193829044054,39759,36.30194295887846,9.87857142857143,0.987857142857143,38.0,23.0,5.0,7.0,3.0,0.0,0.4394572665851892,0.7136572047211661,High
-17,-39,31,-17.04700638623601,-39.16712232599984,39871,19.27040313302371,9.842857142857143,0.9842857142857143,2.0,2.0,0.0,0.0,0.0,0.0,0.03950526451663314,0.5118954894011737,Medium
-17,37,1,-17.442500000000003,37.4925,39587,73.4919339961878,9.921428571428574,0.9921428571428574,4.0,4.0,0.0,0.0,0.0,0.0,0.07290648974244025,0.5325246734426489,Medium
-17,38,123,-17.243908311757167,38.1103499919392,39588,29.715756339906505,10.05,1.0,3.0,2.0,0.0,1.0,0.0,0.0,0.08785580065104737,0.5439279003255237,Medium
-17,39,120,-16.97461940508787,38.84990524430216,39589,16.89703321103737,10.171428571428573,1.0,8.0,5.0,3.0,0.0,0.0,0.0,0.16076229039348766,0.5803811451967438,Medium
-17,40,8,-16.576935755096077,39.62056861390145,39590,63.079995455523864,10.350000000000003,1.0,19.0,9.0,5.0,3.0,2.0,0.0,0.3306644534907038,0.6653322267453519,High
-17,43,4,-17.05892399637942,42.73089383182108,39593,30.578468713372104,10.257142857142862,1.0,45.0,27.0,6.0,9.0,3.0,0.0,0.47122317034802647,0.7356115851740133,High
-17,44,47,-17.05632527794927,44.21074019172938,39594,24.213261594227706,10.135714285714286,1.0,28.0,12.0,5.0,7.0,4.0,0.0,0.4185202541417511,0.7092601270708756,High
-17,45,1,-16.580955750635336,44.55597973666308,39595,67.76930236417616,9.914285714285716,0.9914285714285717,7.0,2.0,1.0,1.0,3.0,0.0,0.2307005273442245,0.6110645493863981,Medium
-17,50,6,-16.83670401691046,49.70156081964336,39600,37.761463005195665,9.707142857142856,0.9707142857142855,24.0,17.0,5.0,0.0,1.0,1.0,0.3306644534907038,0.6506893696024947,Medium
-17,60,7,-16.587623492646067,59.6820341834553,39610,57.80070081342766,10.021428571428572,1.0,26.0,20.0,2.0,3.0,1.0,0.0,0.3353243979368962,0.6676621989684481,High
-17,119,3,-17.343750732613497,119.33765960778824,39669,53.4852526032595,10.328571428571433,1.0,33.0,23.0,4.0,3.0,3.0,0.0,0.3953416352602267,0.6976708176301134,High
-17,122,28,-17.131635714285714,122.30047857142858,39672,36.413301414520056,10.135714285714286,1.0,38.0,15.0,7.0,4.0,7.0,5.0,0.5074202932733242,0.753710146636662,High
-17,123,81,-16.912898273164316,123.16060168639942,39673,20.27979796534225,9.985714285714286,0.9985714285714286,41.0,21.0,10.0,4.0,5.0,1.0,0.47122317034802647,0.7348972994597275,High
-17,124,121,-17.028552129530816,123.7875061005318,39674,23.798793832389592,9.871428571428572,0.9871428571428572,12.0,6.0,1.0,3.0,2.0,0.0,0.2714475091005425,0.6292951831216999,Medium
-17,138,29,-16.733555172413794,138.24790000000002,39688,40.39656721793003,10.071428571428571,1.0,27.0,4.0,7.0,10.0,3.0,3.0,0.4637075360625691,0.7318537680312845,High
-17,139,106,-17.04298749916664,139.18100149020538,39689,20.650017254514204,10.185714285714283,1.0,21.0,11.0,5.0,4.0,1.0,0.0,0.3353243979368963,0.6676621989684481,High
-17,140,11,-16.824209090909093,139.58248181818183,39690,50.28482250706086,10.264285714285714,1.0,14.0,6.0,2.0,4.0,2.0,0.0,0.30038096644737594,0.650190483223688,Medium
-17,141,88,-17.00629837804379,141.0766142865177,39691,8.532874363443623,10.207142857142856,1.0,8.0,2.0,4.0,0.0,1.0,1.0,0.23070052734422447,0.6153502636721122,Medium
-17,145,2,-16.528,145.4721,799,5.33309662485114,10.285714285714286,1.0,3.0,3.0,0.0,0.0,0.0,0.0,0.05684884360226022,0.5284244218011301,Medium
-17,146,36,-17.023066621939822,145.83217905109964,554,12.822965756057775,10.385714285714286,1.0,13.0,8.0,2.0,0.0,2.0,1.0,0.2714475091005425,0.6357237545502712,Medium
-17,148,3,-16.512809094802936,148.00396333046172,39698,54.079979875897905,10.721428571428572,1.0,17.0,9.0,4.0,3.0,1.0,0.0,0.30038096644737594,0.650190483223688,Medium
-17,168,6,-16.619870228204093,167.8846054138908,39718,44.095726762486194,10.364285714285716,1.0,29.0,22.0,5.0,1.0,1.0,0.0,0.34435399884298273,0.6721769994214913,High
-17,177,15,-17.01986904657628,177.28256217300904,39727,31.44184687785855,10.48571428571429,1.0,59.0,33.0,10.0,8.0,8.0,0.0,0.5366140258050094,0.7683070129025047,High
-17,178,58,-17.354814420777476,177.89404160630016,39728,41.10305485609952,10.48571428571429,1.0,54.0,28.0,9.0,9.0,8.0,0.0,0.529205472848806,0.764602736424403,High
-17,179,134,-16.78091707209339,178.84211576937528,39729,29.975089037170548,10.48571428571429,1.0,50.0,24.0,15.0,5.0,5.0,1.0,0.5074202932733242,0.753710146636662,High
-17,180,44,-16.682353992305416,179.77861989351507,39729,93.34221757187726,10.48571428571429,1.0,27.0,12.0,7.0,4.0,4.0,0.0,0.4022209135366497,0.7011104567683248,High
-16,-180,7,-16.229614285714284,-179.95755714285715,39370,25.918943598440915,10.55714285714286,1.0,35.0,20.0,6.0,4.0,5.0,0.0,0.4336788157332894,0.7168394078666447,High
-16,-155,1,-15.81616559196825,-154.52269299312482,39395,56.774852704476764,9.885714285714286,0.9885714285714287,56.0,30.0,13.0,6.0,7.0,0.0,0.5234779394135042,0.7560246839924665,High
-16,-152,3,-16.48439621893911,-151.73954489971683,39398,61.04763426020676,9.87857142857143,0.987857142857143,68.0,40.0,15.0,5.0,8.0,0.0,0.5507119443988218,0.7692845436279824,High
-16,-146,4,-15.980568517903174,-145.62267923147488,39404,41.938107029067076,9.685714285714289,0.9685714285714289,38.0,19.0,9.0,6.0,4.0,0.0,0.4532631496934632,0.710917289132446,High
-16,-145,2,-16.195613967980336,-144.93629898076125,39405,22.835439577110627,9.664285714285716,0.9664285714285716,28.0,14.0,10.0,2.0,2.0,0.0,0.38089101056791247,0.673659790998242,High
-16,-74,1,-15.919240470460778,-74.16269407755797,39476,20.16154344055395,8.985714285714286,0.8985714285714286,0.0,0.0,0.0,0.0,0.0,0.0,0.0,0.4492857142857143,Medium
-16,-73,1,-16.362854138762845,-73.12053081575081,39477,42.44074564258115,8.735714285714286,0.8735714285714286,0.0,0.0,0.0,0.0,0.0,0.0,0.0,0.4367857142857143,Medium
-16,-39,79,-15.999250966620275,-38.98633557231158,39511,1.5190285519121862,9.828571428571433,0.9828571428571433,13.0,8.0,3.0,2.0,0.0,0.0,0.23804628387473534,0.6104517133659393,Medium
-16,40,111,-16.190448491182057,39.94565294943131,39230,21.983669714627702,10.092857142857142,1.0,11.0,9.0,0.0,0.0,2.0,0.0,0.2152168658187279,0.607608432909364,Medium
-16,41,3,-15.526293866221282,40.52412948484457,39231,74.53137534095617,10.342857142857143,1.0,37.0,23.0,7.0,1.0,5.0,1.0,0.4365873032328375,0.7182936516164188,High
-16,44,13,-16.279563797213147,44.46800693150159,39234,60.51143438756443,10.214285714285714,1.0,45.0,24.0,11.0,5.0,4.0,1.0,0.4808549367143917,0.7404274683571959,High
-16,45,58,-16.18339722811949,44.98249107115473,39235,20.449654408798875,10.007142857142858,1.0,40.0,14.0,11.0,9.0,4.0,2.0,0.4967442884264332,0.7483721442132166,High
-16,46,176,-15.849529631413455,46.04854302275593,39236,17.549853632694298,9.828571428571433,0.9828571428571433,25.0,19.0,4.0,0.0,2.0,0.0,0.32590208452578273,0.654379613691463,Medium
-16,47,62,-15.60814928861366,46.986260250438015,39237,43.52215881570047,9.7,0.97,6.0,4.0,1.0,1.0,0.0,0.0,0.13907630013781325,0.5545381500689066,Medium
-16,50,4,-16.025301604211755,49.91967976044992,39240,9.347433875410545,9.735714285714286,0.9735714285714285,9.0,5.0,2.0,1.0,1.0,0.0,0.20703932682594817,0.5903053776986884,Medium
-16,60,2,-16.487049904030812,59.6697842638835,39250,65.31668982758188,10.15,1.0,35.0,25.0,6.0,2.0,2.0,0.0,0.39181832079586043,0.6959091603979302,High
-16,123,48,-16.350964571365562,123.2610544287838,39313,48.552260932810874,10.1,1.0,61.0,27.0,14.0,8.0,6.0,6.0,0.5764225500847009,0.7882112750423504,High
-16,124,139,-16.228606001764472,123.99461398323422,39314,25.382307944225207,9.978571428571428,0.9978571428571428,49.0,16.0,10.0,9.0,4.0,10.0,0.5702752139478251,0.7840661784024839,High
-16,125,59,-15.965338390309984,124.75065109452788,39315,27.943862290171424,9.87857142857143,0.987857142857143,20.0,14.0,3.0,1.0,1.0,1.0,0.3109527736171756,0.6494049582371593,Medium
-16,128,8,-15.56375,128.02167500000002,640,15.330007474495462,10.000000000000002,1.0,2.0,1.0,1.0,0.0,0.0,0.0,0.05684884360226022,0.5284244218011301,Medium
-16,136,15,-15.672760704858376,136.38266939080066,39326,55.88951066851729,9.92857142857143,0.9928571428571431,29.0,11.0,9.0,4.0,3.0,2.0,0.43073075576256287,0.711793949309853,High
-16,137,118,-15.858321083098735,136.85935378995327,39327,22.159523551198365,10.064285714285717,1.0,34.0,13.0,4.0,7.0,6.0,4.0,0.4900767141876971,0.7450383570938486,High
-16,138,31,-16.292848387096775,137.69840967741936,39328,46.66185734680989,10.271428571428572,1.0,40.0,8.0,13.0,10.0,5.0,4.0,0.5273130672362366,0.7636565336181182,High
-16,139,6,-16.470466666666667,139.38333333333333,39329,67.3618504440008,10.400000000000002,1.0,27.0,8.0,10.0,6.0,2.0,1.0,0.4185202541417511,0.7092601270708756,High
-16,140,10,-16.44215160834352,139.60960190650906,39330,65.47200387824962,10.442857142857148,1.0,21.0,7.0,5.0,4.0,2.0,3.0,0.39534163526022664,0.6976708176301133,High
-16,141,54,-16.14938148148148,141.4156814814815,39331,49.02958345054677,10.385714285714288,1.0,14.0,3.0,3.0,4.0,2.0,2.0,0.34435399884298273,0.6721769994214913,High
-16,142,21,-15.856490476190476,141.5376047619048,39332,53.74100732838469,10.171428571428573,1.0,3.0,2.0,1.0,0.0,0.0,0.0,0.07290648974244025,0.5364532448712201,Medium
-16,145,20,-16.06689,145.38829,39335,43.73504183809953,10.221428571428572,1.0,18.0,13.0,3.0,2.0,0.0,0.0,0.2714475091005425,0.6357237545502712,Medium
-16,146,2,-16.21616293010457,145.7860827816562,39336,33.75695761206043,10.407142857142858,1.0,27.0,20.0,5.0,0.0,2.0,0.0,0.33988623096400905,0.6699431154820046,High
-16,148,1,-16.487925761432827,147.97401948765773,39338,54.236482797590945,10.764285714285716,1.0,30.0,18.0,9.0,1.0,2.0,0.0,0.3771225840125486,0.6885612920062743,High
-16,149,1,-15.886907920592662,149.17331530772148,39339,22.971372714280847,10.835714285714287,1.0,20.0,12.0,3.0,5.0,0.0,0.0,0.3160513398028967,0.6580256699014484,Medium
-16,150,3,-16.122161721582163,150.01801614130048,39340,13.70662031634409,10.850000000000003,1.0,23.0,15.0,6.0,1.0,1.0,0.0,0.3210326871243385,0.6605163435621693,High
-16,167,1,-16.1135,167.45010000000002,39357,51.525078509986,10.435714285714289,1.0,55.0,33.0,7.0,10.0,5.0,0.0,0.5135821985186496,0.7567910992593248,High
-16,168,9,-16.360146773030507,167.72140207076586,39358,50.54127595791046,10.414285714285716,1.0,38.0,23.0,5.0,6.0,4.0,0.0,0.442289713001193,0.7211448565005965,High
-16,179,88,-16.379565457956293,179.24289780548293,39369,50.020162020078644,10.507142857142858,1.0,68.0,38.0,15.0,8.0,6.0,1.0,0.5574312135120333,0.7787156067560166,High
-16,180,79,-16.244109388103308,179.73382480362446,39369,85.84314272543502,10.507142857142858,1.0,37.0,20.0,8.0,3.0,5.0,1.0,0.4505714496710639,0.725285724835532,High
-15,-148,2,-15.161922570544004,-147.8828854020838,39042,22.18188515060603,9.771428571428572,0.9771428571428572,52.0,23.0,14.0,9.0,6.0,0.0,0.5234779394135042,0.7503103982781807,High
-15,-76,1,-14.705820973594983,-75.91277976350914,39114,34.058857197275124,9.242857142857144,0.9242857142857144,0.0,0.0,0.0,0.0,0.0,0.0,0.0,0.4621428571428572,Medium
-15,-39,67,-15.119464265321133,-39.01369402524678,39151,13.347369002028902,9.885714285714286,0.9885714285714287,11.0,9.0,1.0,0.0,1.0,0.0,0.19854101935810217,0.5935562239647654,Medium
-15,40,3,-15.375774933206456,40.49134442688317,38870,68.6610278688979,10.0,1.0,12.0,10.0,0.0,1.0,1.0,0.0,0.2152168658187279,0.607608432909364,Medium
-15,41,48,-15.002425,40.683733333333336,38871,35.1066319452693,10.221428571428572,1.0,35.0,19.0,8.0,4.0,4.0,0.0,0.43073075576256287,0.7153653778812814,High
-15,47,107,-15.330770919688824,47.146159738733566,38877,40.140287506497764,9.821428571428571,0.9821428571428571,23.0,12.0,8.0,3.0,0.0,0.0,0.3353243979368963,0.6587336275398767,Medium
-15,48,56,-14.749618133843876,47.882797753915966,38878,30.686520731630708,9.714285714285715,0.9714285714285715,2.0,2.0,0.0,0.0,0.0,0.0,0.03950526451663314,0.5054669179726023,Medium
-15,50,21,-15.155785949329204,50.33520937443133,38880,41.03016869226912,9.771428571428572,0.9771428571428572,11.0,7.0,2.0,2.0,0.0,0.0,0.2152168658187279,0.5961798614807925,Medium
-15,124,23,-15.34255587067847,124.37898747266264,38954,56.70525242830588,10.085714285714287,1.0,54.0,19.0,13.0,6.0,7.0,9.0,0.5809212389862508,0.7904606194931254,High
-15,125,128,-15.085320472982051,125.03820416504298,38955,10.376654586482598,10.0,1.0,29.0,11.0,2.0,6.0,7.0,3.0,0.4662418230265846,0.7331209115132923,High
-15,126,18,-14.608766666666668,125.80044444444444,38956,48.749847972971175,9.985714285714286,0.9985714285714286,23.0,14.0,3.0,3.0,3.0,0.0,0.35302231735551426,0.6757968729634714,High
-15,128,93,-15.064884997717233,128.21486616294663,38958,24.913882843098232,10.05,1.0,24.0,6.0,4.0,9.0,3.0,2.0,0.43073075576256287,0.7153653778812814,High
-15,129,77,-14.97702679309405,129.07352042448323,38959,8.549897799299792,10.042857142857144,1.0,24.0,9.0,4.0,6.0,3.0,2.0,0.4121468809873649,0.7060734404936825,High
-15,130,106,-14.904199905345102,129.7121902828492,38960,33.67017936415314,9.971428571428572,0.9971428571428571,3.0,1.0,1.0,0.0,1.0,0.0,0.11497603348077896,0.5560594453118181,Medium
-15,135,54,-14.746450949619158,135.30190195978258,38965,43.761588359149336,9.871428571428572,0.9871428571428572,27.0,13.0,5.0,1.0,4.0,4.0,0.4277420316150564,0.7074424443789569,High
-15,136,39,-15.188065198300496,135.74857405851156,38966,34.85179457677213,9.98571428571429,0.9985714285714289,54.0,13.0,8.0,7.0,12.0,14.0,0.623862030642844,0.8112167296071364,High
-15,142,61,-15.128509836065572,141.64125409836066,38972,42.298632368838234,10.25,1.0,7.0,5.0,0.0,0.0,2.0,0.0,0.18047397026701575,0.5902369851335079,Medium
-15,144,29,-14.58486340284006,144.0247813119874,38974,46.16219067249784,10.178571428571429,1.0,15.0,12.0,2.0,1.0,0.0,0.0,0.2307005273442245,0.6153502636721122,Medium
-15,145,38,-14.919552987391684,145.1238164536083,38975,16.389794081190924,10.242857142857144,1.0,25.0,14.0,7.0,2.0,1.0,1.0,0.3613571551322152,0.6806785775661076,High
-14,-172,12,-13.895840468641453,-171.90589421023626,38658,15.581611958686741,11.72857142857143,1.0,108.0,43.0,38.0,11.0,14.0,2.0,0.6775035504599245,0.8387517752299622,High
-14,-171,6,-14.296720062185978,-170.66756209827312,331,3.106056720843699,11.792857142857144,1.0,83.0,31.0,26.0,12.0,7.0,7.0,0.640267197411385,0.8201335987056926,High
-14,-76,1,-14.128251450546347,-76.25919394704819,38754,32.09991356284102,8.95,0.8949999999999999,0.0,0.0,0.0,0.0,0.0,0.0,0.0,0.44749999999999995,Medium
-14,-39,247,-13.91199846115185,-39.02738711878934,38791,10.230277598612627,9.864285714285714,0.9864285714285714,6.0,5.0,1.0,0.0,0.0,0.0,0.11497603348077894,0.5507023024546752,Medium
-14,40,1,-13.5281,40.4939,38510,75.8241983091147,9.971428571428572,0.9971428571428571,11.0,6.0,3.0,1.0,1.0,0.0,0.2307005273442245,0.6139216922435408,Medium
-14,41,28,-14.01683550674367,40.6084267597329,38511,43.50478394583375,10.221428571428572,1.0,48.0,25.0,17.0,3.0,3.0,0.0,0.4760925677494707,0.7380462838747354,High
-14,48,105,-13.959388041229795,48.08267148565745,38518,10.224001299530277,9.871428571428572,0.9871428571428572,10.0,6.0,2.0,1.0,1.0,0.0,0.2152168658187279,0.6011798614807926,Medium
-14,49,3,-13.548514790795346,48.53237240489014,38519,72.15123480797725,9.835714285714287,0.9835714285714288,2.0,2.0,0.0,0.0,0.0,0.0,0.03950526451663314,0.511538346544031,Medium
-14,122,3,-14.019654799100422,121.83975214056774,38592,17.920807366769775,10.335714285714287,1.0,40.0,22.0,9.0,6.0,2.0,1.0,0.45326314969346326,0.7266315748467316,High
-14,124,1,-14.099260505194817,123.54312261039378,38594,51.896458693672784,10.19285714285714,1.0,53.0,29.0,12.0,6.0,5.0,1.0,0.5115476383559032,0.7557738191779516,High
-14,125,3,-14.4743,125.2903,38595,61.7258394854214,10.164285714285716,1.0,63.0,28.0,9.0,12.0,10.0,4.0,0.5896477498088771,0.7948238749044385,High
-14,126,62,-14.145703455664162,126.0362348499194,38596,16.66570329102332,10.135714285714286,1.0,35.0,11.0,3.0,12.0,6.0,3.0,0.5032128005792021,0.751606400289601,High
-14,127,43,-14.001286046511629,126.77704418604652,38597,24.74850705173037,10.135714285714286,1.0,49.0,25.0,8.0,7.0,7.0,2.0,0.5195737064824407,0.7597868532412204,High
-14,128,13,-14.27406923076923,127.68686923076925,38598,46.19051602385035,10.207142857142856,1.0,47.0,20.0,4.0,3.0,12.0,8.0,0.563948368400518,0.781974184200259,High
-14,129,5,-14.24794,129.46902,38599,58.887985050297004,10.164285714285716,1.0,38.0,13.0,5.0,10.0,7.0,3.0,0.5115476383559032,0.7557738191779516,High
-14,130,37,-13.98565985982878,129.70596803999496,38600,32.67634001119809,10.02857142857143,1.0,17.0,8.0,3.0,3.0,2.0,1.0,0.3306644534907038,0.6653322267453519,High
-14,136,42,-13.958816673855829,135.94797543706397,38606,7.36510010207573,9.964285714285714,0.9964285714285713,42.0,14.0,6.0,8.0,8.0,6.0,0.5420088040195484,0.7692186877240599,High
-14,137,8,-13.96489101369288,136.7289084187572,38607,30.34247206471701,10.135714285714286,1.0,47.0,15.0,10.0,8.0,6.0,8.0,0.5607142924620436,0.7803571462310218,High
-14,141,3,-13.8561,141.47883333333334,38611,55.49873137883508,10.342857142857143,1.0,19.0,5.0,3.0,4.0,2.0,5.0,0.4088884877753859,0.704444243887693,High
-14,142,45,-13.999135555555556,141.59802888888888,38612,44.61889650770189,10.142857142857142,1.0,5.0,5.0,0.0,0.0,0.0,0.0,0.08785580065104737,0.5439279003255237,Medium
-14,143,1,-13.712444267130566,143.48940780362193,38613,63.00736811360916,10.107142857142858,1.0,14.0,10.0,2.0,1.0,1.0,0.0,0.24515115203653867,0.6225755760182693,Medium
-14,144,65,-14.08350432260712,143.7964380786602,38614,24.4226304860791,10.171428571428574,1.0,31.0,18.0,7.0,3.0,3.0,0.0,0.398808574268223,0.6994042871341115,High
-14,145,9,-14.412081850706544,144.71818911862795,38615,55.41433340909986,10.214285714285714,1.0,31.0,19.0,6.0,4.0,2.0,0.0,0.39181832079586043,0.6959091603979302,High
-14,147,2,-13.866798967546783,146.57826211495703,38617,49.09229700143267,10.492857142857144,1.0,41.0,16.0,15.0,7.0,1.0,2.0,0.47848683592649066,0.7392434179632453,High
-13,-176,11,-13.263790894374244,-176.177368386817,38294,35.28424110185025,10.842857142857143,1.0,83.0,35.0,20.0,12.0,11.0,5.0,0.6379982859432913,0.8189991429716457,High
-13,-173,2,-13.4896,-172.7552,38297,60.76022793900613,11.414285714285716,1.0,92.0,41.0,20.0,19.0,9.0,3.0,0.6480263561518853,0.8240131780759427,High
-13,-172,4,-13.443514846267172,-172.3398355676964,38298,62.02046226062056,11.607142857142858,1.0,95.0,51.0,12.0,17.0,10.0,5.0,0.6501931648621001,0.8250965824310501,High
-13,-39,190,-13.034342047267268,-38.84869155718768,38431,17.222400683041148,9.792857142857144,0.9792857142857144,7.0,3.0,3.0,1.0,0.0,0.0,0.17084220390065055,0.5750639590931825,Medium
-13,-38,18,-12.719609189746194,-38.2511338973699,358,40.78166873800912,9.914285714285716,0.9914285714285717,10.0,8.0,0.0,2.0,0.0,0.0,0.18969574774032114,0.5905621595844464,Medium
-13,13,1,-13.403647529361391,12.523728659383863,38123,69.29865373622069,10.721428571428572,1.0,1.0,1.0,0.0,0.0,0.0,0.0,0.020651720676962596,0.5103258603384813,Medium
-13,40,27,-12.874624161725205,40.436406318857,38150,50.400549058723065,9.992857142857144,0.9992857142857143,13.0,10.0,2.0,1.0,0.0,0.0,0.2152168658187279,0.6072512900522211,Medium
-13,41,35,-12.824399275565948,40.56225057692351,38151,52.353908899553666,10.228571428571431,1.0,32.0,15.0,7.0,5.0,2.0,3.0,0.44228971300119296,0.7211448565005965,High
-13,45,64,-12.84799795565277,45.16269190251142,38155,24.71421334657492,10.457142857142856,1.0,51.0,26.0,13.0,12.0,0.0,0.0,0.4945444820666707,0.7472722410333353,High
-13,48,16,-13.324257887986883,48.30319457707071,38158,49.27576549792903,9.94285714285714,0.994285714285714,27.0,18.0,4.0,4.0,1.0,0.0,0.35722981004963617,0.6757577621676751,High
-13,49,123,-13.093321080484788,48.83646144973361,38159,20.900354293408384,10.0,1.0,13.0,7.0,6.0,0.0,0.0,0.0,0.2307005273442245,0.6153502636721122,Medium
-13,50,50,-12.844164538593944,49.750132310859016,38160,32.68729558784713,10.135714285714286,1.0,33.0,21.0,7.0,5.0,0.0,0.0,0.3882367670984233,0.6941183835492116,High
-13,130,74,-13.070195872185336,130.29642189613742,38240,33.81283030883132,10.12857142857143,1.0,33.0,12.0,8.0,8.0,2.0,3.0,0.4637075360625691,0.7318537680312845,High
-13,131,65,-12.660326553314652,130.78385840915342,548,22.365579186839053,10.05,1.0,25.0,9.0,7.0,6.0,3.0,0.0,0.398808574268223,0.6994042871341115,High
-13,132,8,-12.5614,132.4448,38242,69.33876013457296,9.85714285714286,0.985714285714286,10.0,6.0,1.0,2.0,1.0,0.0,0.22309697296612827,0.6044056293402071,Medium
-13,133,6,-12.740566666666666,132.5283,38243,59.75538832691145,9.792857142857144,0.9792857142857144,13.0,8.0,3.0,2.0,0.0,0.0,0.23804628387473534,0.6086659990802249,Medium
-13,136,53,-13.020751745977828,136.1654331312281,38246,18.50698438597462,9.92857142857143,0.9928571428571431,35.0,12.0,5.0,8.0,6.0,4.0,0.4989219858054781,0.7458895643313106,High
-13,137,17,-12.754782352941175,136.6285,38247,49.40983241532501,10.064285714285711,1.0,40.0,15.0,7.0,6.0,2.0,10.0,0.529205472848806,0.764602736424403,High
-13,142,99,-12.92538876810226,141.8406483467213,38252,19.53088618126877,9.721428571428572,0.9721428571428572,13.0,8.0,2.0,1.0,1.0,1.0,0.2651665167044669,0.618654686923662,Medium
-13,143,36,-12.854933614352936,143.39753553908304,38253,46.97264539336914,9.735714285714286,0.9735714285714285,13.0,6.0,4.0,3.0,0.0,0.0,0.25869800455169795,0.6161347165615633,Medium
-13,144,5,-13.22842,143.5659,38254,54.44869711347011,9.907142857142858,0.9907142857142859,35.0,14.0,10.0,5.0,4.0,2.0,0.4637075360625691,0.7272109108884275,High
-12,-77,1,-12.322311064799717,-76.83494415686701,38033,40.19485398928787,8.764285714285716,0.8764285714285716,0.0,0.0,0.0,0.0,0.0,0.0,0.0,0.4382142857142858,Medium
-12,-38,36,-11.972556621972776,-37.65051336032355,38072,38.91243495167129,9.864285714285714,0.9864285714285714,13.0,6.0,6.0,1.0,0.0,0.0,0.2451511520365387,0.615789861732555,Medium
-12,-37,13,-11.542288912736987,-37.4494320276398,38073,71.20358754198297,9.992857142857142,0.9992857142857142,19.0,11.0,3.0,4.0,1.0,0.0,0.3160513398028967,0.6576685270443055,Medium
-12,40,30,-11.904781973270271,40.44851186170846,37790,50.89436096385355,10.021428571428572,1.0,11.0,7.0,2.0,2.0,0.0,0.0,0.2152168658187279,0.607608432909364,Medium
-12,41,43,-12.283852134654492,40.55754318381716,37791,58.35054399416002,10.257142857142858,1.0,31.0,19.0,4.0,6.0,1.0,1.0,0.4022209135366497,0.7011104567683248,High
-12,43,1,-11.9317,43.4479,37793,50.29161217638553,10.635714285714286,1.0,45.0,23.0,13.0,8.0,1.0,0.0,0.46874681121895984,0.73437340560948,High
-12,44,9,-12.274104386655292,43.73544501248099,37794,42.28539954878121,10.62142857142857,1.0,31.0,18.0,7.0,4.0,2.0,0.0,0.39534163526022664,0.6976708176301133,High
-12,49,52,-12.221230920339869,49.192805222536094,37799,32.57372002178884,10.157142857142858,1.0,37.0,21.0,9.0,6.0,1.0,0.0,0.42471150577641326,0.7123557528882066,High
-12,50,8,-12.44875,49.542675,37800,71.11997194894062,10.221428571428572,1.0,47.0,30.0,9.0,6.0,2.0,0.0,0.46114325684086355,0.7305716284204318,High
-12,97,3,-12.17155076508133,96.86293409322298,566,6.4628740222234375,10.657142857142857,1.0,39.0,21.0,13.0,4.0,0.0,1.0,0.4336788157332894,0.7168394078666447,High
-12,123,2,-12.260970565654729,122.99654267577124,37873,28.97027471202444,10.328571428571427,1.0,35.0,19.0,10.0,2.0,2.0,2.0,0.43073075576256287,0.7153653778812814,High
-12,130,61,-11.628692815964198,130.32552871246892,37880,54.81174690050904,10.22857142857143,1.0,32.0,12.0,7.0,7.0,4.0,2.0,0.4585482669585815,0.7292741334792907,High
-12,131,134,-12.01668940258988,131.02238630790802,37881,3.0994311592028594,10.092857142857143,1.0,44.0,11.0,8.0,6.0,14.0,5.0,0.5655474831518429,0.7827737415759215,High
-12,132,79,-12.261839162837408,132.0901845715268,37882,30.73978698641795,9.992857142857146,0.9992857142857146,28.0,8.0,6.0,3.0,3.0,8.0,0.47848683592649066,0.7388862751061026,High
-12,133,103,-11.77316412759697,132.84134200453306,37883,30.726530824300998,9.871428571428572,0.9871428571428572,31.0,14.0,9.0,5.0,2.0,1.0,0.4216379923242304,0.7043904247335437,High
-12,134,62,-11.94652235907241,133.96311009708205,37884,7.211347189395265,9.864285714285716,0.9864285714285715,30.0,12.0,10.0,6.0,1.0,1.0,0.4185202541417511,0.7024744127851613,High
-12,135,59,-12.1610580149937,134.94607529533982,37885,18.852871444530354,9.885714285714288,0.9885714285714288,31.0,10.0,2.0,4.0,8.0,7.0,0.5053267594476137,0.7469490940095213,High
-12,136,82,-12.138303389015173,136.02615183723736,37886,15.623716667775822,9.871428571428572,0.9871428571428572,48.0,17.0,3.0,8.0,13.0,7.0,0.5779325148387444,0.7825376859908009,High
-12,137,25,-12.161804,136.66682,37887,41.11339409754351,9.914285714285716,0.9914285714285717,46.0,13.0,10.0,4.0,11.0,8.0,0.5702752139478251,0.7808518926881984,High
-12,142,154,-12.053481806337732,141.9580453082208,37892,7.545142654970389,8.914285714285715,0.8914285714285715,36.0,17.0,7.0,5.0,4.0,3.0,0.46874681121895984,0.6800876913237657,High
-12,143,27,-11.995906771422227,143.039223939546,37893,4.377499941919627,9.042857142857144,0.9042857142857145,39.0,16.0,8.0,5.0,5.0,5.0,0.5032128005792021,0.7037492574324583,High
-12,153,4,-11.577088661413438,153.39838924936825,37903,64.49166812839593,10.35,1.0,48.0,23.0,12.0,5.0,8.0,0.0,0.5074202932733242,0.753710146636662,High
-12,154,9,-11.594166720379189,153.65719291034355,37904,58.96778772050827,10.35,1.0,62.0,30.0,18.0,10.0,4.0,0.0,0.5420088040195483,0.7710044020097742,High
-12,167,11,-11.651122622185142,166.88965216498892,37917,40.616304455259495,10.321428571428571,1.0,81.0,36.0,18.0,16.0,9.0,2.0,0.6214136535717145,0.8107068267858573,High
-11,-37,151,-11.11509852999313,-37.19118132765825,37713,24.770159642626762,9.821428571428571,0.9821428571428571,9.0,5.0,3.0,0.0,1.0,0.0,0.19854101935810217,0.5903419382504796,Medium
-11,-36,5,-10.51382,-36.46206,37714,74.45034346432527,9.95,0.9949999999999999,10.0,6.0,4.0,0.0,0.0,0.0,0.18969574774032114,0.5923478738701605,Medium
-11,14,8,-10.899275,13.87125,37404,18.145050228316453,10.642857142857142,1.0,0.0,0.0,0.0,0.0,0.0,0.0,0.0,0.5,Medium
-11,40,49,-10.996153890081583,40.43611931162671,37430,48.411126036903504,10.071428571428571,1.0,29.0,18.0,5.0,6.0,0.0,0.0,0.3732874561898162,0.686643728094908,High
-11,41,59,-10.903664626719364,40.5734076870939,37431,48.5441346631925,10.292857142857144,1.0,24.0,15.0,5.0,3.0,1.0,0.0,0.3398862309640091,0.6699431154820046,High
-11,43,2,-11.37211220003685,43.381492999856086,37433,59.154189979557906,10.685714285714283,1.0,41.0,18.0,8.0,11.0,4.0,0.0,0.483197435911274,0.741598717955637,High
-11,123,53,-10.71760668152619,123.09376979291277,37513,33.02856440508917,10.292857142857144,1.0,35.0,20.0,6.0,4.0,5.0,0.0,0.4336788157332894,0.7168394078666447,High
-11,130,29,-11.395565952168267,130.32254760531774,37520,56.65453268344614,10.264285714285714,1.0,40.0,17.0,11.0,4.0,3.0,5.0,0.4945444820666707,0.7472722410333353,High
-11,131,86,-11.406296136379332,130.96502302605447,37521,45.26567739670826,10.171428571428573,1.0,40.0,10.0,7.0,5.0,12.0,6.0,0.5507119443988218,0.7753559721994109,High
-11,132,60,-11.325228848300188,132.11928835638608,37522,38.452091196484396,10.121428571428572,1.0,39.0,13.0,6.0,10.0,4.0,6.0,0.5215346163843367,0.7607673081921684,High
-11,133,32,-11.266900709334534,132.6930373288412,37523,45.1515023675828,10.05714285714286,1.0,35.0,16.0,4.0,3.0,9.0,3.0,0.4855148811605842,0.7427574405802921,High
-11,137,14,-11.199906483249364,136.65159539542677,37527,44.586693904533774,9.792857142857144,0.9792857142857144,54.0,27.0,4.0,7.0,8.0,8.0,0.5687107373654391,0.7739982258255768,High
-11,142,53,-10.916232618825118,142.29987798401646,37532,34.56073359410191,8.078571428571427,0.8078571428571427,58.0,26.0,10.0,8.0,9.0,5.0,0.5733706818116316,0.6906139123343872,High
-11,143,52,-10.925866707149376,142.63223913631322,37533,41.64257838763345,8.264285714285716,0.8264285714285716,42.0,14.0,5.0,4.0,13.0,6.0,0.5524113967603376,0.6894199840944546,High
-11,144,1,-10.995042209391396,144.03971295356365,37534,4.442355861239333,8.764285714285716,0.8764285714285716,44.0,20.0,8.0,5.0,7.0,4.0,0.5175948884797587,0.6970117299541652,High
-11,150,28,-10.593138674263,150.0802234406784,37540,46.031144436528166,10.22857142857143,1.0,36.0,19.0,5.0,9.0,3.0,0.0,0.44508561070068353,0.7225428053503418,High
-11,151,49,-10.611592545562228,150.87168743965404,37541,45.40489751718321,10.235714285714286,1.0,58.0,37.0,11.0,5.0,4.0,1.0,0.5094937929752777,0.7547468964876389,High
-11,153,46,-11.28233671680866,153.11716086759753,37543,33.930557736677336,10.3,1.0,48.0,28.0,10.0,7.0,3.0,0.0,0.47848683592649066,0.7392434179632453,High
-11,154,15,-11.34057029905435,154.06424593482632,37544,38.47005529683527,10.285714285714286,1.0,54.0,23.0,18.0,8.0,3.0,2.0,0.529205472848806,0.764602736424403,High
-11,162,13,-10.799531199714467,162.28001625012237,37552,38.22606006845299,10.014285714285714,1.0,46.0,20.0,10.0,6.0,10.0,0.0,0.5155978322661038,0.7577989161330518,High
-11,166,30,-10.81529879159271,166.05127348182506,37556,21.277141289126476,10.242857142857146,1.0,76.0,24.0,21.0,22.0,8.0,1.0,0.6250759221389005,0.8125379610694503,High
-11,167,9,-11.276106625472302,166.54008435550793,37557,59.543742806317006,10.264285714285716,1.0,68.0,25.0,15.0,13.0,11.0,4.0,0.6113337400645515,0.8056668700322758,High
-10,-139,6,-9.83648498746245,-139.09782605295834,37251,21.150407309428775,9.8,0.9800000000000001,7.0,6.0,1.0,0.0,0.0,0.0,0.1273610651676805,0.5536805325838403,Medium
-10,-78,1,-10.22100428437388,-78.07983598896803,37312,26.083034717282594,9.178571428571429,0.9178571428571429,0.0,0.0,0.0,0.0,0.0,0.0,0.0,0.45892857142857146,Medium
-10,-36,66,-9.857579708506655,-35.9157920385641,37354,18.365224293825207,9.72857142857143,0.972857142857143,11.0,6.0,0.0,5.0,0.0,0.0,0.2451511520365387,0.6090041474468408,Medium
-10,13,1,-10.23559793959132,13.49306883511352,37043,60.65754076584228,10.85,1.0,0.0,0.0,0.0,0.0,0.0,0.0,0.0,0.5,Medium
-10,14,26,-10.34114650426744,13.752623984927428,37044,46.77511949724374,10.592857142857142,1.0,0.0,0.0,0.0,0.0,0.0,0.0,0.0,0.5,Medium
-10,40,76,-10.150348079267223,40.12058461656918,37070,21.39312842494163,10.207142857142856,1.0,23.0,12.0,8.0,0.0,3.0,0.0,0.34873150258179014,0.674365751290895,High
-10,41,3,-10.486651990846646,40.51632158735252,37071,76.16047773681106,10.428571428571429,1.0,37.0,21.0,9.0,3.0,4.0,0.0,0.4336788157332894,0.7168394078666447,High
-10,48,10,-9.902260893956068,47.63408312993776,37078,42.040740956987,10.678571428571429,1.0,39.0,24.0,8.0,2.0,4.0,1.0,0.44228971300119296,0.7211448565005965,High
-10,51,3,-10.20208718767642,51.085409179738086,37081,24.352792731993937,10.8,1.0,33.0,21.0,10.0,2.0,0.0,0.0,0.37712258401254856,0.6885612920062743,High
-10,57,3,-10.44519839590324,56.68132137839958,37087,60.77264451067361,10.75,1.0,28.0,24.0,4.0,0.0,0.0,0.0,0.3109527736171756,0.6554763868085878,Medium
-10,119,16,-9.707925,119.181875,37149,38.192117827128634,10.207142857142856,1.0,15.0,13.0,1.0,1.0,0.0,0.0,0.22309697296612824,0.6115484864830641,Medium
-10,120,19,-10.061278947368422,120.19498421052631,37150,22.68693146840305,10.164285714285716,1.0,17.0,11.0,3.0,2.0,1.0,0.0,0.2834883325096015,0.6417441662548007,Medium
-10,121,20,-10.00917052637828,120.70529064451452,37151,32.728572162013705,10.2,1.0,17.0,6.0,4.0,6.0,1.0,0.0,0.3306644534907038,0.6653322267453519,High
-10,123,19,-10.29732105263158,123.38818421052632,37153,54.2751170901833,10.264285714285716,1.0,17.0,13.0,1.0,2.0,1.0,0.0,0.2714475091005425,0.6357237545502712,Medium
-10,124,50,-10.178483488508263,123.9700103798935,37154,20.089384910904403,10.235714285714286,1.0,7.0,5.0,1.0,0.0,1.0,0.0,0.16076229039348766,0.5803811451967438,Medium
-10,125,19,-9.693342105263158,124.8712894736842,37155,36.91571375183627,10.242857142857144,1.0,10.0,6.0,2.0,2.0,0.0,0.0,0.20703932682594817,0.603519663412974,Medium
-10,142,8,-10.120175,142.20190000000002,37172,26.0804274915259,7.621428571428572,0.7621428571428572,42.0,18.0,10.0,5.0,8.0,1.0,0.4989219858054781,0.6305324214741677,Medium
-10,143,6,-9.972433333333331,142.87033333333332,37173,14.714667410785822,7.850000000000001,0.7850000000000001,39.0,14.0,5.0,7.0,4.0,9.0,0.5310814937916004,0.6580407468958003,Medium
-10,147,6,-9.625733333333336,147.37926666666667,37177,59.14526881264442,9.764285714285716,0.9764285714285716,26.0,16.0,1.0,7.0,2.0,0.0,0.3771225840125486,0.6767755777205602,High
-10,148,67,-10.07107117227678,148.09278092534663,37178,12.972956901922588,9.885714285714286,0.9885714285714287,16.0,11.0,2.0,2.0,1.0,0.0,0.2714475091005425,0.6300094688359856,Medium
-10,149,68,-10.12285408331966,148.8495171241063,37179,21.563224014058925,9.971428571428572,0.9971428571428571,6.0,3.0,2.0,0.0,1.0,0.0,0.16076229039348766,0.5789525737681724,Medium
-10,150,74,-10.150181132779718,149.98863174288385,37180,16.71779763414798,10.071428571428571,1.0,24.0,18.0,3.0,1.0,2.0,0.0,0.32590208452578273,0.6629510422628914,High
-10,151,80,-9.942989043599685,150.8754072882615,37181,15.20886054111616,10.214285714285714,1.0,55.0,33.0,4.0,8.0,9.0,1.0,0.5310814937916004,0.7655407468958002,High
-10,160,1,-9.6753,159.6989,755,38.96452590882989,9.657142857142858,0.9657142857142859,60.0,34.0,13.0,7.0,6.0,0.0,0.529205472848806,0.7474598792815459,High
-10,161,30,-9.685995116358695,161.15002359354477,37191,38.62834218001476,9.821428571428571,0.9821428571428571,47.0,26.0,12.0,4.0,5.0,0.0,0.48085493671439167,0.7314988969286244,High
-10,162,14,-9.918275754984805,161.8105084371992,37192,22.90635131415045,9.892857142857142,0.9892857142857142,74.0,28.0,25.0,11.0,9.0,1.0,0.6034536329171512,0.7963696736014327,High
-10,166,9,-10.295674380854653,166.3172469442454,37196,48.13727967683264,10.164285714285716,1.0,43.0,12.0,11.0,12.0,5.0,3.0,0.529205472848806,0.764602736424403,High
-9,-36,7,-9.427398736048676,-35.536572741344386,36994,69.97707138314334,9.592857142857143,0.9592857142857143,3.0,3.0,0.0,0.0,0.0,0.0,0.05684884360226022,0.5080672789439873,Medium
-9,-35,91,-8.9251626248751,-35.21438050446677,36995,25.204488553768808,9.757142857142858,0.9757142857142858,7.0,3.0,3.0,1.0,0.0,0.0,0.17084220390065055,0.5732782448074681,Medium
-9,13,46,-9.073976665994293,13.221064582609529,36683,25.875644429134084,10.80714285714286,1.0,0.0,0.0,0.0,0.0,0.0,0.0,0.0,0.5,Medium
-9,14,8,-8.66175,13.5315,36684,64.14083999537667,10.55,1.0,0.0,0.0,0.0,0.0,0.0,0.0,0.0,0.5,Medium
-9,39,58,-8.87101524736638,39.42734424954882,36709,49.54881032151846,10.028571428571428,1.0,12.0,8.0,3.0,1.0,0.0,0.0,0.2152168658187279,0.607608432909364,Medium
-9,40,66,-9.185581846136056,39.57224836229819,36710,51.75649042779403,10.257142857142858,1.0,18.0,14.0,2.0,2.0,0.0,0.0,0.2651665167044669,0.6325832583522335,Medium
-9,46,87,-9.409084090050229,46.33723254542556,36716,58.84838358932191,10.764285714285716,1.0,51.0,23.0,24.0,4.0,0.0,0.0,0.483197435911274,0.741598717955637,High
-9,51,4,-9.348917302586406,51.070802163455134,36721,39.51915376985847,10.8,1.0,33.0,26.0,5.0,2.0,0.0,0.0,0.35722981004963617,0.678614905024818,High
-9,114,12,-8.597333333333333,114.30098333333336,36784,55.802363029917665,10.10714285714286,1.0,18.0,13.0,3.0,2.0,0.0,0.0,0.2714475091005425,0.6357237545502712,Medium
-9,115,22,-8.727145454545454,115.28647272727272,36785,43.913966184399776,10.207142857142856,1.0,23.0,16.0,4.0,3.0,0.0,0.0,0.3160513398028967,0.6580256699014484,Medium
-9,116,53,-8.824847720464037,116.11702078751698,36786,23.38182414771499,10.221428571428572,1.0,21.0,13.0,6.0,2.0,0.0,0.0,0.30573133866415,0.652865669332075,Medium
-9,117,23,-8.695872039358509,116.67983396508052,36787,49.016286175736944,10.178571428571429,1.0,16.0,11.0,2.0,1.0,1.0,1.0,0.2834883325096015,0.6417441662548007,Medium
-9,118,51,-8.637546432029056,118.04569262377623,36788,40.55077863088036,10.2,1.0,18.0,10.0,5.0,1.0,1.0,1.0,0.3109527736171756,0.6554763868085878,Medium
-9,119,60,-8.790856666666665,119.10628666666666,36789,26.04074889592268,10.150000000000002,1.0,11.0,2.0,6.0,0.0,3.0,0.0,0.27755154839136853,0.6387757741956843,Medium
-9,120,61,-8.878153700813561,119.81605641059274,36790,24.490978399917925,10.114285714285716,1.0,15.0,11.0,1.0,3.0,0.0,0.0,0.25203043031296174,0.6260152151564808,Medium
-9,121,8,-8.693525000000001,121.099925,36791,35.78126471956014,10.114285714285716,1.0,15.0,9.0,2.0,1.0,2.0,1.0,0.29489512747699553,0.6474475637384978,Medium
-9,122,22,-8.572340504399524,122.04029380924943,36792,47.680441843646875,10.178571428571429,1.0,16.0,10.0,2.0,3.0,1.0,0.0,0.2834883325096015,0.6417441662548007,Medium
-9,123,4,-8.5276,122.7464,36793,59.51450264532201,10.22857142857143,1.0,19.0,9.0,5.0,1.0,4.0,0.0,0.3398862309640091,0.6699431154820046,High
-9,124,5,-8.97766,124.07094,36794,8.25556423893533,10.235714285714286,1.0,6.0,5.0,0.0,0.0,1.0,0.0,0.13907630013781322,0.5695381500689066,Medium
-9,125,25,-9.039185764043664,124.82089521329998,36795,20.3508892756679,10.2,1.0,7.0,4.0,3.0,0.0,0.0,0.0,0.15019048322368797,0.575095241611844,Medium
-9,126,39,-8.784174553585583,125.99917725566578,36796,23.956798619847405,10.214285714285714,1.0,10.0,6.0,2.0,2.0,0.0,0.0,0.20703932682594817,0.603519663412974,Medium
-9,127,7,-8.779179977368965,126.6833082191546,36797,42.85450624879522,10.27857142857143,1.0,21.0,12.0,6.0,2.0,1.0,0.0,0.3210326871243385,0.6605163435621693,High
-9,140,7,-8.586014285714286,140.47327142857145,36810,69.79508561631266,8.392857142857144,0.8392857142857144,22.0,5.0,7.0,4.0,5.0,1.0,0.4088884877753859,0.6240871010305502,Medium
-9,141,61,-9.008557788648462,140.96989054043067,36811,3.474522173952026,7.885714285714287,0.7885714285714287,14.0,12.0,0.0,1.0,0.0,1.0,0.23804628387473534,0.513308856223082,Medium
-9,142,149,-9.098599707195296,142.0986569806076,36812,15.482451767967518,7.7,0.77,13.0,11.0,2.0,0.0,0.0,0.0,0.19854101935810217,0.4842705096790511,Medium
-9,143,131,-9.049573407438183,143.03460568367117,36813,6.710751986641078,7.921428571428572,0.7921428571428571,23.0,7.0,4.0,5.0,3.0,4.0,0.4277420316150565,0.6099424443789568,Medium
-9,144,15,-8.531753333333334,143.70440666666667,36814,61.46537773481878,8.421428571428573,0.8421428571428573,21.0,5.0,7.0,4.0,1.0,4.0,0.40558034618405037,0.6238616016634538,Medium
-9,146,1,-8.5829,146.3991,36816,64.07817821708134,9.35,0.9349999999999999,18.0,12.0,4.0,2.0,0.0,0.0,0.2775515483913685,0.6062757741956842,Medium
-9,147,92,-9.04154872957976,146.85883318663488,36817,16.3341190466608,9.578571428571433,0.9578571428571433,6.0,3.0,2.0,1.0,0.0,0.0,0.15019048322368797,0.5540238130404156,Medium
-9,148,6,-8.761433333333335,148.40866666666668,36818,52.525699508051154,9.657142857142858,0.9657142857142859,4.0,2.0,2.0,0.0,0.0,0.0,0.10183994708927374,0.5337771164017798,Medium
-9,149,70,-9.114317920116228,148.90658018663052,36819,16.38739295950867,9.835714285714287,0.9835714285714288,24.0,13.0,4.0,4.0,0.0,3.0,0.38089101056791247,0.6822312195696706,High
-9,150,16,-9.3390875,150.2946125,36820,49.86073269726195,10.028571428571428,1.0,35.0,16.0,7.0,6.0,6.0,0.0,0.455921821887838,0.727960910943919,High
-9,151,45,-8.769607721109795,151.01617243191788,36821,25.636470638106353,10.157142857142858,1.0,52.0,25.0,14.0,2.0,7.0,4.0,0.5329414113517309,0.7664707056758655,High
-9,152,20,-9.01935655244172,152.38322160293745,36822,42.591825762972015,10.164285714285716,1.0,42.0,19.0,13.0,5.0,5.0,0.0,0.4760925677494707,0.7380462838747354,High
-9,153,35,-9.142163924164924,152.77760913289077,36823,29.29817173279406,10.107142857142858,1.0,46.0,34.0,8.0,3.0,1.0,0.0,0.43073075576256287,0.7153653778812814,High
-9,158,24,-8.623681130727727,157.99910374114614,36828,41.771512957831554,9.721428571428572,0.9721428571428572,45.0,20.0,12.0,11.0,2.0,0.0,0.4878078027196034,0.7299753299312303,High
-9,159,30,-9.055262174269286,159.17715231361402,36829,20.59845699014713,9.650000000000002,0.9650000000000002,51.0,20.0,16.0,6.0,8.0,1.0,0.5329414113517309,0.7489707056758655,High
-9,160,57,-8.917313723195267,160.08196758694507,36830,12.923615968483976,9.642857142857142,0.9642857142857142,39.0,20.0,8.0,2.0,7.0,2.0,0.4760925677494707,0.7201891410175925,High
-9,161,47,-9.176233393829,161.16127164514853,36831,26.516399814960735,9.685714285714289,0.9685714285714289,42.0,19.0,22.0,1.0,0.0,0.0,0.4394572665851892,0.704014347578309,High
-9,179,6,-8.529365055790644,179.18851674349784,792,3.4953520964661307,10.350000000000003,1.0,44.0,18.0,7.0,5.0,8.0,6.0,0.5366140258050094,0.7683070129025047,High
-8,-35,91,-7.946193497294665,-34.90559519586356,36635,12.061470014246737,9.685714285714283,0.9685714285714283,8.0,1.0,3.0,1.0,2.0,1.0,0.25869800455169795,0.6136347165615631,Medium
-8,13,18,-8.101066666666666,13.245877777777777,36323,29.508124572978808,10.750000000000002,1.0,0.0,0.0,0.0,0.0,0.0,0.0,0.0,0.5,Medium
-8,39,129,-7.966197851855083,39.328229087784194,36349,36.62611803799776,10.02142857142857,1.0,13.0,10.0,3.0,0.0,0.0,0.0,0.20703932682594817,0.603519663412974,Medium
-8,40,26,-7.885539034601393,39.76381491868271,36350,29.13294446538219,10.250000000000002,1.0,15.0,6.0,5.0,3.0,1.0,0.0,0.29489512747699553,0.6474475637384978,Medium
-8,108,2,-7.7266,108.48680000000002,36418,61.97357741651031,10.085714285714287,1.0,10.0,7.0,2.0,0.0,1.0,0.0,0.19854101935810217,0.599270509679051,Medium
-8,109,38,-7.687484210526315,108.95299473684211,36419,35.07944459553821,10.078571428571433,1.0,15.0,8.0,3.0,3.0,1.0,0.0,0.2834883325096015,0.6417441662548007,Medium
-8,110,1,-7.8655,109.9337,36420,16.644796987046654,10.071428571428571,1.0,9.0,5.0,3.0,1.0,0.0,0.0,0.18969574774032114,0.5948478738701606,Medium
-8,113,21,-7.722138095238095,113.08892857142858,36423,32.383768032747525,10.014285714285716,1.0,6.0,3.0,1.0,1.0,1.0,0.0,0.17084220390065055,0.5854211019503253,Medium
-8,114,36,-8.071815341640079,114.21725152494064,36424,25.398310773714698,10.05714285714286,1.0,8.0,5.0,1.0,1.0,0.0,1.0,0.19854101935810217,0.599270509679051,Medium
-8,115,9,-8.145455555555555,114.67352222222222,36425,39.67299912941115,10.150000000000002,1.0,19.0,9.0,4.0,3.0,2.0,1.0,0.34435399884298273,0.6721769994214913,High
-8,116,5,-8.358979999999999,116.09834,36426,41.314879354973,10.214285714285714,1.0,14.0,5.0,3.0,1.0,4.0,1.0,0.32590208452578273,0.6629510422628914,High
-8,117,44,-8.320911915227752,116.97800937433496,36427,35.70475853240137,10.207142857142856,1.0,18.0,10.0,2.0,3.0,3.0,0.0,0.32590208452578273,0.6629510422628914,High
-8,118,29,-8.411637931034482,117.88420344827588,36428,47.465270117935844,10.185714285714283,1.0,16.0,11.0,0.0,5.0,0.0,0.0,0.27755154839136853,0.6387757741956843,Medium
-8,119,10,-8.40026,118.88668,36429,46.17513147019722,10.150000000000002,1.0,17.0,14.0,1.0,1.0,1.0,0.0,0.25869800455169795,0.629349002275849,Medium
-8,120,22,-8.415300732846914,119.98009496142112,36430,46.15129979796751,10.142857142857142,1.0,19.0,13.0,3.0,3.0,0.0,0.0,0.28926678336150125,0.6446333916807506,Medium
-8,121,15,-8.371739999999999,120.93036666666669,36431,41.98081467944088,10.15,1.0,21.0,16.0,3.0,2.0,0.0,0.0,0.28926678336150125,0.6446333916807506,Medium
-8,122,27,-8.437533673084591,122.0705653449607,36432,49.193815359741365,10.2,1.0,16.0,7.0,7.0,2.0,0.0,0.0,0.2834883325096015,0.6417441662548007,Medium
-8,123,76,-8.30627389457724,123.10464950937408,36433,35.92616100864428,10.221428571428572,1.0,11.0,6.0,3.0,2.0,0.0,0.0,0.22309697296612827,0.6115484864830641,Medium
-8,124,61,-8.2944827965598,123.9877353341396,36434,32.71592757601627,10.221428571428572,1.0,17.0,13.0,1.0,3.0,0.0,0.0,0.2651665167044669,0.6325832583522335,Medium
-8,125,10,-8.2194,124.86152,36435,28.798686435294332,10.2,1.0,15.0,12.0,2.0,1.0,0.0,0.0,0.2307005273442245,0.6153502636721122,Medium
-8,126,7,-8.12427142857143,125.84652857142858,36436,21.919863197146288,10.2,1.0,5.0,3.0,0.0,2.0,0.0,0.0,0.13907630013781325,0.5695381500689066,Medium
-8,127,3,-8.429566666666666,126.71316666666668,36437,57.33457656475626,10.250000000000002,1.0,21.0,13.0,7.0,0.0,0.0,1.0,0.3109527736171756,0.6554763868085878,Medium
-8,128,3,-8.163888331990679,128.2251223042442,36438,30.90895349444806,10.278571428571428,1.0,15.0,11.0,1.0,2.0,1.0,0.0,0.25869800455169795,0.629349002275849,Medium
-8,129,1,-8.178419551798843,128.79278729925986,36439,30.352084823372227,10.3,1.0,22.0,19.0,1.0,1.0,1.0,0.0,0.28926678336150125,0.6446333916807506,Medium
-8,130,4,-7.861170757082234,129.73718851094563,36440,32.99211258838106,10.292857142857144,1.0,29.0,15.0,9.0,1.0,4.0,0.0,0.39534163526022664,0.6976708176301133,High
-8,131,140,-7.963719651621371,131.07923250222834,36441,9.672968939020329,10.271428571428572,1.0,25.0,13.0,8.0,2.0,2.0,0.0,0.3613571551322152,0.6806785775661076,High
-8,132,2,-7.6365,131.6112,36442,59.080545346924765,10.242857142857144,1.0,23.0,15.0,5.0,3.0,0.0,0.0,0.3210326871243385,0.6605163435621693,High
-8,138,643,-8.10847211530898,138.0313084946554,36448,12.531905720673256,9.285714285714286,0.9285714285714286,19.0,7.0,1.0,4.0,5.0,2.0,0.39181832079586043,0.6601948746836446,High
-8,139,390,-8.108847090641971,138.91110047788086,36449,15.599672478636002,8.900000000000002,0.8900000000000002,11.0,5.0,4.0,1.0,1.0,0.0,0.23804628387473534,0.5640231419373678,Medium
-8,140,106,-8.107253345123826,140.0521531624962,36450,13.237992536001611,8.5,0.85,4.0,2.0,1.0,0.0,1.0,0.0,0.1273610651676805,0.48868053258384025,Medium
-8,142,6,-8.364466666666665,142.46663333333333,36452,65.72311958002295,8.107142857142858,0.8107142857142857,0.0,0.0,0.0,0.0,0.0,0.0,0.0,0.40535714285714286,Medium
-8,143,113,-8.268296041060442,143.1894533200333,36453,36.45726118523934,8.264285714285716,0.8264285714285716,7.0,5.0,1.0,0.0,1.0,0.0,0.16076229039348766,0.49359543091102964,Medium
-8,144,445,-7.86151560209565,144.05656875414965,36454,16.60478098714255,8.635714285714286,0.8635714285714287,13.0,5.0,2.0,4.0,1.0,1.0,0.30038096644737594,0.5819761975094023,Medium
-8,145,398,-7.654479697471634,144.8253647202607,36455,42.973168020892714,9.035714285714286,0.9035714285714287,7.0,3.0,1.0,0.0,1.0,2.0,0.23070052734422447,0.5671359779578266,Medium
-8,146,118,-8.080362253780638,146.00674236480788,36456,8.951550467001823,9.292857142857144,0.9292857142857145,6.0,4.0,1.0,0.0,1.0,0.0,0.15019048322368797,0.5397380987547012,Medium
-8,147,10,-7.57138,147.39911999999998,36457,65.00960974113458,9.414285714285716,0.9414285714285716,0.0,0.0,0.0,0.0,0.0,0.0,0.0,0.4707142857142858,Medium
-8,148,33,-7.938760606060605,147.79052424242423,36458,24.225061836509962,9.564285714285717,0.9564285714285716,21.0,16.0,2.0,3.0,0.0,0.0,0.29489512747699553,0.6256618494527836,Medium
-8,151,5,-8.4513,150.94618,36461,50.44925973144105,10.021428571428572,1.0,29.0,17.0,5.0,4.0,2.0,1.0,0.39534163526022664,0.6976708176301133,High
-8,157,54,-8.12615226819914,157.08083645557798,36467,16.631092373527657,9.678571428571429,0.9678571428571429,37.0,23.0,4.0,7.0,3.0,0.0,0.4336788157332894,0.7007679792952162,High
-8,158,60,-7.860145273332776,158.09649830387485,36468,18.860617260335722,9.657142857142858,0.9657142857142859,31.0,17.0,7.0,4.0,3.0,0.0,0.4055803461840504,0.6856473159491682,High
-8,159,118,-7.895941478106547,158.9816985102287,36469,11.727779319230583,9.592857142857143,0.9592857142857143,42.0,16.0,17.0,6.0,2.0,1.0,0.47848683592649066,0.7188862751061025,High
-8,160,70,-8.36254514942421,159.69906815057846,36470,52.29961020551145,9.614285714285716,0.9614285714285715,39.0,15.0,13.0,4.0,4.0,3.0,0.4855148811605842,0.7234717262945779,High
-8,161,16,-8.360846600406795,160.79045321637955,36471,46.3177508334508,9.678571428571429,0.9678571428571429,46.0,20.0,8.0,10.0,5.0,3.0,0.5215346163843368,0.7446958796207399,High
-7,-35,122,-6.992003435807272,-34.90335244699828,36275,10.764536284888798,9.771428571428572,0.9771428571428572,11.0,2.0,4.0,3.0,1.0,1.0,0.28926678336150125,0.6332048202521792,Medium
-7,13,15,-7.025764398675253,12.824572892650911,35963,19.68129673095892,10.671428571428567,1.0,0.0,0.0,0.0,0.0,0.0,0.0,0.0,0.5,Medium
-7,39,44,-7.129604170954561,39.3153656223949,35989,37.84639646173157,10.035714285714286,1.0,7.0,5.0,1.0,1.0,0.0,0.0,0.15019048322368797,0.575095241611844,Medium
-7,40,6,-7.069233333333333,39.53833333333333,35990,51.818024981757766,10.285714285714288,1.0,18.0,11.0,4.0,3.0,0.0,0.0,0.28926678336150125,0.6446333916807506,Medium
-7,105,10,-6.72744,105.34036,36055,48.4008220478458,10.064285714285717,1.0,19.0,12.0,4.0,3.0,0.0,0.0,0.29489512747699553,0.6474475637384978,Medium
-7,106,8,-6.705375,105.661175,36056,49.83965156450483,9.957142857142856,0.9957142857142856,8.0,3.0,2.0,0.0,2.0,1.0,0.23804628387473534,0.6168802847945104,Medium
-7,109,36,-6.7954888888888885,108.94550555555556,36059,23.492813442654978,10.042857142857144,1.0,1.0,0.0,0.0,0.0,0.0,1.0,0.08785580065104737,0.5439279003255237,Medium
-7,110,29,-6.895346321325715,110.06777741387658,36060,13.839955352745358,10.071428571428571,1.0,3.0,3.0,0.0,0.0,0.0,0.0,0.05684884360226022,0.5284244218011301,Medium
-7,111,24,-6.751471589927864,110.65056910465306,36061,47.59665519706321,9.95,0.9949999999999999,8.0,6.0,0.0,1.0,1.0,0.0,0.1804739702670158,0.5877369851335078,Medium
-7,112,7,-6.882471959487751,112.3347445203086,36062,39.380249261174924,10.000000000000002,1.0,10.0,6.0,2.0,0.0,1.0,1.0,0.23070052734422447,0.6153502636721122,Medium
-7,113,64,-7.154035149975171,112.81782932937642,36063,26.480650195052494,10.042857142857144,1.0,11.0,4.0,1.0,4.0,2.0,0.0,0.27755154839136853,0.6387757741956843,Medium
-7,114,30,-7.098435294585543,113.83905628835124,36064,20.941198204286174,10.078571428571433,1.0,18.0,6.0,3.0,3.0,3.0,3.0,0.38089101056791247,0.6904455052839562,High
-7,115,51,-7.014720012371693,115.07315748998124,36065,8.283231074013836,10.178571428571429,1.0,16.0,11.0,3.0,0.0,2.0,0.0,0.2714475091005425,0.6357237545502712,Medium
-7,116,35,-7.060308957119887,115.74895778678784,36066,28.658506818094427,10.214285714285714,1.0,25.0,14.0,5.0,2.0,2.0,2.0,0.38089101056791247,0.6904455052839562,High
-7,118,7,-7.233874419155506,118.17108251807278,36068,32.16443533770565,10.185714285714283,1.0,22.0,15.0,2.0,1.0,4.0,0.0,0.3398862309640091,0.6699431154820046,High
-7,119,5,-6.845740000000001,118.98622,36069,17.19104271287798,10.157142857142857,1.0,14.0,8.0,5.0,1.0,0.0,0.0,0.24515115203653867,0.6225755760182693,Medium
-7,120,3,-6.6776333333333335,120.38303333333332,36070,55.57041837326612,10.135714285714286,1.0,23.0,10.0,4.0,3.0,6.0,0.0,0.39181832079586043,0.6959091603979302,High
-7,121,11,-6.9916522804381165,120.7319075386868,36071,29.772685649528555,10.135714285714286,1.0,18.0,12.0,3.0,2.0,1.0,0.0,0.28926678336150125,0.6446333916807506,Medium
-7,122,1,-7.237613954740469,121.59063434036,36072,52.539553301518936,10.171428571428573,1.0,17.0,6.0,5.0,3.0,3.0,0.0,0.3353243979368963,0.6676621989684481,High
-7,131,31,-7.371896834781888,131.25039359433524,36081,49.765177025348144,10.271428571428572,1.0,16.0,12.0,4.0,0.0,0.0,0.0,0.23804628387473534,0.6190231419373676,Medium
-7,132,44,-7.113407502661186,131.71480238753284,36082,34.067948829992204,10.257142857142856,1.0,16.0,12.0,1.0,3.0,0.0,0.0,0.25869800455169795,0.629349002275849,Medium
-7,134,76,-6.673057720193677,134.3211845673298,36084,50.87273992981962,10.078571428571433,1.0,20.0,10.0,2.0,3.0,3.0,2.0,0.3693832232587527,0.6846916116293764,High
-7,135,57,-6.665803136784067,134.6600223743328,36085,52.91712737639304,9.957142857142856,0.9957142857142856,21.0,13.0,1.0,3.0,2.0,2.0,0.35722981004963617,0.6764720478819608,High
-7,138,25,-7.449252,138.32109200000002,36088,61.294460510538,9.364285714285716,0.9364285714285716,12.0,0.0,5.0,3.0,3.0,1.0,0.3306644534907038,0.6335465124596377,Medium
-7,139,318,-7.036129517723201,138.88187510709488,36089,13.711457752163653,9.035714285714286,0.9035714285714287,10.0,4.0,3.0,1.0,0.0,2.0,0.25869800455169795,0.5811347165615633,Medium
-7,140,1,-7.2005,139.6465,36090,45.11061030954881,8.735714285714286,0.8735714285714286,5.0,1.0,0.0,1.0,3.0,0.0,0.20703932682594817,0.5403053776986884,Medium
-7,144,81,-7.440624659519147,144.28655192151865,36094,58.342311094949075,8.921428571428573,0.8921428571428572,0.0,0.0,0.0,0.0,0.0,0.0,0.0,0.4460714285714286,Medium
-7,145,102,-7.440735978547496,144.63884231643902,36095,63.24887484619303,9.121428571428572,0.9121428571428571,1.0,1.0,0.0,0.0,0.0,0.0,0.020651720676962596,0.4663972889099099,Medium
-7,147,18,-6.960533333333333,147.10135555555556,36097,12.073293206817327,9.385714285714288,0.9385714285714288,9.0,3.0,2.0,2.0,1.0,1.0,0.25203043031296174,0.5953009294421953,Medium
-7,148,3,-6.652299999999999,147.82183333333333,36098,43.366586450169414,9.614285714285714,0.9614285714285714,17.0,8.0,4.0,2.0,2.0,1.0,0.32590208452578273,0.6436653279771771,Medium
-7,155,5,-6.707739999999999,155.35618,36105,51.14198971588766,9.664285714285716,0.9664285714285716,27.0,18.0,2.0,5.0,1.0,1.0,0.37328745618981624,0.669858013809194,High
-7,156,58,-6.895460903356646,155.90162715433416,36106,15.93367767257682,9.635714285714286,0.9635714285714286,19.0,8.0,3.0,4.0,3.0,1.0,0.3613571551322152,0.662464291851822,High
-7,157,56,-7.200938143244928,157.18426147405845,36107,30.262196950282476,9.621428571428572,0.9621428571428572,17.0,5.0,1.0,7.0,4.0,0.0,0.36540734904241584,0.6637751030926365,High
-7,158,89,-7.425263327318872,157.95753092390677,36108,47.43903138507401,9.62857142857143,0.962857142857143,18.0,8.0,6.0,1.0,3.0,0.0,0.32590208452578273,0.6443796136914628,Medium
-7,159,2,-7.4657,158.64249999999998,36109,65.16775306499481,9.62857142857143,0.962857142857143,27.0,11.0,7.0,4.0,4.0,1.0,0.4153569999281549,0.6891070713926489,High
-7,179,5,-7.480980554959172,178.68606134518214,36129,63.75496142310388,10.092857142857142,1.0,16.0,4.0,4.0,2.0,4.0,2.0,0.36540734904241584,0.682703674521208,High
-6,-81,5,-5.79079464671638,-80.83056284685279,35869,29.882682033671628,9.528571428571428,0.9528571428571428,0.0,0.0,0.0,0.0,0.0,0.0,0.0,0.4764285714285714,Medium
-6,-80,1,-6.422657284128664,-80.45426716801848,35870,68.87349550998255,9.35,0.9349999999999999,0.0,0.0,0.0,0.0,0.0,0.0,0.0,0.46749999999999997,Medium
-6,-35,82,-6.1209828419761285,-35.13771977158173,35915,20.34772107045791,9.935714285714283,0.9935714285714283,6.0,2.0,2.0,1.0,1.0,0.0,0.1804739702670158,0.587022699419222,Medium
-6,12,113,-6.064866956200139,12.40673816445481,35602,45.71848084618658,10.80714285714286,1.0,0.0,0.0,0.0,0.0,0.0,0.0,0.0,0.5,Medium
-6,13,163,-5.997702309326988,12.680809726577246,35603,35.431038303740436,10.578571428571427,1.0,0.0,0.0,0.0,0.0,0.0,0.0,0.0,0.5,Medium
-6,39,97,-6.12397189455376,39.11924090550247,846,7.337032692112484,9.985714285714286,0.9985714285714286,8.0,3.0,2.0,1.0,2.0,0.0,0.22309697296612824,0.6108342007687784,Medium
-6,40,4,-6.250323855330283,39.55118267480809,846,42.67967379273868,9.985714285714286,0.9985714285714286,9.0,5.0,2.0,1.0,1.0,0.0,0.20703932682594817,0.6028053776986884,Medium
-6,53,3,-5.754899999999999,53.3097,35643,43.8398150098743,10.585714285714287,1.0,11.0,7.0,2.0,2.0,0.0,0.0,0.2152168658187279,0.607608432909364,Medium
-6,71,6,-6.341507029027741,71.24715187024468,35661,46.79293148004791,10.592857142857143,1.0,13.0,7.0,3.0,2.0,1.0,0.0,0.25869800455169795,0.629349002275849,Medium
-6,102,3,-5.510166666666667,102.34536666666666,35692,66.52733202782126,10.157142857142857,1.0,13.0,8.0,4.0,1.0,0.0,0.0,0.2307005273442245,0.6153502636721122,Medium
-6,104,9,-5.631033333333333,104.34352222222223,35694,55.958084465290135,9.964285714285715,0.9964285714285716,9.0,3.0,2.0,3.0,1.0,0.0,0.23804628387473534,0.6172374276516535,Medium
-6,105,38,-5.6990565345917625,104.90106101057674,35695,35.163688055338916,9.885714285714288,0.9885714285714288,6.0,5.0,0.0,0.0,1.0,0.0,0.13907630013781322,0.563823864354621,Medium
-6,106,55,-5.944445068827448,106.06813030980244,35696,9.75796037208042,9.914285714285716,0.9914285714285717,9.0,9.0,0.0,0.0,0.0,0.0,0.13907630013781322,0.5652524357831924,Medium
-6,107,39,-5.994700171797618,106.98142908669467,35697,2.1436712449939583,9.964285714285715,0.9964285714285716,16.0,8.0,2.0,1.0,2.0,3.0,0.3398862309640091,0.6681574011962903,High
-6,108,34,-6.232330822979487,107.93532298494942,35698,26.76935420476223,10.05714285714286,1.0,7.0,1.0,2.0,2.0,1.0,1.0,0.23804628387473534,0.6190231419373676,Medium
-6,110,8,-5.795425759555652,110.3739526905394,35700,47.31403281999813,10.121428571428572,1.0,13.0,3.0,2.0,0.0,3.0,5.0,0.36540734904241584,0.682703674521208,High
-6,111,6,-6.0385333333333335,110.72443333333332,35701,30.88549928769276,10.042857142857144,1.0,12.0,4.0,1.0,2.0,3.0,2.0,0.3210326871243385,0.6605163435621693,High
-6,113,6,-5.7979666666666665,112.6795,35703,42.053872838776286,10.064285714285717,1.0,14.0,4.0,1.0,3.0,4.0,2.0,0.35302231735551426,0.6765111586777571,High
-6,114,1,-5.5671,114.4571,35704,69.88089785642401,10.085714285714287,1.0,13.0,5.0,2.0,3.0,1.0,2.0,0.3109527736171756,0.6554763868085878,Medium
-6,119,1,-5.5457,119.4473,35709,70.76768242199248,10.114285714285714,1.0,8.0,6.0,2.0,0.0,0.0,0.0,0.15019048322368797,0.575095241611844,Medium
-6,120,24,-5.7634333333333325,120.03446666666667,35710,26.536137150120606,10.05,1.0,9.0,6.0,2.0,0.0,1.0,0.0,0.1896957477403211,0.5948478738701606,Medium
-6,121,2,-6.3317090977575,120.77671351452464,35711,44.384426762034806,10.05,1.0,9.0,3.0,4.0,2.0,0.0,0.0,0.2152168658187279,0.607608432909364,Medium
-6,123,2,-5.6111,122.82420000000002,35713,47.37357893224782,10.092857142857143,1.0,11.0,8.0,1.0,2.0,0.0,0.0,0.20703932682594817,0.603519663412974,Medium
-6,124,7,-5.554498301430056,123.77397633906102,35714,55.45096725981291,10.178571428571429,1.0,14.0,7.0,4.0,3.0,0.0,0.0,0.2651665167044669,0.6325832583522335,Medium
-6,132,3,-5.558033333333333,132.34283333333337,35722,62.0875331217173,10.207142857142856,1.0,8.0,7.0,1.0,0.0,0.0,0.0,0.13907630013781325,0.5695381500689066,Medium
-6,133,21,-5.734395238095238,132.7255,35723,42.39795201837198,10.150000000000002,1.0,12.0,9.0,2.0,0.0,1.0,0.0,0.2152168658187279,0.607608432909364,Medium
-6,134,163,-6.126847145072249,134.29046161190766,35724,35.18159773790138,10.007142857142856,1.0,13.0,6.0,4.0,1.0,2.0,0.0,0.2714475091005425,0.6357237545502712,Medium
-6,135,267,-6.104567072661241,134.70051264284638,35725,35.21114380756402,9.878571428571432,0.9878571428571432,10.0,7.0,1.0,2.0,0.0,0.0,0.19854101935810217,0.5931990811076226,Medium
-6,138,147,-5.753023516420324,138.26062142756552,35728,39.8551697538386,9.407142857142858,0.9407142857142858,16.0,5.0,2.0,3.0,4.0,2.0,0.36540734904241584,0.6530608173783509,Medium
-6,139,32,-5.924525,138.579925,35729,47.37496140875705,9.150000000000002,0.9150000000000003,5.0,4.0,0.0,1.0,0.0,0.0,0.11497603348077896,0.5149880167403896,Medium
-6,147,3,-5.937930832165889,147.14298158290336,35737,17.301875411155095,9.414285714285716,0.9414285714285716,2.0,0.0,2.0,0.0,0.0,0.0,0.07290648974244025,0.5071675305855059,Medium
-6,148,17,-5.913497149205407,147.85262946892374,35738,18.967953543812115,9.55714285714286,0.9557142857142861,12.0,7.0,2.0,0.0,1.0,2.0,0.2714475091005425,0.6135808974074143,Medium
-6,149,70,-5.9055179992812485,149.04184557347486,35739,11.470065902379881,9.671428571428573,0.9671428571428573,4.0,2.0,1.0,0.0,1.0,0.0,0.1273610651676805,0.5472519611552689,Medium
-6,150,56,-5.940346254149704,149.98185210124794,35740,6.921199924294392,9.685714285714289,0.9685714285714289,6.0,5.0,0.0,1.0,0.0,0.0,0.1273610651676805,0.5479662468695546,Medium
-6,151,31,-5.944930663029282,150.9696212019161,35741,6.981099878343903,9.664285714285716,0.9664285714285716,6.0,3.0,3.0,0.0,0.0,0.0,0.13907630013781325,0.5527524357831924,Medium
-6,152,12,-5.5307460031016165,151.62640269538863,35742,66.57911574024698,9.578571428571433,0.9578571428571433,9.0,6.0,0.0,1.0,2.0,0.0,0.2152168658187279,0.5865370043379357,Medium
-6,155,35,-5.835603783836286,154.9750618363379,35745,18.45674271652408,9.614285714285716,0.9614285714285715,7.0,3.0,2.0,1.0,1.0,0.0,0.1896957477403211,0.5755621595844463,Medium
-6,156,10,-6.30076,155.72750000000002,35746,45.049159246976686,9.664285714285716,0.9664285714285716,16.0,6.0,3.0,4.0,2.0,1.0,0.3353243979368963,0.650876484682734,Medium
-6,159,3,-6.214357986521324,159.31757059748398,35749,42.52914421357944,9.678571428571429,0.9678571428571429,21.0,9.0,4.0,2.0,6.0,0.0,0.3771225840125486,0.6724898634348457,High
-6,176,4,-6.286791645522197,176.32200697350453,35766,47.863779055962894,9.864285714285716,0.9864285714285715,11.0,4.0,2.0,0.0,4.0,1.0,0.29489512747699553,0.6406618494527836,Medium
-5,-172,1,-4.511990635429223,-172.18222400598845,35418,57.822235264479296,9.492857142857144,0.9492857142857144,0.0,0.0,0.0,0.0,0.0,0.0,0.0,0.4746428571428572,Medium
-5,-81,2,-4.993959848907559,-81.06881272995616,35509,7.667581789551383,9.35,0.9349999999999999,0.0,0.0,0.0,0.0,0.0,0.0,0.0,0.46749999999999997,Medium
-5,-38,9,-4.530633333333333,-37.734966666666665,35552,59.83175285565359,9.835714285714287,0.9835714285714288,0.0,0.0,0.0,0.0,0.0,0.0,0.0,0.4917857142857144,Medium
-5,-37,53,-5.044580985063631,-36.81382966554553,35553,21.249139588004073,9.900000000000002,0.9900000000000002,1.0,1.0,0.0,0.0,0.0,0.0,0.020651720676962596,0.5053258603384814,Medium
-5,-36,40,-5.093519757646709,-36.27712078537395,35554,32.464772275125625,10.02142857142857,1.0,3.0,3.0,0.0,0.0,0.0,0.0,0.05684884360226022,0.5284244218011301,Medium
-5,-35,1,-5.2895,-35.372499999999995,35555,52.366419072722145,10.085714285714287,1.0,2.0,1.0,1.0,0.0,0.0,0.0,0.05684884360226022,0.5284244218011301,Medium
-5,12,81,-4.957672866988479,11.999180072412564,35242,4.699193187306251,10.671428571428567,1.0,0.0,0.0,0.0,0.0,0.0,0.0,0.0,0.5,Medium
-5,39,87,-4.86870929717885,39.20370136889961,35269,26.90038598962696,9.992857142857144,0.9992857142857143,3.0,3.0,0.0,0.0,0.0,0.0,0.05684884360226022,0.5280672789439873,Medium
-5,40,59,-5.137316949152543,39.74455084745763,35270,32.191954700252566,10.22857142857143,1.0,6.0,3.0,1.0,0.0,2.0,0.0,0.18047397026701575,0.5902369851335079,Medium
-5,53,12,-5.1844166666666665,53.34286666666667,35283,43.21409170979475,10.585714285714287,1.0,7.0,6.0,1.0,0.0,0.0,0.0,0.1273610651676805,0.5636805325838402,Medium
-5,55,5,-4.681659999999999,55.4563,948,8.282449000000177,10.70714285714286,1.0,6.0,5.0,0.0,1.0,0.0,0.0,0.1273610651676805,0.5636805325838402,Medium
-5,56,2,-4.6683,55.5134,948,1.8522371473441506,10.70714285714286,1.0,10.0,6.0,2.0,0.0,2.0,0.0,0.22309697296612824,0.6115484864830641,Medium
-5,72,4,-5.268714492174491,71.92917032404729,35302,30.846083426251585,10.5,1.0,18.0,13.0,4.0,1.0,0.0,0.0,0.2651665167044669,0.6325832583522335,Medium
-5,102,21,-5.400052380952381,102.28263333333334,35332,54.3700059745019,10.028571428571428,1.0,5.0,2.0,1.0,1.0,1.0,0.0,0.16076229039348766,0.5803811451967438,Medium
-5,104,16,-5.33465,104.039475,35334,37.40368930731459,9.778571428571428,0.9778571428571429,0.0,0.0,0.0,0.0,0.0,0.0,0.0,0.48892857142857143,Medium
-5,105,2,-5.491999999999999,104.5673,35335,72.72772941657092,9.735714285714286,0.9735714285714285,1.0,1.0,0.0,0.0,0.0,0.0,0.020651720676962596,0.4971115746241956,Medium
-5,106,41,-4.913475609756097,105.85350487804878,35336,18.885432764908202,9.900000000000002,0.9900000000000002,1.0,0.0,0.0,0.0,1.0,0.0,0.07290648974244025,0.5314532448712203,Medium
-5,115,2,-5.0741,114.6156,35345,43.45393685927655,10.078571428571433,1.0,7.0,2.0,2.0,1.0,2.0,0.0,0.2152168658187279,0.607608432909364,Medium
-5,116,1,-4.7837,115.8385,35346,29.963409164179183,10.078571428571433,1.0,9.0,4.0,1.0,1.0,1.0,2.0,0.25869800455169795,0.629349002275849,Medium
-5,117,1,-5.0499,117.0337,35347,6.6837302234603095,10.142857142857142,1.0,1.0,1.0,0.0,0.0,0.0,0.0,0.020651720676962596,0.5103258603384813,Medium
-5,118,18,-5.224094699910336,117.79335409101382,35348,33.836063968832164,10.135714285714286,1.0,10.0,7.0,1.0,1.0,0.0,1.0,0.2152168658187279,0.607608432909364,Medium
-5,119,27,-5.096038401445767,119.39382616487748,35349,44.995739465167716,10.05714285714286,1.0,5.0,5.0,0.0,0.0,0.0,0.0,0.08785580065104737,0.5439279003255237,Medium
-5,120,43,-4.978620578162836,120.10606947547618,35350,12.010494067346983,9.942857142857145,0.9942857142857144,0.0,0.0,0.0,0.0,0.0,0.0,0.0,0.4971428571428572,Medium
-5,121,8,-4.6669044091280085,121.2347142029216,35351,45.23075389019237,9.95,0.9949999999999999,3.0,2.0,0.0,0.0,1.0,0.0,0.10183994708927374,0.5484199735446368,Medium
-5,122,87,-4.865029440623577,122.14242577603252,35352,21.780381865807307,9.921428571428573,0.9921428571428572,4.0,3.0,0.0,1.0,0.0,0.0,0.10183994708927374,0.5469914021160655,Medium
-5,123,152,-4.870800505539833,122.90823345099405,35353,17.590473986645556,10.014285714285716,1.0,5.0,2.0,1.0,0.0,1.0,1.0,0.18047397026701575,0.5902369851335079,Medium
-5,124,8,-5.39505,123.7088,35354,54.47623329069778,10.107142857142858,1.0,11.0,6.0,3.0,0.0,2.0,0.0,0.23804628387473534,0.6190231419373676,Medium
-5,128,1,-5.347468765424583,127.7778706912616,35358,45.77669778617691,10.235714285714286,1.0,5.0,4.0,0.0,1.0,0.0,0.0,0.11497603348077896,0.5574880167403895,Medium
-5,130,1,-4.5095651841621,129.89241503855055,35360,55.73270455872434,10.250000000000002,1.0,9.0,6.0,2.0,1.0,0.0,0.0,0.18047397026701575,0.5902369851335079,Medium
-5,132,2,-5.3575,132.01170000000002,35362,39.70374576711881,10.19285714285714,1.0,14.0,10.0,4.0,0.0,0.0,0.0,0.22309697296612824,0.6115484864830641,Medium
-5,133,3,-5.3473,133.13469999999998,35363,41.34826432850519,10.078571428571433,1.0,11.0,3.0,5.0,2.0,1.0,0.0,0.25869800455169795,0.629349002275849,Medium
-5,134,2,-5.4578,134.4763,35364,73.33081488794532,9.971428571428572,0.9971428571428571,9.0,3.0,4.0,1.0,1.0,0.0,0.22309697296612827,0.6101199150544927,Medium
-5,135,38,-5.419571674315175,134.59452056719536,35365,64.76676034080846,9.835714285714287,0.9835714285714288,10.0,6.0,0.0,1.0,3.0,0.0,0.2451511520365387,0.6143612903039837,Medium
-5,136,161,-4.622962212279973,136.25036721739667,35366,50.237922728145634,9.72857142857143,0.972857142857143,4.0,2.0,0.0,1.0,0.0,1.0,0.15019048322368797,0.5615238130404154,Medium
-5,137,655,-4.895124976171736,137.11295949526064,35367,17.10935225980242,9.585714285714287,0.9585714285714287,3.0,2.0,0.0,1.0,0.0,0.0,0.08785580065104737,0.523213614611238,Medium
-5,138,656,-5.1671936436192825,137.80429698460347,35368,28.571103459845236,9.414285714285716,0.9414285714285716,1.0,0.0,1.0,0.0,0.0,0.0,0.03950526451663314,0.4904669179726024,Medium
-5,146,9,-5.082969597378134,145.82902138208215,35376,21.095152654860854,9.464285714285714,0.9464285714285714,7.0,2.0,2.0,2.0,0.0,1.0,0.2152168658187279,0.5808227186236496,Medium
-5,149,6,-5.47795699318802,148.806438319322,35379,57.23866640202891,9.65,0.9650000000000001,2.0,0.0,1.0,0.0,1.0,0.0,0.10183994708927374,0.5334199735446369,Medium
-5,150,33,-5.336813720560148,149.98811492350006,35380,37.40959167803704,9.60714285714286,0.960714285714286,4.0,3.0,0.0,0.0,0.0,1.0,0.1273610651676805,0.5440376754409832,Medium
-5,151,32,-5.296135243900215,150.97947504245903,35381,32.949870260733235,9.535714285714286,0.9535714285714286,1.0,0.0,0.0,1.0,0.0,0.0,0.05684884360226022,0.5052101360868444,Medium
-5,152,30,-4.843744614459806,152.02783169964195,35382,17.617329258919952,9.471428571428572,0.9471428571428572,4.0,2.0,2.0,0.0,0.0,0.0,0.10183994708927374,0.5244914021160655,Medium
-5,153,10,-4.692880000000001,152.78818,35383,41.41213592876775,9.521428571428572,0.9521428571428572,7.0,3.0,2.0,2.0,0.0,0.0,0.1804739702670158,0.5663084137049365,Medium
-5,154,6,-4.5465083946710525,154.2203715169307,35384,55.9662662188978,9.578571428571433,0.9578571428571433,10.0,6.0,4.0,0.0,0.0,0.0,0.18969574774032114,0.5737764452987322,Medium
-5,155,15,-5.34461956911312,154.63901583074014,35385,55.39692045953695,9.65,0.9650000000000001,11.0,7.0,2.0,1.0,0.0,1.0,0.2307005273442245,0.5978502636721122,Medium
-4,-80,13,-3.51077089345685,-80.43422578457645,35150,72.60937125143597,9.035714285714286,0.9035714285714287,0.0,0.0,0.0,0.0,0.0,0.0,0.0,0.45178571428571435,Medium
-4,-39,8,-3.7203904708307136,-38.619511200659154,35191,52.41189335256723,9.935714285714289,0.9935714285714289,2.0,1.0,1.0,0.0,0.0,0.0,0.05684884360226022,0.5252101360868445,Medium
-4,-38,46,-4.130459872320809,-38.12281843785255,35192,19.8885694489321,10.028571428571428,1.0,2.0,0.0,1.0,1.0,0.0,0.0,0.08785580065104737,0.5439279003255237,Medium
-4,-34,2,-3.8675617084839815,-33.80122360591467,35196,26.512961899956725,10.421428571428573,1.0,3.0,1.0,1.0,1.0,0.0,0.0,0.10183994708927374,0.5509199735446368,Medium
-4,-32,1,-3.84620426260404,-32.395562307206546,35198,47.109355642208875,10.571428571428571,1.0,3.0,1.0,2.0,0.0,0.0,0.0,0.08785580065104737,0.5439279003255237,Medium
-4,11,73,-3.8796408649016754,11.157141762819553,34881,21.97123104758657,10.7,1.0,0.0,0.0,0.0,0.0,0.0,0.0,0.0,0.5,Medium
-4,12,23,-4.383712042802623,11.62833682815486,34882,59.29607585708693,10.528571428571428,1.0,0.0,0.0,0.0,0.0,0.0,0.0,0.0,0.5,Medium
-4,40,38,-3.883760623038217,39.73771716620164,1005,22.850747710005315,10.178571428571429,1.0,4.0,1.0,1.0,2.0,0.0,0.0,0.13907630013781325,0.5695381500689066,Medium
-4,56,2,-4.3315,55.726200000000006,948,43.42876808625845,10.70714285714286,1.0,7.0,2.0,2.0,1.0,2.0,0.0,0.2152168658187279,0.607608432909364,Medium
-4,102,14,-3.9058806368141377,102.3059102821494,34972,35.52685970150592,9.907142857142858,0.9907142857142859,0.0,0.0,0.0,0.0,0.0,0.0,0.0,0.49535714285714294,Medium
-4,103,3,-4.335188513344832,102.77053490132464,34973,45.08917431211432,9.728571428571428,0.9728571428571428,0.0,0.0,0.0,0.0,0.0,0.0,0.0,0.4864285714285714,Medium
-4,106,80,-4.014548766118095,105.80927429512032,34976,21.232057570598208,9.85714285714286,0.985714285714286,1.0,1.0,0.0,0.0,0.0,0.0,0.020651720676962596,0.5031830031956243,Medium
-4,112,1,-3.51137776771691,111.77832301555136,34982,59.55771912169652,10.014285714285716,1.0,5.0,0.0,2.0,0.0,1.0,2.0,0.22309697296612824,0.6115484864830641,Medium
-4,115,40,-3.868158534671127,114.78724485161368,34985,27.782598235423006,9.92857142857143,0.9928571428571431,5.0,4.0,0.0,1.0,0.0,0.0,0.11497603348077896,0.553916588168961,Medium
-4,116,69,-3.782958788338452,116.0937742206851,34986,26.244046224529495,9.992857142857144,0.9992857142857143,3.0,0.0,0.0,3.0,0.0,0.0,0.13907630013781325,0.5691810072117638,Medium
-4,119,6,-3.5982333333333334,119.2927,34989,55.17601599698888,10.014285714285716,1.0,2.0,0.0,0.0,0.0,2.0,0.0,0.1273610651676805,0.5636805325838402,Medium
-4,120,45,-3.983934395438167,119.9955130979316,34990,1.8515250519712838,9.842857142857143,0.9842857142857143,0.0,0.0,0.0,0.0,0.0,0.0,0.0,0.49214285714285716,Medium
-4,121,4,-3.93045,121.28505,34991,32.568751531260574,9.80714285714286,0.9807142857142861,0.0,0.0,0.0,0.0,0.0,0.0,0.0,0.49035714285714305,Medium
-4,122,38,-3.944329348589509,122.15832065170976,34992,18.62838304698085,9.8,0.9800000000000001,0.0,0.0,0.0,0.0,0.0,0.0,0.0,0.49000000000000005,Medium
-4,123,68,-4.189998063984175,122.77970356573204,34993,32.29123038312875,9.921428571428573,0.9921428571428572,3.0,3.0,0.0,0.0,0.0,0.0,0.05684884360226022,0.5244958503725587,Medium
-4,126,3,-3.7253666666666674,126.39943333333332,34996,53.805863833785494,10.185714285714283,1.0,4.0,2.0,0.0,2.0,0.0,0.0,0.1273610651676805,0.5636805325838402,Medium
-4,127,4,-3.82095,126.7182,34997,37.05973051362528,10.185714285714283,1.0,1.0,0.0,0.0,0.0,1.0,0.0,0.07290648974244025,0.5364532448712201,Medium
-4,128,13,-3.6876409139660313,128.12170603108768,34998,37.210762398151545,10.192857142857145,1.0,4.0,4.0,0.0,0.0,0.0,0.0,0.07290648974244025,0.5364532448712201,Medium
-4,129,10,-3.562465149438367,128.64641236708715,34999,62.44289778102866,10.185714285714283,1.0,3.0,3.0,0.0,0.0,0.0,0.0,0.05684884360226022,0.5284244218011301,Medium
-4,130,2,-3.5624,130.2305,35000,54.900022105733605,10.185714285714283,1.0,2.0,1.0,1.0,0.0,0.0,0.0,0.05684884360226022,0.5284244218011301,Medium
-4,131,33,-3.850780518353337,130.91846132348078,35001,18.87489951488935,10.157142857142858,1.0,4.0,3.0,1.0,0.0,0.0,0.0,0.08785580065104737,0.5439279003255237,Medium
-4,133,64,-3.7596433859893454,133.33684064020576,35003,45.932132461352936,9.950000000000005,0.9950000000000004,9.0,7.0,2.0,0.0,0.0,0.0,0.16076229039348766,0.577881145196744,Medium
-4,134,19,-3.815352631578948,134.1048052631579,35004,23.56726159380881,9.842857142857143,0.9842857142857143,1.0,1.0,0.0,0.0,0.0,0.0,0.020651720676962596,0.5024687174813385,Medium
-4,135,166,-4.194274274199913,134.93140056392664,35005,22.86933413373953,9.742857142857144,0.9742857142857144,1.0,0.0,1.0,0.0,0.0,0.0,0.03950526451663314,0.5068954894011738,Medium
-4,136,22,-4.476990120138897,135.7955731997029,35006,57.60353436911801,9.621428571428572,0.9621428571428572,0.0,0.0,0.0,0.0,0.0,0.0,0.0,0.4810714285714286,Medium
-4,144,59,-3.8237677966101695,144.2180491525424,35014,31.120255520079883,9.457142857142856,0.9457142857142855,1.0,1.0,0.0,0.0,0.0,0.0,0.020651720676962596,0.4831830031956241,Medium
-4,145,34,-4.078635294117647,144.7650470588235,35015,27.50166833250237,9.607142857142858,0.9607142857142857,3.0,1.0,1.0,0.0,1.0,0.0,0.11497603348077896,0.5378451595975323,Medium
-4,151,1,-4.219870082984093,151.48841461560858,35021,59.45412108601282,9.564285714285717,0.9564285714285716,4.0,3.0,0.0,0.0,1.0,0.0,0.11497603348077896,0.5357023024546753,Medium
-4,152,43,-4.116692711707289,152.12897208908052,661,10.843939887791542,9.464285714285714,0.9464285714285714,3.0,3.0,0.0,0.0,0.0,0.0,0.05684884360226022,0.5016387075154158,Medium
-4,153,13,-4.053115384615385,152.65125384615385,35023,39.15722630163536,9.485714285714286,0.9485714285714286,2.0,1.0,1.0,0.0,0.0,0.0,0.05684884360226022,0.5027101360868445,Medium
-4,154,22,-4.19979124938354,153.87854728008813,35024,25.952955196635827,9.578571428571433,0.9578571428571433,4.0,4.0,0.0,0.0,0.0,0.0,0.07290648974244025,0.5153818162997917,Medium
-3,-172,5,-2.78914,-171.71545999999998,357,1.3065562885701252,9.514285714285716,0.9514285714285716,1.0,1.0,0.0,0.0,0.0,0.0,0.020651720676962596,0.48604014605276713,Medium
-3,-80,453,-2.8472650538442403,-79.96364926443273,34790,17.427120103524835,8.92857142857143,0.892857142857143,0.0,0.0,0.0,0.0,0.0,0.0,0.0,0.4464285714285715,Medium
-3,-45,249,-2.9356812191245973,-44.63454084651898,34825,41.189421142259434,9.785714285714286,0.9785714285714286,0.0,0.0,0.0,0.0,0.0,0.0,0.0,0.4892857142857143,Medium
-3,-44,376,-2.716086281951907,-44.11963318347692,34826,34.19792691140167,9.9,0.99,0.0,0.0,0.0,0.0,0.0,0.0,0.0,0.495,Medium
-3,-43,77,-2.608313253971665,-43.0730811896906,34827,44.227527225856505,9.92857142857143,0.9928571428571431,0.0,0.0,0.0,0.0,0.0,0.0,0.0,0.49642857142857155,Medium
-3,-42,193,-2.7934366374019843,-42.07525049008029,34828,24.402601874565505,9.97857142857143,0.997857142857143,1.0,0.0,1.0,0.0,0.0,0.0,0.03950526451663314,0.5186812036868881,Medium
-3,-41,66,-2.9603857044912107,-41.24238152200283,34829,27.261314050809663,10.05,1.0,0.0,0.0,0.0,0.0,0.0,0.0,0.0,0.5,Medium
-3,-40,44,-2.9118594449802657,-39.93740708425729,34830,11.99962394776557,10.071428571428571,1.0,3.0,1.0,2.0,0.0,0.0,0.0,0.08785580065104737,0.5439279003255237,Medium
-3,-39,19,-3.272138082374799,-39.28737578705731,34831,43.931884362056245,10.15,1.0,3.0,2.0,0.0,1.0,0.0,0.0,0.08785580065104737,0.5439279003255237,Medium
-3,10,68,-2.909390888947406,10.221945588981068,34520,26.60988705902103,10.7,1.0,0.0,0.0,0.0,0.0,0.0,0.0,0.0,0.5,Medium
-3,11,72,-3.396906931688475,10.6808203762807,34521,56.53494303934913,10.5,1.0,0.0,0.0,0.0,0.0,0.0,0.0,0.0,0.5,Medium
-3,40,59,-2.9019929904504256,40.19338570836601,34550,24.065098520840184,9.985714285714286,0.9985714285714286,0.0,0.0,0.0,0.0,0.0,0.0,0.0,0.4992857142857143,Medium
-3,41,1,-2.5269000000000004,40.5183,1006,51.07115910668129,9.8,0.9800000000000001,2.0,2.0,0.0,0.0,0.0,0.0,0.03950526451663314,0.5097526322583166,Medium
-3,100,92,-3.023167417312319,100.29212181974736,34610,32.52733492358693,10.014285714285714,1.0,0.0,0.0,0.0,0.0,0.0,0.0,0.0,0.5,Medium
-3,101,26,-2.861694076445789,101.19257228657692,34611,26.317211434364552,9.907142857142858,0.9907142857142859,0.0,0.0,0.0,0.0,0.0,0.0,0.0,0.49535714285714294,Medium
-3,102,15,-3.2579730812304826,101.6931545790151,34612,44.49760366375334,9.707142857142856,0.9707142857142855,0.0,0.0,0.0,0.0,0.0,0.0,0.0,0.48535714285714276,Medium
-3,104,12,-2.6254500000000003,104.38158333333335,34614,59.35060522492742,9.685714285714283,0.9685714285714283,0.0,0.0,0.0,0.0,0.0,0.0,0.0,0.48428571428571415,Medium
-3,105,51,-2.6103571991807546,104.78537154413176,34615,49.37777157877484,9.792857142857144,0.9792857142857144,1.0,0.0,0.0,1.0,0.0,0.0,0.05684884360226022,0.5180672789439873,Medium
-3,106,142,-2.866612297440294,105.90217098312056,34616,18.361290975442927,9.871428571428572,0.9871428571428572,2.0,1.0,0.0,0.0,0.0,1.0,0.10183994708927374,0.5444914021160655,Medium
-3,107,99,-2.8982381517456397,107.02783448500549,34617,11.710490696862212,9.957142857142856,0.9957142857142856,1.0,0.0,0.0,0.0,1.0,0.0,0.07290648974244025,0.5343103877283629,Medium
-3,108,100,-2.9287403232451124,107.8731956366109,34618,16.14555501525558,10.02142857142857,1.0,1.0,0.0,1.0,0.0,0.0,0.0,0.03950526451663314,0.5197526322583166,Medium
-3,110,34,-2.6998676370229777,110.22938760022058,34620,41.93069722126158,9.992857142857144,0.9992857142857143,2.0,0.0,2.0,0.0,0.0,0.0,0.07290648974244025,0.5360961020140773,Medium
-3,111,50,-2.94723915902631,110.8807977213844,34621,14.4696023566638,9.900000000000002,0.9900000000000002,0.0,0.0,0.0,0.0,0.0,0.0,0.0,0.4950000000000001,Medium
-3,112,96,-2.9222507002248097,111.85653753650314,34622,18.11254452761649,9.835714285714287,0.9835714285714288,0.0,0.0,0.0,0.0,0.0,0.0,0.0,0.4917857142857144,Medium
-3,113,110,-3.1226406877580737,113.0668025610347,34623,15.501626086341512,9.821428571428571,0.9821428571428571,0.0,0.0,0.0,0.0,0.0,0.0,0.0,0.49107142857142855,Medium
-3,114,134,-3.3057746652298845,113.94775024715132,34624,34.43294116736277,9.821428571428571,0.9821428571428571,0.0,0.0,0.0,0.0,0.0,0.0,0.0,0.49107142857142855,Medium
-3,115,11,-3.351354545454546,114.5411,34625,64.15370068110772,9.8,0.9800000000000001,0.0,0.0,0.0,0.0,0.0,0.0,0.0,0.49000000000000005,Medium
-3,116,234,-2.98369009628614,116.16816588489938,34626,18.754000328265306,9.821428571428571,0.9821428571428571,0.0,0.0,0.0,0.0,0.0,0.0,0.0,0.49107142857142855,Medium
-3,119,20,-3.0111200000000005,119.04182,34629,4.803321303306855,9.921428571428573,0.9921428571428572,0.0,0.0,0.0,0.0,0.0,0.0,0.0,0.4960714285714286,Medium
-3,120,21,-3.182719047619048,120.34924285714284,34630,43.75101626158985,9.8,0.9800000000000001,0.0,0.0,0.0,0.0,0.0,0.0,0.0,0.49000000000000005,Medium
-3,121,17,-2.976323529411765,120.94301764705882,34631,6.849306071168051,9.714285714285714,0.9714285714285713,0.0,0.0,0.0,0.0,0.0,0.0,0.0,0.48571428571428565,Medium
-3,122,75,-3.063945093976145,122.270604745349,34632,30.86436851664302,9.714285714285714,0.9714285714285713,3.0,3.0,0.0,0.0,0.0,0.0,0.05684884360226022,0.5141387075154158,Medium
-3,123,12,-3.310752016365304,122.71171160204813,34633,47.051041592967884,9.850000000000003,0.9850000000000003,6.0,4.0,1.0,0.0,1.0,0.0,0.15019048322368797,0.5675952416118442,Medium
-3,126,3,-3.3194271600667964,126.01474082282068,34636,35.49414882955114,10.157142857142857,1.0,1.0,1.0,0.0,0.0,0.0,0.0,0.020651720676962596,0.5103258603384813,Medium
-3,127,24,-3.3516558347138328,127.06334282876082,34637,39.66198531942767,10.164285714285713,1.0,1.0,1.0,0.0,0.0,0.0,0.0,0.020651720676962596,0.5103258603384813,Medium
-3,128,48,-3.146214898560243,127.93381954844862,34638,17.81494628069841,10.1,1.0,0.0,0.0,0.0,0.0,0.0,0.0,0.0,0.5,Medium
-3,129,21,-2.9656370654775634,129.1617482016418,34639,18.35474600132962,10.071428571428571,1.0,0.0,0.0,0.0,0.0,0.0,0.0,0.0,0.5,Medium
-3,130,58,-2.9399975871875053,129.98999752223756,34640,6.752175805554948,10.064285714285717,1.0,2.0,1.0,0.0,0.0,1.0,0.0,0.08785580065104737,0.5439279003255237,Medium
-3,131,26,-3.297904172679775,130.69013610558454,34641,47.712253371740125,10.05,1.0,1.0,0.0,0.0,0.0,0.0,1.0,0.08785580065104737,0.5439279003255237,Medium
-3,132,16,-2.757945117318496,132.25492972953023,34642,39.02083921580951,9.97857142857143,0.997857142857143,0.0,0.0,0.0,0.0,0.0,0.0,0.0,0.4989285714285715,Medium
-3,133,146,-2.722531741236679,133.33050773570602,34643,47.90058328605699,9.835714285714287,0.9835714285714288,1.0,1.0,0.0,0.0,0.0,0.0,0.020651720676962596,0.5021115746241956,Medium
-3,134,336,-2.6948370113056064,133.73203562107665,34644,45.078760191681475,9.764285714285714,0.9764285714285714,0.0,0.0,0.0,0.0,0.0,0.0,0.0,0.4882142857142857,Medium
-3,135,20,-3.0360847974403016,134.82183959015092,34645,20.177358903709596,9.72857142857143,0.972857142857143,0.0,0.0,0.0,0.0,0.0,0.0,0.0,0.4864285714285715,Medium
-3,136,117,-2.890003180924321,135.943241494521,34646,13.73928395689477,9.635714285714286,0.9635714285714286,0.0,0.0,0.0,0.0,0.0,0.0,0.0,0.4817857142857143,Medium
-3,141,9,-2.6004752262767976,140.7134450000273,34651,54.5747405660621,9.55714285714286,0.9557142857142861,0.0,0.0,0.0,0.0,0.0,0.0,0.0,0.47785714285714304,Medium
-3,142,11,-3.0771406108408828,142.20253783116107,34652,24.057120649829187,9.621428571428572,0.9621428571428572,2.0,2.0,0.0,0.0,0.0,0.0,0.03950526451663314,0.5008240608297452,Medium
-3,144,7,-3.398042857142858,143.58075714285715,34654,64.16939563332696,9.80714285714286,0.9807142857142861,1.0,1.0,0.0,0.0,0.0,0.0,0.020651720676962596,0.5006830031956243,Medium
-3,148,2,-3.282601253347452,148.02131578736663,34658,31.457844777186857,9.978571428571431,0.9978571428571431,2.0,2.0,0.0,0.0,0.0,0.0,0.03950526451663314,0.5186812036868881,Medium
-3,150,48,-2.6140324794663985,150.32439934843188,34660,55.964903756168134,9.792857142857144,0.9792857142857144,2.0,2.0,0.0,0.0,0.0,0.0,0.03950526451663314,0.5093954894011737,Medium
-3,151,127,-2.79623701260269,150.84813765783045,34661,28.208314055865053,9.7,0.97,3.0,2.0,1.0,0.0,0.0,0.0,0.07290648974244025,0.5214532448712201,Medium
-3,152,45,-3.075669075555109,151.87958314713248,34662,15.786224507779194,9.592857142857143,0.9592857142857143,1.0,1.0,0.0,0.0,0.0,0.0,0.020651720676962596,0.48996871748133847,Medium
-3,155,2,-3.24673601562898,154.6690959265542,34665,45.81707930956654,9.757142857142858,0.9757142857142858,2.0,1.0,1.0,0.0,0.0,0.0,0.05684884360226022,0.516281564658273,Medium
-2,-81,6,-2.1063925613665444,-80.75617386175136,343,20.94383701743759,9.064285714285717,0.9064285714285717,0.0,0.0,0.0,0.0,0.0,0.0,0.0,0.45321428571428585,Medium
-2,-80,204,-2.3985976827657294,-79.89097824599814,34430,45.86944632600609,8.885714285714286,0.8885714285714286,0.0,0.0,0.0,0.0,0.0,0.0,0.0,0.4442857142857143,Medium
-2,-49,6,-1.5353,-48.650666666666666,359,19.218243439242777,9.7,0.97,0.0,0.0,0.0,0.0,0.0,0.0,0.0,0.485,Medium
-2,-48,7,-1.5777285714285714,-48.47644285714285,359,14.416984477090114,9.7,0.97,0.0,0.0,0.0,0.0,0.0,0.0,0.0,0.485,Medium
-2,-46,9,-1.5221,-45.55292222222222,34464,72.64073983202849,9.8,0.9800000000000001,0.0,0.0,0.0,0.0,0.0,0.0,0.0,0.49000000000000005,Medium
-2,-45,649,-1.789901239115414,-44.92471208604592,34465,24.77309113721879,9.907142857142858,0.9907142857142859,0.0,0.0,0.0,0.0,0.0,0.0,0.0,0.49535714285714294,Medium
-2,-44,137,-2.376059762088736,-43.89974746748463,34466,43.20046915892088,9.985714285714286,0.9985714285714286,0.0,0.0,0.0,0.0,0.0,0.0,0.0,0.4992857142857143,Medium
-2,-43,53,-2.4150145537369783,-43.39094510384837,34467,63.287052174073345,10.107142857142858,1.0,0.0,0.0,0.0,0.0,0.0,0.0,0.0,0.5,Medium
-2,9,25,-1.820916,9.322308,34159,40.92778265262261,10.742857142857146,1.0,0.0,0.0,0.0,0.0,0.0,0.0,0.0,0.5,Medium
-2,10,6,-2.43200891629807,9.658766140923008,34160,61.10771797783784,10.5,1.0,0.0,0.0,0.0,0.0,0.0,0.0,0.0,0.5,Medium
-2,40,4,-2.4832929682549225,40.44616502963153,1006,55.66183189862149,9.8,0.9800000000000001,0.0,0.0,0.0,0.0,0.0,0.0,0.0,0.49000000000000005,Medium
-2,41,156,-2.0643723703013888,41.06224169448511,34191,9.939199701522439,9.87142857142857,0.987142857142857,0.0,0.0,0.0,0.0,0.0,0.0,0.0,0.4935714285714285,Medium
-2,99,97,-1.6581006687621809,99.1640659001554,34249,42.09414647480874,10.042857142857144,1.0,3.0,3.0,0.0,0.0,0.0,0.0,0.05684884360226022,0.5284244218011301,Medium
-2,100,47,-2.159926178827735,99.63738987608792,34250,43.990531631527936,9.921428571428574,0.9921428571428574,0.0,0.0,0.0,0.0,0.0,0.0,0.0,0.4960714285714287,Medium
-2,101,69,-1.9950234076014013,100.83487808976614,34251,18.336854536519485,9.72857142857143,0.972857142857143,0.0,0.0,0.0,0.0,0.0,0.0,0.0,0.4864285714285715,Medium
-2,104,195,-1.92731898284314,104.43029101672676,34254,48.43886486534923,9.814285714285717,0.9814285714285716,0.0,0.0,0.0,0.0,0.0,0.0,0.0,0.4907142857142858,Medium
-2,105,566,-2.170385015032858,104.84796055312174,34255,25.34765794044557,9.864285714285716,0.9864285714285715,0.0,0.0,0.0,0.0,0.0,0.0,0.0,0.49321428571428577,Medium
-2,106,227,-2.08292068836582,105.72819414276404,34256,31.54319726937044,9.928571428571429,0.9928571428571429,0.0,0.0,0.0,0.0,0.0,0.0,0.0,0.49642857142857144,Medium
-2,109,13,-1.607034101230572,108.84870437313292,34259,46.74043329708275,10.042857142857144,1.0,0.0,0.0,0.0,0.0,0.0,0.0,0.0,0.5,Medium
-2,110,40,-1.9056171306076373,110.04593309372191,34260,11.651286264662327,9.885714285714286,0.9885714285714287,1.0,1.0,0.0,0.0,0.0,0.0,0.020651720676962596,0.5046115746241956,Medium
-2,116,159,-1.998564348865839,116.30924918756249,34266,34.32702971567241,9.764285714285716,0.9764285714285716,0.0,0.0,0.0,0.0,0.0,0.0,0.0,0.4882142857142858,Medium
-2,117,22,-1.9428559405427837,116.53636128750678,34267,51.85331458165306,9.885714285714286,0.9885714285714287,2.0,2.0,0.0,0.0,0.0,0.0,0.03950526451663314,0.5140383465440309,Medium
-2,119,23,-2.085891304347826,119.20201304347826,34269,24.36610196252729,9.900000000000002,0.9900000000000002,0.0,0.0,0.0,0.0,0.0,0.0,0.0,0.4950000000000001,Medium
-2,121,22,-1.8545708569888104,121.37042561881138,34271,44.172529802884085,9.685714285714289,0.9685714285714289,0.0,0.0,0.0,0.0,0.0,0.0,0.0,0.48428571428571443,Medium
-2,122,122,-1.8198377951134035,121.82660894577994,34272,27.755078396511376,9.721428571428572,0.9721428571428572,0.0,0.0,0.0,0.0,0.0,0.0,0.0,0.4860714285714286,Medium
-2,123,33,-1.7343614615940606,123.2195330236376,34273,38.25211737048956,9.842857142857143,0.9842857142857143,0.0,0.0,0.0,0.0,0.0,0.0,0.0,0.49214285714285716,Medium
-2,124,58,-1.9019206896551728,124.04803103448276,34274,12.12216124587482,9.971428571428572,0.9971428571428571,0.0,0.0,0.0,0.0,0.0,0.0,0.0,0.49857142857142855,Medium
-2,125,35,-1.742042857142857,125.07949428571428,34275,29.962029348157486,10.078571428571433,1.0,0.0,0.0,0.0,0.0,0.0,0.0,0.0,0.5,Medium
-2,126,15,-1.96414,125.91376666666666,34276,10.366548674540304,10.142857142857142,1.0,0.0,0.0,0.0,0.0,0.0,0.0,0.0,0.5,Medium
-2,127,4,-1.5583,127.41005,34277,66.89901879319667,10.114285714285716,1.0,0.0,0.0,0.0,0.0,0.0,0.0,0.0,0.5,Medium
-2,128,25,-1.615268820881603,128.01037977300686,34278,42.72070021267755,10.078571428571433,1.0,1.0,1.0,0.0,0.0,0.0,0.0,0.020651720676962596,0.5103258603384813,Medium
-2,130,114,-1.9297645110134205,130.17069171957093,34280,20.488052446732148,10.042857142857144,1.0,1.0,1.0,0.0,0.0,0.0,0.0,0.020651720676962596,0.5103258603384813,Medium
-2,131,10,-1.99898,130.74144,34281,28.700383321376165,10.007142857142858,1.0,0.0,0.0,0.0,0.0,0.0,0.0,0.0,0.5,Medium
-2,132,281,-1.7531285444051072,132.00341123842605,34282,27.405347497469652,9.907142857142858,0.9907142857142859,2.0,0.0,0.0,0.0,0.0,2.0,0.15019048322368797,0.5704523844689869,Medium
-2,133,151,-2.2448438074053345,133.27560522629122,34283,40.92073838516221,9.80714285714286,0.9807142857142861,0.0,0.0,0.0,0.0,0.0,0.0,0.0,0.49035714285714305,Medium
-2,134,612,-2.2599184863998163,133.83123827412925,34284,34.39892322640122,9.785714285714288,0.9785714285714289,0.0,0.0,0.0,0.0,0.0,0.0,0.0,0.48928571428571443,Medium
-2,135,7,-2.0104428571428574,134.8582714285714,34285,15.774518183671804,9.821428571428571,0.9821428571428571,0.0,0.0,0.0,0.0,0.0,0.0,0.0,0.49107142857142855,Medium
-2,136,73,-2.1572570005689227,136.20694903762617,34286,28.85096241696547,9.792857142857144,0.9792857142857144,0.0,0.0,0.0,0.0,0.0,0.0,0.0,0.4896428571428572,Medium
-2,137,413,-2.027656988019186,137.09506530665308,34287,10.989740824536378,9.757142857142858,0.9757142857142858,0.0,0.0,0.0,0.0,0.0,0.0,0.0,0.4878571428571429,Medium
-2,138,152,-1.5837102760234802,137.83349624965578,34288,49.76721030208843,9.735714285714284,0.9735714285714284,0.0,0.0,0.0,0.0,0.0,0.0,0.0,0.4867857142857142,Medium
-2,139,2,-1.9247,138.9094,34289,13.076558509408677,9.757142857142858,0.9757142857142858,0.0,0.0,0.0,0.0,0.0,0.0,0.0,0.4878571428571429,Medium
-2,140,24,-2.353080886366907,139.78467717675767,34290,45.90491265779007,9.8,0.9800000000000001,2.0,0.0,2.0,0.0,0.0,0.0,0.07290648974244025,0.5264532448712201,Medium
-2,146,2,-2.1361,146.4462,34296,51.78095273022745,10.135714285714284,1.0,1.0,0.0,0.0,1.0,0.0,0.0,0.05684884360226022,0.5284244218011301,Medium
-2,147,110,-2.104346365988335,146.99834748163747,34297,11.583899007227377,10.15,1.0,0.0,0.0,0.0,0.0,0.0,0.0,0.0,0.5,Medium
-2,148,9,-2.231077777777778,147.7659,34298,36.512040646128185,10.107142857142858,1.0,2.0,0.0,0.0,0.0,2.0,0.0,0.1273610651676805,0.5636805325838402,Medium
-2,150,49,-2.2622054382710406,150.1348798628738,34300,32.72980815171509,9.914285714285716,0.9914285714285717,0.0,0.0,0.0,0.0,0.0,0.0,0.0,0.49571428571428583,Medium
-2,175,1,-1.554826551636171,174.94512740959064,34325,49.78822071710195,10.1,1.0,0.0,0.0,0.0,0.0,0.0,0.0,0.0,0.5,Medium
-2,176,10,-1.872110473224872,175.55139459792707,34326,51.77915476884571,10.085714285714287,1.0,0.0,0.0,0.0,0.0,0.0,0.0,0.0,0.5,Medium
-1,-91,27,-0.8253157833118009,-91.04137157928686,34059,19.926334393899126,9.964285714285714,0.9964285714285713,0.0,0.0,0.0,0.0,0.0,0.0,0.0,0.49821428571428567,Medium
-1,-90,28,-0.710513433646921,-90.15974980981194,865,33.877355424493,9.921428571428573,0.9921428571428572,0.0,0.0,0.0,0.0,0.0,0.0,0.0,0.4960714285714286,Medium
-1,-89,3,-0.8043474482388818,-89.42794329017012,34061,52.23082331845546,10.007142857142856,1.0,0.0,0.0,0.0,0.0,0.0,0.0,0.0,0.5,Medium
-1,-81,3,-0.8113206403303114,-80.52155476463768,34069,57.08786697627781,9.178571428571429,0.9178571428571429,0.0,0.0,0.0,0.0,0.0,0.0,0.0,0.45892857142857146,Medium
-1,-80,15,-0.6517133333333334,-80.34788666666667,34070,54.64185524127825,8.921428571428574,0.8921428571428575,0.0,0.0,0.0,0.0,0.0,0.0,0.0,0.44607142857142873,Medium
-1,-49,123,-0.995632075548479,-48.62449694906024,34101,41.683658433231926,9.707142857142856,0.9707142857142855,0.0,0.0,0.0,0.0,0.0,0.0,0.0,0.48535714285714276,Medium
-1,-48,453,-0.7605647027965204,-47.89745683888418,34102,28.91211471484387,9.75,0.975,0.0,0.0,0.0,0.0,0.0,0.0,0.0,0.4875,Medium
-1,-47,641,-0.8289387415789842,-46.99213275840995,34103,19.00787012162955,9.835714285714287,0.9835714285714288,0.0,0.0,0.0,0.0,0.0,0.0,0.0,0.4917857142857144,Medium
-1,-46,803,-1.180776452255086,-45.98963745232155,34104,20.09912652596998,9.971428571428572,0.9971428571428571,0.0,0.0,0.0,0.0,0.0,0.0,0.0,0.49857142857142855,Medium
-1,-45,199,-1.4054763784367623,-45.16376550911905,34105,48.54016616107876,10.071428571428571,1.0,0.0,0.0,0.0,0.0,0.0,0.0,0.0,0.5,Medium
-1,9,263,-0.8986476655603136,8.996394454347426,33799,11.257225580730024,10.64285714285714,1.0,0.0,0.0,0.0,0.0,0.0,0.0,0.0,0.5,Medium
-1,42,47,-0.9517809256056016,41.947167786539566,33832,7.9396600877844286,10.05714285714286,1.0,0.0,0.0,0.0,0.0,0.0,0.0,0.0,0.5,Medium
-1,73,2,-0.650722808998166,73.18493909091305,884,5.059815392997169,10.314285714285717,1.0,0.0,0.0,0.0,0.0,0.0,0.0,0.0,0.5,Medium
-1,98,8,-0.5478034207929138,98.4007418135434,33888,67.06786326795502,10.085714285714284,1.0,0.0,0.0,0.0,0.0,0.0,0.0,0.0,0.5,Medium
-1,99,97,-1.221136165207243,98.95891000152926,33889,24.966264384685708,9.942857142857145,0.9942857142857144,0.0,0.0,0.0,0.0,0.0,0.0,0.0,0.4971428571428572,Medium
-1,100,41,-1.1209534898401374,100.37451773980943,33890,43.685697360183134,9.821428571428571,0.9821428571428571,0.0,0.0,0.0,0.0,0.0,0.0,0.0,0.49107142857142855,Medium
-1,101,18,-1.3979335339583585,100.5760913997858,33891,64.53765650083342,9.642857142857144,0.9642857142857144,0.0,0.0,0.0,0.0,0.0,0.0,0.0,0.4821428571428572,Medium
-1,103,130,-0.6568223032137536,103.36483098748214,33893,55.59677212289423,9.750000000000002,0.9750000000000002,0.0,0.0,0.0,0.0,0.0,0.0,0.0,0.4875000000000001,Medium
-1,104,108,-1.003290671581919,104.01357060029252,33894,1.549989754349699,9.864285714285716,0.9864285714285715,0.0,0.0,0.0,0.0,0.0,0.0,0.0,0.49321428571428577,Medium
-1,105,5,-0.97714,104.96582,33895,4.564316760699822,9.935714285714283,0.9935714285714283,0.0,0.0,0.0,0.0,0.0,0.0,0.0,0.49678571428571416,Medium
-1,109,217,-0.665450205580314,109.37069066534968,33899,55.42615077742312,10.014285714285714,1.0,0.0,0.0,0.0,0.0,0.0,0.0,0.0,0.5,Medium
-1,110,221,-0.8872902718557636,109.68779977595072,33900,36.84338357301948,9.8,0.9800000000000001,0.0,0.0,0.0,0.0,0.0,0.0,0.0,0.49000000000000005,Medium
-1,117,171,-0.913123053586812,117.0695246616585,33907,12.351104420702251,9.785714285714288,0.9785714285714289,0.0,0.0,0.0,0.0,0.0,0.0,0.0,0.48928571428571443,Medium
-1,118,26,-0.6897935378359974,117.55635056994036,33908,60.089136801088266,9.928571428571429,0.9928571428571429,0.0,0.0,0.0,0.0,0.0,0.0,0.0,0.49642857142857144,Medium
-1,119,9,-1.2259444444444445,119.37161111111112,33909,48.27488261393275,9.914285714285716,0.9914285714285717,0.0,0.0,0.0,0.0,0.0,0.0,0.0,0.49571428571428583,Medium
-1,120,11,-0.7708004203065016,119.84823764736431,33910,30.512738901191515,9.814285714285717,0.9814285714285716,0.0,0.0,0.0,0.0,0.0,0.0,0.0,0.4907142857142858,Medium
-1,121,11,-1.2454636363636362,120.81006363636362,33911,34.450834335337795,9.785714285714288,0.9785714285714289,0.0,0.0,0.0,0.0,0.0,0.0,0.0,0.48928571428571443,Medium
-1,122,32,-0.9868798843041332,122.09419715371942,33912,10.556818501957393,9.771428571428572,0.9771428571428572,0.0,0.0,0.0,0.0,0.0,0.0,0.0,0.4885714285714286,Medium
-1,123,57,-0.956579922754204,123.05855797792424,33913,8.091846621314438,9.835714285714287,0.9835714285714288,0.0,0.0,0.0,0.0,0.0,0.0,0.0,0.4917857142857144,Medium
-1,124,7,-1.4647007579126792,123.52978341475328,33914,73.38186673724302,9.985714285714286,0.9985714285714286,0.0,0.0,0.0,0.0,0.0,0.0,0.0,0.4992857142857143,Medium
-1,127,80,-0.8105711068623316,127.30795563629816,33917,40.13229207523665,10.085714285714287,1.0,0.0,0.0,0.0,0.0,0.0,0.0,0.0,0.5,Medium
-1,128,80,-0.962133049212638,128.06616755550195,33918,8.462286029434704,10.05,1.0,0.0,0.0,0.0,0.0,0.0,0.0,0.0,0.5,Medium
-1,129,10,-1.01084,129.15130000000002,33919,16.837348335996264,10.035714285714286,1.0,0.0,0.0,0.0,0.0,0.0,0.0,0.0,0.5,Medium
-1,130,26,-1.1835929724794372,129.89903322267784,33920,23.257260177477587,10.028571428571428,1.0,0.0,0.0,0.0,0.0,0.0,0.0,0.0,0.5,Medium
-1,131,215,-1.1003406630453128,131.0572292182221,33921,12.822028959625449,9.957142857142856,0.9957142857142856,0.0,0.0,0.0,0.0,0.0,0.0,0.0,0.4978571428571428,Medium
-1,132,78,-1.359176735602725,131.70680744625736,33922,51.46496786874726,9.87857142857143,0.987857142857143,0.0,0.0,0.0,0.0,0.0,0.0,0.0,0.4939285714285715,Medium
-1,134,5,-1.18546,134.16258,33924,27.376225039766986,9.907142857142858,0.9907142857142859,0.0,0.0,0.0,0.0,0.0,0.0,0.0,0.49535714285714294,Medium
-1,135,33,-0.9967083230781932,135.06348044849827,33925,7.055796421211708,9.964285714285714,0.9964285714285713,0.0,0.0,0.0,0.0,0.0,0.0,0.0,0.49821428571428567,Medium
-1,136,27,-0.9810370069468048,135.89189109729247,33926,12.183295453855537,9.992857142857144,0.9992857142857143,0.0,0.0,0.0,0.0,0.0,0.0,0.0,0.49964285714285717,Medium
-1,137,4,-1.2946,136.64245,33927,51.42441592436933,9.985714285714286,0.9985714285714286,0.0,0.0,0.0,0.0,0.0,0.0,0.0,0.4992857142857143,Medium
-1,138,14,-1.479143708696672,137.82950724309438,33928,56.45160053498369,9.971428571428572,0.9971428571428571,0.0,0.0,0.0,0.0,0.0,0.0,0.0,0.49857142857142855,Medium
-1,144,3,-1.1181405201042691,144.3901307739773,33934,45.24651968707756,10.17857142857143,1.0,0.0,0.0,0.0,0.0,0.0,0.0,0.0,0.5,Medium
-1,150,8,-1.405475,149.6297,33940,60.952248363497624,10.021428571428572,1.0,0.0,0.0,0.0,0.0,0.0,0.0,0.0,0.5,Medium
-1,175,10,-1.143747684846989,174.68580664230367,33965,38.35220478707109,10.164285714285713,1.0,0.0,0.0,0.0,0.0,0.0,0.0,0.0,0.5,Medium
-1,176,3,-1.3055060191917234,175.96213023455746,33966,34.17070537490423,10.135714285714286,1.0,0.0,0.0,0.0,0.0,0.0,0.0,0.0,0.5,Medium
0,-91,15,-0.2923030721737106,-91.1674513660462,33699,37.39251218731954,9.957142857142856,0.9957142857142856,0.0,0.0,0.0,0.0,0.0,0.0,0.0,0.4978571428571428,Medium
0,-90,4,-0.4980088945997877,-90.31640586657804,865,8.562552422366487,9.921428571428573,0.9921428571428572,0.0,0.0,0.0,0.0,0.0,0.0,0.0,0.4960714285714286,Medium
0,-80,24,0.317464831899787,-80.0350459065074,33710,35.45266585217583,9.05,0.905,0.0,0.0,0.0,0.0,0.0,0.0,0.0,0.4525,Medium
0,-51,52,-0.0389463777548555,-50.70010200667298,33739,33.568210811505864,9.742857142857144,0.9742857142857144,0.0,0.0,0.0,0.0,0.0,0.0,0.0,0.4871428571428572,Medium
0,-50,138,0.149299972459308,-49.9626126363377,33740,17.08401311485365,9.771428571428572,0.9771428571428572,0.0,0.0,0.0,0.0,0.0,0.0,0.0,0.4885714285714286,Medium
0,-49,77,-0.2295543484077255,-49.09191803491761,33741,27.447345081105166,9.871428571428572,0.9871428571428572,0.0,0.0,0.0,0.0,0.0,0.0,0.0,0.4935714285714286,Medium
0,-48,49,-0.3565116824580857,-48.4305469893473,33742,62.04803591731182,9.935714285714289,0.9935714285714289,0.0,0.0,0.0,0.0,0.0,0.0,0.0,0.49678571428571444,Medium
0,6,1,0.3232999999999999,6.4845,33436,64.65339239312966,10.992857142857144,1.0,0.0,0.0,0.0,0.0,0.0,0.0,0.0,0.5,Medium
0,7,4,0.2163499999999999,6.6594,33437,44.78897212576441,10.95,1.0,0.0,0.0,0.0,0.0,0.0,0.0,0.0,0.5,Medium
0,9,60,0.1917922678252241,9.41385842632019,33439,50.63146352029566,10.607142857142856,1.0,0.0,0.0,0.0,0.0,0.0,0.0,0.0,0.5,Medium
0,10,286,0.1699515745460815,9.721673026214695,33440,36.19850100787131,10.335714285714284,1.0,0.0,0.0,0.0,0.0,0.0,0.0,0.0,0.5,Medium
0,42,1,-0.4449,42.4711,33472,71.92519239890845,9.907142857142857,0.9907142857142857,0.0,0.0,0.0,0.0,0.0,0.0,0.0,0.49535714285714283,Medium
0,43,6,-0.2803666666666667,42.60320000000001,33473,53.929976594932064,10.114285714285714,1.0,0.0,0.0,0.0,0.0,0.0,0.0,0.0,0.5,Medium
0,98,44,-0.1550912959334104,98.41270329912057,33528,48.937950497463596,9.985714285714286,0.9985714285714286,0.0,0.0,0.0,0.0,0.0,0.0,0.0,0.4992857142857143,Medium
0,99,91,0.0528325587713174,98.97114679432354,33529,6.681966512521368,9.85,0.985,0.0,0.0,0.0,0.0,0.0,0.0,0.0,0.4925,Medium
0,100,71,-0.0652553280180657,99.71384736439768,33530,32.57837494925894,9.678571428571429,0.9678571428571429,0.0,0.0,0.0,0.0,0.0,0.0,0.0,0.48392857142857143,Medium
0,102,5,0.2898199999999999,102.28242,33532,44.91821637938013,9.685714285714289,0.9685714285714289,0.0,0.0,0.0,0.0,0.0,0.0,0.0,0.48428571428571443,Medium
0,103,381,-0.0395580927514543,103.2175652409636,33533,24.545680951601035,9.80714285714286,0.9807142857142861,0.0,0.0,0.0,0.0,0.0,0.0,0.0,0.49035714285714305,Medium
0,104,399,-0.0408196562936543,103.82085047182198,33534,20.3952638993828,9.9,0.99,0.0,0.0,0.0,0.0,0.0,0.0,0.0,0.495,Medium
0,105,101,-0.0761315031433829,104.68631237827356,33535,35.83012770012751,10.0,1.0,0.0,0.0,0.0,0.0,0.0,0.0,0.0,0.5,Medium
0,109,103,-0.1009028922213184,109.1085686324562,33539,16.4521853017128,9.885714285714286,0.9885714285714287,0.0,0.0,0.0,0.0,0.0,0.0,0.0,0.49428571428571433,Medium
0,117,32,-0.21966875,117.45371875,33547,55.954907751029765,9.714285714285715,0.9714285714285715,0.0,0.0,0.0,0.0,0.0,0.0,0.0,0.48571428571428577,Medium
0,118,34,0.1202030126921621,117.53587805853329,33548,53.217287498834644,9.871428571428572,0.9871428571428572,0.0,0.0,0.0,0.0,0.0,0.0,0.0,0.4935714285714286,Medium
0,120,34,0.0915764705882352,119.93022941176471,33550,12.779077147646,9.885714285714286,0.9885714285714287,0.0,0.0,0.0,0.0,0.0,0.0,0.0,0.49428571428571433,Medium
0,121,13,0.4414692307692307,121.09382307692309,33551,50.09751718475032,9.850000000000003,0.9850000000000003,0.0,0.0,0.0,0.0,0.0,0.0,0.0,0.49250000000000016,Medium
0,122,62,-0.0062129026858554,122.04705222339192,33552,5.268130498218091,9.87857142857143,0.987857142857143,0.0,0.0,0.0,0.0,0.0,0.0,0.0,0.4939285714285715,Medium
0,123,2,-0.0885,123.037,33553,10.647469241561845,9.92857142857143,0.9928571428571431,0.0,0.0,0.0,0.0,0.0,0.0,0.0,0.49642857142857155,Medium
0,124,15,0.3901133333333332,124.09366,33554,44.53308496661778,10.014285714285714,1.0,0.0,0.0,0.0,0.0,0.0,0.0,0.0,0.5,Medium
0,127,78,-0.1868125784820724,127.3163755420136,33557,40.78285969087562,10.092857142857143,1.0,0.0,0.0,0.0,0.0,0.0,0.0,0.0,0.5,Medium
0,128,44,0.1682502412793549,127.88194894954768,33558,22.814265641935652,10.042857142857144,1.0,0.0,0.0,0.0,0.0,0.0,0.0,0.0,0.5,Medium
0,129,29,0.0410901115376664,129.2010360520834,33559,22.776348417032885,10.071428571428571,1.0,0.0,0.0,0.0,0.0,0.0,0.0,0.0,0.5,Medium
0,130,50,-0.1917479002404442,130.19504628090817,33560,30.360135317276935,10.05714285714286,1.0,0.0,0.0,0.0,0.0,0.0,0.0,0.0,0.5,Medium
0,131,70,-0.2554831491113558,130.79255782156443,33561,36.52960872202086,10.035714285714286,1.0,0.0,0.0,0.0,0.0,0.0,0.0,0.0,0.5,Medium
0,174,4,0.3547693802306162,173.90682815470146,33604,40.714809972076424,10.235714285714286,1.0,0.0,0.0,0.0,0.0,0.0,0.0,0.0,0.5,Medium
1,-80,17,0.7476021372553671,-79.88356834981583,33350,30.853409984841885,9.2,0.9199999999999999,0.0,0.0,0.0,0.0,0.0,0.0,0.0,0.45999999999999996,Medium
1,-79,130,1.3085698853933956,-78.9097627822644,33351,35.6857887015202,8.92857142857143,0.892857142857143,0.0,0.0,0.0,0.0,0.0,0.0,0.0,0.4464285714285715,Medium
1,-51,1,0.6129,-50.5547,33379,65.4936215100374,9.80714285714286,0.9807142857142861,0.0,0.0,0.0,0.0,0.0,0.0,0.0,0.49035714285714305,Medium
1,-50,127,1.049100214199069,-50.07022145409501,33380,9.511011957035604,9.892857142857144,0.9892857142857144,0.0,0.0,0.0,0.0,0.0,0.0,0.0,0.4946428571428572,Medium
1,9,24,0.6394166666666666,9.447375,33079,63.78055855394429,10.585714285714284,1.0,0.0,0.0,0.0,0.0,0.0,0.0,0.0,0.5,Medium
1,10,179,0.8942649399562016,9.69171740794874,33080,36.176134548983704,10.328571428571427,1.0,0.0,0.0,0.0,0.0,0.0,0.0,0.0,0.5,Medium
1,97,33,1.2456004523352076,97.25559499849658,33167,39.34607676823849,10.028571428571428,1.0,0.0,0.0,0.0,0.0,0.0,0.0,0.0,0.5,Medium
1,98,42,0.9884464144649516,97.81078286246286,33168,21.042218934336024,9.892857142857144,0.9892857142857144,0.0,0.0,0.0,0.0,0.0,0.0,0.0,0.4946428571428572,Medium
1,99,51,0.9645116792861856,98.97840691698994,33169,4.611087687177601,9.735714285714286,0.9735714285714285,0.0,0.0,0.0,0.0,0.0,0.0,0.0,0.48678571428571427,Medium
1,102,164,1.202788981711891,102.34800062045278,33172,44.708039098295146,9.750000000000002,0.9750000000000002,0.0,0.0,0.0,0.0,0.0,0.0,0.0,0.4875000000000001,Medium
1,103,291,0.9498918723514184,102.99070660245056,33173,5.6568541493858095,9.835714285714287,0.9835714285714288,0.0,0.0,0.0,0.0,0.0,0.0,0.0,0.4917857142857144,Medium
1,104,522,0.9909406246581246,103.94070451586369,33174,6.658174466310774,9.942857142857145,0.9942857142857144,0.0,0.0,0.0,0.0,0.0,0.0,0.0,0.4971428571428572,Medium
1,105,84,0.8717774239883946,104.6346828546239,33175,42.97544523013971,10.028571428571428,1.0,0.0,0.0,0.0,0.0,0.0,0.0,0.0,0.5,Medium
1,107,4,0.70835,107.2758,33177,44.55587044781558,10.114285714285714,1.0,0.0,0.0,0.0,0.0,0.0,0.0,0.0,0.5,Medium
1,108,3,0.9445666666666668,107.55096666666668,33178,50.22106513107656,10.1,1.0,0.0,0.0,0.0,0.0,0.0,0.0,0.0,0.5,Medium
1,109,75,1.1844998868747758,109.07909535794512,33179,22.282067094344175,9.842857142857143,0.9842857142857143,0.0,0.0,0.0,0.0,0.0,0.0,0.0,0.49214285714285716,Medium
1,110,5,1.45466,110.44834,33180,70.87716987616831,9.77857142857143,0.977857142857143,0.0,0.0,0.0,0.0,0.0,0.0,0.0,0.4889285714285715,Medium
1,111,42,1.4005107481687042,110.91387082637378,33181,45.47304283348164,9.67857142857143,0.9678571428571431,0.0,0.0,0.0,0.0,0.0,0.0,0.0,0.48392857142857154,Medium
1,118,120,1.0762363719959576,118.1358323807427,33188,17.28980270921463,9.778571428571428,0.9778571428571429,0.0,0.0,0.0,0.0,0.0,0.0,0.0,0.48892857142857143,Medium
1,119,21,1.1602027426092771,118.69393059450827,33189,38.34618661510509,9.892857142857142,0.9892857142857142,0.0,0.0,0.0,0.0,0.0,0.0,0.0,0.4946428571428571,Medium
1,120,13,0.7461856097268404,120.13144440475216,33190,31.72724404641846,9.92857142857143,0.9928571428571431,0.0,0.0,0.0,0.0,0.0,0.0,0.0,0.49642857142857155,Medium
1,121,22,0.9978454545454546,120.83148181818184,33191,18.707046943514133,9.9,0.99,0.0,0.0,0.0,0.0,0.0,0.0,0.0,0.495,Medium
1,122,34,0.8733126679540599,121.94893126106896,33192,15.161842725813644,9.942857142857145,0.9942857142857144,0.0,0.0,0.0,0.0,0.0,0.0,0.0,0.4971428571428572,Medium
1,123,51,0.8858698617546772,123.02011578520084,33193,12.863713935774209,10.0,1.0,0.0,0.0,0.0,0.0,0.0,0.0,0.0,0.5,Medium
1,124,15,0.9053814071633692,123.94018418691338,33194,12.425362809614889,10.05714285714286,1.0,0.0,0.0,0.0,0.0,0.0,0.0,0.0,0.5,Medium
1,125,25,1.07762,124.725228,33195,31.69327320374554,10.121428571428572,1.0,0.0,0.0,0.0,0.0,0.0,0.0,0.0,0.5,Medium
1,127,19,0.9507138623454592,127.4452125063416,33197,49.72047957378728,10.150000000000002,1.0,0.0,0.0,0.0,0.0,0.0,0.0,0.0,0.5,Medium
1,128,95,0.9566150975366782,127.95861343742996,33198,6.655463478835202,10.1,1.0,0.0,0.0,0.0,0.0,0.0,0.0,0.0,0.5,Medium
1,129,13,0.8499897388483971,128.6445300537168,33199,42.82672323992316,10.142857142857142,1.0,0.0,0.0,0.0,0.0,0.0,0.0,0.0,0.5,Medium
1,173,1,1.37601689433218,173.0996734056597,925,18.845586278175308,10.30714285714286,1.0,0.0,0.0,0.0,0.0,0.0,0.0,0.0,0.5,Medium
2,-157,5,1.8749771357435268,-157.39094183009576,753,15.284647459637666,9.935714285714289,0.9935714285714289,0.0,0.0,0.0,0.0,0.0,0.0,0.0,0.49678571428571444,Medium
2,-79,215,1.949831026662734,-78.68695730342799,396,14.133289916960592,9.014285714285716,0.9014285714285716,0.0,0.0,0.0,0.0,0.0,0.0,0.0,0.4507142857142858,Medium
2,-78,98,2.4553613124497926,-78.3460766077607,32992,63.48607551728111,8.892857142857144,0.8892857142857145,0.0,0.0,0.0,0.0,0.0,0.0,0.0,0.44464285714285723,Medium
2,-51,64,2.111382142753796,-50.677852745460896,33019,37.83534532840323,9.87857142857143,0.987857142857143,0.0,0.0,0.0,0.0,0.0,0.0,0.0,0.4939285714285715,Medium
2,-50,329,1.73814274546498,-50.13539549656368,33020,32.721693415651984,10.028571428571428,1.0,0.0,0.0,0.0,0.0,0.0,0.0,0.0,0.5,Medium
2,10,39,1.9822900749124703,9.770575065424335,32720,25.541927795654505,10.314285714285717,1.0,0.0,0.0,0.0,0.0,0.0,0.0,0.0,0.5,Medium
2,73,3,1.7969885655223006,73.38200278297451,32783,48.01821623623231,10.335714285714287,1.0,0.0,0.0,0.0,0.0,0.0,0.0,0.0,0.5,Medium
2,96,2,2.4892,96.3872,32806,69.25194548949557,10.078571428571427,1.0,0.0,0.0,0.0,0.0,0.0,0.0,0.0,0.5,Medium
2,97,52,2.07252946612152,97.30247455565942,32807,34.526421135064005,9.935714285714289,0.9935714285714289,0.0,0.0,0.0,0.0,0.0,0.0,0.0,0.49678571428571444,Medium
2,98,26,2.244697259264039,97.9260543233069,32808,28.37449900880587,9.8,0.9800000000000001,0.0,0.0,0.0,0.0,0.0,0.0,0.0,0.49000000000000005,Medium
2,99,65,1.6736910988140632,98.7388271897249,32809,46.393317558030574,9.650000000000002,0.9650000000000002,0.0,0.0,0.0,0.0,0.0,0.0,0.0,0.4825000000000001,Medium
2,100,20,2.34925,100.35191,32810,55.033639992305005,9.607142857142858,0.9607142857142857,0.0,0.0,0.0,0.0,0.0,0.0,0.0,0.48035714285714287,Medium
2,101,136,2.099827847039197,101.00788301917436,32811,11.115385611930062,9.578571428571433,0.9578571428571433,0.0,0.0,0.0,0.0,0.0,0.0,0.0,0.47892857142857165,Medium
2,102,105,1.9459023341565969,101.90198814476256,32812,12.426489024341274,9.764285714285716,0.9764285714285716,0.0,0.0,0.0,0.0,0.0,0.0,0.0,0.4882142857142858,Medium
2,103,40,1.7828969318792462,102.95015347336422,32813,24.725463254895434,9.821428571428571,0.9821428571428571,1.0,1.0,0.0,0.0,0.0,0.0,0.020651720676962596,0.5013972889099099,Medium
2,104,38,1.69654220304153,104.02637818321269,880,27.526019653747387,8.964285714285714,0.8964285714285714,1.0,0.0,1.0,0.0,0.0,0.0,0.03950526451663314,0.46796691797260226,Medium
2,109,43,1.813369340997556,109.36234202314864,32819,45.241555415927,9.95,0.9949999999999999,0.0,0.0,0.0,0.0,0.0,0.0,0.0,0.49749999999999994,Medium
2,110,169,1.6586033379734395,110.16311942149513,32820,41.998449474375406,9.885714285714286,0.9885714285714287,1.0,0.0,0.0,1.0,0.0,0.0,0.05684884360226022,0.5227101360868445,Medium
2,111,321,2.062565116660556,111.2477370748527,32821,28.362194725889587,9.80714285714286,0.9807142857142861,0.0,0.0,0.0,0.0,0.0,0.0,0.0,0.49035714285714305,Medium
2,112,43,2.3076155448090376,111.5903663712994,32822,56.862672076633736,9.685714285714289,0.9685714285714289,0.0,0.0,0.0,0.0,0.0,0.0,0.0,0.48428571428571443,Medium
2,118,236,2.0152016142037343,117.86915762119013,32828,14.621197567741257,9.70714285714286,0.9707142857142861,0.0,0.0,0.0,0.0,0.0,0.0,0.0,0.48535714285714304,Medium
2,119,7,2.188814285714286,118.58175714285714,32829,50.936534800326775,9.864285714285716,0.9864285714285715,0.0,0.0,0.0,0.0,0.0,0.0,0.0,0.49321428571428577,Medium
2,125,49,1.874523238040953,125.04850075297716,32835,14.932178132466966,10.192857142857145,1.0,0.0,0.0,0.0,0.0,0.0,0.0,0.0,0.5,Medium
2,128,86,1.967970647044944,128.05323930743472,32838,6.896578647683202,10.214285714285714,1.0,0.0,0.0,0.0,0.0,0.0,0.0,0.0,0.5,Medium
2,129,11,2.1182212264327624,128.67729473501657,32839,38.14831916258747,10.214285714285714,1.0,2.0,2.0,0.0,0.0,0.0,0.0,0.03950526451663314,0.5197526322583166,Medium
2,173,2,1.885765902305802,172.9418394102399,32883,14.22883333443009,10.321428571428571,1.0,0.0,0.0,0.0,0.0,0.0,0.0,0.0,0.5,Medium
3,-78,259,2.6749781363496643,-78.08331679997414,32632,37.24391603104869,9.071428571428571,0.9071428571428571,0.0,0.0,0.0,0.0,0.0,0.0,0.0,0.45357142857142857,Medium
3,-77,42,3.3838430570421307,-77.38689907972744,32633,60.49514158424376,8.964285714285714,0.8964285714285714,0.0,0.0,0.0,0.0,0.0,0.0,0.0,0.4482142857142857,Medium
3,-51,43,3.0732767416532165,-51.00621812880085,32659,8.162950862337635,9.964285714285714,0.9964285714285713,0.0,0.0,0.0,0.0,0.0,0.0,0.0,0.49821428571428567,Medium
3,10,8,3.2191093143940632,9.939763484718355,32360,25.223471923515575,10.3,1.0,0.0,0.0,0.0,0.0,0.0,0.0,0.0,0.5,Medium
3,96,55,2.7145115298764635,96.02700757213812,32446,31.830704100902476,10.014285714285714,1.0,0.0,0.0,0.0,0.0,0.0,0.0,0.0,0.5,Medium
3,99,21,3.397178303438266,99.35965567298948,32449,59.4759925965307,9.607142857142858,0.9607142857142857,0.0,0.0,0.0,0.0,0.0,0.0,0.0,0.48035714285714287,Medium
3,100,97,2.8332485541959755,99.97391843136816,32450,18.734449947123267,9.578571428571433,0.9578571428571433,0.0,0.0,0.0,0.0,0.0,0.0,0.0,0.47892857142857165,Medium
3,101,134,3.023455838150719,101.3080881017297,839,6.4718213841774315,8.950000000000001,0.8950000000000001,0.0,0.0,0.0,0.0,0.0,0.0,0.0,0.44750000000000006,Medium
3,102,16,2.64745,101.703975,32452,51.09887177622541,9.757142857142858,0.9757142857142858,0.0,0.0,0.0,0.0,0.0,0.0,0.0,0.4878571428571429,Medium
3,103,15,3.174513333333333,103.4351,32453,52.03602734039618,9.821428571428571,0.9821428571428571,2.0,2.0,0.0,0.0,0.0,0.0,0.03950526451663314,0.5108240608297451,Medium
3,104,26,2.6630633588346178,103.70370372807768,32454,49.803979546338894,9.985714285714284,0.9985714285714284,5.0,1.0,2.0,2.0,0.0,0.0,0.16076229039348766,0.5796668594824581,Medium
3,106,86,3.086275928172945,106.1014810691219,32456,14.785076321244173,10.142857142857142,1.0,3.0,1.0,2.0,0.0,0.0,0.0,0.08785580065104737,0.5439279003255237,Medium
3,107,1,3.1871,106.5015,32457,59.10253970736018,10.164285714285713,1.0,2.0,1.0,0.0,1.0,0.0,0.0,0.07290648974244025,0.5364532448712201,Medium
3,109,19,2.855436842105263,108.86983684210526,32459,21.592554222505,10.035714285714285,1.0,1.0,1.0,0.0,0.0,0.0,0.0,0.020651720676962596,0.5103258603384813,Medium
3,111,28,2.6788615393925173,111.3798676267795,32461,55.21391772301633,9.971428571428572,0.9971428571428571,0.0,0.0,0.0,0.0,0.0,0.0,0.0,0.49857142857142855,Medium
3,112,72,2.770242739356989,111.80234657430805,32462,33.641475138714554,9.835714285714287,0.9835714285714288,0.0,0.0,0.0,0.0,0.0,0.0,0.0,0.4917857142857144,Medium
3,113,1,3.4639,113.2553,937,31.340019995207683,9.8,0.9800000000000001,0.0,0.0,0.0,0.0,0.0,0.0,0.0,0.49000000000000005,Medium
3,117,102,3.2289602752503783,117.36033971666586,32467,47.38900824252039,9.514285714285716,0.9514285714285716,1.0,1.0,0.0,0.0,0.0,0.0,0.020651720676962596,0.48604014605276713,Medium
3,118,94,2.9269626995137736,117.62932913557682,32468,41.93557920322217,9.635714285714286,0.9635714285714286,6.0,2.0,1.0,0.0,3.0,0.0,0.20703932682594817,0.5853053776986884,Medium
3,125,5,2.99158,125.46178,32475,51.266100124749606,10.3,1.0,4.0,2.0,2.0,0.0,0.0,0.0,0.10183994708927374,0.5509199735446368,Medium
3,126,13,3.341224638301832,125.58478830651391,32476,59.65514300248685,10.342857142857143,1.0,9.0,6.0,3.0,0.0,0.0,0.0,0.17084220390065055,0.5854211019503253,Medium
3,129,1,2.5880999999999994,128.6067,32479,63.21608360615287,10.335714285714287,1.0,4.0,0.0,4.0,0.0,0.0,0.0,0.1273610651676805,0.5636805325838402,Medium
3,173,13,3.09867082677984,172.8183243279264,32523,22.948288797935593,10.357142857142858,1.0,0.0,0.0,0.0,0.0,0.0,0.0,0.0,0.5,Medium
4,-78,6,4.214249947652019,-77.51735537035954,279,57.99030683542963,9.078571428571427,0.9078571428571427,0.0,0.0,0.0,0.0,0.0,0.0,0.0,0.45392857142857135,Medium
4,-77,167,3.88869345806121,-77.24906092084815,279,16.593291954801913,9.078571428571427,0.9078571428571427,0.0,0.0,0.0,0.0,0.0,0.0,0.0,0.45392857142857135,Medium
4,-52,65,4.32976266282395,-51.679726837104695,32298,51.026002492155925,9.907142857142858,0.9907142857142859,0.0,0.0,0.0,0.0,0.0,0.0,0.0,0.49535714285714294,Medium
4,-51,72,4.035007563924421,-51.25182033336986,32299,28.2208653325993,10.092857142857143,1.0,0.0,0.0,0.0,0.0,0.0,0.0,0.0,0.5,Medium
4,-8,33,4.410115377491374,-7.671552025189774,32342,58.32230855548137,10.278571428571428,1.0,0.0,0.0,0.0,0.0,0.0,0.0,0.0,0.5,Medium
4,-7,18,4.421379015458261,-7.375446786605784,32343,62.645764996650925,10.278571428571428,1.0,0.0,0.0,0.0,0.0,0.0,0.0,0.0,0.5,Medium
4,6,463,4.416880338670115,6.208418975151428,31996,51.73453700258533,10.578571428571427,1.0,0.0,0.0,0.0,0.0,0.0,0.0,0.0,0.5,Medium
4,7,313,4.437353693242904,6.792616445113944,31997,53.727461968179604,10.507142857142856,1.0,0.0,0.0,0.0,0.0,0.0,0.0,0.0,0.5,Medium
4,8,12,4.485002571327043,7.623692880197148,31998,68.13940416143332,10.44285714285714,1.0,0.0,0.0,0.0,0.0,0.0,0.0,0.0,0.5,Medium
4,9,220,4.077974735161956,9.306176458648748,31999,35.07039390345807,10.314285714285717,1.0,0.0,0.0,0.0,0.0,0.0,0.0,0.0,0.5,Medium
4,10,242,3.8775962651853377,9.670031077860411,32000,39.06540312217716,10.178571428571429,1.0,0.0,0.0,0.0,0.0,0.0,0.0,0.0,0.5,Medium
4,73,1,3.931184888481746,73.49528318624289,899,27.886022773874657,10.62857142857143,1.0,3.0,1.0,1.0,0.0,0.0,1.0,0.1273610651676805,0.5636805325838402,Medium
4,74,1,4.037051344715232,73.52245722358751,899,15.8893743484098,10.62857142857143,1.0,3.0,1.0,1.0,1.0,0.0,0.0,0.10183994708927374,0.5509199735446368,Medium
4,96,14,4.210326891917664,96.05436957288894,32086,24.113699863453814,9.942857142857145,0.9942857142857144,0.0,0.0,0.0,0.0,0.0,0.0,0.0,0.4971428571428572,Medium
4,97,6,3.6924824566736127,96.76538327287363,32087,42.93448549420641,9.8,0.9800000000000001,0.0,0.0,0.0,0.0,0.0,0.0,0.0,0.49000000000000005,Medium
4,98,102,4.207892978401621,98.2422811696008,32088,35.436592341721386,9.7,0.97,0.0,0.0,0.0,0.0,0.0,0.0,0.0,0.485,Medium
4,99,79,3.7906624198973735,98.7363372807669,32089,37.36930885576348,9.67857142857143,0.9678571428571431,0.0,0.0,0.0,0.0,0.0,0.0,0.0,0.48392857142857154,Medium
4,101,83,4.016313671705946,100.78515758198046,32091,23.91616016691293,9.592857142857143,0.9592857142857143,0.0,0.0,0.0,0.0,0.0,0.0,0.0,0.47964285714285715,Medium
4,103,83,4.009014163369679,103.39928803369234,837,4.6897290485724765,9.6,0.96,3.0,3.0,0.0,0.0,0.0,0.0,0.05684884360226022,0.5084244218011301,Medium
4,108,59,3.8897468882439705,108.14807999265084,32098,20.49248585353417,10.207142857142856,1.0,4.0,2.0,1.0,1.0,0.0,0.0,0.11497603348077896,0.5574880167403895,Medium
4,113,12,3.6413960802802174,113.39338731863586,937,56.22893138952433,9.8,0.9800000000000001,2.0,1.0,0.0,0.0,0.0,1.0,0.10183994708927374,0.540919973544637,Medium
4,114,7,3.8434142857142857,113.60710000000002,32104,46.94781655423435,9.814285714285717,0.9814285714285716,1.0,0.0,0.0,0.0,0.0,1.0,0.08785580065104737,0.5346421860398095,Medium
4,117,232,3.953159984797777,117.37630561763868,32107,42.09226328147173,9.514285714285716,0.9514285714285716,0.0,0.0,0.0,0.0,0.0,0.0,0.0,0.4757142857142858,Medium
4,118,338,4.102018428965453,117.68450043066623,890,25.936822579046854,9.528571428571428,0.9528571428571428,2.0,1.0,1.0,0.0,0.0,0.0,0.05684884360226022,0.5048529932297016,Medium
4,119,24,4.450557504620316,118.6290470699808,32109,64.78142410026577,9.642857142857142,0.9642857142857142,5.0,2.0,2.0,0.0,1.0,0.0,0.15019048322368797,0.5572380987547011,Medium
4,125,2,3.5709,125.4657,32115,70.29055170718168,10.335714285714287,1.0,19.0,12.0,3.0,2.0,2.0,0.0,0.3109527736171756,0.6554763868085878,Medium
4,126,9,3.596722222222222,125.5811888888889,32116,64.53633099189487,10.400000000000002,1.0,10.0,6.0,2.0,2.0,0.0,0.0,0.20703932682594817,0.603519663412974,Medium
4,127,2,4.276810964858305,126.722256213055,32117,43.526427813619044,10.442857142857145,1.0,7.0,4.0,1.0,1.0,1.0,0.0,0.1804739702670158,0.5902369851335079,Medium
5,-78,1,5.495490208714278,-77.51688881716233,31912,76.81544556760052,9.435714285714289,0.9435714285714288,0.0,0.0,0.0,0.0,0.0,0.0,0.0,0.4717857142857144,Medium
5,-77,80,5.132810379232594,-77.3568975834414,31913,42.26965142354358,9.235714285714286,0.9235714285714286,0.0,0.0,0.0,0.0,0.0,0.0,0.0,0.4617857142857143,Medium
5,-53,127,5.32191898534917,-52.87185677901575,31937,38.4599411972469,9.964285714285714,0.9964285714285713,0.0,0.0,0.0,0.0,0.0,0.0,0.0,0.49821428571428567,Medium
5,-52,139,4.733776383089198,-52.100638463954816,31938,31.59176119393659,10.092857142857143,1.0,0.0,0.0,0.0,0.0,0.0,0.0,0.0,0.5,Medium
5,-10,27,5.461411221298971,-9.567210494236592,31980,70.22073288713673,10.207142857142856,1.0,0.0,0.0,0.0,0.0,0.0,0.0,0.0,0.5,Medium
5,-9,90,5.042760794343055,-9.041622115294864,31981,6.623720750775931,10.078571428571427,1.0,0.0,0.0,0.0,0.0,0.0,0.0,0.0,0.5,Medium
5,-8,31,4.597107516857026,-8.17820803746692,31982,48.90056562022325,10.05,1.0,0.0,0.0,0.0,0.0,0.0,0.0,0.0,0.5,Medium
5,-7,47,4.682582034237495,-6.823164927584278,31983,40.33209215020736,10.05,1.0,0.0,0.0,0.0,0.0,0.0,0.0,0.0,0.5,Medium
5,-6,63,4.983252651531108,-5.969775432657858,31984,3.8355248959969113,10.064285714285717,1.0,0.0,0.0,0.0,0.0,0.0,0.0,0.0,0.5,Medium
5,-5,73,5.177022493003435,-5.077996550223454,31985,21.472239168193457,10.128571428571428,1.0,0.0,0.0,0.0,0.0,0.0,0.0,0.0,0.5,Medium
5,-4,75,5.261964585418014,-4.037201219159988,31986,29.36980602468887,10.142857142857142,1.0,0.0,0.0,0.0,0.0,0.0,0.0,0.0,0.5,Medium
5,-3,83,5.168021069824046,-3.0450009863703658,31987,19.30767345630929,10.157142857142857,1.0,0.0,0.0,0.0,0.0,0.0,0.0,0.0,0.5,Medium
5,-2,57,4.910697202748996,-1.950512468071045,31988,11.332880070703103,10.64285714285714,1.0,0.0,0.0,0.0,0.0,0.0,0.0,0.0,0.5,Medium
5,-1,41,5.2023027039775736,-1.024254366236833,31989,22.616412295905743,10.342857142857143,1.0,0.0,0.0,0.0,0.0,0.0,0.0,0.0,0.5,Medium
5,0,3,5.4553,-0.4061666666666666,598,48.65010478035992,10.2,1.0,0.0,0.0,0.0,0.0,0.0,0.0,0.0,0.5,Medium
5,5,155,5.329658234413212,5.430123513121295,31635,60.15347861629402,10.421428571428573,1.0,0.0,0.0,0.0,0.0,0.0,0.0,0.0,0.5,Medium
5,6,831,4.858855269424139,5.784658567171621,31636,28.579809505355573,10.285714285714288,1.0,0.0,0.0,0.0,0.0,0.0,0.0,0.0,0.5,Medium
5,7,651,4.634193272627714,6.855688182211681,31637,43.65003022916452,10.250000000000002,1.0,0.0,0.0,0.0,0.0,0.0,0.0,0.0,0.5,Medium
5,8,279,4.708753332156214,8.105463551009615,31638,34.38262978483537,10.185714285714283,1.0,0.0,0.0,0.0,0.0,0.0,0.0,0.0,0.5,Medium
5,9,570,4.654235645684927,8.706803562719802,31639,50.32073803492736,10.157142857142857,1.0,0.0,0.0,0.0,0.0,0.0,0.0,0.0,0.5,Medium
5,74,1,5.315443825545723,73.63263559318476,31704,53.747549596985024,10.435714285714289,1.0,5.0,2.0,2.0,0.0,1.0,0.0,0.15019048322368797,0.575095241611844,Medium
5,95,18,5.044752104744207,95.34770318460792,31725,38.91341732090318,10.07142857142857,1.0,0.0,0.0,0.0,0.0,0.0,0.0,0.0,0.5,Medium
5,96,29,5.130385675868239,95.9476433198937,31726,15.596051602324005,9.935714285714283,0.9935714285714283,0.0,0.0,0.0,0.0,0.0,0.0,0.0,0.49678571428571416,Medium
5,97,30,5.193331853611072,97.17972226829144,31727,29.300068347607585,9.80714285714286,0.9807142857142861,0.0,0.0,0.0,0.0,0.0,0.0,0.0,0.49035714285714305,Medium
5,98,67,4.6786640932393775,97.94672733880584,31728,36.15512838925279,9.785714285714286,0.9785714285714286,0.0,0.0,0.0,0.0,0.0,0.0,0.0,0.4892857142857143,Medium
5,100,43,5.1356481959934905,100.41622699649044,843,32.40781128611143,9.164285714285716,0.9164285714285716,0.0,0.0,0.0,0.0,0.0,0.0,0.0,0.4582142857142858,Medium
5,101,182,4.751728650555225,100.6124031219868,31731,51.09256603956707,9.67857142857143,0.9678571428571431,0.0,0.0,0.0,0.0,0.0,0.0,0.0,0.48392857142857154,Medium
5,103,42,4.906148009788208,103.3148537587844,31733,36.46837142360432,9.907142857142858,0.9907142857142859,1.0,0.0,0.0,1.0,0.0,0.0,0.05684884360226022,0.5237815646582731,Medium
5,108,2,4.755000000000001,108.0017,31738,27.195654665589416,10.242857142857144,1.0,8.0,5.0,0.0,0.0,2.0,1.0,0.22309697296612824,0.6115484864830641,Medium
5,114,4,4.6152500000000005,114.3121,31744,54.991395510320544,9.992857142857144,0.9992857142857143,1.0,1.0,0.0,0.0,0.0,0.0,0.020651720676962596,0.5099687174813384,Medium
5,115,177,5.000514635647994,115.18852641555324,31745,20.926510095002435,9.835714285714287,0.9835714285714288,0.0,0.0,0.0,0.0,0.0,0.0,0.0,0.4917857142857144,Medium
5,116,44,5.204158486836612,115.55198017197766,960,34.30728432750406,9.864285714285716,0.9864285714285715,0.0,0.0,0.0,0.0,0.0,0.0,0.0,0.49321428571428577,Medium
5,118,68,4.796244161346314,118.34147026646984,958,24.85493789571056,9.521428571428572,0.9521428571428572,2.0,2.0,0.0,0.0,0.0,0.0,0.03950526451663314,0.4958240608297452,Medium
5,119,100,5.264837432610637,118.84014569633968,31749,34.33692452893429,9.578571428571427,0.9578571428571427,6.0,3.0,1.0,0.0,2.0,0.0,0.18047397026701575,0.5691655565620792,Medium
5,120,82,5.198949861954677,120.13614002119785,31750,26.75886394108122,9.585714285714284,0.9585714285714284,9.0,6.0,1.0,2.0,0.0,0.0,0.18969574774032114,0.5741335881558748,Medium
5,121,11,5.434750153102371,120.72489931787922,31751,57.10710853376693,9.642857142857142,0.9642857142857142,7.0,3.0,3.0,1.0,0.0,0.0,0.17084220390065055,0.5675639590931824,Medium
5,127,4,4.726800000000001,127.12495,31757,33.34635509830857,10.542857142857144,1.0,13.0,10.0,0.0,2.0,1.0,0.0,0.23804628387473534,0.6190231419373676,Medium
5,163,33,5.306023915730058,162.9436846504338,31793,34.539029329041924,10.392857142857142,1.0,7.0,3.0,3.0,0.0,1.0,0.0,0.1804739702670158,0.5902369851335079,Medium
6,-162,1,5.894003784282901,-162.0887534736215,31468,15.345474736088917,10.092857142857143,1.0,1.0,1.0,0.0,0.0,0.0,0.0,0.020651720676962596,0.5103258603384813,Medium
6,-77,42,5.96534780000325,-77.30747437239293,31553,34.34571474968777,9.435714285714289,0.9435714285714288,0.0,0.0,0.0,0.0,0.0,0.0,0.0,0.4717857142857144,Medium
6,-58,27,6.317989701259807,-57.59721537779337,31572,56.96289235512169,9.992857142857144,0.9992857142857143,0.0,0.0,0.0,0.0,0.0,0.0,0.0,0.49964285714285717,Medium
6,-57,97,5.947651216777771,-56.997517342471575,31573,5.81724588267934,10.071428571428571,1.0,0.0,0.0,0.0,0.0,0.0,0.0,0.0,0.5,Medium
6,-56,188,5.886841061336391,-55.88901495077639,31574,17.593631851623176,10.064285714285717,1.0,1.0,0.0,1.0,0.0,0.0,0.0,0.03950526451663314,0.5197526322583166,Medium
6,-55,156,5.939068638055207,-54.95866870394639,31575,8.172575722411011,10.078571428571427,1.0,0.0,0.0,0.0,0.0,0.0,0.0,0.0,0.5,Medium
6,-54,86,5.740204472803706,-53.960603192210826,31576,29.16699509067402,10.114285714285714,1.0,1.0,0.0,0.0,1.0,0.0,0.0,0.05684884360226022,0.5284244218011301,Medium
6,-53,104,5.545143503978926,-53.31055637221118,31577,61.13467386638042,10.214285714285714,1.0,0.0,0.0,0.0,0.0,0.0,0.0,0.0,0.5,Medium
6,-11,29,6.290056316086997,-10.681127356138957,31619,47.847622134540536,10.099999999999998,1.0,0.0,0.0,0.0,0.0,0.0,0.0,0.0,0.5,Medium
6,-10,97,5.852100405185656,-10.00300273623254,31620,16.42023813051703,9.95,0.9949999999999999,0.0,0.0,0.0,0.0,0.0,0.0,0.0,0.49749999999999994,Medium
6,0,12,5.614202104631924,-0.0395936600857837,598,4.441766643224588,10.2,1.0,0.0,0.0,0.0,0.0,0.0,0.0,0.0,0.5,Medium
6,1,80,5.957769976091623,0.8890863417291713,31271,13.173607250167109,10.19285714285714,1.0,0.0,0.0,0.0,0.0,0.0,0.0,0.0,0.5,Medium
6,2,45,6.320935555555555,1.9350644444444445,31272,36.34572196146818,10.27857142857143,1.0,0.0,0.0,0.0,0.0,0.0,0.0,0.0,0.5,Medium
6,3,71,6.430178873239437,3.04673661971831,31273,48.03083956479325,10.3,1.0,0.0,0.0,0.0,0.0,0.0,0.0,0.0,0.5,Medium
6,4,33,6.416287878787879,4.016687878787879,31274,46.24506763576918,10.264285714285718,1.0,0.0,0.0,0.0,0.0,0.0,0.0,0.0,0.5,Medium
6,5,580,5.792365588205321,5.262978233946503,31275,37.192388302567004,10.19285714285714,1.0,0.0,0.0,0.0,0.0,0.0,0.0,0.0,0.5,Medium
6,6,115,5.670134404866973,5.592938478142163,31276,58.15705079736367,10.085714285714287,1.0,0.0,0.0,0.0,0.0,0.0,0.0,0.0,0.5,Medium
6,80,24,6.173158333333333,80.12155833333334,31350,23.4838429070131,10.271428571428572,1.0,2.0,2.0,0.0,0.0,0.0,0.0,0.03950526451663314,0.5197526322583166,Medium
6,81,4,6.0905000000000005,80.92840000000001,31351,12.809231671336983,10.235714285714286,1.0,1.0,0.0,1.0,0.0,0.0,0.0,0.03950526451663314,0.5197526322583166,Medium
6,82,1,6.383100000000001,81.5713,31352,63.8176928860647,10.30714285714286,1.0,1.0,0.0,1.0,0.0,0.0,0.0,0.03950526451663314,0.5197526322583166,Medium
6,95,20,5.767499902199722,95.29903298060906,31365,42.04498008939913,10.078571428571426,1.0,2.0,2.0,0.0,0.0,0.0,0.0,0.03950526451663314,0.5197526322583166,Medium
6,96,12,5.597446460033301,95.61932787929352,31366,61.49846949329721,10.007142857142856,1.0,1.0,0.0,0.0,0.0,1.0,0.0,0.07290648974244025,0.5364532448712201,Medium
6,100,129,6.158043189253911,100.07836211139676,31370,19.5808122096738,9.75,0.975,0.0,0.0,0.0,0.0,0.0,0.0,0.0,0.4875,Medium
6,102,47,6.1520501661586735,102.21189714255677,881,14.24057076286019,9.064285714285711,0.9064285714285711,4.0,3.0,0.0,0.0,1.0,0.0,0.11497603348077896,0.5107023024546751,Medium
6,103,16,5.7268216894766,102.70770632872365,31373,44.40859883803937,9.992857142857144,0.9992857142857143,10.0,4.0,2.0,3.0,1.0,0.0,0.24515115203653867,0.6222184331611265,Medium
6,116,54,5.950132440235507,116.03671171410409,889,4.96429565845129,9.850000000000003,0.9850000000000003,1.0,0.0,0.0,1.0,0.0,0.0,0.05684884360226022,0.5209244218011303,Medium
6,117,7,6.059271428571429,117.46021428571429,31387,51.505709350153204,9.742857142857144,0.9742857142857144,0.0,0.0,0.0,0.0,0.0,0.0,0.0,0.4871428571428572,Medium
6,118,375,5.995668697279791,117.85660940389864,31388,15.923615728239737,9.642857142857142,0.9642857142857142,5.0,3.0,0.0,2.0,0.0,0.0,0.13907630013781325,0.5516810072117637,Medium
6,119,32,5.5785,118.59203125,938,63.38759705894662,9.592857142857143,0.9592857142857143,5.0,2.0,1.0,1.0,1.0,0.0,0.16076229039348766,0.560024002339601,Medium
6,120,14,5.879985714285715,120.1026,31390,17.526119248226305,9.571428571428571,0.9571428571428571,4.0,3.0,1.0,0.0,0.0,0.0,0.08785580065104737,0.5224993288969522,Medium
6,121,93,5.949414146927776,121.00841652669588,31391,5.692218588855497,9.564285714285717,0.9564285714285716,11.0,10.0,0.0,0.0,1.0,0.0,0.1896957477403211,0.5730621595844464,Medium
6,122,48,6.15296102019832,121.81953428200184,31392,26.25917244554301,9.664285714285716,0.9664285714285716,16.0,12.0,3.0,0.0,1.0,0.0,0.25203043031296174,0.6092295008707667,Medium
6,124,14,6.4046534271669495,124.07624687455127,31394,45.70693488063398,10.071428571428571,1.0,3.0,2.0,0.0,1.0,0.0,0.0,0.08785580065104737,0.5439279003255237,Medium
6,125,16,5.841145484095354,125.23980404631055,31395,31.928805662794186,10.228571428571428,1.0,5.0,3.0,1.0,1.0,0.0,0.0,0.1273610651676805,0.5636805325838402,Medium
6,126,25,6.327664431537984,126.16608122609767,31396,40.77599063559674,10.435714285714289,1.0,11.0,6.0,2.0,3.0,0.0,0.0,0.2307005273442245,0.6153502636721122,Medium
6,168,3,5.638804662585319,168.09374137510056,31438,41.42092829867097,10.671428571428573,1.0,8.0,7.0,0.0,0.0,0.0,1.0,0.17084220390065055,0.5854211019503253,Medium
6,172,10,5.927512947105884,172.1347463603392,31442,16.98370895668816,10.957142857142856,1.0,6.0,4.0,0.0,1.0,1.0,0.0,0.16076229039348766,0.5803811451967438,Medium
7,-82,10,7.3974,-81.6828,31188,56.44026377153104,9.721428571428572,0.9721428571428572,0.0,0.0,0.0,0.0,0.0,0.0,0.0,0.4860714285714286,Medium
7,-81,4,7.39065,-80.9049,31189,44.62854803634669,9.578571428571427,0.9578571428571427,1.0,1.0,0.0,0.0,0.0,0.0,0.020651720676962596,0.4892544317670527,Medium
7,-80,8,7.409575,-80.29429999999999,31190,55.982327088739126,9.535714285714286,0.9535714285714286,0.0,0.0,0.0,0.0,0.0,0.0,0.0,0.4767857142857143,Medium
7,-78,21,7.057976597338575,-77.7209367347161,31192,31.637452005947864,9.65,0.9650000000000001,0.0,0.0,0.0,0.0,0.0,0.0,0.0,0.48250000000000004,Medium
7,-77,10,6.7093879622210695,-77.4591840518049,31193,60.31962546747638,9.764285714285716,0.9764285714285716,0.0,0.0,0.0,0.0,0.0,0.0,0.0,0.4882142857142858,Medium
7,-59,20,7.04009636885602,-58.55799871809573,31211,49.26360227894016,9.992857142857144,0.9992857142857143,0.0,0.0,0.0,0.0,0.0,0.0,0.0,0.49964285714285717,Medium
7,-58,45,6.827951466332438,-58.18887203229221,31212,28.35899950951872,10.135714285714286,1.0,1.0,1.0,0.0,0.0,0.0,0.0,0.020651720676962596,0.5103258603384813,Medium
7,-13,6,7.428733333333334,-12.557566666666666,31257,68.38532674755606,10.12142857142857,1.0,0.0,0.0,0.0,0.0,0.0,0.0,0.0,0.5,Medium
7,-12,69,7.277323933966544,-12.053441163553464,31258,31.349301099289143,10.028571428571428,1.0,0.0,0.0,0.0,0.0,0.0,0.0,0.0,0.5,Medium
7,-11,34,6.729076470588235,-11.236711764705882,31259,39.93409443014899,9.885714285714286,0.9885714285714287,0.0,0.0,0.0,0.0,0.0,0.0,0.0,0.49428571428571433,Medium
7,3,16,6.580839565462278,3.430152180076326,30913,66.66715517384199,10.042857142857144,1.0,0.0,0.0,0.0,0.0,0.0,0.0,0.0,0.5,Medium
7,4,26,6.578561538461538,3.722730769230769,30914,55.996018429606934,10.035714285714288,1.0,0.0,0.0,0.0,0.0,0.0,0.0,0.0,0.5,Medium
7,73,6,7.028411296990434,72.83875694680484,30983,18.173694786934462,10.421428571428574,1.0,3.0,2.0,1.0,0.0,0.0,0.0,0.07290648974244025,0.5364532448712201,Medium
7,80,5,7.2883,79.83926,30990,36.63912064269029,10.142857142857142,1.0,1.0,1.0,0.0,0.0,0.0,0.0,0.020651720676962596,0.5103258603384813,Medium
7,82,45,7.280799090681362,81.81472679946903,30992,37.34193894871805,10.214285714285715,1.0,1.0,1.0,0.0,0.0,0.0,0.0,0.020651720676962596,0.5103258603384813,Medium
7,94,23,7.04559506721493,93.76202653451236,31004,26.895526862000327,10.185714285714289,1.0,3.0,2.0,0.0,0.0,1.0,0.0,0.10183994708927374,0.5509199735446368,Medium
7,98,1,7.4703,98.3065,272,42.21450396652817,10.278571428571428,1.0,1.0,1.0,0.0,0.0,0.0,0.0,0.020651720676962596,0.5103258603384813,Medium
7,99,46,7.225662920398344,99.3762043827398,31009,48.695168810783144,9.8,0.9800000000000001,0.0,0.0,0.0,0.0,0.0,0.0,0.0,0.49000000000000005,Medium
7,100,329,6.924529743720278,99.84311821351297,31010,19.32409406079804,9.8,0.9800000000000001,2.0,1.0,1.0,0.0,0.0,0.0,0.05684884360226022,0.5184244218011301,Medium
7,101,46,6.994707713345001,100.94492159121434,31011,6.141861216290158,9.935714285714289,0.9935714285714289,7.0,3.0,2.0,0.0,0.0,2.0,0.2152168658187279,0.6043941471950784,Medium
7,102,20,6.730886651083232,101.61342162523256,31012,52.283808437027254,10.007142857142856,1.0,14.0,4.0,3.0,1.0,4.0,2.0,0.34435399884298273,0.6721769994214913,High
7,117,296,6.845257639589208,117.15334060225096,31027,24.181328575536224,9.964285714285714,0.9964285714285713,0.0,0.0,0.0,0.0,0.0,0.0,0.0,0.49821428571428567,Medium
7,118,10,6.597163467642936,117.51967572037448,31028,69.58457869962298,9.85,0.985,7.0,5.0,1.0,1.0,0.0,0.0,0.15019048322368797,0.5675952416118439,Medium
7,119,1,6.9707,118.5289,31029,52.39314055961983,9.785714285714288,0.9785714285714289,11.0,4.0,3.0,0.0,3.0,1.0,0.2834883325096015,0.6310298805405152,Medium
7,121,2,6.760971159237693,121.45105054461644,31031,56.66236131088053,9.657142857142858,0.9657142857142859,14.0,9.0,3.0,2.0,0.0,0.0,0.24515115203653867,0.6054327188754123,Medium
7,122,59,6.841049636836668,121.97340884891696,31032,17.88867792265255,9.664285714285716,0.9664285714285716,7.0,5.0,0.0,1.0,1.0,0.0,0.17084220390065055,0.5686353876646111,Medium
7,123,45,7.386019095065751,122.90792225796878,31033,44.05022830581325,9.80714285714286,0.9807142857142861,4.0,4.0,0.0,0.0,0.0,0.0,0.07290648974244025,0.5268103877283632,Medium
7,124,39,6.901172147446303,124.09093211906922,31034,14.906930016950753,9.928571428571429,0.9928571428571429,0.0,0.0,0.0,0.0,0.0,0.0,0.0,0.49642857142857144,Medium
7,125,11,6.812147443674613,125.42123362267984,329,37.6956379526701,10.257142857142856,1.0,3.0,1.0,0.0,2.0,0.0,0.0,0.11497603348077896,0.5574880167403895,Medium
7,126,119,7.112627880764999,125.92497941232014,31036,15.021186748653385,10.350000000000003,1.0,9.0,7.0,0.0,2.0,0.0,0.0,0.1804739702670158,0.5902369851335079,Medium
7,127,12,7.394652471495586,126.57084833769352,31037,64.71611501893605,10.507142857142856,1.0,25.0,13.0,7.0,3.0,1.0,1.0,0.3693832232587527,0.6846916116293764,High
7,134,16,7.222515740898257,134.36641716499653,700,16.56924393282843,10.435714285714289,1.0,49.0,29.0,10.0,6.0,2.0,2.0,0.4878078027196034,0.7439039013598017,High
7,135,26,7.406245891082747,134.5520210019031,700,12.4304541596129,10.435714285714289,1.0,45.0,24.0,7.0,8.0,5.0,1.0,0.49232211319683045,0.7461610565984153,High
7,152,32,7.329268513181883,151.83648563691392,327,13.484891965870714,10.45,1.0,31.0,14.0,11.0,2.0,4.0,0.0,0.4153569999281549,0.7076784999640775,High
7,158,57,6.870268508227706,158.21342806427052,977,12.271055370082664,11.099999999999998,1.0,19.0,10.0,2.0,2.0,3.0,2.0,0.35722981004963617,0.678614905024818,High
7,171,6,7.123924669574443,171.28042775014296,941,10.061942977794686,11.192857142857145,1.0,17.0,9.0,2.0,4.0,1.0,1.0,0.3210326871243385,0.6605163435621693,High
8,-83,21,8.359188186557333,-82.78968497207818,832,13.322329099674588,9.85714285714286,0.985714285714286,1.0,1.0,0.0,0.0,0.0,0.0,0.020651720676962596,0.5031830031956243,Medium
8,-82,190,8.186466021081882,-82.07397909921251,30828,22.267187677595572,9.72857142857143,0.972857142857143,0.0,0.0,0.0,0.0,0.0,0.0,0.0,0.4864285714285715,Medium
8,-81,134,7.821892188033724,-81.10026045763276,30829,22.68709447649006,9.621428571428572,0.9621428571428572,0.0,0.0,0.0,0.0,0.0,0.0,0.0,0.4810714285714286,Medium
8,-80,64,8.054683490716675,-80.30882827420977,30830,34.813179549733036,9.614285714285714,0.9614285714285714,0.0,0.0,0.0,0.0,0.0,0.0,0.0,0.4807142857142857,Medium
8,-79,61,8.39233537780426,-78.94850494998364,30831,43.922741916435434,9.707142857142856,0.9707142857142855,0.0,0.0,0.0,0.0,0.0,0.0,0.0,0.48535714285714276,Medium
8,-78,170,8.302905729214755,-78.19053243599438,30832,39.72101925632253,10.05,1.0,0.0,0.0,0.0,0.0,0.0,0.0,0.0,0.5,Medium
8,-77,108,8.033982314371631,-76.87427484341171,30833,14.45627994830126,10.564285714285717,1.0,0.0,0.0,0.0,0.0,0.0,0.0,0.0,0.5,Medium
8,-60,68,8.349451070061843,-59.78898411064274,30850,45.312445495650806,9.971428571428572,0.9971428571428571,0.0,0.0,0.0,0.0,0.0,0.0,0.0,0.49857142857142855,Medium
8,-59,77,7.903295105065541,-59.06530117131302,30851,12.952363403126224,10.135714285714286,1.0,2.0,1.0,1.0,0.0,0.0,0.0,0.05684884360226022,0.5284244218011301,Medium
8,-13,350,7.879074100570967,-12.770759877280854,30897,28.768944585378456,9.942857142857145,0.9942857142857144,0.0,0.0,0.0,0.0,0.0,0.0,0.0,0.4971428571428572,Medium
8,-12,193,7.655148085477942,-12.425954724804129,30898,60.83369866472702,9.821428571428571,0.9821428571428571,0.0,0.0,0.0,0.0,0.0,0.0,0.0,0.49107142857142855,Medium
8,77,1,8.097925806424074,77.49250538667752,30627,55.73825177463041,10.171428571428573,1.0,2.0,1.0,1.0,0.0,0.0,0.0,0.05684884360226022,0.5284244218011301,Medium
8,80,45,8.103210813401123,79.78349871781813,30630,26.62271474229352,9.957142857142856,0.9957142857142856,0.0,0.0,0.0,0.0,0.0,0.0,0.0,0.4978571428571428,Medium
8,81,32,8.290182552478313,81.35090121447703,30631,50.54311303169299,10.0,1.0,0.0,0.0,0.0,0.0,0.0,0.0,0.0,0.5,Medium
8,82,206,7.70395016508154,81.64729518656016,30632,51.11380546578389,10.092857142857142,1.0,1.0,1.0,0.0,0.0,0.0,0.0,0.020651720676962596,0.5103258603384813,Medium
8,93,23,7.996474392221502,93.40202641104734,30643,44.6266475502208,10.25,1.0,1.0,0.0,1.0,0.0,0.0,0.0,0.03950526451663314,0.5197526322583166,Medium
8,94,21,8.069178341842589,93.56066188339638,30644,49.36738242374682,10.235714285714286,1.0,1.0,1.0,0.0,0.0,0.0,0.0,0.020651720676962596,0.5103258603384813,Medium
8,98,71,8.162277985818502,98.39885969368972,272,37.04447329832984,10.278571428571428,1.0,3.0,3.0,0.0,0.0,0.0,0.0,0.05684884360226022,0.5284244218011301,Medium
8,99,255,7.979257662751516,98.91301931385448,30649,9.925587673696057,9.778571428571428,0.9778571428571429,1.0,1.0,0.0,0.0,0.0,0.0,0.020651720676962596,0.49925443176705275,Medium
8,100,63,8.328954310158824,100.18871639772412,30650,42.09590917824244,9.885714285714286,0.9885714285714287,5.0,5.0,0.0,0.0,0.0,0.0,0.08785580065104737,0.538213614611238,Medium
8,114,5,7.663011157535268,114.01295864323968,30664,37.43340775312988,10.321428571428571,1.0,8.0,5.0,2.0,0.0,1.0,0.0,0.18047397026701575,0.5902369851335079,Medium
8,117,72,8.229727044414439,117.164447645303,30667,31.359718542583693,10.185714285714283,1.0,5.0,4.0,0.0,0.0,1.0,0.0,0.1273610651676805,0.5636805325838402,Medium
8,122,35,7.655942075178814,122.2685443661181,30672,48.44637341133575,9.77857142857143,0.977857142857143,6.0,5.0,1.0,0.0,0.0,0.0,0.11497603348077894,0.546416588168961,Medium
8,123,62,7.783734595163029,122.92831568154494,30673,25.289826192683723,9.757142857142858,0.9757142857142858,5.0,3.0,2.0,0.0,0.0,0.0,0.11497603348077896,0.5453451595975324,Medium
8,124,67,8.073101112498739,123.84396527393392,30674,19.126368864400142,9.821428571428571,0.9821428571428571,4.0,4.0,0.0,0.0,0.0,0.0,0.07290648974244025,0.5275246734426486,Medium
8,126,62,8.138823899504503,126.40014714101528,30676,47.01342194838882,10.185714285714289,1.0,11.0,8.0,3.0,0.0,0.0,0.0,0.18969574774032114,0.5948478738701606,Medium
8,127,20,7.616320438440326,126.57083642853722,30677,63.89892922716437,10.407142857142858,1.0,37.0,22.0,6.0,6.0,3.0,0.0,0.4336788157332894,0.7168394078666447,High
8,134,2,7.569429162812117,134.48826340575232,700,26.653842727255743,10.435714285714289,1.0,50.0,27.0,11.0,7.0,4.0,1.0,0.5010780141945219,0.750539007097261,High
8,135,29,7.628046145260733,134.6075651760467,700,36.437038332250005,10.435714285714289,1.0,52.0,31.0,10.0,7.0,4.0,0.0,0.4945444820666707,0.7472722410333353,High
8,152,1,7.6501,151.68410000000003,327,28.85206240842857,10.45,1.0,42.0,17.0,14.0,5.0,4.0,2.0,0.49007671418769705,0.7450383570938486,High
9,-84,124,8.971267743245267,-83.6918281672994,30466,34.355427267546084,10.107142857142858,1.0,0.0,0.0,0.0,0.0,0.0,0.0,0.0,0.5,Medium
9,-83,47,8.638493878915732,-83.34116034416314,30467,55.17459929270346,10.142857142857142,1.0,1.0,0.0,1.0,0.0,0.0,0.0,0.03950526451663314,0.5197526322583166,Medium
9,-82,91,9.192521265880549,-82.15932980066074,30468,27.73899176580929,10.3,1.0,5.0,3.0,1.0,1.0,0.0,0.0,0.1273610651676805,0.5636805325838402,Medium
9,-81,3,8.81569605370098,-81.08330589585876,30469,22.45050583175267,10.42857142857143,1.0,4.0,3.0,1.0,0.0,0.0,0.0,0.08785580065104737,0.5439279003255237,Medium
9,-80,71,8.908189611547375,-79.77009789065733,115,23.246402734042142,10.3,1.0,2.0,1.0,1.0,0.0,0.0,0.0,0.05684884360226022,0.5284244218011301,Medium
9,-79,152,8.949992642988068,-78.87813776487765,30471,14.62133363361552,10.471428571428572,1.0,1.0,0.0,0.0,1.0,0.0,0.0,0.05684884360226022,0.5284244218011301,Medium
9,-78,113,8.862098916058132,-78.05648515063582,30472,16.5413394741726,10.97857142857143,1.0,1.0,1.0,0.0,0.0,0.0,0.0,0.020651720676962596,0.5103258603384813,Medium
9,-77,19,8.579647291714048,-77.02971439632707,30473,46.775582371593025,11.464285714285715,1.0,0.0,0.0,0.0,0.0,0.0,0.0,0.0,0.5,Medium
9,-76,87,9.389984392711286,-75.85596835706721,30474,46.14623129426936,11.707142857142856,1.0,0.0,0.0,0.0,0.0,0.0,0.0,0.0,0.5,Medium
9,-72,20,9.29871,-71.78424,30478,40.901661259485714,10.64285714285714,1.0,0.0,0.0,0.0,0.0,0.0,0.0,0.0,0.5,Medium
9,-71,9,9.294166666666667,-71.12447777777778,30479,35.45555198251,10.37857142857143,1.0,0.0,0.0,0.0,0.0,0.0,0.0,0.0,0.5,Medium
9,-62,80,9.352165,-61.83834,30488,43.01219819710231,9.921428571428573,0.9921428571428572,2.0,1.0,1.0,0.0,0.0,0.0,0.05684884360226022,0.5244958503725587,Medium
9,-61,190,8.979119277541354,-60.828729051887805,30489,19.15184048884142,9.992857142857146,0.9992857142857146,8.0,4.0,2.0,1.0,1.0,0.0,0.19854101935810217,0.5989133668219083,Medium
9,-60,58,8.57415136423413,-60.2193871655105,30490,53.17326243473665,10.164285714285716,1.0,7.0,3.0,3.0,1.0,0.0,0.0,0.17084220390065055,0.5854211019503253,Medium
9,-14,8,9.46855,-13.74695,30536,59.10928795887331,9.892857142857144,0.9892857142857144,0.0,0.0,0.0,0.0,0.0,0.0,0.0,0.4946428571428572,Medium
9,-13,303,9.046693965221351,-13.177767686139958,30537,20.40156949060442,9.75,0.975,0.0,0.0,0.0,0.0,0.0,0.0,0.0,0.4875,Medium
9,76,7,9.121226598381387,76.4810653710853,30266,55.067611189719,10.135714285714288,1.0,1.0,1.0,0.0,0.0,0.0,0.0,0.020651720676962596,0.5103258603384813,Medium
9,78,5,8.946128776760228,78.2607918695799,610,22.79210019783236,8.964285714285717,0.8964285714285717,0.0,0.0,0.0,0.0,0.0,0.0,0.0,0.44821428571428584,Medium
9,79,7,9.21759456294512,79.08280895547189,30269,25.84291619167403,9.8,0.9800000000000001,3.0,1.0,0.0,0.0,0.0,2.0,0.16076229039348766,0.5703811451967439,Medium
9,80,54,9.182781088686106,80.05044181823112,30270,21.047105532275914,9.8,0.9800000000000001,2.0,1.0,1.0,0.0,0.0,0.0,0.05684884360226022,0.5184244218011301,Medium
9,81,39,8.916920512820512,80.9905717948718,30271,9.281015435447664,9.95,0.9949999999999999,5.0,4.0,1.0,0.0,0.0,0.0,0.10183994708927374,0.5484199735446368,Medium
9,93,4,9.132696215151611,92.77307109143288,30283,29.179494350352584,10.278571428571428,1.0,6.0,6.0,0.0,0.0,0.0,0.0,0.10183994708927374,0.5509199735446368,Medium
9,98,135,9.026765698481444,98.32555575414476,30288,36.258613701439906,9.857142857142858,0.9857142857142858,2.0,1.0,0.0,1.0,0.0,0.0,0.07290648974244025,0.529310387728363,Medium
9,99,35,9.28964350255853,99.28600356569228,30289,45.182781197788444,9.8,0.9800000000000001,0.0,0.0,0.0,0.0,0.0,0.0,0.0,0.49000000000000005,Medium
9,100,65,9.104978200170606,99.79767985407044,30290,25.300663189952083,9.935714285714283,0.9935714285714283,10.0,6.0,2.0,0.0,1.0,1.0,0.23070052734422447,0.6121359779578264,Medium
9,105,355,9.011177383271436,105.07292682983574,30295,8.189405484331061,9.885714285714286,0.9885714285714287,10.0,6.0,2.0,2.0,0.0,0.0,0.20703932682594817,0.5978053776986885,Medium
9,106,73,9.337868618138687,105.90415923871292,30296,38.98307589077716,9.835714285714287,0.9835714285714288,9.0,1.0,3.0,1.0,3.0,1.0,0.2834883325096015,0.6335298805405152,Medium
9,107,3,8.704142825152529,106.6078922482644,30297,54.52348437798956,9.94285714285714,0.994285714285714,15.0,8.0,0.0,6.0,1.0,0.0,0.30038096644737594,0.647333340366545,Medium
9,117,33,8.657773667459228,117.3620381499934,30307,55.29877903190347,10.407142857142858,1.0,7.0,5.0,2.0,0.0,0.0,0.0,0.13907630013781322,0.5695381500689066,Medium
9,118,116,9.043417874507757,117.90597085287054,30308,11.496188245677438,10.400000000000002,1.0,11.0,5.0,4.0,2.0,0.0,0.0,0.2307005273442245,0.6153502636721122,Medium
9,119,9,9.445211111111112,118.59534444444444,30309,66.78096645683546,10.364285714285716,1.0,10.0,4.0,2.0,3.0,1.0,0.0,0.24515115203653867,0.6225755760182693,Medium
9,123,31,9.042472518185756,123.1278575292086,30313,14.954737389984963,9.814285714285717,0.9814285714285716,16.0,11.0,3.0,2.0,0.0,0.0,0.25869800455169795,0.6200632879901348,Medium
9,124,31,8.738629096010632,123.79266548525176,30314,37.03182766208474,9.814285714285717,0.9814285714285716,11.0,7.0,3.0,1.0,0.0,0.0,0.20703932682594822,0.5942339491272599,Medium
9,125,55,8.836473589639157,124.9050403281324,30315,20.9899286468528,9.921428571428573,0.9921428571428572,3.0,3.0,0.0,0.0,0.0,0.0,0.05684884360226022,0.5244958503725587,Medium
9,126,71,9.003032857888233,126.02218143436798,30316,2.485047457852905,10.035714285714286,1.0,14.0,8.0,3.0,1.0,2.0,0.0,0.2714475091005425,0.6357237545502712,Medium
9,138,8,9.462898179233234,138.06812775166702,30328,51.93520435594458,10.471428571428572,1.0,59.0,28.0,18.0,6.0,5.0,2.0,0.5420088040195484,0.7710044020097742,High
10,-86,15,10.240073333333331,-85.76631333333333,30104,37.18825755084543,10.235714285714286,1.0,1.0,1.0,0.0,0.0,0.0,0.0,0.020651720676962596,0.5103258603384813,Medium
10,-85,107,9.980570605093304,-85.02315080188451,30105,3.3548104503290936,10.185714285714289,1.0,0.0,0.0,0.0,0.0,0.0,0.0,0.0,0.5,Medium
10,-84,7,9.51127142857143,-84.33901428571428,30106,66.02273118005537,10.385714285714286,1.0,2.0,1.0,0.0,0.0,1.0,0.0,0.08785580065104737,0.5439279003255237,Medium
10,-83,7,9.552370123791604,-82.54732870601673,30107,70.66471382187251,10.442857142857145,1.0,10.0,6.0,2.0,1.0,1.0,0.0,0.2152168658187279,0.607608432909364,Medium
10,-80,10,9.609947908497467,-79.59172024031096,121,46.479785870863815,10.69285714285714,1.0,5.0,3.0,2.0,0.0,0.0,0.0,0.11497603348077896,0.5574880167403895,Medium
10,-79,36,9.56130255633341,-79.00628854056212,30111,48.700418956718245,11.30714285714286,1.0,4.0,2.0,2.0,0.0,0.0,0.0,0.10183994708927374,0.5509199735446368,Medium
10,-76,91,10.009078229654476,-75.58485119424611,356,43.564415401659346,12.414285714285716,1.0,1.0,1.0,0.0,0.0,0.0,0.0,0.020651720676962596,0.5103258603384813,Medium
10,-75,17,10.211287064246216,-75.472994991133,356,22.62395222776454,12.414285714285716,1.0,0.0,0.0,0.0,0.0,0.0,0.0,0.0,0.5,Medium
10,-72,16,9.8123,-71.95853749999999,30118,21.33696872927157,10.664285714285713,1.0,0.0,0.0,0.0,0.0,0.0,0.0,0.0,0.5,Medium
10,-71,24,9.928044004550614,-71.1518080183726,30119,18.647781871609872,10.342857142857143,1.0,0.0,0.0,0.0,0.0,0.0,0.0,0.0,0.5,Medium
10,-68,5,10.46697520023139,-67.94829393190076,30122,52.15102678091089,10.02142857142857,1.0,0.0,0.0,0.0,0.0,0.0,0.0,0.0,0.5,Medium
10,-66,29,10.293664427730622,-65.86877707457428,30124,35.703068863038126,10.042857142857144,1.0,0.0,0.0,0.0,0.0,0.0,0.0,0.0,0.5,Medium
10,-65,29,10.138614442549494,-64.99848272607595,30125,15.38712484398971,10.028571428571428,1.0,0.0,0.0,0.0,0.0,0.0,0.0,0.0,0.5,Medium
10,-64,4,10.354425564589713,-64.32009658637455,30126,53.01099058089571,9.985714285714286,0.9985714285714286,0.0,0.0,0.0,0.0,0.0,0.0,0.0,0.4992857142857143,Medium
10,-63,414,10.226187897515786,-62.80034147873711,30127,33.48899434839152,9.971428571428572,0.9971428571428571,0.0,0.0,0.0,0.0,0.0,0.0,0.0,0.49857142857142855,Medium
10,-62,542,9.85602706279646,-62.05670753064857,30128,17.175954597032593,10.078571428571427,1.0,8.0,5.0,2.0,1.0,0.0,0.0,0.17084220390065055,0.5854211019503253,Medium
10,-61,130,9.753892217258128,-61.25714447986711,30129,39.50919041326867,10.178571428571429,1.0,8.0,6.0,1.0,0.0,1.0,0.0,0.17084220390065055,0.5854211019503253,Medium
10,-15,21,10.451214285714286,-14.572128571428571,30175,69.02274997174813,9.892857142857144,0.9892857142857144,0.0,0.0,0.0,0.0,0.0,0.0,0.0,0.4946428571428572,Medium
10,-14,375,9.973078994812552,-13.909796910661855,30176,10.448949402025308,9.721428571428572,0.9721428571428572,0.0,0.0,0.0,0.0,0.0,0.0,0.0,0.4860714285714286,Medium
10,-13,50,9.57886,-13.42218,30177,66.1912696017534,9.62142857142857,0.962142857142857,0.0,0.0,0.0,0.0,0.0,0.0,0.0,0.4810714285714285,Medium
10,76,12,9.904783333333334,76.31728333333334,268,8.94148043139428,10.257142857142858,1.0,1.0,1.0,0.0,0.0,0.0,0.0,0.020651720676962596,0.5103258603384813,Medium
10,79,20,9.895289494635708,79.10723385663007,29909,16.636448763725,9.585714285714287,0.9585714285714287,3.0,2.0,0.0,0.0,1.0,0.0,0.10183994708927374,0.5302056878303513,Medium
10,80,95,9.894636842105264,79.95357789473684,29910,12.780148254141535,9.671428571428573,0.9671428571428573,3.0,2.0,1.0,0.0,0.0,0.0,0.07290648974244025,0.5200246734426488,Medium
10,98,70,9.99933746173213,98.2167099173416,29928,24.05491324272724,9.821428571428571,0.9821428571428571,1.0,1.0,0.0,0.0,0.0,0.0,0.020651720676962596,0.5013972889099099,Medium
10,99,210,9.993754666839909,98.74415800626768,29929,28.406921252227693,9.828571428571433,0.9828571428571433,2.0,1.0,1.0,0.0,0.0,0.0,0.05684884360226022,0.5198529932297018,Medium
10,100,1,9.699896148512076,100.00851980786008,29930,33.324948782741444,9.97857142857143,0.997857142857143,7.0,5.0,2.0,0.0,0.0,0.0,0.13907630013781322,0.5684667214974781,Medium
10,103,1,10.256900000000002,103.1691,29933,34.139027619720096,9.971428571428572,0.9971428571428571,7.0,6.0,0.0,1.0,0.0,0.0,0.13907630013781325,0.5681095786403352,Medium
10,104,26,10.359819934575343,104.1345710464895,29934,42.6418822614998,9.892857142857142,0.9892857142857142,5.0,2.0,0.0,2.0,1.0,0.0,0.17084220390065055,0.5800639590931824,Medium
10,105,122,9.90691475409836,104.95248524590164,29935,11.600702806715164,9.771428571428572,0.9771428571428572,1.0,1.0,0.0,0.0,0.0,0.0,0.020651720676962596,0.4988972889099099,Medium
10,106,196,9.94480073078454,106.29394801399953,29936,33.19853836587492,9.692857142857145,0.9692857142857145,7.0,1.0,5.0,1.0,0.0,0.0,0.18969574774032114,0.5794907310130178,Medium
10,107,189,10.215425509520458,106.75884947576138,29937,35.89296616045655,9.785714285714288,0.9785714285714289,9.0,4.0,2.0,2.0,0.0,1.0,0.2307005273442245,0.6046359779578266,Medium
10,113,4,9.567405873045498,112.92026365215416,887,4.868999660476398,10.257142857142858,1.0,12.0,9.0,3.0,0.0,0.0,0.0,0.19854101935810217,0.599270509679051,Medium
10,114,6,9.972355174185529,114.16429931634742,29944,18.493579967631003,10.342857142857143,1.0,12.0,7.0,3.0,1.0,1.0,0.0,0.23804628387473536,0.6190231419373677,Medium
10,116,2,9.827659039795977,115.99235594760924,29946,19.148654397695633,10.314285714285717,1.0,5.0,5.0,0.0,0.0,0.0,0.0,0.08785580065104737,0.5439279003255237,Medium
10,118,2,9.7175,118.4369,29948,57.75071534673785,10.792857142857144,1.0,2.0,2.0,0.0,0.0,0.0,0.0,0.03950526451663314,0.5197526322583166,Medium
10,119,118,10.110059279862249,118.9937371359028,29949,12.23634344118658,10.8,1.0,8.0,6.0,0.0,2.0,0.0,0.0,0.17084220390065055,0.5854211019503253,Medium
10,120,41,10.447034547816274,119.6814996844694,29950,60.92700292718859,10.764285714285716,1.0,10.0,8.0,2.0,0.0,0.0,0.0,0.17084220390065055,0.5854211019503253,Medium
10,122,27,9.952746035051169,122.33060622289,29952,37.0702463843574,10.328571428571433,1.0,9.0,5.0,3.0,0.0,1.0,0.0,0.19854101935810217,0.599270509679051,Medium
10,123,89,10.079062967047069,123.04344379535657,29953,10.013600393044861,10.0,1.0,7.0,6.0,1.0,0.0,0.0,0.0,0.1273610651676805,0.5636805325838402,Medium
10,124,107,10.056269378331786,124.01954416902916,29954,6.611927675194035,9.85,0.985,16.0,11.0,2.0,3.0,0.0,0.0,0.2651665167044669,0.6250832583522334,Medium
10,125,63,10.087287910687133,124.9166071843634,29955,13.400022361950205,9.871428571428572,0.9871428571428572,36.0,24.0,6.0,2.0,4.0,0.0,0.4153569999281549,0.701249928535506,High
10,126,182,9.87333687651367,125.72291950730516,885,26.82548261065888,9.907142857142858,0.9907142857142859,40.0,24.0,10.0,0.0,5.0,1.0,0.4478458908994222,0.7192800883068541,High
10,138,37,9.555627909613714,138.15046687789132,29968,52.07625492538656,10.421428571428573,1.0,77.0,41.0,20.0,11.0,4.0,1.0,0.5794320299260147,0.7897160149630074,High
11,-86,40,10.97774010894546,-85.78755758250256,29744,23.710203711211044,10.042857142857144,1.0,1.0,1.0,0.0,0.0,0.0,0.0,0.020651720676962596,0.5103258603384813,Medium
11,-76,1,10.5707,-75.50829999999999,356,19.504876287226388,12.414285714285716,1.0,2.0,1.0,1.0,0.0,0.0,0.0,0.05684884360226022,0.5284244218011301,Medium
11,-75,97,10.870880274999053,-74.72378414535173,29755,33.84446277576836,12.292857142857144,1.0,2.0,0.0,2.0,0.0,0.0,0.0,0.07290648974244025,0.5364532448712201,Medium
11,-74,51,10.806551089005746,-74.3618493072451,29756,45.5448301563162,11.821428571428571,1.0,0.0,0.0,0.0,0.0,0.0,0.0,0.0,0.5,Medium
11,-73,27,11.2966185009896,-73.29953868408174,29757,46.79225484342762,11.25,1.0,0.0,0.0,0.0,0.0,0.0,0.0,0.0,0.5,Medium
11,-72,74,11.076697575411474,-71.82916029845067,29758,20.786575476953065,10.757142857142858,1.0,0.0,0.0,0.0,0.0,0.0,0.0,0.0,0.5,Medium
11,-71,31,10.886589908716896,-71.30620991169901,29759,36.24559789980523,10.457142857142856,1.0,0.0,0.0,0.0,0.0,0.0,0.0,0.0,0.5,Medium
11,-70,8,11.409275,-70.14925,29760,48.355960824784546,10.271428571428572,1.0,0.0,0.0,0.0,0.0,0.0,0.0,0.0,0.5,Medium
11,-69,5,11.358821379947017,-68.76163174589314,29761,47.81668292354718,10.2,1.0,0.0,0.0,0.0,0.0,0.0,0.0,0.0,0.5,Medium
11,-68,30,10.9338380782954,-68.33474284131866,29762,37.875270571255015,10.235714285714286,1.0,3.0,2.0,0.0,0.0,1.0,0.0,0.10183994708927374,0.5509199735446368,Medium
11,-66,3,10.5488154697088,-66.09749740261903,29764,51.23743935412623,10.292857142857144,1.0,1.0,1.0,0.0,0.0,0.0,0.0,0.020651720676962596,0.5103258603384813,Medium
11,-65,14,10.937087609594837,-65.32433949608419,29765,36.672706335161394,10.264285714285716,1.0,5.0,5.0,0.0,0.0,0.0,0.0,0.08785580065104737,0.5439279003255237,Medium
11,-64,24,10.88310866638674,-63.99174353551326,29766,13.007264497006071,10.178571428571429,1.0,5.0,4.0,1.0,0.0,0.0,0.0,0.10183994708927374,0.5509199735446368,Medium
11,-63,75,10.555213959410722,-62.781883135467,29767,54.988103621319866,10.178571428571429,1.0,7.0,5.0,1.0,0.0,1.0,0.0,0.16076229039348766,0.5803811451967438,Medium
11,-62,14,10.570754354479382,-62.33970448083802,29768,60.76182567761246,10.221428571428572,1.0,11.0,7.0,0.0,3.0,1.0,0.0,0.23804628387473534,0.6190231419373676,Medium
11,-61,53,10.831776302380128,-61.12442341803328,29769,23.225380534190474,10.257142857142856,1.0,12.0,9.0,3.0,0.0,0.0,0.0,0.19854101935810217,0.599270509679051,Medium
11,-16,151,11.26296600621628,-16.00971774163611,29814,29.209150659784633,9.842857142857143,0.9842857142857143,2.0,0.0,2.0,0.0,0.0,0.0,0.07290648974244025,0.5285961020140773,Medium
11,-15,662,11.022473134014668,-14.961489017399742,29815,4.949327484368465,9.7,0.97,0.0,0.0,0.0,0.0,0.0,0.0,0.0,0.485,Medium
11,-14,13,10.770440344423058,-14.437184410546722,29816,54.81060909662057,9.585714285714287,0.9585714285714287,0.0,0.0,0.0,0.0,0.0,0.0,0.0,0.47928571428571437,Medium
11,43,17,11.397358823529412,43.3289705882353,29513,57.260905728329504,9.721428571428572,0.9721428571428572,0.0,0.0,0.0,0.0,0.0,0.0,0.0,0.4860714285714286,Medium
11,46,1,10.8289,45.89130000000001,29516,22.500688409468154,9.914285714285716,0.9914285714285717,0.0,0.0,0.0,0.0,0.0,0.0,0.0,0.49571428571428583,Medium
11,76,3,10.888625450949895,75.90985763671328,29546,15.904381139276884,9.792857142857144,0.9792857142857144,2.0,0.0,0.0,0.0,2.0,0.0,0.1273610651676805,0.5533233897266975,Medium
11,80,16,11.401375,79.78750000000001,29550,50.41137322708615,9.664285714285716,0.9664285714285716,1.0,0.0,1.0,0.0,0.0,0.0,0.03950526451663314,0.5029669179726024,Medium
11,92,10,10.765391586336325,92.39501332560296,29562,50.99681580134731,10.242857142857146,1.0,3.0,2.0,1.0,0.0,0.0,0.0,0.07290648974244025,0.5364532448712201,Medium
11,93,23,10.966725297987058,92.59200415887794,29563,45.43790283132515,10.23571428571429,1.0,4.0,3.0,1.0,0.0,0.0,0.0,0.08785580065104737,0.5439279003255237,Medium
11,98,56,10.8115136066805,98.24809799742084,29568,34.584959693481856,9.778571428571428,0.9778571428571429,2.0,1.0,1.0,0.0,0.0,0.0,0.05684884360226022,0.5173529932297015,Medium
11,99,146,11.072381389780515,98.75882790470956,29569,27.949757048816487,9.75,0.975,1.0,1.0,0.0,0.0,0.0,0.0,0.020651720676962596,0.4978258603384813,Medium
11,100,9,11.182089397460478,99.54264480822664,29570,54.64203394887465,9.885714285714286,0.9885714285714287,5.0,2.0,1.0,1.0,0.0,1.0,0.17084220390065055,0.5797068162360396,Medium
11,103,188,11.125989256364932,103.21274431900387,29573,27.444946519310573,9.864285714285714,0.9864285714285714,5.0,1.0,1.0,1.0,1.0,1.0,0.19854101935810217,0.5924847953933368,Medium
11,104,137,10.731856818929549,103.78459564893684,29574,38.17815914815622,9.764285714285716,0.9764285714285716,2.0,2.0,0.0,0.0,0.0,0.0,0.03950526451663314,0.5079669179726024,Medium
11,105,1,10.5077,104.5005,29575,77.84729534376883,9.657142857142858,0.9657142857142859,0.0,0.0,0.0,0.0,0.0,0.0,0.0,0.48285714285714293,Medium
11,107,146,10.595197036090209,106.88874097498962,810,35.65576792271656,10.192857142857145,1.0,0.0,0.0,0.0,0.0,0.0,0.0,0.0,0.5,Medium
11,108,10,10.694789956560506,107.8305318847749,29578,38.750386591701236,9.721428571428572,0.9721428571428572,2.0,2.0,0.0,0.0,0.0,0.0,0.03950526451663314,0.5058240608297452,Medium
11,109,1,11.4007,109.0055,29579,44.481889657927134,9.92857142857143,0.9928571428571431,6.0,6.0,0.0,0.0,0.0,0.0,0.10183994708927374,0.5473485449732084,Medium
11,119,89,10.89779977909517,119.3586428058,29589,41.394152876294825,11.52142857142857,1.0,20.0,17.0,3.0,0.0,0.0,0.0,0.25869800455169795,0.629349002275849,Medium
11,120,161,10.873424011106453,119.70622564697231,29590,35.5069640331813,11.535714285714285,1.0,11.0,4.0,5.0,0.0,1.0,1.0,0.25869800455169795,0.629349002275849,Medium
11,121,30,10.93449193794469,120.99744901818192,29591,7.276906116491886,11.335714285714287,1.0,14.0,10.0,1.0,1.0,1.0,1.0,0.2651665167044669,0.6325832583522335,Medium
11,122,11,10.64843218230684,122.11101005057613,29592,40.92321194779773,10.978571428571428,1.0,11.0,6.0,4.0,0.0,1.0,0.0,0.22309697296612827,0.6115484864830641,Medium
11,123,117,10.9361426736369,122.92317778623396,29593,11.088567027310855,10.55714285714286,1.0,19.0,8.0,4.0,3.0,3.0,1.0,0.35722981004963617,0.678614905024818,High
11,124,92,11.013174290616872,124.1365161113642,29594,15.223685649152438,10.192857142857145,1.0,23.0,16.0,5.0,0.0,1.0,1.0,0.32590208452578273,0.6629510422628914,High
11,125,132,11.197419943063526,125.01136322616247,418,5.971124570401173,10.092857142857143,1.0,37.0,28.0,3.0,5.0,1.0,0.0,0.398808574268223,0.6994042871341115,High
11,126,97,11.138364997302636,125.63498055832804,29596,43.33040581714839,10.092857142857143,1.0,49.0,28.0,9.0,6.0,4.0,2.0,0.4989219858054781,0.749460992902739,High
11,167,5,11.31405193308792,167.2068059902112,29637,41.739148954674306,10.742857142857146,1.0,59.0,26.0,15.0,8.0,8.0,2.0,0.5590789709990738,0.7795394854995369,High
12,-87,51,12.325179487207624,-86.94534945158674,29383,36.60112548161248,9.900000000000002,0.9900000000000002,5.0,3.0,1.0,0.0,1.0,0.0,0.13907630013781322,0.5645381500689067,Medium
12,-86,9,11.698244598437546,-86.40369179669455,29384,55.944813673701134,9.828571428571427,0.9828571428571428,0.0,0.0,0.0,0.0,0.0,0.0,0.0,0.4914285714285714,Medium
12,-84,78,12.029008611281125,-83.70393695412646,29386,33.02036885442823,10.514285714285716,1.0,20.0,12.0,4.0,3.0,1.0,0.0,0.3160513398028967,0.6580256699014484,Medium
12,-83,8,12.384403471532584,-83.25079695603067,29387,50.94708250306859,10.607142857142858,1.0,29.0,7.0,4.0,2.0,7.0,9.0,0.5074202932733242,0.753710146636662,High
12,-82,2,12.150140917476485,-81.86839011799253,29388,22.16207668821237,10.792857142857144,1.0,24.0,6.0,7.0,4.0,5.0,2.0,0.4277420316150565,0.7138710158075282,High
12,-73,10,11.662855782305307,-72.67561441918014,29397,51.932370908675786,11.3,1.0,2.0,2.0,0.0,0.0,0.0,0.0,0.03950526451663314,0.5197526322583166,Medium
12,-72,38,12.072648724950763,-71.90204151654618,29398,13.53731431495431,10.892857142857144,1.0,2.0,1.0,0.0,1.0,0.0,0.0,0.07290648974244025,0.5364532448712201,Medium
12,-71,13,11.904742841832944,-71.33524743587739,29399,38.6854937195432,10.664285714285713,1.0,7.0,5.0,0.0,2.0,0.0,0.0,0.16076229039348766,0.5803811451967438,Medium
12,-70,33,11.83818992496018,-70.01406709822348,29400,18.02866347762018,10.492857142857146,1.0,8.0,3.0,2.0,1.0,2.0,0.0,0.22309697296612824,0.6115484864830641,Medium
12,-69,29,12.137787574139544,-68.8912437887755,29401,19.48463567626013,10.428571428571429,1.0,9.0,7.0,0.0,0.0,1.0,1.0,0.20703932682594817,0.603519663412974,Medium
12,-68,11,12.07676071707844,-68.13302362578654,29402,17.047624397652175,10.421428571428573,1.0,7.0,6.0,1.0,0.0,0.0,0.0,0.1273610651676805,0.5636805325838402,Medium
12,-67,55,11.84041641428538,-66.7707009695258,29403,31.00954737856391,10.407142857142858,1.0,9.0,5.0,4.0,0.0,0.0,0.0,0.18047397026701575,0.5902369851335079,Medium
12,-66,10,11.803803578482375,-66.11900935929933,29404,25.4711173991798,10.335714285714287,1.0,13.0,11.0,2.0,0.0,0.0,0.0,0.19854101935810217,0.599270509679051,Medium
12,-65,8,11.821487738349402,-64.6160968220978,29405,46.994872357034296,10.285714285714286,1.0,18.0,12.0,4.0,2.0,0.0,0.0,0.2775515483913685,0.6387757741956842,Medium
12,-62,45,12.124856269774934,-61.64757641434428,29408,41.50145448534934,10.1,1.0,11.0,7.0,1.0,1.0,1.0,1.0,0.24515115203653867,0.6225755760182693,Medium
12,-61,14,12.45648035111244,-61.46614077099991,29409,72.41944285203846,10.028571428571428,1.0,16.0,11.0,3.0,1.0,1.0,0.0,0.2651665167044669,0.6325832583522335,Medium
12,-17,37,12.4043,-16.64171081081081,29453,59.96359653406387,9.907142857142858,0.9907142857142859,1.0,1.0,0.0,0.0,0.0,0.0,0.020651720676962596,0.5056830031956242,Medium
12,-16,698,12.074383691900495,-16.00000264024323,29454,8.256589806156164,9.707142857142856,0.9707142857142855,1.0,1.0,0.0,0.0,0.0,0.0,0.020651720676962596,0.4956830031956241,Medium
12,-15,234,11.92414256797025,-15.206362179493883,29455,24.404782991306472,9.542857142857144,0.9542857142857144,0.0,0.0,0.0,0.0,0.0,0.0,0.0,0.4771428571428572,Medium
12,43,33,12.210178787878789,43.308645454545456,29153,41.44882381448413,9.685714285714289,0.9685714285714289,1.0,1.0,0.0,0.0,0.0,0.0,0.020651720676962596,0.49461157462419575,Medium
12,51,6,11.789733333333333,50.8259,29161,30.301756024527958,10.221428571428572,1.0,0.0,0.0,0.0,0.0,0.0,0.0,0.0,0.5,Medium
12,53,3,12.4631,53.4159,29163,69.09109558271612,10.67857142857143,1.0,1.0,0.0,1.0,0.0,0.0,0.0,0.03950526451663314,0.5197526322583166,Medium
12,54,16,12.3575625,54.048350000000006,29164,40.050649532671954,10.757142857142858,1.0,0.0,0.0,0.0,0.0,0.0,0.0,0.0,0.5,Medium
12,72,1,11.874672535601231,71.78736125231065,29182,27.39749174178351,10.321428571428571,1.0,0.0,0.0,0.0,0.0,0.0,0.0,0.0,0.5,Medium
12,75,16,12.295923811239794,75.11299308375258,29185,35.160612555035954,9.835714285714287,0.9835714285714288,0.0,0.0,0.0,0.0,0.0,0.0,0.0,0.4917857142857144,Medium
12,76,2,11.5637,75.5959,29186,66.01043170969258,9.621428571428572,0.9621428571428572,0.0,0.0,0.0,0.0,0.0,0.0,0.0,0.4810714285714286,Medium
12,80,9,11.766519954975632,79.79135639817281,29190,34.75648831603423,9.642857142857142,0.9642857142857142,2.0,2.0,0.0,0.0,0.0,0.0,0.03950526451663314,0.5018954894011737,Medium
12,92,1,11.58516640902395,92.21719884615447,29202,51.9762459682627,10.214285714285715,1.0,3.0,2.0,0.0,0.0,1.0,0.0,0.10183994708927374,0.5509199735446368,Medium
12,93,233,12.100491634697622,92.78696162229556,29203,26.146077454080984,10.192857142857148,1.0,6.0,5.0,0.0,1.0,0.0,0.0,0.1273610651676805,0.5636805325838402,Medium
12,98,175,12.006867834566824,98.3890596682796,29208,43.192351126524485,9.742857142857144,0.9742857142857144,1.0,1.0,0.0,0.0,0.0,0.0,0.020651720676962596,0.49746871748133853,Medium
12,99,601,12.000306959955958,98.67616380861416,29209,35.945833392281884,9.657142857142858,0.9657142857142859,3.0,2.0,1.0,0.0,0.0,0.0,0.07290648974244025,0.519310387728363,Medium
12,100,17,11.923881153430363,99.83910418954709,124,13.913357523862068,9.371428571428572,0.9371428571428572,7.0,5.0,0.0,1.0,0.0,1.0,0.18047397026701575,0.5588084137049365,Medium
12,102,46,12.298630120849593,102.3267916827166,29212,49.13837898588551,9.828571428571427,0.9828571428571428,4.0,2.0,0.0,0.0,1.0,1.0,0.16076229039348766,0.5718097166253152,Medium
12,103,103,11.836144959561908,102.82799713453063,29213,26.368857782274755,9.771428571428574,0.9771428571428574,0.0,0.0,0.0,0.0,0.0,0.0,0.0,0.4885714285714287,Medium
12,109,4,12.296757037365856,109.16012064863544,29219,37.42912121783075,9.792857142857144,0.9792857142857144,1.0,1.0,0.0,0.0,0.0,0.0,0.020651720676962596,0.49996871748133853,Medium
12,120,144,12.018987181808464,120.03888927427796,29230,4.803734172918505,12.614285714285716,1.0,14.0,10.0,3.0,0.0,1.0,0.0,0.23804628387473534,0.6190231419373676,Medium
12,121,39,12.213956762173126,121.24396171597157,886,22.296769057992954,12.935714285714283,1.0,30.0,14.0,4.0,8.0,4.0,0.0,0.4277420316150565,0.7138710158075282,High
12,122,67,11.925809230007436,122.12597403549172,29232,16.22792969914316,12.02142857142857,1.0,33.0,22.0,3.0,6.0,2.0,0.0,0.4022209135366497,0.7011104567683248,High
12,123,82,12.029815380305848,123.06667517668112,29233,8.107207851240153,11.457142857142856,1.0,38.0,30.0,3.0,3.0,2.0,0.0,0.39880857426822297,0.6994042871341115,High
12,124,63,12.126617972911102,123.88591992387668,29234,18.917726721522925,10.871428571428572,1.0,27.0,21.0,3.0,1.0,2.0,0.0,0.33988623096400905,0.6699431154820046,High
12,125,150,11.88085346304849,125.10879459217496,29235,17.909278326791657,10.464285714285714,1.0,25.0,17.0,5.0,3.0,0.0,0.0,0.3306644534907038,0.6653322267453519,High
12,126,6,11.983424672528534,125.51172671686156,29236,54.22955416185777,10.392857142857144,1.0,54.0,29.0,12.0,8.0,5.0,0.0,0.5135821985186496,0.7567910992593248,High
13,-89,89,13.30057530509693,-88.80193909974466,29021,39.95593507254174,10.0,1.0,3.0,2.0,0.0,1.0,0.0,0.0,0.08785580065104737,0.5439279003255237,Medium
13,-88,166,13.294041009938448,-87.95273953710044,346,15.265157179689227,9.714285714285714,0.9714285714285713,3.0,3.0,0.0,0.0,0.0,0.0,0.05684884360226022,0.5141387075154158,Medium
13,-87,150,12.941937235566504,-87.30476134368313,29023,34.436980543554746,9.650000000000002,0.9650000000000002,0.0,0.0,0.0,0.0,0.0,0.0,0.0,0.4825000000000001,Medium
13,-84,70,13.04828444660396,-83.56980320471894,29026,48.05167698075776,10.335714285714287,1.0,14.0,9.0,2.0,2.0,1.0,0.0,0.25869800455169795,0.629349002275849,Medium
13,-83,1,12.5383,-83.3637,29027,65.23973229696728,10.599999999999998,1.0,38.0,24.0,4.0,4.0,2.0,4.0,0.455921821887838,0.727960910943919,High
13,-82,6,12.56024657340238,-81.7125091131956,29028,58.318230220655465,10.75,1.0,39.0,26.0,3.0,3.0,6.0,1.0,0.4505714496710639,0.725285724835532,High
13,-81,8,13.370329865548277,-81.36272526138029,29029,57.539751758317045,10.964285714285715,1.0,34.0,18.0,10.0,5.0,1.0,0.0,0.41214688098736485,0.7060734404936824,High
13,-70,7,12.547935082446648,-70.02872868069171,29040,50.28043036726142,10.62142857142857,1.0,16.0,12.0,2.0,1.0,1.0,0.0,0.25869800455169795,0.629349002275849,Medium
13,-61,12,12.550036994580468,-61.4066179564444,29049,67.31807920506098,9.62142857142857,0.962142857142857,17.0,8.0,5.0,2.0,2.0,0.0,0.3109527736171756,0.6365478153800163,Medium
13,-60,4,13.088583904648496,-59.55684567579469,29050,50.16326452485694,9.628571428571428,0.9628571428571429,24.0,16.0,4.0,2.0,1.0,1.0,0.34435399884298273,0.6536055708500628,Medium
13,-59,1,13.06111887541201,-59.49579309856159,29051,55.44961793189244,9.664285714285716,0.9664285714285716,25.0,15.0,4.0,3.0,2.0,1.0,0.3693832232587527,0.6679058973436622,High
13,-17,216,12.87227872347104,-16.639132682940904,29093,42.49110519085479,9.850000000000003,0.9850000000000003,1.0,0.0,1.0,0.0,0.0,0.0,0.03950526451663314,0.5122526322583167,Medium
13,-16,345,13.06954719003343,-16.115099520614795,29094,14.927214333921919,9.650000000000002,0.9650000000000002,0.0,0.0,0.0,0.0,0.0,0.0,0.0,0.4825000000000001,Medium
13,-15,40,13.266638838591549,-15.34533834687764,29095,48.42893797908354,9.5,0.95,0.0,0.0,0.0,0.0,0.0,0.0,0.0,0.475,Medium
13,42,8,13.33185,42.377825,28792,55.81834002058045,9.664285714285716,0.9664285714285716,0.0,0.0,0.0,0.0,0.0,0.0,0.0,0.4832142857142858,Medium
13,43,98,12.980506834973312,43.01823370566806,28793,2.962788381730572,9.657142857142858,0.9657142857142859,0.0,0.0,0.0,0.0,0.0,0.0,0.0,0.48285714285714293,Medium
13,53,4,12.5598,53.36030000000001,28803,63.142526348967785,10.692857142857145,1.0,0.0,0.0,0.0,0.0,0.0,0.0,0.0,0.5,Medium
13,54,1,12.6807,54.1013,28804,37.18320738962692,10.778571428571428,1.0,0.0,0.0,0.0,0.0,0.0,0.0,0.0,0.5,Medium
13,75,6,13.268933333333337,74.75493333333334,776,39.053307725723016,9.521428571428572,0.9521428571428572,0.0,0.0,0.0,0.0,0.0,0.0,0.0,0.4760714285714286,Medium
13,93,202,12.979281425915614,92.84729800950822,28843,17.105225050025624,10.10714285714286,1.0,3.0,3.0,0.0,0.0,0.0,0.0,0.05684884360226022,0.5284244218011301,Medium
13,98,51,12.797465781895465,98.40691284768587,28848,50.45290988230944,9.635714285714286,0.9635714285714286,3.0,1.0,2.0,0.0,0.0,0.0,0.08785580065104737,0.525713614611238,Medium
13,99,132,12.799102536514896,98.66174432815552,28849,43.669252364165544,9.55,0.9550000000000001,0.0,0.0,0.0,0.0,0.0,0.0,0.0,0.47750000000000004,Medium
13,100,42,13.228764159173554,100.08538863627152,28850,27.104068035860994,9.671428571428574,0.9671428571428574,3.0,1.0,1.0,0.0,1.0,0.0,0.11497603348077896,0.5410594453118182,Medium
13,101,38,13.12280575780345,100.96129749682218,28851,14.292360130132964,9.70714285714286,0.9707142857142861,2.0,2.0,0.0,0.0,0.0,0.0,0.03950526451663314,0.5051097751154596,Medium
13,102,36,12.665896045336927,101.81628531552887,28852,42.32238559414583,9.700000000000005,0.9700000000000004,0.0,0.0,0.0,0.0,0.0,0.0,0.0,0.4850000000000002,Medium
13,109,2,13.099014208930653,109.31420917418184,28859,36.56792509465554,9.70714285714286,0.9707142857142861,7.0,6.0,1.0,0.0,0.0,0.0,0.1273610651676805,0.5490376754409833,Medium
13,121,59,13.08695380791128,121.01981407427324,28871,9.899284846747422,13.94285714285714,1.0,32.0,24.0,3.0,5.0,0.0,0.0,0.3693832232587527,0.6846916116293764,High
13,122,29,13.045004991247025,122.0498306248568,28872,7.4531688831675185,13.407142857142857,1.0,29.0,17.0,7.0,2.0,3.0,0.0,0.38459501641064614,0.6922975082053231,High
13,123,64,13.043448275283668,123.0499946238542,28873,7.352202153167928,12.542857142857144,1.0,36.0,22.0,5.0,5.0,4.0,0.0,0.43073075576256287,0.7153653778812814,High
13,124,218,12.836665314837903,124.00826846176643,28874,18.15336598040382,11.657142857142857,1.0,49.0,33.0,9.0,6.0,1.0,0.0,0.4585482669585815,0.7292741334792907,High
13,125,36,12.575048974594788,124.94511551682778,28875,47.56135384183555,11.121428571428572,1.0,64.0,43.0,11.0,4.0,3.0,3.0,0.5273130672362366,0.7636565336181182,High
13,145,10,13.40077659942754,144.6770727653754,332,5.290183349286204,10.342857142857143,1.0,86.0,44.0,16.0,12.0,12.0,2.0,0.6262830509731586,0.8131415254865793,High
14,-92,52,14.3665948927896,-91.9662208632693,28658,40.864412260266654,9.992857142857144,0.9992857142857143,10.0,7.0,1.0,2.0,0.0,0.0,0.19854101935810217,0.5989133668219082,Medium
14,-91,33,13.9493,-90.97834242424244,28659,6.119655184810947,9.921428571428574,0.9921428571428574,6.0,5.0,1.0,0.0,0.0,0.0,0.11497603348077894,0.5535594453118182,Medium
14,-90,45,13.75989829253447,-90.15089875734188,28660,31.477702628584403,9.871428571428572,0.9871428571428572,0.0,0.0,0.0,0.0,0.0,0.0,0.0,0.4935714285714286,Medium
14,-88,1,13.5059,-87.6517,346,27.0224478850446,9.714285714285714,0.9714285714285713,0.0,0.0,0.0,0.0,0.0,0.0,0.0,0.48571428571428565,Medium
14,-84,36,13.75285790187646,-83.57008703432855,28666,55.043508253854654,10.221428571428572,1.0,8.0,5.0,3.0,0.0,0.0,0.0,0.16076229039348766,0.5803811451967438,Medium
14,-83,40,14.236975830461642,-83.21621927876654,28667,35.608052737479305,10.62142857142857,1.0,35.0,16.0,4.0,4.0,5.0,6.0,0.4900767141876971,0.7450383570938486,High
14,-80,5,14.37242919994272,-80.23813652352527,28670,49.068091162088834,11.021428571428572,1.0,28.0,15.0,5.0,6.0,2.0,0.0,0.39181832079586043,0.6959091603979302,High
14,-61,37,14.226089355594835,-60.89841604804749,28689,27.512709981195478,9.2,0.9199999999999999,25.0,11.0,8.0,5.0,1.0,0.0,0.37328745618981624,0.6466437280949081,Medium
14,-17,231,13.880859395237785,-16.61857209076677,28733,44.3558185612866,9.814285714285717,0.9814285714285716,0.0,0.0,0.0,0.0,0.0,0.0,0.0,0.4907142857142858,Medium
14,-16,140,13.873939862693854,-16.232851113554645,28734,29.391072763529774,9.614285714285714,0.9614285714285714,0.0,0.0,0.0,0.0,0.0,0.0,0.0,0.4807142857142857,Medium
14,-15,40,13.617057451689814,-15.25409538548332,28735,51.012858766163006,9.464285714285714,0.9464285714285714,0.0,0.0,0.0,0.0,0.0,0.0,0.0,0.4732142857142857,Medium
14,42,23,13.615830434782607,42.166013043478266,28432,46.45407494782828,9.650000000000002,0.9650000000000002,6.0,5.0,1.0,0.0,0.0,0.0,0.11497603348077894,0.5399880167403895,Medium
14,43,1,13.5175,43.2589,28433,60.78052897647387,9.55,0.9550000000000001,2.0,1.0,1.0,0.0,0.0,0.0,0.05684884360226022,0.5059244218011302,Medium
14,74,17,14.29511383750961,74.46002718386278,28464,60.66707888805708,9.80714285714286,0.9807142857142861,0.0,0.0,0.0,0.0,0.0,0.0,0.0,0.49035714285714305,Medium
14,75,4,13.85145,74.62035,28465,45.25224075363542,9.52857142857143,0.9528571428571431,0.0,0.0,0.0,0.0,0.0,0.0,0.0,0.47642857142857153,Medium
14,80,2,14.233419962607528,80.07161539242,28470,27.101654931488433,9.442857142857145,0.9442857142857145,3.0,2.0,1.0,0.0,0.0,0.0,0.07290648974244025,0.5085961020140773,Medium
14,93,10,13.558733966800526,92.9586395120057,28483,49.195220289393994,10.05,1.0,9.0,8.0,1.0,0.0,0.0,0.0,0.15019048322368797,0.575095241611844,Medium
14,98,77,13.904073874334948,98.1842347381232,28488,23.056028091558336,9.542857142857144,0.9542857142857144,4.0,1.0,3.0,0.0,0.0,0.0,0.11497603348077896,0.5346308738832467,Medium
14,100,27,13.554523359305016,100.3342616858119,270,27.28157355068445,21.54285714285714,1.0,0.0,0.0,0.0,0.0,0.0,0.0,0.0,0.5,Medium
14,101,34,13.561565131093047,100.77470247958384,270,21.650067784365056,21.54285714285714,1.0,0.0,0.0,0.0,0.0,0.0,0.0,0.0,0.5,Medium
14,109,17,14.011229411764706,109.17971176470589,28499,19.986911040613847,9.72857142857143,0.972857142857143,10.0,10.0,0.0,0.0,0.0,0.0,0.15019048322368797,0.5615238130404154,Medium
14,120,10,13.767775554395325,120.26669314638175,28510,39.25281238047202,15.107142857142858,1.0,13.0,12.0,1.0,0.0,0.0,0.0,0.18969574774032114,0.5948478738701606,Medium
14,121,43,14.01921792044296,120.77599356595128,28511,24.956051515716513,15.285714285714286,1.0,16.0,12.0,3.0,1.0,0.0,0.0,0.2451511520365387,0.6225755760182694,Medium
14,122,171,13.991798211648703,122.12875782388964,28512,14.32108498963679,14.635714285714288,1.0,39.0,28.0,7.0,3.0,0.0,1.0,0.4088884877753859,0.704444243887693,High
14,123,113,14.03919238121832,122.942367695293,28513,7.73625032657108,13.514285714285714,1.0,58.0,25.0,16.0,9.0,4.0,4.0,0.5557708294077383,0.7778854147038692,High
14,124,89,13.85572201150602,123.862020660962,28514,22.159569163853824,12.485714285714286,1.0,74.0,51.0,12.0,6.0,4.0,1.0,0.5455321184839146,0.7727660592419573,High
15,-93,145,15.178217197827973,-92.84091263982012,28297,26.517190912543512,10.385714285714286,1.0,7.0,4.0,2.0,0.0,1.0,0.0,0.17084220390065055,0.5854211019503253,Medium
15,-92,29,14.640891395845054,-92.3131545491736,28298,52.88829816996267,9.692857142857145,0.9692857142857145,0.0,0.0,0.0,0.0,0.0,0.0,0.0,0.48464285714285726,Medium
15,-84,59,15.329584745762713,-83.9349813559322,28306,37.28898399404916,10.80714285714286,1.0,23.0,12.0,8.0,1.0,2.0,0.0,0.34435399884298273,0.6721769994214913,High
15,-83,71,14.922449103484524,-83.3151706808804,28307,36.02744351500797,10.678571428571429,1.0,45.0,25.0,6.0,3.0,11.0,0.0,0.4989219858054781,0.749460992902739,High
15,-61,76,14.605323068292693,-60.92943830907645,28329,44.50377924462807,8.742857142857144,0.8742857142857143,8.0,6.0,1.0,0.0,1.0,0.0,0.17084220390065055,0.5225639590931824,Medium
15,-17,5,14.503895894145902,-17.082553738717344,935,42.25043136082602,9.678571428571429,0.9678571428571429,0.0,0.0,0.0,0.0,0.0,0.0,0.0,0.48392857142857143,Medium
15,40,97,15.172155670103091,40.159924742268046,28070,26.082283414147046,9.642857142857142,0.9642857142857142,1.0,0.0,0.0,1.0,0.0,0.0,0.05684884360226022,0.5105672789439872,Medium
15,41,45,14.84687777777778,40.69096666666667,28071,38.28261362217095,9.664285714285716,0.9664285714285716,7.0,5.0,0.0,2.0,0.0,0.0,0.16076229039348766,0.5635954309110296,Medium
15,43,61,15.115562295081968,42.80223770491804,28073,25.424711592975196,9.485714285714286,0.9485714285714286,0.0,0.0,0.0,0.0,0.0,0.0,0.0,0.4742857142857143,Medium
15,74,13,14.971893419308367,74.14709012645038,28104,16.622406650972664,9.642857142857144,0.9642857142857144,1.0,1.0,0.0,0.0,0.0,0.0,0.020651720676962596,0.4924687174813385,Medium
15,80,7,15.10519979344667,80.10788788417877,28110,16.726338074654084,9.328571428571433,0.9328571428571433,4.0,3.0,0.0,0.0,1.0,0.0,0.11497603348077896,0.5239165881689611,Medium
15,98,90,14.974327164455651,97.87206200115035,28128,14.484213888629125,9.421428571428573,0.9421428571428573,1.0,0.0,1.0,0.0,0.0,0.0,0.03950526451663314,0.4908240608297452,Medium
15,109,1,14.5525,109.0619,28139,50.14545366291932,9.8,0.9800000000000001,11.0,7.0,3.0,0.0,1.0,0.0,0.2152168658187279,0.597608432909364,Medium
15,118,3,15.179272113408128,117.73351344561092,28148,35.65045847036433,13.364285714285714,1.0,16.0,12.0,4.0,0.0,0.0,0.0,0.23804628387473534,0.6190231419373676,Medium
15,120,26,15.13437409219458,120.07046046478804,28150,16.84169378920447,15.385714285714286,1.0,6.0,5.0,1.0,0.0,0.0,0.0,0.11497603348077894,0.5574880167403895,Medium
15,121,55,14.77576909090909,120.7329690909091,104,34.12400497375938,15.700000000000005,1.0,17.0,14.0,1.0,1.0,0.0,1.0,0.2651665167044669,0.6325832583522335,Medium
15,122,82,14.835854314855585,122.03966750412216,28152,18.744648855652432,15.12857142857143,1.0,58.0,34.0,10.0,7.0,5.0,2.0,0.529205472848806,0.764602736424403,High
15,146,3,15.2174462414289,145.72572866366315,801,3.033154205718336,10.135714285714286,1.0,118.0,61.0,32.0,12.0,11.0,2.0,0.6746335871075728,0.8373167935537864,High
16,-99,7,16.449278330620277,-98.6702022596711,27931,61.86371354829023,12.528571428571428,1.0,30.0,18.0,5.0,4.0,3.0,0.0,0.39534163526022664,0.6976708176301133,High
16,-98,44,16.087084127474856,-97.89000394062312,27932,15.572781122330507,12.185714285714289,1.0,17.0,7.0,7.0,1.0,1.0,1.0,0.3160513398028967,0.6580256699014484,Medium
16,-97,33,15.85497212701674,-97.06322250904144,27933,17.561227734341468,11.757142857142862,1.0,4.0,3.0,1.0,0.0,0.0,0.0,0.08785580065104737,0.5439279003255237,Medium
16,-96,27,15.768626133641284,-96.0995236239209,27934,27.957640700244987,11.35714285714286,1.0,6.0,2.0,2.0,2.0,0.0,0.0,0.17084220390065055,0.5854211019503253,Medium
16,-95,40,16.2606828388596,-94.90467428009704,27935,30.809756215502023,10.978571428571428,1.0,13.0,10.0,1.0,1.0,1.0,0.0,0.23070052734422447,0.6153502636721122,Medium
16,-94,38,15.973221052631578,-93.87957368421053,27936,13.693823766544078,10.62142857142857,1.0,7.0,4.0,1.0,0.0,2.0,0.0,0.18969574774032114,0.5948478738701606,Medium
16,-93,50,15.584677975196591,-93.2811124817148,27937,55.668089353736555,10.285714285714286,1.0,0.0,0.0,0.0,0.0,0.0,0.0,0.0,0.5,Medium
16,-89,119,16.06649076714144,-88.69498414539618,27941,34.65186289027891,13.264285714285716,1.0,12.0,6.0,3.0,2.0,1.0,0.0,0.25203043031296174,0.6260152151564808,Medium
16,-88,77,16.03202668872744,-88.094474203543,27942,11.072818297586618,13.914285714285716,1.0,16.0,6.0,1.0,0.0,5.0,4.0,0.38089101056791247,0.6904455052839562,High
16,-87,41,15.92781726543066,-87.05104330301563,27943,9.813157101699904,13.464285714285715,1.0,23.0,11.0,5.0,2.0,5.0,0.0,0.3771225840125486,0.6885612920062743,High
16,-86,50,16.23890996890225,-86.19317277303436,27944,34.10314791041786,12.492857142857144,1.0,27.0,17.0,6.0,3.0,1.0,0.0,0.35722981004963617,0.678614905024818,High
16,-85,41,15.85803342422875,-84.78363202553227,27945,28.72512058513366,11.635714285714286,1.0,45.0,22.0,11.0,5.0,4.0,3.0,0.4989219858054781,0.749460992902739,High
16,-84,17,15.632852941176468,-84.22095882352941,27946,47.564473279783336,11.085714285714284,1.0,45.0,20.0,6.0,8.0,5.0,6.0,0.5310814937916004,0.7655407468958002,High
16,-83,3,16.10118605969797,-83.26845940405701,27947,31.845408699115463,10.828571428571433,1.0,54.0,23.0,15.0,3.0,8.0,5.0,0.5540976236776319,0.7770488118388159,High
16,-80,5,15.840384172028113,-79.89808825587467,27950,21.02072039525498,10.792857142857144,1.0,26.0,15.0,8.0,2.0,0.0,1.0,0.35722981004963617,0.678614905024818,High
16,-62,82,16.299691428241598,-61.57958790556334,910,10.418450842640778,8.371428571428572,0.8371428571428572,17.0,10.0,3.0,2.0,2.0,0.0,0.30038096644737594,0.5687619117951166,Medium
16,-61,54,16.146141529901072,-61.40792458103815,910,15.837440759438385,8.371428571428572,0.8371428571428572,7.0,4.0,1.0,1.0,1.0,0.0,0.1804739702670158,0.5088084137049365,Medium
16,-17,5,15.98554,-16.51038,28013,54.37151603878618,9.850000000000003,0.9850000000000003,0.0,0.0,0.0,0.0,0.0,0.0,0.0,0.49250000000000016,Medium
16,-16,25,16.146836814169724,-16.44387003775128,28014,51.89551654909407,9.592857142857143,0.9592857142857143,0.0,0.0,0.0,0.0,0.0,0.0,0.0,0.47964285714285715,Medium
16,39,11,16.04180909090909,39.387336363636365,27709,43.244075529114745,9.6,0.96,4.0,2.0,2.0,0.0,0.0,0.0,0.10183994708927374,0.5309199735446368,Medium
16,40,94,15.910795748656913,40.08009036641423,27710,13.306981316054575,9.671428571428573,0.9671428571428573,7.0,5.0,0.0,0.0,1.0,1.0,0.1896957477403211,0.5784193024415892,Medium
16,41,13,15.624684615384616,40.70623846153846,27711,52.903755101027166,9.678571428571429,0.9678571428571429,8.0,4.0,0.0,1.0,2.0,1.0,0.23804628387473534,0.6029517133659391,Medium
16,42,17,16.321005882352942,42.31164117647059,27712,49.66118159413872,9.642857142857144,0.9642857142857144,3.0,2.0,1.0,0.0,0.0,0.0,0.07290648974244025,0.5185961020140774,Medium
16,43,27,15.923596296296296,42.74851481481482,27713,29.17470338820697,9.464285714285714,0.9464285714285714,1.0,0.0,1.0,0.0,0.0,0.0,0.03950526451663314,0.4929669179726023,Medium
16,73,6,16.093733333333333,73.4672,27743,52.89260972952706,9.764285714285716,0.9764285714285716,0.0,0.0,0.0,0.0,0.0,0.0,0.0,0.4882142857142858,Medium
16,74,17,15.685361003778908,73.77557234937271,698,29.5796094912427,9.47857142857143,0.947857142857143,0.0,0.0,0.0,0.0,0.0,0.0,0.0,0.4739285714285715,Medium
16,80,4,15.64225,80.25665000000001,27750,48.872064060003055,9.092857142857143,0.9092857142857144,1.0,1.0,0.0,0.0,0.0,0.0,0.020651720676962596,0.4649687174813385,Medium
16,81,107,15.935865965208492,80.96211476750479,27751,8.2681703215808,9.264285714285716,0.9264285714285716,0.0,0.0,0.0,0.0,0.0,0.0,0.0,0.4632142857142858,Medium
16,82,17,16.408464705882352,81.80788823529413,27752,50.1039720398932,9.471428571428572,0.9471428571428572,2.0,2.0,0.0,0.0,0.0,0.0,0.03950526451663314,0.49332406082974517,Medium
16,94,30,16.137013333333336,94.37534666666669,27764,44.35249068114431,9.771428571428572,0.9771428571428572,2.0,0.0,1.0,1.0,0.0,0.0,0.08785580065104737,0.5324993288969523,Medium
16,95,427,15.995116620264891,95.0752637716929,27765,8.371845416653166,9.585714285714287,0.9585714285714287,3.0,2.0,0.0,0.0,1.0,0.0,0.10183994708927374,0.5302056878303513,Medium
16,96,83,16.240886187672608,95.92299237053408,27766,28.071443620690847,9.514285714285716,0.9514285714285716,1.0,1.0,0.0,0.0,0.0,0.0,0.020651720676962596,0.48604014605276713,Medium
16,97,23,16.447839130434783,96.93557826086958,27767,50.22183282011966,9.421428571428573,0.9421428571428573,5.0,2.0,1.0,0.0,0.0,2.0,0.1896957477403211,0.5659193024415892,Medium
16,98,86,16.090768012496493,97.65393629811504,27768,39.712399409882494,9.328571428571427,0.9328571428571427,3.0,2.0,0.0,1.0,0.0,0.0,0.08785580065104737,0.510356471754095,Medium
16,108,8,16.302735477803868,107.90258213429644,27778,35.300619586459945,9.80714285714286,0.9807142857142861,6.0,5.0,1.0,0.0,0.0,0.0,0.11497603348077894,0.5478451595975325,Medium
16,112,2,16.22878425984645,111.74148310739147,27782,38.318836880213006,9.992857142857144,0.9992857142857143,13.0,7.0,4.0,1.0,1.0,0.0,0.25203043031296174,0.625658072299338,Medium
16,120,72,16.016099891969606,120.011748742218,27790,2.2123262530572587,14.721428571428577,1.0,3.0,2.0,0.0,1.0,0.0,0.0,0.08785580065104737,0.5439279003255237,Medium
16,122,21,16.174192269448792,122.02271971108956,27792,19.499111914829392,14.671428571428573,1.0,59.0,30.0,13.0,4.0,10.0,2.0,0.5524113967603376,0.7762056983801688,High
17,-101,19,17.23853157894737,-100.8765,27569,29.81534470629716,12.657142857142858,1.0,37.0,29.0,4.0,4.0,0.0,0.0,0.38459501641064614,0.6922975082053231,High
17,-100,31,16.903736561305035,-100.0122199384766,27570,10.770990983831627,12.585714285714284,1.0,11.0,8.0,2.0,1.0,0.0,0.0,0.19854101935810217,0.599270509679051,Medium
17,-99,35,16.61852181877765,-99.10562140403675,27571,43.93714329759303,12.328571428571433,1.0,3.0,3.0,0.0,0.0,0.0,0.0,0.05684884360226022,0.5284244218011301,Medium
17,-88,153,17.140656589850007,-88.14403639324274,27582,22.346800212761927,13.464285714285714,1.0,50.0,27.0,11.0,6.0,2.0,4.0,0.5094937929752777,0.7547468964876389,High
17,-87,2,17.3989,-87.46979999999999,27583,68.40998080141465,13.214285714285714,1.0,70.0,28.0,15.0,10.0,10.0,7.0,0.6176884202917524,0.8088442101458762,High
17,-86,1,16.512894325575555,-85.85116665142186,27584,56.53631156128909,12.507142857142856,1.0,58.0,30.0,17.0,5.0,6.0,0.0,0.5254039882316897,0.7627019941158448,High
17,-72,1,17.4687,-71.6357,27598,65.89270590725488,10.12857142857143,1.0,16.0,11.0,4.0,1.0,0.0,0.0,0.25203043031296174,0.6260152151564808,Medium
17,-63,5,17.299382298725128,-62.69320489903531,27607,47.581725993393434,9.007142857142858,0.9007142857142858,14.0,10.0,2.0,0.0,2.0,0.0,0.25203043031296174,0.5763723580136237,Medium
17,-62,55,17.074415345049164,-61.76354880062829,27608,27.515199185445084,8.65,0.865,16.0,12.0,1.0,3.0,0.0,0.0,0.25869800455169795,0.561849002275849,Medium
17,39,13,16.617592307692306,39.1495,27349,45.575725878255135,9.657142857142858,0.9657142857142859,9.0,4.0,2.0,1.0,2.0,0.0,0.2307005273442245,0.5982074065292552,Medium
17,40,5,16.51066,40.16002,27350,57.14721956102496,9.7,0.97,6.0,3.0,1.0,0.0,0.0,2.0,0.19854101935810217,0.584270509679051,Medium
17,42,111,16.85188102398106,41.985878168479815,27352,16.515762021297917,9.514285714285716,0.9514285714285716,0.0,0.0,0.0,0.0,0.0,0.0,0.0,0.4757142857142858,Medium
17,43,20,16.772468436971735,42.63451289833107,27353,47.788230916516525,9.342857142857143,0.9342857142857144,0.0,0.0,0.0,0.0,0.0,0.0,0.0,0.4671428571428572,Medium
17,54,5,17.02834,54.34586,27364,38.519126407010006,9.742857142857146,0.9742857142857145,0.0,0.0,0.0,0.0,0.0,0.0,0.0,0.48714285714285727,Medium
17,73,5,16.979419999999998,73.29742000000002,27383,33.092559548770524,9.614285714285716,0.9614285714285715,0.0,0.0,0.0,0.0,0.0,0.0,0.0,0.48071428571428576,Medium
17,74,1,16.5223,73.52170000000001,27384,75.03535797062521,9.357142857142858,0.9357142857142857,0.0,0.0,0.0,0.0,0.0,0.0,0.0,0.46785714285714286,Medium
17,82,98,16.746253246355447,82.28379176925397,27392,42.25663478331766,9.171428571428574,0.9171428571428575,0.0,0.0,0.0,0.0,0.0,0.0,0.0,0.45857142857142874,Medium
17,94,12,16.929715830152237,94.42593889941338,27404,47.918561225973,9.721428571428572,0.9721428571428572,4.0,4.0,0.0,0.0,0.0,0.0,0.07290648974244025,0.5225246734426487,Medium
17,95,20,17.28593,94.5738,27405,56.96824581091508,9.514285714285716,0.9514285714285716,1.0,1.0,0.0,0.0,0.0,0.0,0.020651720676962596,0.48604014605276713,Medium
17,96,30,16.651053333333333,96.25408,145,16.168610657097247,11.414285714285713,1.0,1.0,1.0,0.0,0.0,0.0,0.0,0.020651720676962596,0.5103258603384813,Medium
17,97,101,16.87658519766843,97.03700125927914,27407,14.301481667970748,9.264285714285716,0.9264285714285716,2.0,1.0,0.0,1.0,0.0,0.0,0.07290648974244025,0.49966753058550595,Medium
17,98,12,16.55633333333333,97.63246666666667,27408,63.94995655541892,9.20714285714286,0.920714285714286,0.0,0.0,0.0,0.0,0.0,0.0,0.0,0.460357142857143,Medium
17,107,55,16.94222970029001,107.1106378005809,27417,13.854174288808967,9.80714285714286,0.9807142857142861,8.0,6.0,1.0,0.0,1.0,0.0,0.17084220390065055,0.5757782448074683,Medium
17,108,6,16.523733347782347,107.61146381448648,27418,68.2257589270891,9.935714285714289,0.9935714285714289,21.0,15.0,2.0,2.0,2.0,0.0,0.3160513398028966,0.6548113841871628,Medium
17,111,1,17.078433313448794,111.49689431340782,27421,55.83815732887494,10.078571428571427,1.0,12.0,11.0,1.0,0.0,0.0,0.0,0.18047397026701575,0.5902369851335079,Medium
17,112,2,17.10921106014981,111.52389775402868,27422,54.21988178803961,10.078571428571427,1.0,18.0,15.0,2.0,1.0,0.0,0.0,0.25203043031296174,0.6260152151564808,Medium
17,120,15,17.046926666666668,120.40352666666668,27430,45.09331559589868,13.714285714285715,1.0,5.0,4.0,0.0,1.0,0.0,0.0,0.11497603348077896,0.5574880167403895,Medium
17,122,15,17.240822585662393,122.38321627784585,27432,50.239025919755726,13.664285714285716,1.0,15.0,8.0,4.0,2.0,1.0,0.0,0.2775515483913685,0.6387757741956842,Medium
18,-103,1,18.3007,-103.4131,27207,56.71568869457545,12.107142857142858,1.0,51.0,30.0,13.0,6.0,2.0,0.0,0.4808549367143917,0.7404274683571959,High
18,-102,18,17.8432,-101.91285555555557,27208,19.912173083512414,12.25,1.0,15.0,8.0,3.0,0.0,4.0,0.0,0.30038096644737594,0.650190483223688,Medium
18,-101,7,17.554773768819214,-101.43356036525158,27209,68.98102901442647,12.314285714285717,1.0,3.0,3.0,0.0,0.0,0.0,0.0,0.05684884360226022,0.5284244218011301,Medium
18,-95,8,18.203326104279547,-94.62725310850333,435,23.75439533875112,10.521428571428572,1.0,1.0,1.0,0.0,0.0,0.0,0.0,0.020651720676962596,0.5103258603384813,Medium
18,-94,66,18.246647117146328,-93.86671750208532,27216,31.119424523524234,10.721428571428572,1.0,1.0,0.0,1.0,0.0,0.0,0.0,0.03950526451663314,0.5197526322583166,Medium
18,-93,119,18.36809308330555,-93.00732748056927,27217,40.86642696370871,11.27142857142857,1.0,0.0,0.0,0.0,0.0,0.0,0.0,0.0,0.5,Medium
18,-92,149,18.44777770276964,-91.94475683026572,492,22.797957735250474,11.935714285714289,1.0,1.0,0.0,1.0,0.0,0.0,0.0,0.03950526451663314,0.5197526322583166,Medium
18,-91,24,18.450717476939072,-91.4106462293529,492,52.67227303881935,11.935714285714289,1.0,0.0,0.0,0.0,0.0,0.0,0.0,0.0,0.5,Medium
18,-88,165,18.01641822534315,-88.11302478814031,27222,12.677425051099368,12.664285714285716,1.0,56.0,24.0,11.0,9.0,10.0,2.0,0.5607142924620436,0.7803571462310218,High
18,-87,8,18.438375,-87.35464999999999,27223,62.58955880147315,12.578571428571427,1.0,72.0,42.0,16.0,3.0,7.0,4.0,0.5733706818116316,0.7866853409058159,High
18,-78,42,18.263091249093684,-77.97099265570475,27232,29.380094161583358,10.071428571428571,1.0,21.0,10.0,4.0,5.0,1.0,1.0,0.35722981004963617,0.678614905024818,High
18,-77,50,17.95788985311409,-76.98391740043218,27233,5.003520590873855,10.078571428571433,1.0,34.0,16.0,9.0,5.0,2.0,2.0,0.44228971300119296,0.7211448565005965,High
18,-76,39,18.03131784223585,-76.27745705160532,27234,30.99330358689737,10.29285714285714,1.0,42.0,26.0,6.0,7.0,3.0,0.0,0.45326314969346326,0.7266315748467316,High
18,-74,25,18.24477268749408,-73.64655239169596,27236,47.722110650119426,10.442857142857145,1.0,33.0,25.0,4.0,3.0,0.0,1.0,0.3771225840125486,0.6885612920062743,High
18,-73,26,18.391158904234256,-73.15627439619223,27237,46.755510501593164,10.27142857142857,1.0,20.0,10.0,4.0,3.0,3.0,0.0,0.34435399884298273,0.6721769994214913,High
18,-72,2,18.1075,-71.87099999999998,27238,18.63916085155298,10.064285714285717,1.0,13.0,9.0,4.0,0.0,0.0,0.0,0.2152168658187279,0.607608432909364,Medium
18,-71,36,18.000102642206688,-71.08288941070302,27239,9.200731642201811,9.87857142857143,0.987857142857143,20.0,6.0,9.0,2.0,2.0,1.0,0.3613571551322152,0.6746071489946791,High
18,-70,2,18.2357,-70.1981,27240,34.176123099321714,9.85,0.985,18.0,11.0,4.0,2.0,1.0,0.0,0.29489512747699553,0.6399475637384977,Medium
18,-69,14,18.29425714285714,-68.95899999999999,27241,32.97807312282956,9.864285714285716,0.9864285714285715,22.0,13.0,5.0,4.0,0.0,0.0,0.32590208452578273,0.6561653279771771,Medium
18,-67,48,18.04472657729508,-66.89623253307052,27243,12.542584435389584,9.971428571428572,0.9971428571428571,11.0,5.0,5.0,1.0,0.0,0.0,0.22309697296612824,0.6101199150544927,Medium
18,-66,63,18.27491234224636,-65.87655006595075,574,33.06911745904306,10.107142857142858,1.0,10.0,7.0,3.0,0.0,0.0,0.0,0.1804739702670158,0.5902369851335079,Medium
18,-65,43,18.244331945498985,-64.90281296274736,763,10.789160545556173,10.007142857142858,1.0,17.0,14.0,1.0,2.0,0.0,0.0,0.25203043031296174,0.6260152151564808,Medium
18,-64,1,18.494364163387832,-64.35250288708563,763,65.28095514249445,10.007142857142858,1.0,9.0,4.0,3.0,2.0,0.0,0.0,0.20703932682594817,0.603519663412974,Medium
18,-63,39,18.08583844614349,-63.02049999284334,27247,9.79601793266759,9.392857142857142,0.9392857142857143,6.0,3.0,2.0,0.0,1.0,0.0,0.16076229039348766,0.550024002339601,Medium
18,-62,25,17.681953652848584,-61.83345368897357,27248,39.8505695296319,9.164285714285713,0.9164285714285713,11.0,8.0,2.0,1.0,0.0,0.0,0.19854101935810217,0.5574847953933367,Medium
18,38,27,18.198255555555555,38.322181481481486,26988,41.9906078681069,9.585714285714287,0.9585714285714287,2.0,2.0,0.0,0.0,0.0,0.0,0.03950526451663314,0.49903834654403095,Medium
18,39,8,17.887225,38.638000000000005,26989,42.08674463415502,9.685714285714289,0.9685714285714289,9.0,3.0,4.0,2.0,0.0,0.0,0.2152168658187279,0.5918941471950784,Medium
18,41,7,18.343385714285716,41.47101428571428,26991,64.70149973249984,9.60714285714286,0.960714285714286,2.0,2.0,0.0,0.0,0.0,0.0,0.03950526451663314,0.5001097751154595,Medium
18,42,45,17.891064444444446,41.798073333333335,26992,25.467506275836417,9.392857142857142,0.9392857142857143,1.0,1.0,0.0,0.0,0.0,0.0,0.020651720676962596,0.47996871748133846,Medium
18,73,51,18.0658056564548,73.10671080711339,27023,13.916045154569721,9.435714285714283,0.9435714285714283,1.0,1.0,0.0,0.0,0.0,0.0,0.020651720676962596,0.48211157462419546,Medium
18,94,50,18.19857438019342,94.41608109795254,27044,51.17512495763252,9.62857142857143,0.962857142857143,1.0,1.0,0.0,0.0,0.0,0.0,0.020651720676962596,0.4917544317670528,Medium
18,95,18,17.672159773224152,94.5562122042116,27045,61.24412521748139,9.44285714285714,0.944285714285714,0.0,0.0,0.0,0.0,0.0,0.0,0.0,0.472142857142857,Medium
18,106,76,18.13244463467869,106.187040735926,27056,25.439548058827665,9.70714285714286,0.9707142857142861,5.0,4.0,0.0,1.0,0.0,0.0,0.11497603348077896,0.5428451595975325,Medium
18,107,12,17.671333333333333,106.5384,27057,62.8985530657109,9.87142857142857,0.987142857142857,16.0,12.0,2.0,2.0,0.0,0.0,0.25203043031296174,0.6195866437279094,Medium
18,110,3,18.2901,109.7067,27060,45.79108549597845,10.05,1.0,21.0,18.0,1.0,1.0,0.0,1.0,0.2892667833615012,0.6446333916807506,Medium
18,120,6,17.7956,120.42206666666668,27070,52.05410430427306,12.685714285714289,1.0,17.0,16.0,1.0,0.0,0.0,0.0,0.22309697296612824,0.6115484864830641,Medium
18,121,19,18.440897226001017,121.05269747396144,27071,49.28792330100448,12.771428571428574,1.0,1.0,1.0,0.0,0.0,0.0,0.0,0.020651720676962596,0.5103258603384813,Medium
18,122,31,18.19704953154362,122.06789976504768,27072,23.13461988685123,12.735714285714286,1.0,37.0,21.0,11.0,3.0,1.0,1.0,0.42471150577641326,0.7123557528882066,High
19,-156,1,18.9603,-155.6261,26794,41.73619188785586,12.242857142857146,1.0,0.0,0.0,0.0,0.0,0.0,0.0,0.0,0.5,Medium
19,-105,18,19.28001772863426,-104.82967245383632,26845,36.380476712201045,11.371428571428575,1.0,78.0,37.0,21.0,9.0,9.0,2.0,0.6034536329171512,0.8017268164585756,High
19,-104,44,18.893696742701756,-104.03033857999698,26846,12.270803723344631,11.52142857142857,1.0,23.0,14.0,6.0,3.0,0.0,0.0,0.32590208452578273,0.6629510422628914,High
19,-96,98,18.7180460495191,-95.83536961487818,480,9.268599380953159,10.085714285714287,1.0,22.0,13.0,4.0,2.0,3.0,0.0,0.34435399884298273,0.6721769994214913,High
19,-95,2,18.57479545423253,-95.0563275996402,26855,47.61003431763112,10.500000000000002,1.0,4.0,3.0,0.0,0.0,1.0,0.0,0.11497603348077896,0.5574880167403895,Medium
19,-93,30,18.564406558845626,-92.64082320032718,26857,62.66828592379424,11.564285714285717,1.0,4.0,2.0,0.0,1.0,0.0,1.0,0.15019048322368797,0.575095241611844,Medium
19,-92,271,18.56603258436839,-92.13506612342066,492,32.42920138295325,11.935714285714289,1.0,1.0,1.0,0.0,0.0,0.0,0.0,0.020651720676962596,0.5103258603384813,Medium
19,-91,276,18.894279615107983,-91.13036887227412,26859,18.63109213557424,12.07142857142857,1.0,1.0,1.0,0.0,0.0,0.0,0.0,0.020651720676962596,0.5103258603384813,Medium
19,-88,344,18.964464731131336,-87.84093894517956,26862,18.091016360131338,12.085714285714284,1.0,68.0,30.0,16.0,10.0,10.0,2.0,0.5896477498088771,0.7948238749044385,High
19,-87,32,18.77425544252663,-87.35486505492284,26863,46.68468034593619,12.085714285714284,1.0,56.0,24.0,10.0,12.0,9.0,1.0,0.5574312135120333,0.7787156067560166,High
19,-81,39,19.323576288172227,-81.23914523988418,775,9.348634298823512,10.714285714285714,1.0,30.0,14.0,6.0,7.0,3.0,0.0,0.41852025414175115,0.7092601270708756,High
19,-78,4,18.509812389669055,-77.72584675684458,26872,62.34247523676558,9.657142857142857,0.9657142857142856,24.0,11.0,8.0,2.0,3.0,0.0,0.3693832232587527,0.6675487544865192,High
19,-74,65,18.55265625805706,-73.76058829818001,26876,56.31917147054216,10.471428571428572,1.0,12.0,6.0,5.0,1.0,0.0,0.0,0.2307005273442245,0.6153502636721122,Medium
19,-73,33,19.059384280382528,-72.85130026881609,26877,17.773211998140766,10.27142857142857,1.0,3.0,3.0,0.0,0.0,0.0,0.0,0.05684884360226022,0.5284244218011301,Medium
19,-72,5,18.6439471444974,-72.34415642030494,26878,54.96655416411987,10.028571428571428,1.0,0.0,0.0,0.0,0.0,0.0,0.0,0.0,0.5,Medium
19,-70,34,19.22160875209726,-69.69657935136854,26880,41.70625099527119,9.814285714285717,0.9814285714285716,2.0,1.0,1.0,0.0,0.0,0.0,0.05684884360226022,0.5191387075154159,Medium
19,-69,38,19.022996714802417,-69.10712868064486,26881,12.162177917575146,9.87142857142857,0.987142857142857,4.0,3.0,1.0,0.0,0.0,0.0,0.08785580065104737,0.5374993288969522,Medium
19,-68,10,18.609764526636035,-68.39334836172748,26882,61.50308152826399,9.992857142857146,0.9992857142857146,18.0,12.0,3.0,3.0,0.0,0.0,0.2834883325096015,0.641387023397658,Medium
19,-64,5,18.612010791774832,-64.36024982644477,26886,58.76876767130805,10.0,1.0,10.0,4.0,3.0,3.0,0.0,0.0,0.2307005273442245,0.6153502636721122,Medium
19,-17,1,19.3781,-16.508300000000002,26933,68.84939976862526,9.764285714285716,0.9764285714285716,0.0,0.0,0.0,0.0,0.0,0.0,0.0,0.4882142857142858,Medium
19,37,10,19.10868,37.37328000000001,26627,43.154496117517986,9.507142857142856,0.9507142857142856,2.0,0.0,0.0,0.0,1.0,1.0,0.13907630013781322,0.5448952929260494,Medium
19,38,16,18.668975,37.74785000000001,26628,46.18949588459572,9.650000000000002,0.9650000000000002,10.0,4.0,3.0,0.0,1.0,2.0,0.2651665167044669,0.6150832583522335,Medium
19,40,2,19.192540860933004,40.2076840926596,26630,31.435675327383677,9.678571428571429,0.9678571428571429,4.0,2.0,1.0,0.0,1.0,0.0,0.1273610651676805,0.5476091040124117,Medium
19,41,26,18.92566153846154,41.178953846153846,26631,21.509579288896376,9.514285714285716,0.9514285714285716,4.0,2.0,2.0,0.0,0.0,0.0,0.10183994708927374,0.5266342592589227,Medium
19,73,92,19.04413542947344,72.94307445681615,26663,7.9954322475451365,9.271428571428572,0.9271428571428573,0.0,0.0,0.0,0.0,0.0,0.0,0.0,0.46357142857142863,Medium
19,93,6,19.13283333333333,93.47893333333332,26683,55.1684329559014,9.607142857142858,0.9607142857142857,4.0,3.0,0.0,1.0,0.0,0.0,0.10183994708927374,0.5312771164017798,Medium
19,94,325,19.085344518219408,93.94295467073844,26684,11.39460084716169,9.464285714285712,0.9464285714285712,0.0,0.0,0.0,0.0,0.0,0.0,0.0,0.4732142857142856,Medium
19,106,59,18.948384112905664,105.7255604461548,576,17.193437401370318,2.7642857142857147,0.27642857142857147,17.0,12.0,4.0,0.0,0.0,1.0,0.2714475091005425,0.273938040264557,Low
19,109,2,19.2516,108.6469,26699,48.12617080726431,9.95,0.9949999999999999,1.0,1.0,0.0,0.0,0.0,0.0,0.020651720676962596,0.5078258603384812,Medium
19,111,7,19.43272434830022,110.7573335173914,26701,55.06958053945072,10.042857142857144,1.0,27.0,21.0,4.0,2.0,0.0,0.0,0.32590208452578273,0.6629510422628914,High
19,121,7,18.798537707133864,121.11101469528352,26711,25.532730940350522,10.164285714285716,1.0,62.0,37.0,20.0,3.0,2.0,0.0,0.5074202932733242,0.753710146636662,High
19,122,15,18.69899974084238,122.04951703178236,26712,33.860111518867924,10.271428571428572,1.0,64.0,39.0,13.0,8.0,2.0,2.0,0.5329414113517309,0.7664707056758655,High
20,-156,2,19.88739783324423,-155.93504674069965,26434,14.429220354143808,12.17857142857143,1.0,0.0,0.0,0.0,0.0,0.0,0.0,0.0,0.5,Medium
20,-106,1,20.0587,-105.5233,26484,53.31335662083124,10.900000000000002,1.0,71.0,46.0,13.0,7.0,5.0,0.0,0.5437776225388854,0.7718888112694426,High
20,-105,9,19.77821290461972,-105.3103687003424,26485,42.34300776828007,10.992857142857144,1.0,9.0,6.0,1.0,1.0,1.0,0.0,0.19854101935810217,0.599270509679051,Medium
20,-97,32,20.243725,-96.8195625,26493,33.66056781149158,10.87857142857143,1.0,5.0,2.0,2.0,1.0,0.0,0.0,0.13907630013781325,0.5695381500689066,Medium
20,-96,6,19.7428,-96.42413333333332,26494,55.05878885409508,10.907142857142857,1.0,26.0,15.0,7.0,0.0,3.0,1.0,0.37328745618981624,0.6866437280949081,High
20,-91,5,19.65118,-90.61514,26499,57.655136566068684,12.128571428571428,1.0,1.0,1.0,0.0,0.0,0.0,0.0,0.020651720676962596,0.5103258603384813,Medium
20,-90,248,20.23017658839534,-90.41001117942784,26500,52.19248199650011,12.107142857142858,1.0,2.0,2.0,0.0,0.0,0.0,0.0,0.03950526451663314,0.5197526322583166,Medium
20,-88,47,19.729897493305184,-87.63058932373346,26502,50.79625023324235,11.907142857142858,1.0,44.0,21.0,10.0,6.0,5.0,2.0,0.4967442884264332,0.7483721442132166,High
20,-87,52,20.04896915246773,-87.35957185081892,26503,40.28090343382538,11.892857142857142,1.0,55.0,29.0,13.0,3.0,6.0,4.0,0.5347854996343341,0.7673927498171671,High
20,-80,4,19.6848,-80.04159999999999,26510,35.29059922415592,9.95714285714286,0.9957142857142861,41.0,22.0,11.0,2.0,5.0,1.0,0.4637075360625691,0.7297109108884277,High
20,-78,14,20.10962857142857,-77.65275714285714,972,32.201212289022,9.271428571428572,0.9271428571428573,22.0,16.0,2.0,2.0,2.0,0.0,0.3210326871243385,0.6240877721335979,Medium
20,-77,32,20.27572495174323,-77.11376180897612,26513,33.108157057809834,9.442857142857145,0.9442857142857145,21.0,13.0,5.0,1.0,0.0,2.0,0.3306644534907038,0.6374750838882092,Medium
20,-76,4,19.96615,-76.23310000000001,26514,26.145491577565405,9.885714285714286,0.9885714285714287,19.0,7.0,6.0,3.0,2.0,1.0,0.35302231735551426,0.6707968729634715,High
20,-75,11,20.06851818181818,-74.99917272727272,26515,7.606072512274799,10.257142857142856,1.0,28.0,10.0,10.0,1.0,4.0,3.0,0.4336788157332894,0.7168394078666447,High
20,-74,3,20.30913637884999,-74.35589710762305,26516,52.326588155438955,10.342857142857143,1.0,6.0,5.0,0.0,0.0,0.0,1.0,0.15019048322368797,0.575095241611844,Medium
20,-73,26,19.81364117641893,-72.98111477554583,26517,20.791773476994003,10.235714285714284,1.0,5.0,3.0,1.0,1.0,0.0,0.0,0.1273610651676805,0.5636805325838402,Medium
20,-72,52,19.767794691046472,-71.88952096192887,26518,28.543391191487057,10.078571428571433,1.0,0.0,0.0,0.0,0.0,0.0,0.0,0.0,0.5,Medium
20,-71,14,19.841900000000003,-70.95975714285714,26519,18.10868898971189,9.957142857142856,0.9957142857142856,7.0,3.0,3.0,1.0,0.0,0.0,0.17084220390065055,0.583278244807468,Medium
20,-70,6,19.616666666666667,-70.11463333333332,26520,44.41182624583171,9.907142857142857,0.9907142857142857,5.0,5.0,0.0,0.0,0.0,0.0,0.08785580065104737,0.5392850431826666,Medium
20,-17,1,19.553381074412847,-16.514512624691594,26573,73.22353383839348,9.692857142857145,0.9692857142857145,0.0,0.0,0.0,0.0,0.0,0.0,0.0,0.48464285714285726,Medium
20,-16,3,19.883925317302683,-16.31927534416752,26574,37.70898517741232,9.47857142857143,0.947857142857143,0.0,0.0,0.0,0.0,0.0,0.0,0.0,0.4739285714285715,Medium
20,37,16,20.016713840579808,37.2342045157646,26267,26.062815995591293,9.52142857142857,0.9521428571428571,4.0,1.0,1.0,0.0,2.0,0.0,0.16076229039348766,0.5564525737681724,Medium
20,40,43,20.237979069767444,40.05144418604652,26270,27.0258312927178,9.521428571428572,0.9521428571428572,4.0,3.0,0.0,1.0,0.0,0.0,0.10183994708927374,0.5269914021160654,Medium
20,41,35,19.671763890292336,40.74072126073522,26271,46.42990927505299,9.364285714285716,0.9364285714285716,0.0,0.0,0.0,0.0,0.0,0.0,0.0,0.4682142857142858,Medium
20,59,1,20.43453921491933,58.73322320654259,962,31.190582906002955,9.185714285714289,0.9185714285714288,0.0,0.0,0.0,0.0,0.0,0.0,0.0,0.4592857142857144,Medium
20,73,64,19.9790797400264,72.76289756145675,26303,26.42061714787921,9.092857142857143,0.9092857142857144,0.0,0.0,0.0,0.0,0.0,0.0,0.0,0.4546428571428572,Medium
20,86,38,20.01749860256976,86.34943142992427,26316,38.835492018957474,9.214285714285714,0.9214285714285714,4.0,2.0,1.0,1.0,0.0,0.0,0.11497603348077896,0.5182023024546751,Medium
20,87,46,20.36384347826087,86.68291304347827,659,10.587888765201006,8.892857142857144,0.8892857142857145,6.0,4.0,1.0,0.0,1.0,0.0,0.15019048322368797,0.5197380987547012,Medium
20,93,197,20.160601239390097,93.07196872521769,26323,19.53481917125476,9.457142857142856,0.9457142857142855,0.0,0.0,0.0,0.0,0.0,0.0,0.0,0.47285714285714275,Medium
20,94,78,19.71356265502811,93.7334447835702,26324,43.431795974400046,9.328571428571427,0.9328571428571427,1.0,1.0,0.0,0.0,0.0,0.0,0.020651720676962596,0.4767544317670527,Medium
20,106,48,19.900577547426703,106.06724061739364,26336,13.322832374075677,9.69285714285714,0.969285714285714,11.0,6.0,3.0,0.0,2.0,0.0,0.23804628387473534,0.6036659990802247,Medium
20,107,45,20.33265555555556,106.5837177777778,525,44.48030162968343,9.8,0.9800000000000001,9.0,7.0,2.0,0.0,0.0,0.0,0.16076229039348766,0.5703811451967439,Medium
20,109,7,19.790757142857142,109.29155714285714,26339,39.83464174557078,9.921428571428573,0.9921428571428572,13.0,6.0,3.0,1.0,1.0,2.0,0.29489512747699553,0.6435189923099264,Medium
20,110,33,20.16954756106592,109.96965601320176,26340,19.11880607336628,9.892857142857142,0.9892857142857142,17.0,13.0,3.0,1.0,0.0,0.0,0.25203043031296174,0.620658072299338,Medium
20,111,24,19.81451540335915,110.7051021957224,26341,38.67027975247353,9.992857142857144,0.9992857142857143,18.0,12.0,4.0,2.0,0.0,0.0,0.2775515483913685,0.6384186313385414,Medium
21,-158,26,21.359494266776327,-157.94349772796912,109,9.835626295765179,11.171428571428573,1.0,0.0,0.0,0.0,0.0,0.0,0.0,0.0,0.5,Medium
21,-157,2,21.080990275813846,-156.9183421362076,26073,12.766173406959634,11.500000000000002,1.0,0.0,0.0,0.0,0.0,0.0,0.0,0.0,0.5,Medium
21,-156,1,20.731881573962887,-155.9836231396884,26074,29.816610812134808,11.814285714285717,1.0,0.0,0.0,0.0,0.0,0.0,0.0,0.0,0.5,Medium
21,-106,2,20.7409,-105.5482,26124,57.81129467543573,10.635714285714284,1.0,46.0,28.0,12.0,3.0,3.0,0.0,0.4585482669585815,0.7292741334792907,High
21,-105,12,21.07838333333333,-105.24053333333332,26125,28.08107638503913,10.65,1.0,0.0,0.0,0.0,0.0,0.0,0.0,0.0,0.5,Medium
21,-98,4,21.4299,-97.5302,544,52.63952497933445,11.750000000000002,1.0,4.0,3.0,0.0,1.0,0.0,0.0,0.10183994708927374,0.5509199735446368,Medium
21,-97,48,21.08560223456004,-97.3400975062226,544,9.567724950435771,11.750000000000002,1.0,24.0,11.0,8.0,3.0,2.0,0.0,0.36540734904241584,0.682703674521208,High
21,-90,405,20.88685660483176,-90.24340359268204,26140,29.794090758432294,12.2,1.0,8.0,5.0,1.0,1.0,0.0,1.0,0.19854101935810217,0.599270509679051,Medium
21,-89,94,21.39291377479924,-88.8967269770463,26141,45.09477312791953,12.107142857142858,1.0,8.0,6.0,1.0,0.0,1.0,0.0,0.17084220390065055,0.5854211019503253,Medium
21,-88,22,21.461411977516324,-87.67050606282342,26142,62.93487272164405,11.921428571428573,1.0,25.0,15.0,5.0,4.0,1.0,0.0,0.35302231735551426,0.6765111586777571,High
21,-87,160,21.140360330937348,-86.9831389744875,26143,15.692007100466066,11.892857142857142,1.0,52.0,26.0,7.0,9.0,7.0,3.0,0.5384272503221113,0.7692136251610556,High
21,-83,4,21.46495,-82.89515,26147,52.905448868949385,11.092857142857143,1.0,40.0,28.0,5.0,2.0,4.0,1.0,0.4365873032328375,0.7182936516164188,High
21,-79,68,21.051586969471156,-78.83088968427994,26151,19.62520001724505,9.435714285714289,0.9435714285714288,28.0,16.0,6.0,3.0,3.0,0.0,0.38459501641064614,0.6640832224910375,High
21,-78,107,20.884252963810503,-78.27773582348036,26152,33.39874793200348,9.185714285714283,0.9185714285714284,6.0,4.0,1.0,0.0,1.0,0.0,0.15019048322368797,0.5343809558975582,Medium
21,-77,107,21.020745015613198,-77.01659161913189,26153,2.9485860366348846,9.22857142857143,0.9228571428571429,11.0,8.0,3.0,0.0,0.0,0.0,0.18969574774032114,0.556276445298732,Medium
21,-76,50,20.86400130090992,-75.77697551230577,26154,28.995351982668605,9.507142857142858,0.9507142857142858,12.0,12.0,0.0,0.0,0.0,0.0,0.17084220390065055,0.5607782448074682,Medium
21,-75,27,20.68726510765028,-75.1043799089897,26155,36.59605835136541,9.942857142857145,0.9942857142857144,12.0,8.0,3.0,1.0,0.0,0.0,0.2152168658187279,0.6047512900522212,Medium
21,-74,34,21.069205510386723,-73.58393400510201,26156,46.81783611385679,10.19285714285714,1.0,10.0,8.0,1.0,1.0,0.0,0.0,0.18047397026701575,0.5902369851335079,Medium
21,-73,49,21.122113871267462,-73.22710616789368,26157,28.621863680075187,10.285714285714286,1.0,11.0,9.0,1.0,1.0,0.0,0.0,0.18969574774032114,0.5948478738701606,Medium
21,-72,1,21.29721838803152,-71.70555489357079,26158,46.43949901090424,10.242857142857142,1.0,3.0,1.0,1.0,1.0,0.0,0.0,0.10183994708927374,0.5509199735446368,Medium
21,-71,22,21.410031917074168,-71.14819635982663,26159,48.3950241684615,10.142857142857142,1.0,8.0,7.0,1.0,0.0,0.0,0.0,0.13907630013781325,0.5695381500689066,Medium
21,37,10,20.70868,37.23946,25907,41.85869223129168,9.542857142857144,0.9542857142857144,4.0,1.0,1.0,0.0,1.0,1.0,0.17084220390065055,0.5625639590931825,Medium
21,39,43,21.19236046511628,39.229574418604656,25909,33.24574381000977,9.371428571428572,0.9371428571428572,6.0,1.0,2.0,0.0,3.0,0.0,0.2152168658187279,0.5761798614807925,Medium
21,40,7,20.62858571428572,39.56501428571429,25910,63.48978221865099,9.2,0.9199999999999999,0.0,0.0,0.0,0.0,0.0,0.0,0.0,0.45999999999999996,Medium
21,58,2,20.626854519251665,58.251226656709605,25928,49.93179056498721,9.321428571428571,0.9321428571428572,0.0,0.0,0.0,0.0,0.0,0.0,0.0,0.4660714285714286,Medium
21,59,6,20.717461314638395,58.678872327187285,962,21.61883868340864,9.185714285714289,0.9185714285714288,0.0,0.0,0.0,0.0,0.0,0.0,0.0,0.4592857142857144,Medium
21,70,1,21.413441569645155,69.80026187584974,25940,50.96692247101268,9.285714285714286,0.9285714285714286,0.0,0.0,0.0,0.0,0.0,0.0,0.0,0.4642857142857143,Medium
21,71,40,20.79408449927786,71.054248079144,25941,23.636497405457366,9.042857142857144,0.9042857142857145,0.0,0.0,0.0,0.0,0.0,0.0,0.0,0.45214285714285724,Medium
21,72,45,21.153838463101877,71.87416195811187,25942,22.061228502511025,8.864285714285714,0.8864285714285713,0.0,0.0,0.0,0.0,0.0,0.0,0.0,0.44321428571428567,Medium
21,73,118,21.04606654534929,72.73386086492772,25943,29.980721055983114,8.757142857142858,0.8757142857142858,0.0,0.0,0.0,0.0,0.0,0.0,0.0,0.4378571428571429,Medium
21,87,137,20.775795826362984,86.8721226130776,25957,28.65007355847172,9.121428571428572,0.9121428571428571,2.0,1.0,1.0,0.0,0.0,0.0,0.05684884360226022,0.48449585037255866,Medium
21,92,69,20.928567637297792,92.2768179951365,25962,31.733342093379026,9.4,0.9400000000000001,4.0,1.0,1.0,1.0,0.0,1.0,0.16076229039348766,0.5503811451967439,Medium
21,93,63,20.63855417496045,92.86297712349908,25963,42.90668396450378,9.30714285714286,0.930714285714286,0.0,0.0,0.0,0.0,0.0,0.0,0.0,0.465357142857143,Medium
21,107,184,20.877707454920245,106.99427647324414,25977,13.589331272054702,9.7,0.97,7.0,6.0,0.0,1.0,0.0,0.0,0.13907630013781325,0.5545381500689066,Medium
21,108,66,21.26936662277513,107.72677619131568,25978,42.5883765300483,9.771428571428572,0.9771428571428572,17.0,13.0,3.0,0.0,0.0,1.0,0.2651665167044669,0.621154686923662,Medium
21,109,10,21.44496,109.26972,772,21.41508475537841,9.607142857142858,0.9607142857142857,18.0,12.0,3.0,1.0,2.0,0.0,0.29489512747699553,0.6278047065956407,Medium
21,110,81,20.97905214674152,110.2037144877191,25980,22.731543915420065,9.814285714285717,0.9814285714285716,17.0,12.0,3.0,2.0,0.0,0.0,0.2651665167044669,0.6232975440665193,Medium
21,111,35,21.27308857142857,110.76098,25981,40.283661500729494,9.878571428571428,0.9878571428571428,20.0,11.0,4.0,3.0,1.0,1.0,0.3353243979368963,0.6615907703970195,High
21,117,4,20.66485003286651,116.82659131321628,25987,41.88629867786872,10.499999999999998,1.0,52.0,29.0,18.0,4.0,1.0,0.0,0.47848683592649066,0.7392434179632453,High
22,-160,6,21.904502506239798,-159.70501810552875,25710,34.416102557596616,11.014285714285716,1.0,0.0,0.0,0.0,0.0,0.0,0.0,0.0,0.5,Medium
22,-158,3,21.58703333333333,-157.97150000000002,508,26.6403972331517,11.171428571428573,1.0,0.0,0.0,0.0,0.0,0.0,0.0,0.0,0.5,Medium
22,-106,131,22.178673426722995,-105.5770543387452,25764,50.964260310273794,10.342857142857143,1.0,31.0,17.0,7.0,2.0,2.0,3.0,0.42163799232423044,0.7108189961621152,High
22,-105,126,21.908929790319256,-105.42488872270124,25765,48.23383758914483,10.342857142857143,1.0,0.0,0.0,0.0,0.0,0.0,0.0,0.0,0.5,Medium
22,-98,71,22.11362676056338,-97.84565492957746,586,15.963186679115486,12.185714285714283,1.0,24.0,12.0,6.0,5.0,1.0,0.0,0.3613571551322152,0.6806785775661076,High
22,-97,8,21.56525,-97.3728,544,62.9223551546069,11.750000000000002,1.0,40.0,17.0,17.0,2.0,3.0,1.0,0.46114325684086366,0.7305716284204318,High
22,-89,11,21.510101213287893,-88.58411432959461,25781,71.33092775522438,12.114285714285714,1.0,36.0,19.0,7.0,2.0,6.0,2.0,0.4585482669585815,0.7292741334792907,High
22,-88,76,21.55118938385451,-88.15867622510156,25782,52.839860790759445,11.97857142857143,1.0,36.0,20.0,8.0,3.0,4.0,1.0,0.4394572665851892,0.7197286332925946,High
22,-87,17,21.52959411764706,-87.15319411764706,25783,54.91417280015774,11.985714285714286,1.0,37.0,20.0,8.0,6.0,3.0,0.0,0.4394572665851892,0.7197286332925946,High
22,-85,43,21.93672654639797,-84.67704818068046,719,25.081174706839395,11.864285714285716,1.0,31.0,20.0,5.0,5.0,1.0,0.0,0.38459501641064614,0.6922975082053231,High
22,-84,103,22.12846872182137,-84.15037353176854,25786,21.95343496177325,11.62142857142857,1.0,40.0,17.0,11.0,4.0,8.0,0.0,0.483197435911274,0.741598717955637,High
22,-83,102,21.913270973693123,-82.94572128946638,25787,11.35682569793288,11.2,1.0,37.0,15.0,10.0,4.0,7.0,1.0,0.4760925677494707,0.7380462838747354,High
22,-82,144,22.108025698766905,-81.85635864195984,25788,19.949881293443823,10.75,1.0,37.0,17.0,8.0,6.0,5.0,1.0,0.4662418230265846,0.7331209115132923,High
22,-81,52,22.008422547257325,-81.34292318502614,25789,38.0759528949867,10.30714285714286,1.0,34.0,16.0,7.0,5.0,5.0,1.0,0.4505714496710639,0.725285724835532,High
22,-80,32,21.852333016657468,-80.01433562294434,978,11.675737938394587,9.785714285714286,0.9785714285714286,18.0,12.0,4.0,0.0,2.0,0.0,0.2892667833615012,0.633919105966465,Medium
22,-79,160,22.03941088036212,-78.88040064173313,25791,13.977727167374516,9.47857142857143,0.947857142857143,8.0,2.0,3.0,3.0,0.0,0.0,0.2152168658187279,0.5815370043379354,Medium
22,-78,209,22.1405186519108,-78.02069590514425,25792,15.765834515010768,9.22857142857143,0.9228571428571429,8.0,6.0,0.0,0.0,2.0,0.0,0.18969574774032114,0.556276445298732,Medium
22,-77,45,21.648457919215208,-77.28322646019741,25793,50.109961552826164,9.257142857142858,0.9257142857142858,10.0,8.0,1.0,1.0,0.0,0.0,0.18047397026701575,0.5530941279906508,Medium
22,-74,9,22.303885197361797,-74.19434890353718,25796,40.03973399667239,10.035714285714288,1.0,11.0,7.0,0.0,3.0,1.0,0.0,0.23804628387473534,0.6190231419373676,Medium
22,-73,42,22.308660476512355,-73.01757120277394,25797,34.316783575779496,10.2,1.0,13.0,9.0,1.0,3.0,0.0,0.0,0.23804628387473534,0.6190231419373676,Medium
22,-72,192,21.793461228879423,-71.9071238688628,25798,25.137086495443192,10.235714285714284,1.0,11.0,5.0,5.0,0.0,1.0,0.0,0.23070052734422447,0.6153502636721122,Medium
22,-71,9,21.647769606969764,-71.49084671784307,25799,67.06060661155755,10.178571428571429,1.0,13.0,9.0,4.0,0.0,0.0,0.0,0.2152168658187279,0.607608432909364,Medium
22,37,9,21.597544444444445,36.914344444444446,25547,45.67314133684642,9.55714285714286,0.9557142857142861,5.0,1.0,2.0,0.0,2.0,0.0,0.18047397026701575,0.568094127990651,Medium
22,39,56,22.03982585502913,39.05969895640605,25549,7.965798144651103,9.292857142857144,0.9292857142857145,4.0,3.0,0.0,0.0,1.0,0.0,0.11497603348077896,0.5221308738832467,Medium
22,60,3,22.3849,59.81176666666667,25570,47.55929655093696,9.592857142857143,0.9592857142857143,0.0,0.0,0.0,0.0,0.0,0.0,0.0,0.47964285714285715,Medium
22,69,44,22.31593028992149,69.217064425775,765,22.88973208697362,9.142857142857142,0.9142857142857143,0.0,0.0,0.0,0.0,0.0,0.0,0.0,0.45714285714285713,Medium
22,70,64,22.37283103853175,69.69368923670977,25580,53.56014748587136,8.957142857142857,0.8957142857142857,0.0,0.0,0.0,0.0,0.0,0.0,0.0,0.44785714285714284,Medium
22,72,207,21.962978403675997,72.34799414879463,255,18.858700206551962,11.528571428571428,1.0,0.0,0.0,0.0,0.0,0.0,0.0,0.0,0.5,Medium
22,73,153,21.943197900288517,72.6048121814838,255,37.381811421077295,11.528571428571428,1.0,0.0,0.0,0.0,0.0,0.0,0.0,0.0,0.5,Medium
22,87,24,21.57895777778661,87.34017157451196,25597,60.083024808331196,8.928571428571429,0.8928571428571429,0.0,0.0,0.0,0.0,0.0,0.0,0.0,0.44642857142857145,Medium
22,88,196,21.799337712104705,88.1945281680076,253,23.06828470754998,4.878571428571429,0.4878571428571429,3.0,3.0,0.0,0.0,0.0,0.0,0.05684884360226022,0.2723529932297015,Low
22,89,2157,21.98386996666672,89.09620486164833,25599,10.827794475159859,9.135714285714288,0.9135714285714288,6.0,6.0,0.0,0.0,0.0,0.0,0.10183994708927374,0.5077056878303513,Medium
22,90,1296,22.090808738685244,89.74110894230152,25600,30.453433473251927,9.221428571428572,0.9221428571428572,3.0,2.0,0.0,1.0,0.0,0.0,0.08785580065104737,0.5049993288969523,Medium
22,91,242,22.155351493665744,90.82580133310664,811,25.900006461047038,10.914285714285713,1.0,7.0,3.0,1.0,2.0,1.0,0.0,0.19854101935810217,0.599270509679051,Medium
22,92,79,21.772566612555664,91.90355675169263,25602,27.421099473681988,9.214285714285714,0.9214285714285714,1.0,1.0,0.0,0.0,0.0,0.0,0.020651720676962596,0.471040146052767,Medium
22,108,40,21.60914042506645,108.18486294573115,25618,47.99328810263547,9.614285714285714,0.9614285714285714,2.0,2.0,0.0,0.0,0.0,0.0,0.03950526451663314,0.5004669179726022,Medium
22,109,94,21.69597957500048,108.73400083935122,25619,44.83959993683785,9.685714285714283,0.9685714285714283,1.0,1.0,0.0,0.0,0.0,0.0,0.020651720676962596,0.49461157462419547,Medium
22,110,13,21.618638461538463,109.61880769230768,25620,59.85197798940886,9.7,0.97,4.0,2.0,0.0,2.0,0.0,0.0,0.1273610651676805,0.5486805325838402,Medium
22,111,5,21.51634,111.14838,25621,56.15586649692101,9.714285714285715,0.9714285714285715,2.0,1.0,1.0,0.0,0.0,0.0,0.05684884360226022,0.5141387075154159,Medium
22,112,74,21.82388564350715,112.12636202596056,25622,24.060034967863633,9.80714285714286,0.9807142857142861,9.0,6.0,3.0,0.0,0.0,0.0,0.17084220390065055,0.5757782448074683,Medium
22,113,72,22.120429300065265,113.2576835059857,25623,31.57242867826076,9.885714285714284,0.9885714285714284,24.0,11.0,6.0,5.0,2.0,0.0,0.37328745618981624,0.6809294423806224,High
22,114,53,22.39813434860166,113.86157239001416,748,19.375797451172794,9.014285714285716,0.9014285714285716,24.0,16.0,6.0,1.0,1.0,0.0,0.32590208452578273,0.6136653279771771,Medium
22,115,4,22.4882,114.57535,963,39.87293395102065,10.042857142857144,1.0,22.0,18.0,2.0,2.0,0.0,0.0,0.28926678336150125,0.6446333916807506,Medium
22,121,1,21.9352647285694,120.75286550639014,25631,28.357429043496534,10.485714285714284,1.0,51.0,37.0,8.0,5.0,1.0,0.0,0.455921821887838,0.727960910943919,High
23,-107,5,23.42478,-106.54902,446,28.76853810371298,10.064285714285717,1.0,53.0,40.0,7.0,4.0,2.0,0.0,0.4611432568408636,0.7305716284204318,High
23,-106,52,22.7823,-105.89819615384614,25404,26.676353847613104,10.042857142857144,1.0,8.0,6.0,2.0,0.0,0.0,0.0,0.15019048322368797,0.575095241611844,Medium
23,-98,23,22.99182173913044,-97.8182391304348,25412,20.19586895924308,12.12142857142857,1.0,18.0,12.0,4.0,0.0,2.0,0.0,0.2892667833615012,0.6446333916807506,Medium
23,-84,43,22.672862322280064,-83.98390596330499,25426,36.35619894208081,11.435714285714289,1.0,24.0,14.0,4.0,5.0,1.0,0.0,0.35302231735551426,0.6765111586777571,High
23,-83,53,22.8185097912926,-82.92494152078687,25427,21.80026185950947,11.2,1.0,22.0,13.0,3.0,2.0,1.0,3.0,0.36540734904241584,0.682703674521208,High
23,-82,65,22.68891945249848,-82.00400474807819,25428,34.53280200114575,10.942857142857145,1.0,21.0,14.0,4.0,1.0,2.0,0.0,0.3160513398028966,0.6580256699014483,Medium
23,-81,114,23.12220279608264,-80.91178841617129,25429,16.72928975528076,10.642857142857142,1.0,14.0,13.0,0.0,0.0,1.0,0.0,0.2152168658187279,0.607608432909364,Medium
23,-80,138,22.933644610725214,-80.02789854925385,25430,7.989969934716842,10.285714285714286,1.0,4.0,1.0,0.0,2.0,1.0,0.0,0.16076229039348766,0.5803811451967438,Medium
23,-79,84,22.594025362640288,-79.07368817533732,25431,45.799486883550756,9.814285714285717,0.9814285714285716,24.0,13.0,6.0,3.0,2.0,0.0,0.35722981004963617,0.6693291907391039,High
23,-78,3,22.522566666666663,-78.3977,25432,68.97271317049992,9.485714285714286,0.9485714285714286,16.0,11.0,3.0,1.0,1.0,0.0,0.2651665167044669,0.6068689726379477,Medium
23,-76,61,23.459561004002552,-75.75675548223911,25434,57.716180173683625,9.47857142857143,0.947857142857143,17.0,10.0,4.0,2.0,1.0,0.0,0.28926678336150125,0.6185619631093221,Medium
23,-75,79,23.11570849499777,-75.07768951434045,25435,15.470117608431028,9.69285714285714,0.969285714285714,20.0,17.0,3.0,0.0,0.0,0.0,0.25869800455169795,0.6139918594187059,Medium
23,-74,51,22.81037588226647,-73.8760259208282,25436,25.14753403293038,9.942857142857145,0.9942857142857144,17.0,8.0,3.0,3.0,3.0,0.0,0.32590208452578273,0.6600938994057486,High
23,-73,2,22.599802016769008,-73.49070522761457,25437,70.28588420950653,10.085714285714284,1.0,14.0,11.0,0.0,1.0,2.0,0.0,0.25203043031296174,0.6260152151564808,Medium
23,36,36,22.87026950385017,35.87960751562264,25186,19.64554249895388,9.5,0.95,2.0,2.0,0.0,0.0,0.0,0.0,0.03950526451663314,0.49475263225831656,Medium
23,39,56,22.965324450765998,38.88342952950733,25189,13.499657499093312,9.314285714285717,0.9314285714285717,1.0,1.0,0.0,0.0,0.0,0.0,0.020651720676962596,0.4760401460527672,Medium
23,59,23,23.038039130434782,59.099265217391306,25209,11.799753612661235,9.407142857142857,0.9407142857142856,0.0,0.0,0.0,0.0,0.0,0.0,0.0,0.4703571428571428,Medium
23,60,12,22.53465,59.66588333333334,25210,63.58900911419323,9.542857142857144,0.9542857142857144,0.0,0.0,0.0,0.0,0.0,0.0,0.0,0.4771428571428572,Medium
23,69,11,22.699093376981875,69.31240627150869,765,36.22351122606883,9.142857142857142,0.9142857142857143,0.0,0.0,0.0,0.0,0.0,0.0,0.0,0.45714285714285713,Medium
23,70,218,22.79662804170469,70.15088077891076,363,25.95418759527999,8.892857142857144,0.8892857142857145,0.0,0.0,0.0,0.0,0.0,0.0,0.0,0.44464285714285723,Medium
23,71,9,23.092616491872597,70.5570515441954,363,38.271167533832234,8.892857142857144,0.8892857142857145,0.0,0.0,0.0,0.0,0.0,0.0,0.0,0.44464285714285723,Medium
23,89,11,22.57604545454545,89.40473636363637,25239,65.06048716945071,8.992857142857144,0.8992857142857144,1.0,1.0,0.0,0.0,0.0,0.0,0.020651720676962596,0.4599687174813385,Medium
23,90,18,22.55995555555556,89.57006666666666,25240,68.28816927622066,9.035714285714288,0.9035714285714288,0.0,0.0,0.0,0.0,0.0,0.0,0.0,0.4517857142857144,Medium
23,91,75,22.63380133333333,91.201324,25241,46.38589151252804,9.071428571428571,0.9071428571428571,3.0,2.0,0.0,1.0,0.0,0.0,0.08785580065104737,0.49749932889695225,Medium
23,92,8,22.639775,91.5469,25242,64.25180713848205,9.071428571428571,0.9071428571428571,2.0,2.0,0.0,0.0,0.0,0.0,0.03950526451663314,0.47332406082974515,Medium
23,113,5,22.743540000000003,113.45798,25263,58.263625301315166,9.764285714285718,0.9764285714285718,3.0,3.0,0.0,0.0,0.0,0.0,0.05684884360226022,0.516638707515416,Medium
23,114,38,22.68786774162636,113.7182693001399,748,39.127845502457085,9.014285714285716,0.9014285714285716,6.0,4.0,0.0,2.0,0.0,0.0,0.15019048322368797,0.5258095273261297,Medium
23,115,20,22.705082787439945,114.773716823232,25265,41.261588878036285,9.921428571428567,0.9921428571428568,12.0,10.0,2.0,0.0,0.0,0.0,0.1896957477403211,0.590919302441589,Medium
23,117,6,23.443070193620187,116.82705710295596,25267,52.794526868507184,10.092857142857142,1.0,25.0,16.0,7.0,1.0,1.0,0.0,0.3353243979368962,0.6676621989684481,High
23,120,43,23.2395823645233,120.11132307365985,25270,29.324287502516164,10.30714285714286,1.0,12.0,9.0,1.0,2.0,0.0,0.0,0.2152168658187279,0.607608432909364,Medium
24,-112,11,24.40573601619675,-111.58304896280649,25038,64.57776257563935,10.0,1.0,32.0,20.0,10.0,1.0,1.0,0.0,0.3771225840125486,0.6885612920062743,High
24,-111,12,24.322870644967576,-111.42682113588866,25039,59.40540549602846,9.964285714285714,0.9964285714285713,31.0,21.0,7.0,3.0,0.0,0.0,0.36540734904241584,0.6809179602354936,High
24,-110,20,24.246677707622933,-110.34944588765076,437,8.511447781858447,10.007142857142858,1.0,58.0,38.0,8.0,7.0,5.0,0.0,0.5094937929752777,0.7547468964876389,High
24,-108,36,24.43181456688625,-107.6039447428438,25042,65.03914140076282,9.892857142857142,0.9892857142857142,47.0,33.0,5.0,8.0,1.0,0.0,0.45326314969346326,0.7212744319895887,High
24,-107,53,24.12263326867132,-107.19512353013272,25043,25.58113200503557,9.85714285714286,0.985714285714286,7.0,6.0,0.0,1.0,0.0,0.0,0.13907630013781325,0.5623952929260496,Medium
24,-98,26,23.729369822970494,-97.78344701702852,25052,38.47329288754056,11.914285714285716,1.0,32.0,23.0,5.0,2.0,1.0,1.0,0.38089101056791247,0.6904455052839562,High
24,-78,182,24.121601283466514,-77.84750313908205,25072,21.649884795187365,10.057142857142855,1.0,12.0,6.0,5.0,0.0,0.0,1.0,0.24515115203653867,0.6225755760182693,Medium
24,-77,19,24.293053325862367,-76.64165994572235,25073,51.38327115167256,9.564285714285717,0.9564285714285716,18.0,13.0,2.0,2.0,0.0,1.0,0.28926678336150125,0.6228476773950364,Medium
24,-76,102,23.7276709634293,-75.97461771498338,25074,30.359537852996635,9.5,0.95,13.0,10.0,1.0,0.0,2.0,0.0,0.23804628387473534,0.5940231419373676,Medium
24,-75,152,23.882943724735306,-74.99890892289088,25075,12.993810970929363,9.578571428571433,0.9578571428571433,11.0,8.0,2.0,0.0,1.0,0.0,0.20703932682594817,0.5824482348415457,Medium
24,-74,11,23.996452656564973,-74.48891627026511,25076,54.27113443037449,9.764285714285716,0.9764285714285716,8.0,4.0,0.0,3.0,1.0,0.0,0.2152168658187279,0.5958227186236498,Medium
24,35,33,24.138124626855028,35.374037678445745,24825,44.2586102704278,9.4,0.9400000000000001,1.0,0.0,1.0,0.0,0.0,0.0,0.03950526451663314,0.4897526322583166,Medium
24,36,31,23.976667741935483,35.61803548387097,24826,42.477088917840405,9.514285714285714,0.9514285714285714,4.0,2.0,0.0,1.0,0.0,1.0,0.15019048322368797,0.5508095273261296,Medium
24,37,10,24.419264187139657,37.43221183919226,24827,66.83910255696473,9.528571428571428,0.9528571428571428,3.0,1.0,0.0,1.0,0.0,1.0,0.13907630013781322,0.545966721497478,Medium
24,38,49,24.044185714285717,38.06862653061225,24828,9.059924478938415,9.392857142857142,0.9392857142857143,3.0,2.0,1.0,0.0,0.0,0.0,0.07290648974244025,0.5060961020140773,Medium
24,39,7,23.549614285714288,38.57747142857144,24829,68.54892020051494,9.22857142857143,0.9228571428571429,2.0,1.0,1.0,0.0,0.0,0.0,0.05684884360226022,0.48985299322970155,Medium
24,52,21,24.101286473711337,52.20160804560266,24842,25.04391087022526,9.414285714285713,0.9414285714285713,3.0,2.0,1.0,0.0,0.0,0.0,0.07290648974244025,0.5071675305855058,Medium
24,53,54,24.200419378705323,52.95884436793596,24843,22.710750118382748,9.364285714285714,0.9364285714285714,3.0,2.0,0.0,0.0,0.0,1.0,0.11497603348077894,0.5257023024546752,Medium
24,54,161,24.230150102003748,54.05524636108099,24844,26.272372811891053,9.292857142857144,0.9292857142857145,5.0,4.0,0.0,1.0,0.0,0.0,0.11497603348077896,0.5221308738832467,Medium
24,55,14,24.432700000000004,54.55137142857143,24845,69.18576530864053,9.142857142857142,0.9142857142857143,1.0,1.0,0.0,0.0,0.0,0.0,0.020651720676962596,0.46746871748133845,Medium
24,57,11,24.33611818181818,56.75422727272728,24847,46.21916117912497,9.242857142857144,0.9242857142857144,1.0,1.0,0.0,0.0,0.0,0.0,0.020651720676962596,0.4724687174813385,Medium
24,58,16,23.69216639781379,58.20812334733213,24848,41.246150393934634,9.37142857142857,0.937142857142857,0.0,0.0,0.0,0.0,0.0,0.0,0.0,0.4685714285714285,Medium
24,59,12,23.586366666666667,58.621633333333335,24849,62.224769333280626,9.435714285714289,0.9435714285714288,0.0,0.0,0.0,0.0,0.0,0.0,0.0,0.4717857142857144,Medium
24,67,11,24.183886933077897,67.41010079974362,24857,49.88793341871545,8.885714285714286,0.8885714285714286,0.0,0.0,0.0,0.0,0.0,0.0,0.0,0.4442857142857143,Medium
24,68,21,23.970061984043348,67.96870977611171,24858,4.806906117144427,8.428571428571429,0.8428571428571429,0.0,0.0,0.0,0.0,0.0,0.0,0.0,0.42142857142857143,Medium
24,69,3,23.88100233117666,68.72722152887849,24859,33.03411834892116,8.307142857142859,0.8307142857142858,0.0,0.0,0.0,0.0,0.0,0.0,0.0,0.4153571428571429,Medium
24,117,17,23.6877887194134,117.1317569290116,24907,37.61504416654276,9.914285714285713,0.9914285714285713,11.0,10.0,1.0,0.0,0.0,0.0,0.17084220390065055,0.5811353876646109,Medium
24,118,48,24.125481687992064,117.77347433238992,24908,28.74439936921378,10.007142857142856,1.0,10.0,9.0,1.0,0.0,0.0,0.0,0.16076229039348766,0.5803811451967438,Medium
24,120,32,24.0659065276081,120.35985525787405,24910,40.60832668466825,10.207142857142856,1.0,4.0,4.0,0.0,0.0,0.0,0.0,0.07290648974244025,0.5364532448712201,Medium
24,121,10,24.28930049666868,120.53450478938926,24911,60.83575415963572,10.30714285714286,1.0,3.0,3.0,0.0,0.0,0.0,0.0,0.05684884360226022,0.5284244218011301,Medium
24,124,95,24.354988914211138,123.88695597582227,866,30.434549320592886,10.842857142857142,1.0,35.0,26.0,5.0,3.0,1.0,0.0,0.38459501641064614,0.6922975082053231,High
25,-171,2,25.407253301691348,-170.62189527323704,24619,61.68429258464868,11.242857142857146,1.0,0.0,0.0,0.0,0.0,0.0,0.0,0.0,0.5,Medium
25,-112,120,24.877720798970536,-112.05287205445634,24678,14.787456972251837,10.02857142857143,1.0,11.0,8.0,3.0,0.0,0.0,0.0,0.18969574774032114,0.5948478738701606,Medium
25,-111,11,24.91161319381069,-110.6224557538086,24679,43.04051090869302,9.95,0.9949999999999999,43.0,22.0,5.0,5.0,8.0,3.0,0.5074202932733242,0.7512101466366621,High
25,-109,44,25.415627011213704,-108.76491947842054,24681,53.00278058825465,9.8,0.9800000000000001,82.0,43.0,24.0,9.0,5.0,1.0,0.5910686012302496,0.7855343006151249,High
25,-108,164,24.87263275393637,-108.02492676877908,24682,14.405969483282833,9.67857142857143,0.9678571428571431,20.0,17.0,1.0,1.0,1.0,0.0,0.2775515483913685,0.6227043456242558,Medium
25,-82,46,24.61611138204704,-81.72642699044131,130,11.82822727213516,10.985714285714286,1.0,21.0,12.0,4.0,2.0,1.0,2.0,0.34873150258179014,0.674365751290895,High
25,-81,442,25.174603906458817,-80.94002292732405,24709,20.492588221843683,11.207142857142856,1.0,19.0,12.0,4.0,2.0,1.0,0.0,0.30038096644737594,0.650190483223688,Medium
25,-80,93,25.25780728229061,-80.36998757124681,24710,50.0553878698909,11.007142857142858,1.0,16.0,7.0,2.0,5.0,2.0,0.0,0.3210326871243385,0.6605163435621693,High
25,-79,21,25.205078737024163,-79.01096919309991,24711,22.796279350727037,10.528571428571428,1.0,21.0,12.0,5.0,2.0,2.0,0.0,0.3306644534907038,0.6653322267453519,High
25,-78,179,24.91727256749184,-78.17585353094539,24712,21.57181334742138,10.185714285714289,1.0,20.0,11.0,4.0,2.0,2.0,1.0,0.33988623096400905,0.6699431154820046,High
25,-77,79,25.14367765514792,-76.95669714563626,24713,16.65680874823145,10.042857142857144,1.0,14.0,10.0,3.0,0.0,1.0,0.0,0.23804628387473534,0.6190231419373676,Medium
25,-76,148,24.88496106748052,-76.1344305529998,24714,19.639639250613506,9.871428571428572,0.9871428571428572,21.0,12.0,6.0,1.0,2.0,0.0,0.32590208452578273,0.65652247083432,Medium
25,35,19,25.10137165659718,34.86774708569,24465,18.49642600765256,9.435714285714289,0.9435714285714288,1.0,0.0,0.0,0.0,1.0,0.0,0.07290648974244025,0.5082389591569345,Medium
25,37,58,25.106994899012506,37.12656830435811,24467,18.396368623833677,9.414285714285716,0.9414285714285716,1.0,1.0,0.0,0.0,0.0,0.0,0.020651720676962596,0.4810401460527671,Medium
25,50,12,25.398300000000003,50.40368333333333,24480,62.94816983846731,9.321428571428571,0.9321428571428572,0.0,0.0,0.0,0.0,0.0,0.0,0.0,0.4660714285714286,Medium
25,51,45,25.28054,50.80695333333334,24481,37.80030107440891,9.364285714285716,0.9364285714285716,1.0,1.0,0.0,0.0,0.0,0.0,0.020651720676962596,0.4785401460527671,Medium
25,52,25,25.074466369926444,51.70669534790721,24482,33.5897186363822,9.435714285714283,0.9435714285714283,9.0,4.0,2.0,3.0,0.0,0.0,0.2152168658187279,0.5793941471950781,Medium
25,53,6,24.75236666666667,52.9476,24483,28.09594579739173,9.428571428571429,0.9428571428571428,11.0,4.0,3.0,2.0,1.0,1.0,0.2714475091005425,0.6071523259788427,Medium
25,54,15,24.66059333333333,54.10886000000001,24484,39.56451478675351,9.328571428571433,0.9328571428571433,8.0,3.0,2.0,0.0,2.0,1.0,0.23804628387473534,0.5854517133659393,Medium
25,55,86,24.94447906976744,54.959900000000005,24485,7.602149807284801,9.178571428571429,0.9178571428571429,5.0,2.0,0.0,2.0,1.0,0.0,0.17084220390065055,0.5443496733788967,Medium
25,56,32,25.125475,56.17595,24486,23.987913641626506,9.142857142857142,0.9142857142857143,0.0,0.0,0.0,0.0,0.0,0.0,0.0,0.45714285714285713,Medium
25,57,6,24.589366666666667,56.54583333333334,24487,67.96310693560079,9.264285714285714,0.9264285714285714,0.0,0.0,0.0,0.0,0.0,0.0,0.0,0.4632142857142857,Medium
25,59,2,25.4692783795225,59.22355140603267,24489,57.698375350666936,9.37142857142857,0.937142857142857,2.0,2.0,0.0,0.0,0.0,0.0,0.03950526451663314,0.4883240608297451,Medium
25,60,1,25.37977471802381,60.31120133005027,24490,54.500333574885126,9.357142857142858,0.9357142857142857,3.0,1.0,2.0,0.0,0.0,0.0,0.08785580065104737,0.5117850431826665,Medium
25,61,3,25.182181159490412,61.485306615801086,24491,57.539608467884484,9.342857142857142,0.9342857142857142,0.0,0.0,0.0,0.0,0.0,0.0,0.0,0.4671428571428571,Medium
25,62,9,25.17985458637416,61.6935844463488,24492,39.43831152162814,9.30714285714286,0.930714285714286,0.0,0.0,0.0,0.0,0.0,0.0,0.0,0.465357142857143,Medium
25,64,16,25.42285385045636,64.03577000638458,24494,47.104412854925556,9.242857142857144,0.9242857142857144,0.0,0.0,0.0,0.0,0.0,0.0,0.0,0.4621428571428572,Medium
25,67,27,24.698069557027733,67.19276411751629,141,27.672697628435948,9.100000000000003,0.9100000000000004,0.0,0.0,0.0,0.0,0.0,0.0,0.0,0.4550000000000002,Medium
25,68,1,24.702643445342648,67.50112788911089,141,60.14748473469232,9.100000000000003,0.9100000000000004,1.0,1.0,0.0,0.0,0.0,0.0,0.020651720676962596,0.4653258603384815,Medium
25,118,14,24.6050272918091,118.17867647687684,453,21.01509909870598,10.242857142857144,1.0,2.0,2.0,0.0,0.0,0.0,0.0,0.03950526451663314,0.5197526322583166,Medium
25,119,32,25.15586404345269,118.96140840384156,24549,17.82333444012181,10.035714285714286,1.0,5.0,5.0,0.0,0.0,0.0,0.0,0.08785580065104737,0.5439279003255237,Medium
25,120,2,25.4554,119.5977,24550,67.44877803526153,10.192857142857145,1.0,2.0,2.0,0.0,0.0,0.0,0.0,0.03950526451663314,0.5197526322583166,Medium
25,121,3,25.117583563640228,121.30176017654657,24551,35.9484255524448,10.364285714285714,1.0,6.0,6.0,0.0,0.0,0.0,0.0,0.10183994708927374,0.5509199735446368,Medium
25,124,2,24.5897,124.3241,866,34.099391503369,10.842857142857142,1.0,26.0,20.0,4.0,0.0,2.0,0.0,0.3306644534907038,0.6653322267453519,High
25,125,18,24.83147213954653,125.24227974093168,24555,32.759316362353196,10.95,1.0,26.0,15.0,10.0,1.0,0.0,0.0,0.33988623096400905,0.6699431154820046,High
26,-174,7,26.011505077554347,-173.9323795913498,24256,7.613731428497731,11.328571428571433,1.0,0.0,0.0,0.0,0.0,0.0,0.0,0.0,0.5,Medium
26,-113,13,26.45711037218355,-112.83064659064956,24317,54.10956492288272,10.107142857142858,1.0,10.0,9.0,1.0,0.0,0.0,0.0,0.16076229039348766,0.5803811451967438,Medium
26,-112,16,25.64451880828237,-112.08724227382672,24318,40.62934987941221,10.042857142857144,1.0,8.0,3.0,5.0,0.0,0.0,0.0,0.18047397026701575,0.5902369851335079,Medium
26,-111,2,25.91438507601346,-111.32856342844484,24319,37.68835647570869,9.957142857142856,0.9957142857142856,59.0,19.0,7.0,17.0,12.0,4.0,0.6034536329171512,0.7995839593157184,High
26,-109,107,25.89148806712857,-109.19940010547728,24321,25.198525993488662,9.7,0.97,24.0,15.0,4.0,3.0,2.0,0.0,0.34873150258179014,0.659365751290895,Medium
26,-98,1,25.84439231814063,-97.50915595387193,306,40.03667648142158,12.107142857142858,1.0,20.0,7.0,6.0,6.0,1.0,0.0,0.35302231735551426,0.6765111586777571,High
26,-97,66,26.156005048089806,-97.2516211146887,306,11.219714043934662,12.107142857142858,1.0,28.0,18.0,2.0,4.0,3.0,1.0,0.39181832079586043,0.6959091603979302,High
26,-82,88,26.090771082662947,-81.7065375056312,632,12.282136555826616,10.92857142857143,1.0,22.0,14.0,2.0,3.0,3.0,0.0,0.34435399884298273,0.6721769994214913,High
26,-81,162,25.715378633033403,-81.24938751957524,24349,42.004878279654115,10.857142857142858,1.0,12.0,10.0,1.0,1.0,0.0,0.0,0.19854101935810217,0.599270509679051,Medium
26,-80,68,25.843782309182203,-80.20572101494886,219,11.73533096848994,10.992857142857144,1.0,19.0,12.0,3.0,2.0,1.0,1.0,0.3160513398028967,0.6580256699014484,Medium
26,-79,62,25.678847505607287,-79.263604232126,24351,46.11861200622205,10.742857142857142,1.0,12.0,8.0,1.0,1.0,2.0,0.0,0.24515115203653867,0.6225755760182693,Medium
26,-78,63,25.78911851535842,-77.80532376048541,24352,31.85716220581688,10.428571428571429,1.0,13.0,10.0,2.0,1.0,0.0,0.0,0.2152168658187279,0.607608432909364,Medium
26,-77,95,25.96438019840367,-77.10371432680425,24353,12.172318835233154,10.114285714285714,1.0,15.0,7.0,5.0,1.0,1.0,1.0,0.29489512747699553,0.6474475637384978,Medium
26,34,5,25.96902,34.373580000000004,24104,41.60972016191453,9.35714285714286,0.9357142857142859,0.0,0.0,0.0,0.0,0.0,0.0,0.0,0.46785714285714297,Medium
26,37,52,25.728046456840787,36.73717320151473,24107,41.98040774130818,9.292857142857144,0.9292857142857145,2.0,1.0,0.0,1.0,0.0,0.0,0.07290648974244025,0.5010961020140774,Medium
26,50,108,26.100081481481485,50.19117407407408,24120,23.952305602668034,9.30714285714286,0.930714285714286,1.0,1.0,0.0,0.0,0.0,0.0,0.020651720676962596,0.47568300319562434,Medium
26,51,152,25.913314470178037,50.89221639936076,24121,15.353224379916163,9.371428571428572,0.9371428571428572,2.0,1.0,1.0,0.0,0.0,0.0,0.05684884360226022,0.49699585037255867,Medium
26,52,29,25.82001363219212,51.5741307432687,24122,51.31991295860859,9.45,0.945,2.0,1.0,1.0,0.0,0.0,0.0,0.05684884360226022,0.5009244218011301,Medium
26,54,2,26.49396775877284,53.99690078678662,24124,54.83150040161727,9.457142857142856,0.9457142857142855,4.0,2.0,1.0,0.0,0.0,1.0,0.13907630013781322,0.5423952929260494,Medium
26,55,4,26.071611941864315,55.18574740687558,24125,22.09718943923589,9.3,0.93,8.0,1.0,3.0,1.0,2.0,1.0,0.25869800455169795,0.594349002275849,Medium
26,56,110,25.873347246618327,56.04083251774273,24126,14.77101588141701,9.257142857142856,0.9257142857142856,6.0,1.0,2.0,0.0,2.0,1.0,0.22309697296612824,0.5744056293402069,Medium
26,57,39,26.10458281609513,57.20487620416287,24127,25.532853132872123,9.214285714285714,0.9214285714285714,2.0,2.0,0.0,0.0,0.0,0.0,0.03950526451663314,0.48046691797260227,Medium
26,58,47,25.65043548449822,58.03422891955809,24128,38.987234197529304,9.185714285714283,0.9185714285714284,0.0,0.0,0.0,0.0,0.0,0.0,0.0,0.4592857142857142,Medium
26,59,13,25.590053846153847,58.6801,24129,57.7191311039513,9.164285714285716,0.9164285714285716,0.0,0.0,0.0,0.0,0.0,0.0,0.0,0.4582142857142858,Medium
26,66,5,25.5275,66.39586,24136,68.42151913880305,8.671428571428573,0.8671428571428572,0.0,0.0,0.0,0.0,0.0,0.0,0.0,0.4335714285714286,Medium
26,67,1,25.5211,66.50970000000001,24137,76.07665815018349,8.207142857142859,0.820714285714286,0.0,0.0,0.0,0.0,0.0,0.0,0.0,0.410357142857143,Medium
26,119,6,25.646426976863225,119.47154864602938,24189,65.42148357992782,10.014285714285714,1.0,0.0,0.0,0.0,0.0,0.0,0.0,0.0,0.5,Medium
26,120,12,25.78084731003564,119.62864255826086,24190,47.863304391068006,10.22857142857143,1.0,7.0,4.0,0.0,3.0,0.0,0.0,0.1804739702670158,0.5902369851335079,Medium
26,128,15,26.327473333333334,127.80440666666668,758,16.460793302608323,10.364285714285716,1.0,29.0,21.0,5.0,3.0,0.0,0.0,0.34873150258179014,0.674365751290895,High
27,-114,12,26.737383333333337,-113.62683333333332,23956,50.65066038515755,10.135714285714286,1.0,2.0,2.0,0.0,0.0,0.0,0.0,0.03950526451663314,0.5197526322583166,Medium
27,-113,36,26.709921033557016,-113.19330541996705,23957,38.693140376802674,10.064285714285717,1.0,3.0,3.0,0.0,0.0,0.0,0.0,0.05684884360226022,0.5284244218011301,Medium
27,-112,22,26.82450868777355,-111.9245881693358,23958,21.201913804103842,10.02142857142857,1.0,36.0,12.0,8.0,1.0,10.0,5.0,0.5115476383559032,0.7557738191779516,High
27,-111,7,27.388357142857146,-110.5538714285714,23959,65.65459736422676,9.871428571428572,0.9871428571428572,64.0,20.0,8.0,12.0,16.0,8.0,0.633387919134962,0.8102653881389096,High
27,-110,54,26.990774933330886,-109.97313721291172,23960,3.152695436106257,9.721428571428572,0.9721428571428572,37.0,19.0,9.0,4.0,4.0,1.0,0.4505714496710639,0.7113571534069605,High
27,-109,3,26.7045,-109.4659,23961,61.23972307465196,9.664285714285716,0.9664285714285716,3.0,2.0,0.0,1.0,0.0,0.0,0.08785580065104737,0.5271421860398096,Medium
27,-97,6,26.53406666666667,-97.33203333333334,597,9.923179956545317,11.678571428571429,1.0,14.0,11.0,2.0,0.0,1.0,0.0,0.23070052734422447,0.6153502636721122,Medium
27,-83,19,27.395247368421057,-82.57547894736842,319,40.9373398609251,11.278571428571428,1.0,18.0,8.0,4.0,2.0,4.0,0.0,0.3398862309640091,0.6699431154820046,High
27,-82,132,26.799696706446824,-82.12922936300332,23988,26.45939148465341,11.035714285714286,1.0,14.0,10.0,2.0,1.0,1.0,0.0,0.24515115203653867,0.6225755760182693,Medium
27,-80,71,27.02159577464789,-80.17614225352112,23990,19.698191152368747,10.807142857142855,1.0,11.0,7.0,3.0,0.0,1.0,0.0,0.2152168658187279,0.607608432909364,Medium
27,-79,40,26.645130612280667,-78.80865162738665,23991,44.75192962588714,10.842857142857143,1.0,5.0,4.0,1.0,0.0,0.0,0.0,0.10183994708927374,0.5509199735446368,Medium
27,-78,68,26.762600531361034,-77.91335013031869,23992,28.05176829823947,10.578571428571427,1.0,8.0,4.0,0.0,1.0,3.0,0.0,0.2307005273442245,0.6153502636721122,Medium
27,-77,12,26.64345917040316,-77.34692897048308,23993,55.21969131956435,10.235714285714284,1.0,18.0,11.0,3.0,2.0,2.0,0.0,0.30573133866415003,0.652865669332075,Medium
27,34,10,26.88316146948276,33.947551881793004,23744,14.215823050084445,9.328571428571433,0.9328571428571433,0.0,0.0,0.0,0.0,0.0,0.0,0.0,0.46642857142857164,Medium
27,36,31,26.868630175354895,36.04056358104985,23746,15.26136369504962,9.285714285714286,0.9285714285714286,1.0,1.0,0.0,0.0,0.0,0.0,0.020651720676962596,0.4746115746241956,Medium
27,49,61,27.29330754613289,49.30611126478506,23759,47.05842650747792,9.271428571428572,0.9271428571428573,2.0,0.0,2.0,0.0,0.0,0.0,0.07290648974244025,0.5000246734426488,Medium
27,50,86,26.900392782566723,49.799672528193135,23760,24.83342987566958,9.357142857142858,0.9357142857142857,6.0,2.0,2.0,2.0,0.0,0.0,0.17084220390065055,0.5532782448074681,Medium
27,55,22,26.6967,55.33354545454545,23765,50.04160942370624,9.242857142857144,0.9242857142857144,2.0,2.0,0.0,0.0,0.0,0.0,0.03950526451663314,0.48189548940117377,Medium
27,56,144,26.909485250785583,55.90332238709925,23766,14.700474183875265,9.121428571428572,0.9121428571428571,1.0,0.0,1.0,0.0,0.0,0.0,0.03950526451663314,0.47582406082974515,Medium
27,57,42,26.98127018462868,56.85487529374621,23767,16.24244697720036,9.042857142857144,0.9042857142857145,0.0,0.0,0.0,0.0,0.0,0.0,0.0,0.45214285714285724,Medium
27,120,27,26.759677777777775,119.85694444444444,23830,31.044233945811367,10.17857142857143,1.0,6.0,5.0,1.0,0.0,0.0,0.0,0.11497603348077894,0.5574880167403895,Medium
27,121,2,27.4854,120.6674,23831,65.3144147207948,10.35,1.0,12.0,8.0,3.0,1.0,0.0,0.0,0.2152168658187279,0.607608432909364,Medium
27,128,17,26.626837623684064,128.06104068881064,23838,41.97152407902071,10.928571428571429,1.0,22.0,18.0,3.0,0.0,1.0,0.0,0.28926678336150125,0.6446333916807506,Medium
28,-178,1,28.381889617760525,-178.341971909196,23532,56.90138325069414,11.342857142857143,1.0,0.0,0.0,0.0,0.0,0.0,0.0,0.0,0.5,Medium
28,-176,2,27.812784427388703,-175.84182572619875,23534,27.204913782383162,11.300000000000002,1.0,0.0,0.0,0.0,0.0,0.0,0.0,0.0,0.5,Medium
28,-114,10,27.67342,-113.93666,23596,36.92589003791234,10.028571428571428,1.0,0.0,0.0,0.0,0.0,0.0,0.0,0.0,0.5,Medium
28,-111,49,27.89055804148059,-110.78610545144768,436,13.057864266774875,10.592857142857142,1.0,46.0,21.0,10.0,6.0,8.0,1.0,0.5115476383559032,0.7557738191779516,High
28,-97,12,27.883299918592403,-97.0728970104092,23613,15.273246315354484,14.221428571428572,1.0,25.0,13.0,7.0,5.0,0.0,0.0,0.35722981004963617,0.678614905024818,High
28,-83,87,27.88151340430894,-82.6834710252505,319,14.73612604536229,11.278571428571428,1.0,5.0,1.0,3.0,0.0,1.0,0.0,0.16076229039348766,0.5803811451967438,Medium
28,-82,24,27.81510833333333,-82.44145833333333,319,21.80377056534581,11.278571428571428,1.0,3.0,1.0,2.0,0.0,0.0,0.0,0.08785580065104737,0.5439279003255237,Medium
28,-81,39,28.216925641025643,-80.61921794871795,999,21.67526096181878,10.864285714285716,1.0,6.0,6.0,0.0,0.0,0.0,0.0,0.10183994708927374,0.5509199735446368,Medium
28,-80,38,27.727331487890744,-80.41615421215803,23630,55.225422267398415,10.871428571428572,1.0,12.0,9.0,0.0,3.0,0.0,0.0,0.22309697296612827,0.6115484864830641,Medium
28,-17,1,28.396307578070644,-16.623616285099082,193,43.58299845436609,10.950000000000005,1.0,0.0,0.0,0.0,0.0,0.0,0.0,0.0,0.5,Medium
28,-16,1,28.20950291473799,-16.417497843157857,193,35.912258270348154,10.950000000000005,1.0,0.0,0.0,0.0,0.0,0.0,0.0,0.0,0.5,Medium
28,-12,1,28.006093163234336,-12.297215244070925,23698,32.99782414534103,9.735714285714284,0.9735714285714284,0.0,0.0,0.0,0.0,0.0,0.0,0.0,0.4867857142857142,Medium
28,34,11,27.897149024691146,34.24678882200658,23384,29.677307950198557,9.214285714285715,0.9214285714285715,0.0,0.0,0.0,0.0,0.0,0.0,0.0,0.46071428571428574,Medium
28,35,7,27.885012249372046,35.070725452360456,23385,14.984700875064513,9.192857142857145,0.9192857142857145,1.0,0.0,0.0,0.0,1.0,0.0,0.07290648974244025,0.4960961020140774,Medium
28,36,2,27.5752,35.54430000000001,23386,69.15197818667181,9.064285714285717,0.9064285714285717,0.0,0.0,0.0,0.0,0.0,0.0,0.0,0.45321428571428585,Medium
28,49,15,27.56619333333333,49.06038,23399,48.616728861617474,9.278571428571428,0.9278571428571428,2.0,0.0,2.0,0.0,0.0,0.0,0.07290648974244025,0.5003818162997915,Medium
28,121,19,27.75469318263914,120.74670033623713,23471,39.14007865609683,10.242857142857144,1.0,9.0,5.0,4.0,0.0,0.0,0.0,0.18047397026701575,0.5902369851335079,Medium
28,129,3,28.17287777465712,129.3636410217698,584,27.525624849997158,13.428571428571429,1.0,19.0,14.0,3.0,2.0,0.0,0.0,0.2775515483913685,0.6387757741956842,Medium
29,-114,1,29.047217365110093,-113.50300280586336,23236,55.415096708725315,9.914285714285716,0.9914285714285717,0.0,0.0,0.0,0.0,0.0,0.0,0.0,0.49571428571428583,Medium
29,-113,8,28.8298,-113.140775,23237,24.51709359081226,9.900000000000002,0.9900000000000002,10.0,5.0,3.0,1.0,1.0,0.0,0.22309697296612827,0.6065484864830643,Medium
29,-112,27,29.14639019378525,-112.2230328360459,23238,29.61303068518833,9.850000000000003,0.9850000000000003,14.0,6.0,2.0,3.0,3.0,0.0,0.30573133866415003,0.6453656693320752,Medium
29,-91,139,29.244436968790943,-90.93034612526635,23259,28.212587242081014,18.72857142857143,1.0,17.0,8.0,3.0,5.0,1.0,0.0,0.3160513398028967,0.6580256699014484,Medium
29,-90,145,29.306769752817747,-90.12488979044694,325,19.024782422071517,17.092857142857145,1.0,27.0,18.0,7.0,1.0,1.0,0.0,0.34435399884298273,0.6721769994214913,High
29,-89,3,29.235166666666668,-89.48116666666665,325,53.22193102941768,17.092857142857145,1.0,25.0,15.0,5.0,2.0,3.0,0.0,0.3613571551322152,0.6806785775661076,High
29,-83,24,28.85975833333333,-82.75285,23267,31.542529906511497,10.735714285714286,1.0,10.0,6.0,3.0,1.0,0.0,0.0,0.19854101935810217,0.599270509679051,Medium
29,-81,45,28.74307150717877,-80.7520358986678,23269,39.63468623354799,10.62857142857143,1.0,2.0,2.0,0.0,0.0,0.0,0.0,0.03950526451663314,0.5197526322583166,Medium
30,-92,2,29.5468,-91.5198,269,24.345789695140514,18.321428571428573,1.0,5.0,4.0,1.0,0.0,0.0,0.0,0.10183994708927374,0.5509199735446368,Medium
30,-91,5,29.56158,-91.4665,269,22.898077622245584,18.321428571428573,1.0,12.0,8.0,2.0,0.0,2.0,0.0,0.23804628387473534,0.6190231419373676,Medium
30,-87,1,30.34624277338589,-87.13978845924778,169,9.815500897769983,10.62857142857143,1.0,8.0,5.0,2.0,0.0,1.0,0.0,0.18047397026701575,0.5902369851335079,Medium
30,-81,1,29.90889301527893,-81.29200169938525,22909,33.95320631127531,11.014285714285718,1.0,3.0,2.0,1.0,0.0,0.0,0.0,0.07290648974244025,0.5364532448712201,Medium
30,49,1,30.12850040984508,48.94683880750686,22679,15.435972944687563,8.957142857142859,0.8957142857142859,6.0,5.0,0.0,1.0,0.0,0.0,0.1273610651676805,0.5115376754409832,Medium
30,122,1,30.309847590587665,121.63444442018071,22752,53.19163678621747,10.235714285714286,1.0,5.0,3.0,2.0,0.0,0.0,0.0,0.11497603348077896,0.5574880167403895,Medium
30,131,2,30.45526732792354,130.95822420551474,621,30.698623290147523,11.221428571428572,1.0,18.0,16.0,1.0,1.0,0.0,0.0,0.24515115203653867,0.6225755760182693,Medium
31,-113,8,31.179291144520512,-113.08991191509504,22517,22.263586024152374,9.514285714285714,0.9514285714285714,1.0,1.0,0.0,0.0,0.0,0.0,0.020651720676962596,0.486040146052767,Medium
31,122,3,31.300466616951027,121.92787110590169,22392,34.29931706084579,10.235714285714286,1.0,1.0,1.0,0.0,0.0,0.0,0.0,0.020651720676962596,0.5103258603384813,Medium
32,-114,1,31.61883191823185,-113.94213949848452,22156,42.79434296048489,9.164285714285713,0.9164285714285713,1.0,1.0,0.0,0.0,0.0,0.0,0.020651720676962596,0.46854014605276695,Medium
32,-65,25,32.31345204108371,-64.7567990750741,222,8.896500489340799,8.435714285714287,0.8435714285714286,1.0,1.0,0.0,0.0,0.0,0.0,0.020651720676962596,0.43211157462419564,Medium
32,122,2,31.627866450414675,121.78055132529792,22032,47.95419676757158,10.285714285714286,1.0,0.0,0.0,0.0,0.0,0.0,0.0,0.0,0.5,Medium
33,35,1,32.89208625603185,35.086120042864096,21585,15.325252663953124,9.642857142857144,0.9642857142857144,0.0,0.0,0.0,0.0,0.0,0.0,0.0,0.4821428571428572,Medium
33,121,1,32.69185924142898,120.93919030212952,21671,34.86328643119627,10.2,1.0,0.0,0.0,0.0,0.0,0.0,0.0,0.0,0.5,Medium
33,129,1,32.96143419561505,129.0783696185801,21679,9.695275530500618,10.700000000000005,1.0,2.0,1.0,1.0,0.0,0.0,0.0,0.05684884360226022,0.5284244218011301,Medium
33,131,1,32.71168886381365,130.62958385664862,495,22.381632558536385,11.678571428571432,1.0,0.0,0.0,0.0,0.0,0.0,0.0,0.0,0.5,Medium
