,9.999999999999999e-23,1.0904796235365055e-22,1.1891458093483285e-22,1.2967392745081784e-22,1.4140677558906797e-22,1.5420120740987924e-22,1.681532746051997e-22,1.833677195879088e-22,1.9995876182497193e-22,2.1805095531772117e-22,2.37780123666644e-22,2.5929437974046777e-22,2.82755237604517e-22,3.083388250559489e-22,3.3623720586869953e-22,3.6665982167466896e-22,3.998350643057553e-22,4.360119904008345e-22,4.754621911497083e-22,5.184818312107759e-22,5.65393872109245e-22,6.165504968075417e-22,6.723357536499335e-22,7.331684395303122e-22,7.995052439278686e-22,8.718441774139241e-22,9.507283103688303e-22,1.0367498499765086e-21,1.1305545861039116e-21,1.2328467394420635e-21,1.3443942483050004e-21,1.4660345337762802e-21,1.5986807864838745e-21,1.7433288221999944e-21,1.9010645577329894e-21,2.0730721632352637e-21,2.2606429521288178e-21,2.465185075387888e-21,2.688234092956796e-21,2.931464501665526e-21,3.196702306186879e-21,3.485938727408947e-21,3.801345151136234e-21,4.1452894293433946e-21,4.520353656360241e-21,4.9293535534395814e-21,5.3753596072331744e-21,5.86172012086897e-21,6.392086350681554e-21,6.970439917304114e-21,7.60112269690562e-21,8.288869416976428e-21,9.038843201367784e-21,9.856674331433043e-21,1.0748502514263042e-20,1.1721022975334841e-20,1.278153672160587e-20,1.393800535239479e-20,1.5199110829529395e-20,1.6574320655474838e-20,1.8073958948755528e-20,1.9709283950253346e-20,2.1492572542246358e-20,2.3437212414699842e-20,2.5557802570727e-20,2.787026292574694e-20,3.039195382313195e-20,3.3141806363588054e-20,3.6140464526685266e-20,3.9410440151494185e-20,4.2976281939809354e-20,4.686475975072241e-20,5.1105065570096554e-20,5.572903266368733e-20,6.077137455915186e-20,6.62699456510599e-20,7.226602538535247e-20,7.880462815669937e-20,8.593484124525183e-20,9.371019332979157e-20,1.021890563438051e-19,1.1143508369134334e-19,1.2151768811249507e-19,1.325125627859412e-19,1.445022495806707e-19,1.5757675872290798e-19,1.7183424453026084e-19,1.8738174228603867e-19,2.0433597178569395e-19,2.228242135878296e-19,2.429852645480763e-19,2.649704798093044e-19,2.8894490907073986e-19,3.1508853566625027e-19,3.4359762775400134e-19,3.7468621176121975e-19,4.0858767914569765e-19,4.455565385364549e-19,4.858703264074619e-19,5.298316906283724e-19,5.777706625341378e-19,6.30047134570664e-19,6.870535621168772e-19,7.492179097666273e-19,8.170068641891194e-19,8.909293376876992e-19,9.715402887593105e-19,1.0594448883368006e-18,1.1553030629911894e-18,1.2598344492012143e-18,1.373823795883261e-18,1.4981268557402835e-18,1.6336768096575933e-18,1.7814912723757316e-18,1.942679932033858e-18,2.118452880936223e-18,2.310129700083158e-18,2.5191493656672034e-18,2.7470810519049982e-18,2.99563591130563e-18,3.266679920813e-18,3.5622478902624514e-18,3.884558738317109e-18,4.2360321505655186e-18,4.6193067448372204e-18,5.0372598801097336e-18,5.493029257717604e-18,5.990036477030952e-18,6.5320127224426495e-18,7.123026774504924e-18,7.767515555502644e-18,8.470317438778473e-18,9.236708571873847e-18,1.0072442486173406e-17,1.0983793290415568e-17,1.1977602772335165e-17,1.3061331762045963e-17,1.4243116142761282e-17,1.553182792934505e-17,1.693714187322597e-17,1.846960809369999e-17,2.0140731280884764e-17,2.1963057064929315e-17,2.3950266199874907e-17,2.6117277269238682e-17,2.8480358684357935e-17,3.1057250816303535e-17,3.386729917824151e-17,3.693159965808731e-17,4.027315689175198e-17,4.391705696594432e-17,4.7890655747054235e-17,5.2223784249964515e-17,5.694897258855298e-17,6.210169418915603e-17,6.772063210037061e-17,7.384796939846635e-17,8.052970586857497e-17,8.781600333906914e-17,9.576156226166941e-17,1.044260323643729e-16,1.1387446046011276e-16,1.2417777877296695e-16,1.3541333744794446e-16,1.4766548524205688e-16,1.6102620275609427e-16,1.7559579296097866e-16,1.9148363420268297e-16,2.088090013387445e-16,2.277019611709078e-16,2.4830434889617653e-16,2.707708329067808e-16,2.952700759328524e-16,3.2198600124485363e-16,3.5111917342151415e-16,3.828883040491418e-16,4.175318936560409e-16,4.553100222085256e-16,4.96506301610351e-16,5.414300048635581e-16,5.90418387874986e-16,6.438392213389454e-16,7.020935517037299e-16,7.656187119492947e-16,8.348916047789745e-16,9.10432282873165e-16,9.928078530830144e-16,1.0826367338740562e-15,1.1805932979817729e-15,1.2874129351328903e-15,1.4038975728397474e-15,1.5309216967141018e-15,1.6694389154966688e-15,1.8204891200880068e-15,1.985206290325874e-15,2.1648270081168706e-15,2.3606997408329542e-15,2.5742949646662465e-15,2.8072162039411812e-15,3.06121206925937e-15,3.338189384851365e-15,3.64022750368629e-15,3.9695939178070755e-15,4.328761281083061e-15,4.720425972174858e-15,5.147528337069225e-15,5.6132747631507425e-15,6.1211617505275885e-15,6.675002161321409e-15,7.278953843983161e-15,7.937550847526357e-15,8.655737460012447e-15,9.43890532682524e-15,1.0292933927393106e-14,1.1224234714229804e-14,1.2239799245658744e-14,1.3347251673568351e-14,1.455490598023987e-14,1.587182839394127e-14,1.7307905451861094e-14,1.8873918221350994e-14,2.0581623236677713e-14,2.2443840758902502e-14,2.447455102148138e-14,2.668899918413012e-14,2.9103809782876315e-14,3.1737111535509165e-14,3.4608673439378115e-14,3.7740053183271064e-14,4.1154758987541294e-14,4.487842608746965e-14,4.893900918477499e-14,5.3366992312063235e-14,5.81956176857343e-14,6.34611352654142e-14,6.920307489342842e-14,7.546454305735441e-14,8.22925465035386e-14,8.973834513103913e-14,9.785783681528495e-14,1.0671197705042917e-13,1.1636723656078822e-13,1.2689610031679234e-13,1.3837761170170692e-13,1.508979659143581e-13,1.6455115706271434e-13,1.7943968380624584e-13,1.9567531884454457e-13,2.133799480289855e-13,2.326864853968882e-13,2.5373987099763124e-13,2.766981590016995e-13,3.017337042614174e-13,3.2903445623126713e-13,3.588053699616124e-13,3.9126994475861567e-13,4.266719020615263e-13,4.652770151336599e-13,5.073751043031424e-13,5.532822127322882e-13,6.033429790497528e-13,6.579332246575683e-13,7.17462775136747e-13,7.823785369325764e-13,8.531678524172814e-13,9.303621585174498e-13,1.0145409763727193e-12,1.1063362619772862e-12,1.2064371504657807e-12,1.3155951296603792e-12,1.4346296817185162e-12,1.5644344352347105e-12,1.7059838739822928e-12,1.8603406526595675e-12,2.0286635745618705e-12,2.2122162910704503e-12,2.412376788267839e-12,2.6306477318985173e-12,2.8686677483378687e-12,3.128223726258807e-12,3.4112642313486683e-12,3.719914134784658e-12,4.056490565288116e-12,4.423520304514771e-12,4.823758756373376e-12,5.260210632680983e-12,5.736152510448681e-12,6.255157430142084e-12,6.8211217195829154e-12,7.43829424486749e-12,8.111308307896889e-12,8.845216429983929e-12,9.645528282667828e-12,1.0518252050494373e-11,1.146993953628518e-11,1.2507735347514794e-11,1.3639430533052233e-11,1.487352107293512e-11,1.6219271660276635e-11,1.768678525413485e-11,1.9287078925499987e-11,2.1032166565798186e-11,2.293514907882868e-11,2.5010312733234833e-11,2.7273236413868304e-11,2.974090857721722e-11,3.24318547889176e-11,3.5366276800809615e-11,3.8566204211634724e-11,4.20556598499356e-11,4.586084012073728e-11,5.0010311669929464e-11,5.4535225842768214e-11,5.946955254650044e-11,6.485033527279223e-11,7.071796919449092e-11,7.711650442447466e-11,8.409397671325273e-11,9.170276806795587e-11,9.999999999999999e-11
-6.0,0.0,0.0,0.0,0.0,0.0,0.0,0.0,0.0,0.0,0.0,0.0,0.0,0.0,0.0,0.0,0.0,0.0,0.0,0.0,0.0,0.0,0.0,0.0,0.0,0.0,0.0,0.0,0.0,0.0,0.0,0.0,0.0,0.0,0.0,0.0,0.0,9.999999999998899e-05,9.999999999998899e-05,0.00019999999999997797,0.00039999999999995595,0.0004999999999999449,0.0010000000000000009,0.0018000000000000238,0.0024999999999999467,0.0042999999999999705,0.006000000000000005,0.010099999999999998,0.01539999999999997,0.022499999999999964,0.03269999999999995,0.04310000000000003,0.06240000000000001,0.08409999999999995,0.11009999999999998,0.14139999999999997,0.1774,0.22340000000000004,0.2741,0.3264,0.3819,0.4417,0.49940000000000007,0.5559,0.6097,0.6596,0.7064,0.7468,0.7859,0.8218,0.8582,0.8852,0.9072,0.9276,0.9453,0.9589,0.9697,0.9791,0.9851,0.9901,0.9943,0.994,0.9938,0.9922,0.9887,0.9826,0.9755,0.9637,0.9468,0.9256,0.903,0.8719,0.8296,0.7864,0.7402,0.6869,0.6329,0.5749,0.5173,0.4623999999999999,0.4112,0.35939999999999994,0.31220000000000003,0.2667999999999999,0.23009999999999997,0.18989999999999996,0.15539999999999998,0.1259,0.09889999999999999,0.07779999999999998,0.0595,0.045599999999999974,0.0343,0.024399999999999977,0.017100000000000004,0.010800000000000032,0.007199999999999984,0.0044999999999999485,0.0029000000000000137,0.0017000000000000348,0.0012999999999999678,0.0006000000000000449,0.00039999999999995595,0.0,0.0,0.0,0.0,0.0,0.0,0.0,0.0,0.0,0.0,0.0,0.0,0.0,0.0,0.0,0.0,0.0,0.0,0.0,0.0,0.0,0.0,0.0,0.0,0.0,0.0,0.0,0.0,0.0,0.0,0.0,0.0,0.0,0.0,0.0,0.0,0.0,0.0,0.0,0.0,0.0,0.0,0.0,0.0,0.0,0.0,0.0,0.0,0.0,0.0,0.0,0.0,0.0,0.0,0.0,0.0,0.0,0.0,0.0,0.0,0.0,0.0,0.0,0.0,0.0,0.0,0.0,0.0,0.0,0.0,0.0,0.0,0.0,0.0,0.0,0.0,0.0,0.0,0.0,0.0,0.0,0.0,0.0,0.0,0.0,0.0,0.0,0.0,0.0,0.0,0.0,0.0,0.0,0.0,0.0,0.0,0.0,0.0,0.0,0.0,0.0,0.0,0.0,0.0,0.0,0.0,0.0,0.0,0.0,0.0,0.0,0.0,0.0,0.0,0.0,0.0005440696409140244,0.0005440696409140244,0.0016322089227420733,0.003808487486398282,0.010337323177366686,0.021762785636561532,0.03917301414581065,0.09902067464635478,0.17899891186071815,0.2671381936887922,0.37377584330794345,0.5,0.6071817192600653,0.7094668117519043,0.8052230685527747,0.8786724700761698,0.9227421109902068,0.9510337323177367,0.9744287268770403,0.9863982589771491,0.9929270946681176,0.9961915125136017,0.998911860718172,0.999455930359086,1.0,1.0,1.0,1.0,1.0,1.0,1.0,1.0,0.9978237214363439,0.9880304678998912,0.941240478781284,0.8193688792165397,0.5680087051142546,0.29107725788900973,0.08433079434167579,0.020130576713819348,0.004896626768226331,0.0005440696409140244,0.0,0.0,0.0,0.0,0.0,0.0,0.0,0.0,0.0,0.0,0.0,0.0,0.0,0.0,0.0,0.0,0.0,0.0,0.0,0.0,0.0,0.0,0.0,0.0,0.0,0.0,0.0,0.0,0.0,0.0,0.0,0.0,0.0,0.0,0.0,0.0,0.0,0.0,0.0,0.0,0.0
-5.955307262569832,0.0,0.0,0.0,0.0,0.0,0.0,0.0,0.0,0.0,0.0,0.0,0.0,0.0,0.0,0.0,0.0,0.0,0.0,0.0,0.0,0.0,0.0,0.0,0.0,0.0,0.0,0.0,0.0,0.0,0.0,0.0,0.0,0.0,0.0,0.0,0.0,9.999999999998899e-05,9.999999999998899e-05,0.00019999999999997797,0.00039999999999995595,0.0004999999999999449,0.0010000000000000009,0.0018000000000000238,0.0024999999999999467,0.0042999999999999705,0.006000000000000005,0.010099999999999998,0.01539999999999997,0.022399999999999975,0.03269999999999995,0.04310000000000003,0.06240000000000001,0.08399999999999996,0.11009999999999998,0.14139999999999997,0.1773,0.22340000000000004,0.274,0.32600000000000007,0.3819,0.4417,0.4992,0.5558,0.6096,0.6596,0.7063,0.7467,0.7857,0.8217,0.8582,0.8852,0.9072,0.9276,0.9452,0.9589,0.9697,0.9791,0.9851,0.9901,0.9943,0.994,0.9937,0.9922,0.9887,0.9826,0.9755,0.9637,0.9468,0.9254,0.903,0.8719,0.8296,0.7863,0.7402,0.6869,0.6329,0.5747,0.5171,0.4623999999999999,0.4111,0.35939999999999994,0.31210000000000004,0.2667999999999999,0.2299,0.18979999999999997,0.15539999999999998,0.1259,0.09889999999999999,0.07779999999999998,0.0595,0.045599999999999974,0.0343,0.02429999999999999,0.017100000000000004,0.010800000000000032,0.007199999999999984,0.0044999999999999485,0.0029000000000000137,0.0017000000000000348,0.0012999999999999678,0.0006000000000000449,0.00039999999999995595,0.0,0.0,0.0,0.0,0.0,0.0,0.0,0.0,0.0,0.0,0.0,0.0,0.0,0.0,0.0,0.0,0.0,0.0,0.0,0.0,0.0,0.0,0.0,0.0,0.0,0.0,0.0,0.0,0.0,0.0,0.0,0.0,0.0,0.0,0.0,0.0,0.0,0.0,0.0,0.0,0.0,0.0,0.0,0.0,0.0,0.0,0.0,0.0,0.0,0.0,0.0,0.0,0.0,0.0,0.0,0.0,0.0,0.0,0.0,0.0,0.0,0.0,0.0,0.0,0.0,0.0,0.0,0.0,0.0,0.0,0.0,0.0,0.0,0.0,0.0,0.0,0.0,0.0,0.0,0.0,0.0,0.0,0.0,0.0,0.0,0.0,0.0,0.0,0.0,0.0,0.0,0.0,0.0,0.0,0.0,0.0,0.0,0.0,0.0,0.0,0.0,0.0,0.0,0.0,0.0,0.0,0.0,0.0,0.0,0.0,0.0,0.0,0.0,0.0,0.0,0.0005440696409140244,0.0005440696409140244,0.0016322089227420733,0.003808487486398282,0.010337323177366686,0.021762785636561532,0.03917301414581065,0.09902067464635478,0.17899891186071815,0.2671381936887922,0.37377584330794345,0.5,0.6071817192600653,0.7094668117519043,0.8052230685527747,0.8786724700761698,0.9227421109902068,0.9510337323177367,0.9744287268770403,0.9863982589771491,0.9929270946681176,0.9961915125136017,0.998911860718172,0.999455930359086,1.0,1.0,1.0,1.0,1.0,1.0,1.0,1.0,0.9978237214363439,0.9880304678998912,0.94069640914037,0.8182807399347116,0.5674646354733406,0.2899891186071817,0.08378672470076165,0.020130576713819348,0.004896626768226331,0.0005440696409140244,0.0,0.0,0.0,0.0,0.0,0.0,0.0,0.0,0.0,0.0,0.0,0.0,0.0,0.0,0.0,0.0,0.0,0.0,0.0,0.0,0.0,0.0,0.0,0.0,0.0,0.0,0.0,0.0,0.0,0.0,0.0,0.0,0.0,0.0,0.0,0.0,0.0,0.0,0.0,0.0,0.0
-5.910614525139665,0.0,0.0,0.0,0.0,0.0,0.0,0.0,0.0,0.0,0.0,0.0,0.0,0.0,0.0,0.0,0.0,0.0,0.0,0.0,0.0,0.0,0.0,0.0,0.0,0.0,0.0,0.0,0.0,0.0,0.0,0.0,0.0,0.0,0.0,0.0,0.0,9.999999999998899e-05,9.999999999998899e-05,0.00019999999999997797,0.00039999999999995595,0.0004999999999999449,0.0010000000000000009,0.0018000000000000238,0.0024999999999999467,0.0042999999999999705,0.006000000000000005,0.010099999999999998,0.01529999999999998,0.022399999999999975,0.03269999999999995,0.04310000000000003,0.06240000000000001,0.08389999999999997,0.11009999999999998,0.14139999999999997,0.1773,0.22340000000000004,0.27380000000000004,0.3258,0.38169999999999993,0.4415,0.4991,0.5558,0.6095,0.6595,0.7063,0.7467,0.7857,0.8216,0.8582,0.8852,0.9072,0.9276,0.9452,0.9588,0.9696,0.9791,0.9851,0.9901,0.9941,0.994,0.9937,0.9922,0.9887,0.9826,0.9755,0.9637,0.9468,0.9254,0.903,0.8719,0.8296,0.7861,0.7402,0.6868,0.6328,0.5747,0.5171,0.4623999999999999,0.4111,0.35939999999999994,0.31210000000000004,0.2667999999999999,0.2298,0.18969999999999998,0.15539999999999998,0.1259,0.09889999999999999,0.07779999999999998,0.05940000000000001,0.045599999999999974,0.0343,0.02429999999999999,0.017100000000000004,0.010800000000000032,0.007199999999999984,0.0044999999999999485,0.0029000000000000137,0.0017000000000000348,0.0012999999999999678,0.0006000000000000449,0.00039999999999995595,0.0,0.0,0.0,0.0,0.0,0.0,0.0,0.0,0.0,0.0,0.0,0.0,0.0,0.0,0.0,0.0,0.0,0.0,0.0,0.0,0.0,0.0,0.0,0.0,0.0,0.0,0.0,0.0,0.0,0.0,0.0,0.0,0.0,0.0,0.0,0.0,0.0,0.0,0.0,0.0,0.0,0.0,0.0,0.0,0.0,0.0,0.0,0.0,0.0,0.0,0.0,0.0,0.0,0.0,0.0,0.0,0.0,0.0,0.0,0.0,0.0,0.0,0.0,0.0,0.0,0.0,0.0,0.0,0.0,0.0,0.0,0.0,0.0,0.0,0.0,0.0,0.0,0.0,0.0,0.0,0.0,0.0,0.0,0.0,0.0,0.0,0.0,0.0,0.0,0.0,0.0,0.0,0.0,0.0,0.0,0.0,0.0,0.0,0.0,0.0,0.0,0.0,0.0,0.0,0.0,0.0,0.0,0.0,0.0,0.0,0.0,0.0,0.0,0.0,0.0,0.0005440696409140244,0.0005440696409140244,0.0016322089227420733,0.003808487486398282,0.010337323177366686,0.021762785636561532,0.03917301414581065,0.09847660500544064,0.17899891186071815,0.2665941240478782,0.37377584330794345,0.5,0.6071817192600653,0.7094668117519043,0.8046789989118607,0.8781284004352558,0.9221980413492927,0.9510337323177367,0.9744287268770403,0.9863982589771491,0.9929270946681176,0.9961915125136017,0.998911860718172,0.999455930359086,1.0,1.0,1.0,1.0,1.0,1.0,1.0,1.0,0.9978237214363439,0.9880304678998912,0.94069640914037,0.8177366702937976,0.5674646354733406,0.2899891186071817,0.08324265505984763,0.019586507072905324,0.004896626768226331,0.0005440696409140244,0.0,0.0,0.0,0.0,0.0,0.0,0.0,0.0,0.0,0.0,0.0,0.0,0.0,0.0,0.0,0.0,0.0,0.0,0.0,0.0,0.0,0.0,0.0,0.0,0.0,0.0,0.0,0.0,0.0,0.0,0.0,0.0,0.0,0.0,0.0,0.0,0.0,0.0,0.0,0.0,0.0
-5.865921787709497,0.0,0.0,0.0,0.0,0.0,0.0,0.0,0.0,0.0,0.0,0.0,0.0,0.0,0.0,0.0,0.0,0.0,0.0,0.0,0.0,0.0,0.0,0.0,0.0,0.0,0.0,0.0,0.0,0.0,0.0,0.0,0.0,0.0,0.0,0.0,0.0,9.999999999998899e-05,9.999999999998899e-05,0.00019999999999997797,0.00039999999999995595,0.0004999999999999449,0.0010000000000000009,0.0018000000000000238,0.0024999999999999467,0.0042999999999999705,0.006000000000000005,0.010099999999999998,0.01529999999999998,0.022399999999999975,0.03269999999999995,0.04310000000000003,0.06240000000000001,0.08389999999999997,0.10999999999999999,0.14129999999999998,0.1773,0.22320000000000007,0.27360000000000007,0.3256,0.38159999999999994,0.4414,0.4989,0.5557,0.6093,0.6594,0.7063,0.7467,0.7856,0.8216,0.8581,0.8852,0.9072,0.9275,0.9452,0.9587,0.9695,0.9791,0.9851,0.9901,0.9941,0.994,0.9937,0.9922,0.9887,0.9825,0.9754,0.9637,0.9467,0.9253,0.903,0.8719,0.8296,0.786,0.7401,0.6865,0.6327,0.5746,0.5171,0.4623999999999999,0.41100000000000003,0.35939999999999994,0.31200000000000006,0.26659999999999995,0.2298,0.18969999999999998,0.15539999999999998,0.1259,0.09889999999999999,0.07779999999999998,0.05940000000000001,0.045599999999999974,0.0343,0.02429999999999999,0.017100000000000004,0.010800000000000032,0.007199999999999984,0.0044999999999999485,0.0029000000000000137,0.0017000000000000348,0.0012999999999999678,0.0006000000000000449,0.00039999999999995595,0.0,0.0,0.0,0.0,0.0,0.0,0.0,0.0,0.0,0.0,0.0,0.0,0.0,0.0,0.0,0.0,0.0,0.0,0.0,0.0,0.0,0.0,0.0,0.0,0.0,0.0,0.0,0.0,0.0,0.0,0.0,0.0,0.0,0.0,0.0,0.0,0.0,0.0,0.0,0.0,0.0,0.0,0.0,0.0,0.0,0.0,0.0,0.0,0.0,0.0,0.0,0.0,0.0,0.0,0.0,0.0,0.0,0.0,0.0,0.0,0.0,0.0,0.0,0.0,0.0,0.0,0.0,0.0,0.0,0.0,0.0,0.0,0.0,0.0,0.0,0.0,0.0,0.0,0.0,0.0,0.0,0.0,0.0,0.0,0.0,0.0,0.0,0.0,0.0,0.0,0.0,0.0,0.0,0.0,0.0,0.0,0.0,0.0,0.0,0.0,0.0,0.0,0.0,0.0,0.0,0.0,0.0,0.0,0.0,0.0,0.0,0.0,0.0,0.0,0.0,0.0005440696409140244,0.0005440696409140244,0.0016322089227420733,0.003808487486398282,0.010337323177366686,0.021762785636561532,0.03917301414581065,0.09793253536452662,0.17899891186071815,0.2665941240478782,0.37377584330794345,0.5,0.6071817192600653,0.7094668117519043,0.8041349292709467,0.8781284004352558,0.9216539717083787,0.9510337323177367,0.9744287268770403,0.9863982589771491,0.9929270946681176,0.9961915125136017,0.998911860718172,0.999455930359086,1.0,1.0,1.0,1.0,1.0,1.0,1.0,1.0,0.9978237214363439,0.9880304678998912,0.94069640914037,0.8177366702937976,0.5663764961915125,0.28944504896626766,0.08324265505984763,0.019586507072905324,0.004896626768226331,0.0005440696409140244,0.0,0.0,0.0,0.0,0.0,0.0,0.0,0.0,0.0,0.0,0.0,0.0,0.0,0.0,0.0,0.0,0.0,0.0,0.0,0.0,0.0,0.0,0.0,0.0,0.0,0.0,0.0,0.0,0.0,0.0,0.0,0.0,0.0,0.0,0.0,0.0,0.0,0.0,0.0,0.0,0.0
-5.82122905027933,0.0,0.0,0.0,0.0,0.0,0.0,0.0,0.0,0.0,0.0,0.0,0.0,0.0,0.0,0.0,0.0,0.0,0.0,0.0,0.0,0.0,0.0,0.0,0.0,0.0,0.0,0.0,0.0,0.0,0.0,0.0,0.0,0.0,0.0,0.0,0.0,9.999999999998899e-05,9.999999999998899e-05,0.00019999999999997797,0.00039999999999995595,0.0004999999999999449,0.0010000000000000009,0.0018000000000000238,0.0024999999999999467,0.0042999999999999705,0.006000000000000005,0.010099999999999998,0.01529999999999998,0.022399999999999975,0.03259999999999996,0.04310000000000003,0.06240000000000001,0.08389999999999997,0.10999999999999999,0.14129999999999998,0.1773,0.22320000000000007,0.2735000000000001,0.3256,0.38159999999999994,0.44120000000000004,0.4989,0.5557,0.6091,0.6593,0.7062,0.7466,0.7856,0.8216,0.858,0.8851,0.9072,0.9275,0.9452,0.9587,0.9695,0.9791,0.9851,0.9901,0.9941,0.994,0.9937,0.9922,0.9887,0.9825,0.9753,0.9637,0.9465,0.9253,0.903,0.8719,0.8294,0.786,0.7401,0.6863,0.6325,0.5745,0.5169,0.46229999999999993,0.41100000000000003,0.35939999999999994,0.31200000000000006,0.26659999999999995,0.2298,0.18969999999999998,0.15539999999999998,0.12580000000000002,0.09889999999999999,0.07779999999999998,0.05940000000000001,0.045499999999999985,0.0343,0.02429999999999999,0.017100000000000004,0.010800000000000032,0.007099999999999995,0.0044999999999999485,0.0029000000000000137,0.0017000000000000348,0.0012999999999999678,0.0006000000000000449,0.00039999999999995595,0.0,0.0,0.0,0.0,0.0,0.0,0.0,0.0,0.0,0.0,0.0,0.0,0.0,0.0,0.0,0.0,0.0,0.0,0.0,0.0,0.0,0.0,0.0,0.0,0.0,0.0,0.0,0.0,0.0,0.0,0.0,0.0,0.0,0.0,0.0,0.0,0.0,0.0,0.0,0.0,0.0,0.0,0.0,0.0,0.0,0.0,0.0,0.0,0.0,0.0,0.0,0.0,0.0,0.0,0.0,0.0,0.0,0.0,0.0,0.0,0.0,0.0,0.0,0.0,0.0,0.0,0.0,0.0,0.0,0.0,0.0,0.0,0.0,0.0,0.0,0.0,0.0,0.0,0.0,0.0,0.0,0.0,0.0,0.0,0.0,0.0,0.0,0.0,0.0,0.0,0.0,0.0,0.0,0.0,0.0,0.0,0.0,0.0,0.0,0.0,0.0,0.0,0.0,0.0,0.0,0.0,0.0,0.0,0.0,0.0,0.0,0.0,0.0,0.0,0.0,0.0005440696409140244,0.0005440696409140244,0.0016322089227420733,0.003808487486398282,0.010337323177366686,0.021762785636561532,0.03917301414581065,0.09793253536452662,0.17899891186071815,0.26605005440696416,0.3732317736670294,0.5,0.6071817192600653,0.7089227421109902,0.8035908596300326,0.8781284004352558,0.9216539717083787,0.9510337323177367,0.9744287268770403,0.985854189336235,0.9929270946681176,0.9961915125136017,0.998911860718172,0.999455930359086,1.0,1.0,1.0,1.0,1.0,1.0,1.0,1.0,0.9978237214363439,0.9880304678998912,0.94069640914037,0.8171926006528836,0.5663764961915125,0.28944504896626766,0.08324265505984763,0.019586507072905324,0.004896626768226331,0.0005440696409140244,0.0,0.0,0.0,0.0,0.0,0.0,0.0,0.0,0.0,0.0,0.0,0.0,0.0,0.0,0.0,0.0,0.0,0.0,0.0,0.0,0.0,0.0,0.0,0.0,0.0,0.0,0.0,0.0,0.0,0.0,0.0,0.0,0.0,0.0,0.0,0.0,0.0,0.0,0.0,0.0,0.0
-5.776536312849162,0.0,0.0,0.0,0.0,0.0,0.0,0.0,0.0,0.0,0.0,0.0,0.0,0.0,0.0,0.0,0.0,0.0,0.0,0.0,0.0,0.0,0.0,0.0,0.0,0.0,0.0,0.0,0.0,0.0,0.0,0.0,0.0,0.0,0.0,0.0,0.0,9.999999999998899e-05,9.999999999998899e-05,0.00019999999999997797,0.00039999999999995595,0.0004999999999999449,0.0010000000000000009,0.0018000000000000238,0.0024999999999999467,0.0042999999999999705,0.006000000000000005,0.010099999999999998,0.01529999999999998,0.022399999999999975,0.03259999999999996,0.04310000000000003,0.06240000000000001,0.08389999999999997,0.10999999999999999,0.1412,0.1773,0.22299999999999998,0.2735000000000001,0.3256,0.3813,0.44110000000000005,0.4988,0.5556,0.6088,0.6593,0.706,0.7466,0.7856,0.8216,0.858,0.8849,0.9072,0.9272,0.9452,0.9587,0.9695,0.9791,0.9851,0.9901,0.9941,0.994,0.9937,0.9922,0.9887,0.9825,0.9753,0.9636,0.9464,0.9253,0.903,0.8719,0.8294,0.7859,0.7401,0.6862,0.6325,0.5744,0.5169,0.46219999999999994,0.41090000000000004,0.35939999999999994,0.31190000000000007,0.26659999999999995,0.2298,0.18969999999999998,0.1553,0.12580000000000002,0.09889999999999999,0.07779999999999998,0.05940000000000001,0.045499999999999985,0.0343,0.02429999999999999,0.017000000000000015,0.010600000000000054,0.007099999999999995,0.0044999999999999485,0.0029000000000000137,0.0017000000000000348,0.0012999999999999678,0.0006000000000000449,0.00039999999999995595,0.0,0.0,0.0,0.0,0.0,0.0,0.0,0.0,0.0,0.0,0.0,0.0,0.0,0.0,0.0,0.0,0.0,0.0,0.0,0.0,0.0,0.0,0.0,0.0,0.0,0.0,0.0,0.0,0.0,0.0,0.0,0.0,0.0,0.0,0.0,0.0,0.0,0.0,0.0,0.0,0.0,0.0,0.0,0.0,0.0,0.0,0.0,0.0,0.0,0.0,0.0,0.0,0.0,0.0,0.0,0.0,0.0,0.0,0.0,0.0,0.0,0.0,0.0,0.0,0.0,0.0,0.0,0.0,0.0,0.0,0.0,0.0,0.0,0.0,0.0,0.0,0.0,0.0,0.0,0.0,0.0,0.0,0.0,0.0,0.0,0.0,0.0,0.0,0.0,0.0,0.0,0.0,0.0,0.0,0.0,0.0,0.0,0.0,0.0,0.0,0.0,0.0,0.0,0.0,0.0,0.0,0.0,0.0,0.0,0.0,0.0,0.0,0.0,0.0,0.0,0.0005440696409140244,0.0005440696409140244,0.0016322089227420733,0.003808487486398282,0.010337323177366686,0.021762785636561532,0.03917301414581065,0.09793253536452662,0.17899891186071815,0.26605005440696416,0.3726877040261154,0.49891186071817195,0.6071817192600653,0.7089227421109902,0.8035908596300326,0.8781284004352558,0.9216539717083787,0.9510337323177367,0.9744287268770403,0.985854189336235,0.9929270946681176,0.9961915125136017,0.998911860718172,0.999455930359086,1.0,1.0,1.0,1.0,1.0,1.0,1.0,1.0,0.9978237214363439,0.9880304678998912,0.94069640914037,0.8166485310119695,0.5658324265505985,0.28944504896626766,0.08324265505984763,0.019586507072905324,0.004896626768226331,0.0005440696409140244,0.0,0.0,0.0,0.0,0.0,0.0,0.0,0.0,0.0,0.0,0.0,0.0,0.0,0.0,0.0,0.0,0.0,0.0,0.0,0.0,0.0,0.0,0.0,0.0,0.0,0.0,0.0,0.0,0.0,0.0,0.0,0.0,0.0,0.0,0.0,0.0,0.0,0.0,0.0,0.0,0.0
-5.731843575418995,0.0,0.0,0.0,0.0,0.0,0.0,0.0,0.0,0.0,0.0,0.0,0.0,0.0,0.0,0.0,0.0,0.0,0.0,0.0,0.0,0.0,0.0,0.0,0.0,0.0,0.0,0.0,0.0,0.0,0.0,0.0,0.0,0.0,0.0,0.0,0.0,9.999999999998899e-05,9.999999999998899e-05,0.00019999999999997797,0.00039999999999995595,0.0004999999999999449,0.0010000000000000009,0.0018000000000000238,0.0024999999999999467,0.0042999999999999705,0.006000000000000005,0.010099999999999998,0.01529999999999998,0.022399999999999975,0.03259999999999996,0.04310000000000003,0.06230000000000002,0.08389999999999997,0.10999999999999999,0.14090000000000003,0.1773,0.2228,0.2734,0.3256,0.3812,0.44100000000000006,0.4986999999999999,0.5555,0.6086,0.6592,0.7058,0.7466,0.7856,0.8216,0.8578,0.8849,0.9071,0.9272,0.9451,0.9587,0.9694,0.9791,0.9851,0.9901,0.9941,0.994,0.9937,0.9922,0.9887,0.9825,0.9753,0.9636,0.9463,0.9253,0.903,0.8718,0.8293,0.7859,0.7401,0.6861,0.6325,0.5744,0.5168,0.46219999999999994,0.41090000000000004,0.35929999999999995,0.3118000000000001,0.26659999999999995,0.2298,0.18969999999999998,0.1553,0.12580000000000002,0.09889999999999999,0.07769999999999999,0.05940000000000001,0.045499999999999985,0.0343,0.02429999999999999,0.017000000000000015,0.010600000000000054,0.007099999999999995,0.0044999999999999485,0.0029000000000000137,0.0017000000000000348,0.0012999999999999678,0.0006000000000000449,0.00039999999999995595,0.0,0.0,0.0,0.0,0.0,0.0,0.0,0.0,0.0,0.0,0.0,0.0,0.0,0.0,0.0,0.0,0.0,0.0,0.0,0.0,0.0,0.0,0.0,0.0,0.0,0.0,0.0,0.0,0.0,0.0,0.0,0.0,0.0,0.0,0.0,0.0,0.0,0.0,0.0,0.0,0.0,0.0,0.0,0.0,0.0,0.0,0.0,0.0,0.0,0.0,0.0,0.0,0.0,0.0,0.0,0.0,0.0,0.0,0.0,0.0,0.0,0.0,0.0,0.0,0.0,0.0,0.0,0.0,0.0,0.0,0.0,0.0,0.0,0.0,0.0,0.0,0.0,0.0,0.0,0.0,0.0,0.0,0.0,0.0,0.0,0.0,0.0,0.0,0.0,0.0,0.0,0.0,0.0,0.0,0.0,0.0,0.0,0.0,0.0,0.0,0.0,0.0,0.0,0.0,0.0,0.0,0.0,0.0,0.0,0.0,0.0,0.0,0.0,0.0,0.0,0.0005440696409140244,0.0005440696409140244,0.0016322089227420733,0.003808487486398282,0.009793253536452662,0.021762785636561532,0.03917301414581065,0.09793253536452662,0.17899891186071815,0.26550598476605003,0.3726877040261154,0.49891186071817195,0.6071817192600653,0.7083786724700761,0.8035908596300326,0.8781284004352558,0.9211099020674647,0.9510337323177367,0.9744287268770403,0.985854189336235,0.9929270946681176,0.9961915125136017,0.998911860718172,0.999455930359086,1.0,1.0,1.0,1.0,1.0,1.0,1.0,1.0,0.9978237214363439,0.9880304678998912,0.940152339499456,0.8166485310119695,0.5647442872687704,0.28944504896626766,0.08324265505984763,0.019586507072905324,0.004896626768226331,0.0005440696409140244,0.0,0.0,0.0,0.0,0.0,0.0,0.0,0.0,0.0,0.0,0.0,0.0,0.0,0.0,0.0,0.0,0.0,0.0,0.0,0.0,0.0,0.0,0.0,0.0,0.0,0.0,0.0,0.0,0.0,0.0,0.0,0.0,0.0,0.0,0.0,0.0,0.0,0.0,0.0,0.0,0.0
-5.687150837988827,0.0,0.0,0.0,0.0,0.0,0.0,0.0,0.0,0.0,0.0,0.0,0.0,0.0,0.0,0.0,0.0,0.0,0.0,0.0,0.0,0.0,0.0,0.0,0.0,0.0,0.0,0.0,0.0,0.0,0.0,0.0,0.0,0.0,0.0,0.0,0.0,9.999999999998899e-05,9.999999999998899e-05,0.00019999999999997797,0.00039999999999995595,0.0004999999999999449,0.0010000000000000009,0.0018000000000000238,0.0024999999999999467,0.0042999999999999705,0.006000000000000005,0.010099999999999998,0.015199999999999991,0.022399999999999975,0.03259999999999996,0.04310000000000003,0.06230000000000002,0.08389999999999997,0.10999999999999999,0.14090000000000003,0.17700000000000005,0.22260000000000002,0.2731,0.32509999999999994,0.3812,0.4407,0.49839999999999995,0.5555,0.6086,0.6591,0.7055,0.7465,0.7855,0.8215,0.8578,0.8846,0.9071,0.9271,0.9451,0.9587,0.9694,0.9791,0.9851,0.99,0.9941,0.994,0.9937,0.9922,0.9887,0.9825,0.9753,0.9636,0.9462,0.9252,0.9029,0.8718,0.8293,0.7858,0.7399,0.686,0.6324,0.5743,0.5166,0.46219999999999994,0.41080000000000005,0.35929999999999995,0.3117,0.26659999999999995,0.22960000000000003,0.18969999999999998,0.15510000000000002,0.12580000000000002,0.09889999999999999,0.0776,0.05940000000000001,0.045499999999999985,0.0343,0.0242,0.017000000000000015,0.010600000000000054,0.007099999999999995,0.0044999999999999485,0.0029000000000000137,0.0017000000000000348,0.0012999999999999678,0.0006000000000000449,0.00039999999999995595,0.0,0.0,0.0,0.0,0.0,0.0,0.0,0.0,0.0,0.0,0.0,0.0,0.0,0.0,0.0,0.0,0.0,0.0,0.0,0.0,0.0,0.0,0.0,0.0,0.0,0.0,0.0,0.0,0.0,0.0,0.0,0.0,0.0,0.0,0.0,0.0,0.0,0.0,0.0,0.0,0.0,0.0,0.0,0.0,0.0,0.0,0.0,0.0,0.0,0.0,0.0,0.0,0.0,0.0,0.0,0.0,0.0,0.0,0.0,0.0,0.0,0.0,0.0,0.0,0.0,0.0,0.0,0.0,0.0,0.0,0.0,0.0,0.0,0.0,0.0,0.0,0.0,0.0,0.0,0.0,0.0,0.0,0.0,0.0,0.0,0.0,0.0,0.0,0.0,0.0,0.0,0.0,0.0,0.0,0.0,0.0,0.0,0.0,0.0,0.0,0.0,0.0,0.0,0.0,0.0,0.0,0.0,0.0,0.0,0.0,0.0,0.0,0.0,0.0,0.0,0.0005440696409140244,0.0005440696409140244,0.0016322089227420733,0.003808487486398282,0.009793253536452662,0.021762785636561532,0.03917301414581065,0.0973884657236126,0.17899891186071815,0.264961915125136,0.37214363438520137,0.4983677910772579,0.6071817192600653,0.7083786724700761,0.8035908596300326,0.8775843307943417,0.9211099020674647,0.9510337323177367,0.9744287268770403,0.985854189336235,0.9929270946681176,0.9961915125136017,0.998911860718172,0.999455930359086,1.0,1.0,1.0,1.0,1.0,1.0,1.0,1.0,0.9978237214363439,0.9880304678998912,0.940152339499456,0.8161044613710555,0.5631120783460283,0.28890097932535364,0.08324265505984763,0.019586507072905324,0.004896626768226331,0.0005440696409140244,0.0,0.0,0.0,0.0,0.0,0.0,0.0,0.0,0.0,0.0,0.0,0.0,0.0,0.0,0.0,0.0,0.0,0.0,0.0,0.0,0.0,0.0,0.0,0.0,0.0,0.0,0.0,0.0,0.0,0.0,0.0,0.0,0.0,0.0,0.0,0.0,0.0,0.0,0.0,0.0,0.0
-5.64245810055866,0.0,0.0,0.0,0.0,0.0,0.0,0.0,0.0,0.0,0.0,0.0,0.0,0.0,0.0,0.0,0.0,0.0,0.0,0.0,0.0,0.0,0.0,0.0,0.0,0.0,0.0,0.0,0.0,0.0,0.0,0.0,0.0,0.0,0.0,0.0,0.0,9.999999999998899e-05,9.999999999998899e-05,0.00019999999999997797,0.00039999999999995595,0.0004999999999999449,0.0010000000000000009,0.0018000000000000238,0.0024999999999999467,0.0042999999999999705,0.006000000000000005,0.010099999999999998,0.015199999999999991,0.022399999999999975,0.03259999999999996,0.04300000000000004,0.06230000000000002,0.08389999999999997,0.10980000000000001,0.14080000000000004,0.17700000000000005,0.22250000000000003,0.2731,0.32499999999999996,0.3812,0.4406,0.4982,0.5555,0.6086,0.659,0.7054,0.7465,0.7852,0.8213,0.8577,0.8842,0.9071,0.9271,0.945,0.9587,0.9694,0.9791,0.9851,0.99,0.9941,0.994,0.9937,0.9922,0.9887,0.9825,0.9753,0.9636,0.9462,0.9251,0.9029,0.8718,0.8292,0.7855,0.7398,0.6859,0.6323,0.5742,0.5165,0.46209999999999996,0.41070000000000007,0.35919999999999996,0.3117,0.26649999999999996,0.22950000000000004,0.1896,0.15500000000000003,0.12570000000000003,0.09889999999999999,0.0776,0.05930000000000002,0.045499999999999985,0.0343,0.0242,0.017000000000000015,0.010600000000000054,0.007099999999999995,0.0044999999999999485,0.0029000000000000137,0.0017000000000000348,0.0012999999999999678,0.0006000000000000449,0.00039999999999995595,0.0,0.0,0.0,0.0,0.0,0.0,0.0,0.0,0.0,0.0,0.0,0.0,0.0,0.0,0.0,0.0,0.0,0.0,0.0,0.0,0.0,0.0,0.0,0.0,0.0,0.0,0.0,0.0,0.0,0.0,0.0,0.0,0.0,0.0,0.0,0.0,0.0,0.0,0.0,0.0,0.0,0.0,0.0,0.0,0.0,0.0,0.0,0.0,0.0,0.0,0.0,0.0,0.0,0.0,0.0,0.0,0.0,0.0,0.0,0.0,0.0,0.0,0.0,0.0,0.0,0.0,0.0,0.0,0.0,0.0,0.0,0.0,0.0,0.0,0.0,0.0,0.0,0.0,0.0,0.0,0.0,0.0,0.0,0.0,0.0,0.0,0.0,0.0,0.0,0.0,0.0,0.0,0.0,0.0,0.0,0.0,0.0,0.0,0.0,0.0,0.0,0.0,0.0,0.0,0.0,0.0,0.0,0.0,0.0,0.0,0.0,0.0,0.0,0.0,0.0,0.0005440696409140244,0.0005440696409140244,0.0016322089227420733,0.003808487486398282,0.009793253536452662,0.021762785636561532,0.03862894450489662,0.0973884657236126,0.17899891186071815,0.264961915125136,0.37214363438520137,0.4978237214363439,0.6071817192600653,0.7083786724700761,0.8035908596300326,0.8775843307943417,0.9211099020674647,0.9510337323177367,0.9744287268770403,0.985854189336235,0.9929270946681176,0.9961915125136017,0.998911860718172,0.999455930359086,1.0,1.0,1.0,1.0,1.0,1.0,1.0,1.0,0.9978237214363439,0.9880304678998912,0.940152339499456,0.8161044613710555,0.5620239390642002,0.28890097932535364,0.08324265505984763,0.019586507072905324,0.004896626768226331,0.0005440696409140244,0.0,0.0,0.0,0.0,0.0,0.0,0.0,0.0,0.0,0.0,0.0,0.0,0.0,0.0,0.0,0.0,0.0,0.0,0.0,0.0,0.0,0.0,0.0,0.0,0.0,0.0,0.0,0.0,0.0,0.0,0.0,0.0,0.0,0.0,0.0,0.0,0.0,0.0,0.0,0.0,0.0
-5.597765363128492,0.0,0.0,0.0,0.0,0.0,0.0,0.0,0.0,0.0,0.0,0.0,0.0,0.0,0.0,0.0,0.0,0.0,0.0,0.0,0.0,0.0,0.0,0.0,0.0,0.0,0.0,0.0,0.0,0.0,0.0,0.0,0.0,0.0,0.0,0.0,0.0,9.999999999998899e-05,9.999999999998899e-05,0.00019999999999997797,0.00039999999999995595,0.0004999999999999449,0.0010000000000000009,0.0018000000000000238,0.0024999999999999467,0.0042999999999999705,0.006000000000000005,0.010099999999999998,0.015199999999999991,0.022399999999999975,0.03259999999999996,0.04290000000000005,0.06230000000000002,0.08389999999999997,0.10980000000000001,0.14080000000000004,0.17700000000000005,0.22239999999999993,0.273,0.32489999999999997,0.3809,0.4406,0.4982,0.5555,0.6085,0.6589,0.7053,0.7464,0.7851,0.8211,0.8577,0.8842,0.9071,0.9271,0.9448,0.9587,0.9694,0.979,0.9851,0.99,0.9941,0.994,0.9937,0.9922,0.9887,0.9825,0.9752,0.9636,0.9462,0.9251,0.9028,0.8718,0.8291,0.7855,0.7398,0.6859,0.6321,0.5742,0.5164,0.46199999999999997,0.4106000000000001,0.3591,0.3116,0.2663,0.22950000000000004,0.1895,0.15480000000000005,0.12570000000000003,0.09889999999999999,0.0776,0.05920000000000003,0.045499999999999985,0.0343,0.02410000000000001,0.017000000000000015,0.010600000000000054,0.007099999999999995,0.0044999999999999485,0.0029000000000000137,0.0017000000000000348,0.0012999999999999678,0.0006000000000000449,0.00039999999999995595,0.0,0.0,0.0,0.0,0.0,0.0,0.0,0.0,0.0,0.0,0.0,0.0,0.0,0.0,0.0,0.0,0.0,0.0,0.0,0.0,0.0,0.0,0.0,0.0,0.0,0.0,0.0,0.0,0.0,0.0,0.0,0.0,0.0,0.0,0.0,0.0,0.0,0.0,0.0,0.0,0.0,0.0,0.0,0.0,0.0,0.0,0.0,0.0,0.0,0.0,0.0,0.0,0.0,0.0,0.0,0.0,0.0,0.0,0.0,0.0,0.0,0.0,0.0,0.0,0.0,0.0,0.0,0.0,0.0,0.0,0.0,0.0,0.0,0.0,0.0,0.0,0.0,0.0,0.0,0.0,0.0,0.0,0.0,0.0,0.0,0.0,0.0,0.0,0.0,0.0,0.0,0.0,0.0,0.0,0.0,0.0,0.0,0.0,0.0,0.0,0.0,0.0,0.0,0.0,0.0,0.0,0.0,0.0,0.0,0.0,0.0,0.0,0.0,0.0,0.0,0.0005440696409140244,0.0005440696409140244,0.0016322089227420733,0.003808487486398282,0.009793253536452662,0.021218715995647397,0.03862894450489662,0.09684439608269857,0.17899891186071815,0.264417845484222,0.3710554951033732,0.4972796517954299,0.6071817192600653,0.7078346028291621,0.8030467899891186,0.8775843307943417,0.9211099020674647,0.9510337323177367,0.9744287268770403,0.985854189336235,0.9929270946681176,0.9961915125136017,0.998911860718172,0.999455930359086,1.0,1.0,1.0,1.0,1.0,1.0,1.0,1.0,0.9978237214363439,0.9880304678998912,0.940152339499456,0.8155603917301415,0.5614798694232862,0.28890097932535364,0.08324265505984763,0.019586507072905324,0.004896626768226331,0.0005440696409140244,0.0,0.0,0.0,0.0,0.0,0.0,0.0,0.0,0.0,0.0,0.0,0.0,0.0,0.0,0.0,0.0,0.0,0.0,0.0,0.0,0.0,0.0,0.0,0.0,0.0,0.0,0.0,0.0,0.0,0.0,0.0,0.0,0.0,0.0,0.0,0.0,0.0,0.0,0.0,0.0,0.0
-5.553072625698324,0.0,0.0,0.0,0.0,0.0,0.0,0.0,0.0,0.0,0.0,0.0,0.0,0.0,0.0,0.0,0.0,0.0,0.0,0.0,0.0,0.0,0.0,0.0,0.0,0.0,0.0,0.0,0.0,0.0,0.0,0.0,0.0,0.0,0.0,0.0,0.0,9.999999999998899e-05,9.999999999998899e-05,0.00019999999999997797,0.00039999999999995595,0.0004999999999999449,0.0010000000000000009,0.0018000000000000238,0.0024999999999999467,0.0042999999999999705,0.006000000000000005,0.010099999999999998,0.015100000000000002,0.022399999999999975,0.03259999999999996,0.04290000000000005,0.06230000000000002,0.08379999999999999,0.10980000000000001,0.14070000000000005,0.17690000000000006,0.22229999999999994,0.27279999999999993,0.3247,0.3809,0.4406,0.4981,0.5554,0.6084,0.6589,0.7053,0.7461,0.7851,0.821,0.8576,0.8842,0.9071,0.9271,0.9447,0.9587,0.9692,0.979,0.9851,0.99,0.9941,0.994,0.9937,0.9922,0.9887,0.9825,0.9752,0.9636,0.946,0.9251,0.9027,0.8717,0.829,0.7854,0.7398,0.6857,0.6319,0.5741,0.5164,0.4619,0.4106000000000001,0.3589,0.3115,0.2662,0.22940000000000005,0.1895,0.15480000000000005,0.12570000000000003,0.0988,0.07750000000000001,0.05920000000000003,0.045399999999999996,0.0343,0.02410000000000001,0.017000000000000015,0.010600000000000054,0.007099999999999995,0.0044999999999999485,0.0029000000000000137,0.0017000000000000348,0.0012999999999999678,0.0006000000000000449,0.00039999999999995595,0.0,0.0,0.0,0.0,0.0,0.0,0.0,0.0,0.0,0.0,0.0,0.0,0.0,0.0,0.0,0.0,0.0,0.0,0.0,0.0,0.0,0.0,0.0,0.0,0.0,0.0,0.0,0.0,0.0,0.0,0.0,0.0,0.0,0.0,0.0,0.0,0.0,0.0,0.0,0.0,0.0,0.0,0.0,0.0,0.0,0.0,0.0,0.0,0.0,0.0,0.0,0.0,0.0,0.0,0.0,0.0,0.0,0.0,0.0,0.0,0.0,0.0,0.0,0.0,0.0,0.0,0.0,0.0,0.0,0.0,0.0,0.0,0.0,0.0,0.0,0.0,0.0,0.0,0.0,0.0,0.0,0.0,0.0,0.0,0.0,0.0,0.0,0.0,0.0,0.0,0.0,0.0,0.0,0.0,0.0,0.0,0.0,0.0,0.0,0.0,0.0,0.0,0.0,0.0,0.0,0.0,0.0,0.0,0.0,0.0,0.0,0.0,0.0,0.0,0.0,0.0005440696409140244,0.0005440696409140244,0.0016322089227420733,0.003808487486398282,0.009793253536452662,0.021218715995647397,0.03862894450489662,0.09684439608269857,0.17845484221980412,0.26387377584330796,0.3705114254624592,0.4972796517954299,0.6071817192600653,0.7078346028291621,0.8030467899891186,0.8775843307943417,0.9211099020674647,0.9510337323177367,0.9744287268770403,0.985854189336235,0.9929270946681176,0.9961915125136017,0.998911860718172,0.999455930359086,1.0,1.0,1.0,1.0,1.0,1.0,1.0,1.0,0.9978237214363439,0.9880304678998912,0.9396082698585418,0.8144722524483133,0.5614798694232862,0.2883569096844396,0.08324265505984763,0.019586507072905324,0.004896626768226331,0.0005440696409140244,0.0,0.0,0.0,0.0,0.0,0.0,0.0,0.0,0.0,0.0,0.0,0.0,0.0,0.0,0.0,0.0,0.0,0.0,0.0,0.0,0.0,0.0,0.0,0.0,0.0,0.0,0.0,0.0,0.0,0.0,0.0,0.0,0.0,0.0,0.0,0.0,0.0,0.0,0.0,0.0,0.0
-5.5083798882681565,0.0,0.0,0.0,0.0,0.0,0.0,0.0,0.0,0.0,0.0,0.0,0.0,0.0,0.0,0.0,0.0,0.0,0.0,0.0,0.0,0.0,0.0,0.0,0.0,0.0,0.0,0.0,0.0,0.0,0.0,0.0,0.0,0.0,0.0,0.0,0.0,9.999999999998899e-05,9.999999999998899e-05,0.00019999999999997797,0.00039999999999995595,0.0004999999999999449,0.0010000000000000009,0.0018000000000000238,0.0024999999999999467,0.0042999999999999705,0.006000000000000005,0.010099999999999998,0.015100000000000002,0.022399999999999975,0.03259999999999996,0.04290000000000005,0.06220000000000003,0.08379999999999999,0.10980000000000001,0.14070000000000005,0.17690000000000006,0.22199999999999998,0.27259999999999995,0.3246,0.38060000000000005,0.4404,0.4979,0.5551,0.6082,0.6587,0.7053,0.746,0.7851,0.821,0.8575,0.8842,0.9071,0.9271,0.9446,0.9587,0.9692,0.9789,0.9851,0.99,0.9941,0.994,0.9937,0.9922,0.9886,0.9825,0.9752,0.9636,0.946,0.9251,0.9027,0.8715,0.8289,0.7853,0.7397,0.6856,0.6319,0.5739,0.5163,0.4617,0.4105,0.3588,0.3115,0.2662,0.22919999999999996,0.1894,0.15480000000000005,0.12570000000000003,0.0988,0.07740000000000002,0.05920000000000003,0.045399999999999996,0.0343,0.02410000000000001,0.016800000000000037,0.010499999999999954,0.007099999999999995,0.0044999999999999485,0.0029000000000000137,0.0017000000000000348,0.0012999999999999678,0.0006000000000000449,0.00039999999999995595,0.0,0.0,0.0,0.0,0.0,0.0,0.0,0.0,0.0,0.0,0.0,0.0,0.0,0.0,0.0,0.0,0.0,0.0,0.0,0.0,0.0,0.0,0.0,0.0,0.0,0.0,0.0,0.0,0.0,0.0,0.0,0.0,0.0,0.0,0.0,0.0,0.0,0.0,0.0,0.0,0.0,0.0,0.0,0.0,0.0,0.0,0.0,0.0,0.0,0.0,0.0,0.0,0.0,0.0,0.0,0.0,0.0,0.0,0.0,0.0,0.0,0.0,0.0,0.0,0.0,0.0,0.0,0.0,0.0,0.0,0.0,0.0,0.0,0.0,0.0,0.0,0.0,0.0,0.0,0.0,0.0,0.0,0.0,0.0,0.0,0.0,0.0,0.0,0.0,0.0,0.0,0.0,0.0,0.0,0.0,0.0,0.0,0.0,0.0,0.0,0.0,0.0,0.0,0.0,0.0,0.0,0.0,0.0,0.0,0.0,0.0,0.0,0.0,0.0,0.0,0.0005440696409140244,0.0005440696409140244,0.0016322089227420733,0.003808487486398282,0.009793253536452662,0.021218715995647397,0.03862894450489662,0.09684439608269857,0.17845484221980412,0.26387377584330796,0.36996735582154516,0.4972796517954299,0.6071817192600653,0.7078346028291621,0.8030467899891186,0.8775843307943417,0.9211099020674647,0.9510337323177367,0.9744287268770403,0.985854189336235,0.9929270946681176,0.9961915125136017,0.998911860718172,0.999455930359086,1.0,1.0,1.0,1.0,1.0,1.0,1.0,1.0,0.9978237214363439,0.9874863982589771,0.9390642002176278,0.8139281828073993,0.5609357997823722,0.28726877040261156,0.0826985854189336,0.019586507072905324,0.004896626768226331,0.0005440696409140244,0.0,0.0,0.0,0.0,0.0,0.0,0.0,0.0,0.0,0.0,0.0,0.0,0.0,0.0,0.0,0.0,0.0,0.0,0.0,0.0,0.0,0.0,0.0,0.0,0.0,0.0,0.0,0.0,0.0,0.0,0.0,0.0,0.0,0.0,0.0,0.0,0.0,0.0,0.0,0.0,0.0
-5.4636871508379885,0.0,0.0,0.0,0.0,0.0,0.0,0.0,0.0,0.0,0.0,0.0,0.0,0.0,0.0,0.0,0.0,0.0,0.0,0.0,0.0,0.0,0.0,0.0,0.0,0.0,0.0,0.0,0.0,0.0,0.0,0.0,0.0,0.0,0.0,0.0,0.0,9.999999999998899e-05,9.999999999998899e-05,0.00019999999999997797,0.00039999999999995595,0.0004999999999999449,0.0010000000000000009,0.0018000000000000238,0.0024999999999999467,0.0042999999999999705,0.006000000000000005,0.010099999999999998,0.015100000000000002,0.022399999999999975,0.03259999999999996,0.04290000000000005,0.062100000000000044,0.08379999999999999,0.10980000000000001,0.14070000000000005,0.17680000000000007,0.2219,0.2723,0.3244,0.38060000000000005,0.4403,0.4979,0.5549,0.608,0.6584,0.7052,0.746,0.7851,0.8209,0.8574,0.884,0.9071,0.9271,0.9446,0.9587,0.9692,0.9789,0.9851,0.99,0.9941,0.994,0.9937,0.9922,0.9886,0.9825,0.9752,0.9635,0.946,0.9251,0.9026,0.8715,0.8287,0.7852,0.7396,0.6854,0.6316,0.5735,0.516,0.46140000000000003,0.4101,0.3587,0.3115,0.2662,0.22909999999999997,0.18930000000000002,0.15480000000000005,0.12559999999999993,0.0988,0.07740000000000002,0.05910000000000004,0.04530000000000001,0.0343,0.02400000000000002,0.016800000000000037,0.010499999999999954,0.007099999999999995,0.0044999999999999485,0.0029000000000000137,0.0017000000000000348,0.0012999999999999678,0.0006000000000000449,0.00039999999999995595,0.0,0.0,0.0,0.0,0.0,0.0,0.0,0.0,0.0,0.0,0.0,0.0,0.0,0.0,0.0,0.0,0.0,0.0,0.0,0.0,0.0,0.0,0.0,0.0,0.0,0.0,0.0,0.0,0.0,0.0,0.0,0.0,0.0,0.0,0.0,0.0,0.0,0.0,0.0,0.0,0.0,0.0,0.0,0.0,0.0,0.0,0.0,0.0,0.0,0.0,0.0,0.0,0.0,0.0,0.0,0.0,0.0,0.0,0.0,0.0,0.0,0.0,0.0,0.0,0.0,0.0,0.0,0.0,0.0,0.0,0.0,0.0,0.0,0.0,0.0,0.0,0.0,0.0,0.0,0.0,0.0,0.0,0.0,0.0,0.0,0.0,0.0,0.0,0.0,0.0,0.0,0.0,0.0,0.0,0.0,0.0,0.0,0.0,0.0,0.0,0.0,0.0,0.0,0.0,0.0,0.0,0.0,0.0,0.0,0.0,0.0,0.0,0.0,0.0,0.0,0.0005440696409140244,0.0005440696409140244,0.0016322089227420733,0.003808487486398282,0.009793253536452662,0.021218715995647397,0.03862894450489662,0.09684439608269857,0.17845484221980412,0.26332970620239393,0.36996735582154516,0.4972796517954299,0.6060935799782372,0.7067464635473341,0.8025027203482046,0.8775843307943417,0.9211099020674647,0.9510337323177367,0.9744287268770403,0.985854189336235,0.9929270946681176,0.9961915125136017,0.998911860718172,0.999455930359086,1.0,1.0,1.0,1.0,1.0,1.0,1.0,1.0,0.9978237214363439,0.9874863982589771,0.9390642002176278,0.8139281828073993,0.559847660500544,0.28509249183895546,0.0826985854189336,0.019586507072905324,0.004896626768226331,0.0005440696409140244,0.0,0.0,0.0,0.0,0.0,0.0,0.0,0.0,0.0,0.0,0.0,0.0,0.0,0.0,0.0,0.0,0.0,0.0,0.0,0.0,0.0,0.0,0.0,0.0,0.0,0.0,0.0,0.0,0.0,0.0,0.0,0.0,0.0,0.0,0.0,0.0,0.0,0.0,0.0,0.0,0.0
-5.418994413407821,0.0,0.0,0.0,0.0,0.0,0.0,0.0,0.0,0.0,0.0,0.0,0.0,0.0,0.0,0.0,0.0,0.0,0.0,0.0,0.0,0.0,0.0,0.0,0.0,0.0,0.0,0.0,0.0,0.0,0.0,0.0,0.0,0.0,0.0,0.0,0.0,9.999999999998899e-05,9.999999999998899e-05,0.00019999999999997797,0.00039999999999995595,0.0004999999999999449,0.0010000000000000009,0.0018000000000000238,0.0024999999999999467,0.0042999999999999705,0.006000000000000005,0.010000000000000009,0.015100000000000002,0.022399999999999975,0.03259999999999996,0.04290000000000005,0.062000000000000055,0.0837,0.10960000000000003,0.14060000000000006,0.17669999999999997,0.2218,0.2722,0.32430000000000003,0.38060000000000005,0.44009999999999994,0.49760000000000004,0.5547,0.608,0.6582,0.7052,0.7458,0.7851,0.8209,0.8574,0.8839,0.9071,0.9271,0.9446,0.9585,0.9692,0.9789,0.9851,0.99,0.9941,0.994,0.9937,0.9922,0.9886,0.9825,0.9751,0.9634,0.9459,0.925,0.9026,0.8714,0.8287,0.785,0.7395,0.6854,0.6316,0.5734,0.5159,0.46140000000000003,0.4099999999999999,0.35860000000000003,0.3115,0.266,0.2289,0.18900000000000006,0.15470000000000006,0.12559999999999993,0.0988,0.07740000000000002,0.05910000000000004,0.04530000000000001,0.0343,0.02400000000000002,0.016800000000000037,0.010499999999999954,0.007000000000000006,0.0044999999999999485,0.0029000000000000137,0.0017000000000000348,0.0012999999999999678,0.0006000000000000449,0.00039999999999995595,0.0,0.0,0.0,0.0,0.0,0.0,0.0,0.0,0.0,0.0,0.0,0.0,0.0,0.0,0.0,0.0,0.0,0.0,0.0,0.0,0.0,0.0,0.0,0.0,0.0,0.0,0.0,0.0,0.0,0.0,0.0,0.0,0.0,0.0,0.0,0.0,0.0,0.0,0.0,0.0,0.0,0.0,0.0,0.0,0.0,0.0,0.0,0.0,0.0,0.0,0.0,0.0,0.0,0.0,0.0,0.0,0.0,0.0,0.0,0.0,0.0,0.0,0.0,0.0,0.0,0.0,0.0,0.0,0.0,0.0,0.0,0.0,0.0,0.0,0.0,0.0,0.0,0.0,0.0,0.0,0.0,0.0,0.0,0.0,0.0,0.0,0.0,0.0,0.0,0.0,0.0,0.0,0.0,0.0,0.0,0.0,0.0,0.0,0.0,0.0,0.0,0.0,0.0,0.0,0.0,0.0,0.0,0.0,0.0,0.0,0.0,0.0,0.0,0.0,0.0,0.0005440696409140244,0.0005440696409140244,0.0016322089227420733,0.003808487486398282,0.009793253536452662,0.021218715995647397,0.03862894450489662,0.09684439608269857,0.17845484221980412,0.2627856365614798,0.36996735582154516,0.49673558215451585,0.6055495103373232,0.7067464635473341,0.8019586507072906,0.8770402611534276,0.9211099020674647,0.9510337323177367,0.9744287268770403,0.985854189336235,0.9929270946681176,0.9961915125136017,0.998911860718172,0.999455930359086,1.0,1.0,1.0,1.0,1.0,1.0,1.0,1.0,0.9978237214363439,0.9874863982589771,0.9390642002176278,0.8133841131664853,0.55930359085963,0.28509249183895546,0.08215451577801958,0.0190424374319913,0.004896626768226331,0.0005440696409140244,0.0,0.0,0.0,0.0,0.0,0.0,0.0,0.0,0.0,0.0,0.0,0.0,0.0,0.0,0.0,0.0,0.0,0.0,0.0,0.0,0.0,0.0,0.0,0.0,0.0,0.0,0.0,0.0,0.0,0.0,0.0,0.0,0.0,0.0,0.0,0.0,0.0,0.0,0.0,0.0,0.0
-5.374301675977653,0.0,0.0,0.0,0.0,0.0,0.0,0.0,0.0,0.0,0.0,0.0,0.0,0.0,0.0,0.0,0.0,0.0,0.0,0.0,0.0,0.0,0.0,0.0,0.0,0.0,0.0,0.0,0.0,0.0,0.0,0.0,0.0,0.0,0.0,0.0,0.0,9.999999999998899e-05,9.999999999998899e-05,0.00019999999999997797,0.00039999999999995595,0.0004999999999999449,0.0010000000000000009,0.0018000000000000238,0.0024999999999999467,0.0042999999999999705,0.005900000000000016,0.010000000000000009,0.015100000000000002,0.022399999999999975,0.03259999999999996,0.04290000000000005,0.061899999999999955,0.0837,0.10939999999999994,0.14039999999999997,0.17659999999999998,0.2217,0.2721,0.32420000000000004,0.38040000000000007,0.43979999999999997,0.4971,0.5543,0.608,0.658,0.7049,0.7458,0.785,0.8208,0.8574,0.8838,0.907,0.9271,0.9446,0.9585,0.9692,0.9788,0.985,0.99,0.9941,0.994,0.9937,0.9922,0.9886,0.9825,0.9751,0.9632,0.9458,0.9249,0.9026,0.8713,0.8286,0.785,0.7394,0.6853,0.6313,0.5732,0.5158,0.46140000000000003,0.40959999999999996,0.35850000000000004,0.3113,0.26580000000000004,0.2288,0.18879999999999997,0.15470000000000006,0.12559999999999993,0.0988,0.07740000000000002,0.05910000000000004,0.04530000000000001,0.03420000000000001,0.02400000000000002,0.016800000000000037,0.010499999999999954,0.007000000000000006,0.0044999999999999485,0.0029000000000000137,0.0017000000000000348,0.0012999999999999678,0.0004999999999999449,0.00039999999999995595,0.0,0.0,0.0,0.0,0.0,0.0,0.0,0.0,0.0,0.0,0.0,0.0,0.0,0.0,0.0,0.0,0.0,0.0,0.0,0.0,0.0,0.0,0.0,0.0,0.0,0.0,0.0,0.0,0.0,0.0,0.0,0.0,0.0,0.0,0.0,0.0,0.0,0.0,0.0,0.0,0.0,0.0,0.0,0.0,0.0,0.0,0.0,0.0,0.0,0.0,0.0,0.0,0.0,0.0,0.0,0.0,0.0,0.0,0.0,0.0,0.0,0.0,0.0,0.0,0.0,0.0,0.0,0.0,0.0,0.0,0.0,0.0,0.0,0.0,0.0,0.0,0.0,0.0,0.0,0.0,0.0,0.0,0.0,0.0,0.0,0.0,0.0,0.0,0.0,0.0,0.0,0.0,0.0,0.0,0.0,0.0,0.0,0.0,0.0,0.0,0.0,0.0,0.0,0.0,0.0,0.0,0.0,0.0,0.0,0.0,0.0,0.0,0.0,0.0,0.0,0.0005440696409140244,0.0005440696409140244,0.0016322089227420733,0.003808487486398282,0.009793253536452662,0.021218715995647397,0.03862894450489662,0.09684439608269857,0.1779107725788901,0.2627856365614798,0.36942328618063114,0.49510337323177367,0.6055495103373232,0.70620239390642,0.8019586507072906,0.8770402611534276,0.9211099020674647,0.9510337323177367,0.9744287268770403,0.985854189336235,0.9929270946681176,0.9961915125136017,0.998911860718172,0.999455930359086,0.999455930359086,1.0,1.0,1.0,1.0,1.0,1.0,1.0,0.9978237214363439,0.9874863982589771,0.9385201305767138,0.8128400435255713,0.5571273122959739,0.2840043525571273,0.08215451577801958,0.0190424374319913,0.004896626768226331,0.0005440696409140244,0.0,0.0,0.0,0.0,0.0,0.0,0.0,0.0,0.0,0.0,0.0,0.0,0.0,0.0,0.0,0.0,0.0,0.0,0.0,0.0,0.0,0.0,0.0,0.0,0.0,0.0,0.0,0.0,0.0,0.0,0.0,0.0,0.0,0.0,0.0,0.0,0.0,0.0,0.0,0.0,0.0
-5.329608938547486,0.0,0.0,0.0,0.0,0.0,0.0,0.0,0.0,0.0,0.0,0.0,0.0,0.0,0.0,0.0,0.0,0.0,0.0,0.0,0.0,0.0,0.0,0.0,0.0,0.0,0.0,0.0,0.0,0.0,0.0,0.0,0.0,0.0,0.0,0.0,0.0,9.999999999998899e-05,9.999999999998899e-05,0.00019999999999997797,0.00039999999999995595,0.0004999999999999449,0.0010000000000000009,0.0018000000000000238,0.0024999999999999467,0.0042999999999999705,0.005900000000000016,0.010000000000000009,0.015100000000000002,0.022399999999999975,0.03259999999999996,0.04279999999999995,0.061899999999999955,0.0837,0.10919999999999996,0.1402,0.1765,0.22150000000000003,0.27190000000000003,0.32410000000000005,0.3802,0.4397,0.4968,0.5541,0.608,0.6576,0.7049,0.7457,0.785,0.8207,0.8572,0.8838,0.9069,0.9271,0.9446,0.9585,0.9692,0.9788,0.985,0.99,0.994,0.994,0.9937,0.9922,0.9886,0.9824,0.9751,0.9631,0.9458,0.9248,0.9025,0.8712,0.8285,0.7848,0.7394,0.6852,0.6313,0.573,0.5157,0.46140000000000003,0.4095,0.35840000000000005,0.31099999999999994,0.26570000000000005,0.22839999999999994,0.18879999999999997,0.15459999999999996,0.12559999999999993,0.09860000000000002,0.07740000000000002,0.05910000000000004,0.04520000000000002,0.03420000000000001,0.02400000000000002,0.016800000000000037,0.010499999999999954,0.007000000000000006,0.0044999999999999485,0.0029000000000000137,0.0017000000000000348,0.0012999999999999678,0.0004999999999999449,0.00039999999999995595,0.0,0.0,0.0,0.0,0.0,0.0,0.0,0.0,0.0,0.0,0.0,0.0,0.0,0.0,0.0,0.0,0.0,0.0,0.0,0.0,0.0,0.0,0.0,0.0,0.0,0.0,0.0,0.0,0.0,0.0,0.0,0.0,0.0,0.0,0.0,0.0,0.0,0.0,0.0,0.0,0.0,0.0,0.0,0.0,0.0,0.0,0.0,0.0,0.0,0.0,0.0,0.0,0.0,0.0,0.0,0.0,0.0,0.0,0.0,0.0,0.0,0.0,0.0,0.0,0.0,0.0,0.0,0.0,0.0,0.0,0.0,0.0,0.0,0.0,0.0,0.0,0.0,0.0,0.0,0.0,0.0,0.0,0.0,0.0,0.0,0.0,0.0,0.0,0.0,0.0,0.0,0.0,0.0,0.0,0.0,0.0,0.0,0.0,0.0,0.0,0.0,0.0,0.0,0.0,0.0,0.0,0.0,0.0,0.0,0.0,0.0,0.0,0.0,0.0,0.0,0.0005440696409140244,0.0005440696409140244,0.0016322089227420733,0.003808487486398282,0.009793253536452662,0.021218715995647397,0.03862894450489662,0.09684439608269857,0.17627856365614802,0.2627856365614798,0.36942328618063114,0.49455930359085964,0.6055495103373232,0.705658324265506,0.8008705114254625,0.8764961915125136,0.9211099020674647,0.9510337323177367,0.9744287268770403,0.985854189336235,0.9929270946681176,0.9961915125136017,0.998911860718172,0.999455930359086,0.999455930359086,1.0,1.0,1.0,1.0,1.0,1.0,1.0,0.9978237214363439,0.9869423286180631,0.9385201305767138,0.8117519042437432,0.5565832426550599,0.2834602829162133,0.08215451577801958,0.018498367791077275,0.004896626768226331,0.0005440696409140244,0.0,0.0,0.0,0.0,0.0,0.0,0.0,0.0,0.0,0.0,0.0,0.0,0.0,0.0,0.0,0.0,0.0,0.0,0.0,0.0,0.0,0.0,0.0,0.0,0.0,0.0,0.0,0.0,0.0,0.0,0.0,0.0,0.0,0.0,0.0,0.0,0.0,0.0,0.0,0.0,0.0
-5.284916201117318,0.0,0.0,0.0,0.0,0.0,0.0,0.0,0.0,0.0,0.0,0.0,0.0,0.0,0.0,0.0,0.0,0.0,0.0,0.0,0.0,0.0,0.0,0.0,0.0,0.0,0.0,0.0,0.0,0.0,0.0,0.0,0.0,0.0,0.0,0.0,0.0,9.999999999998899e-05,9.999999999998899e-05,0.00019999999999997797,0.00039999999999995595,0.0004999999999999449,0.0009000000000000119,0.0018000000000000238,0.0024999999999999467,0.0042999999999999705,0.005900000000000016,0.010000000000000009,0.015100000000000002,0.022399999999999975,0.03259999999999996,0.04279999999999995,0.061899999999999955,0.0837,0.10909999999999997,0.1401,0.1765,0.22109999999999996,0.27190000000000003,0.32400000000000007,0.38,0.4396,0.49659999999999993,0.554,0.6079,0.6576,0.7049,0.7456,0.7847,0.8207,0.8571,0.8837,0.9069,0.927,0.9444,0.9585,0.9692,0.9788,0.985,0.99,0.994,0.994,0.9937,0.9922,0.9886,0.9823,0.9751,0.9631,0.9457,0.9247,0.9025,0.871,0.8284,0.7848,0.7393,0.6852,0.6313,0.573,0.5155,0.46110000000000007,0.4095,0.35840000000000005,0.31099999999999994,0.26560000000000006,0.22809999999999997,0.18879999999999997,0.15459999999999996,0.12559999999999993,0.09840000000000004,0.07720000000000005,0.05899999999999994,0.04520000000000002,0.03420000000000001,0.02400000000000002,0.016800000000000037,0.010499999999999954,0.007000000000000006,0.0044999999999999485,0.0029000000000000137,0.0017000000000000348,0.0012999999999999678,0.0004999999999999449,0.00039999999999995595,0.0,0.0,0.0,0.0,0.0,0.0,0.0,0.0,0.0,0.0,0.0,0.0,0.0,0.0,0.0,0.0,0.0,0.0,0.0,0.0,0.0,0.0,0.0,0.0,0.0,0.0,0.0,0.0,0.0,0.0,0.0,0.0,0.0,0.0,0.0,0.0,0.0,0.0,0.0,0.0,0.0,0.0,0.0,0.0,0.0,0.0,0.0,0.0,0.0,0.0,0.0,0.0,0.0,0.0,0.0,0.0,0.0,0.0,0.0,0.0,0.0,0.0,0.0,0.0,0.0,0.0,0.0,0.0,0.0,0.0,0.0,0.0,0.0,0.0,0.0,0.0,0.0,0.0,0.0,0.0,0.0,0.0,0.0,0.0,0.0,0.0,0.0,0.0,0.0,0.0,0.0,0.0,0.0,0.0,0.0,0.0,0.0,0.0,0.0,0.0,0.0,0.0,0.0,0.0,0.0,0.0,0.0,0.0,0.0,0.0,0.0,0.0,0.0,0.0,0.0,0.0005440696409140244,0.0005440696409140244,0.0016322089227420733,0.003808487486398282,0.009793253536452662,0.021218715995647397,0.03862894450489662,0.09684439608269857,0.17627856365614802,0.26224156692056577,0.368879216539717,0.49455930359085964,0.6050054406964092,0.705658324265506,0.8008705114254625,0.8764961915125136,0.9211099020674647,0.9510337323177367,0.9744287268770403,0.985854189336235,0.9929270946681176,0.9961915125136017,0.998911860718172,0.999455930359086,0.999455930359086,1.0,1.0,1.0,1.0,1.0,1.0,1.0,0.9978237214363439,0.9869423286180631,0.9385201305767138,0.8112078346028292,0.5554951033732318,0.2823721436343851,0.08215451577801958,0.01795429815016325,0.004896626768226331,0.0005440696409140244,0.0,0.0,0.0,0.0,0.0,0.0,0.0,0.0,0.0,0.0,0.0,0.0,0.0,0.0,0.0,0.0,0.0,0.0,0.0,0.0,0.0,0.0,0.0,0.0,0.0,0.0,0.0,0.0,0.0,0.0,0.0,0.0,0.0,0.0,0.0,0.0,0.0,0.0,0.0,0.0,0.0
-5.240223463687151,0.0,0.0,0.0,0.0,0.0,0.0,0.0,0.0,0.0,0.0,0.0,0.0,0.0,0.0,0.0,0.0,0.0,0.0,0.0,0.0,0.0,0.0,0.0,0.0,0.0,0.0,0.0,0.0,0.0,0.0,0.0,0.0,0.0,0.0,0.0,0.0,9.999999999998899e-05,9.999999999998899e-05,0.00019999999999997797,0.00039999999999995595,0.0004999999999999449,0.0009000000000000119,0.0018000000000000238,0.0024999999999999467,0.0041999999999999815,0.005900000000000016,0.010000000000000009,0.015000000000000013,0.022399999999999975,0.03259999999999996,0.04279999999999995,0.061899999999999955,0.0837,0.10899999999999999,0.13990000000000002,0.1763,0.22089999999999999,0.2714,0.3236,0.3799,0.4395,0.49639999999999995,0.5537,0.6079,0.6573,0.7047,0.7456,0.7844,0.8207,0.8569,0.8836,0.9069,0.9268,0.9444,0.9585,0.9692,0.9788,0.985,0.99,0.9939,0.994,0.9937,0.9922,0.9885,0.9823,0.9751,0.9631,0.9457,0.9244,0.9025,0.871,0.8284,0.7847,0.7393,0.6848,0.6311,0.5727,0.5154,0.4608,0.4095,0.35830000000000006,0.31099999999999994,0.26560000000000006,0.22799999999999998,0.18830000000000002,0.15459999999999996,0.12559999999999993,0.09830000000000005,0.07709999999999995,0.05899999999999994,0.04500000000000004,0.03420000000000001,0.023900000000000032,0.016700000000000048,0.010499999999999954,0.007000000000000006,0.0044999999999999485,0.0029000000000000137,0.0017000000000000348,0.0012999999999999678,0.0004999999999999449,0.00039999999999995595,0.0,0.0,0.0,0.0,0.0,0.0,0.0,0.0,0.0,0.0,0.0,0.0,0.0,0.0,0.0,0.0,0.0,0.0,0.0,0.0,0.0,0.0,0.0,0.0,0.0,0.0,0.0,0.0,0.0,0.0,0.0,0.0,0.0,0.0,0.0,0.0,0.0,0.0,0.0,0.0,0.0,0.0,0.0,0.0,0.0,0.0,0.0,0.0,0.0,0.0,0.0,0.0,0.0,0.0,0.0,0.0,0.0,0.0,0.0,0.0,0.0,0.0,0.0,0.0,0.0,0.0,0.0,0.0,0.0,0.0,0.0,0.0,0.0,0.0,0.0,0.0,0.0,0.0,0.0,0.0,0.0,0.0,0.0,0.0,0.0,0.0,0.0,0.0,0.0,0.0,0.0,0.0,0.0,0.0,0.0,0.0,0.0,0.0,0.0,0.0,0.0,0.0,0.0,0.0,0.0,0.0,0.0,0.0,0.0,0.0,0.0,0.0,0.0,0.0,0.0,0.0005440696409140244,0.0005440696409140244,0.0016322089227420733,0.003808487486398282,0.009793253536452662,0.021218715995647397,0.03862894450489662,0.09630032644178455,0.17627856365614802,0.26169749727965175,0.368879216539717,0.49455930359085964,0.6044613710554951,0.705114254624592,0.8008705114254625,0.8764961915125136,0.9211099020674647,0.9510337323177367,0.9738846572361263,0.985854189336235,0.9929270946681176,0.9961915125136017,0.998911860718172,0.999455930359086,0.999455930359086,1.0,1.0,1.0,1.0,1.0,1.0,1.0,0.9978237214363439,0.9869423286180631,0.9374319912948857,0.8106637649619152,0.5544069640914037,0.28128400435255707,0.08161044613710555,0.017410228509249226,0.004896626768226331,0.0005440696409140244,0.0,0.0,0.0,0.0,0.0,0.0,0.0,0.0,0.0,0.0,0.0,0.0,0.0,0.0,0.0,0.0,0.0,0.0,0.0,0.0,0.0,0.0,0.0,0.0,0.0,0.0,0.0,0.0,0.0,0.0,0.0,0.0,0.0,0.0,0.0,0.0,0.0,0.0,0.0,0.0,0.0
-5.195530726256983,0.0,0.0,0.0,0.0,0.0,0.0,0.0,0.0,0.0,0.0,0.0,0.0,0.0,0.0,0.0,0.0,0.0,0.0,0.0,0.0,0.0,0.0,0.0,0.0,0.0,0.0,0.0,0.0,0.0,0.0,0.0,0.0,0.0,0.0,0.0,0.0,9.999999999998899e-05,9.999999999998899e-05,0.00019999999999997797,0.00039999999999995595,0.0004999999999999449,0.0009000000000000119,0.0018000000000000238,0.0024999999999999467,0.0041999999999999815,0.005900000000000016,0.010000000000000009,0.015000000000000013,0.022399999999999975,0.03249999999999997,0.04269999999999996,0.061899999999999955,0.0837,0.1089,0.13980000000000004,0.17620000000000002,0.2207,0.2712,0.32319999999999993,0.3796999999999999,0.4393,0.4961,0.5536,0.6077,0.6571,0.7046,0.7456,0.784,0.8203,0.8569,0.8836,0.9068,0.9267,0.9444,0.9585,0.9691,0.9787,0.985,0.99,0.9939,0.994,0.9937,0.9922,0.9885,0.9823,0.9751,0.9631,0.9457,0.9244,0.9023,0.8708,0.8284,0.7845,0.7393,0.6846,0.6307,0.5727,0.5152,0.4607,0.4093,0.3581,0.31089999999999995,0.2651,0.2277,0.18830000000000002,0.15449999999999997,0.12559999999999993,0.09819999999999995,0.07689999999999997,0.05889999999999995,0.04500000000000004,0.03410000000000002,0.023900000000000032,0.016700000000000048,0.010499999999999954,0.006900000000000017,0.0044999999999999485,0.0029000000000000137,0.0017000000000000348,0.0012999999999999678,0.0004999999999999449,0.00039999999999995595,0.0,0.0,0.0,0.0,0.0,0.0,0.0,0.0,0.0,0.0,0.0,0.0,0.0,0.0,0.0,0.0,0.0,0.0,0.0,0.0,0.0,0.0,0.0,0.0,0.0,0.0,0.0,0.0,0.0,0.0,0.0,0.0,0.0,0.0,0.0,0.0,0.0,0.0,0.0,0.0,0.0,0.0,0.0,0.0,0.0,0.0,0.0,0.0,0.0,0.0,0.0,0.0,0.0,0.0,0.0,0.0,0.0,0.0,0.0,0.0,0.0,0.0,0.0,0.0,0.0,0.0,0.0,0.0,0.0,0.0,0.0,0.0,0.0,0.0,0.0,0.0,0.0,0.0,0.0,0.0,0.0,0.0,0.0,0.0,0.0,0.0,0.0,0.0,0.0,0.0,0.0,0.0,0.0,0.0,0.0,0.0,0.0,0.0,0.0,0.0,0.0,0.0,0.0,0.0,0.0,0.0,0.0,0.0,0.0,0.0,0.0,0.0,0.0,0.0,0.0,0.0005440696409140244,0.0005440696409140244,0.0016322089227420733,0.003808487486398282,0.009793253536452662,0.021218715995647397,0.03862894450489662,0.09630032644178455,0.17627856365614802,0.26169749727965175,0.368335146898803,0.49455930359085964,0.6044613710554951,0.7034820457018498,0.8003264417845484,0.8764961915125136,0.9211099020674647,0.9510337323177367,0.9738846572361263,0.985854189336235,0.9923830250272034,0.9961915125136017,0.998911860718172,0.999455930359086,0.999455930359086,1.0,1.0,1.0,1.0,1.0,1.0,1.0,0.9978237214363439,0.9869423286180631,0.9374319912948857,0.8101196953210011,0.5544069640914037,0.280195865070729,0.08161044613710555,0.017410228509249226,0.004896626768226331,0.0005440696409140244,0.0,0.0,0.0,0.0,0.0,0.0,0.0,0.0,0.0,0.0,0.0,0.0,0.0,0.0,0.0,0.0,0.0,0.0,0.0,0.0,0.0,0.0,0.0,0.0,0.0,0.0,0.0,0.0,0.0,0.0,0.0,0.0,0.0,0.0,0.0,0.0,0.0,0.0,0.0,0.0,0.0
-5.150837988826815,0.0,0.0,0.0,0.0,0.0,0.0,0.0,0.0,0.0,0.0,0.0,0.0,0.0,0.0,0.0,0.0,0.0,0.0,0.0,0.0,0.0,0.0,0.0,0.0,0.0,0.0,0.0,0.0,0.0,0.0,0.0,0.0,0.0,0.0,0.0,0.0,9.999999999998899e-05,9.999999999998899e-05,0.00019999999999997797,0.00039999999999995595,0.0004999999999999449,0.0009000000000000119,0.0018000000000000238,0.0024999999999999467,0.0041999999999999815,0.005900000000000016,0.010000000000000009,0.014800000000000035,0.02210000000000001,0.032399999999999984,0.04269999999999996,0.061799999999999966,0.08360000000000001,0.10880000000000001,0.13959999999999995,0.17620000000000002,0.22050000000000003,0.2711,0.32299999999999995,0.37949999999999995,0.43900000000000006,0.4959,0.5535,0.6076,0.6569,0.7045,0.7456,0.784,0.8202,0.8569,0.8832,0.9068,0.9266,0.9442,0.9585,0.9691,0.9787,0.985,0.99,0.9939,0.994,0.9937,0.9922,0.9885,0.9821,0.9751,0.9631,0.9457,0.9244,0.9022,0.8708,0.8277,0.7845,0.7393,0.6844,0.6304,0.5726,0.515,0.4607,0.40900000000000003,0.3577,0.3106,0.2647999999999999,0.2277,0.18830000000000002,0.15439999999999998,0.12549999999999994,0.09809999999999997,0.07679999999999998,0.05889999999999995,0.04500000000000004,0.03410000000000002,0.023900000000000032,0.016700000000000048,0.010499999999999954,0.006900000000000017,0.0044999999999999485,0.0028000000000000247,0.0017000000000000348,0.0012999999999999678,0.0004999999999999449,0.00039999999999995595,0.0,0.0,0.0,0.0,0.0,0.0,0.0,0.0,0.0,0.0,0.0,0.0,0.0,0.0,0.0,0.0,0.0,0.0,0.0,0.0,0.0,0.0,0.0,0.0,0.0,0.0,0.0,0.0,0.0,0.0,0.0,0.0,0.0,0.0,0.0,0.0,0.0,0.0,0.0,0.0,0.0,0.0,0.0,0.0,0.0,0.0,0.0,0.0,0.0,0.0,0.0,0.0,0.0,0.0,0.0,0.0,0.0,0.0,0.0,0.0,0.0,0.0,0.0,0.0,0.0,0.0,0.0,0.0,0.0,0.0,0.0,0.0,0.0,0.0,0.0,0.0,0.0,0.0,0.0,0.0,0.0,0.0,0.0,0.0,0.0,0.0,0.0,0.0,0.0,0.0,0.0,0.0,0.0,0.0,0.0,0.0,0.0,0.0,0.0,0.0,0.0,0.0,0.0,0.0,0.0,0.0,0.0,0.0,0.0,0.0,0.0,0.0,0.0,0.0,0.0,0.0005440696409140244,0.0005440696409140244,0.0016322089227420733,0.003808487486398282,0.009793253536452662,0.020674646354733373,0.03862894450489662,0.09575625680087052,0.17627856365614802,0.26169749727965175,0.36724700761697493,0.4940152339499456,0.6044613710554951,0.7018498367791077,0.8003264417845484,0.8764961915125136,0.9211099020674647,0.9510337323177367,0.9738846572361263,0.985854189336235,0.9923830250272034,0.9961915125136017,0.998911860718172,0.999455930359086,0.999455930359086,1.0,1.0,1.0,1.0,1.0,1.0,1.0,0.9978237214363439,0.9863982589771491,0.9368879216539717,0.809575625680087,0.5533188248095756,0.279651795429815,0.08161044613710555,0.017410228509249226,0.004896626768226331,0.0005440696409140244,0.0,0.0,0.0,0.0,0.0,0.0,0.0,0.0,0.0,0.0,0.0,0.0,0.0,0.0,0.0,0.0,0.0,0.0,0.0,0.0,0.0,0.0,0.0,0.0,0.0,0.0,0.0,0.0,0.0,0.0,0.0,0.0,0.0,0.0,0.0,0.0,0.0,0.0,0.0,0.0,0.0
-5.106145251396648,0.0,0.0,0.0,0.0,0.0,0.0,0.0,0.0,0.0,0.0,0.0,0.0,0.0,0.0,0.0,0.0,0.0,0.0,0.0,0.0,0.0,0.0,0.0,0.0,0.0,0.0,0.0,0.0,0.0,0.0,0.0,0.0,0.0,0.0,0.0,0.0,9.999999999998899e-05,9.999999999998899e-05,0.00019999999999997797,0.00039999999999995595,0.0004999999999999449,0.0009000000000000119,0.0018000000000000238,0.0024999999999999467,0.0041999999999999815,0.005900000000000016,0.010000000000000009,0.014800000000000035,0.02210000000000001,0.032399999999999984,0.04269999999999996,0.06159999999999999,0.08360000000000001,0.10870000000000002,0.13929999999999998,0.17599999999999993,0.22040000000000004,0.271,0.32289999999999996,0.379,0.43890000000000007,0.49550000000000005,0.5532,0.6075,0.6567,0.7039,0.7455,0.7837,0.8202,0.8567,0.8832,0.9068,0.9265,0.9441,0.9585,0.9691,0.9787,0.985,0.99,0.9939,0.994,0.9937,0.9922,0.9885,0.9821,0.975,0.963,0.9457,0.9243,0.9021,0.8706,0.8275,0.7842,0.7389,0.6843,0.6301,0.5723,0.5147,0.4605,0.40880000000000005,0.3575999999999999,0.3103,0.26469999999999994,0.22760000000000002,0.18809999999999993,0.1542,0.12539999999999996,0.09799999999999998,0.07679999999999998,0.05879999999999996,0.04500000000000004,0.03400000000000003,0.023900000000000032,0.016700000000000048,0.010499999999999954,0.006800000000000028,0.0044999999999999485,0.0028000000000000247,0.0017000000000000348,0.0012999999999999678,0.0004999999999999449,0.00039999999999995595,0.0,0.0,0.0,0.0,0.0,0.0,0.0,0.0,0.0,0.0,0.0,0.0,0.0,0.0,0.0,0.0,0.0,0.0,0.0,0.0,0.0,0.0,0.0,0.0,0.0,0.0,0.0,0.0,0.0,0.0,0.0,0.0,0.0,0.0,0.0,0.0,0.0,0.0,0.0,0.0,0.0,0.0,0.0,0.0,0.0,0.0,0.0,0.0,0.0,0.0,0.0,0.0,0.0,0.0,0.0,0.0,0.0,0.0,0.0,0.0,0.0,0.0,0.0,0.0,0.0,0.0,0.0,0.0,0.0,0.0,0.0,0.0,0.0,0.0,0.0,0.0,0.0,0.0,0.0,0.0,0.0,0.0,0.0,0.0,0.0,0.0,0.0,0.0,0.0,0.0,0.0,0.0,0.0,0.0,0.0,0.0,0.0,0.0,0.0,0.0,0.0,0.0,0.0,0.0,0.0,0.0,0.0,0.0,0.0,0.0,0.0,0.0,0.0,0.0,0.0,0.0005440696409140244,0.0005440696409140244,0.0016322089227420733,0.003808487486398282,0.009793253536452662,0.020674646354733373,0.03862894450489662,0.0952121871599565,0.17627856365614802,0.2611534276387377,0.36724700761697493,0.4934711643090315,0.6039173014145811,0.7018498367791077,0.8003264417845484,0.8764961915125136,0.9211099020674647,0.9510337323177367,0.9738846572361263,0.985854189336235,0.9923830250272034,0.9961915125136017,0.998911860718172,0.999455930359086,0.999455930359086,1.0,1.0,1.0,1.0,1.0,1.0,1.0,0.9978237214363439,0.984766050054407,0.9368879216539717,0.8079434167573449,0.5522306855277476,0.279651795429815,0.0805223068552775,0.017410228509249226,0.004896626768226331,0.0005440696409140244,0.0,0.0,0.0,0.0,0.0,0.0,0.0,0.0,0.0,0.0,0.0,0.0,0.0,0.0,0.0,0.0,0.0,0.0,0.0,0.0,0.0,0.0,0.0,0.0,0.0,0.0,0.0,0.0,0.0,0.0,0.0,0.0,0.0,0.0,0.0,0.0,0.0,0.0,0.0,0.0,0.0
-5.06145251396648,0.0,0.0,0.0,0.0,0.0,0.0,0.0,0.0,0.0,0.0,0.0,0.0,0.0,0.0,0.0,0.0,0.0,0.0,0.0,0.0,0.0,0.0,0.0,0.0,0.0,0.0,0.0,0.0,0.0,0.0,0.0,0.0,0.0,0.0,0.0,0.0,9.999999999998899e-05,9.999999999998899e-05,0.00019999999999997797,0.00039999999999995595,0.0004999999999999449,0.0009000000000000119,0.0018000000000000238,0.0024999999999999467,0.0041999999999999815,0.005900000000000016,0.010000000000000009,0.014800000000000035,0.02210000000000001,0.032200000000000006,0.04259999999999997,0.0615,0.08340000000000003,0.10829999999999995,0.13929999999999998,0.17599999999999993,0.22029999999999994,0.27069999999999994,0.3226,0.37860000000000005,0.4387,0.49540000000000006,0.5532,0.6074,0.6567,0.7037,0.7455,0.7837,0.8199,0.8567,0.8832,0.9067,0.9263,0.9441,0.9585,0.9691,0.9787,0.985,0.99,0.9939,0.994,0.9937,0.9922,0.9884,0.9821,0.975,0.963,0.9457,0.9243,0.902,0.8705,0.8273,0.7841,0.7386,0.6841,0.6297,0.5719,0.5144,0.46029999999999993,0.40870000000000006,0.3575999999999999,0.31010000000000004,0.26449999999999996,0.22730000000000006,0.18789999999999996,0.1542,0.12539999999999996,0.09789999999999999,0.07679999999999998,0.058599999999999985,0.04490000000000005,0.03390000000000004,0.023900000000000032,0.016700000000000048,0.010499999999999954,0.006800000000000028,0.0044999999999999485,0.0028000000000000247,0.0017000000000000348,0.0012999999999999678,0.0004999999999999449,0.00039999999999995595,0.0,0.0,0.0,0.0,0.0,0.0,0.0,0.0,0.0,0.0,0.0,0.0,0.0,0.0,0.0,0.0,0.0,0.0,0.0,0.0,0.0,0.0,0.0,0.0,0.0,0.0,0.0,0.0,0.0,0.0,0.0,0.0,0.0,0.0,0.0,0.0,0.0,0.0,0.0,0.0,0.0,0.0,0.0,0.0,0.0,0.0,0.0,0.0,0.0,0.0,0.0,0.0,0.0,0.0,0.0,0.0,0.0,0.0,0.0,0.0,0.0,0.0,0.0,0.0,0.0,0.0,0.0,0.0,0.0,0.0,0.0,0.0,0.0,0.0,0.0,0.0,0.0,0.0,0.0,0.0,0.0,0.0,0.0,0.0,0.0,0.0,0.0,0.0,0.0,0.0,0.0,0.0,0.0,0.0,0.0,0.0,0.0,0.0,0.0,0.0,0.0,0.0,0.0,0.0,0.0,0.0,0.0,0.0,0.0,0.0,0.0,0.0,0.0,0.0,0.0,0.0005440696409140244,0.0005440696409140244,0.0016322089227420733,0.003808487486398282,0.009793253536452662,0.020130576713819348,0.0380848748639826,0.09466811751904247,0.17627856365614802,0.2600652883569097,0.3667029379760609,0.4918389553862894,0.602829162132753,0.7018498367791077,0.7992383025027203,0.8764961915125136,0.9211099020674647,0.9499455930359086,0.9738846572361263,0.985854189336235,0.9923830250272034,0.9961915125136017,0.998911860718172,0.999455930359086,0.999455930359086,1.0,1.0,1.0,1.0,1.0,1.0,1.0,0.9978237214363439,0.984221980413493,0.9368879216539717,0.8057671381936888,0.5516866158868335,0.2780195865070729,0.0805223068552775,0.017410228509249226,0.004896626768226331,0.0005440696409140244,0.0,0.0,0.0,0.0,0.0,0.0,0.0,0.0,0.0,0.0,0.0,0.0,0.0,0.0,0.0,0.0,0.0,0.0,0.0,0.0,0.0,0.0,0.0,0.0,0.0,0.0,0.0,0.0,0.0,0.0,0.0,0.0,0.0,0.0,0.0,0.0,0.0,0.0,0.0,0.0,0.0
-5.016759776536313,0.0,0.0,0.0,0.0,0.0,0.0,0.0,0.0,0.0,0.0,0.0,0.0,0.0,0.0,0.0,0.0,0.0,0.0,0.0,0.0,0.0,0.0,0.0,0.0,0.0,0.0,0.0,0.0,0.0,0.0,0.0,0.0,0.0,0.0,0.0,0.0,9.999999999998899e-05,9.999999999998899e-05,0.00019999999999997797,0.00039999999999995595,0.0004999999999999449,0.0009000000000000119,0.0018000000000000238,0.0024999999999999467,0.0041999999999999815,0.005900000000000016,0.010000000000000009,0.014800000000000035,0.02200000000000002,0.032200000000000006,0.04259999999999997,0.0615,0.08309999999999995,0.1079,0.1392,0.17589999999999995,0.22029999999999994,0.2701,0.3225,0.3782,0.4383,0.4953000000000001,0.553,0.6072,0.6566,0.7034,0.7455,0.7837,0.8198,0.8566,0.8831,0.9067,0.9263,0.9441,0.9585,0.969,0.9787,0.985,0.9899,0.9939,0.994,0.9937,0.9922,0.9884,0.982,0.975,0.9629,0.9456,0.9241,0.9018,0.8705,0.8271,0.7839,0.7384,0.6835,0.6294,0.5713,0.5142,0.45999999999999996,0.4084,0.35729999999999995,0.30990000000000006,0.26449999999999996,0.22699999999999998,0.1876,0.15410000000000001,0.12539999999999996,0.09789999999999999,0.07669999999999999,0.058599999999999985,0.04490000000000005,0.03390000000000004,0.023800000000000043,0.016700000000000048,0.010299999999999976,0.006800000000000028,0.0044999999999999485,0.0028000000000000247,0.0017000000000000348,0.0012999999999999678,0.0004999999999999449,0.00039999999999995595,0.0,0.0,0.0,0.0,0.0,0.0,0.0,0.0,0.0,0.0,0.0,0.0,0.0,0.0,0.0,0.0,0.0,0.0,0.0,0.0,0.0,0.0,0.0,0.0,0.0,0.0,0.0,0.0,0.0,0.0,0.0,0.0,0.0,0.0,0.0,0.0,0.0,0.0,0.0,0.0,0.0,0.0,0.0,0.0,0.0,0.0,0.0,0.0,0.0,0.0,0.0,0.0,0.0,0.0,0.0,0.0,0.0,0.0,0.0,0.0,0.0,0.0,0.0,0.0,0.0,0.0,0.0,0.0,0.0,0.0,0.0,0.0,0.0,0.0,0.0,0.0,0.0,0.0,0.0,0.0,0.0,0.0,0.0,0.0,0.0,0.0,0.0,0.0,0.0,0.0,0.0,0.0,0.0,0.0,0.0,0.0,0.0,0.0,0.0,0.0,0.0,0.0,0.0,0.0,0.0,0.0,0.0,0.0,0.0,0.0,0.0,0.0,0.0,0.0,0.0,0.0005440696409140244,0.0005440696409140244,0.0016322089227420733,0.003808487486398282,0.009793253536452662,0.020130576713819348,0.037540805223068574,0.09303590859630029,0.1757344940152339,0.25952121871599565,0.3661588683351469,0.49075081610446136,0.602829162132753,0.7018498367791077,0.7986942328618063,0.8754080522306855,0.9211099020674647,0.9499455930359086,0.9738846572361263,0.985854189336235,0.9923830250272034,0.9961915125136017,0.998911860718172,0.999455930359086,0.999455930359086,1.0,1.0,1.0,1.0,1.0,1.0,1.0,0.9978237214363439,0.984221980413493,0.9363438520130577,0.8052230685527747,0.5511425462459195,0.2769314472252449,0.07943416757344934,0.017410228509249226,0.004896626768226331,0.0005440696409140244,0.0,0.0,0.0,0.0,0.0,0.0,0.0,0.0,0.0,0.0,0.0,0.0,0.0,0.0,0.0,0.0,0.0,0.0,0.0,0.0,0.0,0.0,0.0,0.0,0.0,0.0,0.0,0.0,0.0,0.0,0.0,0.0,0.0,0.0,0.0,0.0,0.0,0.0,0.0,0.0,0.0
-4.972067039106145,0.0,0.0,0.0,0.0,0.0,0.0,0.0,0.0,0.0,0.0,0.0,0.0,0.0,0.0,0.0,0.0,0.0,0.0,0.0,0.0,0.0,0.0,0.0,0.0,0.0,0.0,0.0,0.0,0.0,0.0,0.0,0.0,0.0,0.0,0.0,0.0,9.999999999998899e-05,9.999999999998899e-05,0.00019999999999997797,0.00039999999999995595,0.0004999999999999449,0.0009000000000000119,0.0018000000000000238,0.0024999999999999467,0.0041999999999999815,0.005900000000000016,0.010000000000000009,0.014800000000000035,0.02200000000000002,0.032200000000000006,0.04239999999999999,0.06110000000000004,0.08309999999999995,0.1078,0.139,0.17579999999999996,0.21999999999999997,0.26970000000000005,0.3224,0.3781,0.43789999999999996,0.495,0.5528,0.6067,0.6562,0.7033,0.7454,0.7835,0.8196,0.8565,0.883,0.9066,0.9261,0.9441,0.9584,0.9689,0.9787,0.985,0.9899,0.9939,0.994,0.9937,0.9922,0.9884,0.982,0.9748,0.9629,0.9456,0.924,0.9017,0.8704,0.8268,0.7837,0.7383,0.6829,0.6291,0.5711,0.5138,0.4599,0.4084,0.35719999999999996,0.3098000000000001,0.2643,0.2269,0.1875,0.15400000000000003,0.1251,0.0978,0.07669999999999999,0.058599999999999985,0.04490000000000005,0.03369999999999995,0.023800000000000043,0.016700000000000048,0.010199999999999987,0.006800000000000028,0.0044999999999999485,0.0028000000000000247,0.0017000000000000348,0.0012999999999999678,0.0004999999999999449,0.00039999999999995595,0.0,0.0,0.0,0.0,0.0,0.0,0.0,0.0,0.0,0.0,0.0,0.0,0.0,0.0,0.0,0.0,0.0,0.0,0.0,0.0,0.0,0.0,0.0,0.0,0.0,0.0,0.0,0.0,0.0,0.0,0.0,0.0,0.0,0.0,0.0,0.0,0.0,0.0,0.0,0.0,0.0,0.0,0.0,0.0,0.0,0.0,0.0,0.0,0.0,0.0,0.0,0.0,0.0,0.0,0.0,0.0,0.0,0.0,0.0,0.0,0.0,0.0,0.0,0.0,0.0,0.0,0.0,0.0,0.0,0.0,0.0,0.0,0.0,0.0,0.0,0.0,0.0,0.0,0.0,0.0,0.0,0.0,0.0,0.0,0.0,0.0,0.0,0.0,0.0,0.0,0.0,0.0,0.0,0.0,0.0,0.0,0.0,0.0,0.0,0.0,0.0,0.0,0.0,0.0,0.0,0.0,0.0,0.0,0.0,0.0,0.0,0.0,0.0,0.0,0.0,0.0005440696409140244,0.0005440696409140244,0.0016322089227420733,0.003808487486398282,0.009793253536452662,0.020130576713819348,0.037540805223068574,0.09303590859630029,0.17410228509249182,0.25952121871599565,0.3661588683351469,0.49075081610446136,0.602829162132753,0.7018498367791077,0.7986942328618063,0.8754080522306855,0.9211099020674647,0.9488574537540805,0.9733405875952121,0.985854189336235,0.9923830250272034,0.9961915125136017,0.998911860718172,0.999455930359086,0.999455930359086,1.0,1.0,1.0,1.0,1.0,1.0,1.0,0.9978237214363439,0.984221980413493,0.9352557127312296,0.8025027203482046,0.5495103373231773,0.27638737758433085,0.07943416757344934,0.0168661588683352,0.004896626768226331,0.0005440696409140244,0.0,0.0,0.0,0.0,0.0,0.0,0.0,0.0,0.0,0.0,0.0,0.0,0.0,0.0,0.0,0.0,0.0,0.0,0.0,0.0,0.0,0.0,0.0,0.0,0.0,0.0,0.0,0.0,0.0,0.0,0.0,0.0,0.0,0.0,0.0,0.0,0.0,0.0,0.0,0.0,0.0
-4.927374301675978,0.0,0.0,0.0,0.0,0.0,0.0,0.0,0.0,0.0,0.0,0.0,0.0,0.0,0.0,0.0,0.0,0.0,0.0,0.0,0.0,0.0,0.0,0.0,0.0,0.0,0.0,0.0,0.0,0.0,0.0,0.0,0.0,0.0,0.0,0.0,0.0,9.999999999998899e-05,9.999999999998899e-05,0.00019999999999997797,0.00039999999999995595,0.0004999999999999449,0.0009000000000000119,0.0018000000000000238,0.0024999999999999467,0.0041999999999999815,0.005900000000000016,0.010000000000000009,0.014599999999999946,0.021700000000000053,0.032200000000000006,0.04239999999999999,0.06110000000000004,0.08299999999999996,0.10760000000000003,0.13870000000000005,0.17569999999999997,0.21930000000000005,0.2694,0.3218,0.3776999999999999,0.43779999999999997,0.4948,0.5527,0.6064,0.6558,0.7032,0.7452,0.7834,0.8196,0.8565,0.8828,0.9065,0.9261,0.9441,0.9582,0.9689,0.9787,0.985,0.9899,0.9938,0.994,0.9936,0.9922,0.9884,0.982,0.9748,0.9629,0.9456,0.9239,0.9017,0.87,0.8265,0.7835,0.7375,0.6826,0.6291,0.571,0.5135,0.45940000000000003,0.4079999999999999,0.3568,0.3096,0.2642,0.22660000000000002,0.18730000000000002,0.15390000000000004,0.12490000000000001,0.09770000000000001,0.07669999999999999,0.058499999999999996,0.04490000000000005,0.03359999999999996,0.023700000000000054,0.016700000000000048,0.010199999999999987,0.006700000000000039,0.0044999999999999485,0.0028000000000000247,0.0017000000000000348,0.0012999999999999678,0.0004999999999999449,0.00039999999999995595,0.0,0.0,0.0,0.0,0.0,0.0,0.0,0.0,0.0,0.0,0.0,0.0,0.0,0.0,0.0,0.0,0.0,0.0,0.0,0.0,0.0,0.0,0.0,0.0,0.0,0.0,0.0,0.0,0.0,0.0,0.0,0.0,0.0,0.0,0.0,0.0,0.0,0.0,0.0,0.0,0.0,0.0,0.0,0.0,0.0,0.0,0.0,0.0,0.0,0.0,0.0,0.0,0.0,0.0,0.0,0.0,0.0,0.0,0.0,0.0,0.0,0.0,0.0,0.0,0.0,0.0,0.0,0.0,0.0,0.0,0.0,0.0,0.0,0.0,0.0,0.0,0.0,0.0,0.0,0.0,0.0,0.0,0.0,0.0,0.0,0.0,0.0,0.0,0.0,0.0,0.0,0.0,0.0,0.0,0.0,0.0,0.0,0.0,0.0,0.0,0.0,0.0,0.0,0.0,0.0,0.0,0.0,0.0,0.0,0.0,0.0,0.0,0.0,0.0,0.0,0.0005440696409140244,0.0005440696409140244,0.0016322089227420733,0.003808487486398282,0.009793253536452662,0.020130576713819348,0.037540805223068574,0.09249183895538626,0.1735582154515778,0.2589771490750816,0.36507072905331883,0.4891186071817193,0.6022850924918389,0.7013057671381937,0.7986942328618063,0.8743199129488575,0.9211099020674647,0.9483133841131665,0.9727965179542981,0.985854189336235,0.9923830250272034,0.9961915125136017,0.998911860718172,0.999455930359086,0.999455930359086,1.0,1.0,1.0,1.0,1.0,1.0,1.0,0.9978237214363439,0.9836779107725789,0.9347116430903155,0.8014145810663765,0.5478781284004353,0.2752992383025028,0.07889009793253532,0.0168661588683352,0.004896626768226331,0.0005440696409140244,0.0,0.0,0.0,0.0,0.0,0.0,0.0,0.0,0.0,0.0,0.0,0.0,0.0,0.0,0.0,0.0,0.0,0.0,0.0,0.0,0.0,0.0,0.0,0.0,0.0,0.0,0.0,0.0,0.0,0.0,0.0,0.0,0.0,0.0,0.0,0.0,0.0,0.0,0.0,0.0,0.0
-4.88268156424581,0.0,0.0,0.0,0.0,0.0,0.0,0.0,0.0,0.0,0.0,0.0,0.0,0.0,0.0,0.0,0.0,0.0,0.0,0.0,0.0,0.0,0.0,0.0,0.0,0.0,0.0,0.0,0.0,0.0,0.0,0.0,0.0,0.0,0.0,0.0,0.0,9.999999999998899e-05,9.999999999998899e-05,0.00019999999999997797,0.00039999999999995595,0.0004999999999999449,0.0009000000000000119,0.0018000000000000238,0.0024999999999999467,0.0041999999999999815,0.005900000000000016,0.010000000000000009,0.014599999999999946,0.021599999999999953,0.03210000000000002,0.04239999999999999,0.060899999999999954,0.08299999999999996,0.10739999999999994,0.13860000000000006,0.1754,0.21920000000000006,0.2692,0.3214,0.3776999999999999,0.4376,0.49459999999999993,0.5525,0.6061,0.6558,0.7029,0.7452,0.7833,0.8196,0.8565,0.8828,0.9063,0.9259,0.9439,0.9582,0.9689,0.9787,0.985,0.9899,0.9937,0.994,0.9936,0.9922,0.9884,0.982,0.9748,0.9629,0.9455,0.9239,0.9016,0.8699,0.8264,0.7833,0.7375,0.6823,0.6287,0.571,0.5133,0.45910000000000006,0.4079999999999999,0.35640000000000005,0.3093,0.2641,0.22650000000000003,0.18710000000000004,0.15390000000000004,0.12480000000000002,0.09760000000000002,0.0766,0.05840000000000001,0.04479999999999995,0.033499999999999974,0.023599999999999954,0.016599999999999948,0.010199999999999987,0.006700000000000039,0.0044999999999999485,0.0028000000000000247,0.0017000000000000348,0.0012999999999999678,0.0004999999999999449,0.00039999999999995595,0.0,0.0,0.0,0.0,0.0,0.0,0.0,0.0,0.0,0.0,0.0,0.0,0.0,0.0,0.0,0.0,0.0,0.0,0.0,0.0,0.0,0.0,0.0,0.0,0.0,0.0,0.0,0.0,0.0,0.0,0.0,0.0,0.0,0.0,0.0,0.0,0.0,0.0,0.0,0.0,0.0,0.0,0.0,0.0,0.0,0.0,0.0,0.0,0.0,0.0,0.0,0.0,0.0,0.0,0.0,0.0,0.0,0.0,0.0,0.0,0.0,0.0,0.0,0.0,0.0,0.0,0.0,0.0,0.0,0.0,0.0,0.0,0.0,0.0,0.0,0.0,0.0,0.0,0.0,0.0,0.0,0.0,0.0,0.0,0.0,0.0,0.0,0.0,0.0,0.0,0.0,0.0,0.0,0.0,0.0,0.0,0.0,0.0,0.0,0.0,0.0,0.0,0.0,0.0,0.0,0.0,0.0,0.0,0.0,0.0,0.0,0.0,0.0,0.0,0.0,0.0005440696409140244,0.0005440696409140244,0.0016322089227420733,0.003808487486398282,0.009793253536452662,0.020130576713819348,0.03699673558215455,0.09194776931447224,0.17301414581066377,0.2589771490750816,0.3645266594124048,0.48803046789989124,0.6017410228509249,0.7002176278563657,0.7970620239390642,0.8732317736670294,0.9205658324265505,0.9477693144722524,0.9727965179542981,0.985854189336235,0.9923830250272034,0.9961915125136017,0.998911860718172,0.999455930359086,0.999455930359086,1.0,1.0,1.0,1.0,1.0,1.0,1.0,0.9978237214363439,0.9825897714907508,0.9341675734494015,0.7992383025027203,0.544613710554951,0.2752992383025028,0.0783460282916213,0.0168661588683352,0.004896626768226331,0.0005440696409140244,0.0,0.0,0.0,0.0,0.0,0.0,0.0,0.0,0.0,0.0,0.0,0.0,0.0,0.0,0.0,0.0,0.0,0.0,0.0,0.0,0.0,0.0,0.0,0.0,0.0,0.0,0.0,0.0,0.0,0.0,0.0,0.0,0.0,0.0,0.0,0.0,0.0,0.0,0.0,0.0,0.0
-4.837988826815643,0.0,0.0,0.0,0.0,0.0,0.0,0.0,0.0,0.0,0.0,0.0,0.0,0.0,0.0,0.0,0.0,0.0,0.0,0.0,0.0,0.0,0.0,0.0,0.0,0.0,0.0,0.0,0.0,0.0,0.0,0.0,0.0,0.0,0.0,0.0,0.0,9.999999999998899e-05,9.999999999998899e-05,0.00019999999999997797,0.00039999999999995595,0.0004999999999999449,0.0009000000000000119,0.0018000000000000238,0.0024999999999999467,0.0041999999999999815,0.005900000000000016,0.010000000000000009,0.014599999999999946,0.021499999999999964,0.03200000000000003,0.04239999999999999,0.060799999999999965,0.08279999999999998,0.10719999999999996,0.13850000000000007,0.1753,0.21899999999999997,0.2688999999999999,0.32109999999999994,0.37749999999999995,0.4376,0.49429999999999996,0.5523,0.6058,0.6555,0.7025,0.7452,0.7831,0.8196,0.8564,0.8827,0.906,0.9259,0.9439,0.9582,0.9689,0.9787,0.985,0.9899,0.9936,0.994,0.9936,0.9922,0.9884,0.982,0.9748,0.9629,0.9452,0.9239,0.9013,0.8695,0.8264,0.7832,0.7372,0.682,0.6284,0.5706,0.5132,0.4588,0.40789999999999993,0.35620000000000007,0.30899999999999994,0.2639,0.22629999999999995,0.18700000000000006,0.15379999999999994,0.12470000000000003,0.09760000000000002,0.0766,0.05830000000000002,0.04479999999999995,0.033499999999999974,0.023599999999999954,0.016599999999999948,0.010199999999999987,0.006700000000000039,0.0044999999999999485,0.0028000000000000247,0.0017000000000000348,0.0012999999999999678,0.0004999999999999449,0.00039999999999995595,0.0,0.0,0.0,0.0,0.0,0.0,0.0,0.0,0.0,0.0,0.0,0.0,0.0,0.0,0.0,0.0,0.0,0.0,0.0,0.0,0.0,0.0,0.0,0.0,0.0,0.0,0.0,0.0,0.0,0.0,0.0,0.0,0.0,0.0,0.0,0.0,0.0,0.0,0.0,0.0,0.0,0.0,0.0,0.0,0.0,0.0,0.0,0.0,0.0,0.0,0.0,0.0,0.0,0.0,0.0,0.0,0.0,0.0,0.0,0.0,0.0,0.0,0.0,0.0,0.0,0.0,0.0,0.0,0.0,0.0,0.0,0.0,0.0,0.0,0.0,0.0,0.0,0.0,0.0,0.0,0.0,0.0,0.0,0.0,0.0,0.0,0.0,0.0,0.0,0.0,0.0,0.0,0.0,0.0,0.0,0.0,0.0,0.0,0.0,0.0,0.0,0.0,0.0,0.0,0.0,0.0,0.0,0.0,0.0,0.0,0.0,0.0,0.0,0.0,0.0,0.0005440696409140244,0.0005440696409140244,0.0016322089227420733,0.003808487486398282,0.009793253536452662,0.020130576713819348,0.03699673558215455,0.09140369967355821,0.17247007616974974,0.2589771490750816,0.3645266594124048,0.4869423286180632,0.6017410228509249,0.6996735582154516,0.7959738846572362,0.8715995647442872,0.9200217627856365,0.9477693144722524,0.9727965179542981,0.985854189336235,0.9923830250272034,0.9961915125136017,0.998911860718172,0.999455930359086,0.999455930359086,1.0,1.0,1.0,1.0,1.0,1.0,1.0,0.9978237214363439,0.9825897714907508,0.9330794341675734,0.7970620239390642,0.5429815016322089,0.27421109902067464,0.07725788900979325,0.0168661588683352,0.004896626768226331,0.0005440696409140244,0.0,0.0,0.0,0.0,0.0,0.0,0.0,0.0,0.0,0.0,0.0,0.0,0.0,0.0,0.0,0.0,0.0,0.0,0.0,0.0,0.0,0.0,0.0,0.0,0.0,0.0,0.0,0.0,0.0,0.0,0.0,0.0,0.0,0.0,0.0,0.0,0.0,0.0,0.0,0.0,0.0
-4.793296089385475,0.0,0.0,0.0,0.0,0.0,0.0,0.0,0.0,0.0,0.0,0.0,0.0,0.0,0.0,0.0,0.0,0.0,0.0,0.0,0.0,0.0,0.0,0.0,0.0,0.0,0.0,0.0,0.0,0.0,0.0,0.0,0.0,0.0,0.0,0.0,0.0,9.999999999998899e-05,9.999999999998899e-05,0.00019999999999997797,0.00039999999999995595,0.0004999999999999449,0.0009000000000000119,0.0018000000000000238,0.0024999999999999467,0.0041999999999999815,0.005900000000000016,0.010000000000000009,0.014599999999999946,0.021499999999999964,0.03200000000000003,0.04239999999999999,0.060799999999999965,0.0826,0.10719999999999996,0.1382,0.17500000000000004,0.21860000000000002,0.26859999999999995,0.32089999999999996,0.3769,0.4376,0.4939,0.5519,0.6057,0.6551,0.7018,0.7452,0.7831,0.8193,0.8564,0.8827,0.9059,0.9259,0.9437,0.9581,0.9689,0.9786,0.985,0.9899,0.9936,0.994,0.9936,0.9922,0.9884,0.982,0.9748,0.9628,0.9451,0.9238,0.901,0.8689,0.8263,0.7828,0.7368,0.682,0.6283,0.5705,0.5126,0.4586,0.40769999999999995,0.3559,0.3086,0.26360000000000006,0.22619999999999996,0.18700000000000006,0.15359999999999996,0.12439999999999996,0.09729999999999994,0.0766,0.05810000000000004,0.04479999999999995,0.033499999999999974,0.023399999999999976,0.016599999999999948,0.010199999999999987,0.006700000000000039,0.0044999999999999485,0.0028000000000000247,0.0017000000000000348,0.0012999999999999678,0.0004999999999999449,0.00039999999999995595,0.0,0.0,0.0,0.0,0.0,0.0,0.0,0.0,0.0,0.0,0.0,0.0,0.0,0.0,0.0,0.0,0.0,0.0,0.0,0.0,0.0,0.0,0.0,0.0,0.0,0.0,0.0,0.0,0.0,0.0,0.0,0.0,0.0,0.0,0.0,0.0,0.0,0.0,0.0,0.0,0.0,0.0,0.0,0.0,0.0,0.0,0.0,0.0,0.0,0.0,0.0,0.0,0.0,0.0,0.0,0.0,0.0,0.0,0.0,0.0,0.0,0.0,0.0,0.0,0.0,0.0,0.0,0.0,0.0,0.0,0.0,0.0,0.0,0.0,0.0,0.0,0.0,0.0,0.0,0.0,0.0,0.0,0.0,0.0,0.0,0.0,0.0,0.0,0.0,0.0,0.0,0.0,0.0,0.0,0.0,0.0,0.0,0.0,0.0,0.0,0.0,0.0,0.0,0.0,0.0,0.0,0.0,0.0,0.0,0.0,0.0,0.0,0.0,0.0,0.0,0.0005440696409140244,0.0005440696409140244,0.0016322089227420733,0.003808487486398282,0.009793253536452662,0.020130576713819348,0.03699673558215455,0.09140369967355821,0.17192600652883572,0.25734494015233955,0.3645266594124048,0.4869423286180632,0.6006528835690969,0.6991294885745375,0.794885745375408,0.8705114254624592,0.9200217627856365,0.9477693144722524,0.9727965179542981,0.985854189336235,0.9923830250272034,0.9961915125136017,0.998911860718172,0.999455930359086,0.999455930359086,1.0,1.0,1.0,1.0,1.0,1.0,1.0,0.9978237214363439,0.9825897714907508,0.9325353645266594,0.7970620239390642,0.5413492927094669,0.27257889009793246,0.07562568008705117,0.016322089227421066,0.004896626768226331,0.0005440696409140244,0.0,0.0,0.0,0.0,0.0,0.0,0.0,0.0,0.0,0.0,0.0,0.0,0.0,0.0,0.0,0.0,0.0,0.0,0.0,0.0,0.0,0.0,0.0,0.0,0.0,0.0,0.0,0.0,0.0,0.0,0.0,0.0,0.0,0.0,0.0,0.0,0.0,0.0,0.0,0.0,0.0
-4.748603351955307,0.0,0.0,0.0,0.0,0.0,0.0,0.0,0.0,0.0,0.0,0.0,0.0,0.0,0.0,0.0,0.0,0.0,0.0,0.0,0.0,0.0,0.0,0.0,0.0,0.0,0.0,0.0,0.0,0.0,0.0,0.0,0.0,0.0,0.0,0.0,0.0,9.999999999998899e-05,9.999999999998899e-05,0.00019999999999997797,0.00039999999999995595,0.0004999999999999449,0.0009000000000000119,0.0018000000000000238,0.0024999999999999467,0.0041999999999999815,0.005900000000000016,0.010000000000000009,0.014499999999999957,0.021499999999999964,0.03200000000000003,0.04239999999999999,0.06059999999999999,0.08250000000000002,0.10699999999999998,0.1381,0.17480000000000007,0.21860000000000002,0.26839999999999997,0.32030000000000003,0.37640000000000007,0.43720000000000003,0.4938,0.551,0.6056,0.6548,0.7015,0.7449,0.7827,0.8192,0.8561,0.8827,0.9058,0.9258,0.9436,0.9579,0.9689,0.9786,0.9849,0.9899,0.9935,0.994,0.9935,0.9922,0.9884,0.982,0.9746,0.9628,0.9449,0.9238,0.9007,0.8687,0.8262,0.7822,0.7363,0.6818,0.6278,0.5703,0.5124,0.45829999999999993,0.40759999999999996,0.3558,0.30790000000000006,0.2634000000000001,0.2257,0.18700000000000006,0.15339999999999998,0.12429999999999997,0.09729999999999994,0.07650000000000001,0.05810000000000004,0.04459999999999997,0.033399999999999985,0.023399999999999976,0.016599999999999948,0.010199999999999987,0.006700000000000039,0.0044999999999999485,0.0028000000000000247,0.0017000000000000348,0.0011999999999999789,0.0004999999999999449,0.00039999999999995595,0.0,0.0,0.0,0.0,0.0,0.0,0.0,0.0,0.0,0.0,0.0,0.0,0.0,0.0,0.0,0.0,0.0,0.0,0.0,0.0,0.0,0.0,0.0,0.0,0.0,0.0,0.0,0.0,0.0,0.0,0.0,0.0,0.0,0.0,0.0,0.0,0.0,0.0,0.0,0.0,0.0,0.0,0.0,0.0,0.0,0.0,0.0,0.0,0.0,0.0,0.0,0.0,0.0,0.0,0.0,0.0,0.0,0.0,0.0,0.0,0.0,0.0,0.0,0.0,0.0,0.0,0.0,0.0,0.0,0.0,0.0,0.0,0.0,0.0,0.0,0.0,0.0,0.0,0.0,0.0,0.0,0.0,0.0,0.0,0.0,0.0,0.0,0.0,0.0,0.0,0.0,0.0,0.0,0.0,0.0,0.0,0.0,0.0,0.0,0.0,0.0,0.0,0.0,0.0,0.0,0.0,0.0,0.0,0.0,0.0,0.0,0.0,0.0,0.0,0.0,0.0005440696409140244,0.0005440696409140244,0.0016322089227420733,0.003808487486398282,0.009793253536452662,0.0190424374319913,0.03699673558215455,0.09140369967355821,0.17192600652883572,0.25571273122959737,0.3639825897714908,0.48639825897714906,0.6001088139281828,0.6985854189336235,0.794885745375408,0.8705114254624592,0.9194776931447225,0.9472252448313384,0.9727965179542981,0.985310119695321,0.9923830250272034,0.9961915125136017,0.998911860718172,0.999455930359086,0.999455930359086,1.0,1.0,1.0,1.0,1.0,1.0,1.0,0.9978237214363439,0.9825897714907508,0.9303590859630033,0.795429815016322,0.5386289445048966,0.2714907508161044,0.07508161044613715,0.016322089227421066,0.004896626768226331,0.0005440696409140244,0.0,0.0,0.0,0.0,0.0,0.0,0.0,0.0,0.0,0.0,0.0,0.0,0.0,0.0,0.0,0.0,0.0,0.0,0.0,0.0,0.0,0.0,0.0,0.0,0.0,0.0,0.0,0.0,0.0,0.0,0.0,0.0,0.0,0.0,0.0,0.0,0.0,0.0,0.0,0.0,0.0
-4.70391061452514,0.0,0.0,0.0,0.0,0.0,0.0,0.0,0.0,0.0,0.0,0.0,0.0,0.0,0.0,0.0,0.0,0.0,0.0,0.0,0.0,0.0,0.0,0.0,0.0,0.0,0.0,0.0,0.0,0.0,0.0,0.0,0.0,0.0,0.0,0.0,0.0,9.999999999998899e-05,9.999999999998899e-05,0.00019999999999997797,0.00039999999999995595,0.0004999999999999449,0.0009000000000000119,0.0018000000000000238,0.0024999999999999467,0.0041999999999999815,0.005900000000000016,0.010000000000000009,0.014399999999999968,0.021399999999999975,0.03200000000000003,0.042300000000000004,0.06059999999999999,0.08250000000000002,0.1069,0.1381,0.17459999999999998,0.21819999999999995,0.2681,0.3199000000000001,0.3763000000000001,0.4366,0.4937,0.5504,0.605,0.6545,0.7012,0.7448,0.7826,0.8192,0.8555,0.8826,0.9057,0.9258,0.9434,0.9577,0.9688,0.9786,0.9848,0.9899,0.9935,0.994,0.9934,0.9922,0.9883,0.982,0.9746,0.9628,0.9448,0.9237,0.9005,0.8684,0.8259,0.7818,0.736,0.6812,0.6275,0.5694,0.5119,0.4579,0.4072,0.35519999999999996,0.3073,0.2631,0.22560000000000002,0.18679999999999997,0.1531,0.12390000000000001,0.09699999999999998,0.07640000000000002,0.05800000000000005,0.04459999999999997,0.033299999999999996,0.0232,0.016599999999999948,0.010199999999999987,0.00660000000000005,0.0044999999999999485,0.0028000000000000247,0.0017000000000000348,0.0011999999999999789,0.0004999999999999449,0.00039999999999995595,0.0,0.0,0.0,0.0,0.0,0.0,0.0,0.0,0.0,0.0,0.0,0.0,0.0,0.0,0.0,0.0,0.0,0.0,0.0,0.0,0.0,0.0,0.0,0.0,0.0,0.0,0.0,0.0,0.0,0.0,0.0,0.0,0.0,0.0,0.0,0.0,0.0,0.0,0.0,0.0,0.0,0.0,0.0,0.0,0.0,0.0,0.0,0.0,0.0,0.0,0.0,0.0,0.0,0.0,0.0,0.0,0.0,0.0,0.0,0.0,0.0,0.0,0.0,0.0,0.0,0.0,0.0,0.0,0.0,0.0,0.0,0.0,0.0,0.0,0.0,0.0,0.0,0.0,0.0,0.0,0.0,0.0,0.0,0.0,0.0,0.0,0.0,0.0,0.0,0.0,0.0,0.0,0.0,0.0,0.0,0.0,0.0,0.0,0.0,0.0,0.0,0.0,0.0,0.0,0.0,0.0,0.0,0.0,0.0,0.0,0.0,0.0,0.0,0.0,0.0,0.0005440696409140244,0.0005440696409140244,0.0016322089227420733,0.003808487486398282,0.009793253536452662,0.0190424374319913,0.035364526659412365,0.09085963003264419,0.1713819368879217,0.2540805223068553,0.36343852013057676,0.48639825897714906,0.5990206746463548,0.6980413492927094,0.79379760609358,0.8705114254624592,0.9194776931447225,0.9472252448313384,0.9727965179542981,0.985310119695321,0.9918389553862894,0.9961915125136017,0.998911860718172,0.999455930359086,0.999455930359086,1.0,1.0,1.0,1.0,1.0,1.0,1.0,0.9978237214363439,0.9825897714907508,0.9292709466811752,0.7927094668117519,0.5369967355821545,0.26822633297062026,0.07508161044613715,0.016322089227421066,0.004896626768226331,0.0005440696409140244,0.0,0.0,0.0,0.0,0.0,0.0,0.0,0.0,0.0,0.0,0.0,0.0,0.0,0.0,0.0,0.0,0.0,0.0,0.0,0.0,0.0,0.0,0.0,0.0,0.0,0.0,0.0,0.0,0.0,0.0,0.0,0.0,0.0,0.0,0.0,0.0,0.0,0.0,0.0,0.0,0.0
-4.659217877094972,0.0,0.0,0.0,0.0,0.0,0.0,0.0,0.0,0.0,0.0,0.0,0.0,0.0,0.0,0.0,0.0,0.0,0.0,0.0,0.0,0.0,0.0,0.0,0.0,0.0,0.0,0.0,0.0,0.0,0.0,0.0,0.0,0.0,0.0,0.0,0.0,9.999999999998899e-05,9.999999999998899e-05,0.00019999999999997797,0.00039999999999995595,0.0004999999999999449,0.0009000000000000119,0.0018000000000000238,0.0024999999999999467,0.0041999999999999815,0.005900000000000016,0.010000000000000009,0.01429999999999998,0.021399999999999975,0.03200000000000003,0.042200000000000015,0.0605,0.08230000000000004,0.10660000000000003,0.1381,0.17459999999999998,0.21789999999999998,0.26760000000000006,0.3197,0.3758,0.43599999999999994,0.49330000000000007,0.5501,0.6049,0.6541,0.7009,0.7445,0.7822,0.8191,0.8555,0.8823,0.9055,0.9254,0.9434,0.9577,0.9686,0.9786,0.9848,0.9899,0.9935,0.994,0.9934,0.9922,0.9883,0.982,0.9745,0.9627,0.9444,0.9234,0.9003,0.868,0.8256,0.7815,0.7359,0.6806,0.6273,0.5686,0.5118,0.4578,0.40700000000000003,0.3549,0.30689999999999995,0.2629,0.22530000000000006,0.18669999999999998,0.15290000000000004,0.12370000000000003,0.0968,0.07630000000000003,0.05800000000000005,0.04459999999999997,0.033299999999999996,0.02310000000000001,0.01649999999999996,0.010199999999999987,0.00660000000000005,0.0044999999999999485,0.0028000000000000247,0.0017000000000000348,0.0011999999999999789,0.0004999999999999449,0.00039999999999995595,0.0,0.0,0.0,0.0,0.0,0.0,0.0,0.0,0.0,0.0,0.0,0.0,0.0,0.0,0.0,0.0,0.0,0.0,0.0,0.0,0.0,0.0,0.0,0.0,0.0,0.0,0.0,0.0,0.0,0.0,0.0,0.0,0.0,0.0,0.0,0.0,0.0,0.0,0.0,0.0,0.0,0.0,0.0,0.0,0.0,0.0,0.0,0.0,0.0,0.0,0.0,0.0,0.0,0.0,0.0,0.0,0.0,0.0,0.0,0.0,0.0,0.0,0.0,0.0,0.0,0.0,0.0,0.0,0.0,0.0,0.0,0.0,0.0,0.0,0.0,0.0,0.0,0.0,0.0,0.0,0.0,0.0,0.0,0.0,0.0,0.0,0.0,0.0,0.0,0.0,0.0,0.0,0.0,0.0,0.0,0.0,0.0,0.0,0.0,0.0,0.0,0.0,0.0,0.0,0.0,0.0,0.0,0.0,0.0,0.0,0.0,0.0,0.0,0.0,0.0,0.0005440696409140244,0.0005440696409140244,0.0016322089227420733,0.003808487486398282,0.009793253536452662,0.018498367791077275,0.03482045701849834,0.09031556039173017,0.17029379760609364,0.25353645266594116,0.3623503808487487,0.48639825897714906,0.5979325353645266,0.6969532100108814,0.7932535364526659,0.8699673558215452,0.9194776931447225,0.9472252448313384,0.9727965179542981,0.985310119695321,0.9918389553862894,0.9961915125136017,0.998911860718172,0.999455930359086,0.999455930359086,1.0,1.0,1.0,1.0,1.0,1.0,1.0,0.9972796517954298,0.9815016322089227,0.9287268770402611,0.7916213275299239,0.5348204570184983,0.26387377584330796,0.07236126224156691,0.016322089227421066,0.004896626768226331,0.0005440696409140244,0.0,0.0,0.0,0.0,0.0,0.0,0.0,0.0,0.0,0.0,0.0,0.0,0.0,0.0,0.0,0.0,0.0,0.0,0.0,0.0,0.0,0.0,0.0,0.0,0.0,0.0,0.0,0.0,0.0,0.0,0.0,0.0,0.0,0.0,0.0,0.0,0.0,0.0,0.0,0.0,0.0
-4.614525139664805,0.0,0.0,0.0,0.0,0.0,0.0,0.0,0.0,0.0,0.0,0.0,0.0,0.0,0.0,0.0,0.0,0.0,0.0,0.0,0.0,0.0,0.0,0.0,0.0,0.0,0.0,0.0,0.0,0.0,0.0,0.0,0.0,0.0,0.0,0.0,0.0,9.999999999998899e-05,9.999999999998899e-05,0.00019999999999997797,0.00039999999999995595,0.0004999999999999449,0.0009000000000000119,0.0018000000000000238,0.0024999999999999467,0.0041999999999999815,0.005900000000000016,0.010000000000000009,0.01419999999999999,0.021399999999999975,0.03200000000000003,0.042200000000000015,0.06040000000000001,0.08220000000000005,0.10640000000000005,0.13749999999999996,0.17420000000000002,0.21730000000000005,0.2669,0.3192999999999999,0.37559999999999993,0.4356,0.4929,0.5494,0.6042,0.6536,0.7003,0.7444,0.7819,0.8188,0.8551,0.8821,0.9053,0.9253,0.9432,0.9576,0.9686,0.9786,0.9848,0.9897,0.9935,0.994,0.9934,0.9922,0.9883,0.982,0.9744,0.9627,0.944,0.9234,0.9001,0.8676,0.8255,0.7811,0.7357,0.6801,0.627,0.5682,0.5115,0.45730000000000004,0.40670000000000006,0.35440000000000005,0.3067,0.2623,0.22520000000000007,0.1864,0.15260000000000007,0.12349999999999994,0.0968,0.07630000000000003,0.05800000000000005,0.044499999999999984,0.03320000000000001,0.02290000000000003,0.01649999999999996,0.010199999999999987,0.00649999999999995,0.0044999999999999485,0.0028000000000000247,0.0017000000000000348,0.0011999999999999789,0.0004999999999999449,0.00039999999999995595,0.0,0.0,0.0,0.0,0.0,0.0,0.0,0.0,0.0,0.0,0.0,0.0,0.0,0.0,0.0,0.0,0.0,0.0,0.0,0.0,0.0,0.0,0.0,0.0,0.0,0.0,0.0,0.0,0.0,0.0,0.0,0.0,0.0,0.0,0.0,0.0,0.0,0.0,0.0,0.0,0.0,0.0,0.0,0.0,0.0,0.0,0.0,0.0,0.0,0.0,0.0,0.0,0.0,0.0,0.0,0.0,0.0,0.0,0.0,0.0,0.0,0.0,0.0,0.0,0.0,0.0,0.0,0.0,0.0,0.0,0.0,0.0,0.0,0.0,0.0,0.0,0.0,0.0,0.0,0.0,0.0,0.0,0.0,0.0,0.0,0.0,0.0,0.0,0.0,0.0,0.0,0.0,0.0,0.0,0.0,0.0,0.0,0.0,0.0,0.0,0.0,0.0,0.0,0.0,0.0,0.0,0.0,0.0,0.0,0.0,0.0,0.0,0.0,0.0,0.0,0.0005440696409140244,0.0005440696409140244,0.0016322089227420733,0.003808487486398282,0.009249183895538637,0.018498367791077275,0.03482045701849834,0.089227421109902,0.17029379760609364,0.25353645266594116,0.36126224156692055,0.485310119695321,0.5979325353645266,0.6969532100108814,0.7932535364526659,0.8699673558215452,0.9183895538628944,0.9472252448313384,0.9727965179542981,0.985310119695321,0.9918389553862894,0.9956474428726877,0.998911860718172,0.999455930359086,0.999455930359086,1.0,1.0,1.0,1.0,1.0,1.0,1.0,0.9972796517954298,0.9815016322089227,0.9281828073993471,0.7916213275299239,0.5326441784548422,0.25952121871599565,0.07127312295973887,0.016322089227421066,0.004896626768226331,0.0005440696409140244,0.0,0.0,0.0,0.0,0.0,0.0,0.0,0.0,0.0,0.0,0.0,0.0,0.0,0.0,0.0,0.0,0.0,0.0,0.0,0.0,0.0,0.0,0.0,0.0,0.0,0.0,0.0,0.0,0.0,0.0,0.0,0.0,0.0,0.0,0.0,0.0,0.0,0.0,0.0,0.0,0.0
-4.569832402234637,0.0,0.0,0.0,0.0,0.0,0.0,0.0,0.0,0.0,0.0,0.0,0.0,0.0,0.0,0.0,0.0,0.0,0.0,0.0,0.0,0.0,0.0,0.0,0.0,0.0,0.0,0.0,0.0,0.0,0.0,0.0,0.0,0.0,0.0,0.0,0.0,9.999999999998899e-05,9.999999999998899e-05,0.00019999999999997797,0.00039999999999995595,0.0004999999999999449,0.0009000000000000119,0.0018000000000000238,0.0024999999999999467,0.0041999999999999815,0.005900000000000016,0.010000000000000009,0.01419999999999999,0.021299999999999986,0.03200000000000003,0.042100000000000026,0.06030000000000002,0.08220000000000005,0.10619999999999996,0.13729999999999998,0.17359999999999998,0.2168,0.26649999999999996,0.31889999999999996,0.37539999999999996,0.4354,0.49239999999999995,0.5487,0.604,0.6531,0.7001,0.744,0.7818,0.8186,0.8549,0.8819,0.9049,0.9252,0.9432,0.9575,0.9685,0.9786,0.9848,0.9897,0.9934,0.994,0.9934,0.9921,0.9883,0.9819,0.9744,0.9626,0.9437,0.9233,0.9,0.8673,0.8252,0.7809,0.7355,0.6796,0.6263,0.568,0.5111,0.4569,0.4058999999999999,0.35420000000000007,0.3065,0.26170000000000004,0.22499999999999998,0.18609999999999993,0.1523,0.12309999999999999,0.09650000000000003,0.07620000000000005,0.05789999999999995,0.04400000000000004,0.03310000000000002,0.02290000000000003,0.01629999999999998,0.010199999999999987,0.00649999999999995,0.0044999999999999485,0.0028000000000000247,0.0017000000000000348,0.0011999999999999789,0.0004999999999999449,0.00039999999999995595,0.0,0.0,0.0,0.0,0.0,0.0,0.0,0.0,0.0,0.0,0.0,0.0,0.0,0.0,0.0,0.0,0.0,0.0,0.0,0.0,0.0,0.0,0.0,0.0,0.0,0.0,0.0,0.0,0.0,0.0,0.0,0.0,0.0,0.0,0.0,0.0,0.0,0.0,0.0,0.0,0.0,0.0,0.0,0.0,0.0,0.0,0.0,0.0,0.0,0.0,0.0,0.0,0.0,0.0,0.0,0.0,0.0,0.0,0.0,0.0,0.0,0.0,0.0,0.0,0.0,0.0,0.0,0.0,0.0,0.0,0.0,0.0,0.0,0.0,0.0,0.0,0.0,0.0,0.0,0.0,0.0,0.0,0.0,0.0,0.0,0.0,0.0,0.0,0.0,0.0,0.0,0.0,0.0,0.0,0.0,0.0,0.0,0.0,0.0,0.0,0.0,0.0,0.0,0.0,0.0,0.0,0.0,0.0,0.0,0.0,0.0,0.0,0.0,0.0,0.0,0.0005440696409140244,0.0005440696409140244,0.0016322089227420733,0.003808487486398282,0.009249183895538637,0.018498367791077275,0.03482045701849834,0.08868335146898798,0.16866158868335146,0.25353645266594116,0.36126224156692055,0.48422198041349285,0.5946681175190425,0.6964091403699674,0.7927094668117519,0.8699673558215452,0.9178454842219804,0.9466811751904244,0.9727965179542981,0.985310119695321,0.9918389553862894,0.9956474428726877,0.9983677910772579,0.999455930359086,0.999455930359086,1.0,1.0,1.0,1.0,1.0,1.0,1.0,0.9972796517954298,0.9815016322089227,0.9281828073993471,0.7899891186071817,0.529379760609358,0.25571273122959737,0.07127312295973887,0.016322089227421066,0.004896626768226331,0.0005440696409140244,0.0,0.0,0.0,0.0,0.0,0.0,0.0,0.0,0.0,0.0,0.0,0.0,0.0,0.0,0.0,0.0,0.0,0.0,0.0,0.0,0.0,0.0,0.0,0.0,0.0,0.0,0.0,0.0,0.0,0.0,0.0,0.0,0.0,0.0,0.0,0.0,0.0,0.0,0.0,0.0,0.0
-4.5251396648044695,0.0,0.0,0.0,0.0,0.0,0.0,0.0,0.0,0.0,0.0,0.0,0.0,0.0,0.0,0.0,0.0,0.0,0.0,0.0,0.0,0.0,0.0,0.0,0.0,0.0,0.0,0.0,0.0,0.0,0.0,0.0,0.0,0.0,0.0,0.0,0.0,9.999999999998899e-05,9.999999999998899e-05,0.00019999999999997797,0.00039999999999995595,0.0004999999999999449,0.0009000000000000119,0.0018000000000000238,0.0023999999999999577,0.0041999999999999815,0.005800000000000027,0.00990000000000002,0.01419999999999999,0.021199999999999997,0.03180000000000005,0.04200000000000004,0.059799999999999964,0.08199999999999996,0.1058,0.1371,0.1733,0.21640000000000004,0.2659,0.31810000000000005,0.375,0.43520000000000003,0.49229999999999996,0.5481,0.6038,0.6529,0.6996,0.7439,0.7813,0.8185,0.8547,0.8816,0.9049,0.9251,0.9431,0.9572,0.9685,0.9786,0.9847,0.9897,0.9933,0.9938,0.9934,0.9921,0.9883,0.9819,0.9743,0.9626,0.9437,0.9231,0.8998,0.8671,0.8249,0.7806,0.735,0.6792,0.626,0.5672,0.5109,0.4563999999999999,0.40549999999999997,0.3538,0.3062,0.2614000000000001,0.2248,0.18569999999999998,0.1522,0.123,0.09619999999999995,0.07610000000000006,0.057499999999999996,0.04390000000000005,0.03300000000000003,0.02290000000000003,0.016199999999999992,0.010199999999999987,0.00649999999999995,0.0044999999999999485,0.0028000000000000247,0.0017000000000000348,0.0011999999999999789,0.0004999999999999449,0.00039999999999995595,0.0,0.0,0.0,0.0,0.0,0.0,0.0,0.0,0.0,0.0,0.0,0.0,0.0,0.0,0.0,0.0,0.0,0.0,0.0,0.0,0.0,0.0,0.0,0.0,0.0,0.0,0.0,0.0,0.0,0.0,0.0,0.0,0.0,0.0,0.0,0.0,0.0,0.0,0.0,0.0,0.0,0.0,0.0,0.0,0.0,0.0,0.0,0.0,0.0,0.0,0.0,0.0,0.0,0.0,0.0,0.0,0.0,0.0,0.0,0.0,0.0,0.0,0.0,0.0,0.0,0.0,0.0,0.0,0.0,0.0,0.0,0.0,0.0,0.0,0.0,0.0,0.0,0.0,0.0,0.0,0.0,0.0,0.0,0.0,0.0,0.0,0.0,0.0,0.0,0.0,0.0,0.0,0.0,0.0,0.0,0.0,0.0,0.0,0.0,0.0,0.0,0.0,0.0,0.0,0.0,0.0,0.0,0.0,0.0,0.0,0.0,0.0,0.0,0.0,0.0,0.0005440696409140244,0.0005440696409140244,0.0016322089227420733,0.003808487486398282,0.009249183895538637,0.018498367791077275,0.034276387377584316,0.08650707290533188,0.1670293797606094,0.2519042437431991,0.3601741022850925,0.48422198041349285,0.5941240478781284,0.6947769314472253,0.7921653971708379,0.8694232861806311,0.9173014145810664,0.9455930359085963,0.9727965179542981,0.985310119695321,0.9918389553862894,0.9956474428726877,0.9983677910772579,0.999455930359086,0.999455930359086,1.0,1.0,1.0,1.0,1.0,1.0,1.0,0.9972796517954298,0.9815016322089227,0.9270946681175191,0.7872687704026116,0.5261153427638737,0.2546245919477693,0.07127312295973887,0.016322089227421066,0.0043525571273123065,0.0005440696409140244,0.0,0.0,0.0,0.0,0.0,0.0,0.0,0.0,0.0,0.0,0.0,0.0,0.0,0.0,0.0,0.0,0.0,0.0,0.0,0.0,0.0,0.0,0.0,0.0,0.0,0.0,0.0,0.0,0.0,0.0,0.0,0.0,0.0,0.0,0.0,0.0,0.0,0.0,0.0,0.0,0.0
-4.4804469273743015,0.0,0.0,0.0,0.0,0.0,0.0,0.0,0.0,0.0,0.0,0.0,0.0,0.0,0.0,0.0,0.0,0.0,0.0,0.0,0.0,0.0,0.0,0.0,0.0,0.0,0.0,0.0,0.0,0.0,0.0,0.0,0.0,0.0,0.0,0.0,0.0,9.999999999998899e-05,9.999999999998899e-05,0.00019999999999997797,0.00039999999999995595,0.0004999999999999449,0.0009000000000000119,0.0018000000000000238,0.0023999999999999577,0.0041999999999999815,0.005800000000000027,0.00990000000000002,0.01419999999999999,0.02100000000000002,0.031299999999999994,0.04179999999999995,0.059599999999999986,0.08179999999999998,0.10560000000000003,0.13680000000000003,0.17290000000000005,0.21589999999999998,0.26560000000000006,0.31800000000000006,0.37450000000000006,0.4347,0.49150000000000005,0.5475,0.6036,0.6526,0.6992,0.7438,0.7803,0.8182,0.8545,0.8814,0.9048,0.9247,0.943,0.9571,0.9684,0.9785,0.9847,0.9894,0.993,0.9938,0.9933,0.9919,0.9882,0.9819,0.9741,0.9624,0.9432,0.923,0.8994,0.8666,0.8244,0.7802,0.7349,0.6784,0.6255,0.5666,0.5102,0.45619999999999994,0.4052,0.35309999999999997,0.3056,0.261,0.22450000000000003,0.1856,0.15179999999999993,0.12290000000000001,0.0958,0.07599999999999996,0.05730000000000002,0.04390000000000005,0.03290000000000004,0.022800000000000042,0.016100000000000003,0.010199999999999987,0.00649999999999995,0.0044999999999999485,0.0028000000000000247,0.0017000000000000348,0.0011999999999999789,0.0004999999999999449,0.00039999999999995595,0.0,0.0,0.0,0.0,0.0,0.0,0.0,0.0,0.0,0.0,0.0,0.0,0.0,0.0,0.0,0.0,0.0,0.0,0.0,0.0,0.0,0.0,0.0,0.0,0.0,0.0,0.0,0.0,0.0,0.0,0.0,0.0,0.0,0.0,0.0,0.0,0.0,0.0,0.0,0.0,0.0,0.0,0.0,0.0,0.0,0.0,0.0,0.0,0.0,0.0,0.0,0.0,0.0,0.0,0.0,0.0,0.0,0.0,0.0,0.0,0.0,0.0,0.0,0.0,0.0,0.0,0.0,0.0,0.0,0.0,0.0,0.0,0.0,0.0,0.0,0.0,0.0,0.0,0.0,0.0,0.0,0.0,0.0,0.0,0.0,0.0,0.0,0.0,0.0,0.0,0.0,0.0,0.0,0.0,0.0,0.0,0.0,0.0,0.0,0.0,0.0,0.0,0.0,0.0,0.0,0.0,0.0,0.0,0.0,0.0,0.0,0.0,0.0,0.0,0.0,0.0005440696409140244,0.0005440696409140244,0.0016322089227420733,0.003808487486398282,0.009249183895538637,0.01795429815016325,0.034276387377584316,0.08650707290533188,0.16594124047878123,0.25081610446137104,0.3596300326441785,0.4825897714907508,0.5924918389553863,0.6942328618063112,0.7916213275299239,0.8694232861806311,0.9167573449401524,0.9445048966267682,0.9727965179542981,0.985310119695321,0.9912948857453754,0.9956474428726877,0.9983677910772579,0.999455930359086,0.999455930359086,1.0,1.0,1.0,1.0,1.0,1.0,1.0,0.9972796517954298,0.9815016322089227,0.926550598476605,0.7856365614798694,0.5217627856365615,0.2519042437431991,0.07018498367791082,0.016322089227421066,0.0043525571273123065,0.0005440696409140244,0.0,0.0,0.0,0.0,0.0,0.0,0.0,0.0,0.0,0.0,0.0,0.0,0.0,0.0,0.0,0.0,0.0,0.0,0.0,0.0,0.0,0.0,0.0,0.0,0.0,0.0,0.0,0.0,0.0,0.0,0.0,0.0,0.0,0.0,0.0,0.0,0.0,0.0,0.0,0.0,0.0
-4.435754189944134,0.0,0.0,0.0,0.0,0.0,0.0,0.0,0.0,0.0,0.0,0.0,0.0,0.0,0.0,0.0,0.0,0.0,0.0,0.0,0.0,0.0,0.0,0.0,0.0,0.0,0.0,0.0,0.0,0.0,0.0,0.0,0.0,0.0,0.0,0.0,0.0,9.999999999998899e-05,9.999999999998899e-05,0.00019999999999997797,0.00039999999999995595,0.0004999999999999449,0.0009000000000000119,0.0018000000000000238,0.0022999999999999687,0.0041999999999999815,0.005800000000000027,0.009800000000000031,0.014100000000000001,0.02090000000000003,0.031000000000000028,0.04169999999999996,0.059599999999999986,0.08140000000000003,0.10529999999999995,0.13650000000000007,0.17259999999999998,0.21540000000000004,0.2652,0.3174,0.3741,0.43409999999999993,0.4911,0.547,0.603,0.6523,0.6989,0.7436,0.7799,0.8177,0.854,0.8812,0.9047,0.9244,0.9427,0.957,0.9682,0.9785,0.9846,0.9894,0.993,0.9938,0.9933,0.9919,0.9881,0.9819,0.9739,0.962,0.9431,0.923,0.8991,0.8664,0.8239,0.7797,0.7348,0.6778,0.6248,0.566,0.5102,0.4557,0.40490000000000004,0.35250000000000004,0.30469999999999997,0.2607999999999999,0.22419999999999995,0.18530000000000002,0.15149999999999997,0.12229999999999996,0.0958,0.07589999999999997,0.05720000000000003,0.04390000000000005,0.03280000000000005,0.022800000000000042,0.016000000000000014,0.010199999999999987,0.00649999999999995,0.0043999999999999595,0.0028000000000000247,0.0017000000000000348,0.0011999999999999789,0.0004999999999999449,0.00039999999999995595,0.0,0.0,0.0,0.0,0.0,0.0,0.0,0.0,0.0,0.0,0.0,0.0,0.0,0.0,0.0,0.0,0.0,0.0,0.0,0.0,0.0,0.0,0.0,0.0,0.0,0.0,0.0,0.0,0.0,0.0,0.0,0.0,0.0,0.0,0.0,0.0,0.0,0.0,0.0,0.0,0.0,0.0,0.0,0.0,0.0,0.0,0.0,0.0,0.0,0.0,0.0,0.0,0.0,0.0,0.0,0.0,0.0,0.0,0.0,0.0,0.0,0.0,0.0,0.0,0.0,0.0,0.0,0.0,0.0,0.0,0.0,0.0,0.0,0.0,0.0,0.0,0.0,0.0,0.0,0.0,0.0,0.0,0.0,0.0,0.0,0.0,0.0,0.0,0.0,0.0,0.0,0.0,0.0,0.0,0.0,0.0,0.0,0.0,0.0,0.0,0.0,0.0,0.0,0.0,0.0,0.0,0.0,0.0,0.0,0.0,0.0,0.0,0.0,0.0,0.0,0.0005440696409140244,0.0005440696409140244,0.0016322089227420733,0.003808487486398282,0.009249183895538637,0.01795429815016325,0.03318824809575627,0.08596300326441786,0.1653971708378672,0.25081610446137104,0.35908596300326434,0.48204570184983675,0.5908596300326442,0.6942328618063112,0.7910772578890098,0.8677910772578891,0.9167573449401524,0.9439608269858542,0.9722524483133841,0.984221980413493,0.9912948857453754,0.9956474428726877,0.9978237214363439,0.999455930359086,0.999455930359086,1.0,1.0,1.0,1.0,1.0,1.0,1.0,0.9972796517954298,0.9809575625680087,0.926006528835691,0.7840043525571273,0.5184983677910773,0.250272034820457,0.06964091403699668,0.016322089227421066,0.0043525571273123065,0.0005440696409140244,0.0,0.0,0.0,0.0,0.0,0.0,0.0,0.0,0.0,0.0,0.0,0.0,0.0,0.0,0.0,0.0,0.0,0.0,0.0,0.0,0.0,0.0,0.0,0.0,0.0,0.0,0.0,0.0,0.0,0.0,0.0,0.0,0.0,0.0,0.0,0.0,0.0,0.0,0.0,0.0,0.0
-4.391061452513966,0.0,0.0,0.0,0.0,0.0,0.0,0.0,0.0,0.0,0.0,0.0,0.0,0.0,0.0,0.0,0.0,0.0,0.0,0.0,0.0,0.0,0.0,0.0,0.0,0.0,0.0,0.0,0.0,0.0,0.0,0.0,0.0,0.0,0.0,0.0,0.0,9.999999999998899e-05,9.999999999998899e-05,0.00019999999999997797,0.00039999999999995595,0.0004999999999999449,0.0009000000000000119,0.0018000000000000238,0.0022999999999999687,0.0041999999999999815,0.005800000000000027,0.009800000000000031,0.014000000000000012,0.02070000000000005,0.031000000000000028,0.04149999999999998,0.0595,0.08119999999999994,0.10499999999999998,0.13629999999999998,0.1724,0.2148,0.2649,0.31689999999999996,0.37359999999999993,0.4335,0.4909,0.5466,0.6024,0.6518,0.6982,0.7432,0.7796,0.8175,0.8537,0.881,0.9042,0.924,0.9425,0.9568,0.9682,0.9782,0.9845,0.9894,0.993,0.9938,0.9933,0.9918,0.9881,0.9818,0.9739,0.9619,0.9427,0.9227,0.8991,0.8664,0.8233,0.7795,0.7342,0.6771,0.624,0.5652,0.5098,0.4555,0.4045000000000001,0.3521000000000001,0.3046,0.2602,0.2239,0.18490000000000006,0.15149999999999997,0.122,0.09540000000000004,0.07569999999999999,0.05710000000000004,0.04369999999999996,0.03280000000000005,0.022800000000000042,0.016000000000000014,0.010099999999999998,0.00649999999999995,0.0043999999999999595,0.0028000000000000247,0.0017000000000000348,0.0011999999999999789,0.0004999999999999449,0.00039999999999995595,0.0,0.0,0.0,0.0,0.0,0.0,0.0,0.0,0.0,0.0,0.0,0.0,0.0,0.0,0.0,0.0,0.0,0.0,0.0,0.0,0.0,0.0,0.0,0.0,0.0,0.0,0.0,0.0,0.0,0.0,0.0,0.0,0.0,0.0,0.0,0.0,0.0,0.0,0.0,0.0,0.0,0.0,0.0,0.0,0.0,0.0,0.0,0.0,0.0,0.0,0.0,0.0,0.0,0.0,0.0,0.0,0.0,0.0,0.0,0.0,0.0,0.0,0.0,0.0,0.0,0.0,0.0,0.0,0.0,0.0,0.0,0.0,0.0,0.0,0.0,0.0,0.0,0.0,0.0,0.0,0.0,0.0,0.0,0.0,0.0,0.0,0.0,0.0,0.0,0.0,0.0,0.0,0.0,0.0,0.0,0.0,0.0,0.0,0.0,0.0,0.0,0.0,0.0,0.0,0.0,0.0,0.0,0.0,0.0,0.0,0.0,0.0,0.0,0.0,0.0,0.0005440696409140244,0.0005440696409140244,0.0016322089227420733,0.003808487486398282,0.008705114254624613,0.01795429815016325,0.03318824809575627,0.08541893362350383,0.16485310119695318,0.24918389553862896,0.3563656147986942,0.4809575625680087,0.5897714907508161,0.6936887921653971,0.7899891186071817,0.8667029379760609,0.9156692056583242,0.9439608269858542,0.9717083786724701,0.984221980413493,0.9912948857453754,0.9956474428726877,0.9978237214363439,0.999455930359086,0.999455930359086,1.0,1.0,1.0,1.0,1.0,1.0,1.0,0.9972796517954298,0.9809575625680087,0.9254624591947769,0.780739934711643,0.515778019586507,0.24809575625680091,0.06800870511425461,0.016322089227421066,0.0043525571273123065,0.0005440696409140244,0.0,0.0,0.0,0.0,0.0,0.0,0.0,0.0,0.0,0.0,0.0,0.0,0.0,0.0,0.0,0.0,0.0,0.0,0.0,0.0,0.0,0.0,0.0,0.0,0.0,0.0,0.0,0.0,0.0,0.0,0.0,0.0,0.0,0.0,0.0,0.0,0.0,0.0,0.0,0.0,0.0
-4.346368715083798,0.0,0.0,0.0,0.0,0.0,0.0,0.0,0.0,0.0,0.0,0.0,0.0,0.0,0.0,0.0,0.0,0.0,0.0,0.0,0.0,0.0,0.0,0.0,0.0,0.0,0.0,0.0,0.0,0.0,0.0,0.0,0.0,0.0,0.0,0.0,0.0,9.999999999998899e-05,9.999999999998899e-05,0.00019999999999997797,0.00039999999999995595,0.0004999999999999449,0.0009000000000000119,0.0018000000000000238,0.0022999999999999687,0.0041999999999999815,0.005800000000000027,0.009499999999999953,0.013900000000000023,0.02059999999999995,0.03090000000000004,0.0413,0.0595,0.08109999999999995,0.1048,0.13580000000000003,0.17189999999999994,0.21409999999999996,0.26459999999999995,0.3164,0.3729,0.43300000000000005,0.49039999999999995,0.546,0.6018,0.6509,0.6978,0.7427,0.7792,0.8172,0.8531,0.8807,0.904,0.9238,0.9424,0.9567,0.9682,0.9779,0.9844,0.9893,0.993,0.9938,0.9933,0.9917,0.988,0.9815,0.9738,0.9616,0.9426,0.9225,0.8987,0.8661,0.8228,0.7794,0.733,0.676,0.6233,0.5651,0.5096,0.4547,0.40369999999999995,0.3517,0.3042,0.26,0.22350000000000003,0.1845,0.1511,0.12180000000000002,0.09519999999999995,0.0756,0.05710000000000004,0.043399999999999994,0.03249999999999997,0.022700000000000053,0.015800000000000036,0.010099999999999998,0.00649999999999995,0.0043999999999999595,0.0028000000000000247,0.0017000000000000348,0.0011999999999999789,0.0004999999999999449,0.00039999999999995595,0.0,0.0,0.0,0.0,0.0,0.0,0.0,0.0,0.0,0.0,0.0,0.0,0.0,0.0,0.0,0.0,0.0,0.0,0.0,0.0,0.0,0.0,0.0,0.0,0.0,0.0,0.0,0.0,0.0,0.0,0.0,0.0,0.0,0.0,0.0,0.0,0.0,0.0,0.0,0.0,0.0,0.0,0.0,0.0,0.0,0.0,0.0,0.0,0.0,0.0,0.0,0.0,0.0,0.0,0.0,0.0,0.0,0.0,0.0,0.0,0.0,0.0,0.0,0.0,0.0,0.0,0.0,0.0,0.0,0.0,0.0,0.0,0.0,0.0,0.0,0.0,0.0,0.0,0.0,0.0,0.0,0.0,0.0,0.0,0.0,0.0,0.0,0.0,0.0,0.0,0.0,0.0,0.0,0.0,0.0,0.0,0.0,0.0,0.0,0.0,0.0,0.0,0.0,0.0,0.0,0.0,0.0,0.0,0.0,0.0,0.0,0.0,0.0,0.0,0.0,0.0005440696409140244,0.0005440696409140244,0.0016322089227420733,0.003808487486398282,0.008705114254624613,0.01795429815016325,0.03318824809575627,0.08487486398258981,0.16430903155603915,0.2475516866158869,0.3541893362350381,0.4804134929270947,0.5875952121871599,0.6920565832426551,0.7872687704026116,0.8661588683351469,0.9156692056583242,0.9428726877040261,0.971164309031556,0.9836779107725789,0.9907508161044614,0.9956474428726877,0.9978237214363439,0.999455930359086,0.999455930359086,1.0,1.0,1.0,1.0,1.0,1.0,1.0,0.9972796517954298,0.9809575625680087,0.9249183895538629,0.7780195865070729,0.5114254624591947,0.24102285092491837,0.06800870511425461,0.016322089227421066,0.0043525571273123065,0.0005440696409140244,0.0,0.0,0.0,0.0,0.0,0.0,0.0,0.0,0.0,0.0,0.0,0.0,0.0,0.0,0.0,0.0,0.0,0.0,0.0,0.0,0.0,0.0,0.0,0.0,0.0,0.0,0.0,0.0,0.0,0.0,0.0,0.0,0.0,0.0,0.0,0.0,0.0,0.0,0.0,0.0,0.0
-4.301675977653631,0.0,0.0,0.0,0.0,0.0,0.0,0.0,0.0,0.0,0.0,0.0,0.0,0.0,0.0,0.0,0.0,0.0,0.0,0.0,0.0,0.0,0.0,0.0,0.0,0.0,0.0,0.0,0.0,0.0,0.0,0.0,0.0,0.0,0.0,0.0,0.0,9.999999999998899e-05,9.999999999998899e-05,0.00019999999999997797,0.00039999999999995595,0.0004999999999999449,0.0009000000000000119,0.0018000000000000238,0.0022999999999999687,0.0040999999999999925,0.005800000000000027,0.009499999999999953,0.013900000000000023,0.020499999999999963,0.03090000000000004,0.041100000000000025,0.05930000000000002,0.08089999999999997,0.10440000000000005,0.13569999999999993,0.17169999999999996,0.2136,0.2639,0.31600000000000006,0.372,0.4325,0.4898,0.5454,0.6017,0.6505,0.6971,0.7423,0.7783,0.817,0.8528,0.8805,0.9039,0.9235,0.9419,0.9567,0.9681,0.9776,0.9844,0.9893,0.993,0.9937,0.9933,0.9917,0.988,0.9815,0.9736,0.9615,0.9424,0.9223,0.8983,0.8658,0.8223,0.7788,0.7323,0.6753,0.6228,0.5643,0.509,0.4536,0.4033,0.35109999999999997,0.3034,0.25960000000000005,0.2228,0.18420000000000003,0.15100000000000002,0.12170000000000003,0.09509999999999996,0.07540000000000002,0.05700000000000005,0.04310000000000003,0.03249999999999997,0.022599999999999953,0.015700000000000047,0.010099999999999998,0.00649999999999995,0.0043999999999999595,0.0028000000000000247,0.0017000000000000348,0.0011999999999999789,0.0004999999999999449,0.00039999999999995595,0.0,0.0,0.0,0.0,0.0,0.0,0.0,0.0,0.0,0.0,0.0,0.0,0.0,0.0,0.0,0.0,0.0,0.0,0.0,0.0,0.0,0.0,0.0,0.0,0.0,0.0,0.0,0.0,0.0,0.0,0.0,0.0,0.0,0.0,0.0,0.0,0.0,0.0,0.0,0.0,0.0,0.0,0.0,0.0,0.0,0.0,0.0,0.0,0.0,0.0,0.0,0.0,0.0,0.0,0.0,0.0,0.0,0.0,0.0,0.0,0.0,0.0,0.0,0.0,0.0,0.0,0.0,0.0,0.0,0.0,0.0,0.0,0.0,0.0,0.0,0.0,0.0,0.0,0.0,0.0,0.0,0.0,0.0,0.0,0.0,0.0,0.0,0.0,0.0,0.0,0.0,0.0,0.0,0.0,0.0,0.0,0.0,0.0,0.0,0.0,0.0,0.0,0.0,0.0,0.0,0.0,0.0,0.0,0.0,0.0,0.0,0.0,0.0,0.0,0.0,0.0005440696409140244,0.0005440696409140244,0.0016322089227420733,0.003808487486398282,0.008705114254624613,0.01795429815016325,0.03318824809575627,0.08324265505984763,0.16267682263329708,0.2475516866158869,0.3531011969532101,0.47769314472252455,0.5865070729053319,0.6920565832426551,0.7856365614798694,0.8656147986942329,0.9151251360174102,0.9428726877040261,0.970076169749728,0.9836779107725789,0.9907508161044614,0.9956474428726877,0.9978237214363439,0.999455930359086,0.999455930359086,1.0,1.0,1.0,1.0,1.0,1.0,0.999455930359086,0.9972796517954298,0.9793253536452666,0.9232861806311208,0.7752992383025027,0.5070729053318824,0.2393906420021763,0.06692056583242656,0.016322089227421066,0.0043525571273123065,0.0005440696409140244,0.0,0.0,0.0,0.0,0.0,0.0,0.0,0.0,0.0,0.0,0.0,0.0,0.0,0.0,0.0,0.0,0.0,0.0,0.0,0.0,0.0,0.0,0.0,0.0,0.0,0.0,0.0,0.0,0.0,0.0,0.0,0.0,0.0,0.0,0.0,0.0,0.0,0.0,0.0,0.0,0.0
-4.256983240223463,0.0,0.0,0.0,0.0,0.0,0.0,0.0,0.0,0.0,0.0,0.0,0.0,0.0,0.0,0.0,0.0,0.0,0.0,0.0,0.0,0.0,0.0,0.0,0.0,0.0,0.0,0.0,0.0,0.0,0.0,0.0,0.0,0.0,0.0,0.0,0.0,9.999999999998899e-05,9.999999999998899e-05,0.00019999999999997797,0.00039999999999995595,0.0004999999999999449,0.0009000000000000119,0.0018000000000000238,0.0022999999999999687,0.0040999999999999925,0.005800000000000027,0.009499999999999953,0.013900000000000023,0.020399999999999974,0.03080000000000005,0.041000000000000036,0.05920000000000003,0.0807,0.10409999999999997,0.1352,0.17110000000000003,0.21350000000000002,0.26350000000000007,0.31509999999999994,0.37159999999999993,0.43179999999999996,0.48940000000000006,0.545,0.6012,0.6497,0.697,0.7422,0.7778,0.817,0.8522,0.8804,0.9037,0.9233,0.9417,0.9561,0.9678,0.9776,0.9844,0.9893,0.993,0.9937,0.9933,0.9917,0.9879,0.9814,0.9736,0.9615,0.9422,0.9219,0.8979,0.8653,0.8218,0.7783,0.7322,0.675,0.6216,0.5637,0.5083,0.45300000000000007,0.40270000000000006,0.3508,0.30289999999999995,0.2594000000000001,0.22199999999999998,0.18369999999999997,0.15000000000000002,0.12129999999999996,0.09509999999999996,0.07520000000000004,0.056400000000000006,0.04310000000000003,0.032200000000000006,0.022499999999999964,0.015599999999999947,0.010000000000000009,0.006399999999999961,0.0043999999999999595,0.0027000000000000357,0.0016000000000000458,0.0011999999999999789,0.0004999999999999449,0.00039999999999995595,0.0,0.0,0.0,0.0,0.0,0.0,0.0,0.0,0.0,0.0,0.0,0.0,0.0,0.0,0.0,0.0,0.0,0.0,0.0,0.0,0.0,0.0,0.0,0.0,0.0,0.0,0.0,0.0,0.0,0.0,0.0,0.0,0.0,0.0,0.0,0.0,0.0,0.0,0.0,0.0,0.0,0.0,0.0,0.0,0.0,0.0,0.0,0.0,0.0,0.0,0.0,0.0,0.0,0.0,0.0,0.0,0.0,0.0,0.0,0.0,0.0,0.0,0.0,0.0,0.0,0.0,0.0,0.0,0.0,0.0,0.0,0.0,0.0,0.0,0.0,0.0,0.0,0.0,0.0,0.0,0.0,0.0,0.0,0.0,0.0,0.0,0.0,0.0,0.0,0.0,0.0,0.0,0.0,0.0,0.0,0.0,0.0,0.0,0.0,0.0,0.0,0.0,0.0,0.0,0.0,0.0,0.0,0.0,0.0,0.0,0.0,0.0,0.0,0.0,0.0,0.0005440696409140244,0.0005440696409140244,0.0016322089227420733,0.003808487486398282,0.008705114254624613,0.01795429815016325,0.03264417845484224,0.08324265505984763,0.16213275299238306,0.24700761697497287,0.35255712731229605,0.4749727965179543,0.5821545157780196,0.6893362350380848,0.7856365614798694,0.8650707290533188,0.9151251360174102,0.941240478781284,0.970076169749728,0.9836779107725789,0.9907508161044614,0.9956474428726877,0.9978237214363439,0.999455930359086,0.999455930359086,1.0,1.0,1.0,1.0,1.0,1.0,0.999455930359086,0.9972796517954298,0.9776931447225244,0.9216539717083787,0.7714907508161044,0.5016322089227421,0.23558215451577802,0.06692056583242656,0.015233949945593017,0.0043525571273123065,0.0005440696409140244,0.0,0.0,0.0,0.0,0.0,0.0,0.0,0.0,0.0,0.0,0.0,0.0,0.0,0.0,0.0,0.0,0.0,0.0,0.0,0.0,0.0,0.0,0.0,0.0,0.0,0.0,0.0,0.0,0.0,0.0,0.0,0.0,0.0,0.0,0.0,0.0,0.0,0.0,0.0,0.0,0.0
-4.212290502793296,0.0,0.0,0.0,0.0,0.0,0.0,0.0,0.0,0.0,0.0,0.0,0.0,0.0,0.0,0.0,0.0,0.0,0.0,0.0,0.0,0.0,0.0,0.0,0.0,0.0,0.0,0.0,0.0,0.0,0.0,0.0,0.0,0.0,0.0,0.0,0.0,9.999999999998899e-05,9.999999999998899e-05,0.00019999999999997797,0.00039999999999995595,0.0004999999999999449,0.0009000000000000119,0.0018000000000000238,0.0022999999999999687,0.0040999999999999925,0.005800000000000027,0.009199999999999986,0.013800000000000034,0.020299999999999985,0.03069999999999995,0.041000000000000036,0.05879999999999996,0.08050000000000002,0.1038,0.13460000000000005,0.17080000000000006,0.21289999999999998,0.2629,0.3143,0.37050000000000005,0.43090000000000006,0.4888,0.5442,0.6006,0.6493,0.6964,0.7419,0.7775,0.8165,0.8516,0.8801,0.9033,0.9231,0.9416,0.9561,0.9678,0.9776,0.9844,0.9889,0.993,0.9936,0.9932,0.9917,0.9878,0.9813,0.9735,0.9613,0.9419,0.9217,0.8977,0.8649,0.8211,0.7782,0.7317,0.6744,0.6206,0.5632,0.5079,0.4526,0.402,0.35020000000000007,0.30269999999999997,0.2591,0.2218,0.1835,0.14959999999999996,0.12109999999999999,0.09499999999999997,0.07489999999999997,0.05620000000000003,0.04310000000000003,0.03210000000000002,0.022499999999999964,0.015599999999999947,0.010000000000000009,0.006399999999999961,0.0043999999999999595,0.0027000000000000357,0.0016000000000000458,0.0011999999999999789,0.0004999999999999449,0.00039999999999995595,0.0,0.0,0.0,0.0,0.0,0.0,0.0,0.0,0.0,0.0,0.0,0.0,0.0,0.0,0.0,0.0,0.0,0.0,0.0,0.0,0.0,0.0,0.0,0.0,0.0,0.0,0.0,0.0,0.0,0.0,0.0,0.0,0.0,0.0,0.0,0.0,0.0,0.0,0.0,0.0,0.0,0.0,0.0,0.0,0.0,0.0,0.0,0.0,0.0,0.0,0.0,0.0,0.0,0.0,0.0,0.0,0.0,0.0,0.0,0.0,0.0,0.0,0.0,0.0,0.0,0.0,0.0,0.0,0.0,0.0,0.0,0.0,0.0,0.0,0.0,0.0,0.0,0.0,0.0,0.0,0.0,0.0,0.0,0.0,0.0,0.0,0.0,0.0,0.0,0.0,0.0,0.0,0.0,0.0,0.0,0.0,0.0,0.0,0.0,0.0,0.0,0.0,0.0,0.0,0.0,0.0,0.0,0.0,0.0,0.0,0.0,0.0,0.0,0.0,0.0,0.0005440696409140244,0.0005440696409140244,0.0016322089227420733,0.003808487486398282,0.008705114254624613,0.01795429815016325,0.03210010881392822,0.08161044613710555,0.16158868335146903,0.2459194776931447,0.35092491838955386,0.47388465723612616,0.5816104461371056,0.6871599564744287,0.7829162132752993,0.8628944504896626,0.9134929270946681,0.940152339499456,0.970076169749728,0.9836779107725789,0.9907508161044614,0.9951033732317737,0.9978237214363439,0.999455930359086,0.999455930359086,1.0,1.0,1.0,1.0,1.0,1.0,0.998911860718172,0.9972796517954298,0.9760609357997824,0.9200217627856365,0.764417845484222,0.49891186071817195,0.23231773667029376,0.06528835690968449,0.015233949945593017,0.0043525571273123065,0.0005440696409140244,0.0,0.0,0.0,0.0,0.0,0.0,0.0,0.0,0.0,0.0,0.0,0.0,0.0,0.0,0.0,0.0,0.0,0.0,0.0,0.0,0.0,0.0,0.0,0.0,0.0,0.0,0.0,0.0,0.0,0.0,0.0,0.0,0.0,0.0,0.0,0.0,0.0,0.0,0.0,0.0,0.0
-4.167597765363128,0.0,0.0,0.0,0.0,0.0,0.0,0.0,0.0,0.0,0.0,0.0,0.0,0.0,0.0,0.0,0.0,0.0,0.0,0.0,0.0,0.0,0.0,0.0,0.0,0.0,0.0,0.0,0.0,0.0,0.0,0.0,0.0,0.0,0.0,0.0,0.0,9.999999999998899e-05,9.999999999998899e-05,0.00019999999999997797,0.00039999999999995595,0.0004999999999999449,0.0008000000000000229,0.0018000000000000238,0.0021999999999999797,0.0040999999999999925,0.005800000000000027,0.009199999999999986,0.013599999999999945,0.020199999999999996,0.03059999999999996,0.04090000000000005,0.058499999999999996,0.08020000000000005,0.10350000000000004,0.134,0.1703,0.21229999999999993,0.262,0.31309999999999993,0.3696999999999999,0.4306,0.48829999999999996,0.5437,0.5999,0.6482,0.6958,0.7418,0.7767,0.8162,0.8515,0.8796,0.903,0.9229,0.9412,0.956,0.9678,0.9775,0.9843,0.9889,0.9929,0.9936,0.9932,0.9917,0.9878,0.9812,0.9734,0.9608,0.9416,0.9214,0.8973,0.8641,0.8207,0.7779,0.731,0.6736,0.6202,0.5625,0.5071,0.45199999999999996,0.4012,0.3496,0.3024,0.25859999999999994,0.22160000000000002,0.18320000000000003,0.1492,0.12060000000000004,0.09460000000000002,0.07479999999999998,0.05620000000000003,0.04269999999999996,0.03200000000000003,0.022399999999999975,0.015599999999999947,0.010000000000000009,0.006399999999999961,0.0043999999999999595,0.0027000000000000357,0.0016000000000000458,0.0011999999999999789,0.0004999999999999449,0.00039999999999995595,0.0,0.0,0.0,0.0,0.0,0.0,0.0,0.0,0.0,0.0,0.0,0.0,0.0,0.0,0.0,0.0,0.0,0.0,0.0,0.0,0.0,0.0,0.0,0.0,0.0,0.0,0.0,0.0,0.0,0.0,0.0,0.0,0.0,0.0,0.0,0.0,0.0,0.0,0.0,0.0,0.0,0.0,0.0,0.0,0.0,0.0,0.0,0.0,0.0,0.0,0.0,0.0,0.0,0.0,0.0,0.0,0.0,0.0,0.0,0.0,0.0,0.0,0.0,0.0,0.0,0.0,0.0,0.0,0.0,0.0,0.0,0.0,0.0,0.0,0.0,0.0,0.0,0.0,0.0,0.0,0.0,0.0,0.0,0.0,0.0,0.0,0.0,0.0,0.0,0.0,0.0,0.0,0.0,0.0,0.0,0.0,0.0,0.0,0.0,0.0,0.0,0.0,0.0,0.0,0.0,0.0,0.0,0.0,0.0,0.0,0.0,0.0,0.0,0.0,0.0,0.0005440696409140244,0.0005440696409140244,0.0016322089227420733,0.003808487486398282,0.008705114254624613,0.017410228509249226,0.031556039173014194,0.07997823721436348,0.161044613710555,0.2437431991294886,0.35038084874863984,0.4722524483133841,0.5794341675734495,0.6855277475516867,0.780739934711643,0.8623503808487486,0.9124047878128401,0.940152339499456,0.969532100108814,0.9836779107725789,0.9907508161044614,0.9945593035908596,0.9978237214363439,0.999455930359086,0.999455930359086,1.0,1.0,1.0,1.0,1.0,1.0,0.998911860718172,0.9972796517954298,0.9755168661588683,0.9178454842219804,0.7584330794341676,0.4956474428726877,0.23014145810663766,0.06420021762785633,0.015233949945593017,0.0043525571273123065,0.0005440696409140244,0.0,0.0,0.0,0.0,0.0,0.0,0.0,0.0,0.0,0.0,0.0,0.0,0.0,0.0,0.0,0.0,0.0,0.0,0.0,0.0,0.0,0.0,0.0,0.0,0.0,0.0,0.0,0.0,0.0,0.0,0.0,0.0,0.0,0.0,0.0,0.0,0.0,0.0,0.0,0.0,0.0
-4.122905027932961,0.0,0.0,0.0,0.0,0.0,0.0,0.0,0.0,0.0,0.0,0.0,0.0,0.0,0.0,0.0,0.0,0.0,0.0,0.0,0.0,0.0,0.0,0.0,0.0,0.0,0.0,0.0,0.0,0.0,0.0,0.0,0.0,0.0,0.0,0.0,0.0,9.999999999998899e-05,9.999999999998899e-05,0.00019999999999997797,0.00039999999999995595,0.0004999999999999449,0.0008000000000000229,0.0018000000000000238,0.0021999999999999797,0.0040999999999999925,0.005700000000000038,0.009099999999999997,0.013499999999999956,0.020100000000000007,0.030399999999999983,0.04090000000000005,0.05830000000000002,0.07989999999999997,0.10289999999999999,0.13339999999999996,0.17000000000000004,0.2118,0.2614000000000001,0.31220000000000003,0.36850000000000005,0.42999999999999994,0.487,0.5424,0.5994,0.6477,0.6951,0.7415,0.7762,0.8158,0.8511,0.8794,0.9028,0.9228,0.9411,0.9558,0.9678,0.9775,0.9843,0.9888,0.9929,0.9935,0.9931,0.9915,0.9878,0.981,0.9734,0.9608,0.9414,0.9212,0.8971,0.8637,0.8202,0.7771,0.73,0.6725,0.6194,0.5615,0.5062,0.4514,0.4002,0.34909999999999997,0.30190000000000006,0.2581,0.22109999999999996,0.18279999999999996,0.14900000000000002,0.12009999999999998,0.09430000000000005,0.0746,0.05610000000000004,0.04259999999999997,0.03190000000000004,0.022199999999999998,0.015499999999999958,0.00990000000000002,0.006399999999999961,0.0042999999999999705,0.0027000000000000357,0.0016000000000000458,0.0011999999999999789,0.0004999999999999449,0.00039999999999995595,0.0,0.0,0.0,0.0,0.0,0.0,0.0,0.0,0.0,0.0,0.0,0.0,0.0,0.0,0.0,0.0,0.0,0.0,0.0,0.0,0.0,0.0,0.0,0.0,0.0,0.0,0.0,0.0,0.0,0.0,0.0,0.0,0.0,0.0,0.0,0.0,0.0,0.0,0.0,0.0,0.0,0.0,0.0,0.0,0.0,0.0,0.0,0.0,0.0,0.0,0.0,0.0,0.0,0.0,0.0,0.0,0.0,0.0,0.0,0.0,0.0,0.0,0.0,0.0,0.0,0.0,0.0,0.0,0.0,0.0,0.0,0.0,0.0,0.0,0.0,0.0,0.0,0.0,0.0,0.0,0.0,0.0,0.0,0.0,0.0,0.0,0.0,0.0,0.0,0.0,0.0,0.0,0.0,0.0,0.0,0.0,0.0,0.0,0.0,0.0,0.0,0.0,0.0,0.0,0.0,0.0,0.0,0.0,0.0,0.0,0.0,0.0,0.0,0.0,0.0,0.0005440696409140244,0.0005440696409140244,0.0016322089227420733,0.003808487486398282,0.008705114254624613,0.017410228509249226,0.031556039173014194,0.07943416757344934,0.15995647442872685,0.24319912948857447,0.34874863982589765,0.470620239390642,0.5750816104461371,0.6833514689880305,0.779107725788901,0.8607181719260065,0.9124047878128401,0.9390642002176278,0.9689880304678999,0.9836779107725789,0.9902067464635473,0.9945593035908596,0.9972796517954298,0.999455930359086,0.999455930359086,1.0,1.0,1.0,1.0,1.0,1.0,0.9983677910772579,0.9961915125136017,0.9755168661588683,0.9162132752992383,0.7557127312295974,0.4912948857453754,0.22742110990206743,0.06311207834602828,0.015233949945593017,0.0043525571273123065,0.0005440696409140244,0.0,0.0,0.0,0.0,0.0,0.0,0.0,0.0,0.0,0.0,0.0,0.0,0.0,0.0,0.0,0.0,0.0,0.0,0.0,0.0,0.0,0.0,0.0,0.0,0.0,0.0,0.0,0.0,0.0,0.0,0.0,0.0,0.0,0.0,0.0,0.0,0.0,0.0,0.0,0.0,0.0
-4.078212290502793,0.0,0.0,0.0,0.0,0.0,0.0,0.0,0.0,0.0,0.0,0.0,0.0,0.0,0.0,0.0,0.0,0.0,0.0,0.0,0.0,0.0,0.0,0.0,0.0,0.0,0.0,0.0,0.0,0.0,0.0,0.0,0.0,0.0,0.0,0.0,0.0,9.999999999998899e-05,9.999999999998899e-05,0.00019999999999997797,0.00039999999999995595,0.0004999999999999449,0.0008000000000000229,0.0018000000000000238,0.0021999999999999797,0.0040000000000000036,0.005600000000000049,0.009000000000000008,0.013499999999999956,0.01990000000000003,0.030100000000000016,0.04069999999999996,0.05789999999999995,0.07940000000000003,0.10270000000000001,0.13260000000000005,0.16949999999999998,0.2107,0.26069999999999993,0.3114,0.3679,0.4292,0.48629999999999995,0.542,0.5984,0.647,0.6948,0.7414,0.7757,0.8152,0.8509,0.879,0.9027,0.9222,0.9408,0.9556,0.9677,0.9773,0.9842,0.9888,0.9929,0.9934,0.9931,0.9914,0.9877,0.9809,0.9734,0.9607,0.9412,0.9209,0.8967,0.8631,0.8193,0.7766,0.7292,0.6717,0.619,0.5604,0.5053,0.4504,0.3993,0.34820000000000007,0.3014,0.25760000000000005,0.22040000000000004,0.1824,0.14870000000000005,0.1199,0.09409999999999996,0.07420000000000004,0.05589999999999995,0.04249999999999998,0.03169999999999995,0.022199999999999998,0.01539999999999997,0.00990000000000002,0.006299999999999972,0.0042999999999999705,0.0026000000000000467,0.0016000000000000458,0.0011999999999999789,0.0004999999999999449,0.00039999999999995595,0.0,0.0,0.0,0.0,0.0,0.0,0.0,0.0,0.0,0.0,0.0,0.0,0.0,0.0,0.0,0.0,0.0,0.0,0.0,0.0,0.0,0.0,0.0,0.0,0.0,0.0,0.0,0.0,0.0,0.0,0.0,0.0,0.0,0.0,0.0,0.0,0.0,0.0,0.0,0.0,0.0,0.0,0.0,0.0,0.0,0.0,0.0,0.0,0.0,0.0,0.0,0.0,0.0,0.0,0.0,0.0,0.0,0.0,0.0,0.0,0.0,0.0,0.0,0.0,0.0,0.0,0.0,0.0,0.0,0.0,0.0,0.0,0.0,0.0,0.0,0.0,0.0,0.0,0.0,0.0,0.0,0.0,0.0,0.0,0.0,0.0,0.0,0.0,0.0,0.0,0.0,0.0,0.0,0.0,0.0,0.0,0.0,0.0,0.0,0.0,0.0,0.0,0.0,0.0,0.0,0.0,0.0,0.0,0.0,0.0,0.0,0.0,0.0,0.0,0.0,0.0005440696409140244,0.0005440696409140244,0.0016322089227420733,0.003808487486398282,0.008705114254624613,0.0168661588683352,0.031556039173014194,0.07889009793253532,0.1588683351468988,0.24211099020674642,0.34874863982589765,0.470076169749728,0.5723612622415669,0.6811751904243744,0.7769314472252449,0.8585418933623504,0.911316648531012,0.9385201305767138,0.9689880304678999,0.9831338411316648,0.9896626768226333,0.9945593035908596,0.9972796517954298,0.999455930359086,0.999455930359086,1.0,1.0,1.0,1.0,1.0,1.0,0.9983677910772579,0.9951033732317737,0.9744287268770403,0.9129488574537541,0.7524483133841132,0.48803046789989124,0.22633297062023938,0.06202393906420023,0.015233949945593017,0.0043525571273123065,0.0005440696409140244,0.0,0.0,0.0,0.0,0.0,0.0,0.0,0.0,0.0,0.0,0.0,0.0,0.0,0.0,0.0,0.0,0.0,0.0,0.0,0.0,0.0,0.0,0.0,0.0,0.0,0.0,0.0,0.0,0.0,0.0,0.0,0.0,0.0,0.0,0.0,0.0,0.0,0.0,0.0,0.0,0.0
-4.033519553072626,0.0,0.0,0.0,0.0,0.0,0.0,0.0,0.0,0.0,0.0,0.0,0.0,0.0,0.0,0.0,0.0,0.0,0.0,0.0,0.0,0.0,0.0,0.0,0.0,0.0,0.0,0.0,0.0,0.0,0.0,0.0,0.0,0.0,0.0,0.0,0.0,9.999999999998899e-05,9.999999999998899e-05,0.00019999999999997797,0.00039999999999995595,0.0004999999999999449,0.0008000000000000229,0.0018000000000000238,0.0021999999999999797,0.0038000000000000256,0.005600000000000049,0.009000000000000008,0.013499999999999956,0.01980000000000004,0.029900000000000038,0.04039999999999999,0.057599999999999985,0.07899999999999996,0.10240000000000005,0.13229999999999997,0.16869999999999996,0.21009999999999995,0.25980000000000003,0.3104,0.36729999999999996,0.4286,0.4857,0.541,0.5977,0.6466,0.6943,0.7409,0.7755,0.8148,0.8501,0.8789,0.9022,0.9216,0.9406,0.9555,0.9673,0.9768,0.9842,0.9887,0.9928,0.9934,0.9931,0.9913,0.9876,0.9808,0.9731,0.9603,0.941,0.9206,0.896,0.8626,0.8185,0.7762,0.7288,0.6713,0.6181,0.5599,0.5044,0.4498,0.39870000000000005,0.3478,0.30069999999999997,0.2567999999999999,0.2198,0.18179999999999996,0.14849999999999997,0.11980000000000002,0.0937,0.07410000000000005,0.05579999999999996,0.042200000000000015,0.031299999999999994,0.02190000000000003,0.01529999999999998,0.009800000000000031,0.006199999999999983,0.0042999999999999705,0.0026000000000000467,0.0016000000000000458,0.0011999999999999789,0.0004999999999999449,0.00039999999999995595,0.0,0.0,0.0,0.0,0.0,0.0,0.0,0.0,0.0,0.0,0.0,0.0,0.0,0.0,0.0,0.0,0.0,0.0,0.0,0.0,0.0,0.0,0.0,0.0,0.0,0.0,0.0,0.0,0.0,0.0,0.0,0.0,0.0,0.0,0.0,0.0,0.0,0.0,0.0,0.0,0.0,0.0,0.0,0.0,0.0,0.0,0.0,0.0,0.0,0.0,0.0,0.0,0.0,0.0,0.0,0.0,0.0,0.0,0.0,0.0,0.0,0.0,0.0,0.0,0.0,0.0,0.0,0.0,0.0,0.0,0.0,0.0,0.0,0.0,0.0,0.0,0.0,0.0,0.0,0.0,0.0,0.0,0.0,0.0,0.0,0.0,0.0,0.0,0.0,0.0,0.0,0.0,0.0,0.0,0.0,0.0,0.0,0.0,0.0,0.0,0.0,0.0,0.0,0.0,0.0,0.0,0.0,0.0,0.0,0.0,0.0,0.0,0.0,0.0,0.0,0.0005440696409140244,0.0005440696409140244,0.0016322089227420733,0.003808487486398282,0.008705114254624613,0.0168661588683352,0.031556039173014194,0.07671381936887922,0.15560391730141454,0.24211099020674642,0.3476605005440696,0.46681175190424373,0.5707290533188248,0.6789989118607181,0.7758433079434167,0.8579978237214363,0.9107725788900979,0.9385201305767138,0.9678998911860718,0.9825897714907508,0.9896626768226333,0.9940152339499456,0.9972796517954298,0.999455930359086,0.999455930359086,1.0,1.0,1.0,1.0,1.0,1.0,0.9978237214363439,0.9951033732317737,0.9733405875952121,0.9091403699673558,0.7459194776931447,0.4836779107725788,0.22524483133841133,0.061479869423286204,0.015233949945593017,0.0043525571273123065,0.0005440696409140244,0.0,0.0,0.0,0.0,0.0,0.0,0.0,0.0,0.0,0.0,0.0,0.0,0.0,0.0,0.0,0.0,0.0,0.0,0.0,0.0,0.0,0.0,0.0,0.0,0.0,0.0,0.0,0.0,0.0,0.0,0.0,0.0,0.0,0.0,0.0,0.0,0.0,0.0,0.0,0.0,0.0
-3.988826815642458,0.0,0.0,0.0,0.0,0.0,0.0,0.0,0.0,0.0,0.0,0.0,0.0,0.0,0.0,0.0,0.0,0.0,0.0,0.0,0.0,0.0,0.0,0.0,0.0,0.0,0.0,0.0,0.0,0.0,0.0,0.0,0.0,0.0,0.0,0.0,0.0,9.999999999998899e-05,9.999999999998899e-05,0.00019999999999997797,0.00039999999999995595,0.0004999999999999449,0.0007000000000000339,0.0018000000000000238,0.0021999999999999797,0.0037000000000000366,0.005600000000000049,0.00880000000000003,0.013399999999999967,0.01970000000000005,0.02959999999999996,0.040200000000000014,0.05700000000000005,0.07869999999999999,0.10219999999999996,0.1321,0.16820000000000002,0.20940000000000003,0.2583,0.3095,0.36630000000000007,0.4275,0.4848,0.5401,0.5966,0.6462,0.6936,0.74,0.7752,0.8137,0.85,0.8783,0.9021,0.9216,0.9405,0.9553,0.9671,0.9768,0.9841,0.9886,0.9926,0.9934,0.9931,0.9912,0.9876,0.9808,0.9727,0.9603,0.9404,0.9202,0.8955,0.8622,0.8174,0.7753,0.728,0.6705,0.6166,0.5591,0.5032,0.4494,0.3972,0.34739999999999993,0.2995,0.25570000000000004,0.21909999999999996,0.18059999999999998,0.14769999999999994,0.11919999999999997,0.09350000000000003,0.0736,0.055499999999999994,0.04179999999999995,0.031100000000000017,0.02190000000000003,0.015100000000000002,0.009800000000000031,0.006199999999999983,0.0042999999999999705,0.0026000000000000467,0.0014999999999999458,0.0010999999999999899,0.0004999999999999449,0.00039999999999995595,0.0,0.0,0.0,0.0,0.0,0.0,0.0,0.0,0.0,0.0,0.0,0.0,0.0,0.0,0.0,0.0,0.0,0.0,0.0,0.0,0.0,0.0,0.0,0.0,0.0,0.0,0.0,0.0,0.0,0.0,0.0,0.0,0.0,0.0,0.0,0.0,0.0,0.0,0.0,0.0,0.0,0.0,0.0,0.0,0.0,0.0,0.0,0.0,0.0,0.0,0.0,0.0,0.0,0.0,0.0,0.0,0.0,0.0,0.0,0.0,0.0,0.0,0.0,0.0,0.0,0.0,0.0,0.0,0.0,0.0,0.0,0.0,0.0,0.0,0.0,0.0,0.0,0.0,0.0,0.0,0.0,0.0,0.0,0.0,0.0,0.0,0.0,0.0,0.0,0.0,0.0,0.0,0.0,0.0,0.0,0.0,0.0,0.0,0.0,0.0,0.0,0.0,0.0,0.0,0.0,0.0,0.0,0.0,0.0,0.0,0.0,0.0,0.0,0.0,0.0,0.0005440696409140244,0.0005440696409140244,0.0016322089227420733,0.003808487486398282,0.008705114254624613,0.0168661588683352,0.030467899891186034,0.07562568008705117,0.15397170837867247,0.2393906420021763,0.3454842219804135,0.4657236126224157,0.5701849836779108,0.676822633297062,0.7731229597388466,0.8569096844396082,0.9085963003264418,0.9379760609357998,0.9678998911860718,0.9825897714907508,0.9891186071817193,0.9934711643090316,0.9972796517954298,0.999455930359086,0.999455930359086,0.999455930359086,1.0,1.0,1.0,1.0,1.0,0.9978237214363439,0.9951033732317737,0.9733405875952121,0.9075081610446137,0.7399347116430903,0.4787812840043526,0.220348204570185,0.059303590859629995,0.014689880304678993,0.0043525571273123065,0.0005440696409140244,0.0,0.0,0.0,0.0,0.0,0.0,0.0,0.0,0.0,0.0,0.0,0.0,0.0,0.0,0.0,0.0,0.0,0.0,0.0,0.0,0.0,0.0,0.0,0.0,0.0,0.0,0.0,0.0,0.0,0.0,0.0,0.0,0.0,0.0,0.0,0.0,0.0,0.0,0.0,0.0,0.0
-3.9441340782122905,0.0,0.0,0.0,0.0,0.0,0.0,0.0,0.0,0.0,0.0,0.0,0.0,0.0,0.0,0.0,0.0,0.0,0.0,0.0,0.0,0.0,0.0,0.0,0.0,0.0,0.0,0.0,0.0,0.0,0.0,0.0,0.0,0.0,0.0,0.0,0.0,9.999999999998899e-05,9.999999999998899e-05,0.00019999999999997797,0.00039999999999995595,0.0004999999999999449,0.0007000000000000339,0.0017000000000000348,0.0021999999999999797,0.0036000000000000476,0.005600000000000049,0.008499999999999952,0.01319999999999999,0.01970000000000005,0.02959999999999996,0.040000000000000036,0.056400000000000006,0.07799999999999996,0.10189999999999999,0.13129999999999997,0.16810000000000003,0.20830000000000004,0.257,0.30909999999999993,0.36539999999999995,0.4266,0.4839,0.5391,0.5957,0.645,0.6929,0.7391,0.7747,0.8131,0.8496,0.8776,0.9019,0.9212,0.9404,0.9552,0.9667,0.9767,0.9841,0.9884,0.9925,0.9934,0.9929,0.9911,0.9874,0.9806,0.9724,0.9602,0.9402,0.9199,0.8952,0.8616,0.817,0.7744,0.7271,0.669,0.6155,0.5585,0.5026,0.4489000000000001,0.3964,0.3461000000000001,0.29879999999999995,0.2553000000000001,0.21840000000000004,0.1795,0.1472,0.11850000000000005,0.09340000000000004,0.0736,0.05520000000000003,0.04159999999999997,0.031000000000000028,0.02180000000000004,0.014700000000000046,0.009800000000000031,0.006199999999999983,0.0042999999999999705,0.0024999999999999467,0.0014999999999999458,0.0010000000000000009,0.0004999999999999449,0.00029999999999996696,0.0,0.0,0.0,0.0,0.0,0.0,0.0,0.0,0.0,0.0,0.0,0.0,0.0,0.0,0.0,0.0,0.0,0.0,0.0,0.0,0.0,0.0,0.0,0.0,0.0,0.0,0.0,0.0,0.0,0.0,0.0,0.0,0.0,0.0,0.0,0.0,0.0,0.0,0.0,0.0,0.0,0.0,0.0,0.0,0.0,0.0,0.0,0.0,0.0,0.0,0.0,0.0,0.0,0.0,0.0,0.0,0.0,0.0,0.0,0.0,0.0,0.0,0.0,0.0,0.0,0.0,0.0,0.0,0.0,0.0,0.0,0.0,0.0,0.0,0.0,0.0,0.0,0.0,0.0,0.0,0.0,0.0,0.0,0.0,0.0,0.0,0.0,0.0,0.0,0.0,0.0,0.0,0.0,0.0,0.0,0.0,0.0,0.0,0.0,0.0,0.0,0.0,0.0,0.0,0.0,0.0,0.0,0.0,0.0,0.0,0.0,0.0,0.0,0.0,0.0,0.0005440696409140244,0.0005440696409140244,0.0016322089227420733,0.003808487486398282,0.008705114254624613,0.016322089227421066,0.030467899891186034,0.07236126224156691,0.15125136017410235,0.23884657236126228,0.34221980413492925,0.46300326441784545,0.5696409140369967,0.6735582154515778,0.7698585418933623,0.8547334058759521,0.9053318824809575,0.9374319912948857,0.9662676822633297,0.9825897714907508,0.9880304678998912,0.9929270946681176,0.9967355821545157,0.999455930359086,0.999455930359086,0.999455930359086,1.0,1.0,1.0,1.0,1.0,0.9978237214363439,0.9951033732317737,0.9717083786724701,0.9069640914036997,0.735582154515778,0.4722524483133841,0.2181719260065289,0.05821545157780195,0.014145810663764968,0.003808487486398282,0.0005440696409140244,0.0,0.0,0.0,0.0,0.0,0.0,0.0,0.0,0.0,0.0,0.0,0.0,0.0,0.0,0.0,0.0,0.0,0.0,0.0,0.0,0.0,0.0,0.0,0.0,0.0,0.0,0.0,0.0,0.0,0.0,0.0,0.0,0.0,0.0,0.0,0.0,0.0,0.0,0.0,0.0,0.0
-3.899441340782123,0.0,0.0,0.0,0.0,0.0,0.0,0.0,0.0,0.0,0.0,0.0,0.0,0.0,0.0,0.0,0.0,0.0,0.0,0.0,0.0,0.0,0.0,0.0,0.0,0.0,0.0,0.0,0.0,0.0,0.0,0.0,0.0,0.0,0.0,0.0,0.0,9.999999999998899e-05,9.999999999998899e-05,0.00019999999999997797,0.00039999999999995595,0.0004999999999999449,0.0007000000000000339,0.0017000000000000348,0.0021999999999999797,0.0034999999999999476,0.005600000000000049,0.008499999999999952,0.0131,0.01959999999999995,0.02949999999999997,0.03980000000000006,0.05630000000000002,0.0776,0.10160000000000002,0.13060000000000005,0.16720000000000002,0.20740000000000003,0.25570000000000004,0.3083,0.3641,0.42510000000000003,0.48350000000000004,0.5373,0.5951,0.6442,0.6923,0.7385,0.7743,0.8122,0.8489,0.877,0.9014,0.9208,0.9401,0.9551,0.9664,0.9765,0.9841,0.9883,0.9924,0.9933,0.9928,0.9911,0.9874,0.9805,0.9721,0.9598,0.9398,0.9187,0.8945,0.8613,0.8158,0.7738,0.7259,0.6679,0.6148,0.5575,0.5014,0.44789999999999996,0.3952,0.3457,0.2984,0.25439999999999996,0.2178,0.17879999999999996,0.14649999999999996,0.118,0.09289999999999998,0.07289999999999996,0.05510000000000004,0.04149999999999998,0.03090000000000004,0.021700000000000053,0.014499999999999957,0.009700000000000042,0.006099999999999994,0.0041999999999999815,0.0024999999999999467,0.0014999999999999458,0.0009000000000000119,0.0004999999999999449,0.00029999999999996696,0.0,0.0,0.0,0.0,0.0,0.0,0.0,0.0,0.0,0.0,0.0,0.0,0.0,0.0,0.0,0.0,0.0,0.0,0.0,0.0,0.0,0.0,0.0,0.0,0.0,0.0,0.0,0.0,0.0,0.0,0.0,0.0,0.0,0.0,0.0,0.0,0.0,0.0,0.0,0.0,0.0,0.0,0.0,0.0,0.0,0.0,0.0,0.0,0.0,0.0,0.0,0.0,0.0,0.0,0.0,0.0,0.0,0.0,0.0,0.0,0.0,0.0,0.0,0.0,0.0,0.0,0.0,0.0,0.0,0.0,0.0,0.0,0.0,0.0,0.0,0.0,0.0,0.0,0.0,0.0,0.0,0.0,0.0,0.0,0.0,0.0,0.0,0.0,0.0,0.0,0.0,0.0,0.0,0.0,0.0,0.0,0.0,0.0,0.0,0.0,0.0,0.0,0.0,0.0,0.0,0.0,0.0,0.0,0.0,0.0,0.0,0.0,0.0,0.0,0.0,0.0005440696409140244,0.0005440696409140244,0.0016322089227420733,0.003808487486398282,0.008705114254624613,0.016322089227421066,0.030467899891186034,0.07181719260065289,0.15125136017410235,0.2372143634385201,0.34004352557127304,0.46028291621327533,0.5669205658324266,0.6708378672470077,0.7676822633297062,0.85310119695321,0.9047878128400435,0.9357997823721437,0.9657236126224157,0.9820457018498367,0.9880304678998912,0.9929270946681176,0.9967355821545157,0.998911860718172,0.999455930359086,0.999455930359086,1.0,1.0,1.0,1.0,1.0,0.9978237214363439,0.9940152339499456,0.9717083786724701,0.9036996735582155,0.7323177366702938,0.4678998911860719,0.2138193688792165,0.05603917301414585,0.013601741022850944,0.003808487486398282,0.0005440696409140244,0.0,0.0,0.0,0.0,0.0,0.0,0.0,0.0,0.0,0.0,0.0,0.0,0.0,0.0,0.0,0.0,0.0,0.0,0.0,0.0,0.0,0.0,0.0,0.0,0.0,0.0,0.0,0.0,0.0,0.0,0.0,0.0,0.0,0.0,0.0,0.0,0.0,0.0,0.0,0.0,0.0
-3.8547486033519553,0.0,0.0,0.0,0.0,0.0,0.0,0.0,0.0,0.0,0.0,0.0,0.0,0.0,0.0,0.0,0.0,0.0,0.0,0.0,0.0,0.0,0.0,0.0,0.0,0.0,0.0,0.0,0.0,0.0,0.0,0.0,0.0,0.0,0.0,0.0,0.0,9.999999999998899e-05,9.999999999998899e-05,0.00019999999999997797,0.00039999999999995595,0.0004999999999999449,0.0006000000000000449,0.0017000000000000348,0.0021999999999999797,0.0033999999999999586,0.005499999999999949,0.008499999999999952,0.0131,0.019399999999999973,0.029100000000000015,0.03980000000000006,0.05610000000000004,0.07730000000000004,0.10119999999999996,0.1301,0.16649999999999998,0.2067,0.25439999999999996,0.3077,0.3627,0.4240999999999999,0.4821,0.5364,0.594,0.6429,0.6912,0.7379,0.773,0.8114,0.8482,0.8761,0.901,0.9206,0.9398,0.9549,0.9664,0.9765,0.9839,0.9883,0.9922,0.9932,0.9926,0.9911,0.9873,0.9804,0.972,0.9594,0.9396,0.9183,0.8935,0.8606,0.8149,0.7734,0.7247,0.6666,0.6142,0.5569,0.4999,0.4469000000000001,0.3942,0.34430000000000005,0.2970999999999999,0.25350000000000006,0.21640000000000004,0.17799999999999994,0.14590000000000003,0.11770000000000003,0.09250000000000003,0.0726,0.05479999999999996,0.04149999999999998,0.03090000000000004,0.021499999999999964,0.01429999999999998,0.009700000000000042,0.005900000000000016,0.0041999999999999815,0.0024999999999999467,0.0014999999999999458,0.0008000000000000229,0.0004999999999999449,0.00029999999999996696,0.0,0.0,0.0,0.0,0.0,0.0,0.0,0.0,0.0,0.0,0.0,0.0,0.0,0.0,0.0,0.0,0.0,0.0,0.0,0.0,0.0,0.0,0.0,0.0,0.0,0.0,0.0,0.0,0.0,0.0,0.0,0.0,0.0,0.0,0.0,0.0,0.0,0.0,0.0,0.0,0.0,0.0,0.0,0.0,0.0,0.0,0.0,0.0,0.0,0.0,0.0,0.0,0.0,0.0,0.0,0.0,0.0,0.0,0.0,0.0,0.0,0.0,0.0,0.0,0.0,0.0,0.0,0.0,0.0,0.0,0.0,0.0,0.0,0.0,0.0,0.0,0.0,0.0,0.0,0.0,0.0,0.0,0.0,0.0,0.0,0.0,0.0,0.0,0.0,0.0,0.0,0.0,0.0,0.0,0.0,0.0,0.0,0.0,0.0,0.0,0.0,0.0,0.0,0.0,0.0,0.0,0.0,0.0,0.0,0.0,0.0,0.0,0.0,0.0,0.0,0.0005440696409140244,0.0005440696409140244,0.0016322089227420733,0.0032644178454842576,0.008705114254624613,0.016322089227421066,0.030467899891186034,0.07072905331882484,0.14744287268770406,0.23667029379760607,0.3373231773667029,0.45810663764961923,0.5647442872687704,0.6681175190424374,0.763873775843308,0.8498367791077258,0.9036996735582155,0.9357997823721437,0.9651795429815017,0.9809575625680087,0.9880304678998912,0.9929270946681176,0.9967355821545157,0.998911860718172,0.999455930359086,0.999455930359086,1.0,1.0,1.0,1.0,1.0,0.9978237214363439,0.9923830250272034,0.971164309031556,0.9004352557127312,0.7252448313384113,0.46300326441784545,0.21055495103373234,0.054406964091403665,0.013601741022850944,0.003808487486398282,0.0005440696409140244,0.0,0.0,0.0,0.0,0.0,0.0,0.0,0.0,0.0,0.0,0.0,0.0,0.0,0.0,0.0,0.0,0.0,0.0,0.0,0.0,0.0,0.0,0.0,0.0,0.0,0.0,0.0,0.0,0.0,0.0,0.0,0.0,0.0,0.0,0.0,0.0,0.0,0.0,0.0,0.0,0.0
-3.810055865921788,0.0,0.0,0.0,0.0,0.0,0.0,0.0,0.0,0.0,0.0,0.0,0.0,0.0,0.0,0.0,0.0,0.0,0.0,0.0,0.0,0.0,0.0,0.0,0.0,0.0,0.0,0.0,0.0,0.0,0.0,0.0,0.0,0.0,0.0,0.0,0.0,9.999999999998899e-05,9.999999999998899e-05,0.00019999999999997797,0.00039999999999995595,0.0004999999999999449,0.0006000000000000449,0.0017000000000000348,0.0020999999999999908,0.0032999999999999696,0.00539999999999996,0.008499999999999952,0.012900000000000023,0.019399999999999973,0.028900000000000037,0.03939999999999999,0.055499999999999994,0.07669999999999999,0.10070000000000001,0.12970000000000004,0.16579999999999995,0.20609999999999995,0.25340000000000007,0.30689999999999995,0.361,0.4225,0.48160000000000003,0.5354,0.5932,0.6415,0.6898,0.7365,0.7718,0.8106,0.8474,0.8758,0.901,0.9203,0.9396,0.9545,0.9663,0.9762,0.9837,0.9883,0.9921,0.9932,0.9926,0.991,0.9873,0.9804,0.9717,0.9592,0.9392,0.9178,0.8924,0.8598,0.8142,0.7723,0.7235,0.666,0.613,0.5558,0.498,0.44609999999999994,0.3931,0.3435,0.2966,0.253,0.21589999999999998,0.1775,0.14539999999999997,0.11739999999999995,0.09199999999999997,0.07230000000000003,0.05449999999999999,0.04139999999999999,0.03069999999999995,0.021499999999999964,0.014100000000000001,0.009700000000000042,0.005900000000000016,0.0041999999999999815,0.0023999999999999577,0.0014999999999999458,0.0007000000000000339,0.0004999999999999449,0.00029999999999996696,0.0,0.0,0.0,0.0,0.0,0.0,0.0,0.0,0.0,0.0,0.0,0.0,0.0,0.0,0.0,0.0,0.0,0.0,0.0,0.0,0.0,0.0,0.0,0.0,0.0,0.0,0.0,0.0,0.0,0.0,0.0,0.0,0.0,0.0,0.0,0.0,0.0,0.0,0.0,0.0,0.0,0.0,0.0,0.0,0.0,0.0,0.0,0.0,0.0,0.0,0.0,0.0,0.0,0.0,0.0,0.0,0.0,0.0,0.0,0.0,0.0,0.0,0.0,0.0,0.0,0.0,0.0,0.0,0.0,0.0,0.0,0.0,0.0,0.0,0.0,0.0,0.0,0.0,0.0,0.0,0.0,0.0,0.0,0.0,0.0,0.0,0.0,0.0,0.0,0.0,0.0,0.0,0.0,0.0,0.0,0.0,0.0,0.0,0.0,0.0,0.0,0.0,0.0,0.0,0.0,0.0,0.0,0.0,0.0,0.0,0.0,0.0,0.0,0.0,0.0,0.0005440696409140244,0.0005440696409140244,0.0016322089227420733,0.0032644178454842576,0.008161044613710589,0.016322089227421066,0.02992383025027201,0.07072905331882484,0.14526659412404785,0.23449401523394997,0.33351468988030475,0.4537540805223068,0.5620239390642002,0.6664853101196954,0.7616974972796517,0.8482045701849836,0.9031556039173014,0.9347116430903155,0.9635473340587595,0.9798694232861807,0.9880304678998912,0.9929270946681176,0.9961915125136017,0.998911860718172,0.999455930359086,0.999455930359086,1.0,1.0,1.0,1.0,1.0,0.9978237214363439,0.9918389553862894,0.9678998911860718,0.8982589771490751,0.721436343852013,0.45647442872687705,0.20674646354733406,0.05223068552774757,0.01305767138193692,0.003808487486398282,0.0005440696409140244,0.0,0.0,0.0,0.0,0.0,0.0,0.0,0.0,0.0,0.0,0.0,0.0,0.0,0.0,0.0,0.0,0.0,0.0,0.0,0.0,0.0,0.0,0.0,0.0,0.0,0.0,0.0,0.0,0.0,0.0,0.0,0.0,0.0,0.0,0.0,0.0,0.0,0.0,0.0,0.0,0.0
-3.7653631284916202,0.0,0.0,0.0,0.0,0.0,0.0,0.0,0.0,0.0,0.0,0.0,0.0,0.0,0.0,0.0,0.0,0.0,0.0,0.0,0.0,0.0,0.0,0.0,0.0,0.0,0.0,0.0,0.0,0.0,0.0,0.0,0.0,0.0,0.0,0.0,0.0,9.999999999998899e-05,9.999999999998899e-05,0.00019999999999997797,0.00039999999999995595,0.0004999999999999449,0.0006000000000000449,0.0017000000000000348,0.0019000000000000128,0.0032999999999999696,0.00539999999999996,0.008499999999999952,0.012599999999999945,0.019299999999999984,0.028800000000000048,0.03920000000000001,0.055300000000000016,0.07620000000000005,0.10019999999999996,0.12919999999999998,0.1653,0.20530000000000004,0.25239999999999996,0.3057000000000001,0.36040000000000005,0.42100000000000004,0.47920000000000007,0.534,0.5924,0.6403,0.689,0.7357,0.771,0.8095,0.8468,0.8754,0.9007,0.9202,0.9393,0.9545,0.9659,0.9758,0.9835,0.9881,0.9919,0.9932,0.9925,0.991,0.9872,0.9802,0.9714,0.9586,0.9387,0.9173,0.892,0.8591,0.8133,0.7719,0.7227,0.6649,0.6121,0.5542,0.4966999999999999,0.4449000000000001,0.3921,0.34230000000000005,0.2957000000000001,0.2521,0.21499999999999997,0.1765,0.14500000000000002,0.11709999999999998,0.09160000000000001,0.07210000000000005,0.054200000000000026,0.041100000000000025,0.03059999999999996,0.021399999999999975,0.014100000000000001,0.009600000000000053,0.005900000000000016,0.0041999999999999815,0.0023999999999999577,0.0014999999999999458,0.0007000000000000339,0.0004999999999999449,0.00029999999999996696,0.0,0.0,0.0,0.0,0.0,0.0,0.0,0.0,0.0,0.0,0.0,0.0,0.0,0.0,0.0,0.0,0.0,0.0,0.0,0.0,0.0,0.0,0.0,0.0,0.0,0.0,0.0,0.0,0.0,0.0,0.0,0.0,0.0,0.0,0.0,0.0,0.0,0.0,0.0,0.0,0.0,0.0,0.0,0.0,0.0,0.0,0.0,0.0,0.0,0.0,0.0,0.0,0.0,0.0,0.0,0.0,0.0,0.0,0.0,0.0,0.0,0.0,0.0,0.0,0.0,0.0,0.0,0.0,0.0,0.0,0.0,0.0,0.0,0.0,0.0,0.0,0.0,0.0,0.0,0.0,0.0,0.0,0.0,0.0,0.0,0.0,0.0,0.0,0.0,0.0,0.0,0.0,0.0,0.0,0.0,0.0,0.0,0.0,0.0,0.0,0.0,0.0,0.0,0.0,0.0,0.0,0.0,0.0,0.0,0.0,0.0,0.0,0.0,0.0,0.0,0.0005440696409140244,0.0005440696409140244,0.0016322089227420733,0.0032644178454842576,0.008161044613710589,0.016322089227421066,0.02992383025027201,0.06964091403699668,0.14309031556039176,0.23177366702937974,0.32970620239390636,0.4510337323177367,0.5565832426550599,0.6637649619151251,0.7589771490750816,0.8471164309031556,0.9009793253536452,0.9347116430903155,0.9619151251360174,0.9798694232861807,0.9880304678998912,0.9929270946681176,0.9961915125136017,0.998911860718172,0.999455930359086,0.999455930359086,1.0,1.0,1.0,1.0,0.999455930359086,0.9978237214363439,0.9907508161044614,0.9646354733405876,0.8939064200217628,0.7127312295973884,0.4494015233949946,0.20184983677910773,0.05059847660500538,0.01196953210010876,0.003808487486398282,0.0005440696409140244,0.0,0.0,0.0,0.0,0.0,0.0,0.0,0.0,0.0,0.0,0.0,0.0,0.0,0.0,0.0,0.0,0.0,0.0,0.0,0.0,0.0,0.0,0.0,0.0,0.0,0.0,0.0,0.0,0.0,0.0,0.0,0.0,0.0,0.0,0.0,0.0,0.0,0.0,0.0,0.0,0.0
-3.7206703910614523,0.0,0.0,0.0,0.0,0.0,0.0,0.0,0.0,0.0,0.0,0.0,0.0,0.0,0.0,0.0,0.0,0.0,0.0,0.0,0.0,0.0,0.0,0.0,0.0,0.0,0.0,0.0,0.0,0.0,0.0,0.0,0.0,0.0,0.0,0.0,0.0,9.999999999998899e-05,9.999999999998899e-05,0.00019999999999997797,0.00039999999999995595,0.0004999999999999449,0.0006000000000000449,0.0017000000000000348,0.0019000000000000128,0.0032999999999999696,0.005299999999999971,0.008499999999999952,0.012399999999999967,0.019199999999999995,0.02859999999999996,0.03920000000000001,0.05469999999999997,0.07599999999999996,0.09960000000000002,0.12819999999999998,0.16490000000000005,0.20479999999999998,0.2511,0.3045,0.35929999999999995,0.41969999999999996,0.47720000000000007,0.5326,0.5909,0.6387,0.6878,0.7346,0.7701,0.8087,0.8463,0.8746,0.9002,0.9197,0.939,0.9541,0.9657,0.9757,0.9833,0.988,0.9916,0.9932,0.9924,0.9908,0.9871,0.9802,0.9711,0.9583,0.9384,0.9166,0.8911,0.8577,0.8124,0.7707,0.7217,0.6642,0.6105,0.5529,0.49560000000000004,0.4437,0.3902,0.3405,0.2936000000000001,0.25140000000000007,0.21419999999999995,0.17610000000000003,0.14439999999999997,0.11619999999999997,0.09130000000000005,0.07169999999999999,0.05400000000000005,0.04059999999999997,0.030200000000000005,0.021199999999999997,0.013900000000000023,0.009600000000000053,0.005900000000000016,0.0040999999999999925,0.0023999999999999577,0.0014999999999999458,0.0007000000000000339,0.0004999999999999449,0.00019999999999997797,0.0,0.0,0.0,0.0,0.0,0.0,0.0,0.0,0.0,0.0,0.0,0.0,0.0,0.0,0.0,0.0,0.0,0.0,0.0,0.0,0.0,0.0,0.0,0.0,0.0,0.0,0.0,0.0,0.0,0.0,0.0,0.0,0.0,0.0,0.0,0.0,0.0,0.0,0.0,0.0,0.0,0.0,0.0,0.0,0.0,0.0,0.0,0.0,0.0,0.0,0.0,0.0,0.0,0.0,0.0,0.0,0.0,0.0,0.0,0.0,0.0,0.0,0.0,0.0,0.0,0.0,0.0,0.0,0.0,0.0,0.0,0.0,0.0,0.0,0.0,0.0,0.0,0.0,0.0,0.0,0.0,0.0,0.0,0.0,0.0,0.0,0.0,0.0,0.0,0.0,0.0,0.0,0.0,0.0,0.0,0.0,0.0,0.0,0.0,0.0,0.0,0.0,0.0,0.0,0.0,0.0,0.0,0.0,0.0,0.0,0.0,0.0,0.0,0.0,0.0,0.0005440696409140244,0.0005440696409140244,0.0016322089227420733,0.0032644178454842576,0.008161044613710589,0.016322089227421066,0.029379760609357986,0.06855277475516863,0.1420021762785637,0.23014145810663766,0.32752992383025026,0.4450489662676822,0.5544069640914037,0.661588683351469,0.7573449401523396,0.8427638737758433,0.9009793253536452,0.9336235038084875,0.9602829162132753,0.9798694232861807,0.9880304678998912,0.9929270946681176,0.9961915125136017,0.998911860718172,0.999455930359086,0.999455930359086,1.0,1.0,1.0,1.0,0.999455930359086,0.9978237214363439,0.9902067464635473,0.9630032644178455,0.8884657236126224,0.7089227421109902,0.4423286180631121,0.19640914036996737,0.049510337323177334,0.01196953210010876,0.003808487486398282,0.0005440696409140244,0.0,0.0,0.0,0.0,0.0,0.0,0.0,0.0,0.0,0.0,0.0,0.0,0.0,0.0,0.0,0.0,0.0,0.0,0.0,0.0,0.0,0.0,0.0,0.0,0.0,0.0,0.0,0.0,0.0,0.0,0.0,0.0,0.0,0.0,0.0,0.0,0.0,0.0,0.0,0.0,0.0
-3.6759776536312847,0.0,0.0,0.0,0.0,0.0,0.0,0.0,0.0,0.0,0.0,0.0,0.0,0.0,0.0,0.0,0.0,0.0,0.0,0.0,0.0,0.0,0.0,0.0,0.0,0.0,0.0,0.0,0.0,0.0,0.0,0.0,0.0,0.0,0.0,0.0,0.0,9.999999999998899e-05,9.999999999998899e-05,0.00019999999999997797,0.00039999999999995595,0.0004999999999999449,0.0006000000000000449,0.0016000000000000458,0.0019000000000000128,0.0032999999999999696,0.005199999999999982,0.008399999999999963,0.012299999999999978,0.018900000000000028,0.028299999999999992,0.038799999999999946,0.05400000000000005,0.0756,0.0988,0.12739999999999996,0.16470000000000007,0.20389999999999997,0.24970000000000003,0.3035,0.3582000000000001,0.4183,0.4767,0.5313,0.5898,0.6375,0.6864,0.7334,0.7693,0.8078,0.8453,0.8736,0.8997,0.919,0.9387,0.9534,0.9654,0.9755,0.9832,0.9878,0.9914,0.993,0.9922,0.9907,0.9869,0.9801,0.971,0.9579,0.9378,0.9161,0.8906,0.8563,0.8118,0.7696,0.7201,0.6627,0.609,0.552,0.49449999999999994,0.44199999999999995,0.3889,0.3399,0.29269999999999996,0.25029999999999997,0.2137,0.17500000000000004,0.14329999999999998,0.11560000000000004,0.0907,0.07099999999999995,0.05359999999999998,0.03990000000000005,0.030000000000000027,0.02100000000000002,0.013700000000000045,0.009299999999999975,0.005900000000000016,0.0040999999999999925,0.0023999999999999577,0.0014999999999999458,0.0007000000000000339,0.0004999999999999449,0.00019999999999997797,0.0,0.0,0.0,0.0,0.0,0.0,0.0,0.0,0.0,0.0,0.0,0.0,0.0,0.0,0.0,0.0,0.0,0.0,0.0,0.0,0.0,0.0,0.0,0.0,0.0,0.0,0.0,0.0,0.0,0.0,0.0,0.0,0.0,0.0,0.0,0.0,0.0,0.0,0.0,0.0,0.0,0.0,0.0,0.0,0.0,0.0,0.0,0.0,0.0,0.0,0.0,0.0,0.0,0.0,0.0,0.0,0.0,0.0,0.0,0.0,0.0,0.0,0.0,0.0,0.0,0.0,0.0,0.0,0.0,0.0,0.0,0.0,0.0,0.0,0.0,0.0,0.0,0.0,0.0,0.0,0.0,0.0,0.0,0.0,0.0,0.0,0.0,0.0,0.0,0.0,0.0,0.0,0.0,0.0,0.0,0.0,0.0,0.0,0.0,0.0,0.0,0.0,0.0,0.0,0.0,0.0,0.0,0.0,0.0,0.0,0.0,0.0,0.0,0.0,0.0,0.0005440696409140244,0.0005440696409140244,0.0016322089227420733,0.0032644178454842576,0.008161044613710589,0.016322089227421066,0.029379760609357986,0.06692056583242656,0.14091403699673555,0.22905331882480962,0.3258977149075082,0.440152339499456,0.5522306855277476,0.6577801958650707,0.7540805223068553,0.838411316648531,0.8993471164309031,0.9336235038084875,0.9602829162132753,0.9787812840043526,0.9880304678998912,0.9929270946681176,0.9961915125136017,0.998911860718172,0.999455930359086,0.999455930359086,1.0,1.0,1.0,1.0,0.999455930359086,0.9972796517954298,0.9902067464635473,0.9608269858541894,0.8803046789989118,0.7013057671381937,0.4341675734494015,0.19151251360174104,0.04678998911860721,0.01088139281828071,0.003808487486398282,0.0005440696409140244,0.0,0.0,0.0,0.0,0.0,0.0,0.0,0.0,0.0,0.0,0.0,0.0,0.0,0.0,0.0,0.0,0.0,0.0,0.0,0.0,0.0,0.0,0.0,0.0,0.0,0.0,0.0,0.0,0.0,0.0,0.0,0.0,0.0,0.0,0.0,0.0,0.0,0.0,0.0,0.0,0.0
-3.631284916201117,0.0,0.0,0.0,0.0,0.0,0.0,0.0,0.0,0.0,0.0,0.0,0.0,0.0,0.0,0.0,0.0,0.0,0.0,0.0,0.0,0.0,0.0,0.0,0.0,0.0,0.0,0.0,0.0,0.0,0.0,0.0,0.0,0.0,0.0,0.0,0.0,9.999999999998899e-05,9.999999999998899e-05,0.00019999999999997797,0.00039999999999995595,0.0004999999999999449,0.0006000000000000449,0.0014999999999999458,0.0019000000000000128,0.0032999999999999696,0.0050000000000000044,0.008199999999999985,0.012199999999999989,0.01870000000000005,0.027900000000000036,0.03869999999999996,0.05369999999999997,0.07509999999999994,0.09840000000000004,0.12660000000000005,0.1634,0.20140000000000002,0.24849999999999994,0.30210000000000004,0.35660000000000003,0.41690000000000005,0.4751000000000001,0.5299,0.5884,0.6368,0.6858,0.7324,0.7683,0.8074,0.8447,0.8726,0.899,0.9187,0.938,0.9532,0.9651,0.9754,0.9831,0.9877,0.9914,0.993,0.9921,0.9906,0.9866,0.9798,0.9708,0.9576,0.9373,0.9157,0.8893,0.855,0.8109,0.7685,0.7185,0.6608,0.6082,0.5507,0.4932000000000001,0.4403,0.38759999999999994,0.3389,0.29170000000000007,0.2501,0.2126,0.17420000000000002,0.14280000000000004,0.11450000000000005,0.09020000000000006,0.0706,0.05349999999999999,0.03969999999999996,0.02980000000000005,0.02059999999999995,0.013299999999999979,0.009199999999999986,0.005900000000000016,0.0040999999999999925,0.0022999999999999687,0.0014999999999999458,0.0007000000000000339,0.0004999999999999449,0.00019999999999997797,0.0,0.0,0.0,0.0,0.0,0.0,0.0,0.0,0.0,0.0,0.0,0.0,0.0,0.0,0.0,0.0,0.0,0.0,0.0,0.0,0.0,0.0,0.0,0.0,0.0,0.0,0.0,0.0,0.0,0.0,0.0,0.0,0.0,0.0,0.0,0.0,0.0,0.0,0.0,0.0,0.0,0.0,0.0,0.0,0.0,0.0,0.0,0.0,0.0,0.0,0.0,0.0,0.0,0.0,0.0,0.0,0.0,0.0,0.0,0.0,0.0,0.0,0.0,0.0,0.0,0.0,0.0,0.0,0.0,0.0,0.0,0.0,0.0,0.0,0.0,0.0,0.0,0.0,0.0,0.0,0.0,0.0,0.0,0.0,0.0,0.0,0.0,0.0,0.0,0.0,0.0,0.0,0.0,0.0,0.0,0.0,0.0,0.0,0.0,0.0,0.0,0.0,0.0,0.0,0.0,0.0,0.0,0.0,0.0,0.0,0.0,0.0,0.0,0.0,0.0,0.0005440696409140244,0.0005440696409140244,0.0016322089227420733,0.0032644178454842576,0.008161044613710589,0.016322089227421066,0.02883569096844396,0.06474428726877046,0.1376496191512514,0.22578890097932536,0.3242655059847661,0.4368879216539717,0.5484221980413493,0.6534276387377584,0.749727965179543,0.8362350380848749,0.8977149075081611,0.9325353645266594,0.9586507072905331,0.9787812840043526,0.9874863982589771,0.9923830250272034,0.9961915125136017,0.998911860718172,0.999455930359086,0.999455930359086,0.999455930359086,1.0,1.0,1.0,0.999455930359086,0.9972796517954298,0.9902067464635473,0.9586507072905331,0.8743199129488575,0.6947769314472253,0.4260065288356909,0.18498367791077253,0.04624591947769319,0.01088139281828071,0.0032644178454842576,0.0005440696409140244,0.0,0.0,0.0,0.0,0.0,0.0,0.0,0.0,0.0,0.0,0.0,0.0,0.0,0.0,0.0,0.0,0.0,0.0,0.0,0.0,0.0,0.0,0.0,0.0,0.0,0.0,0.0,0.0,0.0,0.0,0.0,0.0,0.0,0.0,0.0,0.0,0.0,0.0,0.0,0.0,0.0
-3.5865921787709496,0.0,0.0,0.0,0.0,0.0,0.0,0.0,0.0,0.0,0.0,0.0,0.0,0.0,0.0,0.0,0.0,0.0,0.0,0.0,0.0,0.0,0.0,0.0,0.0,0.0,0.0,0.0,0.0,0.0,0.0,0.0,0.0,0.0,0.0,0.0,0.0,9.999999999998899e-05,9.999999999998899e-05,0.00019999999999997797,0.00039999999999995595,0.0004999999999999449,0.0006000000000000449,0.0013999999999999568,0.0019000000000000128,0.0032999999999999696,0.0049000000000000155,0.008000000000000007,0.0121,0.01849999999999996,0.027699999999999947,0.03839999999999999,0.053200000000000025,0.0746,0.09760000000000002,0.12549999999999994,0.16249999999999998,0.20019999999999993,0.24729999999999996,0.3005,0.35529999999999995,0.41569999999999996,0.47340000000000004,0.5286,0.5868,0.6359,0.6851,0.731,0.7671,0.8062,0.8437,0.8717,0.8985,0.9183,0.9377,0.9528,0.965,0.9754,0.9827,0.9875,0.9913,0.9929,0.992,0.9905,0.9864,0.9796,0.9707,0.9573,0.9366,0.9149,0.889,0.8537,0.81,0.7676,0.7173,0.6593,0.6064,0.5486,0.4921,0.4383,0.38670000000000004,0.3379,0.2903,0.2489,0.2117,0.1733,0.14200000000000002,0.11399999999999999,0.09020000000000006,0.07020000000000004,0.053300000000000014,0.039100000000000024,0.02959999999999996,0.020399999999999974,0.013299999999999979,0.009099999999999997,0.005900000000000016,0.0040999999999999925,0.0022999999999999687,0.0014999999999999458,0.0007000000000000339,0.0004999999999999449,9.999999999998899e-05,0.0,0.0,0.0,0.0,0.0,0.0,0.0,0.0,0.0,0.0,0.0,0.0,0.0,0.0,0.0,0.0,0.0,0.0,0.0,0.0,0.0,0.0,0.0,0.0,0.0,0.0,0.0,0.0,0.0,0.0,0.0,0.0,0.0,0.0,0.0,0.0,0.0,0.0,0.0,0.0,0.0,0.0,0.0,0.0,0.0,0.0,0.0,0.0,0.0,0.0,0.0,0.0,0.0,0.0,0.0,0.0,0.0,0.0,0.0,0.0,0.0,0.0,0.0,0.0,0.0,0.0,0.0,0.0,0.0,0.0,0.0,0.0,0.0,0.0,0.0,0.0,0.0,0.0,0.0,0.0,0.0,0.0,0.0,0.0,0.0,0.0,0.0,0.0,0.0,0.0,0.0,0.0,0.0,0.0,0.0,0.0,0.0,0.0,0.0,0.0,0.0,0.0,0.0,0.0,0.0,0.0,0.0,0.0,0.0,0.0,0.0,0.0,0.0,0.0,0.0,0.0005440696409140244,0.0005440696409140244,0.0010881392818280489,0.0032644178454842576,0.008161044613710589,0.01577801958650704,0.02883569096844396,0.0636561479869423,0.13438520130576714,0.22415669205658317,0.32100108813928185,0.4341675734494015,0.543525571273123,0.6512513601741022,0.7470076169749728,0.8329706202393906,0.8960826985854189,0.9325353645266594,0.9581066376496191,0.9782372143634385,0.9869423286180631,0.9923830250272034,0.9961915125136017,0.9983677910772579,0.999455930359086,0.999455930359086,0.999455930359086,1.0,1.0,1.0,0.999455930359086,0.9972796517954298,0.9885745375408053,0.9570184983677911,0.8683351468988031,0.6855277475516867,0.4194776931447226,0.17627856365614802,0.044613710554951,0.010337323177366686,0.002720348204570233,0.0005440696409140244,0.0,0.0,0.0,0.0,0.0,0.0,0.0,0.0,0.0,0.0,0.0,0.0,0.0,0.0,0.0,0.0,0.0,0.0,0.0,0.0,0.0,0.0,0.0,0.0,0.0,0.0,0.0,0.0,0.0,0.0,0.0,0.0,0.0,0.0,0.0,0.0,0.0,0.0,0.0,0.0,0.0
-3.541899441340782,0.0,0.0,0.0,0.0,0.0,0.0,0.0,0.0,0.0,0.0,0.0,0.0,0.0,0.0,0.0,0.0,0.0,0.0,0.0,0.0,0.0,0.0,0.0,0.0,0.0,0.0,0.0,0.0,0.0,0.0,0.0,0.0,0.0,0.0,0.0,0.0,0.0,9.999999999998899e-05,0.00019999999999997797,0.00039999999999995595,0.0004999999999999449,0.0006000000000000449,0.0012999999999999678,0.0019000000000000128,0.0032999999999999696,0.0048000000000000265,0.007800000000000029,0.011900000000000022,0.018199999999999994,0.02749999999999997,0.037900000000000045,0.05289999999999995,0.07389999999999997,0.09689999999999999,0.12460000000000004,0.1613,0.19920000000000004,0.24609999999999999,0.29889999999999994,0.3539,0.4139999999999999,0.47219999999999995,0.5265,0.5854,0.6347,0.6837,0.7298,0.7663,0.8054,0.843,0.8708,0.8975,0.9178,0.9372,0.9525,0.9647,0.9752,0.9825,0.9874,0.9913,0.9929,0.9919,0.9904,0.9863,0.9794,0.9705,0.957,0.9356,0.9144,0.8884,0.8524,0.8089,0.7657,0.7153,0.6577,0.6051,0.5473,0.4909,0.4373,0.3853,0.3365,0.2889999999999999,0.24849999999999994,0.2106,0.17269999999999996,0.14149999999999996,0.11280000000000001,0.08979999999999999,0.06989999999999996,0.05289999999999995,0.039000000000000035,0.029200000000000004,0.020399999999999974,0.013000000000000012,0.008900000000000019,0.005800000000000027,0.0040999999999999925,0.0022999999999999687,0.0014999999999999458,0.0007000000000000339,0.0004999999999999449,9.999999999998899e-05,0.0,0.0,0.0,0.0,0.0,0.0,0.0,0.0,0.0,0.0,0.0,0.0,0.0,0.0,0.0,0.0,0.0,0.0,0.0,0.0,0.0,0.0,0.0,0.0,0.0,0.0,0.0,0.0,0.0,0.0,0.0,0.0,0.0,0.0,0.0,0.0,0.0,0.0,0.0,0.0,0.0,0.0,0.0,0.0,0.0,0.0,0.0,0.0,0.0,0.0,0.0,0.0,0.0,0.0,0.0,0.0,0.0,0.0,0.0,0.0,0.0,0.0,0.0,0.0,0.0,0.0,0.0,0.0,0.0,0.0,0.0,0.0,0.0,0.0,0.0,0.0,0.0,0.0,0.0,0.0,0.0,0.0,0.0,0.0,0.0,0.0,0.0,0.0,0.0,0.0,0.0,0.0,0.0,0.0,0.0,0.0,0.0,0.0,0.0,0.0,0.0,0.0,0.0,0.0,0.0,0.0,0.0,0.0,0.0,0.0,0.0,0.0,0.0,0.0,0.0,0.0005440696409140244,0.0005440696409140244,0.0005440696409140244,0.0032644178454842576,0.008161044613710589,0.015233949945593017,0.02883569096844396,0.06311207834602828,0.13220892274211105,0.22198041349292708,0.31936887921653967,0.42927094668117527,0.5380848748639826,0.6474428726877041,0.7453754080522307,0.8280739934711643,0.8928182807399347,0.9303590859630033,0.956474428726877,0.9760609357997824,0.985854189336235,0.9923830250272034,0.9956474428726877,0.9978237214363439,0.999455930359086,0.999455930359086,0.999455930359086,1.0,1.0,0.999455930359086,0.999455930359086,0.9972796517954298,0.9874863982589771,0.955930359085963,0.8618063112078346,0.675734494015234,0.41022850924918397,0.1713819368879217,0.044613710554951,0.008161044613710589,0.0021762785636560977,0.0005440696409140244,0.0,0.0,0.0,0.0,0.0,0.0,0.0,0.0,0.0,0.0,0.0,0.0,0.0,0.0,0.0,0.0,0.0,0.0,0.0,0.0,0.0,0.0,0.0,0.0,0.0,0.0,0.0,0.0,0.0,0.0,0.0,0.0,0.0,0.0,0.0,0.0,0.0,0.0,0.0,0.0,0.0
-3.4972067039106145,0.0,0.0,0.0,0.0,0.0,0.0,0.0,0.0,0.0,0.0,0.0,0.0,0.0,0.0,0.0,0.0,0.0,0.0,0.0,0.0,0.0,0.0,0.0,0.0,0.0,0.0,0.0,0.0,0.0,0.0,0.0,0.0,0.0,0.0,0.0,0.0,0.0,9.999999999998899e-05,0.00019999999999997797,0.00039999999999995595,0.0004999999999999449,0.0006000000000000449,0.0011999999999999789,0.0019000000000000128,0.0031999999999999806,0.0048000000000000265,0.00770000000000004,0.011900000000000022,0.018199999999999994,0.027200000000000002,0.037699999999999956,0.05230000000000001,0.07299999999999995,0.09589999999999999,0.12370000000000003,0.1604,0.19730000000000003,0.24540000000000006,0.2975,0.3527,0.4121,0.4699,0.5244,0.5838,0.6329,0.6819,0.7286,0.7647,0.8042,0.8418,0.87,0.8962,0.9172,0.9364,0.9519,0.9646,0.9751,0.9823,0.9873,0.9912,0.9928,0.9918,0.9901,0.9861,0.9791,0.9703,0.9563,0.935,0.9138,0.887,0.8508,0.8077,0.7643,0.7137,0.656,0.6033,0.5458,0.4887,0.43599999999999994,0.38470000000000004,0.33499999999999996,0.2871,0.24680000000000002,0.2096,0.17199999999999993,0.14070000000000005,0.11229999999999996,0.08950000000000002,0.06930000000000003,0.05230000000000001,0.03869999999999996,0.029100000000000015,0.020299999999999985,0.012800000000000034,0.00880000000000003,0.005700000000000038,0.0040999999999999925,0.0021999999999999797,0.0014999999999999458,0.0007000000000000339,0.0004999999999999449,9.999999999998899e-05,0.0,0.0,0.0,0.0,0.0,0.0,0.0,0.0,0.0,0.0,0.0,0.0,0.0,0.0,0.0,0.0,0.0,0.0,0.0,0.0,0.0,0.0,0.0,0.0,0.0,0.0,0.0,0.0,0.0,0.0,0.0,0.0,0.0,0.0,0.0,0.0,0.0,0.0,0.0,0.0,0.0,0.0,0.0,0.0,0.0,0.0,0.0,0.0,0.0,0.0,0.0,0.0,0.0,0.0,0.0,0.0,0.0,0.0,0.0,0.0,0.0,0.0,0.0,0.0,0.0,0.0,0.0,0.0,0.0,0.0,0.0,0.0,0.0,0.0,0.0,0.0,0.0,0.0,0.0,0.0,0.0,0.0,0.0,0.0,0.0,0.0,0.0,0.0,0.0,0.0,0.0,0.0,0.0,0.0,0.0,0.0,0.0,0.0,0.0,0.0,0.0,0.0,0.0,0.0,0.0,0.0,0.0,0.0,0.0,0.0,0.0,0.0,0.0,0.0,0.0,0.0005440696409140244,0.0005440696409140244,0.0005440696409140244,0.0032644178454842576,0.008161044613710589,0.015233949945593017,0.028291621327529937,0.061479869423286204,0.13003264417845484,0.21653971708378672,0.3155603917301415,0.4243743199129488,0.5359085963003264,0.6414581066376496,0.7393906420021763,0.824265505984766,0.8884657236126224,0.9281828073993471,0.955930359085963,0.9744287268770403,0.985854189336235,0.9923830250272034,0.9956474428726877,0.9978237214363439,0.999455930359086,0.999455930359086,0.999455930359086,0.999455930359086,1.0,0.999455930359086,0.9983677910772579,0.9972796517954298,0.9863982589771491,0.9526659412404788,0.8574537540805223,0.6621327529923831,0.40152339499455936,0.16213275299238306,0.044613710554951,0.008161044613710589,0.0021762785636560977,0.0005440696409140244,0.0,0.0,0.0,0.0,0.0,0.0,0.0,0.0,0.0,0.0,0.0,0.0,0.0,0.0,0.0,0.0,0.0,0.0,0.0,0.0,0.0,0.0,0.0,0.0,0.0,0.0,0.0,0.0,0.0,0.0,0.0,0.0,0.0,0.0,0.0,0.0,0.0,0.0,0.0,0.0,0.0
-3.452513966480447,0.0,0.0,0.0,0.0,0.0,0.0,0.0,0.0,0.0,0.0,0.0,0.0,0.0,0.0,0.0,0.0,0.0,0.0,0.0,0.0,0.0,0.0,0.0,0.0,0.0,0.0,0.0,0.0,0.0,0.0,0.0,0.0,0.0,0.0,0.0,0.0,0.0,9.999999999998899e-05,0.00019999999999997797,0.00039999999999995595,0.0004999999999999449,0.0006000000000000449,0.0011999999999999789,0.0019000000000000128,0.0031999999999999806,0.0048000000000000265,0.00770000000000004,0.011900000000000022,0.017900000000000027,0.026699999999999946,0.03739999999999999,0.05159999999999998,0.0726,0.09519999999999995,0.12329999999999997,0.15880000000000005,0.19620000000000004,0.24419999999999997,0.29600000000000004,0.351,0.40979999999999994,0.46819999999999995,0.5233,0.5825,0.6317,0.6805,0.7278,0.764,0.8025,0.8408,0.8687,0.8956,0.9166,0.9359,0.9514,0.9643,0.975,0.9822,0.9872,0.9911,0.9926,0.9918,0.9897,0.9859,0.9789,0.9698,0.9561,0.9345,0.9131,0.8858,0.8497,0.8069,0.7625,0.7115,0.6547,0.6008,0.5438,0.48649999999999993,0.4346,0.3832,0.33230000000000004,0.28580000000000005,0.24619999999999997,0.20779999999999998,0.17159999999999997,0.14029999999999998,0.11109999999999998,0.08889999999999998,0.06889999999999996,0.052000000000000046,0.03859999999999997,0.028699999999999948,0.020199999999999996,0.012800000000000034,0.008600000000000052,0.005700000000000038,0.0040999999999999925,0.0021999999999999797,0.0013999999999999568,0.0007000000000000339,0.0004999999999999449,0.0,0.0,0.0,0.0,0.0,0.0,0.0,0.0,0.0,0.0,0.0,0.0,0.0,0.0,0.0,0.0,0.0,0.0,0.0,0.0,0.0,0.0,0.0,0.0,0.0,0.0,0.0,0.0,0.0,0.0,0.0,0.0,0.0,0.0,0.0,0.0,0.0,0.0,0.0,0.0,0.0,0.0,0.0,0.0,0.0,0.0,0.0,0.0,0.0,0.0,0.0,0.0,0.0,0.0,0.0,0.0,0.0,0.0,0.0,0.0,0.0,0.0,0.0,0.0,0.0,0.0,0.0,0.0,0.0,0.0,0.0,0.0,0.0,0.0,0.0,0.0,0.0,0.0,0.0,0.0,0.0,0.0,0.0,0.0,0.0,0.0,0.0,0.0,0.0,0.0,0.0,0.0,0.0,0.0,0.0,0.0,0.0,0.0,0.0,0.0,0.0,0.0,0.0,0.0,0.0,0.0,0.0,0.0,0.0,0.0,0.0,0.0,0.0,0.0,0.0,0.0,0.0005440696409140244,0.0005440696409140244,0.0005440696409140244,0.0032644178454842576,0.008161044613710589,0.014689880304678993,0.028291621327529937,0.05821545157780195,0.12785636561479863,0.21327529923830246,0.3133841131664853,0.4211099020674647,0.5315560391730142,0.6376496191512514,0.7366702937976061,0.8210010881392819,0.8868335146898803,0.9270946681175191,0.9521218715995647,0.9744287268770403,0.985310119695321,0.9912948857453754,0.9951033732317737,0.9972796517954298,0.999455930359086,0.999455930359086,0.999455930359086,0.999455930359086,0.999455930359086,0.999455930359086,0.9983677910772579,0.9967355821545157,0.984766050054407,0.9483133841131665,0.8514689880304679,0.6496191512513602,0.3917301414581067,0.15614798694232856,0.04298150163220893,0.007616974972796564,0.0021762785636560977,0.0005440696409140244,0.0,0.0,0.0,0.0,0.0,0.0,0.0,0.0,0.0,0.0,0.0,0.0,0.0,0.0,0.0,0.0,0.0,0.0,0.0,0.0,0.0,0.0,0.0,0.0,0.0,0.0,0.0,0.0,0.0,0.0,0.0,0.0,0.0,0.0,0.0,0.0,0.0,0.0,0.0,0.0,0.0
-3.4078212290502794,0.0,0.0,0.0,0.0,0.0,0.0,0.0,0.0,0.0,0.0,0.0,0.0,0.0,0.0,0.0,0.0,0.0,0.0,0.0,0.0,0.0,0.0,0.0,0.0,0.0,0.0,0.0,0.0,0.0,0.0,0.0,0.0,0.0,0.0,0.0,0.0,0.0,9.999999999998899e-05,0.00019999999999997797,0.00039999999999995595,0.00039999999999995595,0.0004999999999999449,0.0011999999999999789,0.0019000000000000128,0.0030999999999999917,0.0048000000000000265,0.007600000000000051,0.011800000000000033,0.01759999999999995,0.026499999999999968,0.036900000000000044,0.051100000000000034,0.07199999999999995,0.09420000000000006,0.12270000000000003,0.15759999999999996,0.1955,0.24270000000000003,0.2935,0.3494999999999999,0.40789999999999993,0.46629999999999994,0.5217,0.58,0.6299,0.6791,0.7257,0.7625,0.8015,0.8396,0.8682,0.8948,0.9162,0.9352,0.9511,0.9642,0.9747,0.9819,0.987,0.991,0.9926,0.9916,0.9895,0.9858,0.9786,0.969,0.9553,0.934,0.9127,0.8848,0.8482,0.8055,0.7613,0.7104,0.6532,0.5993,0.5426,0.48449999999999993,0.43300000000000005,0.38159999999999994,0.3307,0.28469999999999995,0.24509999999999998,0.2066,0.17090000000000005,0.13959999999999995,0.11009999999999998,0.08820000000000006,0.0685,0.05120000000000002,0.0383,0.028299999999999992,0.020000000000000018,0.012599999999999945,0.008499999999999952,0.005700000000000038,0.0040999999999999925,0.0021999999999999797,0.0013999999999999568,0.0007000000000000339,0.0004999999999999449,0.0,0.0,0.0,0.0,0.0,0.0,0.0,0.0,0.0,0.0,0.0,0.0,0.0,0.0,0.0,0.0,0.0,0.0,0.0,0.0,0.0,0.0,0.0,0.0,0.0,0.0,0.0,0.0,0.0,0.0,0.0,0.0,0.0,0.0,0.0,0.0,0.0,0.0,0.0,0.0,0.0,0.0,0.0,0.0,0.0,0.0,0.0,0.0,0.0,0.0,0.0,0.0,0.0,0.0,0.0,0.0,0.0,0.0,0.0,0.0,0.0,0.0,0.0,0.0,0.0,0.0,0.0,0.0,0.0,0.0,0.0,0.0,0.0,0.0,0.0,0.0,0.0,0.0,0.0,0.0,0.0,0.0,0.0,0.0,0.0,0.0,0.0,0.0,0.0,0.0,0.0,0.0,0.0,0.0,0.0,0.0,0.0,0.0,0.0,0.0,0.0,0.0,0.0,0.0,0.0,0.0,0.0,0.0,0.0,0.0,0.0,0.0,0.0,0.0,0.0,0.0,0.0,0.0005440696409140244,0.0005440696409140244,0.0032644178454842576,0.007616974972796564,0.014145810663764968,0.028291621327529937,0.05658324265505987,0.12622415669205655,0.21001088139281832,0.31011969532100103,0.41403699673558214,0.5244831338411317,0.6343852013057671,0.7306855277475517,0.8188248095756256,0.8857453754080522,0.9249183895538629,0.9504896626768227,0.9733405875952121,0.985310119695321,0.9912948857453754,0.9951033732317737,0.9967355821545157,0.998911860718172,0.999455930359086,0.999455930359086,0.999455930359086,0.999455930359086,0.999455930359086,0.9983677910772579,0.9956474428726877,0.9831338411316648,0.9434167573449401,0.8465723612622416,0.6392818280739935,0.38030467899891185,0.14907508161044614,0.042437431991294905,0.007616974972796564,0.0021762785636560977,0.0005440696409140244,0.0,0.0,0.0,0.0,0.0,0.0,0.0,0.0,0.0,0.0,0.0,0.0,0.0,0.0,0.0,0.0,0.0,0.0,0.0,0.0,0.0,0.0,0.0,0.0,0.0,0.0,0.0,0.0,0.0,0.0,0.0,0.0,0.0,0.0,0.0,0.0,0.0,0.0,0.0,0.0,0.0
-3.363128491620112,0.0,0.0,0.0,0.0,0.0,0.0,0.0,0.0,0.0,0.0,0.0,0.0,0.0,0.0,0.0,0.0,0.0,0.0,0.0,0.0,0.0,0.0,0.0,0.0,0.0,0.0,0.0,0.0,0.0,0.0,0.0,0.0,0.0,0.0,0.0,0.0,0.0,9.999999999998899e-05,0.00019999999999997797,0.00039999999999995595,0.00039999999999995595,0.0004999999999999449,0.0011999999999999789,0.0019000000000000128,0.0030000000000000027,0.0048000000000000265,0.007600000000000051,0.011800000000000033,0.01739999999999997,0.025599999999999956,0.036699999999999955,0.05049999999999999,0.07109999999999994,0.09350000000000003,0.12129999999999996,0.15569999999999995,0.1936,0.2409,0.29200000000000004,0.3477,0.4065,0.4646,0.5202,0.5783,0.6283,0.6776,0.724,0.7613,0.7993,0.8379,0.8674,0.8939,0.9156,0.9344,0.9507,0.9638,0.9747,0.9816,0.987,0.9906,0.9926,0.9914,0.9893,0.9853,0.978,0.9687,0.9546,0.9335,0.9115,0.8838,0.8469,0.8041,0.7592,0.7085,0.652,0.5977,0.5405,0.4827,0.43199999999999994,0.3796999999999999,0.32919999999999994,0.2829999999999999,0.24350000000000005,0.20550000000000002,0.16979999999999995,0.1391,0.10880000000000001,0.08740000000000003,0.06840000000000002,0.050799999999999956,0.037900000000000045,0.028200000000000003,0.01980000000000004,0.012299999999999978,0.008299999999999974,0.005600000000000049,0.0040999999999999925,0.0020000000000000018,0.0013999999999999568,0.0007000000000000339,0.0004999999999999449,0.0,0.0,0.0,0.0,0.0,0.0,0.0,0.0,0.0,0.0,0.0,0.0,0.0,0.0,0.0,0.0,0.0,0.0,0.0,0.0,0.0,0.0,0.0,0.0,0.0,0.0,0.0,0.0,0.0,0.0,0.0,0.0,0.0,0.0,0.0,0.0,0.0,0.0,0.0,0.0,0.0,0.0,0.0,0.0,0.0,0.0,0.0,0.0,0.0,0.0,0.0,0.0,0.0,0.0,0.0,0.0,0.0,0.0,0.0,0.0,0.0,0.0,0.0,0.0,0.0,0.0,0.0,0.0,0.0,0.0,0.0,0.0,0.0,0.0,0.0,0.0,0.0,0.0,0.0,0.0,0.0,0.0,0.0,0.0,0.0,0.0,0.0,0.0,0.0,0.0,0.0,0.0,0.0,0.0,0.0,0.0,0.0,0.0,0.0,0.0,0.0,0.0,0.0,0.0,0.0,0.0,0.0,0.0,0.0,0.0,0.0,0.0,0.0,0.0,0.0,0.0,0.0,0.0005440696409140244,0.0005440696409140244,0.0032644178454842576,0.007616974972796564,0.01305767138193692,0.027203482045701888,0.05603917301414585,0.12404787812840046,0.205658324265506,0.30413492927094676,0.40805223068552776,0.5223068552774756,0.6305767138193689,0.7263329706202394,0.8144722524483133,0.8835690968443961,0.9227421109902068,0.9488574537540805,0.9727965179542981,0.984766050054407,0.9912948857453754,0.9945593035908596,0.9967355821545157,0.998911860718172,0.999455930359086,0.999455930359086,0.999455930359086,0.999455930359086,0.999455930359086,0.9978237214363439,0.9951033732317737,0.9825897714907508,0.9396082698585418,0.8400435255712732,0.6322089227421109,0.37214363438520137,0.14309031556039176,0.040261153427638696,0.007616974972796564,0.0021762785636560977,0.0,0.0,0.0,0.0,0.0,0.0,0.0,0.0,0.0,0.0,0.0,0.0,0.0,0.0,0.0,0.0,0.0,0.0,0.0,0.0,0.0,0.0,0.0,0.0,0.0,0.0,0.0,0.0,0.0,0.0,0.0,0.0,0.0,0.0,0.0,0.0,0.0,0.0,0.0,0.0,0.0,0.0
-3.318435754189944,0.0,0.0,0.0,0.0,0.0,0.0,0.0,0.0,0.0,0.0,0.0,0.0,0.0,0.0,0.0,0.0,0.0,0.0,0.0,0.0,0.0,0.0,0.0,0.0,0.0,0.0,0.0,0.0,0.0,0.0,0.0,0.0,0.0,0.0,0.0,0.0,0.0,9.999999999998899e-05,0.00019999999999997797,0.00039999999999995595,0.00039999999999995595,0.0004999999999999449,0.0011999999999999789,0.0019000000000000128,0.0029000000000000137,0.0048000000000000265,0.007399999999999962,0.011499999999999955,0.017199999999999993,0.025399999999999978,0.03620000000000001,0.04959999999999998,0.07030000000000003,0.0928,0.12060000000000004,0.15510000000000002,0.19199999999999995,0.23919999999999997,0.2902,0.3457,0.40470000000000006,0.46229999999999993,0.5189,0.5772,0.627,0.6763,0.7231,0.7602,0.7983,0.8372,0.8666,0.8933,0.9144,0.934,0.9503,0.9635,0.9743,0.9813,0.9864,0.9904,0.9925,0.9913,0.9892,0.985,0.9778,0.9682,0.9539,0.933,0.9108,0.8834,0.8458,0.8029,0.758,0.7073,0.6503,0.5961,0.5383,0.4809,0.4302,0.37729999999999997,0.3277,0.2814,0.24180000000000001,0.20379999999999998,0.16890000000000005,0.1381,0.10799999999999998,0.08679999999999999,0.06740000000000002,0.0504,0.03759999999999997,0.027900000000000036,0.019399999999999973,0.0121,0.008299999999999974,0.005499999999999949,0.0040999999999999925,0.0020000000000000018,0.0013999999999999568,0.0007000000000000339,0.0004999999999999449,0.0,0.0,0.0,0.0,0.0,0.0,0.0,0.0,0.0,0.0,0.0,0.0,0.0,0.0,0.0,0.0,0.0,0.0,0.0,0.0,0.0,0.0,0.0,0.0,0.0,0.0,0.0,0.0,0.0,0.0,0.0,0.0,0.0,0.0,0.0,0.0,0.0,0.0,0.0,0.0,0.0,0.0,0.0,0.0,0.0,0.0,0.0,0.0,0.0,0.0,0.0,0.0,0.0,0.0,0.0,0.0,0.0,0.0,0.0,0.0,0.0,0.0,0.0,0.0,0.0,0.0,0.0,0.0,0.0,0.0,0.0,0.0,0.0,0.0,0.0,0.0,0.0,0.0,0.0,0.0,0.0,0.0,0.0,0.0,0.0,0.0,0.0,0.0,0.0,0.0,0.0,0.0,0.0,0.0,0.0,0.0,0.0,0.0,0.0,0.0,0.0,0.0,0.0,0.0,0.0,0.0,0.0,0.0,0.0,0.0,0.0,0.0,0.0,0.0,0.0,0.0,0.0,0.0005440696409140244,0.0005440696409140244,0.0032644178454842576,0.007616974972796564,0.012513601741022895,0.026659412404787863,0.05495103373231769,0.12132752992383022,0.2034820457018498,0.3008705114254624,0.40533188248095753,0.5195865070729053,0.6262241566920566,0.7219804134929271,0.809575625680087,0.8792165397170838,0.9216539717083787,0.9466811751904244,0.9727965179542981,0.9836779107725789,0.9902067464635473,0.9929270946681176,0.9961915125136017,0.998911860718172,0.999455930359086,0.999455930359086,0.999455930359086,0.999455930359086,0.999455930359086,0.9972796517954298,0.9940152339499456,0.9809575625680087,0.9347116430903155,0.8302502720348205,0.6191512513601741,0.3558215451577802,0.1376496191512514,0.03862894450489662,0.007616974972796564,0.0021762785636560977,0.0,0.0,0.0,0.0,0.0,0.0,0.0,0.0,0.0,0.0,0.0,0.0,0.0,0.0,0.0,0.0,0.0,0.0,0.0,0.0,0.0,0.0,0.0,0.0,0.0,0.0,0.0,0.0,0.0,0.0,0.0,0.0,0.0,0.0,0.0,0.0,0.0,0.0,0.0,0.0,0.0,0.0
-3.2737430167597763,0.0,0.0,0.0,0.0,0.0,0.0,0.0,0.0,0.0,0.0,0.0,0.0,0.0,0.0,0.0,0.0,0.0,0.0,0.0,0.0,0.0,0.0,0.0,0.0,0.0,0.0,0.0,0.0,0.0,0.0,0.0,0.0,0.0,0.0,0.0,0.0,0.0,9.999999999998899e-05,0.00019999999999997797,0.00039999999999995595,0.00039999999999995595,0.0004999999999999449,0.0011999999999999789,0.0019000000000000128,0.0028000000000000247,0.0047000000000000375,0.007199999999999984,0.011399999999999966,0.017000000000000015,0.02510000000000001,0.035699999999999954,0.048799999999999955,0.06920000000000004,0.09220000000000006,0.11929999999999996,0.15390000000000004,0.19009999999999994,0.238,0.2891,0.3439,0.4021,0.4598,0.5159,0.5755,0.6254,0.6745,0.7207,0.759,0.797,0.8353,0.8659,0.8921,0.9136,0.9335,0.9496,0.963,0.9739,0.981,0.9862,0.9902,0.9922,0.9911,0.989,0.9846,0.9778,0.9674,0.9532,0.9324,0.9105,0.8825,0.8437,0.8015,0.7555,0.7055,0.6482,0.5938,0.537,0.47829999999999995,0.42799999999999994,0.3756999999999999,0.32699999999999996,0.28049999999999997,0.24019999999999997,0.2027,0.16779999999999995,0.13639999999999997,0.10650000000000004,0.08579999999999999,0.06600000000000006,0.050000000000000044,0.03749999999999998,0.02749999999999997,0.019100000000000006,0.011900000000000022,0.008000000000000007,0.005499999999999949,0.0039000000000000146,0.0020000000000000018,0.0013999999999999568,0.0007000000000000339,0.0004999999999999449,0.0,0.0,0.0,0.0,0.0,0.0,0.0,0.0,0.0,0.0,0.0,0.0,0.0,0.0,0.0,0.0,0.0,0.0,0.0,0.0,0.0,0.0,0.0,0.0,0.0,0.0,0.0,0.0,0.0,0.0,0.0,0.0,0.0,0.0,0.0,0.0,0.0,0.0,0.0,0.0,0.0,0.0,0.0,0.0,0.0,0.0,0.0,0.0,0.0,0.0,0.0,0.0,0.0,0.0,0.0,0.0,0.0,0.0,0.0,0.0,0.0,0.0,0.0,0.0,0.0,0.0,0.0,0.0,0.0,0.0,0.0,0.0,0.0,0.0,0.0,0.0,0.0,0.0,0.0,0.0,0.0,0.0,0.0,0.0,0.0,0.0,0.0,0.0,0.0,0.0,0.0,0.0,0.0,0.0,0.0,0.0,0.0,0.0,0.0,0.0,0.0,0.0,0.0,0.0,0.0,0.0,0.0,0.0,0.0,0.0,0.0,0.0,0.0,0.0,0.0,0.0,0.0,0.0005440696409140244,0.0005440696409140244,0.0032644178454842576,0.007072905331882429,0.01196953210010876,0.026115342763873728,0.05386289445048964,0.11751904243743194,0.1991294885745376,0.29760609357997825,0.3998911860718172,0.515778019586507,0.6224156692056583,0.7187159956474428,0.8068552774755169,0.8770402611534276,0.9205658324265505,0.9445048966267682,0.970620239390642,0.9831338411316648,0.9880304678998912,0.9929270946681176,0.9961915125136017,0.998911860718172,0.999455930359086,0.999455930359086,0.999455930359086,0.999455930359086,0.999455930359086,0.9972796517954298,0.9929270946681176,0.9793253536452666,0.9309031556039173,0.8220892274211099,0.6006528835690969,0.34602829162132753,0.13112078346028289,0.03482045701849834,0.007616974972796564,0.0021762785636560977,0.0,0.0,0.0,0.0,0.0,0.0,0.0,0.0,0.0,0.0,0.0,0.0,0.0,0.0,0.0,0.0,0.0,0.0,0.0,0.0,0.0,0.0,0.0,0.0,0.0,0.0,0.0,0.0,0.0,0.0,0.0,0.0,0.0,0.0,0.0,0.0,0.0,0.0,0.0,0.0,0.0,0.0
-3.2290502793296088,0.0,0.0,0.0,0.0,0.0,0.0,0.0,0.0,0.0,0.0,0.0,0.0,0.0,0.0,0.0,0.0,0.0,0.0,0.0,0.0,0.0,0.0,0.0,0.0,0.0,0.0,0.0,0.0,0.0,0.0,0.0,0.0,0.0,0.0,0.0,0.0,0.0,9.999999999998899e-05,0.00019999999999997797,0.00039999999999995595,0.00039999999999995595,0.0004999999999999449,0.0011999999999999789,0.0019000000000000128,0.0028000000000000247,0.0047000000000000375,0.007099999999999995,0.011199999999999988,0.016700000000000048,0.024699999999999944,0.03539999999999999,0.04820000000000002,0.06810000000000005,0.09130000000000005,0.11780000000000002,0.1521,0.18879999999999997,0.23639999999999994,0.2876000000000001,0.34119999999999995,0.4001,0.4583999999999999,0.5133,0.573,0.6234,0.6723,0.7187,0.7576,0.7957,0.8341,0.8648,0.8909,0.9132,0.9325,0.9492,0.9626,0.9732,0.9806,0.9862,0.9897,0.9922,0.991,0.9887,0.9843,0.9775,0.967,0.9521,0.9316,0.9094,0.8809,0.8419,0.7989,0.7531,0.7039,0.6463,0.5913,0.5336,0.4757,0.42599999999999993,0.3738,0.32509999999999994,0.27869999999999995,0.23909999999999998,0.20140000000000002,0.16610000000000003,0.13549999999999995,0.10599999999999998,0.08499999999999996,0.06540000000000001,0.04930000000000001,0.03720000000000001,0.02739999999999998,0.01880000000000004,0.011900000000000022,0.007800000000000029,0.005299999999999971,0.0037000000000000366,0.0019000000000000128,0.0013999999999999568,0.0006000000000000449,0.00039999999999995595,0.0,0.0,0.0,0.0,0.0,0.0,0.0,0.0,0.0,0.0,0.0,0.0,0.0,0.0,0.0,0.0,0.0,0.0,0.0,0.0,0.0,0.0,0.0,0.0,0.0,0.0,0.0,0.0,0.0,0.0,0.0,0.0,0.0,0.0,0.0,0.0,0.0,0.0,0.0,0.0,0.0,0.0,0.0,0.0,0.0,0.0,0.0,0.0,0.0,0.0,0.0,0.0,0.0,0.0,0.0,0.0,0.0,0.0,0.0,0.0,0.0,0.0,0.0,0.0,0.0,0.0,0.0,0.0,0.0,0.0,0.0,0.0,0.0,0.0,0.0,0.0,0.0,0.0,0.0,0.0,0.0,0.0,0.0,0.0,0.0,0.0,0.0,0.0,0.0,0.0,0.0,0.0,0.0,0.0,0.0,0.0,0.0,0.0,0.0,0.0,0.0,0.0,0.0,0.0,0.0,0.0,0.0,0.0,0.0,0.0,0.0,0.0,0.0,0.0,0.0,0.0,0.0,0.0005440696409140244,0.0005440696409140244,0.0032644178454842576,0.007072905331882429,0.01196953210010876,0.026115342763873728,0.05168661588683354,0.1164309031556039,0.19532100108813932,0.2921653971708379,0.39336235038084877,0.5119695321001088,0.6158868335146899,0.7138193688792165,0.8014145810663765,0.8737758433079434,0.9189336235038085,0.941784548422198,0.969532100108814,0.9825897714907508,0.9880304678998912,0.9923830250272034,0.9961915125136017,0.9983677910772579,0.999455930359086,0.999455930359086,0.999455930359086,0.999455930359086,0.999455930359086,0.9972796517954298,0.9912948857453754,0.9766050054406964,0.9270946681175191,0.8122959738846572,0.5897714907508161,0.3351468988030468,0.12459194776931448,0.03318824809575627,0.007616974972796564,0.0021762785636560977,0.0,0.0,0.0,0.0,0.0,0.0,0.0,0.0,0.0,0.0,0.0,0.0,0.0,0.0,0.0,0.0,0.0,0.0,0.0,0.0,0.0,0.0,0.0,0.0,0.0,0.0,0.0,0.0,0.0,0.0,0.0,0.0,0.0,0.0,0.0,0.0,0.0,0.0,0.0,0.0,0.0,0.0
-3.184357541899441,0.0,0.0,0.0,0.0,0.0,0.0,0.0,0.0,0.0,0.0,0.0,0.0,0.0,0.0,0.0,0.0,0.0,0.0,0.0,0.0,0.0,0.0,0.0,0.0,0.0,0.0,0.0,0.0,0.0,0.0,0.0,0.0,0.0,0.0,0.0,0.0,0.0,9.999999999998899e-05,9.999999999998899e-05,0.00039999999999995595,0.00039999999999995595,0.0004999999999999449,0.0011999999999999789,0.0019000000000000128,0.0028000000000000247,0.0047000000000000375,0.006800000000000028,0.011199999999999988,0.016599999999999948,0.0242,0.03510000000000002,0.04710000000000003,0.06730000000000003,0.0907,0.11719999999999997,0.1502,0.18700000000000006,0.23439999999999994,0.2862,0.3393999999999999,0.39680000000000004,0.45589999999999997,0.5113,0.5709,0.6215,0.6711,0.7176,0.7564,0.7945,0.8316,0.8643,0.8899,0.9125,0.9316,0.9482,0.9621,0.9727,0.9803,0.9859,0.9894,0.9922,0.9909,0.9885,0.9837,0.9771,0.9666,0.9515,0.9306,0.908,0.8798,0.8401,0.7976,0.7506,0.701,0.6444,0.5891,0.5314,0.4737,0.4240999999999999,0.372,0.3232999999999999,0.27770000000000006,0.23760000000000003,0.20009999999999994,0.1642,0.13450000000000006,0.10519999999999996,0.08430000000000004,0.06420000000000003,0.048799999999999955,0.03649999999999998,0.026699999999999946,0.01849999999999996,0.011600000000000055,0.007800000000000029,0.005099999999999993,0.0036000000000000476,0.0019000000000000128,0.0013999999999999568,0.0006000000000000449,0.00039999999999995595,0.0,0.0,0.0,0.0,0.0,0.0,0.0,0.0,0.0,0.0,0.0,0.0,0.0,0.0,0.0,0.0,0.0,0.0,0.0,0.0,0.0,0.0,0.0,0.0,0.0,0.0,0.0,0.0,0.0,0.0,0.0,0.0,0.0,0.0,0.0,0.0,0.0,0.0,0.0,0.0,0.0,0.0,0.0,0.0,0.0,0.0,0.0,0.0,0.0,0.0,0.0,0.0,0.0,0.0,0.0,0.0,0.0,0.0,0.0,0.0,0.0,0.0,0.0,0.0,0.0,0.0,0.0,0.0,0.0,0.0,0.0,0.0,0.0,0.0,0.0,0.0,0.0,0.0,0.0,0.0,0.0,0.0,0.0,0.0,0.0,0.0,0.0,0.0,0.0,0.0,0.0,0.0,0.0,0.0,0.0,0.0,0.0,0.0,0.0,0.0,0.0,0.0,0.0,0.0,0.0,0.0,0.0,0.0,0.0,0.0,0.0,0.0,0.0,0.0,0.0,0.0,0.0,0.0005440696409140244,0.0005440696409140244,0.0032644178454842576,0.007072905331882429,0.01196953210010876,0.024483133841131655,0.05059847660500538,0.11316648531011975,0.18988030467899897,0.2834602829162133,0.38628944504896623,0.5081610446137106,0.6115342763873776,0.7089227421109902,0.7965179542981502,0.8699673558215452,0.9167573449401524,0.9396082698585418,0.9678998911860718,0.9820457018498367,0.9880304678998912,0.9923830250272034,0.9961915125136017,0.9978237214363439,0.998911860718172,0.999455930359086,0.999455930359086,0.999455930359086,0.998911860718172,0.9972796517954298,0.9912948857453754,0.9744287268770403,0.9232861806311208,0.8052230685527747,0.5778019586507073,0.3182807399347116,0.1164309031556039,0.03101196953210006,0.007072905331882429,0.0021762785636560977,0.0,0.0,0.0,0.0,0.0,0.0,0.0,0.0,0.0,0.0,0.0,0.0,0.0,0.0,0.0,0.0,0.0,0.0,0.0,0.0,0.0,0.0,0.0,0.0,0.0,0.0,0.0,0.0,0.0,0.0,0.0,0.0,0.0,0.0,0.0,0.0,0.0,0.0,0.0,0.0,0.0,0.0
-3.1396648044692737,0.0,0.0,0.0,0.0,0.0,0.0,0.0,0.0,0.0,0.0,0.0,0.0,0.0,0.0,0.0,0.0,0.0,0.0,0.0,0.0,0.0,0.0,0.0,0.0,0.0,0.0,0.0,0.0,0.0,0.0,0.0,0.0,0.0,0.0,0.0,0.0,0.0,9.999999999998899e-05,9.999999999998899e-05,0.00029999999999996696,0.00039999999999995595,0.0004999999999999449,0.0010999999999999899,0.0019000000000000128,0.0028000000000000247,0.0047000000000000375,0.006700000000000039,0.011099999999999999,0.01649999999999996,0.02400000000000002,0.03500000000000003,0.046499999999999986,0.06640000000000001,0.08960000000000001,0.11609999999999998,0.1491,0.18510000000000004,0.2328,0.2842,0.33709999999999996,0.3945000000000001,0.4538,0.5086,0.5683,0.6193,0.6689,0.7163,0.7544,0.7932,0.8299,0.8637,0.8888,0.9117,0.9311,0.9476,0.9613,0.9719,0.9801,0.9855,0.9891,0.9922,0.9909,0.9882,0.9835,0.977,0.9661,0.9505,0.93,0.907,0.8784,0.838,0.7959,0.7482,0.6985,0.643,0.5867,0.5293,0.4719,0.42100000000000004,0.3699,0.3212999999999999,0.2754,0.23609999999999998,0.19889999999999997,0.1622,0.13239999999999996,0.10409999999999997,0.08299999999999996,0.06289999999999996,0.04820000000000002,0.03639999999999999,0.02629999999999999,0.018100000000000005,0.011499999999999955,0.007800000000000029,0.0050000000000000044,0.0033999999999999586,0.0019000000000000128,0.0013999999999999568,0.0006000000000000449,0.00039999999999995595,0.0,0.0,0.0,0.0,0.0,0.0,0.0,0.0,0.0,0.0,0.0,0.0,0.0,0.0,0.0,0.0,0.0,0.0,0.0,0.0,0.0,0.0,0.0,0.0,0.0,0.0,0.0,0.0,0.0,0.0,0.0,0.0,0.0,0.0,0.0,0.0,0.0,0.0,0.0,0.0,0.0,0.0,0.0,0.0,0.0,0.0,0.0,0.0,0.0,0.0,0.0,0.0,0.0,0.0,0.0,0.0,0.0,0.0,0.0,0.0,0.0,0.0,0.0,0.0,0.0,0.0,0.0,0.0,0.0,0.0,0.0,0.0,0.0,0.0,0.0,0.0,0.0,0.0,0.0,0.0,0.0,0.0,0.0,0.0,0.0,0.0,0.0,0.0,0.0,0.0,0.0,0.0,0.0,0.0,0.0,0.0,0.0,0.0,0.0,0.0,0.0,0.0,0.0,0.0,0.0,0.0,0.0,0.0,0.0,0.0,0.0,0.0,0.0,0.0,0.0,0.0,0.0,0.0005440696409140244,0.0005440696409140244,0.0021762785636560977,0.005440696409140355,0.011425462459194735,0.02285092491838958,0.049510337323177334,0.11044613710554951,0.18715995647442873,0.2758433079434168,0.3808487486398259,0.5027203482045702,0.6060935799782372,0.7023939064200218,0.7927094668117519,0.8667029379760609,0.9134929270946681,0.9379760609357998,0.9668117519042437,0.9809575625680087,0.9880304678998912,0.9923830250272034,0.9951033732317737,0.9967355821545157,0.998911860718172,0.999455930359086,0.999455930359086,0.999455930359086,0.9983677910772579,0.9961915125136017,0.9912948857453754,0.969532100108814,0.9200217627856365,0.79379760609358,0.5636561479869423,0.30848748639825896,0.10772578890097928,0.029379760609357986,0.007072905331882429,0.0021762785636560977,0.0,0.0,0.0,0.0,0.0,0.0,0.0,0.0,0.0,0.0,0.0,0.0,0.0,0.0,0.0,0.0,0.0,0.0,0.0,0.0,0.0,0.0,0.0,0.0,0.0,0.0,0.0,0.0,0.0,0.0,0.0,0.0,0.0,0.0,0.0,0.0,0.0,0.0,0.0,0.0,0.0,0.0
-3.094972067039106,0.0,0.0,0.0,0.0,0.0,0.0,0.0,0.0,0.0,0.0,0.0,0.0,0.0,0.0,0.0,0.0,0.0,0.0,0.0,0.0,0.0,0.0,0.0,0.0,0.0,0.0,0.0,0.0,0.0,0.0,0.0,0.0,0.0,0.0,0.0,0.0,0.0,9.999999999998899e-05,9.999999999998899e-05,0.00029999999999996696,0.00039999999999995595,0.0004999999999999449,0.0010999999999999899,0.0019000000000000128,0.0026000000000000467,0.0046000000000000485,0.00660000000000005,0.01100000000000001,0.016199999999999992,0.023399999999999976,0.03469999999999995,0.04569999999999996,0.06579999999999997,0.08850000000000002,0.11440000000000006,0.1472,0.18369999999999997,0.23019999999999996,0.28269999999999995,0.33420000000000005,0.39169999999999994,0.45120000000000005,0.5063,0.566,0.6173,0.667,0.7145,0.7527,0.7919,0.8281,0.8626,0.8882,0.9106,0.9305,0.947,0.9604,0.971,0.98,0.9852,0.9891,0.9919,0.9907,0.9881,0.9832,0.9768,0.9656,0.9498,0.9288,0.9064,0.8773,0.8357,0.7935,0.7466,0.6955,0.641,0.5834,0.5266,0.4699,0.41890000000000005,0.3679,0.31909999999999994,0.2732,0.23470000000000002,0.1976,0.16010000000000002,0.13060000000000005,0.10270000000000001,0.08210000000000006,0.061899999999999955,0.04730000000000001,0.03600000000000003,0.026000000000000023,0.018000000000000016,0.011299999999999977,0.00770000000000004,0.0049000000000000155,0.0031999999999999806,0.0019000000000000128,0.0013999999999999568,0.0006000000000000449,0.00039999999999995595,0.0,0.0,0.0,0.0,0.0,0.0,0.0,0.0,0.0,0.0,0.0,0.0,0.0,0.0,0.0,0.0,0.0,0.0,0.0,0.0,0.0,0.0,0.0,0.0,0.0,0.0,0.0,0.0,0.0,0.0,0.0,0.0,0.0,0.0,0.0,0.0,0.0,0.0,0.0,0.0,0.0,0.0,0.0,0.0,0.0,0.0,0.0,0.0,0.0,0.0,0.0,0.0,0.0,0.0,0.0,0.0,0.0,0.0,0.0,0.0,0.0,0.0,0.0,0.0,0.0,0.0,0.0,0.0,0.0,0.0,0.0,0.0,0.0,0.0,0.0,0.0,0.0,0.0,0.0,0.0,0.0,0.0,0.0,0.0,0.0,0.0,0.0,0.0,0.0,0.0,0.0,0.0,0.0,0.0,0.0,0.0,0.0,0.0,0.0,0.0,0.0,0.0,0.0,0.0,0.0,0.0,0.0,0.0,0.0,0.0,0.0,0.0,0.0,0.0,0.0,0.0,0.0,0.0005440696409140244,0.0005440696409140244,0.0016322089227420733,0.004896626768226331,0.011425462459194735,0.02285092491838958,0.04570184983677916,0.10772578890097928,0.18389553862894448,0.27203482045701843,0.3748639825897715,0.4972796517954299,0.6022850924918389,0.6974972796517954,0.7889009793253536,0.8634385201305768,0.9096844396082698,0.9363438520130577,0.9635473340587595,0.9798694232861807,0.9874863982589771,0.9923830250272034,0.9951033732317737,0.9967355821545157,0.998911860718172,0.999455930359086,0.999455930359086,0.999455930359086,0.9972796517954298,0.9951033732317737,0.9896626768226333,0.9668117519042437,0.9140369967355821,0.7829162132752993,0.5484221980413493,0.2970620239390642,0.10065288356909685,0.026659412404787863,0.007072905331882429,0.0016322089227420733,0.0,0.0,0.0,0.0,0.0,0.0,0.0,0.0,0.0,0.0,0.0,0.0,0.0,0.0,0.0,0.0,0.0,0.0,0.0,0.0,0.0,0.0,0.0,0.0,0.0,0.0,0.0,0.0,0.0,0.0,0.0,0.0,0.0,0.0,0.0,0.0,0.0,0.0,0.0,0.0,0.0,0.0
-3.0502793296089385,0.0,0.0,0.0,0.0,0.0,0.0,0.0,0.0,0.0,0.0,0.0,0.0,0.0,0.0,0.0,0.0,0.0,0.0,0.0,0.0,0.0,0.0,0.0,0.0,0.0,0.0,0.0,0.0,0.0,0.0,0.0,0.0,0.0,0.0,0.0,0.0,0.0,9.999999999998899e-05,9.999999999998899e-05,0.00029999999999996696,0.00039999999999995595,0.0004999999999999449,0.0010000000000000009,0.0019000000000000128,0.0024999999999999467,0.0046000000000000485,0.006399999999999961,0.010800000000000032,0.016000000000000014,0.02310000000000001,0.03400000000000003,0.04479999999999995,0.06459999999999999,0.08709999999999996,0.11339999999999995,0.14580000000000004,0.18210000000000004,0.22760000000000002,0.2801,0.33210000000000006,0.3899,0.44910000000000005,0.504,0.5627,0.6152,0.6648,0.7125,0.7511,0.7901,0.8263,0.861,0.8872,0.9097,0.9296,0.9465,0.9598,0.9706,0.9797,0.9849,0.989,0.9918,0.9905,0.9878,0.9827,0.9765,0.9647,0.9489,0.9276,0.9056,0.8758,0.8341,0.7912,0.7447,0.6933,0.6387,0.5814,0.5241,0.46819999999999995,0.41690000000000005,0.3651,0.3174,0.2721,0.23340000000000005,0.19510000000000005,0.15859999999999996,0.12929999999999997,0.10199999999999998,0.08040000000000003,0.06120000000000003,0.04700000000000004,0.0353,0.0252,0.017900000000000027,0.01100000000000001,0.007299999999999973,0.0047000000000000375,0.0031999999999999806,0.0018000000000000238,0.0012999999999999678,0.0006000000000000449,0.00039999999999995595,0.0,0.0,0.0,0.0,0.0,0.0,0.0,0.0,0.0,0.0,0.0,0.0,0.0,0.0,0.0,0.0,0.0,0.0,0.0,0.0,0.0,0.0,0.0,0.0,0.0,0.0,0.0,0.0,0.0,0.0,0.0,0.0,0.0,0.0,0.0,0.0,0.0,0.0,0.0,0.0,0.0,0.0,0.0,0.0,0.0,0.0,0.0,0.0,0.0,0.0,0.0,0.0,0.0,0.0,0.0,0.0,0.0,0.0,0.0,0.0,0.0,0.0,0.0,0.0,0.0,0.0,0.0,0.0,0.0,0.0,0.0,0.0,0.0,0.0,0.0,0.0,0.0,0.0,0.0,0.0,0.0,0.0,0.0,0.0,0.0,0.0,0.0,0.0,0.0,0.0,0.0,0.0,0.0,0.0,0.0,0.0,0.0,0.0,0.0,0.0,0.0,0.0,0.0,0.0,0.0,0.0,0.0,0.0,0.0,0.0,0.0,0.0,0.0,0.0,0.0,0.0,0.0,0.0005440696409140244,0.0005440696409140244,0.0016322089227420733,0.004896626768226331,0.01088139281828071,0.02285092491838958,0.04189336235038088,0.10500544069640916,0.17899891186071815,0.26605005440696416,0.36779107725788895,0.48803046789989124,0.5963003264417845,0.6942328618063112,0.7818280739934712,0.8585418933623504,0.9053318824809575,0.9352557127312296,0.9619151251360174,0.9793253536452666,0.985854189336235,0.9918389553862894,0.9951033732317737,0.9961915125136017,0.9983677910772579,0.998911860718172,0.999455930359086,0.998911860718172,0.9972796517954298,0.9951033732317737,0.9880304678998912,0.9635473340587595,0.9058759521218716,0.7704026115342764,0.5337323177366703,0.28672470076169754,0.09357997823721442,0.02502720348204568,0.005440696409140355,0.0010881392818280489,0.0,0.0,0.0,0.0,0.0,0.0,0.0,0.0,0.0,0.0,0.0,0.0,0.0,0.0,0.0,0.0,0.0,0.0,0.0,0.0,0.0,0.0,0.0,0.0,0.0,0.0,0.0,0.0,0.0,0.0,0.0,0.0,0.0,0.0,0.0,0.0,0.0,0.0,0.0,0.0,0.0,0.0
-3.005586592178771,0.0,0.0,0.0,0.0,0.0,0.0,0.0,0.0,0.0,0.0,0.0,0.0,0.0,0.0,0.0,0.0,0.0,0.0,0.0,0.0,0.0,0.0,0.0,0.0,0.0,0.0,0.0,0.0,0.0,0.0,0.0,0.0,0.0,0.0,0.0,0.0,0.0,9.999999999998899e-05,9.999999999998899e-05,0.00019999999999997797,0.00039999999999995595,0.0004999999999999449,0.0010000000000000009,0.0019000000000000128,0.0024999999999999467,0.0043999999999999595,0.006199999999999983,0.010399999999999965,0.015800000000000036,0.02290000000000003,0.03369999999999995,0.04369999999999996,0.06359999999999999,0.08560000000000001,0.11250000000000004,0.14300000000000002,0.18020000000000003,0.22619999999999996,0.27760000000000007,0.3287,0.38660000000000005,0.4467,0.5015,0.5604,0.6127,0.6624,0.7108,0.7491,0.7879,0.825,0.8596,0.8864,0.9085,0.9288,0.9456,0.9594,0.97,0.9789,0.9846,0.9887,0.9914,0.9903,0.9875,0.9822,0.9759,0.9641,0.9479,0.9265,0.9042,0.8737,0.8315,0.7892,0.7423,0.6909,0.6361,0.5788,0.5205,0.46629999999999994,0.4139999999999999,0.36240000000000006,0.3153,0.2695000000000001,0.23199999999999998,0.19300000000000006,0.1573,0.1281,0.10109999999999997,0.07920000000000005,0.06030000000000002,0.0464,0.03490000000000004,0.024800000000000044,0.01749999999999996,0.010800000000000032,0.007099999999999995,0.0046000000000000485,0.0030999999999999917,0.0017000000000000348,0.0012999999999999678,0.0006000000000000449,0.00039999999999995595,0.0,0.0,0.0,0.0,0.0,0.0,0.0,0.0,0.0,0.0,0.0,0.0,0.0,0.0,0.0,0.0,0.0,0.0,0.0,0.0,0.0,0.0,0.0,0.0,0.0,0.0,0.0,0.0,0.0,0.0,0.0,0.0,0.0,0.0,0.0,0.0,0.0,0.0,0.0,0.0,0.0,0.0,0.0,0.0,0.0,0.0,0.0,0.0,0.0,0.0,0.0,0.0,0.0,0.0,0.0,0.0,0.0,0.0,0.0,0.0,0.0,0.0,0.0,0.0,0.0,0.0,0.0,0.0,0.0,0.0,0.0,0.0,0.0,0.0,0.0,0.0,0.0,0.0,0.0,0.0,0.0,0.0,0.0,0.0,0.0,0.0,0.0,0.0,0.0,0.0,0.0,0.0,0.0,0.0,0.0,0.0,0.0,0.0,0.0,0.0,0.0,0.0,0.0,0.0,0.0,0.0,0.0,0.0,0.0,0.0,0.0,0.0,0.0,0.0,0.0,0.0,0.0,0.0005440696409140244,0.0005440696409140244,0.0016322089227420733,0.004896626768226331,0.01088139281828071,0.022306855277475557,0.040261153427638696,0.10010881392818283,0.17899891186071815,0.26224156692056577,0.36343852013057676,0.48422198041349285,0.5870511425462459,0.6833514689880305,0.7763873775843307,0.8536452665941241,0.9026115342763874,0.9336235038084875,0.9581066376496191,0.9760609357997824,0.985310119695321,0.9912948857453754,0.9929270946681176,0.9961915125136017,0.9972796517954298,0.998911860718172,0.998911860718172,0.9983677910772579,0.9967355821545157,0.9940152339499456,0.985854189336235,0.9591947769314473,0.8977149075081611,0.750816104461371,0.5195865070729053,0.2752992383025028,0.08324265505984763,0.02285092491838958,0.005440696409140355,0.0010881392818280489,0.0,0.0,0.0,0.0,0.0,0.0,0.0,0.0,0.0,0.0,0.0,0.0,0.0,0.0,0.0,0.0,0.0,0.0,0.0,0.0,0.0,0.0,0.0,0.0,0.0,0.0,0.0,0.0,0.0,0.0,0.0,0.0,0.0,0.0,0.0,0.0,0.0,0.0,0.0,0.0,0.0,0.0
-2.9608938547486034,0.0,0.0,0.0,0.0,0.0,0.0,0.0,0.0,0.0,0.0,0.0,0.0,0.0,0.0,0.0,0.0,0.0,0.0,0.0,0.0,0.0,0.0,0.0,0.0,0.0,0.0,0.0,0.0,0.0,0.0,0.0,0.0,0.0,0.0,0.0,0.0,0.0,9.999999999998899e-05,9.999999999998899e-05,0.00019999999999997797,0.00039999999999995595,0.0004999999999999449,0.0010000000000000009,0.0018000000000000238,0.0024999999999999467,0.0041999999999999815,0.006000000000000005,0.010199999999999987,0.015199999999999991,0.022499999999999964,0.03259999999999996,0.043300000000000005,0.06259999999999999,0.08450000000000002,0.11119999999999997,0.14139999999999997,0.1784,0.22340000000000004,0.27469999999999994,0.32600000000000007,0.3823,0.4425,0.4988,0.5572,0.6102,0.6597,0.7072,0.747,0.7862,0.8223,0.8588,0.8851,0.9072,0.9276,0.9452,0.9592,0.9694,0.9783,0.984,0.9885,0.9914,0.9902,0.9873,0.9817,0.9755,0.9637,0.9464,0.9254,0.9033,0.8721,0.8301,0.7865,0.7404,0.6874,0.6337,0.5753,0.5178,0.4630000000000001,0.4113,0.3599,0.31309999999999993,0.26760000000000006,0.23060000000000003,0.19110000000000005,0.15549999999999997,0.12670000000000003,0.09929999999999994,0.07830000000000004,0.059599999999999986,0.04569999999999996,0.034399999999999986,0.024499999999999966,0.017199999999999993,0.010800000000000032,0.007000000000000006,0.0044999999999999485,0.0030000000000000027,0.0017000000000000348,0.0012999999999999678,0.0006000000000000449,0.00039999999999995595,0.0,0.0,0.0,0.0,0.0,0.0,0.0,0.0,0.0,0.0,0.0,0.0,0.0,0.0,0.0,0.0,0.0,0.0,0.0,0.0,0.0,0.0,0.0,0.0,0.0,0.0,0.0,0.0,0.0,0.0,0.0,0.0,0.0,0.0,0.0,0.0,0.0,0.0,0.0,0.0,0.0,0.0,0.0,0.0,0.0,0.0,0.0,0.0,0.0,0.0,0.0,0.0,0.0,0.0,0.0,0.0,0.0,0.0,0.0,0.0,0.0,0.0,0.0,0.0,0.0,0.0,0.0,0.0,0.0,0.0,0.0,0.0,0.0,0.0,0.0,0.0,0.0,0.0,0.0,0.0,0.0,0.0,0.0,0.0,0.0,0.0,0.0,0.0,0.0,0.0,0.0,0.0,0.0,0.0,0.0,0.0,0.0,0.0,0.0,0.0,0.0,0.0,0.0,0.0,0.0,0.0,0.0,0.0,0.0,0.0,0.0,0.0,0.0,0.0,0.0,0.0,0.0,0.0005440696409140244,0.0005440696409140244,0.0016322089227420733,0.003808487486398282,0.01088139281828071,0.021762785636561532,0.03862894450489662,0.09412404787812845,0.1735582154515778,0.25353645266594116,0.3585418933623503,0.4771490750816104,0.5767138193688792,0.6779107725788901,0.7682263329706203,0.8492927094668118,0.8993471164309031,0.9325353645266594,0.955930359085963,0.9744287268770403,0.984766050054407,0.9907508161044614,0.9923830250272034,0.9956474428726877,0.9967355821545157,0.9983677910772579,0.9983677910772579,0.9978237214363439,0.9961915125136017,0.9923830250272034,0.984221980413493,0.955386289445049,0.8868335146898803,0.7383025027203483,0.5016322089227421,0.2606093579978237,0.0805223068552775,0.020130576713819348,0.005440696409140355,0.0010881392818280489,0.0,0.0,0.0,0.0,0.0,0.0,0.0,0.0,0.0,0.0,0.0,0.0,0.0,0.0,0.0,0.0,0.0,0.0,0.0,0.0,0.0,0.0,0.0,0.0,0.0,0.0,0.0,0.0,0.0,0.0,0.0,0.0,0.0,0.0,0.0,0.0,0.0,0.0,0.0,0.0,0.0,0.0
-2.9162011173184355,0.0,0.0,0.0,0.0,0.0,0.0,0.0,0.0,0.0,0.0,0.0,0.0,0.0,0.0,0.0,0.0,0.0,0.0,0.0,0.0,0.0,0.0,0.0,0.0,0.0,0.0,0.0,0.0,0.0,0.0,0.0,0.0,0.0,0.0,0.0,0.0,0.0,9.999999999998899e-05,9.999999999998899e-05,0.00019999999999997797,0.00039999999999995595,0.0004999999999999449,0.0009000000000000119,0.0018000000000000238,0.0024999999999999467,0.0041999999999999815,0.005900000000000016,0.010099999999999998,0.014800000000000035,0.02200000000000002,0.032299999999999995,0.04249999999999998,0.06159999999999999,0.08340000000000003,0.10899999999999999,0.139,0.17599999999999993,0.2208,0.2715000000000001,0.3228,0.37939999999999996,0.43890000000000007,0.49659999999999993,0.5532,0.6068,0.6572,0.7039,0.7451,0.7844,0.8202,0.8566,0.8833,0.9065,0.9267,0.9441,0.9582,0.9688,0.9777,0.9837,0.9883,0.991,0.99,0.987,0.9814,0.9751,0.9631,0.945,0.9242,0.9022,0.8704,0.8276,0.7843,0.7387,0.6842,0.6301,0.5722,0.5154,0.4607,0.40880000000000005,0.35830000000000006,0.3104,0.2653,0.2279,0.18879999999999997,0.1543,0.125,0.09830000000000005,0.07699999999999996,0.058499999999999996,0.04530000000000001,0.03390000000000004,0.023900000000000032,0.016800000000000037,0.010499999999999954,0.006800000000000028,0.0044999999999999485,0.0029000000000000137,0.0017000000000000348,0.0012999999999999678,0.0004999999999999449,0.00039999999999995595,0.0,0.0,0.0,0.0,0.0,0.0,0.0,0.0,0.0,0.0,0.0,0.0,0.0,0.0,0.0,0.0,0.0,0.0,0.0,0.0,0.0,0.0,0.0,0.0,0.0,0.0,0.0,0.0,0.0,0.0,0.0,0.0,0.0,0.0,0.0,0.0,0.0,0.0,0.0,0.0,0.0,0.0,0.0,0.0,0.0,0.0,0.0,0.0,0.0,0.0,0.0,0.0,0.0,0.0,0.0,0.0,0.0,0.0,0.0,0.0,0.0,0.0,0.0,0.0,0.0,0.0,0.0,0.0,0.0,0.0,0.0,0.0,0.0,0.0,0.0,0.0,0.0,0.0,0.0,0.0,0.0,0.0,0.0,0.0,0.0,0.0,0.0,0.0,0.0,0.0,0.0,0.0,0.0,0.0,0.0,0.0,0.0,0.0,0.0,0.0,0.0,0.0,0.0,0.0,0.0,0.0,0.0,0.0,0.0,0.0,0.0,0.0,0.0,0.0,0.0,0.0,0.0,0.0005440696409140244,0.0005440696409140244,0.0016322089227420733,0.003808487486398282,0.009793253536452662,0.020674646354733373,0.03699673558215455,0.09140369967355821,0.1670293797606094,0.249727965179543,0.3514689880304679,0.470076169749728,0.5696409140369967,0.6697497279651795,0.7595212187159956,0.8400435255712732,0.8966267682263329,0.9292709466811752,0.9515778019586507,0.9733405875952121,0.9836779107725789,0.9880304678998912,0.9923830250272034,0.9951033732317737,0.9967355821545157,0.9978237214363439,0.9983677910772579,0.9967355821545157,0.9951033732317737,0.9912948857453754,0.9815016322089227,0.9499455930359086,0.8721436343852013,0.7225244831338411,0.48422198041349285,0.24537540805223068,0.07453754080522312,0.01795429815016325,0.004896626768226331,0.0005440696409140244,0.0,0.0,0.0,0.0,0.0,0.0,0.0,0.0,0.0,0.0,0.0,0.0,0.0,0.0,0.0,0.0,0.0,0.0,0.0,0.0,0.0,0.0,0.0,0.0,0.0,0.0,0.0,0.0,0.0,0.0,0.0,0.0,0.0,0.0,0.0,0.0,0.0,0.0,0.0,0.0,0.0,0.0
-2.871508379888268,0.0,0.0,0.0,0.0,0.0,0.0,0.0,0.0,0.0,0.0,0.0,0.0,0.0,0.0,0.0,0.0,0.0,0.0,0.0,0.0,0.0,0.0,0.0,0.0,0.0,0.0,0.0,0.0,0.0,0.0,0.0,0.0,0.0,0.0,0.0,0.0,0.0,9.999999999998899e-05,9.999999999998899e-05,0.00019999999999997797,0.00039999999999995595,0.0004999999999999449,0.0009000000000000119,0.0018000000000000238,0.0024999999999999467,0.0041999999999999815,0.005900000000000016,0.009800000000000031,0.01419999999999999,0.021399999999999975,0.03190000000000004,0.04200000000000004,0.060699999999999976,0.08230000000000004,0.10650000000000004,0.13769999999999993,0.17399999999999993,0.21819999999999995,0.2679,0.3198,0.37640000000000007,0.4364,0.49350000000000005,0.5503,0.6046,0.6537,0.7006,0.7444,0.7824,0.8186,0.8557,0.882,0.9051,0.9251,0.9433,0.9573,0.9683,0.9773,0.9833,0.9879,0.9906,0.9899,0.9866,0.9809,0.9744,0.9626,0.9437,0.9233,0.9005,0.8682,0.8249,0.7817,0.7362,0.6808,0.6271,0.5696,0.5116,0.4578,0.40680000000000005,0.355,0.3074,0.2631,0.22540000000000004,0.1866,0.1532,0.12370000000000003,0.09699999999999998,0.07630000000000003,0.05779999999999996,0.044399999999999995,0.033299999999999996,0.023299999999999987,0.01639999999999997,0.010199999999999987,0.006700000000000039,0.0044999999999999485,0.0028000000000000247,0.0017000000000000348,0.0011999999999999789,0.0004999999999999449,0.00039999999999995595,0.0,0.0,0.0,0.0,0.0,0.0,0.0,0.0,0.0,0.0,0.0,0.0,0.0,0.0,0.0,0.0,0.0,0.0,0.0,0.0,0.0,0.0,0.0,0.0,0.0,0.0,0.0,0.0,0.0,0.0,0.0,0.0,0.0,0.0,0.0,0.0,0.0,0.0,0.0,0.0,0.0,0.0,0.0,0.0,0.0,0.0,0.0,0.0,0.0,0.0,0.0,0.0,0.0,0.0,0.0,0.0,0.0,0.0,0.0,0.0,0.0,0.0,0.0,0.0,0.0,0.0,0.0,0.0,0.0,0.0,0.0,0.0,0.0,0.0,0.0,0.0,0.0,0.0,0.0,0.0,0.0,0.0,0.0,0.0,0.0,0.0,0.0,0.0,0.0,0.0,0.0,0.0,0.0,0.0,0.0,0.0,0.0,0.0,0.0,0.0,0.0,0.0,0.0,0.0,0.0,0.0,0.0,0.0,0.0,0.0,0.0,0.0,0.0,0.0,0.0,0.0,0.0,0.0005440696409140244,0.0005440696409140244,0.0016322089227420733,0.003808487486398282,0.009793253536452662,0.018498367791077275,0.03482045701849834,0.08487486398258981,0.1632208922742111,0.24646354733405873,0.3471164309031556,0.4640914036996735,0.5636561479869423,0.6621327529923831,0.7519042437431991,0.8318824809575626,0.8933623503808488,0.926550598476605,0.9483133841131665,0.9717083786724701,0.9825897714907508,0.9880304678998912,0.9923830250272034,0.9951033732317737,0.9956474428726877,0.9961915125136017,0.9972796517954298,0.9956474428726877,0.9951033732317737,0.9912948857453754,0.9804134929270947,0.9428726877040261,0.8639825897714908,0.7116430903155604,0.47334058759521214,0.23014145810663766,0.06855277475516863,0.016322089227421066,0.004896626768226331,0.0005440696409140244,0.0,0.0,0.0,0.0,0.0,0.0,0.0,0.0,0.0,0.0,0.0,0.0,0.0,0.0,0.0,0.0,0.0,0.0,0.0,0.0,0.0,0.0,0.0,0.0,0.0,0.0,0.0,0.0,0.0,0.0,0.0,0.0,0.0,0.0,0.0,0.0,0.0,0.0,0.0,0.0,0.0,0.0
-2.8268156424581004,0.0,0.0,0.0,0.0,0.0,0.0,0.0,0.0,0.0,0.0,0.0,0.0,0.0,0.0,0.0,0.0,0.0,0.0,0.0,0.0,0.0,0.0,0.0,0.0,0.0,0.0,0.0,0.0,0.0,0.0,0.0,0.0,0.0,0.0,0.0,0.0,0.0,9.999999999998899e-05,9.999999999998899e-05,0.00019999999999997797,0.00039999999999995595,0.0004999999999999449,0.0009000000000000119,0.0018000000000000238,0.0022999999999999687,0.0040999999999999925,0.005800000000000027,0.009700000000000042,0.014000000000000012,0.02090000000000003,0.031200000000000006,0.04149999999999998,0.05920000000000003,0.08119999999999994,0.10529999999999995,0.136,0.1723,0.2148,0.265,0.31689999999999996,0.3732,0.4333,0.4905999999999999,0.5459,0.6025,0.6506,0.6981,0.743,0.7789,0.8173,0.8535,0.8811,0.9041,0.9236,0.9424,0.9566,0.9677,0.9768,0.9829,0.987,0.99,0.9898,0.9865,0.9805,0.9733,0.9614,0.9424,0.9224,0.8987,0.8655,0.8232,0.7792,0.7333,0.6766,0.6236,0.5655,0.5091,0.45500000000000007,0.40369999999999995,0.35240000000000005,0.30380000000000007,0.26059999999999994,0.2237,0.18469999999999998,0.1513,0.12250000000000005,0.09540000000000004,0.0756,0.05720000000000003,0.04359999999999997,0.032200000000000006,0.022800000000000042,0.016100000000000003,0.010199999999999987,0.00649999999999995,0.0043999999999999595,0.0027000000000000357,0.0017000000000000348,0.0011999999999999789,0.0004999999999999449,0.00039999999999995595,0.0,0.0,0.0,0.0,0.0,0.0,0.0,0.0,0.0,0.0,0.0,0.0,0.0,0.0,0.0,0.0,0.0,0.0,0.0,0.0,0.0,0.0,0.0,0.0,0.0,0.0,0.0,0.0,0.0,0.0,0.0,0.0,0.0,0.0,0.0,0.0,0.0,0.0,0.0,0.0,0.0,0.0,0.0,0.0,0.0,0.0,0.0,0.0,0.0,0.0,0.0,0.0,0.0,0.0,0.0,0.0,0.0,0.0,0.0,0.0,0.0,0.0,0.0,0.0,0.0,0.0,0.0,0.0,0.0,0.0,0.0,0.0,0.0,0.0,0.0,0.0,0.0,0.0,0.0,0.0,0.0,0.0,0.0,0.0,0.0,0.0,0.0,0.0,0.0,0.0,0.0,0.0,0.0,0.0,0.0,0.0,0.0,0.0,0.0,0.0,0.0,0.0,0.0,0.0,0.0,0.0,0.0,0.0,0.0,0.0,0.0,0.0,0.0,0.0,0.0,0.0,0.0,0.0005440696409140244,0.0005440696409140244,0.0016322089227420733,0.003808487486398282,0.009249183895538637,0.01795429815016325,0.03264417845484224,0.0805223068552775,0.15723612622415672,0.2393906420021763,0.3411316648531012,0.4537540805223068,0.5533188248095756,0.6556039173014145,0.7464635473340587,0.824265505984766,0.8862894450489662,0.9227421109902068,0.9445048966267682,0.969532100108814,0.9820457018498367,0.9874863982589771,0.9918389553862894,0.9929270946681176,0.9956474428726877,0.9956474428726877,0.9961915125136017,0.9951033732317737,0.9940152339499456,0.9896626768226333,0.9760609357997824,0.9374319912948857,0.8514689880304679,0.6926006528835691,0.4537540805223068,0.21980413492927098,0.06311207834602828,0.016322089227421066,0.0043525571273123065,0.0005440696409140244,0.0,0.0,0.0,0.0,0.0,0.0,0.0,0.0,0.0,0.0,0.0,0.0,0.0,0.0,0.0,0.0,0.0,0.0,0.0,0.0,0.0,0.0,0.0,0.0,0.0,0.0,0.0,0.0,0.0,0.0,0.0,0.0,0.0,0.0,0.0,0.0,0.0,0.0,0.0,0.0,0.0,0.0
-2.782122905027933,0.0,0.0,0.0,0.0,0.0,0.0,0.0,0.0,0.0,0.0,0.0,0.0,0.0,0.0,0.0,0.0,0.0,0.0,0.0,0.0,0.0,0.0,0.0,0.0,0.0,0.0,0.0,0.0,0.0,0.0,0.0,0.0,0.0,0.0,0.0,0.0,0.0,9.999999999998899e-05,9.999999999998899e-05,0.00019999999999997797,0.00039999999999995595,0.0004999999999999449,0.0008000000000000229,0.0018000000000000238,0.0022999999999999687,0.0040000000000000036,0.005700000000000038,0.009299999999999975,0.013499999999999956,0.020199999999999996,0.03059999999999996,0.041000000000000036,0.058599999999999985,0.07989999999999997,0.10360000000000003,0.1341,0.17010000000000003,0.21189999999999998,0.26150000000000007,0.3137,0.3688,0.4296,0.4877,0.5428,0.5995,0.6478,0.6953,0.7411,0.7766,0.8158,0.8512,0.8795,0.9029,0.9226,0.9412,0.9558,0.9673,0.9763,0.9826,0.9866,0.9899,0.9897,0.9864,0.9799,0.973,0.9605,0.9411,0.9212,0.8968,0.8636,0.8199,0.7777,0.7304,0.673,0.6195,0.5627,0.5068,0.4518,0.40080000000000005,0.34919999999999995,0.3017000000000001,0.2581,0.22099999999999997,0.18269999999999997,0.14890000000000003,0.12050000000000005,0.09399999999999997,0.07430000000000003,0.05610000000000004,0.04269999999999996,0.03180000000000005,0.022399999999999975,0.015499999999999958,0.009800000000000031,0.006399999999999961,0.0043999999999999595,0.0026000000000000467,0.0014999999999999458,0.0011999999999999789,0.0004999999999999449,0.00039999999999995595,0.0,0.0,0.0,0.0,0.0,0.0,0.0,0.0,0.0,0.0,0.0,0.0,0.0,0.0,0.0,0.0,0.0,0.0,0.0,0.0,0.0,0.0,0.0,0.0,0.0,0.0,0.0,0.0,0.0,0.0,0.0,0.0,0.0,0.0,0.0,0.0,0.0,0.0,0.0,0.0,0.0,0.0,0.0,0.0,0.0,0.0,0.0,0.0,0.0,0.0,0.0,0.0,0.0,0.0,0.0,0.0,0.0,0.0,0.0,0.0,0.0,0.0,0.0,0.0,0.0,0.0,0.0,0.0,0.0,0.0,0.0,0.0,0.0,0.0,0.0,0.0,0.0,0.0,0.0,0.0,0.0,0.0,0.0,0.0,0.0,0.0,0.0,0.0,0.0,0.0,0.0,0.0,0.0,0.0,0.0,0.0,0.0,0.0,0.0,0.0,0.0,0.0,0.0,0.0,0.0,0.0,0.0,0.0,0.0,0.0,0.0,0.0,0.0,0.0,0.0,0.0,0.0,0.0005440696409140244,0.0005440696409140244,0.0016322089227420733,0.003808487486398282,0.008705114254624613,0.017410228509249226,0.031556039173014194,0.0761697497279652,0.14961915125136016,0.23558215451577802,0.32916213275299233,0.4434167573449401,0.543525571273123,0.6458106637649619,0.736126224156692,0.8193688792165397,0.8797606093579978,0.9211099020674647,0.941240478781284,0.9673558215451578,0.9815016322089227,0.9869423286180631,0.9918389553862894,0.9923830250272034,0.9945593035908596,0.9951033732317737,0.9951033732317737,0.9951033732317737,0.9929270946681176,0.9885745375408053,0.971164309031556,0.9276387377584331,0.8438520130576714,0.6697497279651795,0.4319912948857454,0.2121871599564744,0.05984766050054402,0.015233949945593017,0.0043525571273123065,0.0005440696409140244,0.0,0.0,0.0,0.0,0.0,0.0,0.0,0.0,0.0,0.0,0.0,0.0,0.0,0.0,0.0,0.0,0.0,0.0,0.0,0.0,0.0,0.0,0.0,0.0,0.0,0.0,0.0,0.0,0.0,0.0,0.0,0.0,0.0,0.0,0.0,0.0,0.0,0.0,0.0,0.0,0.0,0.0
-2.7374301675977653,0.0,0.0,0.0,0.0,0.0,0.0,0.0,0.0,0.0,0.0,0.0,0.0,0.0,0.0,0.0,0.0,0.0,0.0,0.0,0.0,0.0,0.0,0.0,0.0,0.0,0.0,0.0,0.0,0.0,0.0,0.0,0.0,0.0,0.0,0.0,0.0,0.0,9.999999999998899e-05,9.999999999998899e-05,0.00019999999999997797,0.00039999999999995595,0.0004999999999999449,0.0007000000000000339,0.0017000000000000348,0.0021999999999999797,0.0037000000000000366,0.005499999999999949,0.008900000000000019,0.013299999999999979,0.01980000000000004,0.02969999999999995,0.040200000000000014,0.05679999999999996,0.07879999999999998,0.1018,0.1321,0.1683,0.20879999999999999,0.2581,0.30899999999999994,0.36529999999999996,0.4264,0.48429999999999995,0.5387,0.5961,0.6453,0.6932,0.7393,0.7741,0.8133,0.8494,0.8779,0.9019,0.9211,0.9403,0.9551,0.9662,0.9755,0.982,0.9862,0.9896,0.9892,0.9862,0.9794,0.972,0.9599,0.9401,0.9196,0.8951,0.8615,0.8165,0.7751,0.7264,0.6695,0.6169,0.5585,0.5033,0.4488,0.39690000000000003,0.3466,0.2990999999999999,0.2551,0.21860000000000002,0.17920000000000003,0.14769999999999994,0.119,0.09289999999999998,0.07340000000000002,0.055499999999999994,0.04179999999999995,0.031000000000000028,0.02180000000000004,0.015100000000000002,0.009600000000000053,0.006199999999999983,0.0042999999999999705,0.0026000000000000467,0.0014999999999999458,0.0011999999999999789,0.0004999999999999449,0.00039999999999995595,0.0,0.0,0.0,0.0,0.0,0.0,0.0,0.0,0.0,0.0,0.0,0.0,0.0,0.0,0.0,0.0,0.0,0.0,0.0,0.0,0.0,0.0,0.0,0.0,0.0,0.0,0.0,0.0,0.0,0.0,0.0,0.0,0.0,0.0,0.0,0.0,0.0,0.0,0.0,0.0,0.0,0.0,0.0,0.0,0.0,0.0,0.0,0.0,0.0,0.0,0.0,0.0,0.0,0.0,0.0,0.0,0.0,0.0,0.0,0.0,0.0,0.0,0.0,0.0,0.0,0.0,0.0,0.0,0.0,0.0,0.0,0.0,0.0,0.0,0.0,0.0,0.0,0.0,0.0,0.0,0.0,0.0,0.0,0.0,0.0,0.0,0.0,0.0,0.0,0.0,0.0,0.0,0.0,0.0,0.0,0.0,0.0,0.0,0.0,0.0,0.0,0.0,0.0,0.0,0.0,0.0,0.0,0.0,0.0,0.0,0.0,0.0,0.0,0.0,0.0,0.0,0.0,0.0005440696409140244,0.0005440696409140244,0.0016322089227420733,0.003808487486398282,0.008705114254624613,0.016322089227421066,0.030467899891186034,0.07072905331882484,0.14472252448313383,0.22959738846572364,0.3237214363438521,0.4303590859630033,0.5364526659412405,0.6371055495103374,0.7252448313384113,0.8106637649619152,0.8759521218715995,0.9183895538628944,0.9374319912948857,0.9640914036996736,0.9793253536452666,0.985310119695321,0.9891186071817193,0.9923830250272034,0.9945593035908596,0.9945593035908596,0.9951033732317737,0.9945593035908596,0.9912948857453754,0.9863982589771491,0.9668117519042437,0.9227421109902068,0.8291621327529923,0.6420021762785637,0.4134929270946681,0.19532100108813932,0.05114254624591952,0.013601741022850944,0.0043525571273123065,0.0005440696409140244,0.0,0.0,0.0,0.0,0.0,0.0,0.0,0.0,0.0,0.0,0.0,0.0,0.0,0.0,0.0,0.0,0.0,0.0,0.0,0.0,0.0,0.0,0.0,0.0,0.0,0.0,0.0,0.0,0.0,0.0,0.0,0.0,0.0,0.0,0.0,0.0,0.0,0.0,0.0,0.0,0.0,0.0
-2.6927374301675977,0.0,0.0,0.0,0.0,0.0,0.0,0.0,0.0,0.0,0.0,0.0,0.0,0.0,0.0,0.0,0.0,0.0,0.0,0.0,0.0,0.0,0.0,0.0,0.0,0.0,0.0,0.0,0.0,0.0,0.0,0.0,0.0,0.0,0.0,0.0,0.0,0.0,9.999999999998899e-05,9.999999999998899e-05,0.00019999999999997797,0.00039999999999995595,0.0004999999999999449,0.0006000000000000449,0.0017000000000000348,0.0020999999999999908,0.0032999999999999696,0.005299999999999971,0.008499999999999952,0.012800000000000034,0.019299999999999984,0.029000000000000026,0.03959999999999997,0.05569999999999997,0.07650000000000001,0.10060000000000002,0.12970000000000004,0.16610000000000003,0.20619999999999994,0.2529,0.3065,0.36119999999999997,0.4227000000000001,0.48019999999999996,0.5346,0.5926,0.6414,0.6892,0.736,0.7716,0.8106,0.8473,0.8753,0.9005,0.9201,0.9391,0.9543,0.9658,0.9747,0.9816,0.986,0.9888,0.9892,0.9854,0.9791,0.9712,0.9587,0.9388,0.9172,0.8922,0.8592,0.8135,0.7727,0.7234,0.6655,0.6129,0.5554,0.49849999999999994,0.44589999999999996,0.3929,0.34329999999999994,0.2964,0.25249999999999995,0.2156,0.17690000000000006,0.14539999999999997,0.11719999999999997,0.09209999999999996,0.07210000000000005,0.054400000000000004,0.041100000000000025,0.03059999999999996,0.021499999999999964,0.014100000000000001,0.009600000000000053,0.006000000000000005,0.0041999999999999815,0.0023999999999999577,0.0014999999999999458,0.0008000000000000229,0.0004999999999999449,0.00029999999999996696,0.0,0.0,0.0,0.0,0.0,0.0,0.0,0.0,0.0,0.0,0.0,0.0,0.0,0.0,0.0,0.0,0.0,0.0,0.0,0.0,0.0,0.0,0.0,0.0,0.0,0.0,0.0,0.0,0.0,0.0,0.0,0.0,0.0,0.0,0.0,0.0,0.0,0.0,0.0,0.0,0.0,0.0,0.0,0.0,0.0,0.0,0.0,0.0,0.0,0.0,0.0,0.0,0.0,0.0,0.0,0.0,0.0,0.0,0.0,0.0,0.0,0.0,0.0,0.0,0.0,0.0,0.0,0.0,0.0,0.0,0.0,0.0,0.0,0.0,0.0,0.0,0.0,0.0,0.0,0.0,0.0,0.0,0.0,0.0,0.0,0.0,0.0,0.0,0.0,0.0,0.0,0.0,0.0,0.0,0.0,0.0,0.0,0.0,0.0,0.0,0.0,0.0,0.0,0.0,0.0,0.0,0.0,0.0,0.0,0.0,0.0,0.0,0.0,0.0,0.0,0.0,0.0,0.0005440696409140244,0.0005440696409140244,0.0016322089227420733,0.0032644178454842576,0.008161044613710589,0.016322089227421066,0.029379760609357986,0.06855277475516863,0.1376496191512514,0.2247007616974973,0.3161044613710555,0.42056583242655066,0.5250272034820457,0.6300326441784548,0.720348204570185,0.8030467899891186,0.8705114254624592,0.9129488574537541,0.9363438520130577,0.9608269858541894,0.9766050054406964,0.984221980413493,0.9885745375408053,0.9918389553862894,0.9929270946681176,0.9945593035908596,0.9945593035908596,0.9929270946681176,0.9912948857453754,0.9836779107725789,0.9624591947769314,0.9183895538628944,0.8161044613710555,0.6256800870511425,0.3966267682263329,0.18063112078346033,0.04896626768226331,0.012513601741022895,0.003808487486398282,0.0005440696409140244,0.0,0.0,0.0,0.0,0.0,0.0,0.0,0.0,0.0,0.0,0.0,0.0,0.0,0.0,0.0,0.0,0.0,0.0,0.0,0.0,0.0,0.0,0.0,0.0,0.0,0.0,0.0,0.0,0.0,0.0,0.0,0.0,0.0,0.0,0.0,0.0,0.0,0.0,0.0,0.0,0.0,0.0
-2.64804469273743,0.0,0.0,0.0,0.0,0.0,0.0,0.0,0.0,0.0,0.0,0.0,0.0,0.0,0.0,0.0,0.0,0.0,0.0,0.0,0.0,0.0,0.0,0.0,0.0,0.0,0.0,0.0,0.0,0.0,0.0,0.0,0.0,0.0,0.0,0.0,0.0,0.0,9.999999999998899e-05,9.999999999998899e-05,0.00019999999999997797,0.00039999999999995595,0.0004999999999999449,0.0006000000000000449,0.0016000000000000458,0.0019000000000000128,0.0032999999999999696,0.005299999999999971,0.008199999999999985,0.012299999999999978,0.01870000000000005,0.028200000000000003,0.038799999999999946,0.05459999999999998,0.07499999999999996,0.0988,0.127,0.16400000000000003,0.20419999999999994,0.24940000000000007,0.3025,0.358,0.4179999999999999,0.4758,0.5298,0.5895,0.6368,0.6866,0.7328,0.7689,0.8077,0.8449,0.8735,0.8992,0.9185,0.938,0.953,0.9647,0.9743,0.9808,0.9854,0.9881,0.9888,0.9849,0.9789,0.9704,0.9575,0.9374,0.9158,0.8906,0.8555,0.811,0.77,0.7193,0.6626,0.609,0.5513,0.494,0.4424,0.3889,0.3400000000000001,0.29259999999999997,0.2509,0.21320000000000006,0.17480000000000007,0.14349999999999996,0.11560000000000004,0.09060000000000001,0.07099999999999995,0.05369999999999997,0.0403,0.030000000000000027,0.02100000000000002,0.013800000000000034,0.009499999999999953,0.005900000000000016,0.0040999999999999925,0.0022999999999999687,0.0014999999999999458,0.0007000000000000339,0.0004999999999999449,9.999999999998899e-05,0.0,0.0,0.0,0.0,0.0,0.0,0.0,0.0,0.0,0.0,0.0,0.0,0.0,0.0,0.0,0.0,0.0,0.0,0.0,0.0,0.0,0.0,0.0,0.0,0.0,0.0,0.0,0.0,0.0,0.0,0.0,0.0,0.0,0.0,0.0,0.0,0.0,0.0,0.0,0.0,0.0,0.0,0.0,0.0,0.0,0.0,0.0,0.0,0.0,0.0,0.0,0.0,0.0,0.0,0.0,0.0,0.0,0.0,0.0,0.0,0.0,0.0,0.0,0.0,0.0,0.0,0.0,0.0,0.0,0.0,0.0,0.0,0.0,0.0,0.0,0.0,0.0,0.0,0.0,0.0,0.0,0.0,0.0,0.0,0.0,0.0,0.0,0.0,0.0,0.0,0.0,0.0,0.0,0.0,0.0,0.0,0.0,0.0,0.0,0.0,0.0,0.0,0.0,0.0,0.0,0.0,0.0,0.0,0.0,0.0,0.0,0.0,0.0,0.0,0.0,0.0,0.0,0.0005440696409140244,0.0005440696409140244,0.0016322089227420733,0.0032644178454842576,0.008161044613710589,0.016322089227421066,0.02883569096844396,0.0636561479869423,0.13166485310119702,0.21545157780195867,0.31066376496191506,0.40968443960826983,0.5179542981501633,0.6213275299238302,0.7143634385201306,0.7932535364526659,0.8645266594124048,0.9069640914036997,0.9352557127312296,0.955386289445049,0.9733405875952121,0.9831338411316648,0.9874863982589771,0.9918389553862894,0.9923830250272034,0.9929270946681176,0.9929270946681176,0.9923830250272034,0.9891186071817193,0.9809575625680087,0.9570184983677911,0.9085963003264418,0.8003264417845484,0.602829162132753,0.3748639825897715,0.16158868335146903,0.044613710554951,0.011425462459194735,0.003808487486398282,0.0005440696409140244,0.0,0.0,0.0,0.0,0.0,0.0,0.0,0.0,0.0,0.0,0.0,0.0,0.0,0.0,0.0,0.0,0.0,0.0,0.0,0.0,0.0,0.0,0.0,0.0,0.0,0.0,0.0,0.0,0.0,0.0,0.0,0.0,0.0,0.0,0.0,0.0,0.0,0.0,0.0,0.0,0.0,0.0
-2.6033519553072626,0.0,0.0,0.0,0.0,0.0,0.0,0.0,0.0,0.0,0.0,0.0,0.0,0.0,0.0,0.0,0.0,0.0,0.0,0.0,0.0,0.0,0.0,0.0,0.0,0.0,0.0,0.0,0.0,0.0,0.0,0.0,0.0,0.0,0.0,0.0,0.0,0.0,9.999999999998899e-05,9.999999999998899e-05,0.00019999999999997797,0.00039999999999995595,0.0004999999999999449,0.0006000000000000449,0.0012999999999999678,0.0019000000000000128,0.0032999999999999696,0.0048000000000000265,0.007900000000000018,0.0121,0.018199999999999994,0.02739999999999998,0.03810000000000002,0.05269999999999997,0.07399999999999995,0.09719999999999995,0.12490000000000001,0.16169999999999995,0.19989999999999997,0.24649999999999994,0.2993,0.35420000000000007,0.41379999999999995,0.47229999999999994,0.5264,0.5854,0.6338,0.6832,0.7303,0.7663,0.8051,0.8425,0.8708,0.8975,0.9175,0.9369,0.9516,0.9641,0.974,0.9803,0.9851,0.9879,0.9881,0.9842,0.9783,0.9696,0.9566,0.9352,0.9142,0.888,0.8521,0.8092,0.766,0.7157,0.6576,0.6053,0.5472,0.49049999999999994,0.4375,0.3859,0.3367,0.28879999999999995,0.24780000000000002,0.21019999999999994,0.17269999999999996,0.14139999999999997,0.11339999999999995,0.08979999999999999,0.07010000000000005,0.05279999999999996,0.039100000000000024,0.02939999999999998,0.020399999999999974,0.01319999999999999,0.009000000000000008,0.005900000000000016,0.0040999999999999925,0.0021999999999999797,0.0014999999999999458,0.0007000000000000339,0.0004999999999999449,9.999999999998899e-05,0.0,0.0,0.0,0.0,0.0,0.0,0.0,0.0,0.0,0.0,0.0,0.0,0.0,0.0,0.0,0.0,0.0,0.0,0.0,0.0,0.0,0.0,0.0,0.0,0.0,0.0,0.0,0.0,0.0,0.0,0.0,0.0,0.0,0.0,0.0,0.0,0.0,0.0,0.0,0.0,0.0,0.0,0.0,0.0,0.0,0.0,0.0,0.0,0.0,0.0,0.0,0.0,0.0,0.0,0.0,0.0,0.0,0.0,0.0,0.0,0.0,0.0,0.0,0.0,0.0,0.0,0.0,0.0,0.0,0.0,0.0,0.0,0.0,0.0,0.0,0.0,0.0,0.0,0.0,0.0,0.0,0.0,0.0,0.0,0.0,0.0,0.0,0.0,0.0,0.0,0.0,0.0,0.0,0.0,0.0,0.0,0.0,0.0,0.0,0.0,0.0,0.0,0.0,0.0,0.0,0.0,0.0,0.0,0.0,0.0,0.0,0.0,0.0,0.0,0.0,0.0,0.0,0.0005440696409140244,0.0005440696409140244,0.0010881392818280489,0.0032644178454842576,0.008161044613710589,0.01577801958650704,0.02883569096844396,0.059303590859629995,0.12676822633297058,0.20674646354733406,0.3014145810663764,0.40097932535364533,0.5125136017410229,0.6109902067464635,0.7040261153427638,0.7872687704026116,0.8590859630032645,0.9020674646354734,0.9325353645266594,0.9504896626768227,0.9717083786724701,0.9820457018498367,0.9869423286180631,0.9891186071817193,0.9918389553862894,0.9923830250272034,0.9929270946681176,0.9907508161044614,0.9880304678998912,0.9766050054406964,0.9515778019586507,0.8944504896626768,0.7812840043525572,0.5816104461371056,0.3520130576713819,0.14581066376496188,0.043525571273122954,0.009793253536452662,0.002720348204570233,0.0005440696409140244,0.0,0.0,0.0,0.0,0.0,0.0,0.0,0.0,0.0,0.0,0.0,0.0,0.0,0.0,0.0,0.0,0.0,0.0,0.0,0.0,0.0,0.0,0.0,0.0,0.0,0.0,0.0,0.0,0.0,0.0,0.0,0.0,0.0,0.0,0.0,0.0,0.0,0.0,0.0,0.0,0.0,0.0
-2.558659217877095,0.0,0.0,0.0,0.0,0.0,0.0,0.0,0.0,0.0,0.0,0.0,0.0,0.0,0.0,0.0,0.0,0.0,0.0,0.0,0.0,0.0,0.0,0.0,0.0,0.0,0.0,0.0,0.0,0.0,0.0,0.0,0.0,0.0,0.0,0.0,0.0,0.0,0.0,9.999999999998899e-05,0.00019999999999997797,0.00039999999999995595,0.0004999999999999449,0.0006000000000000449,0.0011999999999999789,0.0019000000000000128,0.0031999999999999806,0.0048000000000000265,0.00770000000000004,0.011900000000000022,0.017900000000000027,0.026599999999999957,0.03720000000000001,0.05149999999999999,0.07240000000000002,0.09529999999999994,0.123,0.15859999999999996,0.19640000000000002,0.24380000000000002,0.2953,0.35050000000000003,0.40969999999999995,0.4669,0.5225,0.5815,0.631,0.6799,0.7271,0.7636,0.8024,0.8396,0.8684,0.8952,0.9165,0.9354,0.9513,0.9635,0.9736,0.9799,0.9846,0.9876,0.9874,0.9838,0.9775,0.9688,0.9547,0.9343,0.9123,0.8854,0.8488,0.8061,0.7619,0.7107,0.6541,0.6008,0.5435,0.4859,0.43389999999999995,0.38280000000000003,0.3326,0.28580000000000005,0.24560000000000004,0.20819999999999994,0.17149999999999999,0.1401,0.1109,0.08899999999999997,0.06899999999999995,0.05169999999999997,0.03849999999999998,0.028800000000000048,0.020299999999999985,0.012700000000000045,0.008600000000000052,0.005600000000000049,0.0040999999999999925,0.0021999999999999797,0.0013999999999999568,0.0007000000000000339,0.0004999999999999449,0.0,0.0,0.0,0.0,0.0,0.0,0.0,0.0,0.0,0.0,0.0,0.0,0.0,0.0,0.0,0.0,0.0,0.0,0.0,0.0,0.0,0.0,0.0,0.0,0.0,0.0,0.0,0.0,0.0,0.0,0.0,0.0,0.0,0.0,0.0,0.0,0.0,0.0,0.0,0.0,0.0,0.0,0.0,0.0,0.0,0.0,0.0,0.0,0.0,0.0,0.0,0.0,0.0,0.0,0.0,0.0,0.0,0.0,0.0,0.0,0.0,0.0,0.0,0.0,0.0,0.0,0.0,0.0,0.0,0.0,0.0,0.0,0.0,0.0,0.0,0.0,0.0,0.0,0.0,0.0,0.0,0.0,0.0,0.0,0.0,0.0,0.0,0.0,0.0,0.0,0.0,0.0,0.0,0.0,0.0,0.0,0.0,0.0,0.0,0.0,0.0,0.0,0.0,0.0,0.0,0.0,0.0,0.0,0.0,0.0,0.0,0.0,0.0,0.0,0.0,0.0,0.0,0.0,0.0005440696409140244,0.0005440696409140244,0.0005440696409140244,0.0032644178454842576,0.008161044613710589,0.014145810663764968,0.027747551686615912,0.05658324265505987,0.12187159956474425,0.20021762785636565,0.2948857453754081,0.3873775843307943,0.5054406964091404,0.6044613710554951,0.6936887921653971,0.779651795429815,0.8498367791077258,0.8977149075081611,0.9292709466811752,0.9450489662676823,0.9689880304678999,0.9809575625680087,0.984766050054407,0.9885745375408053,0.9912948857453754,0.9918389553862894,0.9907508161044614,0.9891186071817193,0.985854189336235,0.9727965179542981,0.941784548422198,0.8824809575625681,0.76550598476605,0.558215451577802,0.32916213275299233,0.13656147986942324,0.03917301414581065,0.007616974972796564,0.0021762785636560977,0.0005440696409140244,0.0,0.0,0.0,0.0,0.0,0.0,0.0,0.0,0.0,0.0,0.0,0.0,0.0,0.0,0.0,0.0,0.0,0.0,0.0,0.0,0.0,0.0,0.0,0.0,0.0,0.0,0.0,0.0,0.0,0.0,0.0,0.0,0.0,0.0,0.0,0.0,0.0,0.0,0.0,0.0,0.0,0.0
-2.513966480446927,0.0,0.0,0.0,0.0,0.0,0.0,0.0,0.0,0.0,0.0,0.0,0.0,0.0,0.0,0.0,0.0,0.0,0.0,0.0,0.0,0.0,0.0,0.0,0.0,0.0,0.0,0.0,0.0,0.0,0.0,0.0,0.0,0.0,0.0,0.0,0.0,0.0,0.0,9.999999999998899e-05,0.00019999999999997797,0.00039999999999995595,0.00039999999999995595,0.0004999999999999449,0.0011999999999999789,0.0019000000000000128,0.0028000000000000247,0.0048000000000000265,0.007499999999999951,0.011600000000000055,0.01739999999999997,0.025499999999999967,0.036599999999999966,0.05030000000000001,0.07099999999999995,0.09319999999999995,0.12109999999999999,0.15549999999999997,0.19310000000000005,0.24080000000000001,0.2911,0.3466,0.405,0.4636,0.5192,0.5767,0.627,0.6763,0.7231,0.7603,0.7988,0.837,0.8666,0.8931,0.9146,0.9338,0.9499,0.9624,0.9731,0.9792,0.9842,0.9868,0.9869,0.9826,0.9768,0.9678,0.9534,0.933,0.9104,0.8833,0.8456,0.8033,0.7575,0.7072,0.6507,0.5968,0.5395,0.48130000000000006,0.43080000000000007,0.37850000000000006,0.3287,0.2823,0.24260000000000004,0.20489999999999997,0.16900000000000004,0.13870000000000005,0.10799999999999998,0.08719999999999994,0.06789999999999996,0.05059999999999998,0.037699999999999956,0.028100000000000014,0.01959999999999995,0.012199999999999989,0.008299999999999974,0.005600000000000049,0.0040999999999999925,0.0020999999999999908,0.0013999999999999568,0.0007000000000000339,0.0004999999999999449,0.0,0.0,0.0,0.0,0.0,0.0,0.0,0.0,0.0,0.0,0.0,0.0,0.0,0.0,0.0,0.0,0.0,0.0,0.0,0.0,0.0,0.0,0.0,0.0,0.0,0.0,0.0,0.0,0.0,0.0,0.0,0.0,0.0,0.0,0.0,0.0,0.0,0.0,0.0,0.0,0.0,0.0,0.0,0.0,0.0,0.0,0.0,0.0,0.0,0.0,0.0,0.0,0.0,0.0,0.0,0.0,0.0,0.0,0.0,0.0,0.0,0.0,0.0,0.0,0.0,0.0,0.0,0.0,0.0,0.0,0.0,0.0,0.0,0.0,0.0,0.0,0.0,0.0,0.0,0.0,0.0,0.0,0.0,0.0,0.0,0.0,0.0,0.0,0.0,0.0,0.0,0.0,0.0,0.0,0.0,0.0,0.0,0.0,0.0,0.0,0.0,0.0,0.0,0.0,0.0,0.0,0.0,0.0,0.0,0.0,0.0,0.0,0.0,0.0,0.0,0.0,0.0,0.0,0.0,0.0005440696409140244,0.0005440696409140244,0.0032644178454842576,0.007616974972796564,0.012513601741022895,0.026115342763873728,0.053318824809575616,0.11697497279651792,0.19151251360174104,0.280195865070729,0.3775843307943416,0.49292709466811746,0.5903155603917302,0.6822633297062024,0.76550598476605,0.8394994559303591,0.8922742110990207,0.9243743199129488,0.940152339499456,0.9668117519042437,0.9776931447225244,0.9836779107725789,0.9874863982589771,0.9885745375408053,0.9907508161044614,0.9891186071817193,0.9891186071817193,0.984221980413493,0.9684439608269858,0.9352557127312296,0.8672470076169749,0.7404787812840044,0.5326441784548422,0.31011969532100103,0.1251360174102285,0.03699673558215455,0.007616974972796564,0.0021762785636560977,0.0,0.0,0.0,0.0,0.0,0.0,0.0,0.0,0.0,0.0,0.0,0.0,0.0,0.0,0.0,0.0,0.0,0.0,0.0,0.0,0.0,0.0,0.0,0.0,0.0,0.0,0.0,0.0,0.0,0.0,0.0,0.0,0.0,0.0,0.0,0.0,0.0,0.0,0.0,0.0,0.0,0.0,0.0
-2.4692737430167595,0.0,0.0,0.0,0.0,0.0,0.0,0.0,0.0,0.0,0.0,0.0,0.0,0.0,0.0,0.0,0.0,0.0,0.0,0.0,0.0,0.0,0.0,0.0,0.0,0.0,0.0,0.0,0.0,0.0,0.0,0.0,0.0,0.0,0.0,0.0,0.0,0.0,0.0,9.999999999998899e-05,0.00019999999999997797,0.00039999999999995595,0.00039999999999995595,0.0004999999999999449,0.0011999999999999789,0.0019000000000000128,0.0028000000000000247,0.0047000000000000375,0.007099999999999995,0.011299999999999977,0.016900000000000026,0.024800000000000044,0.035599999999999965,0.048699999999999966,0.06869999999999998,0.0917,0.11850000000000005,0.1532,0.1894,0.23760000000000003,0.28800000000000003,0.34230000000000005,0.4003,0.45829999999999993,0.5141,0.5734,0.6229,0.6731,0.7194,0.7577,0.7957,0.8339,0.865,0.8909,0.9131,0.9324,0.9483,0.9613,0.9721,0.9787,0.9836,0.9864,0.9865,0.9821,0.976,0.9664,0.9522,0.9312,0.9091,0.8812,0.8423,0.7998,0.754,0.703,0.6466,0.5921,0.5351,0.4769,0.4267000000000001,0.37450000000000006,0.32600000000000007,0.2795000000000001,0.23960000000000004,0.20219999999999994,0.16620000000000001,0.13559999999999994,0.10619999999999996,0.0857,0.06530000000000002,0.049799999999999955,0.0373,0.02729999999999999,0.019000000000000017,0.011900000000000022,0.007900000000000018,0.005499999999999949,0.0037000000000000366,0.0020000000000000018,0.0013999999999999568,0.0007000000000000339,0.00039999999999995595,0.0,0.0,0.0,0.0,0.0,0.0,0.0,0.0,0.0,0.0,0.0,0.0,0.0,0.0,0.0,0.0,0.0,0.0,0.0,0.0,0.0,0.0,0.0,0.0,0.0,0.0,0.0,0.0,0.0,0.0,0.0,0.0,0.0,0.0,0.0,0.0,0.0,0.0,0.0,0.0,0.0,0.0,0.0,0.0,0.0,0.0,0.0,0.0,0.0,0.0,0.0,0.0,0.0,0.0,0.0,0.0,0.0,0.0,0.0,0.0,0.0,0.0,0.0,0.0,0.0,0.0,0.0,0.0,0.0,0.0,0.0,0.0,0.0,0.0,0.0,0.0,0.0,0.0,0.0,0.0,0.0,0.0,0.0,0.0,0.0,0.0,0.0,0.0,0.0,0.0,0.0,0.0,0.0,0.0,0.0,0.0,0.0,0.0,0.0,0.0,0.0,0.0,0.0,0.0,0.0,0.0,0.0,0.0,0.0,0.0,0.0,0.0,0.0,0.0,0.0,0.0,0.0,0.0,0.0,0.0005440696409140244,0.0005440696409140244,0.0032644178454842576,0.007072905331882429,0.01196953210010876,0.026115342763873728,0.05059847660500538,0.11099020674646354,0.18552774755168655,0.2693144722524483,0.36779107725788895,0.48422198041349285,0.5788900979325353,0.6708378672470077,0.7546245919477693,0.8275299238302503,0.8846572361262242,0.9205658324265505,0.9368879216539717,0.9597388465723613,0.9744287268770403,0.9825897714907508,0.985854189336235,0.9885745375408053,0.9891186071817193,0.9891186071817193,0.9869423286180631,0.9804134929270947,0.9619151251360174,0.9281828073993471,0.8569096844396082,0.7219804134929271,0.5119695321001088,0.28944504896626766,0.10935799782372146,0.031556039173014194,0.007616974972796564,0.0021762785636560977,0.0,0.0,0.0,0.0,0.0,0.0,0.0,0.0,0.0,0.0,0.0,0.0,0.0,0.0,0.0,0.0,0.0,0.0,0.0,0.0,0.0,0.0,0.0,0.0,0.0,0.0,0.0,0.0,0.0,0.0,0.0,0.0,0.0,0.0,0.0,0.0,0.0,0.0,0.0,0.0,0.0,0.0,0.0
-2.424581005586592,0.0,0.0,0.0,0.0,0.0,0.0,0.0,0.0,0.0,0.0,0.0,0.0,0.0,0.0,0.0,0.0,0.0,0.0,0.0,0.0,0.0,0.0,0.0,0.0,0.0,0.0,0.0,0.0,0.0,0.0,0.0,0.0,0.0,0.0,0.0,0.0,0.0,0.0,9.999999999998899e-05,0.00019999999999997797,0.00029999999999996696,0.00039999999999995595,0.0004999999999999449,0.0011999999999999789,0.0019000000000000128,0.0028000000000000247,0.0047000000000000375,0.006700000000000039,0.011099999999999999,0.016599999999999948,0.0242,0.03479999999999994,0.04689999999999994,0.06679999999999997,0.08999999999999997,0.11660000000000004,0.14959999999999996,0.18620000000000003,0.23250000000000004,0.2849999999999999,0.3376,0.39480000000000004,0.4542999999999999,0.5097,0.5689,0.6201,0.6693,0.717,0.7544,0.793,0.8305,0.8632,0.8887,0.9114,0.9311,0.9475,0.9603,0.9708,0.9781,0.9825,0.9855,0.986,0.9814,0.9756,0.9654,0.951,0.9293,0.907,0.879,0.8377,0.795,0.7489,0.6996,0.6433,0.5873,0.5295,0.47239999999999993,0.4223,0.3708,0.3225,0.276,0.23660000000000003,0.19940000000000002,0.16280000000000006,0.13329999999999997,0.10460000000000003,0.08330000000000004,0.06389999999999996,0.04859999999999998,0.03639999999999999,0.026499999999999968,0.01849999999999996,0.011600000000000055,0.00770000000000004,0.005099999999999993,0.0036000000000000476,0.0019000000000000128,0.0013999999999999568,0.0006000000000000449,0.00039999999999995595,0.0,0.0,0.0,0.0,0.0,0.0,0.0,0.0,0.0,0.0,0.0,0.0,0.0,0.0,0.0,0.0,0.0,0.0,0.0,0.0,0.0,0.0,0.0,0.0,0.0,0.0,0.0,0.0,0.0,0.0,0.0,0.0,0.0,0.0,0.0,0.0,0.0,0.0,0.0,0.0,0.0,0.0,0.0,0.0,0.0,0.0,0.0,0.0,0.0,0.0,0.0,0.0,0.0,0.0,0.0,0.0,0.0,0.0,0.0,0.0,0.0,0.0,0.0,0.0,0.0,0.0,0.0,0.0,0.0,0.0,0.0,0.0,0.0,0.0,0.0,0.0,0.0,0.0,0.0,0.0,0.0,0.0,0.0,0.0,0.0,0.0,0.0,0.0,0.0,0.0,0.0,0.0,0.0,0.0,0.0,0.0,0.0,0.0,0.0,0.0,0.0,0.0,0.0,0.0,0.0,0.0,0.0,0.0,0.0,0.0,0.0,0.0,0.0,0.0,0.0,0.0,0.0,0.0,0.0,0.0005440696409140244,0.0005440696409140244,0.0032644178454842576,0.006528835690968404,0.01196953210010876,0.02285092491838958,0.04570184983677916,0.1060935799782372,0.17954298150163217,0.2611534276387377,0.35908596300326434,0.4722524483133841,0.5652883569096845,0.6599564744287268,0.7442872687704026,0.8199129488574538,0.8770402611534276,0.9151251360174102,0.9357997823721437,0.9542981501632208,0.9722524483133841,0.9809575625680087,0.9836779107725789,0.9869423286180631,0.9885745375408053,0.9874863982589771,0.985310119695321,0.9755168661588683,0.956474428726877,0.9178454842219804,0.8443960826985855,0.6996735582154516,0.48803046789989124,0.27040261153427636,0.09630032644178455,0.028291621327529937,0.007072905331882429,0.0021762785636560977,0.0,0.0,0.0,0.0,0.0,0.0,0.0,0.0,0.0,0.0,0.0,0.0,0.0,0.0,0.0,0.0,0.0,0.0,0.0,0.0,0.0,0.0,0.0,0.0,0.0,0.0,0.0,0.0,0.0,0.0,0.0,0.0,0.0,0.0,0.0,0.0,0.0,0.0,0.0,0.0,0.0,0.0,0.0
-2.3798882681564244,0.0,0.0,0.0,0.0,0.0,0.0,0.0,0.0,0.0,0.0,0.0,0.0,0.0,0.0,0.0,0.0,0.0,0.0,0.0,0.0,0.0,0.0,0.0,0.0,0.0,0.0,0.0,0.0,0.0,0.0,0.0,0.0,0.0,0.0,0.0,0.0,0.0,0.0,9.999999999998899e-05,9.999999999998899e-05,0.00029999999999996696,0.00039999999999995595,0.0004999999999999449,0.0010999999999999899,0.0019000000000000128,0.0024999999999999467,0.0046000000000000485,0.00660000000000005,0.01100000000000001,0.016100000000000003,0.023299999999999987,0.034499999999999975,0.045599999999999974,0.0655,0.0877,0.11419999999999997,0.14639999999999997,0.18330000000000002,0.2288,0.28180000000000005,0.3329,0.3901,0.44989999999999997,0.5047,0.5636,0.6155,0.6647,0.7128,0.7514,0.7908,0.8271,0.8615,0.8872,0.9093,0.9296,0.9461,0.9591,0.9696,0.9779,0.982,0.9852,0.9856,0.9806,0.9751,0.9641,0.9489,0.9274,0.9052,0.8764,0.8338,0.7911,0.7451,0.6942,0.6388,0.5827,0.525,0.4686,0.4175,0.3658,0.31800000000000006,0.27269999999999994,0.2338,0.19640000000000002,0.15989999999999993,0.13019999999999998,0.10250000000000004,0.08140000000000003,0.06110000000000004,0.04720000000000002,0.035800000000000054,0.025700000000000056,0.018000000000000016,0.011199999999999988,0.007600000000000051,0.0050000000000000044,0.0032999999999999696,0.0019000000000000128,0.0012999999999999678,0.0006000000000000449,0.00039999999999995595,0.0,0.0,0.0,0.0,0.0,0.0,0.0,0.0,0.0,0.0,0.0,0.0,0.0,0.0,0.0,0.0,0.0,0.0,0.0,0.0,0.0,0.0,0.0,0.0,0.0,0.0,0.0,0.0,0.0,0.0,0.0,0.0,0.0,0.0,0.0,0.0,0.0,0.0,0.0,0.0,0.0,0.0,0.0,0.0,0.0,0.0,0.0,0.0,0.0,0.0,0.0,0.0,0.0,0.0,0.0,0.0,0.0,0.0,0.0,0.0,0.0,0.0,0.0,0.0,0.0,0.0,0.0,0.0,0.0,0.0,0.0,0.0,0.0,0.0,0.0,0.0,0.0,0.0,0.0,0.0,0.0,0.0,0.0,0.0,0.0,0.0,0.0,0.0,0.0,0.0,0.0,0.0,0.0,0.0,0.0,0.0,0.0,0.0,0.0,0.0,0.0,0.0,0.0,0.0,0.0,0.0,0.0,0.0,0.0,0.0,0.0,0.0,0.0,0.0,0.0,0.0,0.0,0.0,0.0,0.0005440696409140244,0.0005440696409140244,0.0016322089227420733,0.004896626768226331,0.01088139281828071,0.02285092491838958,0.04189336235038088,0.09902067464635478,0.1757344940152339,0.25081610446137104,0.34874863982589765,0.4635473340587595,0.5527747551686616,0.6479869423286181,0.7317736670293797,0.809575625680087,0.8710554951033732,0.9075081610446137,0.9347116430903155,0.9483133841131665,0.969532100108814,0.9787812840043526,0.9825897714907508,0.9836779107725789,0.985854189336235,0.985854189336235,0.9825897714907508,0.9717083786724701,0.9472252448313384,0.9080522306855278,0.823177366702938,0.6724700761697497,0.46735582154515776,0.25136017410228506,0.08324265505984763,0.02502720348204568,0.00598476605005438,0.0016322089227420733,0.0,0.0,0.0,0.0,0.0,0.0,0.0,0.0,0.0,0.0,0.0,0.0,0.0,0.0,0.0,0.0,0.0,0.0,0.0,0.0,0.0,0.0,0.0,0.0,0.0,0.0,0.0,0.0,0.0,0.0,0.0,0.0,0.0,0.0,0.0,0.0,0.0,0.0,0.0,0.0,0.0,0.0,0.0
-2.335195530726257,0.0,0.0,0.0,0.0,0.0,0.0,0.0,0.0,0.0,0.0,0.0,0.0,0.0,0.0,0.0,0.0,0.0,0.0,0.0,0.0,0.0,0.0,0.0,0.0,0.0,0.0,0.0,0.0,0.0,0.0,0.0,0.0,0.0,0.0,0.0,0.0,0.0,0.0,9.999999999998899e-05,9.999999999998899e-05,0.00019999999999997797,0.00039999999999995595,0.0004999999999999449,0.0010000000000000009,0.0019000000000000128,0.0024999999999999467,0.0043999999999999595,0.006099999999999994,0.010399999999999965,0.015700000000000047,0.022800000000000042,0.033399999999999985,0.04369999999999996,0.06359999999999999,0.08550000000000002,0.11250000000000004,0.1432,0.17979999999999996,0.22509999999999997,0.2768999999999999,0.32719999999999994,0.3853,0.44599999999999995,0.5007,0.5589,0.6111,0.6616,0.7086,0.7483,0.7876,0.8232,0.8597,0.8859,0.9078,0.9278,0.9448,0.9581,0.9687,0.9765,0.9812,0.9849,0.9849,0.9798,0.9742,0.963,0.9468,0.9257,0.9037,0.8727,0.8305,0.7879,0.7419,0.6888,0.6348,0.5785,0.5199,0.46520000000000006,0.4131,0.3619,0.31420000000000003,0.2693,0.2318,0.19279999999999997,0.15700000000000003,0.128,0.10070000000000001,0.07940000000000003,0.0605,0.046499999999999986,0.03490000000000004,0.024900000000000033,0.01759999999999995,0.010800000000000032,0.007099999999999995,0.0046000000000000485,0.0030999999999999917,0.0017000000000000348,0.0012999999999999678,0.0006000000000000449,0.00039999999999995595,0.0,0.0,0.0,0.0,0.0,0.0,0.0,0.0,0.0,0.0,0.0,0.0,0.0,0.0,0.0,0.0,0.0,0.0,0.0,0.0,0.0,0.0,0.0,0.0,0.0,0.0,0.0,0.0,0.0,0.0,0.0,0.0,0.0,0.0,0.0,0.0,0.0,0.0,0.0,0.0,0.0,0.0,0.0,0.0,0.0,0.0,0.0,0.0,0.0,0.0,0.0,0.0,0.0,0.0,0.0,0.0,0.0,0.0,0.0,0.0,0.0,0.0,0.0,0.0,0.0,0.0,0.0,0.0,0.0,0.0,0.0,0.0,0.0,0.0,0.0,0.0,0.0,0.0,0.0,0.0,0.0,0.0,0.0,0.0,0.0,0.0,0.0,0.0,0.0,0.0,0.0,0.0,0.0,0.0,0.0,0.0,0.0,0.0,0.0,0.0,0.0,0.0,0.0,0.0,0.0,0.0,0.0,0.0,0.0,0.0,0.0,0.0,0.0,0.0,0.0,0.0,0.0,0.0,0.0,0.0005440696409140244,0.0005440696409140244,0.0016322089227420733,0.004896626768226331,0.01088139281828071,0.021762785636561532,0.03862894450489662,0.09249183895538626,0.16430903155603915,0.24319912948857447,0.34004352557127304,0.44613710554951036,0.5402611534276387,0.6381936887921654,0.721436343852013,0.7976060935799782,0.8612622415669206,0.9020674646354734,0.9292709466811752,0.941240478781284,0.9646354733405876,0.9749727965179543,0.9809575625680087,0.9825897714907508,0.9831338411316648,0.9836779107725789,0.9793253536452666,0.9657236126224157,0.9379760609357998,0.8944504896626768,0.8079434167573449,0.6414581066376496,0.4363438520130577,0.23014145810663766,0.07453754080522312,0.020674646354733373,0.005440696409140355,0.0010881392818280489,0.0,0.0,0.0,0.0,0.0,0.0,0.0,0.0,0.0,0.0,0.0,0.0,0.0,0.0,0.0,0.0,0.0,0.0,0.0,0.0,0.0,0.0,0.0,0.0,0.0,0.0,0.0,0.0,0.0,0.0,0.0,0.0,0.0,0.0,0.0,0.0,0.0,0.0,0.0,0.0,0.0,0.0,0.0
-2.2905027932960893,0.0,0.0,0.0,0.0,0.0,0.0,0.0,0.0,0.0,0.0,0.0,0.0,0.0,0.0,0.0,0.0,0.0,0.0,0.0,0.0,0.0,0.0,0.0,0.0,0.0,0.0,0.0,0.0,0.0,0.0,0.0,0.0,0.0,0.0,0.0,0.0,0.0,0.0,9.999999999998899e-05,9.999999999998899e-05,0.00019999999999997797,0.00039999999999995595,0.0004999999999999449,0.0010000000000000009,0.0018000000000000238,0.0024999999999999467,0.0041999999999999815,0.006000000000000005,0.010099999999999998,0.014800000000000035,0.022399999999999975,0.032399999999999984,0.04290000000000005,0.061899999999999955,0.08350000000000002,0.10929999999999995,0.13929999999999998,0.17669999999999997,0.22109999999999996,0.27160000000000006,0.32319999999999993,0.37949999999999995,0.4388000000000001,0.49639999999999995,0.5527,0.6071,0.6563,0.703,0.7452,0.7839,0.8198,0.8565,0.8832,0.906,0.9257,0.9439,0.9567,0.9673,0.9757,0.9804,0.9841,0.984,0.9793,0.9733,0.9618,0.9446,0.9235,0.9015,0.8694,0.8262,0.7836,0.7384,0.6833,0.6298,0.5726,0.5154,0.4606,0.40880000000000005,0.3579,0.3098000000000001,0.2654000000000001,0.22809999999999997,0.18890000000000007,0.15400000000000003,0.1251,0.09860000000000002,0.07720000000000005,0.05889999999999995,0.04520000000000002,0.03390000000000004,0.024399999999999977,0.016900000000000026,0.010700000000000043,0.006900000000000017,0.0044999999999999485,0.0029000000000000137,0.0017000000000000348,0.0012999999999999678,0.0004999999999999449,0.00039999999999995595,0.0,0.0,0.0,0.0,0.0,0.0,0.0,0.0,0.0,0.0,0.0,0.0,0.0,0.0,0.0,0.0,0.0,0.0,0.0,0.0,0.0,0.0,0.0,0.0,0.0,0.0,0.0,0.0,0.0,0.0,0.0,0.0,0.0,0.0,0.0,0.0,0.0,0.0,0.0,0.0,0.0,0.0,0.0,0.0,0.0,0.0,0.0,0.0,0.0,0.0,0.0,0.0,0.0,0.0,0.0,0.0,0.0,0.0,0.0,0.0,0.0,0.0,0.0,0.0,0.0,0.0,0.0,0.0,0.0,0.0,0.0,0.0,0.0,0.0,0.0,0.0,0.0,0.0,0.0,0.0,0.0,0.0,0.0,0.0,0.0,0.0,0.0,0.0,0.0,0.0,0.0,0.0,0.0,0.0,0.0,0.0,0.0,0.0,0.0,0.0,0.0,0.0,0.0,0.0,0.0,0.0,0.0,0.0,0.0,0.0,0.0,0.0,0.0,0.0,0.0,0.0,0.0,0.0,0.0,0.0005440696409140244,0.0005440696409140244,0.0016322089227420733,0.003808487486398282,0.009793253536452662,0.0190424374319913,0.035364526659412365,0.08324265505984763,0.1566920565832426,0.23667029379760607,0.32698585418933623,0.42927094668117527,0.5272034820457019,0.6262241566920566,0.7110990206746464,0.7878128400435256,0.8536452665941241,0.8949945593035908,0.9249183895538629,0.9379760609357998,0.9570184983677911,0.9717083786724701,0.9787812840043526,0.9815016322089227,0.9820457018498367,0.9804134929270947,0.9738846572361263,0.9602829162132753,0.9336235038084875,0.8830250272034821,0.7840043525571273,0.6158868335146899,0.4134929270946681,0.21545157780195867,0.06474428726877046,0.017410228509249226,0.004896626768226331,0.0005440696409140244,0.0,0.0,0.0,0.0,0.0,0.0,0.0,0.0,0.0,0.0,0.0,0.0,0.0,0.0,0.0,0.0,0.0,0.0,0.0,0.0,0.0,0.0,0.0,0.0,0.0,0.0,0.0,0.0,0.0,0.0,0.0,0.0,0.0,0.0,0.0,0.0,0.0,0.0,0.0,0.0,0.0,0.0,0.0
-2.2458100558659218,0.0,0.0,0.0,0.0,0.0,0.0,0.0,0.0,0.0,0.0,0.0,0.0,0.0,0.0,0.0,0.0,0.0,0.0,0.0,0.0,0.0,0.0,0.0,0.0,0.0,0.0,0.0,0.0,0.0,0.0,0.0,0.0,0.0,0.0,0.0,0.0,0.0,0.0,9.999999999998899e-05,9.999999999998899e-05,0.00019999999999997797,0.00039999999999995595,0.0004999999999999449,0.0009000000000000119,0.0018000000000000238,0.0024999999999999467,0.0040999999999999925,0.005900000000000016,0.009800000000000031,0.01429999999999998,0.021399999999999975,0.03169999999999995,0.04169999999999996,0.05989999999999995,0.0817,0.10609999999999997,0.137,0.17320000000000002,0.21699999999999997,0.26580000000000004,0.31800000000000006,0.3742,0.43379999999999996,0.49160000000000004,0.5479,0.6026,0.6516,0.6988,0.7433,0.78,0.8174,0.8544,0.8809,0.9041,0.9236,0.9422,0.9556,0.9663,0.9746,0.9799,0.9834,0.9834,0.9786,0.9719,0.9607,0.9426,0.9222,0.8985,0.8659,0.822,0.7802,0.7338,0.6781,0.6249,0.5671,0.5097,0.45609999999999995,0.4052,0.3537,0.3057000000000001,0.26170000000000004,0.22419999999999995,0.18579999999999997,0.15249999999999997,0.123,0.09619999999999995,0.07579999999999998,0.057599999999999985,0.04379999999999995,0.03290000000000004,0.0232,0.01629999999999998,0.010199999999999987,0.006700000000000039,0.0044999999999999485,0.0027000000000000357,0.0017000000000000348,0.0011999999999999789,0.0004999999999999449,0.00039999999999995595,0.0,0.0,0.0,0.0,0.0,0.0,0.0,0.0,0.0,0.0,0.0,0.0,0.0,0.0,0.0,0.0,0.0,0.0,0.0,0.0,0.0,0.0,0.0,0.0,0.0,0.0,0.0,0.0,0.0,0.0,0.0,0.0,0.0,0.0,0.0,0.0,0.0,0.0,0.0,0.0,0.0,0.0,0.0,0.0,0.0,0.0,0.0,0.0,0.0,0.0,0.0,0.0,0.0,0.0,0.0,0.0,0.0,0.0,0.0,0.0,0.0,0.0,0.0,0.0,0.0,0.0,0.0,0.0,0.0,0.0,0.0,0.0,0.0,0.0,0.0,0.0,0.0,0.0,0.0,0.0,0.0,0.0,0.0,0.0,0.0,0.0,0.0,0.0,0.0,0.0,0.0,0.0,0.0,0.0,0.0,0.0,0.0,0.0,0.0,0.0,0.0,0.0,0.0,0.0,0.0,0.0,0.0,0.0,0.0,0.0,0.0,0.0,0.0,0.0,0.0,0.0,0.0,0.0,0.0,0.0005440696409140244,0.0005440696409140244,0.0016322089227420733,0.003808487486398282,0.009793253536452662,0.01795429815016325,0.031556039173014194,0.0761697497279652,0.14689880304678993,0.22959738846572364,0.3150163220892275,0.41458106637649617,0.5179542981501633,0.6137105549510338,0.7018498367791077,0.7752992383025027,0.8389553862894451,0.8879216539717084,0.9173014145810664,0.9357997823721437,0.9494015233949945,0.9657236126224157,0.9760609357997824,0.9793253536452666,0.9798694232861807,0.9771490750816104,0.969532100108814,0.9515778019586507,0.9249183895538629,0.8694232861806311,0.7616974972796517,0.588139281828074,0.3900979325353645,0.19804134929270945,0.05603917301414585,0.016322089227421066,0.004896626768226331,0.0005440696409140244,0.0,0.0,0.0,0.0,0.0,0.0,0.0,0.0,0.0,0.0,0.0,0.0,0.0,0.0,0.0,0.0,0.0,0.0,0.0,0.0,0.0,0.0,0.0,0.0,0.0,0.0,0.0,0.0,0.0,0.0,0.0,0.0,0.0,0.0,0.0,0.0,0.0,0.0,0.0,0.0,0.0,0.0,0.0
-2.201117318435754,0.0,0.0,0.0,0.0,0.0,0.0,0.0,0.0,0.0,0.0,0.0,0.0,0.0,0.0,0.0,0.0,0.0,0.0,0.0,0.0,0.0,0.0,0.0,0.0,0.0,0.0,0.0,0.0,0.0,0.0,0.0,0.0,0.0,0.0,0.0,0.0,0.0,0.0,9.999999999998899e-05,9.999999999998899e-05,0.00019999999999997797,0.00039999999999995595,0.0004999999999999449,0.0008000000000000229,0.0018000000000000238,0.0022999999999999687,0.0040000000000000036,0.005600000000000049,0.009299999999999975,0.013599999999999945,0.020399999999999974,0.03059999999999996,0.04090000000000005,0.058499999999999996,0.08020000000000005,0.10350000000000004,0.13419999999999999,0.16979999999999995,0.2117,0.26059999999999994,0.3126,0.3677,0.4295,0.4861,0.5406,0.5991,0.6467,0.6937,0.74,0.7755,0.8146,0.8512,0.8789,0.9023,0.9218,0.9402,0.9544,0.965,0.9734,0.9793,0.9826,0.9823,0.9778,0.9706,0.9586,0.94,0.9201,0.8958,0.8617,0.8176,0.7768,0.7284,0.6716,0.6195,0.5618,0.506,0.4509000000000001,0.4001,0.3488,0.3014,0.2572,0.22140000000000004,0.18199999999999994,0.1493,0.12050000000000005,0.09399999999999997,0.07469999999999999,0.056499999999999995,0.04259999999999997,0.03190000000000004,0.022499999999999964,0.01539999999999997,0.009800000000000031,0.00649999999999995,0.0043999999999999595,0.0026000000000000467,0.0016000000000000458,0.0011999999999999789,0.0004999999999999449,0.00039999999999995595,0.0,0.0,0.0,0.0,0.0,0.0,0.0,0.0,0.0,0.0,0.0,0.0,0.0,0.0,0.0,0.0,0.0,0.0,0.0,0.0,0.0,0.0,0.0,0.0,0.0,0.0,0.0,0.0,0.0,0.0,0.0,0.0,0.0,0.0,0.0,0.0,0.0,0.0,0.0,0.0,0.0,0.0,0.0,0.0,0.0,0.0,0.0,0.0,0.0,0.0,0.0,0.0,0.0,0.0,0.0,0.0,0.0,0.0,0.0,0.0,0.0,0.0,0.0,0.0,0.0,0.0,0.0,0.0,0.0,0.0,0.0,0.0,0.0,0.0,0.0,0.0,0.0,0.0,0.0,0.0,0.0,0.0,0.0,0.0,0.0,0.0,0.0,0.0,0.0,0.0,0.0,0.0,0.0,0.0,0.0,0.0,0.0,0.0,0.0,0.0,0.0,0.0,0.0,0.0,0.0,0.0,0.0,0.0,0.0,0.0,0.0,0.0,0.0,0.0,0.0,0.0,0.0,0.0,0.0,0.0005440696409140244,0.0005440696409140244,0.0016322089227420733,0.003808487486398282,0.008705114254624613,0.0168661588683352,0.030467899891186034,0.06909684439608266,0.13710554951033727,0.21926006528835695,0.30794341675734493,0.40152339499455936,0.5097932535364527,0.6001088139281828,0.6860718171926007,0.7600652883569097,0.8286180631120783,0.8803046789989118,0.9124047878128401,0.9341675734494015,0.9423286180631121,0.9608269858541894,0.970076169749728,0.9755168661588683,0.9760609357997824,0.9722524483133841,0.9630032644178455,0.940152339499456,0.911316648531012,0.8536452665941241,0.7404787812840044,0.5620239390642002,0.3639825897714908,0.1713819368879217,0.049510337323177334,0.014145810663764968,0.0043525571273123065,0.0005440696409140244,0.0,0.0,0.0,0.0,0.0,0.0,0.0,0.0,0.0,0.0,0.0,0.0,0.0,0.0,0.0,0.0,0.0,0.0,0.0,0.0,0.0,0.0,0.0,0.0,0.0,0.0,0.0,0.0,0.0,0.0,0.0,0.0,0.0,0.0,0.0,0.0,0.0,0.0,0.0,0.0,0.0,0.0,0.0
-2.1564245810055866,0.0,0.0,0.0,0.0,0.0,0.0,0.0,0.0,0.0,0.0,0.0,0.0,0.0,0.0,0.0,0.0,0.0,0.0,0.0,0.0,0.0,0.0,0.0,0.0,0.0,0.0,0.0,0.0,0.0,0.0,0.0,0.0,0.0,0.0,0.0,0.0,0.0,0.0,9.999999999998899e-05,9.999999999998899e-05,0.00019999999999997797,0.00039999999999995595,0.0004999999999999449,0.0007000000000000339,0.0017000000000000348,0.0020999999999999908,0.0036000000000000476,0.00539999999999996,0.00880000000000003,0.0131,0.01959999999999995,0.02949999999999997,0.03990000000000005,0.056599999999999984,0.07740000000000002,0.10109999999999997,0.13080000000000003,0.16690000000000005,0.20750000000000002,0.2549,0.3066,0.3618,0.4234,0.4811000000000001,0.5346,0.5936,0.6422,0.6896,0.737,0.7718,0.8112,0.8476,0.8755,0.9003,0.9196,0.9384,0.9527,0.9632,0.9727,0.9783,0.9812,0.9818,0.9773,0.9697,0.9573,0.9382,0.9174,0.8924,0.8593,0.8132,0.7731,0.7235,0.6668,0.6145,0.5557,0.5004,0.4466,0.3944,0.3447,0.2966,0.2533000000000001,0.21660000000000001,0.1775,0.1462,0.11780000000000002,0.09230000000000005,0.07269999999999999,0.05500000000000005,0.0413,0.03090000000000004,0.021700000000000053,0.015000000000000013,0.009600000000000053,0.006199999999999983,0.0042999999999999705,0.0026000000000000467,0.0014999999999999458,0.0010999999999999899,0.0004999999999999449,0.00029999999999996696,0.0,0.0,0.0,0.0,0.0,0.0,0.0,0.0,0.0,0.0,0.0,0.0,0.0,0.0,0.0,0.0,0.0,0.0,0.0,0.0,0.0,0.0,0.0,0.0,0.0,0.0,0.0,0.0,0.0,0.0,0.0,0.0,0.0,0.0,0.0,0.0,0.0,0.0,0.0,0.0,0.0,0.0,0.0,0.0,0.0,0.0,0.0,0.0,0.0,0.0,0.0,0.0,0.0,0.0,0.0,0.0,0.0,0.0,0.0,0.0,0.0,0.0,0.0,0.0,0.0,0.0,0.0,0.0,0.0,0.0,0.0,0.0,0.0,0.0,0.0,0.0,0.0,0.0,0.0,0.0,0.0,0.0,0.0,0.0,0.0,0.0,0.0,0.0,0.0,0.0,0.0,0.0,0.0,0.0,0.0,0.0,0.0,0.0,0.0,0.0,0.0,0.0,0.0,0.0,0.0,0.0,0.0,0.0,0.0,0.0,0.0,0.0,0.0,0.0,0.0,0.0,0.0,0.0,0.0,0.0005440696409140244,0.0005440696409140244,0.0016322089227420733,0.003808487486398282,0.008161044613710589,0.016322089227421066,0.029379760609357986,0.06420021762785633,0.13003264417845484,0.20837867247007613,0.2970620239390642,0.3835690968443961,0.49673558215451585,0.5865070729053319,0.6702937976060935,0.7448313384113167,0.8171926006528836,0.8715995647442872,0.9026115342763874,0.9292709466811752,0.9379760609357998,0.9526659412404788,0.9630032644178455,0.970076169749728,0.971164309031556,0.9668117519042437,0.9542981501632208,0.9325353645266594,0.8988030467899891,0.8373231773667029,0.7100108813928183,0.5310119695321001,0.33188248095756256,0.14961915125136016,0.04406964091403698,0.01196953210010876,0.003808487486398282,0.0005440696409140244,0.0,0.0,0.0,0.0,0.0,0.0,0.0,0.0,0.0,0.0,0.0,0.0,0.0,0.0,0.0,0.0,0.0,0.0,0.0,0.0,0.0,0.0,0.0,0.0,0.0,0.0,0.0,0.0,0.0,0.0,0.0,0.0,0.0,0.0,0.0,0.0,0.0,0.0,0.0,0.0,0.0,0.0,0.0
-2.1117318435754187,0.0,0.0,0.0,0.0,0.0,0.0,0.0,0.0,0.0,0.0,0.0,0.0,0.0,0.0,0.0,0.0,0.0,0.0,0.0,0.0,0.0,0.0,0.0,0.0,0.0,0.0,0.0,0.0,0.0,0.0,0.0,0.0,0.0,0.0,0.0,0.0,0.0,0.0,9.999999999998899e-05,9.999999999998899e-05,0.00019999999999997797,0.00039999999999995595,0.0004999999999999449,0.0006000000000000449,0.0016000000000000458,0.0019000000000000128,0.0032999999999999696,0.005299999999999971,0.008199999999999985,0.012299999999999978,0.01870000000000005,0.028200000000000003,0.038799999999999946,0.05489999999999995,0.0746,0.0988,0.12719999999999998,0.16369999999999996,0.20389999999999997,0.25,0.3024,0.357,0.41690000000000005,0.4746,0.5288,0.5883,0.6352,0.6851,0.7324,0.7676,0.8069,0.8435,0.872,0.8984,0.9181,0.9368,0.9512,0.9622,0.9718,0.9774,0.9802,0.9803,0.9768,0.9682,0.9554,0.9364,0.9149,0.889,0.8544,0.8105,0.7684,0.7182,0.6612,0.6085,0.5504,0.4927,0.44179999999999997,0.38870000000000005,0.33919999999999995,0.2923,0.25059999999999993,0.21240000000000003,0.17480000000000007,0.1432,0.11529999999999996,0.09050000000000002,0.07120000000000004,0.05349999999999999,0.04039999999999999,0.030100000000000016,0.021299999999999986,0.013900000000000023,0.009499999999999953,0.005900000000000016,0.0040999999999999925,0.0022999999999999687,0.0014999999999999458,0.0007000000000000339,0.0004999999999999449,0.00019999999999997797,0.0,0.0,0.0,0.0,0.0,0.0,0.0,0.0,0.0,0.0,0.0,0.0,0.0,0.0,0.0,0.0,0.0,0.0,0.0,0.0,0.0,0.0,0.0,0.0,0.0,0.0,0.0,0.0,0.0,0.0,0.0,0.0,0.0,0.0,0.0,0.0,0.0,0.0,0.0,0.0,0.0,0.0,0.0,0.0,0.0,0.0,0.0,0.0,0.0,0.0,0.0,0.0,0.0,0.0,0.0,0.0,0.0,0.0,0.0,0.0,0.0,0.0,0.0,0.0,0.0,0.0,0.0,0.0,0.0,0.0,0.0,0.0,0.0,0.0,0.0,0.0,0.0,0.0,0.0,0.0,0.0,0.0,0.0,0.0,0.0,0.0,0.0,0.0,0.0,0.0,0.0,0.0,0.0,0.0,0.0,0.0,0.0,0.0,0.0,0.0,0.0,0.0,0.0,0.0,0.0,0.0,0.0,0.0,0.0,0.0,0.0,0.0,0.0,0.0,0.0,0.0,0.0,0.0,0.0,0.0005440696409140244,0.0005440696409140244,0.0016322089227420733,0.0032644178454842576,0.008161044613710589,0.01577801958650704,0.02883569096844396,0.05767138193688792,0.12350380848748643,0.1969532100108814,0.2840043525571273,0.37159956474428735,0.4836779107725788,0.5712731229597389,0.6572361262241567,0.735038084874864,0.8025027203482046,0.8623503808487486,0.8960826985854189,0.9216539717083787,0.9357997823721437,0.9428726877040261,0.955386289445049,0.9624591947769314,0.9630032644178455,0.9575625680087051,0.9434167573449401,0.9287268770402611,0.8884657236126224,0.8150163220892275,0.6877040261153428,0.5070729053318824,0.30359085963003263,0.1376496191512514,0.04080522306855272,0.011425462459194735,0.003808487486398282,0.0005440696409140244,0.0,0.0,0.0,0.0,0.0,0.0,0.0,0.0,0.0,0.0,0.0,0.0,0.0,0.0,0.0,0.0,0.0,0.0,0.0,0.0,0.0,0.0,0.0,0.0,0.0,0.0,0.0,0.0,0.0,0.0,0.0,0.0,0.0,0.0,0.0,0.0,0.0,0.0,0.0,0.0,0.0,0.0,0.0
-2.067039106145251,0.0,0.0,0.0,0.0,0.0,0.0,0.0,0.0,0.0,0.0,0.0,0.0,0.0,0.0,0.0,0.0,0.0,0.0,0.0,0.0,0.0,0.0,0.0,0.0,0.0,0.0,0.0,0.0,0.0,0.0,0.0,0.0,0.0,0.0,0.0,0.0,0.0,0.0,9.999999999998899e-05,9.999999999998899e-05,0.00019999999999997797,0.00039999999999995595,0.0004999999999999449,0.0006000000000000449,0.0011999999999999789,0.0019000000000000128,0.0032999999999999696,0.0048000000000000265,0.007800000000000029,0.011900000000000022,0.018199999999999994,0.027200000000000002,0.037900000000000045,0.0524,0.0736,0.09670000000000001,0.124,0.16049999999999998,0.19789999999999996,0.24509999999999998,0.29669999999999996,0.35230000000000006,0.4114,0.4686,0.5239,0.5819,0.6313,0.6802,0.728,0.7639,0.8036,0.8396,0.8688,0.8954,0.9161,0.9348,0.9497,0.9608,0.9711,0.9765,0.9794,0.9796,0.9752,0.9663,0.9531,0.9338,0.9122,0.8855,0.8494,0.8072,0.7631,0.7114,0.6554,0.6017,0.5451,0.4881,0.4357,0.38359999999999994,0.3355,0.2875,0.24560000000000004,0.2097,0.17159999999999997,0.14070000000000005,0.11209999999999998,0.08979999999999999,0.0695,0.052000000000000046,0.038799999999999946,0.029100000000000015,0.020299999999999985,0.012900000000000023,0.008900000000000019,0.005800000000000027,0.0040999999999999925,0.0021999999999999797,0.0013999999999999568,0.0007000000000000339,0.0004999999999999449,9.999999999998899e-05,0.0,0.0,0.0,0.0,0.0,0.0,0.0,0.0,0.0,0.0,0.0,0.0,0.0,0.0,0.0,0.0,0.0,0.0,0.0,0.0,0.0,0.0,0.0,0.0,0.0,0.0,0.0,0.0,0.0,0.0,0.0,0.0,0.0,0.0,0.0,0.0,0.0,0.0,0.0,0.0,0.0,0.0,0.0,0.0,0.0,0.0,0.0,0.0,0.0,0.0,0.0,0.0,0.0,0.0,0.0,0.0,0.0,0.0,0.0,0.0,0.0,0.0,0.0,0.0,0.0,0.0,0.0,0.0,0.0,0.0,0.0,0.0,0.0,0.0,0.0,0.0,0.0,0.0,0.0,0.0,0.0,0.0,0.0,0.0,0.0,0.0,0.0,0.0,0.0,0.0,0.0,0.0,0.0,0.0,0.0,0.0,0.0,0.0,0.0,0.0,0.0,0.0,0.0,0.0,0.0,0.0,0.0,0.0,0.0,0.0,0.0,0.0,0.0,0.0,0.0,0.0,0.0,0.0,0.0,0.0005440696409140244,0.0005440696409140244,0.0010881392818280489,0.0032644178454842576,0.008161044613710589,0.014689880304678993,0.027747551686615912,0.054406964091403665,0.11479869423286182,0.18824809575625678,0.2671381936887922,0.3618063112078347,0.470076169749728,0.5516866158868335,0.6436343852013058,0.720348204570185,0.7894450489662677,0.8492927094668118,0.8879216539717084,0.9145810663764962,0.9330794341675734,0.9379760609357998,0.9472252448313384,0.9532100108813928,0.9532100108813928,0.9494015233949945,0.9341675734494015,0.9167573449401524,0.8764961915125136,0.7905331882480957,0.6566920565832427,0.4787812840043526,0.280195865070729,0.12187159956474425,0.03699673558215455,0.007616974972796564,0.002720348204570233,0.0005440696409140244,0.0,0.0,0.0,0.0,0.0,0.0,0.0,0.0,0.0,0.0,0.0,0.0,0.0,0.0,0.0,0.0,0.0,0.0,0.0,0.0,0.0,0.0,0.0,0.0,0.0,0.0,0.0,0.0,0.0,0.0,0.0,0.0,0.0,0.0,0.0,0.0,0.0,0.0,0.0,0.0,0.0,0.0,0.0
-2.0223463687150836,0.0,0.0,0.0,0.0,0.0,0.0,0.0,0.0,0.0,0.0,0.0,0.0,0.0,0.0,0.0,0.0,0.0,0.0,0.0,0.0,0.0,0.0,0.0,0.0,0.0,0.0,0.0,0.0,0.0,0.0,0.0,0.0,0.0,0.0,0.0,0.0,0.0,0.0,0.0,9.999999999998899e-05,0.00019999999999997797,0.00039999999999995595,0.00039999999999995595,0.0004999999999999449,0.0011999999999999789,0.0019000000000000128,0.0029000000000000137,0.0048000000000000265,0.007600000000000051,0.011600000000000055,0.01749999999999996,0.02629999999999999,0.036699999999999955,0.05049999999999999,0.07130000000000003,0.0937,0.12170000000000003,0.15649999999999997,0.19430000000000003,0.24080000000000001,0.29180000000000006,0.34719999999999995,0.40460000000000007,0.46330000000000005,0.5182,0.5765,0.6265,0.6757,0.7235,0.7597,0.7988,0.8363,0.8664,0.8927,0.9144,0.9332,0.9481,0.9599,0.9701,0.9755,0.9782,0.9781,0.9744,0.965,0.9515,0.9318,0.9099,0.8825,0.844,0.8019,0.7571,0.7059,0.6497,0.5966,0.5396,0.48150000000000004,0.4307000000000001,0.37840000000000007,0.32899999999999996,0.2822,0.243,0.20510000000000006,0.16859999999999997,0.13829999999999998,0.1089,0.08730000000000004,0.06769999999999998,0.051100000000000034,0.038000000000000034,0.02839999999999998,0.01970000000000005,0.012499999999999956,0.008399999999999963,0.005600000000000049,0.0040999999999999925,0.0021999999999999797,0.0013999999999999568,0.0007000000000000339,0.0004999999999999449,0.0,0.0,0.0,0.0,0.0,0.0,0.0,0.0,0.0,0.0,0.0,0.0,0.0,0.0,0.0,0.0,0.0,0.0,0.0,0.0,0.0,0.0,0.0,0.0,0.0,0.0,0.0,0.0,0.0,0.0,0.0,0.0,0.0,0.0,0.0,0.0,0.0,0.0,0.0,0.0,0.0,0.0,0.0,0.0,0.0,0.0,0.0,0.0,0.0,0.0,0.0,0.0,0.0,0.0,0.0,0.0,0.0,0.0,0.0,0.0,0.0,0.0,0.0,0.0,0.0,0.0,0.0,0.0,0.0,0.0,0.0,0.0,0.0,0.0,0.0,0.0,0.0,0.0,0.0,0.0,0.0,0.0,0.0,0.0,0.0,0.0,0.0,0.0,0.0,0.0,0.0,0.0,0.0,0.0,0.0,0.0,0.0,0.0,0.0,0.0,0.0,0.0,0.0,0.0,0.0,0.0,0.0,0.0,0.0,0.0,0.0,0.0,0.0,0.0,0.0,0.0,0.0,0.0,0.0,0.0,0.0,0.0005440696409140244,0.0005440696409140244,0.0032644178454842576,0.007616974972796564,0.012513601741022895,0.026115342763873728,0.05005440696409136,0.10772578890097928,0.18063112078346033,0.25516866158868334,0.3492927094668117,0.45429815016322084,0.5380848748639826,0.6316648531011969,0.7105549510337323,0.778563656147987,0.8351468988030468,0.8792165397170838,0.9085963003264418,0.9270946681175191,0.9363438520130577,0.940152339499456,0.9450489662676823,0.9450489662676823,0.9396082698585418,0.9287268770402611,0.9020674646354734,0.8574537540805223,0.7671381936887922,0.6245919477693145,0.4494015233949946,0.26387377584330796,0.10446137105549513,0.03264417845484224,0.007616974972796564,0.0021762785636560977,0.0005440696409140244,0.0,0.0,0.0,0.0,0.0,0.0,0.0,0.0,0.0,0.0,0.0,0.0,0.0,0.0,0.0,0.0,0.0,0.0,0.0,0.0,0.0,0.0,0.0,0.0,0.0,0.0,0.0,0.0,0.0,0.0,0.0,0.0,0.0,0.0,0.0,0.0,0.0,0.0,0.0,0.0,0.0,0.0,0.0
-1.977653631284916,0.0,0.0,0.0,0.0,0.0,0.0,0.0,0.0,0.0,0.0,0.0,0.0,0.0,0.0,0.0,0.0,0.0,0.0,0.0,0.0,0.0,0.0,0.0,0.0,0.0,0.0,0.0,0.0,0.0,0.0,0.0,0.0,0.0,0.0,0.0,0.0,0.0,0.0,0.0,9.999999999998899e-05,0.00019999999999997797,0.00029999999999996696,0.00039999999999995595,0.0004999999999999449,0.0011999999999999789,0.0019000000000000128,0.0028000000000000247,0.0047000000000000375,0.007099999999999995,0.011299999999999977,0.017000000000000015,0.025000000000000022,0.035499999999999976,0.04859999999999998,0.06840000000000002,0.09150000000000003,0.11850000000000005,0.15290000000000004,0.18920000000000003,0.2358,0.2873,0.34020000000000006,0.3985000000000001,0.4567,0.5126,0.571,0.6211,0.671,0.7187,0.7565,0.7941,0.8322,0.8632,0.8897,0.9114,0.9305,0.9466,0.958,0.9688,0.975,0.977,0.9764,0.9732,0.9635,0.9496,0.9289,0.9078,0.8798,0.8398,0.7967,0.7515,0.7013,0.6448,0.5903,0.5327,0.475,0.4256,0.37270000000000003,0.32499999999999996,0.27879999999999994,0.23819999999999997,0.2015,0.16500000000000004,0.1351,0.10650000000000004,0.08489999999999998,0.06530000000000002,0.049900000000000055,0.0373,0.02729999999999999,0.019000000000000017,0.011900000000000022,0.007900000000000018,0.005499999999999949,0.0038000000000000256,0.0020000000000000018,0.0013999999999999568,0.0007000000000000339,0.0004999999999999449,0.0,0.0,0.0,0.0,0.0,0.0,0.0,0.0,0.0,0.0,0.0,0.0,0.0,0.0,0.0,0.0,0.0,0.0,0.0,0.0,0.0,0.0,0.0,0.0,0.0,0.0,0.0,0.0,0.0,0.0,0.0,0.0,0.0,0.0,0.0,0.0,0.0,0.0,0.0,0.0,0.0,0.0,0.0,0.0,0.0,0.0,0.0,0.0,0.0,0.0,0.0,0.0,0.0,0.0,0.0,0.0,0.0,0.0,0.0,0.0,0.0,0.0,0.0,0.0,0.0,0.0,0.0,0.0,0.0,0.0,0.0,0.0,0.0,0.0,0.0,0.0,0.0,0.0,0.0,0.0,0.0,0.0,0.0,0.0,0.0,0.0,0.0,0.0,0.0,0.0,0.0,0.0,0.0,0.0,0.0,0.0,0.0,0.0,0.0,0.0,0.0,0.0,0.0,0.0,0.0,0.0,0.0,0.0,0.0,0.0,0.0,0.0,0.0,0.0,0.0,0.0,0.0,0.0,0.0,0.0,0.0,0.0005440696409140244,0.0005440696409140244,0.0032644178454842576,0.007072905331882429,0.01196953210010876,0.02393906420021763,0.04298150163220893,0.10010881392818283,0.17247007616974974,0.2459194776931447,0.33569096844396085,0.4341675734494015,0.5244831338411317,0.6147986942328618,0.6953210010881393,0.7578890097932536,0.8220892274211099,0.8715995647442872,0.8966267682263329,0.9167573449401524,0.9330794341675734,0.9374319912948857,0.9385201305767138,0.9379760609357998,0.9341675734494015,0.9227421109902068,0.8911860718171926,0.8433079434167573,0.7426550598476604,0.5941240478781284,0.4216539717083787,0.23612622415669204,0.08759521218715993,0.028291621327529937,0.007072905331882429,0.0021762785636560977,0.0,0.0,0.0,0.0,0.0,0.0,0.0,0.0,0.0,0.0,0.0,0.0,0.0,0.0,0.0,0.0,0.0,0.0,0.0,0.0,0.0,0.0,0.0,0.0,0.0,0.0,0.0,0.0,0.0,0.0,0.0,0.0,0.0,0.0,0.0,0.0,0.0,0.0,0.0,0.0,0.0,0.0,0.0,0.0
-1.932960893854749,0.0,0.0,0.0,0.0,0.0,0.0,0.0,0.0,0.0,0.0,0.0,0.0,0.0,0.0,0.0,0.0,0.0,0.0,0.0,0.0,0.0,0.0,0.0,0.0,0.0,0.0,0.0,0.0,0.0,0.0,0.0,0.0,0.0,0.0,0.0,0.0,0.0,0.0,0.0,9.999999999998899e-05,0.00019999999999997797,0.00029999999999996696,0.00039999999999995595,0.0004999999999999449,0.0010999999999999899,0.0019000000000000128,0.0027000000000000357,0.0047000000000000375,0.00660000000000005,0.011099999999999999,0.01639999999999997,0.023900000000000032,0.034499999999999975,0.046599999999999975,0.06620000000000004,0.08879999999999999,0.11580000000000001,0.14839999999999998,0.18490000000000006,0.23039999999999994,0.2832,0.3340000000000001,0.39139999999999997,0.4504,0.5058,0.5645,0.616,0.6655,0.7132,0.7524,0.7914,0.8271,0.8616,0.887,0.9092,0.9284,0.9451,0.9571,0.9672,0.974,0.9758,0.9753,0.9724,0.9621,0.9477,0.9265,0.9055,0.8758,0.834,0.791,0.7457,0.6958,0.6397,0.5858,0.5255,0.47019999999999995,0.4194,0.36739999999999995,0.3196,0.274,0.235,0.19740000000000002,0.16159999999999997,0.13170000000000004,0.10360000000000003,0.0826,0.06279999999999997,0.04820000000000002,0.03620000000000001,0.0262,0.018199999999999994,0.011499999999999955,0.007499999999999951,0.005099999999999993,0.0036000000000000476,0.0019000000000000128,0.0013999999999999568,0.0006000000000000449,0.00039999999999995595,0.0,0.0,0.0,0.0,0.0,0.0,0.0,0.0,0.0,0.0,0.0,0.0,0.0,0.0,0.0,0.0,0.0,0.0,0.0,0.0,0.0,0.0,0.0,0.0,0.0,0.0,0.0,0.0,0.0,0.0,0.0,0.0,0.0,0.0,0.0,0.0,0.0,0.0,0.0,0.0,0.0,0.0,0.0,0.0,0.0,0.0,0.0,0.0,0.0,0.0,0.0,0.0,0.0,0.0,0.0,0.0,0.0,0.0,0.0,0.0,0.0,0.0,0.0,0.0,0.0,0.0,0.0,0.0,0.0,0.0,0.0,0.0,0.0,0.0,0.0,0.0,0.0,0.0,0.0,0.0,0.0,0.0,0.0,0.0,0.0,0.0,0.0,0.0,0.0,0.0,0.0,0.0,0.0,0.0,0.0,0.0,0.0,0.0,0.0,0.0,0.0,0.0,0.0,0.0,0.0,0.0,0.0,0.0,0.0,0.0,0.0,0.0,0.0,0.0,0.0,0.0,0.0,0.0,0.0,0.0,0.0,0.0005440696409140244,0.0005440696409140244,0.0021762785636560977,0.005440696409140355,0.01088139281828071,0.02285092491838958,0.03971708378672467,0.09194776931447224,0.161044613710555,0.2372143634385201,0.3226332970620239,0.4134929270946681,0.5163220892274211,0.5990206746463548,0.6789989118607181,0.7431991294885746,0.8073993471164309,0.8579978237214363,0.8895538628944505,0.9102285092491839,0.926006528835691,0.9330794341675734,0.9347116430903155,0.9336235038084875,0.9270946681175191,0.9096844396082698,0.8824809575625681,0.8204570184983678,0.7176278563656148,0.5652883569096845,0.3900979325353645,0.21708378672470074,0.07453754080522312,0.024483133841131655,0.006528835690968404,0.0021762785636560977,0.0,0.0,0.0,0.0,0.0,0.0,0.0,0.0,0.0,0.0,0.0,0.0,0.0,0.0,0.0,0.0,0.0,0.0,0.0,0.0,0.0,0.0,0.0,0.0,0.0,0.0,0.0,0.0,0.0,0.0,0.0,0.0,0.0,0.0,0.0,0.0,0.0,0.0,0.0,0.0,0.0,0.0,0.0,0.0
-1.888268156424581,0.0,0.0,0.0,0.0,0.0,0.0,0.0,0.0,0.0,0.0,0.0,0.0,0.0,0.0,0.0,0.0,0.0,0.0,0.0,0.0,0.0,0.0,0.0,0.0,0.0,0.0,0.0,0.0,0.0,0.0,0.0,0.0,0.0,0.0,0.0,0.0,0.0,0.0,0.0,9.999999999998899e-05,9.999999999998899e-05,0.00029999999999996696,0.00039999999999995595,0.0004999999999999449,0.0010999999999999899,0.0019000000000000128,0.0024999999999999467,0.0043999999999999595,0.00649999999999995,0.010600000000000054,0.015900000000000025,0.0232,0.03380000000000005,0.044300000000000006,0.06410000000000005,0.08620000000000005,0.11250000000000004,0.1441,0.18059999999999998,0.22540000000000004,0.27760000000000007,0.3277,0.38569999999999993,0.44530000000000003,0.5013,0.5574,0.6105,0.6605,0.7074,0.7483,0.7875,0.8231,0.8593,0.8849,0.9072,0.9257,0.9433,0.9555,0.9653,0.9727,0.9745,0.9743,0.9709,0.9604,0.9449,0.9238,0.9029,0.8717,0.8292,0.7873,0.7415,0.6879,0.6348,0.5779,0.5204,0.4650000000000001,0.4135,0.3615999999999999,0.31410000000000005,0.26990000000000003,0.23160000000000003,0.19340000000000002,0.1572,0.12829999999999997,0.10089999999999999,0.08020000000000005,0.06059999999999999,0.046699999999999964,0.0353,0.02529999999999999,0.01770000000000005,0.01100000000000001,0.007199999999999984,0.0048000000000000265,0.0031999999999999806,0.0019000000000000128,0.0012999999999999678,0.0006000000000000449,0.00039999999999995595,0.0,0.0,0.0,0.0,0.0,0.0,0.0,0.0,0.0,0.0,0.0,0.0,0.0,0.0,0.0,0.0,0.0,0.0,0.0,0.0,0.0,0.0,0.0,0.0,0.0,0.0,0.0,0.0,0.0,0.0,0.0,0.0,0.0,0.0,0.0,0.0,0.0,0.0,0.0,0.0,0.0,0.0,0.0,0.0,0.0,0.0,0.0,0.0,0.0,0.0,0.0,0.0,0.0,0.0,0.0,0.0,0.0,0.0,0.0,0.0,0.0,0.0,0.0,0.0,0.0,0.0,0.0,0.0,0.0,0.0,0.0,0.0,0.0,0.0,0.0,0.0,0.0,0.0,0.0,0.0,0.0,0.0,0.0,0.0,0.0,0.0,0.0,0.0,0.0,0.0,0.0,0.0,0.0,0.0,0.0,0.0,0.0,0.0,0.0,0.0,0.0,0.0,0.0,0.0,0.0,0.0,0.0,0.0,0.0,0.0,0.0,0.0,0.0,0.0,0.0,0.0,0.0,0.0,0.0,0.0,0.0,0.0005440696409140244,0.0005440696409140244,0.0016322089227420733,0.004896626768226331,0.01088139281828071,0.020674646354733373,0.035364526659412365,0.08161044613710555,0.1507072905331882,0.2285092491838956,0.3112078346028291,0.4004352557127313,0.5016322089227421,0.5832426550598476,0.6621327529923831,0.7295973884657236,0.7916213275299239,0.8433079434167573,0.8808487486398259,0.9015233949945594,0.9162132752992383,0.9287268770402611,0.9303590859630033,0.9276387377584331,0.9194776931447225,0.897170837867247,0.8694232861806311,0.79379760609358,0.691512513601741,0.5369967355821545,0.36724700761697493,0.1969532100108814,0.06202393906420023,0.01795429815016325,0.005440696409140355,0.0016322089227420733,0.0,0.0,0.0,0.0,0.0,0.0,0.0,0.0,0.0,0.0,0.0,0.0,0.0,0.0,0.0,0.0,0.0,0.0,0.0,0.0,0.0,0.0,0.0,0.0,0.0,0.0,0.0,0.0,0.0,0.0,0.0,0.0,0.0,0.0,0.0,0.0,0.0,0.0,0.0,0.0,0.0,0.0,0.0,0.0
-1.843575418994413,0.0,0.0,0.0,0.0,0.0,0.0,0.0,0.0,0.0,0.0,0.0,0.0,0.0,0.0,0.0,0.0,0.0,0.0,0.0,0.0,0.0,0.0,0.0,0.0,0.0,0.0,0.0,0.0,0.0,0.0,0.0,0.0,0.0,0.0,0.0,0.0,0.0,0.0,0.0,9.999999999998899e-05,9.999999999998899e-05,0.00019999999999997797,0.00039999999999995595,0.0004999999999999449,0.0010000000000000009,0.0018000000000000238,0.0024999999999999467,0.0041999999999999815,0.006000000000000005,0.010199999999999987,0.014900000000000024,0.022499999999999964,0.03249999999999997,0.04310000000000003,0.061799999999999966,0.08379999999999999,0.1099,0.13939999999999997,0.17569999999999997,0.22099999999999997,0.27059999999999995,0.3215,0.37840000000000007,0.4377,0.49459999999999993,0.5504,0.6061,0.6549,0.7016,0.7441,0.7824,0.8185,0.8558,0.8817,0.9048,0.9233,0.9418,0.9542,0.9638,0.9712,0.9727,0.973,0.9692,0.9588,0.9413,0.922,0.8997,0.8666,0.8234,0.7828,0.736,0.6814,0.6285,0.5711,0.5143,0.4595,0.4082,0.35650000000000004,0.3095,0.2649,0.22750000000000004,0.18920000000000003,0.15400000000000003,0.1251,0.09850000000000003,0.07769999999999999,0.05879999999999996,0.04520000000000002,0.03410000000000002,0.024399999999999977,0.016900000000000026,0.010700000000000043,0.006900000000000017,0.0044999999999999485,0.0029000000000000137,0.0017000000000000348,0.0012999999999999678,0.0006000000000000449,0.00039999999999995595,0.0,0.0,0.0,0.0,0.0,0.0,0.0,0.0,0.0,0.0,0.0,0.0,0.0,0.0,0.0,0.0,0.0,0.0,0.0,0.0,0.0,0.0,0.0,0.0,0.0,0.0,0.0,0.0,0.0,0.0,0.0,0.0,0.0,0.0,0.0,0.0,0.0,0.0,0.0,0.0,0.0,0.0,0.0,0.0,0.0,0.0,0.0,0.0,0.0,0.0,0.0,0.0,0.0,0.0,0.0,0.0,0.0,0.0,0.0,0.0,0.0,0.0,0.0,0.0,0.0,0.0,0.0,0.0,0.0,0.0,0.0,0.0,0.0,0.0,0.0,0.0,0.0,0.0,0.0,0.0,0.0,0.0,0.0,0.0,0.0,0.0,0.0,0.0,0.0,0.0,0.0,0.0,0.0,0.0,0.0,0.0,0.0,0.0,0.0,0.0,0.0,0.0,0.0,0.0,0.0,0.0,0.0,0.0,0.0,0.0,0.0,0.0,0.0,0.0,0.0,0.0,0.0,0.0,0.0,0.0,0.0,0.0005440696409140244,0.0005440696409140244,0.0016322089227420733,0.003808487486398282,0.009793253536452662,0.018498367791077275,0.031556039173014194,0.07399347116430899,0.13819368879216543,0.21653971708378672,0.30032644178454837,0.37812840043525564,0.48585418933623503,0.5669205658324266,0.64689880304679,0.7176278563656148,0.7769314472252449,0.8291621327529923,0.8710554951033732,0.8917301414581066,0.9080522306855278,0.9167573449401524,0.9200217627856365,0.9194776931447225,0.9080522306855278,0.8884657236126224,0.8482045701849836,0.7676822633297062,0.6577801958650707,0.5054406964091404,0.3264417845484222,0.16866158868335146,0.05223068552774757,0.0168661588683352,0.004896626768226331,0.0005440696409140244,0.0,0.0,0.0,0.0,0.0,0.0,0.0,0.0,0.0,0.0,0.0,0.0,0.0,0.0,0.0,0.0,0.0,0.0,0.0,0.0,0.0,0.0,0.0,0.0,0.0,0.0,0.0,0.0,0.0,0.0,0.0,0.0,0.0,0.0,0.0,0.0,0.0,0.0,0.0,0.0,0.0,0.0,0.0,0.0
-1.7988826815642458,0.0,0.0,0.0,0.0,0.0,0.0,0.0,0.0,0.0,0.0,0.0,0.0,0.0,0.0,0.0,0.0,0.0,0.0,0.0,0.0,0.0,0.0,0.0,0.0,0.0,0.0,0.0,0.0,0.0,0.0,0.0,0.0,0.0,0.0,0.0,0.0,0.0,0.0,0.0,9.999999999998899e-05,9.999999999998899e-05,0.00019999999999997797,0.00039999999999995595,0.0004999999999999449,0.0009000000000000119,0.0018000000000000238,0.0024999999999999467,0.0040000000000000036,0.005900000000000016,0.009700000000000042,0.014100000000000001,0.021199999999999997,0.03180000000000005,0.04169999999999996,0.059799999999999964,0.08150000000000002,0.1058,0.13559999999999994,0.17199999999999993,0.21550000000000002,0.2632,0.31509999999999994,0.3712,0.4313,0.48849999999999993,0.5431,0.6005,0.6482,0.6962,0.7408,0.7771,0.8149,0.8523,0.8791,0.9014,0.9208,0.9394,0.9521,0.9621,0.9694,0.9717,0.9713,0.9669,0.9566,0.9392,0.9194,0.8964,0.8628,0.819,0.7783,0.7305,0.6752,0.6225,0.5644,0.5075,0.45399999999999996,0.40290000000000004,0.3526,0.30410000000000004,0.25970000000000004,0.22250000000000003,0.1844,0.15139999999999998,0.12239999999999995,0.09589999999999999,0.07550000000000001,0.05720000000000003,0.04349999999999998,0.03310000000000002,0.023399999999999976,0.01639999999999997,0.00990000000000002,0.00660000000000005,0.0044999999999999485,0.0027000000000000357,0.0017000000000000348,0.0011999999999999789,0.0004999999999999449,0.00039999999999995595,0.0,0.0,0.0,0.0,0.0,0.0,0.0,0.0,0.0,0.0,0.0,0.0,0.0,0.0,0.0,0.0,0.0,0.0,0.0,0.0,0.0,0.0,0.0,0.0,0.0,0.0,0.0,0.0,0.0,0.0,0.0,0.0,0.0,0.0,0.0,0.0,0.0,0.0,0.0,0.0,0.0,0.0,0.0,0.0,0.0,0.0,0.0,0.0,0.0,0.0,0.0,0.0,0.0,0.0,0.0,0.0,0.0,0.0,0.0,0.0,0.0,0.0,0.0,0.0,0.0,0.0,0.0,0.0,0.0,0.0,0.0,0.0,0.0,0.0,0.0,0.0,0.0,0.0,0.0,0.0,0.0,0.0,0.0,0.0,0.0,0.0,0.0,0.0,0.0,0.0,0.0,0.0,0.0,0.0,0.0,0.0,0.0,0.0,0.0,0.0,0.0,0.0,0.0,0.0,0.0,0.0,0.0,0.0,0.0,0.0,0.0,0.0,0.0,0.0,0.0,0.0,0.0,0.0,0.0,0.0,0.0,0.0005440696409140244,0.0005440696409140244,0.0016322089227420733,0.003808487486398282,0.008705114254624613,0.017410228509249226,0.030467899891186034,0.06692056583242656,0.1294885745375408,0.2034820457018498,0.28454842219804133,0.36779107725788895,0.47170837867247006,0.543525571273123,0.6332970620239391,0.7013057671381937,0.7568008705114254,0.8133841131664853,0.8563656147986942,0.8819368879216539,0.8966267682263329,0.9075081610446137,0.9091403699673558,0.9069640914036997,0.8928182807399347,0.8754080522306855,0.8286180631120783,0.7426550598476604,0.6278563656147987,0.4744287268770402,0.3030467899891186,0.14907508161044614,0.04624591947769319,0.013601741022850944,0.004896626768226331,0.0005440696409140244,0.0,0.0,0.0,0.0,0.0,0.0,0.0,0.0,0.0,0.0,0.0,0.0,0.0,0.0,0.0,0.0,0.0,0.0,0.0,0.0,0.0,0.0,0.0,0.0,0.0,0.0,0.0,0.0,0.0,0.0,0.0,0.0,0.0,0.0,0.0,0.0,0.0,0.0,0.0,0.0,0.0,0.0,0.0,0.0
-1.7541899441340778,0.0,0.0,0.0,0.0,0.0,0.0,0.0,0.0,0.0,0.0,0.0,0.0,0.0,0.0,0.0,0.0,0.0,0.0,0.0,0.0,0.0,0.0,0.0,0.0,0.0,0.0,0.0,0.0,0.0,0.0,0.0,0.0,0.0,0.0,0.0,0.0,0.0,0.0,0.0,9.999999999998899e-05,9.999999999998899e-05,0.00019999999999997797,0.00039999999999995595,0.0004999999999999449,0.0008000000000000229,0.0018000000000000238,0.0022999999999999687,0.0038000000000000256,0.005600000000000049,0.009199999999999986,0.013499999999999956,0.020000000000000018,0.030299999999999994,0.0403,0.05789999999999995,0.07889999999999997,0.10270000000000001,0.132,0.16849999999999998,0.2098,0.258,0.30879999999999996,0.36349999999999993,0.4247000000000001,0.4808,0.5361,0.5941,0.6416,0.6897,0.7373,0.772,0.8111,0.8473,0.8759,0.8994,0.9189,0.9364,0.9499,0.9601,0.9681,0.9703,0.9696,0.9654,0.9548,0.9361,0.9161,0.8924,0.8586,0.8138,0.7732,0.7234,0.668,0.6154,0.5574,0.502,0.4474,0.39680000000000004,0.34620000000000006,0.29790000000000005,0.2553000000000001,0.21860000000000002,0.17930000000000001,0.1472,0.11909999999999998,0.09289999999999998,0.07389999999999997,0.05579999999999996,0.04169999999999996,0.031399999999999983,0.022199999999999998,0.01539999999999997,0.009700000000000042,0.00649999999999995,0.0043999999999999595,0.0026000000000000467,0.0014999999999999458,0.0011999999999999789,0.0004999999999999449,0.00039999999999995595,0.0,0.0,0.0,0.0,0.0,0.0,0.0,0.0,0.0,0.0,0.0,0.0,0.0,0.0,0.0,0.0,0.0,0.0,0.0,0.0,0.0,0.0,0.0,0.0,0.0,0.0,0.0,0.0,0.0,0.0,0.0,0.0,0.0,0.0,0.0,0.0,0.0,0.0,0.0,0.0,0.0,0.0,0.0,0.0,0.0,0.0,0.0,0.0,0.0,0.0,0.0,0.0,0.0,0.0,0.0,0.0,0.0,0.0,0.0,0.0,0.0,0.0,0.0,0.0,0.0,0.0,0.0,0.0,0.0,0.0,0.0,0.0,0.0,0.0,0.0,0.0,0.0,0.0,0.0,0.0,0.0,0.0,0.0,0.0,0.0,0.0,0.0,0.0,0.0,0.0,0.0,0.0,0.0,0.0,0.0,0.0,0.0,0.0,0.0,0.0,0.0,0.0,0.0,0.0,0.0,0.0,0.0,0.0,0.0,0.0,0.0,0.0,0.0,0.0,0.0,0.0,0.0,0.0,0.0,0.0,0.0,0.0005440696409140244,0.0005440696409140244,0.0016322089227420733,0.003808487486398282,0.008161044613710589,0.016322089227421066,0.029379760609357986,0.05984766050054402,0.12132752992383022,0.19205658324265507,0.2665941240478782,0.3531011969532101,0.45429815016322084,0.529379760609358,0.6126224156692056,0.6860718171926007,0.7431991294885746,0.7965179542981502,0.838411316648531,0.8737758433079434,0.8868335146898803,0.897170837867247,0.9020674646354734,0.8960826985854189,0.8830250272034821,0.8623503808487486,0.7992383025027203,0.7181719260065288,0.5935799782372143,0.4450489662676822,0.2780195865070729,0.13166485310119702,0.040261153427638696,0.01196953210010876,0.0043525571273123065,0.0005440696409140244,0.0,0.0,0.0,0.0,0.0,0.0,0.0,0.0,0.0,0.0,0.0,0.0,0.0,0.0,0.0,0.0,0.0,0.0,0.0,0.0,0.0,0.0,0.0,0.0,0.0,0.0,0.0,0.0,0.0,0.0,0.0,0.0,0.0,0.0,0.0,0.0,0.0,0.0,0.0,0.0,0.0,0.0,0.0,0.0
-1.7094972067039107,0.0,0.0,0.0,0.0,0.0,0.0,0.0,0.0,0.0,0.0,0.0,0.0,0.0,0.0,0.0,0.0,0.0,0.0,0.0,0.0,0.0,0.0,0.0,0.0,0.0,0.0,0.0,0.0,0.0,0.0,0.0,0.0,0.0,0.0,0.0,0.0,0.0,0.0,0.0,9.999999999998899e-05,9.999999999998899e-05,0.00019999999999997797,0.00039999999999995595,0.0004999999999999449,0.0007000000000000339,0.0017000000000000348,0.0020999999999999908,0.0033999999999999586,0.00539999999999996,0.008299999999999974,0.012700000000000045,0.019100000000000006,0.02859999999999996,0.03939999999999999,0.055499999999999994,0.07569999999999999,0.09989999999999999,0.12839999999999996,0.16500000000000004,0.20479999999999998,0.25059999999999993,0.30279999999999996,0.3578,0.4184,0.4749,0.5291,0.5876,0.6362,0.6845,0.733,0.7674,0.8073,0.843,0.8711,0.8964,0.9168,0.9347,0.9478,0.9584,0.9667,0.9689,0.9684,0.9631,0.9526,0.9337,0.9129,0.8879,0.8531,0.8096,0.7676,0.7165,0.6614,0.6083,0.5517,0.49429999999999996,0.44290000000000007,0.3899,0.3413999999999999,0.2932,0.251,0.2136,0.17480000000000007,0.14380000000000004,0.11560000000000004,0.09119999999999995,0.07150000000000001,0.05349999999999999,0.04079999999999995,0.030200000000000005,0.021299999999999986,0.014599999999999946,0.009499999999999953,0.006000000000000005,0.0042999999999999705,0.0023999999999999577,0.0014999999999999458,0.0010000000000000009,0.0004999999999999449,0.00019999999999997797,0.0,0.0,0.0,0.0,0.0,0.0,0.0,0.0,0.0,0.0,0.0,0.0,0.0,0.0,0.0,0.0,0.0,0.0,0.0,0.0,0.0,0.0,0.0,0.0,0.0,0.0,0.0,0.0,0.0,0.0,0.0,0.0,0.0,0.0,0.0,0.0,0.0,0.0,0.0,0.0,0.0,0.0,0.0,0.0,0.0,0.0,0.0,0.0,0.0,0.0,0.0,0.0,0.0,0.0,0.0,0.0,0.0,0.0,0.0,0.0,0.0,0.0,0.0,0.0,0.0,0.0,0.0,0.0,0.0,0.0,0.0,0.0,0.0,0.0,0.0,0.0,0.0,0.0,0.0,0.0,0.0,0.0,0.0,0.0,0.0,0.0,0.0,0.0,0.0,0.0,0.0,0.0,0.0,0.0,0.0,0.0,0.0,0.0,0.0,0.0,0.0,0.0,0.0,0.0,0.0,0.0,0.0,0.0,0.0,0.0,0.0,0.0,0.0,0.0,0.0,0.0,0.0,0.0,0.0,0.0,0.0,0.0005440696409140244,0.0005440696409140244,0.0016322089227420733,0.0032644178454842576,0.008161044613710589,0.01577801958650704,0.028291621327529937,0.054406964091403665,0.11262241566920561,0.1844396082698585,0.2524483133841131,0.34004352557127304,0.4303590859630033,0.5174102285092492,0.5968443960826986,0.6670293797606094,0.7268770402611534,0.7780195865070729,0.8264417845484222,0.8579978237214363,0.8781284004352558,0.8868335146898803,0.8879216539717084,0.8824809575625681,0.8748639825897715,0.8389553862894451,0.7736670293797606,0.6991294885745375,0.5647442872687704,0.4151251360174102,0.2562568008705115,0.11262241566920561,0.037540805223068574,0.01088139281828071,0.003808487486398282,0.0005440696409140244,0.0,0.0,0.0,0.0,0.0,0.0,0.0,0.0,0.0,0.0,0.0,0.0,0.0,0.0,0.0,0.0,0.0,0.0,0.0,0.0,0.0,0.0,0.0,0.0,0.0,0.0,0.0,0.0,0.0,0.0,0.0,0.0,0.0,0.0,0.0,0.0,0.0,0.0,0.0,0.0,0.0,0.0,0.0,0.0
-1.6648044692737427,0.0,0.0,0.0,0.0,0.0,0.0,0.0,0.0,0.0,0.0,0.0,0.0,0.0,0.0,0.0,0.0,0.0,0.0,0.0,0.0,0.0,0.0,0.0,0.0,0.0,0.0,0.0,0.0,0.0,0.0,0.0,0.0,0.0,0.0,0.0,0.0,0.0,0.0,0.0,9.999999999998899e-05,9.999999999998899e-05,0.00019999999999997797,0.00039999999999995595,0.0004999999999999449,0.0006000000000000449,0.0012999999999999678,0.0019000000000000128,0.0032999999999999696,0.005199999999999982,0.008099999999999996,0.01200000000000001,0.018399999999999972,0.02729999999999999,0.037900000000000045,0.053200000000000025,0.07330000000000003,0.09709999999999996,0.125,0.16080000000000005,0.19930000000000003,0.24519999999999997,0.29689999999999994,0.35119999999999996,0.4104,0.46740000000000004,0.5227,0.5806,0.6295,0.6794,0.7279,0.7627,0.8017,0.8379,0.8677,0.8937,0.9142,0.932,0.9467,0.957,0.9652,0.9675,0.9667,0.9613,0.9503,0.9311,0.9099,0.884,0.8472,0.8047,0.7615,0.7099,0.655,0.6013,0.5447,0.487,0.4363,0.3833,0.3355,0.2872,0.24609999999999999,0.2098,0.17149999999999999,0.14060000000000006,0.11270000000000002,0.08960000000000001,0.06930000000000003,0.0524,0.039100000000000024,0.029100000000000015,0.02070000000000005,0.013299999999999979,0.009099999999999997,0.005900000000000016,0.0040999999999999925,0.0021999999999999797,0.0013999999999999568,0.0007000000000000339,0.0004999999999999449,9.999999999998899e-05,0.0,0.0,0.0,0.0,0.0,0.0,0.0,0.0,0.0,0.0,0.0,0.0,0.0,0.0,0.0,0.0,0.0,0.0,0.0,0.0,0.0,0.0,0.0,0.0,0.0,0.0,0.0,0.0,0.0,0.0,0.0,0.0,0.0,0.0,0.0,0.0,0.0,0.0,0.0,0.0,0.0,0.0,0.0,0.0,0.0,0.0,0.0,0.0,0.0,0.0,0.0,0.0,0.0,0.0,0.0,0.0,0.0,0.0,0.0,0.0,0.0,0.0,0.0,0.0,0.0,0.0,0.0,0.0,0.0,0.0,0.0,0.0,0.0,0.0,0.0,0.0,0.0,0.0,0.0,0.0,0.0,0.0,0.0,0.0,0.0,0.0,0.0,0.0,0.0,0.0,0.0,0.0,0.0,0.0,0.0,0.0,0.0,0.0,0.0,0.0,0.0,0.0,0.0,0.0,0.0,0.0,0.0,0.0,0.0,0.0,0.0,0.0,0.0,0.0,0.0,0.0,0.0,0.0,0.0,0.0,0.0,0.0005440696409140244,0.0005440696409140244,0.0016322089227420733,0.0032644178454842576,0.008161044613710589,0.014689880304678993,0.026659412404787863,0.047334058759521236,0.10446137105549513,0.17301414581066377,0.24428726877040263,0.3237214363438521,0.41186071817192604,0.5043525571273123,0.5783460282916213,0.6517954298150164,0.7132752992383025,0.7595212187159956,0.808487486398259,0.8405875952121872,0.8694232861806311,0.8770402611534276,0.8786724700761698,0.8754080522306855,0.8574537540805223,0.8144722524483133,0.7486398258977149,0.6659412404787813,0.5348204570184983,0.3873775843307943,0.2312295973884657,0.09412404787812845,0.03373231773667029,0.008705114254624613,0.003808487486398282,0.0005440696409140244,0.0,0.0,0.0,0.0,0.0,0.0,0.0,0.0,0.0,0.0,0.0,0.0,0.0,0.0,0.0,0.0,0.0,0.0,0.0,0.0,0.0,0.0,0.0,0.0,0.0,0.0,0.0,0.0,0.0,0.0,0.0,0.0,0.0,0.0,0.0,0.0,0.0,0.0,0.0,0.0,0.0,0.0,0.0,0.0
-1.6201117318435756,0.0,0.0,0.0,0.0,0.0,0.0,0.0,0.0,0.0,0.0,0.0,0.0,0.0,0.0,0.0,0.0,0.0,0.0,0.0,0.0,0.0,0.0,0.0,0.0,0.0,0.0,0.0,0.0,0.0,0.0,0.0,0.0,0.0,0.0,0.0,0.0,0.0,0.0,0.0,0.0,9.999999999998899e-05,0.00019999999999997797,0.00039999999999995595,0.0004999999999999449,0.0004999999999999449,0.0011999999999999789,0.0019000000000000128,0.0030000000000000027,0.0048000000000000265,0.007600000000000051,0.011700000000000044,0.01759999999999995,0.026699999999999946,0.036599999999999966,0.0504,0.07130000000000003,0.09350000000000003,0.12129999999999996,0.15670000000000006,0.1935,0.23970000000000002,0.2916000000000001,0.3447,0.40369999999999995,0.4608,0.5165,0.5746,0.6245,0.6734,0.7216,0.7583,0.797,0.8345,0.8642,0.8911,0.9118,0.9296,0.9444,0.9548,0.9638,0.9661,0.9648,0.9594,0.9476,0.9278,0.907,0.8803,0.8416,0.7991,0.7548,0.7039,0.6482,0.595,0.537,0.48009999999999997,0.42999999999999994,0.377,0.3286,0.28170000000000006,0.24180000000000001,0.20489999999999997,0.1674,0.13759999999999994,0.10899999999999999,0.08740000000000003,0.06740000000000002,0.051000000000000045,0.038000000000000034,0.02839999999999998,0.01980000000000004,0.012499999999999956,0.008399999999999963,0.005700000000000038,0.0040999999999999925,0.0021999999999999797,0.0013999999999999568,0.0007000000000000339,0.0004999999999999449,9.999999999998899e-05,0.0,0.0,0.0,0.0,0.0,0.0,0.0,0.0,0.0,0.0,0.0,0.0,0.0,0.0,0.0,0.0,0.0,0.0,0.0,0.0,0.0,0.0,0.0,0.0,0.0,0.0,0.0,0.0,0.0,0.0,0.0,0.0,0.0,0.0,0.0,0.0,0.0,0.0,0.0,0.0,0.0,0.0,0.0,0.0,0.0,0.0,0.0,0.0,0.0,0.0,0.0,0.0,0.0,0.0,0.0,0.0,0.0,0.0,0.0,0.0,0.0,0.0,0.0,0.0,0.0,0.0,0.0,0.0,0.0,0.0,0.0,0.0,0.0,0.0,0.0,0.0,0.0,0.0,0.0,0.0,0.0,0.0,0.0,0.0,0.0,0.0,0.0,0.0,0.0,0.0,0.0,0.0,0.0,0.0,0.0,0.0,0.0,0.0,0.0,0.0,0.0,0.0,0.0,0.0,0.0,0.0,0.0,0.0,0.0,0.0,0.0,0.0,0.0,0.0,0.0,0.0,0.0,0.0,0.0,0.0,0.0,0.0005440696409140244,0.0005440696409140244,0.0005440696409140244,0.0032644178454842576,0.007616974972796564,0.01196953210010876,0.025571273122959703,0.04189336235038088,0.09466811751904247,0.15995647442872685,0.23394994559303595,0.309575625680087,0.3900979325353645,0.48857453754080526,0.5544069640914037,0.6360174102285092,0.6958650707290533,0.7448313384113167,0.7889009793253536,0.8258977149075082,0.8520130576713819,0.8656147986942329,0.8688792165397171,0.8607181719260065,0.8351468988030468,0.7861806311207835,0.7263329706202394,0.6322089227421109,0.5043525571273123,0.35745375408052227,0.2094668117519043,0.08106637649619153,0.028291621327529937,0.007072905331882429,0.0021762785636560977,0.0005440696409140244,0.0,0.0,0.0,0.0,0.0,0.0,0.0,0.0,0.0,0.0,0.0,0.0,0.0,0.0,0.0,0.0,0.0,0.0,0.0,0.0,0.0,0.0,0.0,0.0,0.0,0.0,0.0,0.0,0.0,0.0,0.0,0.0,0.0,0.0,0.0,0.0,0.0,0.0,0.0,0.0,0.0,0.0,0.0,0.0
-1.5754189944134076,0.0,0.0,0.0,0.0,0.0,0.0,0.0,0.0,0.0,0.0,0.0,0.0,0.0,0.0,0.0,0.0,0.0,0.0,0.0,0.0,0.0,0.0,0.0,0.0,0.0,0.0,0.0,0.0,0.0,0.0,0.0,0.0,0.0,0.0,0.0,0.0,0.0,0.0,0.0,0.0,9.999999999998899e-05,0.00019999999999997797,0.00039999999999995595,0.00039999999999995595,0.0004999999999999449,0.0011999999999999789,0.0019000000000000128,0.0027000000000000357,0.0048000000000000265,0.007299999999999973,0.011299999999999977,0.017000000000000015,0.025000000000000022,0.035800000000000054,0.048799999999999955,0.06869999999999998,0.09060000000000001,0.11840000000000006,0.15179999999999993,0.18920000000000003,0.23439999999999994,0.2863,0.33830000000000005,0.39460000000000006,0.4544,0.5093,0.5676,0.6179,0.6678,0.7156,0.7543,0.7929,0.8294,0.8618,0.887,0.9085,0.9261,0.9426,0.9538,0.9623,0.9646,0.9624,0.9569,0.9454,0.9246,0.9047,0.8751,0.8355,0.7932,0.7492,0.6972,0.6425,0.5889,0.5299,0.47340000000000004,0.42369999999999997,0.37129999999999996,0.3228,0.2772,0.23740000000000006,0.1997,0.16449999999999998,0.13450000000000006,0.10570000000000002,0.08450000000000002,0.06499999999999995,0.049900000000000055,0.036900000000000044,0.027599999999999958,0.019299999999999984,0.011900000000000022,0.007800000000000029,0.00539999999999996,0.0040000000000000036,0.0020000000000000018,0.0013999999999999568,0.0007000000000000339,0.0004999999999999449,0.0,0.0,0.0,0.0,0.0,0.0,0.0,0.0,0.0,0.0,0.0,0.0,0.0,0.0,0.0,0.0,0.0,0.0,0.0,0.0,0.0,0.0,0.0,0.0,0.0,0.0,0.0,0.0,0.0,0.0,0.0,0.0,0.0,0.0,0.0,0.0,0.0,0.0,0.0,0.0,0.0,0.0,0.0,0.0,0.0,0.0,0.0,0.0,0.0,0.0,0.0,0.0,0.0,0.0,0.0,0.0,0.0,0.0,0.0,0.0,0.0,0.0,0.0,0.0,0.0,0.0,0.0,0.0,0.0,0.0,0.0,0.0,0.0,0.0,0.0,0.0,0.0,0.0,0.0,0.0,0.0,0.0,0.0,0.0,0.0,0.0,0.0,0.0,0.0,0.0,0.0,0.0,0.0,0.0,0.0,0.0,0.0,0.0,0.0,0.0,0.0,0.0,0.0,0.0,0.0,0.0,0.0,0.0,0.0,0.0,0.0,0.0,0.0,0.0,0.0,0.0,0.0,0.0,0.0,0.0,0.0,0.0,0.0,0.0005440696409140244,0.0005440696409140244,0.0032644178454842576,0.007072905331882429,0.011425462459194735,0.02285092491838958,0.03917301414581065,0.08541893362350383,0.14907508161044614,0.22143634385201305,0.3008705114254624,0.37377584330794345,0.4727965179542981,0.5369967355821545,0.6131664853101197,0.6806311207834603,0.7274211099020674,0.7709466811751904,0.809031556039173,0.8335146898803046,0.8482045701849836,0.8514689880304679,0.8422198041349293,0.8122959738846572,0.7578890097932536,0.7067464635473341,0.6022850924918389,0.4766050054406964,0.32100108813928185,0.18335146898803045,0.06583242655059851,0.026115342763873728,0.007072905331882429,0.0021762785636560977,0.0,0.0,0.0,0.0,0.0,0.0,0.0,0.0,0.0,0.0,0.0,0.0,0.0,0.0,0.0,0.0,0.0,0.0,0.0,0.0,0.0,0.0,0.0,0.0,0.0,0.0,0.0,0.0,0.0,0.0,0.0,0.0,0.0,0.0,0.0,0.0,0.0,0.0,0.0,0.0,0.0,0.0,0.0,0.0,0.0
-1.5307262569832405,0.0,0.0,0.0,0.0,0.0,0.0,0.0,0.0,0.0,0.0,0.0,0.0,0.0,0.0,0.0,0.0,0.0,0.0,0.0,0.0,0.0,0.0,0.0,0.0,0.0,0.0,0.0,0.0,0.0,0.0,0.0,0.0,0.0,0.0,0.0,0.0,0.0,0.0,0.0,0.0,9.999999999998899e-05,0.00019999999999997797,0.00029999999999996696,0.00039999999999995595,0.0004999999999999449,0.0011999999999999789,0.0019000000000000128,0.0027000000000000357,0.0044999999999999485,0.00649999999999995,0.01100000000000001,0.016199999999999992,0.023700000000000054,0.0343,0.046599999999999975,0.06579999999999997,0.08820000000000006,0.11519999999999997,0.14749999999999996,0.18389999999999995,0.22950000000000004,0.2804,0.33129999999999993,0.38759999999999994,0.4469000000000001,0.5026,0.5604,0.6121,0.6622,0.7099,0.7504,0.7889,0.8244,0.8589,0.8838,0.9063,0.9239,0.9403,0.9522,0.9592,0.9627,0.9603,0.9545,0.9416,0.9219,0.9013,0.8702,0.8291,0.788,0.742,0.6906,0.6367,0.5815,0.5227,0.4676,0.4163,0.365,0.3174,0.27190000000000003,0.23350000000000004,0.19640000000000002,0.16070000000000007,0.13050000000000006,0.10270000000000001,0.08199999999999996,0.06299999999999994,0.047900000000000054,0.03600000000000003,0.025800000000000045,0.018199999999999994,0.011399999999999966,0.007499999999999951,0.005299999999999971,0.0037000000000000366,0.0019000000000000128,0.0013999999999999568,0.0006000000000000449,0.00039999999999995595,0.0,0.0,0.0,0.0,0.0,0.0,0.0,0.0,0.0,0.0,0.0,0.0,0.0,0.0,0.0,0.0,0.0,0.0,0.0,0.0,0.0,0.0,0.0,0.0,0.0,0.0,0.0,0.0,0.0,0.0,0.0,0.0,0.0,0.0,0.0,0.0,0.0,0.0,0.0,0.0,0.0,0.0,0.0,0.0,0.0,0.0,0.0,0.0,0.0,0.0,0.0,0.0,0.0,0.0,0.0,0.0,0.0,0.0,0.0,0.0,0.0,0.0,0.0,0.0,0.0,0.0,0.0,0.0,0.0,0.0,0.0,0.0,0.0,0.0,0.0,0.0,0.0,0.0,0.0,0.0,0.0,0.0,0.0,0.0,0.0,0.0,0.0,0.0,0.0,0.0,0.0,0.0,0.0,0.0,0.0,0.0,0.0,0.0,0.0,0.0,0.0,0.0,0.0,0.0,0.0,0.0,0.0,0.0,0.0,0.0,0.0,0.0,0.0,0.0,0.0,0.0,0.0,0.0,0.0,0.0,0.0,0.0,0.0,0.0005440696409140244,0.0005440696409140244,0.0021762785636560977,0.004896626768226331,0.01088139281828071,0.020674646354733373,0.034276387377584316,0.07453754080522312,0.13710554951033727,0.20729053318824808,0.28291621327529926,0.3639825897714908,0.45484221980413486,0.5261153427638737,0.5973884657236126,0.661588683351469,0.7116430903155604,0.7529923830250272,0.7840043525571273,0.8139281828073993,0.8286180631120783,0.8297062023939065,0.8133841131664853,0.7850924918389554,0.7399347116430903,0.6817192600652884,0.5696409140369967,0.4450489662676822,0.3014145810663764,0.16050054406964098,0.053318824809575616,0.0190424374319913,0.00598476605005438,0.0021762785636560977,0.0,0.0,0.0,0.0,0.0,0.0,0.0,0.0,0.0,0.0,0.0,0.0,0.0,0.0,0.0,0.0,0.0,0.0,0.0,0.0,0.0,0.0,0.0,0.0,0.0,0.0,0.0,0.0,0.0,0.0,0.0,0.0,0.0,0.0,0.0,0.0,0.0,0.0,0.0,0.0,0.0,0.0,0.0,0.0,0.0
-1.4860335195530725,0.0,0.0,0.0,0.0,0.0,0.0,0.0,0.0,0.0,0.0,0.0,0.0,0.0,0.0,0.0,0.0,0.0,0.0,0.0,0.0,0.0,0.0,0.0,0.0,0.0,0.0,0.0,0.0,0.0,0.0,0.0,0.0,0.0,0.0,0.0,0.0,0.0,0.0,0.0,0.0,9.999999999998899e-05,9.999999999998899e-05,0.00029999999999996696,0.00039999999999995595,0.0004999999999999449,0.0010999999999999899,0.0019000000000000128,0.0024999999999999467,0.0042999999999999705,0.006399999999999961,0.010600000000000054,0.01539999999999997,0.02300000000000002,0.03359999999999996,0.04420000000000002,0.06359999999999999,0.08530000000000004,0.11160000000000003,0.14200000000000002,0.17859999999999998,0.22399999999999998,0.2731,0.3238,0.38139999999999996,0.4403,0.496,0.5514,0.607,0.6555,0.7028,0.7454,0.7831,0.8195,0.8558,0.8809,0.903,0.9215,0.9383,0.9498,0.9562,0.9607,0.9573,0.9527,0.9383,0.9198,0.8983,0.8654,0.824,0.7834,0.7358,0.6827,0.6298,0.5732,0.517,0.46219999999999994,0.4103,0.3588,0.31099999999999994,0.267,0.22919999999999996,0.19179999999999997,0.15559999999999996,0.12640000000000007,0.10009999999999997,0.07950000000000002,0.059699999999999975,0.04590000000000005,0.03539999999999999,0.025000000000000022,0.017199999999999993,0.011099999999999999,0.007199999999999984,0.0047000000000000375,0.0030999999999999917,0.0019000000000000128,0.0013999999999999568,0.0006000000000000449,0.00039999999999995595,0.0,0.0,0.0,0.0,0.0,0.0,0.0,0.0,0.0,0.0,0.0,0.0,0.0,0.0,0.0,0.0,0.0,0.0,0.0,0.0,0.0,0.0,0.0,0.0,0.0,0.0,0.0,0.0,0.0,0.0,0.0,0.0,0.0,0.0,0.0,0.0,0.0,0.0,0.0,0.0,0.0,0.0,0.0,0.0,0.0,0.0,0.0,0.0,0.0,0.0,0.0,0.0,0.0,0.0,0.0,0.0,0.0,0.0,0.0,0.0,0.0,0.0,0.0,0.0,0.0,0.0,0.0,0.0,0.0,0.0,0.0,0.0,0.0,0.0,0.0,0.0,0.0,0.0,0.0,0.0,0.0,0.0,0.0,0.0,0.0,0.0,0.0,0.0,0.0,0.0,0.0,0.0,0.0,0.0,0.0,0.0,0.0,0.0,0.0,0.0,0.0,0.0,0.0,0.0,0.0,0.0,0.0,0.0,0.0,0.0,0.0,0.0,0.0,0.0,0.0,0.0,0.0,0.0,0.0,0.0,0.0,0.0,0.0,0.0005440696409140244,0.0005440696409140244,0.0016322089227420733,0.0043525571273123065,0.009793253536452662,0.01795429815016325,0.030467899891186034,0.06746463547334058,0.1273122959738846,0.1947769314472252,0.264417845484222,0.3449401523394995,0.4303590859630033,0.5114254624591947,0.5761697497279652,0.6441784548422198,0.6980413492927094,0.733949945593036,0.76550598476605,0.7878128400435256,0.8057671381936888,0.8052230685527747,0.7899891186071817,0.7578890097932536,0.7187159956474428,0.6485310119695321,0.5402611534276387,0.41403699673558214,0.2758433079434168,0.14254624591947773,0.04678998911860721,0.01577801958650704,0.004896626768226331,0.0016322089227420733,0.0,0.0,0.0,0.0,0.0,0.0,0.0,0.0,0.0,0.0,0.0,0.0,0.0,0.0,0.0,0.0,0.0,0.0,0.0,0.0,0.0,0.0,0.0,0.0,0.0,0.0,0.0,0.0,0.0,0.0,0.0,0.0,0.0,0.0,0.0,0.0,0.0,0.0,0.0,0.0,0.0,0.0,0.0,0.0,0.0
-1.4413407821229045,0.0,0.0,0.0,0.0,0.0,0.0,0.0,0.0,0.0,0.0,0.0,0.0,0.0,0.0,0.0,0.0,0.0,0.0,0.0,0.0,0.0,0.0,0.0,0.0,0.0,0.0,0.0,0.0,0.0,0.0,0.0,0.0,0.0,0.0,0.0,0.0,0.0,0.0,0.0,0.0,9.999999999998899e-05,9.999999999998899e-05,0.00019999999999997797,0.00039999999999995595,0.0004999999999999449,0.0010000000000000009,0.0018000000000000238,0.0024999999999999467,0.0040999999999999925,0.006000000000000005,0.00990000000000002,0.014900000000000024,0.022199999999999998,0.032299999999999995,0.04290000000000005,0.06110000000000004,0.0827,0.10809999999999997,0.13739999999999997,0.1734,0.21809999999999996,0.2663,0.3166,0.3736999999999999,0.4325,0.4888,0.5438,0.6004,0.6485,0.6963,0.7409,0.7776,0.8142,0.8514,0.8779,0.8994,0.919,0.9363,0.9465,0.9534,0.9586,0.9556,0.9487,0.9347,0.9167,0.8941,0.8612,0.8179,0.7782,0.7293,0.6761,0.6239,0.5664,0.5096,0.4547,0.4038999999999999,0.3534999999999999,0.3062,0.2613,0.22439999999999993,0.18579999999999997,0.15169999999999995,0.12409999999999999,0.09719999999999995,0.07730000000000004,0.05810000000000004,0.04379999999999995,0.03380000000000005,0.024399999999999977,0.016599999999999948,0.010499999999999954,0.006900000000000017,0.0044999999999999485,0.0029000000000000137,0.0017000000000000348,0.0012999999999999678,0.0006000000000000449,0.00039999999999995595,0.0,0.0,0.0,0.0,0.0,0.0,0.0,0.0,0.0,0.0,0.0,0.0,0.0,0.0,0.0,0.0,0.0,0.0,0.0,0.0,0.0,0.0,0.0,0.0,0.0,0.0,0.0,0.0,0.0,0.0,0.0,0.0,0.0,0.0,0.0,0.0,0.0,0.0,0.0,0.0,0.0,0.0,0.0,0.0,0.0,0.0,0.0,0.0,0.0,0.0,0.0,0.0,0.0,0.0,0.0,0.0,0.0,0.0,0.0,0.0,0.0,0.0,0.0,0.0,0.0,0.0,0.0,0.0,0.0,0.0,0.0,0.0,0.0,0.0,0.0,0.0,0.0,0.0,0.0,0.0,0.0,0.0,0.0,0.0,0.0,0.0,0.0,0.0,0.0,0.0,0.0,0.0,0.0,0.0,0.0,0.0,0.0,0.0,0.0,0.0,0.0,0.0,0.0,0.0,0.0,0.0,0.0,0.0,0.0,0.0,0.0,0.0,0.0,0.0,0.0,0.0,0.0,0.0,0.0,0.0,0.0,0.0,0.0,0.0005440696409140244,0.0005440696409140244,0.0016322089227420733,0.003808487486398282,0.009249183895538637,0.0168661588683352,0.02992383025027201,0.06093579978237218,0.1186071817192601,0.18607181719260069,0.250272034820457,0.32970620239390636,0.4091403699673558,0.4978237214363439,0.5538628944504896,0.6229597388465724,0.6806311207834603,0.7165397170837867,0.7519042437431991,0.7736670293797606,0.7812840043525572,0.780739934711643,0.7693144722524483,0.7372143634385201,0.6991294885745375,0.6147986942328618,0.515233949945593,0.3895538628944505,0.2524483133841131,0.12187159956474425,0.042437431991294905,0.01196953210010876,0.004896626768226331,0.0005440696409140244,0.0,0.0,0.0,0.0,0.0,0.0,0.0,0.0,0.0,0.0,0.0,0.0,0.0,0.0,0.0,0.0,0.0,0.0,0.0,0.0,0.0,0.0,0.0,0.0,0.0,0.0,0.0,0.0,0.0,0.0,0.0,0.0,0.0,0.0,0.0,0.0,0.0,0.0,0.0,0.0,0.0,0.0,0.0,0.0,0.0
-1.3966480446927374,0.0,0.0,0.0,0.0,0.0,0.0,0.0,0.0,0.0,0.0,0.0,0.0,0.0,0.0,0.0,0.0,0.0,0.0,0.0,0.0,0.0,0.0,0.0,0.0,0.0,0.0,0.0,0.0,0.0,0.0,0.0,0.0,0.0,0.0,0.0,0.0,0.0,0.0,0.0,0.0,9.999999999998899e-05,9.999999999998899e-05,0.00019999999999997797,0.00039999999999995595,0.0004999999999999449,0.0009000000000000119,0.0018000000000000238,0.0024999999999999467,0.0039000000000000146,0.005900000000000016,0.009499999999999953,0.014000000000000012,0.02090000000000003,0.031000000000000028,0.04090000000000005,0.05879999999999996,0.0797,0.10440000000000005,0.13359999999999994,0.17010000000000003,0.2116,0.2591,0.3104,0.3649,0.4252,0.4811000000000001,0.5375,0.5947,0.6419,0.6894,0.7374,0.7725,0.8106,0.8463,0.8738,0.8963,0.9157,0.9335,0.9446,0.9515,0.9561,0.954,0.9458,0.9321,0.9131,0.8902,0.8554,0.8131,0.7719,0.7231,0.6694,0.6168,0.5603,0.5022,0.4489000000000001,0.39749999999999996,0.3486,0.2995,0.25669999999999993,0.21989999999999998,0.18020000000000003,0.14779999999999993,0.12090000000000001,0.09460000000000002,0.07420000000000004,0.05610000000000004,0.04239999999999999,0.032200000000000006,0.023299999999999987,0.016000000000000014,0.010099999999999998,0.00660000000000005,0.0044999999999999485,0.0026000000000000467,0.0017000000000000348,0.0011999999999999789,0.0004999999999999449,0.00039999999999995595,0.0,0.0,0.0,0.0,0.0,0.0,0.0,0.0,0.0,0.0,0.0,0.0,0.0,0.0,0.0,0.0,0.0,0.0,0.0,0.0,0.0,0.0,0.0,0.0,0.0,0.0,0.0,0.0,0.0,0.0,0.0,0.0,0.0,0.0,0.0,0.0,0.0,0.0,0.0,0.0,0.0,0.0,0.0,0.0,0.0,0.0,0.0,0.0,0.0,0.0,0.0,0.0,0.0,0.0,0.0,0.0,0.0,0.0,0.0,0.0,0.0,0.0,0.0,0.0,0.0,0.0,0.0,0.0,0.0,0.0,0.0,0.0,0.0,0.0,0.0,0.0,0.0,0.0,0.0,0.0,0.0,0.0,0.0,0.0,0.0,0.0,0.0,0.0,0.0,0.0,0.0,0.0,0.0,0.0,0.0,0.0,0.0,0.0,0.0,0.0,0.0,0.0,0.0,0.0,0.0,0.0,0.0,0.0,0.0,0.0,0.0,0.0,0.0,0.0,0.0,0.0,0.0,0.0,0.0,0.0,0.0,0.0,0.0,0.0005440696409140244,0.0005440696409140244,0.0016322089227420733,0.003808487486398282,0.008161044613710589,0.016322089227421066,0.028291621327529937,0.054406964091403665,0.10881392818280744,0.1757344940152339,0.24211099020674642,0.3150163220892275,0.3873775843307943,0.47769314472252455,0.5353645266594124,0.602829162132753,0.6599564744287268,0.7029379760609358,0.7285092491838956,0.7529923830250272,0.763873775843308,0.7622415669205659,0.7470076169749728,0.719804134929271,0.6751904243743199,0.5854189336235038,0.4874863982589772,0.3585418933623503,0.22742110990206743,0.1082698585418933,0.0380848748639826,0.01196953210010876,0.004896626768226331,0.0005440696409140244,0.0,0.0,0.0,0.0,0.0,0.0,0.0,0.0,0.0,0.0,0.0,0.0,0.0,0.0,0.0,0.0,0.0,0.0,0.0,0.0,0.0,0.0,0.0,0.0,0.0,0.0,0.0,0.0,0.0,0.0,0.0,0.0,0.0,0.0,0.0,0.0,0.0,0.0,0.0,0.0,0.0,0.0,0.0,0.0,0.0
-1.3519553072625694,0.0,0.0,0.0,0.0,0.0,0.0,0.0,0.0,0.0,0.0,0.0,0.0,0.0,0.0,0.0,0.0,0.0,0.0,0.0,0.0,0.0,0.0,0.0,0.0,0.0,0.0,0.0,0.0,0.0,0.0,0.0,0.0,0.0,0.0,0.0,0.0,0.0,0.0,0.0,0.0,9.999999999998899e-05,9.999999999998899e-05,0.00019999999999997797,0.00039999999999995595,0.0004999999999999449,0.0008000000000000229,0.0018000000000000238,0.0022999999999999687,0.0037000000000000366,0.005499999999999949,0.009299999999999975,0.013399999999999967,0.019499999999999962,0.029900000000000038,0.040000000000000036,0.05730000000000002,0.07669999999999999,0.10109999999999997,0.1301,0.16579999999999995,0.2067,0.253,0.3033,0.3579,0.4183,0.47429999999999994,0.5303,0.5868,0.6357,0.6837,0.7326,0.7669,0.8064,0.8416,0.8703,0.894,0.9139,0.9304,0.9431,0.9496,0.9544,0.951,0.9428,0.9282,0.9105,0.8849,0.8509,0.8078,0.7671,0.7163,0.6615,0.6086,0.552,0.4969,0.4428000000000001,0.39080000000000004,0.3429,0.2931,0.25170000000000003,0.21520000000000006,0.17569999999999997,0.14470000000000005,0.11680000000000001,0.09260000000000002,0.07250000000000001,0.054300000000000015,0.041200000000000014,0.03080000000000005,0.022199999999999998,0.01529999999999998,0.009399999999999964,0.006399999999999961,0.0043999999999999595,0.0024999999999999467,0.0014999999999999458,0.0010000000000000009,0.0004999999999999449,0.00039999999999995595,0.0,0.0,0.0,0.0,0.0,0.0,0.0,0.0,0.0,0.0,0.0,0.0,0.0,0.0,0.0,0.0,0.0,0.0,0.0,0.0,0.0,0.0,0.0,0.0,0.0,0.0,0.0,0.0,0.0,0.0,0.0,0.0,0.0,0.0,0.0,0.0,0.0,0.0,0.0,0.0,0.0,0.0,0.0,0.0,0.0,0.0,0.0,0.0,0.0,0.0,0.0,0.0,0.0,0.0,0.0,0.0,0.0,0.0,0.0,0.0,0.0,0.0,0.0,0.0,0.0,0.0,0.0,0.0,0.0,0.0,0.0,0.0,0.0,0.0,0.0,0.0,0.0,0.0,0.0,0.0,0.0,0.0,0.0,0.0,0.0,0.0,0.0,0.0,0.0,0.0,0.0,0.0,0.0,0.0,0.0,0.0,0.0,0.0,0.0,0.0,0.0,0.0,0.0,0.0,0.0,0.0,0.0,0.0,0.0,0.0,0.0,0.0,0.0,0.0,0.0,0.0,0.0,0.0,0.0,0.0,0.0,0.0,0.0,0.0005440696409140244,0.0005440696409140244,0.0016322089227420733,0.003808487486398282,0.008161044613710589,0.015233949945593017,0.027747551686615912,0.048422198041349285,0.09847660500544064,0.16213275299238306,0.23177366702937974,0.3046789989118608,0.3732317736670294,0.46028291621327533,0.5261153427638737,0.5837867247007617,0.6425462459194777,0.6860718171926007,0.7138193688792165,0.7312295973884657,0.7415669205658324,0.7377584330794341,0.7257889009793254,0.7034820457018498,0.6485310119695321,0.558215451577802,0.4537540805223068,0.32698585418933623,0.205658324265506,0.08813928182807396,0.034276387377584316,0.009793253536452662,0.003808487486398282,0.0005440696409140244,0.0,0.0,0.0,0.0,0.0,0.0,0.0,0.0,0.0,0.0,0.0,0.0,0.0,0.0,0.0,0.0,0.0,0.0,0.0,0.0,0.0,0.0,0.0,0.0,0.0,0.0,0.0,0.0,0.0,0.0,0.0,0.0,0.0,0.0,0.0,0.0,0.0,0.0,0.0,0.0,0.0,0.0,0.0,0.0,0.0
-1.3072625698324023,0.0,0.0,0.0,0.0,0.0,0.0,0.0,0.0,0.0,0.0,0.0,0.0,0.0,0.0,0.0,0.0,0.0,0.0,0.0,0.0,0.0,0.0,0.0,0.0,0.0,0.0,0.0,0.0,0.0,0.0,0.0,0.0,0.0,0.0,0.0,0.0,0.0,0.0,0.0,0.0,9.999999999998899e-05,9.999999999998899e-05,0.00019999999999997797,0.00039999999999995595,0.0004999999999999449,0.0007000000000000339,0.0014999999999999458,0.0020000000000000018,0.0033999999999999586,0.00539999999999996,0.008299999999999974,0.012599999999999945,0.018900000000000028,0.028100000000000014,0.03839999999999999,0.05459999999999998,0.07420000000000004,0.09830000000000005,0.1259,0.16149999999999998,0.20040000000000002,0.24560000000000004,0.29810000000000003,0.3509,0.4119999999999999,0.4678,0.522,0.5806,0.6299,0.6784,0.7268,0.7614,0.8022,0.8361,0.8662,0.8911,0.911,0.927,0.9408,0.9474,0.952,0.9482,0.9402,0.9248,0.907,0.8793,0.8445,0.8028,0.761,0.7083,0.6537,0.6019,0.5443,0.4878,0.4367,0.3842,0.33610000000000007,0.2881,0.24639999999999995,0.2106,0.17210000000000003,0.14149999999999996,0.11329999999999996,0.08989999999999998,0.06969999999999998,0.05300000000000005,0.03980000000000006,0.02959999999999996,0.02090000000000003,0.01419999999999999,0.009299999999999975,0.006000000000000005,0.0042999999999999705,0.0022999999999999687,0.0013999999999999568,0.0008000000000000229,0.0004999999999999449,0.00019999999999997797,0.0,0.0,0.0,0.0,0.0,0.0,0.0,0.0,0.0,0.0,0.0,0.0,0.0,0.0,0.0,0.0,0.0,0.0,0.0,0.0,0.0,0.0,0.0,0.0,0.0,0.0,0.0,0.0,0.0,0.0,0.0,0.0,0.0,0.0,0.0,0.0,0.0,0.0,0.0,0.0,0.0,0.0,0.0,0.0,0.0,0.0,0.0,0.0,0.0,0.0,0.0,0.0,0.0,0.0,0.0,0.0,0.0,0.0,0.0,0.0,0.0,0.0,0.0,0.0,0.0,0.0,0.0,0.0,0.0,0.0,0.0,0.0,0.0,0.0,0.0,0.0,0.0,0.0,0.0,0.0,0.0,0.0,0.0,0.0,0.0,0.0,0.0,0.0,0.0,0.0,0.0,0.0,0.0,0.0,0.0,0.0,0.0,0.0,0.0,0.0,0.0,0.0,0.0,0.0,0.0,0.0,0.0,0.0,0.0,0.0,0.0,0.0,0.0,0.0,0.0,0.0,0.0,0.0,0.0,0.0,0.0,0.0,0.0,0.0005440696409140244,0.0005440696409140244,0.0016322089227420733,0.0032644178454842576,0.008161044613710589,0.014689880304678993,0.025571273122959703,0.04189336235038088,0.09140369967355821,0.15125136017410235,0.21708378672470074,0.2861806311207835,0.3601741022850925,0.4347116430903155,0.5097932535364527,0.5614798694232862,0.6196953210010882,0.6697497279651795,0.7007616974972797,0.7138193688792165,0.720892274211099,0.720892274211099,0.7094668117519043,0.6779107725788901,0.6126224156692056,0.5337323177366703,0.4276387377584331,0.30413492927094676,0.18335146898803045,0.07290533188248094,0.029379760609357986,0.008705114254624613,0.003808487486398282,0.0005440696409140244,0.0,0.0,0.0,0.0,0.0,0.0,0.0,0.0,0.0,0.0,0.0,0.0,0.0,0.0,0.0,0.0,0.0,0.0,0.0,0.0,0.0,0.0,0.0,0.0,0.0,0.0,0.0,0.0,0.0,0.0,0.0,0.0,0.0,0.0,0.0,0.0,0.0,0.0,0.0,0.0,0.0,0.0,0.0,0.0,0.0
-1.2625698324022343,0.0,0.0,0.0,0.0,0.0,0.0,0.0,0.0,0.0,0.0,0.0,0.0,0.0,0.0,0.0,0.0,0.0,0.0,0.0,0.0,0.0,0.0,0.0,0.0,0.0,0.0,0.0,0.0,0.0,0.0,0.0,0.0,0.0,0.0,0.0,0.0,0.0,0.0,0.0,0.0,9.999999999998899e-05,9.999999999998899e-05,0.00019999999999997797,0.00039999999999995595,0.0004999999999999449,0.0004999999999999449,0.0011999999999999789,0.0019000000000000128,0.0032999999999999696,0.005099999999999993,0.008000000000000007,0.011800000000000033,0.01770000000000005,0.027100000000000013,0.0373,0.05179999999999996,0.07220000000000004,0.09509999999999996,0.12250000000000005,0.15739999999999998,0.19500000000000006,0.24,0.2924,0.3447,0.4025000000000001,0.4597,0.5148,0.5725,0.6225,0.673,0.7198,0.7577,0.7966,0.8319,0.8625,0.8879,0.9081,0.9247,0.9374,0.9449,0.9488,0.947,0.9369,0.922,0.9031,0.8753,0.8375,0.7969,0.7536,0.7018,0.6488,0.5947,0.5366,0.48019999999999996,0.4303,0.37729999999999997,0.3297,0.28269999999999995,0.242,0.20520000000000005,0.16779999999999995,0.1382,0.10999999999999999,0.08760000000000001,0.06779999999999997,0.0514,0.03849999999999998,0.02859999999999996,0.020199999999999996,0.0131,0.008900000000000019,0.005800000000000027,0.0040999999999999925,0.0021999999999999797,0.0013999999999999568,0.0007000000000000339,0.0004999999999999449,9.999999999998899e-05,0.0,0.0,0.0,0.0,0.0,0.0,0.0,0.0,0.0,0.0,0.0,0.0,0.0,0.0,0.0,0.0,0.0,0.0,0.0,0.0,0.0,0.0,0.0,0.0,0.0,0.0,0.0,0.0,0.0,0.0,0.0,0.0,0.0,0.0,0.0,0.0,0.0,0.0,0.0,0.0,0.0,0.0,0.0,0.0,0.0,0.0,0.0,0.0,0.0,0.0,0.0,0.0,0.0,0.0,0.0,0.0,0.0,0.0,0.0,0.0,0.0,0.0,0.0,0.0,0.0,0.0,0.0,0.0,0.0,0.0,0.0,0.0,0.0,0.0,0.0,0.0,0.0,0.0,0.0,0.0,0.0,0.0,0.0,0.0,0.0,0.0,0.0,0.0,0.0,0.0,0.0,0.0,0.0,0.0,0.0,0.0,0.0,0.0,0.0,0.0,0.0,0.0,0.0,0.0,0.0,0.0,0.0,0.0,0.0,0.0,0.0,0.0,0.0,0.0,0.0,0.0,0.0,0.0,0.0,0.0,0.0,0.0,0.0,0.0005440696409140244,0.0005440696409140244,0.0016322089227420733,0.0032644178454842576,0.008161044613710589,0.01196953210010876,0.02285092491838958,0.03862894450489662,0.08215451577801958,0.13873775843307945,0.205658324265506,0.27040261153427636,0.3427638737758434,0.4178454842219804,0.4956474428726877,0.5402611534276387,0.5990206746463548,0.6479869423286181,0.6838955386289445,0.7018498367791077,0.7116430903155604,0.7078346028291621,0.6920565832426551,0.6566920565832427,0.5794341675734495,0.5081610446137106,0.39771490750816096,0.28291621327529926,0.1632208922742111,0.06093579978237218,0.026115342763873728,0.007072905331882429,0.002720348204570233,0.0005440696409140244,0.0,0.0,0.0,0.0,0.0,0.0,0.0,0.0,0.0,0.0,0.0,0.0,0.0,0.0,0.0,0.0,0.0,0.0,0.0,0.0,0.0,0.0,0.0,0.0,0.0,0.0,0.0,0.0,0.0,0.0,0.0,0.0,0.0,0.0,0.0,0.0,0.0,0.0,0.0,0.0,0.0,0.0,0.0,0.0,0.0
-1.2178770949720672,0.0,0.0,0.0,0.0,0.0,0.0,0.0,0.0,0.0,0.0,0.0,0.0,0.0,0.0,0.0,0.0,0.0,0.0,0.0,0.0,0.0,0.0,0.0,0.0,0.0,0.0,0.0,0.0,0.0,0.0,0.0,0.0,0.0,0.0,0.0,0.0,0.0,0.0,0.0,0.0,0.0,9.999999999998899e-05,0.00019999999999997797,0.00039999999999995595,0.0004999999999999449,0.0004999999999999449,0.0011999999999999789,0.0019000000000000128,0.0029000000000000137,0.0048000000000000265,0.007299999999999973,0.011399999999999966,0.017000000000000015,0.025800000000000045,0.0363,0.04959999999999998,0.06879999999999997,0.09199999999999997,0.11929999999999996,0.15239999999999998,0.18969999999999998,0.23540000000000005,0.2862,0.3380000000000001,0.3944,0.4538,0.5089,0.565,0.6165,0.6657,0.7132,0.7537,0.7912,0.8264,0.8591,0.8833,0.905,0.9219,0.935,0.9426,0.9461,0.944,0.9333,0.9176,0.9,0.8698,0.8303,0.7904,0.747,0.6954,0.6413,0.5883,0.5297,0.47409999999999997,0.42290000000000005,0.3721,0.32299999999999995,0.2774,0.238,0.2005,0.16410000000000002,0.135,0.10650000000000004,0.08509999999999995,0.06620000000000004,0.05010000000000003,0.0373,0.028100000000000014,0.019499999999999962,0.012499999999999956,0.008000000000000007,0.005499999999999949,0.0040000000000000036,0.0021999999999999797,0.0013999999999999568,0.0007000000000000339,0.0004999999999999449,9.999999999998899e-05,0.0,0.0,0.0,0.0,0.0,0.0,0.0,0.0,0.0,0.0,0.0,0.0,0.0,0.0,0.0,0.0,0.0,0.0,0.0,0.0,0.0,0.0,0.0,0.0,0.0,0.0,0.0,0.0,0.0,0.0,0.0,0.0,0.0,0.0,0.0,0.0,0.0,0.0,0.0,0.0,0.0,0.0,0.0,0.0,0.0,0.0,0.0,0.0,0.0,0.0,0.0,0.0,0.0,0.0,0.0,0.0,0.0,0.0,0.0,0.0,0.0,0.0,0.0,0.0,0.0,0.0,0.0,0.0,0.0,0.0,0.0,0.0,0.0,0.0,0.0,0.0,0.0,0.0,0.0,0.0,0.0,0.0,0.0,0.0,0.0,0.0,0.0,0.0,0.0,0.0,0.0,0.0,0.0,0.0,0.0,0.0,0.0,0.0,0.0,0.0,0.0,0.0,0.0,0.0,0.0,0.0,0.0,0.0,0.0,0.0,0.0,0.0,0.0,0.0,0.0,0.0,0.0,0.0,0.0,0.0,0.0,0.0,0.0,0.0005440696409140244,0.0005440696409140244,0.0005440696409140244,0.0032644178454842576,0.007072905331882429,0.01088139281828071,0.021762785636561532,0.034276387377584316,0.07181719260065289,0.12785636561479863,0.19368879216539714,0.25516866158868334,0.3258977149075082,0.3917301414581067,0.4722524483133841,0.529379760609358,0.5745375408052231,0.6213275299238302,0.6637649619151251,0.6855277475516867,0.6947769314472253,0.6893362350380848,0.6692056583242655,0.6186071817192601,0.5576713819368879,0.4804134929270947,0.37377584330794345,0.2568008705114255,0.14689880304678993,0.05114254624591952,0.021762785636561532,0.00598476605005438,0.0021762785636560977,0.0005440696409140244,0.0,0.0,0.0,0.0,0.0,0.0,0.0,0.0,0.0,0.0,0.0,0.0,0.0,0.0,0.0,0.0,0.0,0.0,0.0,0.0,0.0,0.0,0.0,0.0,0.0,0.0,0.0,0.0,0.0,0.0,0.0,0.0,0.0,0.0,0.0,0.0,0.0,0.0,0.0,0.0,0.0,0.0,0.0,0.0,0.0
-1.1731843575418992,0.0,0.0,0.0,0.0,0.0,0.0,0.0,0.0,0.0,0.0,0.0,0.0,0.0,0.0,0.0,0.0,0.0,0.0,0.0,0.0,0.0,0.0,0.0,0.0,0.0,0.0,0.0,0.0,0.0,0.0,0.0,0.0,0.0,0.0,0.0,0.0,0.0,0.0,0.0,0.0,0.0,9.999999999998899e-05,0.00019999999999997797,0.00039999999999995595,0.00039999999999995595,0.0004999999999999449,0.0011999999999999789,0.0019000000000000128,0.0027000000000000357,0.0043999999999999595,0.007000000000000006,0.011099999999999999,0.01639999999999997,0.024399999999999977,0.0353,0.047699999999999965,0.06659999999999999,0.08879999999999999,0.11599999999999999,0.14839999999999998,0.18579999999999997,0.23130000000000006,0.28,0.33020000000000005,0.3872,0.4458,0.5007,0.5573,0.6103,0.6596,0.7075,0.7495,0.7856,0.8222,0.8559,0.8806,0.9011,0.9183,0.9323,0.9405,0.9421,0.9409,0.9295,0.9143,0.8966,0.8647,0.8252,0.7859,0.7395,0.6888,0.6347,0.5809,0.5219,0.4678,0.41700000000000004,0.36529999999999996,0.3177,0.27170000000000005,0.2338,0.19630000000000003,0.16110000000000002,0.13129999999999997,0.10319999999999996,0.08240000000000003,0.06379999999999997,0.04859999999999998,0.03639999999999999,0.026900000000000035,0.01859999999999995,0.011700000000000044,0.00770000000000004,0.00539999999999996,0.0039000000000000146,0.0020000000000000018,0.0013999999999999568,0.0007000000000000339,0.0004999999999999449,0.0,0.0,0.0,0.0,0.0,0.0,0.0,0.0,0.0,0.0,0.0,0.0,0.0,0.0,0.0,0.0,0.0,0.0,0.0,0.0,0.0,0.0,0.0,0.0,0.0,0.0,0.0,0.0,0.0,0.0,0.0,0.0,0.0,0.0,0.0,0.0,0.0,0.0,0.0,0.0,0.0,0.0,0.0,0.0,0.0,0.0,0.0,0.0,0.0,0.0,0.0,0.0,0.0,0.0,0.0,0.0,0.0,0.0,0.0,0.0,0.0,0.0,0.0,0.0,0.0,0.0,0.0,0.0,0.0,0.0,0.0,0.0,0.0,0.0,0.0,0.0,0.0,0.0,0.0,0.0,0.0,0.0,0.0,0.0,0.0,0.0,0.0,0.0,0.0,0.0,0.0,0.0,0.0,0.0,0.0,0.0,0.0,0.0,0.0,0.0,0.0,0.0,0.0,0.0,0.0,0.0,0.0,0.0,0.0,0.0,0.0,0.0,0.0,0.0,0.0,0.0,0.0,0.0,0.0,0.0,0.0,0.0,0.0,0.0,0.0,0.0005440696409140244,0.0005440696409140244,0.002720348204570233,0.005440696409140355,0.010337323177366686,0.0190424374319913,0.030467899891186034,0.06474428726877046,0.12023939064200218,0.18552774755168655,0.2459194776931447,0.31284004352557127,0.3748639825897715,0.4537540805223068,0.515778019586507,0.5560391730141458,0.6039173014145811,0.6381936887921654,0.6659412404787813,0.6730141458106638,0.6670293797606094,0.6463547334058759,0.5859630032644179,0.5359085963003264,0.45048966267682267,0.3433079434167574,0.235038084874864,0.12295973884657241,0.044613710554951,0.0168661588683352,0.00598476605005438,0.0021762785636560977,0.0,0.0,0.0,0.0,0.0,0.0,0.0,0.0,0.0,0.0,0.0,0.0,0.0,0.0,0.0,0.0,0.0,0.0,0.0,0.0,0.0,0.0,0.0,0.0,0.0,0.0,0.0,0.0,0.0,0.0,0.0,0.0,0.0,0.0,0.0,0.0,0.0,0.0,0.0,0.0,0.0,0.0,0.0,0.0,0.0,0.0
-1.128491620111732,0.0,0.0,0.0,0.0,0.0,0.0,0.0,0.0,0.0,0.0,0.0,0.0,0.0,0.0,0.0,0.0,0.0,0.0,0.0,0.0,0.0,0.0,0.0,0.0,0.0,0.0,0.0,0.0,0.0,0.0,0.0,0.0,0.0,0.0,0.0,0.0,0.0,0.0,0.0,0.0,0.0,9.999999999998899e-05,0.00019999999999997797,0.00029999999999996696,0.00039999999999995595,0.0004999999999999449,0.0011999999999999789,0.0019000000000000128,0.0027000000000000357,0.0042999999999999705,0.00649999999999995,0.010700000000000043,0.016000000000000014,0.023299999999999987,0.03400000000000003,0.04569999999999996,0.06410000000000005,0.08609999999999995,0.11209999999999998,0.14349999999999996,0.18020000000000003,0.22429999999999994,0.27370000000000005,0.3235,0.3803000000000001,0.43900000000000006,0.49459999999999993,0.5495,0.6053,0.6522,0.7001,0.7452,0.7807,0.8179,0.8517,0.8771,0.8979,0.9161,0.9297,0.9373,0.9392,0.9371,0.9257,0.9112,0.8926,0.8615,0.8203,0.7801,0.7333,0.6822,0.6282,0.5738,0.5159,0.46130000000000004,0.4103,0.359,0.3114,0.2667999999999999,0.22870000000000001,0.19110000000000005,0.15610000000000002,0.12749999999999995,0.10109999999999997,0.08030000000000004,0.060699999999999976,0.046499999999999986,0.035599999999999965,0.02529999999999999,0.01759999999999995,0.011299999999999977,0.007399999999999962,0.0050000000000000044,0.0034999999999999476,0.0019000000000000128,0.0013999999999999568,0.0006000000000000449,0.00039999999999995595,0.0,0.0,0.0,0.0,0.0,0.0,0.0,0.0,0.0,0.0,0.0,0.0,0.0,0.0,0.0,0.0,0.0,0.0,0.0,0.0,0.0,0.0,0.0,0.0,0.0,0.0,0.0,0.0,0.0,0.0,0.0,0.0,0.0,0.0,0.0,0.0,0.0,0.0,0.0,0.0,0.0,0.0,0.0,0.0,0.0,0.0,0.0,0.0,0.0,0.0,0.0,0.0,0.0,0.0,0.0,0.0,0.0,0.0,0.0,0.0,0.0,0.0,0.0,0.0,0.0,0.0,0.0,0.0,0.0,0.0,0.0,0.0,0.0,0.0,0.0,0.0,0.0,0.0,0.0,0.0,0.0,0.0,0.0,0.0,0.0,0.0,0.0,0.0,0.0,0.0,0.0,0.0,0.0,0.0,0.0,0.0,0.0,0.0,0.0,0.0,0.0,0.0,0.0,0.0,0.0,0.0,0.0,0.0,0.0,0.0,0.0,0.0,0.0,0.0,0.0,0.0,0.0,0.0,0.0,0.0,0.0,0.0,0.0,0.0,0.0,0.0005440696409140244,0.0005440696409140244,0.0021762785636560977,0.0043525571273123065,0.009793253536452662,0.017410228509249226,0.029379760609357986,0.0571273122959739,0.11099020674646354,0.17247007616974974,0.23830250272034825,0.3014145810663764,0.3639825897714908,0.43362350380848746,0.501088139281828,0.5391730141458106,0.5788900979325353,0.6164309031556039,0.6387377584330794,0.6496191512513602,0.6441784548422198,0.6044613710554951,0.5674646354733406,0.5130576713819369,0.4243743199129488,0.32100108813928185,0.2159956474428727,0.11099020674646354,0.04080522306855272,0.01305767138193692,0.005440696409140355,0.0016322089227420733,0.0,0.0,0.0,0.0,0.0,0.0,0.0,0.0,0.0,0.0,0.0,0.0,0.0,0.0,0.0,0.0,0.0,0.0,0.0,0.0,0.0,0.0,0.0,0.0,0.0,0.0,0.0,0.0,0.0,0.0,0.0,0.0,0.0,0.0,0.0,0.0,0.0,0.0,0.0,0.0,0.0,0.0,0.0,0.0,0.0,0.0
-1.083798882681564,0.0,0.0,0.0,0.0,0.0,0.0,0.0,0.0,0.0,0.0,0.0,0.0,0.0,0.0,0.0,0.0,0.0,0.0,0.0,0.0,0.0,0.0,0.0,0.0,0.0,0.0,0.0,0.0,0.0,0.0,0.0,0.0,0.0,0.0,0.0,0.0,0.0,0.0,0.0,0.0,0.0,9.999999999998899e-05,9.999999999998899e-05,0.00029999999999996696,0.00039999999999995595,0.0004999999999999449,0.0010999999999999899,0.0019000000000000128,0.0024999999999999467,0.0042999999999999705,0.006299999999999972,0.010299999999999976,0.01539999999999997,0.022800000000000042,0.03280000000000005,0.043399999999999994,0.06230000000000002,0.08289999999999997,0.10870000000000002,0.13939999999999997,0.1743,0.21940000000000004,0.26669999999999994,0.3174,0.37240000000000006,0.43209999999999993,0.48730000000000007,0.5426,0.598,0.646,0.6937,0.74,0.7749,0.8119,0.8472,0.8729,0.8949,0.9132,0.9262,0.9339,0.9358,0.9336,0.9233,0.9076,0.8876,0.8561,0.8142,0.774,0.7256,0.6739,0.6215,0.565,0.5092,0.45389999999999997,0.40280000000000005,0.3534999999999999,0.30580000000000007,0.26259999999999994,0.22450000000000003,0.18520000000000003,0.1521,0.124,0.09789999999999999,0.07840000000000003,0.058499999999999996,0.044499999999999984,0.03469999999999995,0.024900000000000033,0.017100000000000004,0.010800000000000032,0.007000000000000006,0.0046000000000000485,0.0030999999999999917,0.0018000000000000238,0.0013999999999999568,0.0006000000000000449,0.00039999999999995595,0.0,0.0,0.0,0.0,0.0,0.0,0.0,0.0,0.0,0.0,0.0,0.0,0.0,0.0,0.0,0.0,0.0,0.0,0.0,0.0,0.0,0.0,0.0,0.0,0.0,0.0,0.0,0.0,0.0,0.0,0.0,0.0,0.0,0.0,0.0,0.0,0.0,0.0,0.0,0.0,0.0,0.0,0.0,0.0,0.0,0.0,0.0,0.0,0.0,0.0,0.0,0.0,0.0,0.0,0.0,0.0,0.0,0.0,0.0,0.0,0.0,0.0,0.0,0.0,0.0,0.0,0.0,0.0,0.0,0.0,0.0,0.0,0.0,0.0,0.0,0.0,0.0,0.0,0.0,0.0,0.0,0.0,0.0,0.0,0.0,0.0,0.0,0.0,0.0,0.0,0.0,0.0,0.0,0.0,0.0,0.0,0.0,0.0,0.0,0.0,0.0,0.0,0.0,0.0,0.0,0.0,0.0,0.0,0.0,0.0,0.0,0.0,0.0,0.0,0.0,0.0,0.0,0.0,0.0,0.0,0.0,0.0,0.0,0.0,0.0,0.0005440696409140244,0.0005440696409140244,0.0016322089227420733,0.0043525571273123065,0.009249183895538637,0.0168661588683352,0.02883569096844396,0.05277475516866159,0.1017410228509249,0.15941240478781282,0.220348204570185,0.2861806311207835,0.3476605005440696,0.4151251360174102,0.4815016322089227,0.5266594124047879,0.55930359085963,0.5924918389553863,0.6126224156692056,0.6256800870511425,0.6071817192600653,0.5810663764961915,0.544069640914037,0.4874863982589772,0.39553862894450487,0.3008705114254624,0.19640914036996737,0.09303590859630029,0.037540805223068574,0.01196953210010876,0.004896626768226331,0.0010881392818280489,0.0,0.0,0.0,0.0,0.0,0.0,0.0,0.0,0.0,0.0,0.0,0.0,0.0,0.0,0.0,0.0,0.0,0.0,0.0,0.0,0.0,0.0,0.0,0.0,0.0,0.0,0.0,0.0,0.0,0.0,0.0,0.0,0.0,0.0,0.0,0.0,0.0,0.0,0.0,0.0,0.0,0.0,0.0,0.0,0.0,0.0
-1.039106145251396,0.0,0.0,0.0,0.0,0.0,0.0,0.0,0.0,0.0,0.0,0.0,0.0,0.0,0.0,0.0,0.0,0.0,0.0,0.0,0.0,0.0,0.0,0.0,0.0,0.0,0.0,0.0,0.0,0.0,0.0,0.0,0.0,0.0,0.0,0.0,0.0,0.0,0.0,0.0,0.0,0.0,9.999999999998899e-05,9.999999999998899e-05,0.00019999999999997797,0.00039999999999995595,0.0004999999999999449,0.0010000000000000009,0.0018000000000000238,0.0024999999999999467,0.0039000000000000146,0.006000000000000005,0.009600000000000053,0.014900000000000024,0.021599999999999953,0.031399999999999983,0.04169999999999996,0.059699999999999975,0.08010000000000006,0.10539999999999994,0.135,0.17069999999999996,0.21229999999999993,0.25950000000000006,0.31020000000000003,0.3649,0.4245,0.4798,0.5365,0.5908,0.6397,0.6878,0.7348,0.77,0.8078,0.8418,0.8691,0.892,0.9095,0.9234,0.9314,0.9333,0.9299,0.918,0.9034,0.8831,0.8498,0.8085,0.7686,0.7197,0.668,0.6157,0.559,0.5017,0.4496,0.39690000000000003,0.34830000000000005,0.29990000000000006,0.25659999999999994,0.22009999999999996,0.18100000000000005,0.14790000000000003,0.12109999999999999,0.09550000000000003,0.0756,0.05630000000000002,0.04290000000000005,0.033299999999999996,0.023900000000000032,0.016599999999999948,0.010299999999999976,0.006900000000000017,0.0044999999999999485,0.0028000000000000247,0.0016000000000000458,0.0012999999999999678,0.0006000000000000449,0.00039999999999995595,0.0,0.0,0.0,0.0,0.0,0.0,0.0,0.0,0.0,0.0,0.0,0.0,0.0,0.0,0.0,0.0,0.0,0.0,0.0,0.0,0.0,0.0,0.0,0.0,0.0,0.0,0.0,0.0,0.0,0.0,0.0,0.0,0.0,0.0,0.0,0.0,0.0,0.0,0.0,0.0,0.0,0.0,0.0,0.0,0.0,0.0,0.0,0.0,0.0,0.0,0.0,0.0,0.0,0.0,0.0,0.0,0.0,0.0,0.0,0.0,0.0,0.0,0.0,0.0,0.0,0.0,0.0,0.0,0.0,0.0,0.0,0.0,0.0,0.0,0.0,0.0,0.0,0.0,0.0,0.0,0.0,0.0,0.0,0.0,0.0,0.0,0.0,0.0,0.0,0.0,0.0,0.0,0.0,0.0,0.0,0.0,0.0,0.0,0.0,0.0,0.0,0.0,0.0,0.0,0.0,0.0,0.0,0.0,0.0,0.0,0.0,0.0,0.0,0.0,0.0,0.0,0.0,0.0,0.0,0.0,0.0,0.0,0.0,0.0,0.0,0.0005440696409140244,0.0005440696409140244,0.0016322089227420733,0.003808487486398282,0.008161044613710589,0.01577801958650704,0.027747551686615912,0.04678998911860721,0.09249183895538626,0.1479869423286181,0.21055495103373234,0.2687704026115343,0.3324265505984766,0.38900979325353646,0.4597388465723613,0.5136017410228509,0.5429815016322089,0.5685527747551686,0.5870511425462459,0.5892274211099021,0.5816104461371056,0.5609357997823722,0.5261153427638737,0.4613710554951034,0.36996735582154516,0.2769314472252449,0.17627856365614802,0.07780195865070727,0.03264417845484224,0.01088139281828071,0.004896626768226331,0.0005440696409140244,0.0,0.0,0.0,0.0,0.0,0.0,0.0,0.0,0.0,0.0,0.0,0.0,0.0,0.0,0.0,0.0,0.0,0.0,0.0,0.0,0.0,0.0,0.0,0.0,0.0,0.0,0.0,0.0,0.0,0.0,0.0,0.0,0.0,0.0,0.0,0.0,0.0,0.0,0.0,0.0,0.0,0.0,0.0,0.0,0.0,0.0
-0.994413407821229,0.0,0.0,0.0,0.0,0.0,0.0,0.0,0.0,0.0,0.0,0.0,0.0,0.0,0.0,0.0,0.0,0.0,0.0,0.0,0.0,0.0,0.0,0.0,0.0,0.0,0.0,0.0,0.0,0.0,0.0,0.0,0.0,0.0,0.0,0.0,0.0,0.0,0.0,0.0,0.0,0.0,9.999999999998899e-05,9.999999999998899e-05,0.00019999999999997797,0.00039999999999995595,0.0004999999999999449,0.0009000000000000119,0.0018000000000000238,0.0024999999999999467,0.0038000000000000256,0.005900000000000016,0.009600000000000053,0.013700000000000045,0.020499999999999963,0.030200000000000005,0.040100000000000025,0.05779999999999996,0.0776,0.1028,0.1301,0.16710000000000003,0.20809999999999995,0.25360000000000005,0.3043,0.3575999999999999,0.41589999999999994,0.4729,0.5289,0.5849,0.6339,0.6821,0.7297,0.765,0.804,0.8369,0.866,0.8891,0.9069,0.9199,0.928,0.9294,0.9269,0.9154,0.9,0.8765,0.8442,0.8048,0.7631,0.7127,0.6605,0.6085,0.5513,0.4961,0.4428000000000001,0.39149999999999996,0.3417,0.29410000000000003,0.25150000000000006,0.2158,0.17669999999999997,0.14529999999999998,0.11780000000000002,0.0927,0.07250000000000001,0.054400000000000004,0.04200000000000004,0.03190000000000004,0.022499999999999964,0.015900000000000025,0.009600000000000053,0.00660000000000005,0.0044999999999999485,0.0026000000000000467,0.0014999999999999458,0.0011999999999999789,0.0004999999999999449,0.00039999999999995595,0.0,0.0,0.0,0.0,0.0,0.0,0.0,0.0,0.0,0.0,0.0,0.0,0.0,0.0,0.0,0.0,0.0,0.0,0.0,0.0,0.0,0.0,0.0,0.0,0.0,0.0,0.0,0.0,0.0,0.0,0.0,0.0,0.0,0.0,0.0,0.0,0.0,0.0,0.0,0.0,0.0,0.0,0.0,0.0,0.0,0.0,0.0,0.0,0.0,0.0,0.0,0.0,0.0,0.0,0.0,0.0,0.0,0.0,0.0,0.0,0.0,0.0,0.0,0.0,0.0,0.0,0.0,0.0,0.0,0.0,0.0,0.0,0.0,0.0,0.0,0.0,0.0,0.0,0.0,0.0,0.0,0.0,0.0,0.0,0.0,0.0,0.0,0.0,0.0,0.0,0.0,0.0,0.0,0.0,0.0,0.0,0.0,0.0,0.0,0.0,0.0,0.0,0.0,0.0,0.0,0.0,0.0,0.0,0.0,0.0,0.0,0.0,0.0,0.0,0.0,0.0,0.0,0.0,0.0,0.0,0.0,0.0,0.0,0.0,0.0,0.0005440696409140244,0.0005440696409140244,0.0016322089227420733,0.003808487486398282,0.008161044613710589,0.015233949945593017,0.025571273122959703,0.04080522306855272,0.08650707290533188,0.13601741022850922,0.1991294885745376,0.2540805223068553,0.31719260065288357,0.37431991294885747,0.44124047878128403,0.4978237214363439,0.530467899891186,0.5511425462459195,0.5674646354733406,0.5723612622415669,0.5620239390642002,0.5424374319912949,0.5081610446137106,0.4298150163220893,0.34657236126224156,0.2568008705114255,0.15723612622415672,0.06528835690968449,0.03101196953210006,0.009793253536452662,0.0043525571273123065,0.0005440696409140244,0.0,0.0,0.0,0.0,0.0,0.0,0.0,0.0,0.0,0.0,0.0,0.0,0.0,0.0,0.0,0.0,0.0,0.0,0.0,0.0,0.0,0.0,0.0,0.0,0.0,0.0,0.0,0.0,0.0,0.0,0.0,0.0,0.0,0.0,0.0,0.0,0.0,0.0,0.0,0.0,0.0,0.0,0.0,0.0,0.0,0.0
-0.949720670391061,0.0,0.0,0.0,0.0,0.0,0.0,0.0,0.0,0.0,0.0,0.0,0.0,0.0,0.0,0.0,0.0,0.0,0.0,0.0,0.0,0.0,0.0,0.0,0.0,0.0,0.0,0.0,0.0,0.0,0.0,0.0,0.0,0.0,0.0,0.0,0.0,0.0,0.0,0.0,0.0,0.0,9.999999999998899e-05,9.999999999998899e-05,0.00019999999999997797,0.00039999999999995595,0.0004999999999999449,0.0009000000000000119,0.0018000000000000238,0.0021999999999999797,0.0036000000000000476,0.005600000000000049,0.009299999999999975,0.0131,0.019100000000000006,0.02859999999999996,0.038799999999999946,0.05620000000000003,0.0756,0.09970000000000001,0.12780000000000002,0.16159999999999997,0.20320000000000005,0.24680000000000002,0.29879999999999995,0.35129999999999995,0.40890000000000004,0.46629999999999994,0.5219,0.5784,0.6284,0.6762,0.7241,0.76,0.7985,0.8325,0.8626,0.8855,0.9036,0.916,0.9242,0.9271,0.9234,0.9113,0.8965,0.8706,0.8375,0.7991,0.757,0.7062,0.6541,0.6007,0.5428,0.48960000000000004,0.43690000000000007,0.3852,0.3379,0.28780000000000006,0.24680000000000002,0.21019999999999994,0.1725,0.14169999999999994,0.11450000000000005,0.09109999999999996,0.07109999999999994,0.05369999999999997,0.0403,0.030100000000000016,0.021499999999999964,0.015000000000000013,0.009399999999999964,0.006399999999999961,0.0042999999999999705,0.0023999999999999577,0.0014999999999999458,0.0010000000000000009,0.0004999999999999449,0.00039999999999995595,0.0,0.0,0.0,0.0,0.0,0.0,0.0,0.0,0.0,0.0,0.0,0.0,0.0,0.0,0.0,0.0,0.0,0.0,0.0,0.0,0.0,0.0,0.0,0.0,0.0,0.0,0.0,0.0,0.0,0.0,0.0,0.0,0.0,0.0,0.0,0.0,0.0,0.0,0.0,0.0,0.0,0.0,0.0,0.0,0.0,0.0,0.0,0.0,0.0,0.0,0.0,0.0,0.0,0.0,0.0,0.0,0.0,0.0,0.0,0.0,0.0,0.0,0.0,0.0,0.0,0.0,0.0,0.0,0.0,0.0,0.0,0.0,0.0,0.0,0.0,0.0,0.0,0.0,0.0,0.0,0.0,0.0,0.0,0.0,0.0,0.0,0.0,0.0,0.0,0.0,0.0,0.0,0.0,0.0,0.0,0.0,0.0,0.0,0.0,0.0,0.0,0.0,0.0,0.0,0.0,0.0,0.0,0.0,0.0,0.0,0.0,0.0,0.0,0.0,0.0,0.0,0.0,0.0,0.0,0.0,0.0,0.0,0.0,0.0,0.0,0.0005440696409140244,0.0005440696409140244,0.0016322089227420733,0.0032644178454842576,0.008161044613710589,0.014145810663764968,0.02502720348204568,0.03699673558215455,0.0761697497279652,0.12676822633297058,0.19151251360174104,0.24646354733405873,0.3052230685527748,0.36126224156692055,0.42491838955386285,0.4727965179542981,0.515778019586507,0.5375408052230686,0.5522306855277476,0.5549510337323177,0.5484221980413493,0.5255712731229597,0.4836779107725788,0.40533188248095753,0.32698585418933623,0.2334058759521218,0.14309031556039176,0.055495103373231824,0.026659412404787863,0.008161044613710589,0.003808487486398282,0.0005440696409140244,0.0,0.0,0.0,0.0,0.0,0.0,0.0,0.0,0.0,0.0,0.0,0.0,0.0,0.0,0.0,0.0,0.0,0.0,0.0,0.0,0.0,0.0,0.0,0.0,0.0,0.0,0.0,0.0,0.0,0.0,0.0,0.0,0.0,0.0,0.0,0.0,0.0,0.0,0.0,0.0,0.0,0.0,0.0,0.0,0.0,0.0
-0.9050279329608939,0.0,0.0,0.0,0.0,0.0,0.0,0.0,0.0,0.0,0.0,0.0,0.0,0.0,0.0,0.0,0.0,0.0,0.0,0.0,0.0,0.0,0.0,0.0,0.0,0.0,0.0,0.0,0.0,0.0,0.0,0.0,0.0,0.0,0.0,0.0,0.0,0.0,0.0,0.0,0.0,0.0,9.999999999998899e-05,9.999999999998899e-05,0.00019999999999997797,0.00039999999999995595,0.0004999999999999449,0.0006000000000000449,0.0014999999999999458,0.0020999999999999908,0.0033999999999999586,0.00539999999999996,0.008399999999999963,0.012199999999999989,0.018199999999999994,0.027900000000000036,0.037900000000000045,0.05379999999999996,0.07279999999999998,0.09650000000000003,0.124,0.15769999999999995,0.19689999999999996,0.24209999999999998,0.2931,0.34450000000000003,0.40270000000000006,0.45999999999999996,0.512,0.5716,0.6221,0.6707,0.7185,0.756,0.7936,0.8279,0.8583,0.8828,0.8999,0.9136,0.9211,0.9234,0.9194,0.9083,0.8927,0.8665,0.8314,0.7937,0.7501,0.6989,0.6478,0.5956,0.5357,0.4809,0.4300999999999999,0.3782,0.3316,0.2824,0.24160000000000004,0.20630000000000004,0.16849999999999998,0.13939999999999997,0.11150000000000004,0.08789999999999998,0.0686,0.05249999999999999,0.03949999999999998,0.028900000000000037,0.02059999999999995,0.013900000000000023,0.008900000000000019,0.006000000000000005,0.0042999999999999705,0.0022999999999999687,0.0013999999999999568,0.0008000000000000229,0.0004999999999999449,0.00039999999999995595,0.0,0.0,0.0,0.0,0.0,0.0,0.0,0.0,0.0,0.0,0.0,0.0,0.0,0.0,0.0,0.0,0.0,0.0,0.0,0.0,0.0,0.0,0.0,0.0,0.0,0.0,0.0,0.0,0.0,0.0,0.0,0.0,0.0,0.0,0.0,0.0,0.0,0.0,0.0,0.0,0.0,0.0,0.0,0.0,0.0,0.0,0.0,0.0,0.0,0.0,0.0,0.0,0.0,0.0,0.0,0.0,0.0,0.0,0.0,0.0,0.0,0.0,0.0,0.0,0.0,0.0,0.0,0.0,0.0,0.0,0.0,0.0,0.0,0.0,0.0,0.0,0.0,0.0,0.0,0.0,0.0,0.0,0.0,0.0,0.0,0.0,0.0,0.0,0.0,0.0,0.0,0.0,0.0,0.0,0.0,0.0,0.0,0.0,0.0,0.0,0.0,0.0,0.0,0.0,0.0,0.0,0.0,0.0,0.0,0.0,0.0,0.0,0.0,0.0,0.0,0.0,0.0,0.0,0.0,0.0,0.0,0.0,0.0,0.0,0.0,0.0005440696409140244,0.0005440696409140244,0.0016322089227420733,0.0032644178454842576,0.008161044613710589,0.01196953210010876,0.022306855277475557,0.03373231773667029,0.06637649619151254,0.12132752992383022,0.17736670293797607,0.23884657236126228,0.294341675734494,0.34820457018498363,0.3998911860718172,0.4553862894450489,0.49891186071817195,0.5244831338411317,0.5369967355821545,0.5413492927094669,0.530467899891186,0.5092491838955386,0.45266594124047876,0.38139281828074,0.31011969532100103,0.2181719260065289,0.12404787812840046,0.04787812840043526,0.023394994559303606,0.007072905331882429,0.0032644178454842576,0.0005440696409140244,0.0,0.0,0.0,0.0,0.0,0.0,0.0,0.0,0.0,0.0,0.0,0.0,0.0,0.0,0.0,0.0,0.0,0.0,0.0,0.0,0.0,0.0,0.0,0.0,0.0,0.0,0.0,0.0,0.0,0.0,0.0,0.0,0.0,0.0,0.0,0.0,0.0,0.0,0.0,0.0,0.0,0.0,0.0,0.0,0.0,0.0
-0.8603351955307259,0.0,0.0,0.0,0.0,0.0,0.0,0.0,0.0,0.0,0.0,0.0,0.0,0.0,0.0,0.0,0.0,0.0,0.0,0.0,0.0,0.0,0.0,0.0,0.0,0.0,0.0,0.0,0.0,0.0,0.0,0.0,0.0,0.0,0.0,0.0,0.0,0.0,0.0,0.0,0.0,0.0,9.999999999998899e-05,9.999999999998899e-05,0.00019999999999997797,0.00039999999999995595,0.0004999999999999449,0.0004999999999999449,0.0012999999999999678,0.0019000000000000128,0.0030999999999999917,0.0050000000000000044,0.007800000000000029,0.011600000000000055,0.01749999999999996,0.026800000000000046,0.03700000000000003,0.05149999999999999,0.0706,0.09360000000000002,0.12070000000000003,0.1533,0.19279999999999997,0.23730000000000007,0.2872,0.3380000000000001,0.3941,0.4524,0.5065,0.5635,0.6151,0.6628,0.7116,0.7522,0.7879,0.8228,0.8542,0.879,0.8966,0.9098,0.9176,0.92,0.9154,0.9036,0.8865,0.8614,0.826,0.7869,0.7435,0.6929,0.6407,0.5875,0.5294,0.47419999999999995,0.42389999999999994,0.3721,0.32499999999999996,0.27869999999999995,0.23870000000000002,0.2015,0.1642,0.13590000000000002,0.10850000000000004,0.0857,0.06679999999999997,0.05030000000000001,0.03810000000000002,0.02839999999999998,0.01970000000000005,0.01319999999999999,0.00880000000000003,0.005800000000000027,0.0040999999999999925,0.0021999999999999797,0.0013999999999999568,0.0007000000000000339,0.0004999999999999449,9.999999999998899e-05,0.0,0.0,0.0,0.0,0.0,0.0,0.0,0.0,0.0,0.0,0.0,0.0,0.0,0.0,0.0,0.0,0.0,0.0,0.0,0.0,0.0,0.0,0.0,0.0,0.0,0.0,0.0,0.0,0.0,0.0,0.0,0.0,0.0,0.0,0.0,0.0,0.0,0.0,0.0,0.0,0.0,0.0,0.0,0.0,0.0,0.0,0.0,0.0,0.0,0.0,0.0,0.0,0.0,0.0,0.0,0.0,0.0,0.0,0.0,0.0,0.0,0.0,0.0,0.0,0.0,0.0,0.0,0.0,0.0,0.0,0.0,0.0,0.0,0.0,0.0,0.0,0.0,0.0,0.0,0.0,0.0,0.0,0.0,0.0,0.0,0.0,0.0,0.0,0.0,0.0,0.0,0.0,0.0,0.0,0.0,0.0,0.0,0.0,0.0,0.0,0.0,0.0,0.0,0.0,0.0,0.0,0.0,0.0,0.0,0.0,0.0,0.0,0.0,0.0,0.0,0.0,0.0,0.0,0.0,0.0,0.0,0.0,0.0,0.0,0.0,0.0005440696409140244,0.0005440696409140244,0.0016322089227420733,0.0032644178454842576,0.007072905331882429,0.01088139281828071,0.019586507072905324,0.030467899891186034,0.06202393906420023,0.10990206746463549,0.1670293797606094,0.22361262241566915,0.2769314472252449,0.3302502720348204,0.38030467899891185,0.43743199129488575,0.4782372143634386,0.5065288356909684,0.5228509249183896,0.5266594124047879,0.514689880304679,0.48422198041349285,0.4265505984766049,0.3618063112078347,0.2905331882480957,0.20076169749727968,0.11044613710554951,0.04298150163220893,0.018498367791077275,0.00598476605005438,0.002720348204570233,0.0005440696409140244,0.0,0.0,0.0,0.0,0.0,0.0,0.0,0.0,0.0,0.0,0.0,0.0,0.0,0.0,0.0,0.0,0.0,0.0,0.0,0.0,0.0,0.0,0.0,0.0,0.0,0.0,0.0,0.0,0.0,0.0,0.0,0.0,0.0,0.0,0.0,0.0,0.0,0.0,0.0,0.0,0.0,0.0,0.0,0.0,0.0,0.0
-0.8156424581005588,0.0,0.0,0.0,0.0,0.0,0.0,0.0,0.0,0.0,0.0,0.0,0.0,0.0,0.0,0.0,0.0,0.0,0.0,0.0,0.0,0.0,0.0,0.0,0.0,0.0,0.0,0.0,0.0,0.0,0.0,0.0,0.0,0.0,0.0,0.0,0.0,0.0,0.0,0.0,0.0,0.0,0.0,9.999999999998899e-05,0.00019999999999997797,0.00039999999999995595,0.0004999999999999449,0.0004999999999999449,0.0011999999999999789,0.0019000000000000128,0.0030000000000000027,0.0047000000000000375,0.007299999999999973,0.011299999999999977,0.016700000000000048,0.026000000000000023,0.03620000000000001,0.049699999999999966,0.06789999999999996,0.09079999999999999,0.11770000000000003,0.15000000000000002,0.18830000000000002,0.23219999999999996,0.2813,0.3325,0.3882,0.44589999999999996,0.5012,0.5561,0.6089,0.6577,0.7035,0.7479,0.7827,0.8189,0.85,0.8745,0.8927,0.9073,0.915,0.9157,0.9118,0.9001,0.8832,0.8562,0.82,0.7812,0.7372,0.6867,0.6341,0.5801,0.5229,0.46930000000000005,0.41779999999999995,0.3669,0.31909999999999994,0.2733,0.23530000000000006,0.1966,0.1613,0.13270000000000004,0.10499999999999998,0.08409999999999995,0.06479999999999997,0.0494,0.03649999999999998,0.02749999999999997,0.018900000000000028,0.012399999999999967,0.007900000000000018,0.005600000000000049,0.0039000000000000146,0.0021999999999999797,0.0013999999999999568,0.0007000000000000339,0.0004999999999999449,9.999999999998899e-05,0.0,0.0,0.0,0.0,0.0,0.0,0.0,0.0,0.0,0.0,0.0,0.0,0.0,0.0,0.0,0.0,0.0,0.0,0.0,0.0,0.0,0.0,0.0,0.0,0.0,0.0,0.0,0.0,0.0,0.0,0.0,0.0,0.0,0.0,0.0,0.0,0.0,0.0,0.0,0.0,0.0,0.0,0.0,0.0,0.0,0.0,0.0,0.0,0.0,0.0,0.0,0.0,0.0,0.0,0.0,0.0,0.0,0.0,0.0,0.0,0.0,0.0,0.0,0.0,0.0,0.0,0.0,0.0,0.0,0.0,0.0,0.0,0.0,0.0,0.0,0.0,0.0,0.0,0.0,0.0,0.0,0.0,0.0,0.0,0.0,0.0,0.0,0.0,0.0,0.0,0.0,0.0,0.0,0.0,0.0,0.0,0.0,0.0,0.0,0.0,0.0,0.0,0.0,0.0,0.0,0.0,0.0,0.0,0.0,0.0,0.0,0.0,0.0,0.0,0.0,0.0,0.0,0.0,0.0,0.0,0.0,0.0,0.0,0.0,0.0,0.0005440696409140244,0.0005440696409140244,0.0005440696409140244,0.0032644178454842576,0.005440696409140355,0.010337323177366686,0.018498367791077275,0.029379760609357986,0.055495103373231824,0.1017410228509249,0.1566920565832426,0.2121871599564744,0.2606093579978237,0.31664853101196955,0.36724700761697493,0.4194776931447226,0.45701849836779107,0.48803046789989124,0.5,0.5027203482045702,0.4918389553862894,0.45647442872687705,0.40369967355821545,0.3405875952121872,0.26985854189336234,0.18552774755168655,0.09466811751904247,0.03971708378672467,0.015233949945593017,0.00598476605005438,0.0021762785636560977,0.0005440696409140244,0.0,0.0,0.0,0.0,0.0,0.0,0.0,0.0,0.0,0.0,0.0,0.0,0.0,0.0,0.0,0.0,0.0,0.0,0.0,0.0,0.0,0.0,0.0,0.0,0.0,0.0,0.0,0.0,0.0,0.0,0.0,0.0,0.0,0.0,0.0,0.0,0.0,0.0,0.0,0.0,0.0,0.0,0.0,0.0,0.0,0.0
-0.7709497206703908,0.0,0.0,0.0,0.0,0.0,0.0,0.0,0.0,0.0,0.0,0.0,0.0,0.0,0.0,0.0,0.0,0.0,0.0,0.0,0.0,0.0,0.0,0.0,0.0,0.0,0.0,0.0,0.0,0.0,0.0,0.0,0.0,0.0,0.0,0.0,0.0,0.0,0.0,0.0,0.0,0.0,0.0,9.999999999998899e-05,0.00019999999999997797,0.00039999999999995595,0.00039999999999995595,0.0004999999999999449,0.0011999999999999789,0.0019000000000000128,0.0029000000000000137,0.0043999999999999595,0.006900000000000017,0.011099999999999999,0.01629999999999998,0.024599999999999955,0.03510000000000002,0.04749999999999999,0.06620000000000004,0.08719999999999994,0.11440000000000006,0.14690000000000003,0.18359999999999999,0.2267,0.275,0.3256,0.3803000000000001,0.4386,0.495,0.549,0.6027,0.6518,0.6985,0.743,0.7777,0.8138,0.846,0.8706,0.8879,0.9031,0.9122,0.9117,0.9066,0.8964,0.8786,0.8506,0.8147,0.7756,0.7306,0.6807,0.6274,0.5744,0.5155,0.4629,0.4112,0.36,0.31200000000000006,0.2683,0.23009999999999997,0.19220000000000004,0.15800000000000003,0.1291,0.10260000000000002,0.08210000000000006,0.06289999999999996,0.047799999999999954,0.03620000000000001,0.026599999999999957,0.018399999999999972,0.011900000000000022,0.00770000000000004,0.005299999999999971,0.0038000000000000256,0.0020000000000000018,0.0013999999999999568,0.0007000000000000339,0.0004999999999999449,0.0,0.0,0.0,0.0,0.0,0.0,0.0,0.0,0.0,0.0,0.0,0.0,0.0,0.0,0.0,0.0,0.0,0.0,0.0,0.0,0.0,0.0,0.0,0.0,0.0,0.0,0.0,0.0,0.0,0.0,0.0,0.0,0.0,0.0,0.0,0.0,0.0,0.0,0.0,0.0,0.0,0.0,0.0,0.0,0.0,0.0,0.0,0.0,0.0,0.0,0.0,0.0,0.0,0.0,0.0,0.0,0.0,0.0,0.0,0.0,0.0,0.0,0.0,0.0,0.0,0.0,0.0,0.0,0.0,0.0,0.0,0.0,0.0,0.0,0.0,0.0,0.0,0.0,0.0,0.0,0.0,0.0,0.0,0.0,0.0,0.0,0.0,0.0,0.0,0.0,0.0,0.0,0.0,0.0,0.0,0.0,0.0,0.0,0.0,0.0,0.0,0.0,0.0,0.0,0.0,0.0,0.0,0.0,0.0,0.0,0.0,0.0,0.0,0.0,0.0,0.0,0.0,0.0,0.0,0.0,0.0,0.0,0.0,0.0,0.0,0.0,0.0005440696409140244,0.0005440696409140244,0.0005440696409140244,0.002720348204570233,0.004896626768226331,0.009793253536452662,0.0168661588683352,0.029379760609357986,0.049510337323177334,0.09303590859630029,0.14526659412404785,0.19967355821545163,0.249727965179543,0.3068552774755169,0.3541893362350381,0.3960826985854189,0.4423286180631121,0.4662676822633297,0.4836779107725788,0.4825897714907508,0.47116430903155604,0.43307943416757344,0.3852013057671382,0.32535364526659416,0.249727965179543,0.16920565832426548,0.08161044613710555,0.0380848748639826,0.01305767138193692,0.00598476605005438,0.0021762785636560977,0.0,0.0,0.0,0.0,0.0,0.0,0.0,0.0,0.0,0.0,0.0,0.0,0.0,0.0,0.0,0.0,0.0,0.0,0.0,0.0,0.0,0.0,0.0,0.0,0.0,0.0,0.0,0.0,0.0,0.0,0.0,0.0,0.0,0.0,0.0,0.0,0.0,0.0,0.0,0.0,0.0,0.0,0.0,0.0,0.0,0.0,0.0
-0.7262569832402237,0.0,0.0,0.0,0.0,0.0,0.0,0.0,0.0,0.0,0.0,0.0,0.0,0.0,0.0,0.0,0.0,0.0,0.0,0.0,0.0,0.0,0.0,0.0,0.0,0.0,0.0,0.0,0.0,0.0,0.0,0.0,0.0,0.0,0.0,0.0,0.0,0.0,0.0,0.0,0.0,0.0,0.0,9.999999999998899e-05,0.00019999999999997797,0.00039999999999995595,0.00039999999999995595,0.0004999999999999449,0.0011999999999999789,0.0019000000000000128,0.0027000000000000357,0.0042999999999999705,0.006800000000000028,0.010700000000000043,0.016000000000000014,0.023599999999999954,0.0343,0.045599999999999974,0.06369999999999998,0.08509999999999995,0.11180000000000001,0.14280000000000004,0.1774,0.2229,0.2694,0.3195,0.3736999999999999,0.4317,0.488,0.5421,0.5969,0.6448,0.6937,0.7378,0.7744,0.8096,0.8422,0.8662,0.8854,0.8995,0.9088,0.9079,0.9024,0.8943,0.8734,0.8453,0.81,0.7713,0.7236,0.6744,0.622,0.5665,0.5101,0.4568,0.4054,0.356,0.30699999999999994,0.26449999999999996,0.2257,0.18730000000000002,0.15500000000000003,0.12650000000000006,0.10060000000000002,0.08010000000000006,0.06010000000000004,0.04590000000000005,0.03539999999999999,0.025700000000000056,0.017800000000000038,0.011099999999999999,0.007600000000000051,0.005199999999999982,0.0037000000000000366,0.0020000000000000018,0.0013999999999999568,0.0006000000000000449,0.0004999999999999449,0.0,0.0,0.0,0.0,0.0,0.0,0.0,0.0,0.0,0.0,0.0,0.0,0.0,0.0,0.0,0.0,0.0,0.0,0.0,0.0,0.0,0.0,0.0,0.0,0.0,0.0,0.0,0.0,0.0,0.0,0.0,0.0,0.0,0.0,0.0,0.0,0.0,0.0,0.0,0.0,0.0,0.0,0.0,0.0,0.0,0.0,0.0,0.0,0.0,0.0,0.0,0.0,0.0,0.0,0.0,0.0,0.0,0.0,0.0,0.0,0.0,0.0,0.0,0.0,0.0,0.0,0.0,0.0,0.0,0.0,0.0,0.0,0.0,0.0,0.0,0.0,0.0,0.0,0.0,0.0,0.0,0.0,0.0,0.0,0.0,0.0,0.0,0.0,0.0,0.0,0.0,0.0,0.0,0.0,0.0,0.0,0.0,0.0,0.0,0.0,0.0,0.0,0.0,0.0,0.0,0.0,0.0,0.0,0.0,0.0,0.0,0.0,0.0,0.0,0.0,0.0,0.0,0.0,0.0,0.0,0.0,0.0,0.0,0.0,0.0,0.0,0.0,0.0005440696409140244,0.0005440696409140244,0.0021762785636560977,0.0043525571273123065,0.009249183895538637,0.016322089227421066,0.02883569096844396,0.04624591947769319,0.08705114254624591,0.13601741022850922,0.1926006528835691,0.24483133841131666,0.2959738846572362,0.3405875952121872,0.3775843307943416,0.4216539717083787,0.44776931447225243,0.46517954298150166,0.4662676822633297,0.4488574537540806,0.4129488574537541,0.3618063112078347,0.31229597388465724,0.22742110990206743,0.15342763873775844,0.06909684439608266,0.03264417845484224,0.011425462459194735,0.005440696409140355,0.0016322089227420733,0.0,0.0,0.0,0.0,0.0,0.0,0.0,0.0,0.0,0.0,0.0,0.0,0.0,0.0,0.0,0.0,0.0,0.0,0.0,0.0,0.0,0.0,0.0,0.0,0.0,0.0,0.0,0.0,0.0,0.0,0.0,0.0,0.0,0.0,0.0,0.0,0.0,0.0,0.0,0.0,0.0,0.0,0.0,0.0,0.0,0.0,0.0
-0.6815642458100557,0.0,0.0,0.0,0.0,0.0,0.0,0.0,0.0,0.0,0.0,0.0,0.0,0.0,0.0,0.0,0.0,0.0,0.0,0.0,0.0,0.0,0.0,0.0,0.0,0.0,0.0,0.0,0.0,0.0,0.0,0.0,0.0,0.0,0.0,0.0,0.0,0.0,0.0,0.0,0.0,0.0,0.0,9.999999999998899e-05,9.999999999998899e-05,0.00029999999999996696,0.00039999999999995595,0.0004999999999999449,0.0011999999999999789,0.0019000000000000128,0.0027000000000000357,0.0042999999999999705,0.00660000000000005,0.010199999999999987,0.015700000000000047,0.022399999999999975,0.03259999999999996,0.04369999999999996,0.062100000000000044,0.08299999999999996,0.10939999999999994,0.13860000000000006,0.1733,0.21829999999999994,0.265,0.31410000000000005,0.3671,0.42599999999999993,0.48160000000000003,0.5369,0.5912,0.639,0.6872,0.7331,0.7687,0.8053,0.8379,0.8631,0.8821,0.896,0.9041,0.9032,0.8984,0.89,0.8683,0.8401,0.8044,0.7653,0.7162,0.6675,0.6152,0.5599,0.5044,0.4507,0.39949999999999997,0.3508,0.30299999999999994,0.2601,0.22199999999999998,0.18320000000000003,0.1511,0.12329999999999997,0.09770000000000001,0.07789999999999997,0.057699999999999974,0.04469999999999996,0.03490000000000004,0.024900000000000033,0.016900000000000026,0.010800000000000032,0.007299999999999973,0.0047000000000000375,0.0031999999999999806,0.0018000000000000238,0.0013999999999999568,0.0006000000000000449,0.00039999999999995595,0.0,0.0,0.0,0.0,0.0,0.0,0.0,0.0,0.0,0.0,0.0,0.0,0.0,0.0,0.0,0.0,0.0,0.0,0.0,0.0,0.0,0.0,0.0,0.0,0.0,0.0,0.0,0.0,0.0,0.0,0.0,0.0,0.0,0.0,0.0,0.0,0.0,0.0,0.0,0.0,0.0,0.0,0.0,0.0,0.0,0.0,0.0,0.0,0.0,0.0,0.0,0.0,0.0,0.0,0.0,0.0,0.0,0.0,0.0,0.0,0.0,0.0,0.0,0.0,0.0,0.0,0.0,0.0,0.0,0.0,0.0,0.0,0.0,0.0,0.0,0.0,0.0,0.0,0.0,0.0,0.0,0.0,0.0,0.0,0.0,0.0,0.0,0.0,0.0,0.0,0.0,0.0,0.0,0.0,0.0,0.0,0.0,0.0,0.0,0.0,0.0,0.0,0.0,0.0,0.0,0.0,0.0,0.0,0.0,0.0,0.0,0.0,0.0,0.0,0.0,0.0,0.0,0.0,0.0,0.0,0.0,0.0,0.0,0.0,0.0,0.0,0.0,0.0005440696409140244,0.0005440696409140244,0.0016322089227420733,0.0043525571273123065,0.008705114254624613,0.015233949945593017,0.027203482045701888,0.040261153427638696,0.08106637649619153,0.12785636561479863,0.18389553862894448,0.23449401523394997,0.2840043525571273,0.3237214363438521,0.3639825897714908,0.4042437431991295,0.4325353645266594,0.4466811751904244,0.4434167573449401,0.4265505984766049,0.3944504896626768,0.34439608269858546,0.29325353645266594,0.21327529923830246,0.14036996735582152,0.059303590859629995,0.031556039173014194,0.01088139281828071,0.004896626768226331,0.0010881392818280489,0.0,0.0,0.0,0.0,0.0,0.0,0.0,0.0,0.0,0.0,0.0,0.0,0.0,0.0,0.0,0.0,0.0,0.0,0.0,0.0,0.0,0.0,0.0,0.0,0.0,0.0,0.0,0.0,0.0,0.0,0.0,0.0,0.0,0.0,0.0,0.0,0.0,0.0,0.0,0.0,0.0,0.0,0.0,0.0,0.0,0.0,0.0
-0.6368715083798877,0.0,0.0,0.0,0.0,0.0,0.0,0.0,0.0,0.0,0.0,0.0,0.0,0.0,0.0,0.0,0.0,0.0,0.0,0.0,0.0,0.0,0.0,0.0,0.0,0.0,0.0,0.0,0.0,0.0,0.0,0.0,0.0,0.0,0.0,0.0,0.0,0.0,0.0,0.0,0.0,0.0,0.0,9.999999999998899e-05,9.999999999998899e-05,0.00029999999999996696,0.00039999999999995595,0.0004999999999999449,0.0010999999999999899,0.0019000000000000128,0.0027000000000000357,0.0040000000000000036,0.006199999999999983,0.010000000000000009,0.015000000000000013,0.02210000000000001,0.03169999999999995,0.04179999999999995,0.059799999999999964,0.08040000000000003,0.10560000000000003,0.13460000000000005,0.16969999999999996,0.21189999999999998,0.2583,0.30699999999999994,0.3619,0.41900000000000004,0.4746,0.5308,0.5849,0.6345,0.6814,0.7273,0.7636,0.8006,0.8336,0.8598,0.8787,0.8924,0.8998,0.8998,0.8948,0.8843,0.8624,0.8342,0.7988,0.7596,0.7108,0.6626,0.6094,0.553,0.499,0.44530000000000003,0.3938999999999999,0.34640000000000004,0.2975,0.255,0.21730000000000005,0.17890000000000006,0.1473,0.12070000000000003,0.09529999999999994,0.07610000000000006,0.05669999999999997,0.043300000000000005,0.03369999999999995,0.023599999999999954,0.016599999999999948,0.010399999999999965,0.007000000000000006,0.0046000000000000485,0.0029000000000000137,0.0017000000000000348,0.0013999999999999568,0.0006000000000000449,0.00039999999999995595,0.0,0.0,0.0,0.0,0.0,0.0,0.0,0.0,0.0,0.0,0.0,0.0,0.0,0.0,0.0,0.0,0.0,0.0,0.0,0.0,0.0,0.0,0.0,0.0,0.0,0.0,0.0,0.0,0.0,0.0,0.0,0.0,0.0,0.0,0.0,0.0,0.0,0.0,0.0,0.0,0.0,0.0,0.0,0.0,0.0,0.0,0.0,0.0,0.0,0.0,0.0,0.0,0.0,0.0,0.0,0.0,0.0,0.0,0.0,0.0,0.0,0.0,0.0,0.0,0.0,0.0,0.0,0.0,0.0,0.0,0.0,0.0,0.0,0.0,0.0,0.0,0.0,0.0,0.0,0.0,0.0,0.0,0.0,0.0,0.0,0.0,0.0,0.0,0.0,0.0,0.0,0.0,0.0,0.0,0.0,0.0,0.0,0.0,0.0,0.0,0.0,0.0,0.0,0.0,0.0,0.0,0.0,0.0,0.0,0.0,0.0,0.0,0.0,0.0,0.0,0.0,0.0,0.0,0.0,0.0,0.0,0.0,0.0,0.0,0.0,0.0,0.0,0.0005440696409140244,0.0005440696409140244,0.0016322089227420733,0.003808487486398282,0.008161044613710589,0.015233949945593017,0.025571273122959703,0.037540805223068574,0.07236126224156691,0.11969532100108815,0.1713819368879217,0.22198041349292708,0.26768226332970624,0.31284004352557127,0.35255712731229605,0.38248095756256806,0.4151251360174102,0.4265505984766049,0.4254624591947769,0.40587595212187155,0.37214363438520137,0.3307943416757345,0.27257889009793246,0.20293797606093578,0.12404787812840046,0.05386289445048964,0.028291621327529937,0.009249183895538637,0.004896626768226331,0.0010881392818280489,0.0,0.0,0.0,0.0,0.0,0.0,0.0,0.0,0.0,0.0,0.0,0.0,0.0,0.0,0.0,0.0,0.0,0.0,0.0,0.0,0.0,0.0,0.0,0.0,0.0,0.0,0.0,0.0,0.0,0.0,0.0,0.0,0.0,0.0,0.0,0.0,0.0,0.0,0.0,0.0,0.0,0.0,0.0,0.0,0.0,0.0,0.0
-0.5921787709497206,0.0,0.0,0.0,0.0,0.0,0.0,0.0,0.0,0.0,0.0,0.0,0.0,0.0,0.0,0.0,0.0,0.0,0.0,0.0,0.0,0.0,0.0,0.0,0.0,0.0,0.0,0.0,0.0,0.0,0.0,0.0,0.0,0.0,0.0,0.0,0.0,0.0,0.0,0.0,0.0,0.0,0.0,9.999999999998899e-05,9.999999999998899e-05,0.00019999999999997797,0.00039999999999995595,0.0004999999999999449,0.0010000000000000009,0.0018000000000000238,0.0024999999999999467,0.0038000000000000256,0.006099999999999994,0.009800000000000031,0.014599999999999946,0.021299999999999986,0.031000000000000028,0.04069999999999996,0.05830000000000002,0.07789999999999997,0.10319999999999996,0.13149999999999995,0.1663,0.20819999999999994,0.2522,0.30190000000000006,0.35640000000000005,0.4125,0.46940000000000004,0.5245,0.5784,0.6283,0.6756,0.7223,0.7601,0.7959,0.8291,0.8569,0.8751,0.8885,0.8949,0.8963,0.8898,0.8796,0.8583,0.8278,0.7922,0.7535,0.7042,0.6554,0.6053,0.5457,0.4925999999999999,0.44090000000000007,0.389,0.34119999999999995,0.29200000000000004,0.24980000000000002,0.2136,0.17599999999999993,0.14439999999999997,0.11829999999999996,0.09289999999999998,0.07330000000000003,0.05510000000000004,0.04190000000000005,0.03259999999999996,0.02290000000000003,0.016199999999999992,0.00990000000000002,0.006900000000000017,0.0044999999999999485,0.0027000000000000357,0.0016000000000000458,0.0011999999999999789,0.0006000000000000449,0.00039999999999995595,0.0,0.0,0.0,0.0,0.0,0.0,0.0,0.0,0.0,0.0,0.0,0.0,0.0,0.0,0.0,0.0,0.0,0.0,0.0,0.0,0.0,0.0,0.0,0.0,0.0,0.0,0.0,0.0,0.0,0.0,0.0,0.0,0.0,0.0,0.0,0.0,0.0,0.0,0.0,0.0,0.0,0.0,0.0,0.0,0.0,0.0,0.0,0.0,0.0,0.0,0.0,0.0,0.0,0.0,0.0,0.0,0.0,0.0,0.0,0.0,0.0,0.0,0.0,0.0,0.0,0.0,0.0,0.0,0.0,0.0,0.0,0.0,0.0,0.0,0.0,0.0,0.0,0.0,0.0,0.0,0.0,0.0,0.0,0.0,0.0,0.0,0.0,0.0,0.0,0.0,0.0,0.0,0.0,0.0,0.0,0.0,0.0,0.0,0.0,0.0,0.0,0.0,0.0,0.0,0.0,0.0,0.0,0.0,0.0,0.0,0.0,0.0,0.0,0.0,0.0,0.0,0.0,0.0,0.0,0.0,0.0,0.0,0.0,0.0,0.0,0.0,0.0,0.0005440696409140244,0.0005440696409140244,0.0016322089227420733,0.003808487486398282,0.008161044613710589,0.014145810663764968,0.024483133841131655,0.03373231773667029,0.06637649619151254,0.11099020674646354,0.16430903155603915,0.2116430903155604,0.25353645266594116,0.3030467899891186,0.338955386289445,0.36779107725788895,0.39553862894450487,0.4085963003264418,0.4064200217627856,0.38900979325353646,0.3541893362350381,0.3182807399347116,0.2540805223068553,0.19205658324265507,0.1082698585418933,0.04787812840043526,0.02502720348204568,0.008705114254624613,0.0043525571273123065,0.0005440696409140244,0.0,0.0,0.0,0.0,0.0,0.0,0.0,0.0,0.0,0.0,0.0,0.0,0.0,0.0,0.0,0.0,0.0,0.0,0.0,0.0,0.0,0.0,0.0,0.0,0.0,0.0,0.0,0.0,0.0,0.0,0.0,0.0,0.0,0.0,0.0,0.0,0.0,0.0,0.0,0.0,0.0,0.0,0.0,0.0,0.0,0.0,0.0
-0.5474860335195526,0.0,0.0,0.0,0.0,0.0,0.0,0.0,0.0,0.0,0.0,0.0,0.0,0.0,0.0,0.0,0.0,0.0,0.0,0.0,0.0,0.0,0.0,0.0,0.0,0.0,0.0,0.0,0.0,0.0,0.0,0.0,0.0,0.0,0.0,0.0,0.0,0.0,0.0,0.0,0.0,0.0,0.0,9.999999999998899e-05,9.999999999998899e-05,0.00019999999999997797,0.00039999999999995595,0.0004999999999999449,0.0010000000000000009,0.0018000000000000238,0.0023999999999999577,0.0037000000000000366,0.005900000000000016,0.009399999999999964,0.013399999999999967,0.01970000000000005,0.02949999999999997,0.03980000000000006,0.05669999999999997,0.0756,0.10050000000000003,0.12819999999999998,0.16200000000000003,0.20350000000000001,0.2479,0.29810000000000003,0.3508,0.4051,0.46229999999999993,0.5174,0.5723,0.6235,0.6709,0.718,0.7554,0.7911,0.825,0.8519,0.8712,0.8851,0.8905,0.8931,0.8862,0.8747,0.8535,0.8221,0.7869,0.7485,0.6989,0.6489,0.5982,0.5393,0.4867,0.4346,0.38450000000000006,0.3368,0.28689999999999993,0.24560000000000004,0.20989999999999998,0.1714,0.14169999999999994,0.11619999999999997,0.09150000000000003,0.07099999999999995,0.054200000000000026,0.04090000000000005,0.031299999999999994,0.02190000000000003,0.015599999999999947,0.009499999999999953,0.00660000000000005,0.0044999999999999485,0.0024999999999999467,0.0014999999999999458,0.0010999999999999899,0.0006000000000000449,0.00039999999999995595,0.0,0.0,0.0,0.0,0.0,0.0,0.0,0.0,0.0,0.0,0.0,0.0,0.0,0.0,0.0,0.0,0.0,0.0,0.0,0.0,0.0,0.0,0.0,0.0,0.0,0.0,0.0,0.0,0.0,0.0,0.0,0.0,0.0,0.0,0.0,0.0,0.0,0.0,0.0,0.0,0.0,0.0,0.0,0.0,0.0,0.0,0.0,0.0,0.0,0.0,0.0,0.0,0.0,0.0,0.0,0.0,0.0,0.0,0.0,0.0,0.0,0.0,0.0,0.0,0.0,0.0,0.0,0.0,0.0,0.0,0.0,0.0,0.0,0.0,0.0,0.0,0.0,0.0,0.0,0.0,0.0,0.0,0.0,0.0,0.0,0.0,0.0,0.0,0.0,0.0,0.0,0.0,0.0,0.0,0.0,0.0,0.0,0.0,0.0,0.0,0.0,0.0,0.0,0.0,0.0,0.0,0.0,0.0,0.0,0.0,0.0,0.0,0.0,0.0,0.0,0.0,0.0,0.0,0.0,0.0,0.0,0.0,0.0,0.0,0.0,0.0,0.0,0.0005440696409140244,0.0005440696409140244,0.0016322089227420733,0.0032644178454842576,0.008161044613710589,0.01305767138193692,0.020674646354733373,0.031556039173014194,0.061479869423286204,0.10391730141458111,0.15397170837867247,0.20021762785636565,0.24809575625680091,0.2927094668117519,0.3264417845484222,0.3536452665941241,0.3770402611534276,0.3917301414581067,0.3879216539717083,0.36996735582154516,0.34004352557127304,0.3052230685527748,0.2415669205658324,0.17736670293797607,0.09847660500544064,0.04406964091403698,0.021218715995647397,0.008161044613710589,0.003808487486398282,0.0005440696409140244,0.0,0.0,0.0,0.0,0.0,0.0,0.0,0.0,0.0,0.0,0.0,0.0,0.0,0.0,0.0,0.0,0.0,0.0,0.0,0.0,0.0,0.0,0.0,0.0,0.0,0.0,0.0,0.0,0.0,0.0,0.0,0.0,0.0,0.0,0.0,0.0,0.0,0.0,0.0,0.0,0.0,0.0,0.0,0.0,0.0,0.0,0.0
-0.5027932960893855,0.0,0.0,0.0,0.0,0.0,0.0,0.0,0.0,0.0,0.0,0.0,0.0,0.0,0.0,0.0,0.0,0.0,0.0,0.0,0.0,0.0,0.0,0.0,0.0,0.0,0.0,0.0,0.0,0.0,0.0,0.0,0.0,0.0,0.0,0.0,0.0,0.0,0.0,0.0,0.0,0.0,0.0,9.999999999998899e-05,9.999999999998899e-05,0.00019999999999997797,0.00039999999999995595,0.0004999999999999449,0.0008000000000000229,0.0014999999999999458,0.0023999999999999577,0.0036000000000000476,0.005800000000000027,0.009299999999999975,0.012700000000000045,0.01849999999999996,0.028200000000000003,0.039000000000000035,0.055300000000000016,0.07399999999999995,0.09850000000000003,0.125,0.15739999999999998,0.19889999999999997,0.24370000000000003,0.2936000000000001,0.3447,0.3998999999999999,0.45589999999999997,0.5116,0.567,0.6186,0.6645,0.7123,0.75,0.787,0.8198,0.8476,0.8677,0.8819,0.8876,0.8892,0.8829,0.8698,0.8478,0.817,0.7822,0.7423,0.6942,0.6435,0.5911,0.5337,0.48150000000000004,0.42710000000000004,0.37939999999999996,0.33129999999999993,0.28279999999999994,0.24180000000000001,0.20579999999999998,0.16900000000000004,0.14029999999999998,0.11299999999999999,0.08840000000000003,0.06879999999999997,0.05300000000000005,0.040200000000000014,0.030200000000000005,0.021299999999999986,0.015100000000000002,0.009199999999999986,0.006199999999999983,0.0043999999999999595,0.0024999999999999467,0.0014999999999999458,0.0010000000000000009,0.0004999999999999449,0.00039999999999995595,0.0,0.0,0.0,0.0,0.0,0.0,0.0,0.0,0.0,0.0,0.0,0.0,0.0,0.0,0.0,0.0,0.0,0.0,0.0,0.0,0.0,0.0,0.0,0.0,0.0,0.0,0.0,0.0,0.0,0.0,0.0,0.0,0.0,0.0,0.0,0.0,0.0,0.0,0.0,0.0,0.0,0.0,0.0,0.0,0.0,0.0,0.0,0.0,0.0,0.0,0.0,0.0,0.0,0.0,0.0,0.0,0.0,0.0,0.0,0.0,0.0,0.0,0.0,0.0,0.0,0.0,0.0,0.0,0.0,0.0,0.0,0.0,0.0,0.0,0.0,0.0,0.0,0.0,0.0,0.0,0.0,0.0,0.0,0.0,0.0,0.0,0.0,0.0,0.0,0.0,0.0,0.0,0.0,0.0,0.0,0.0,0.0,0.0,0.0,0.0,0.0,0.0,0.0,0.0,0.0,0.0,0.0,0.0,0.0,0.0,0.0,0.0,0.0,0.0,0.0,0.0,0.0,0.0,0.0,0.0,0.0,0.0,0.0,0.0,0.0,0.0,0.0,0.0005440696409140244,0.0005440696409140244,0.0016322089227420733,0.0032644178454842576,0.008161044613710589,0.01088139281828071,0.019586507072905324,0.029379760609357986,0.055495103373231824,0.09630032644178455,0.14472252448313383,0.19532100108813932,0.24047878128400435,0.2818280739934711,0.3150163220892275,0.3427638737758434,0.36126224156692055,0.37377584330794345,0.36996735582154516,0.3514689880304679,0.32970620239390636,0.2883569096844396,0.22306855277475512,0.16430903155603915,0.08541893362350383,0.041349292709466856,0.0190424374319913,0.006528835690968404,0.003808487486398282,0.0005440696409140244,0.0,0.0,0.0,0.0,0.0,0.0,0.0,0.0,0.0,0.0,0.0,0.0,0.0,0.0,0.0,0.0,0.0,0.0,0.0,0.0,0.0,0.0,0.0,0.0,0.0,0.0,0.0,0.0,0.0,0.0,0.0,0.0,0.0,0.0,0.0,0.0,0.0,0.0,0.0,0.0,0.0,0.0,0.0,0.0,0.0,0.0,0.0
-0.4581005586592175,0.0,0.0,0.0,0.0,0.0,0.0,0.0,0.0,0.0,0.0,0.0,0.0,0.0,0.0,0.0,0.0,0.0,0.0,0.0,0.0,0.0,0.0,0.0,0.0,0.0,0.0,0.0,0.0,0.0,0.0,0.0,0.0,0.0,0.0,0.0,0.0,0.0,0.0,0.0,0.0,0.0,0.0,9.999999999998899e-05,9.999999999998899e-05,0.00019999999999997797,0.00039999999999995595,0.0004999999999999449,0.0008000000000000229,0.0014999999999999458,0.0020999999999999908,0.0034999999999999476,0.005499999999999949,0.008499999999999952,0.012299999999999978,0.018199999999999994,0.02749999999999997,0.03749999999999998,0.05410000000000004,0.07179999999999997,0.09529999999999994,0.12280000000000002,0.1552,0.19389999999999996,0.23860000000000003,0.2869999999999999,0.3393999999999999,0.39460000000000006,0.45009999999999994,0.5056,0.5598,0.612,0.66,0.7069,0.7461,0.7815,0.8155,0.8419,0.8635,0.878,0.8848,0.8856,0.8784,0.8656,0.8428,0.8119,0.7769,0.7371,0.6881,0.6371,0.5847,0.5282,0.47520000000000007,0.4227000000000001,0.3736999999999999,0.3265,0.2782,0.2389,0.20209999999999995,0.16579999999999995,0.13739999999999997,0.10980000000000001,0.0867,0.06730000000000003,0.05159999999999998,0.038900000000000046,0.029000000000000026,0.020399999999999974,0.01419999999999999,0.00880000000000003,0.006000000000000005,0.0041999999999999815,0.0023999999999999577,0.0014999999999999458,0.0008000000000000229,0.0004999999999999449,0.00039999999999995595,0.0,0.0,0.0,0.0,0.0,0.0,0.0,0.0,0.0,0.0,0.0,0.0,0.0,0.0,0.0,0.0,0.0,0.0,0.0,0.0,0.0,0.0,0.0,0.0,0.0,0.0,0.0,0.0,0.0,0.0,0.0,0.0,0.0,0.0,0.0,0.0,0.0,0.0,0.0,0.0,0.0,0.0,0.0,0.0,0.0,0.0,0.0,0.0,0.0,0.0,0.0,0.0,0.0,0.0,0.0,0.0,0.0,0.0,0.0,0.0,0.0,0.0,0.0,0.0,0.0,0.0,0.0,0.0,0.0,0.0,0.0,0.0,0.0,0.0,0.0,0.0,0.0,0.0,0.0,0.0,0.0,0.0,0.0,0.0,0.0,0.0,0.0,0.0,0.0,0.0,0.0,0.0,0.0,0.0,0.0,0.0,0.0,0.0,0.0,0.0,0.0,0.0,0.0,0.0,0.0,0.0,0.0,0.0,0.0,0.0,0.0,0.0,0.0,0.0,0.0,0.0,0.0,0.0,0.0,0.0,0.0,0.0,0.0,0.0,0.0,0.0,0.0,0.0005440696409140244,0.0005440696409140244,0.0016322089227420733,0.0032644178454842576,0.007616974972796564,0.010337323177366686,0.018498367791077275,0.029379760609357986,0.04896626768226331,0.09085963003264419,0.13492927094668117,0.18715995647442873,0.2306855277475517,0.26550598476605003,0.3068552774755169,0.33188248095756256,0.3449401523394995,0.35473340587595215,0.35092491838955386,0.3367791077257889,0.31882480957562565,0.2709466811751904,0.21055495103373234,0.15342763873775844,0.0761697497279652,0.03971708378672467,0.016322089227421066,0.00598476605005438,0.0032644178454842576,0.0005440696409140244,0.0,0.0,0.0,0.0,0.0,0.0,0.0,0.0,0.0,0.0,0.0,0.0,0.0,0.0,0.0,0.0,0.0,0.0,0.0,0.0,0.0,0.0,0.0,0.0,0.0,0.0,0.0,0.0,0.0,0.0,0.0,0.0,0.0,0.0,0.0,0.0,0.0,0.0,0.0,0.0,0.0,0.0,0.0,0.0,0.0,0.0,0.0
-0.4134078212290504,0.0,0.0,0.0,0.0,0.0,0.0,0.0,0.0,0.0,0.0,0.0,0.0,0.0,0.0,0.0,0.0,0.0,0.0,0.0,0.0,0.0,0.0,0.0,0.0,0.0,0.0,0.0,0.0,0.0,0.0,0.0,0.0,0.0,0.0,0.0,0.0,0.0,0.0,0.0,0.0,0.0,0.0,9.999999999998899e-05,9.999999999998899e-05,0.00019999999999997797,0.00039999999999995595,0.0004999999999999449,0.0007000000000000339,0.0013999999999999568,0.0020999999999999908,0.0031999999999999806,0.0050000000000000044,0.008099999999999996,0.011700000000000044,0.017800000000000038,0.026900000000000035,0.036900000000000044,0.052000000000000046,0.07050000000000001,0.0927,0.11960000000000004,0.15169999999999995,0.19020000000000004,0.23449999999999993,0.28170000000000006,0.3338,0.3889,0.4444,0.5004,0.5525,0.6068,0.6543,0.7008,0.7422,0.7777,0.8115,0.8377,0.8599,0.8731,0.8801,0.8821,0.8727,0.8593,0.8378,0.8067,0.7721,0.7303,0.6825,0.6316,0.5782,0.5237,0.4698,0.41779999999999995,0.3687,0.32010000000000005,0.27560000000000007,0.2359,0.19809999999999994,0.16249999999999998,0.13419999999999999,0.10739999999999994,0.08479999999999999,0.06610000000000005,0.05010000000000003,0.03810000000000002,0.028299999999999992,0.01970000000000005,0.013499999999999956,0.008499999999999952,0.005900000000000016,0.0040000000000000036,0.0022999999999999687,0.0013999999999999568,0.0008000000000000229,0.0004999999999999449,0.00029999999999996696,0.0,0.0,0.0,0.0,0.0,0.0,0.0,0.0,0.0,0.0,0.0,0.0,0.0,0.0,0.0,0.0,0.0,0.0,0.0,0.0,0.0,0.0,0.0,0.0,0.0,0.0,0.0,0.0,0.0,0.0,0.0,0.0,0.0,0.0,0.0,0.0,0.0,0.0,0.0,0.0,0.0,0.0,0.0,0.0,0.0,0.0,0.0,0.0,0.0,0.0,0.0,0.0,0.0,0.0,0.0,0.0,0.0,0.0,0.0,0.0,0.0,0.0,0.0,0.0,0.0,0.0,0.0,0.0,0.0,0.0,0.0,0.0,0.0,0.0,0.0,0.0,0.0,0.0,0.0,0.0,0.0,0.0,0.0,0.0,0.0,0.0,0.0,0.0,0.0,0.0,0.0,0.0,0.0,0.0,0.0,0.0,0.0,0.0,0.0,0.0,0.0,0.0,0.0,0.0,0.0,0.0,0.0,0.0,0.0,0.0,0.0,0.0,0.0,0.0,0.0,0.0,0.0,0.0,0.0,0.0,0.0,0.0,0.0,0.0,0.0,0.0,0.0,0.0005440696409140244,0.0005440696409140244,0.0016322089227420733,0.0032644178454842576,0.006528835690968404,0.010337323177366686,0.017410228509249226,0.029379760609357986,0.04678998911860721,0.08650707290533188,0.12785636561479863,0.1800870511425463,0.21926006528835695,0.2546245919477693,0.2970620239390642,0.32317736670293795,0.3367791077257889,0.339499455930359,0.33623503808487487,0.3286180631120783,0.309031556039173,0.2540805223068553,0.2034820457018498,0.13710554951033727,0.06637649619151254,0.03482045701849834,0.014689880304678993,0.00598476605005438,0.002720348204570233,0.0005440696409140244,0.0,0.0,0.0,0.0,0.0,0.0,0.0,0.0,0.0,0.0,0.0,0.0,0.0,0.0,0.0,0.0,0.0,0.0,0.0,0.0,0.0,0.0,0.0,0.0,0.0,0.0,0.0,0.0,0.0,0.0,0.0,0.0,0.0,0.0,0.0,0.0,0.0,0.0,0.0,0.0,0.0,0.0,0.0,0.0,0.0,0.0,0.0
-0.3687150837988824,0.0,0.0,0.0,0.0,0.0,0.0,0.0,0.0,0.0,0.0,0.0,0.0,0.0,0.0,0.0,0.0,0.0,0.0,0.0,0.0,0.0,0.0,0.0,0.0,0.0,0.0,0.0,0.0,0.0,0.0,0.0,0.0,0.0,0.0,0.0,0.0,0.0,0.0,0.0,0.0,0.0,0.0,0.0,9.999999999998899e-05,0.00019999999999997797,0.00039999999999995595,0.0004999999999999449,0.0004999999999999449,0.0012999999999999678,0.0020000000000000018,0.0030000000000000027,0.0047000000000000375,0.007600000000000051,0.011299999999999977,0.017199999999999993,0.0262,0.03610000000000002,0.05059999999999998,0.06810000000000005,0.08989999999999998,0.11780000000000002,0.14979999999999993,0.18579999999999997,0.23099999999999998,0.27859999999999996,0.32689999999999997,0.38270000000000004,0.4395,0.4948,0.5481,0.6,0.6482,0.6952,0.7377,0.7743,0.806,0.8333,0.8567,0.8691,0.8759,0.8785,0.8691,0.8553,0.8336,0.8028,0.7668,0.7252,0.6771,0.6274,0.573,0.5174,0.46520000000000006,0.41290000000000004,0.3637,0.31600000000000006,0.2715000000000001,0.23199999999999998,0.1946,0.16010000000000002,0.13159999999999994,0.10509999999999997,0.08350000000000002,0.06440000000000001,0.049000000000000044,0.0373,0.027599999999999958,0.019199999999999995,0.013000000000000012,0.008299999999999974,0.005700000000000038,0.0040000000000000036,0.0022999999999999687,0.0013999999999999568,0.0007000000000000339,0.0004999999999999449,0.00019999999999997797,0.0,0.0,0.0,0.0,0.0,0.0,0.0,0.0,0.0,0.0,0.0,0.0,0.0,0.0,0.0,0.0,0.0,0.0,0.0,0.0,0.0,0.0,0.0,0.0,0.0,0.0,0.0,0.0,0.0,0.0,0.0,0.0,0.0,0.0,0.0,0.0,0.0,0.0,0.0,0.0,0.0,0.0,0.0,0.0,0.0,0.0,0.0,0.0,0.0,0.0,0.0,0.0,0.0,0.0,0.0,0.0,0.0,0.0,0.0,0.0,0.0,0.0,0.0,0.0,0.0,0.0,0.0,0.0,0.0,0.0,0.0,0.0,0.0,0.0,0.0,0.0,0.0,0.0,0.0,0.0,0.0,0.0,0.0,0.0,0.0,0.0,0.0,0.0,0.0,0.0,0.0,0.0,0.0,0.0,0.0,0.0,0.0,0.0,0.0,0.0,0.0,0.0,0.0,0.0,0.0,0.0,0.0,0.0,0.0,0.0,0.0,0.0,0.0,0.0,0.0,0.0,0.0,0.0,0.0,0.0,0.0,0.0,0.0,0.0,0.0,0.0,0.0,0.0005440696409140244,0.0005440696409140244,0.0005440696409140244,0.0032644178454842576,0.005440696409140355,0.009249183895538637,0.0168661588683352,0.02883569096844396,0.042437431991294905,0.07889009793253532,0.11915125136017413,0.16811751904243744,0.2094668117519043,0.24863982589771494,0.2856365614798695,0.3112078346028291,0.3302502720348204,0.3340587595212188,0.3324265505984766,0.3242655059847661,0.2899891186071817,0.24319912948857447,0.1947769314472252,0.1273122959738846,0.05875952121871597,0.03210010881392822,0.01305767138193692,0.00598476605005438,0.0021762785636560977,0.0005440696409140244,0.0,0.0,0.0,0.0,0.0,0.0,0.0,0.0,0.0,0.0,0.0,0.0,0.0,0.0,0.0,0.0,0.0,0.0,0.0,0.0,0.0,0.0,0.0,0.0,0.0,0.0,0.0,0.0,0.0,0.0,0.0,0.0,0.0,0.0,0.0,0.0,0.0,0.0,0.0,0.0,0.0,0.0,0.0,0.0,0.0,0.0,0.0
-0.3240223463687153,0.0,0.0,0.0,0.0,0.0,0.0,0.0,0.0,0.0,0.0,0.0,0.0,0.0,0.0,0.0,0.0,0.0,0.0,0.0,0.0,0.0,0.0,0.0,0.0,0.0,0.0,0.0,0.0,0.0,0.0,0.0,0.0,0.0,0.0,0.0,0.0,0.0,0.0,0.0,0.0,0.0,0.0,0.0,9.999999999998899e-05,0.00019999999999997797,0.00039999999999995595,0.0004999999999999449,0.0004999999999999449,0.0012999999999999678,0.0019000000000000128,0.0030000000000000027,0.0046000000000000485,0.007399999999999962,0.01100000000000001,0.016800000000000037,0.02529999999999999,0.03510000000000002,0.04830000000000001,0.06630000000000003,0.08779999999999999,0.11539999999999995,0.14660000000000006,0.18320000000000003,0.22709999999999997,0.2743,0.32230000000000003,0.3769,0.4333,0.4887,0.5435,0.5946,0.6432,0.6898,0.7333,0.7705,0.8028,0.83,0.8528,0.8645,0.8722,0.873,0.8641,0.8501,0.8283,0.7972,0.7615,0.718,0.6725,0.6211,0.5674,0.5116,0.45999999999999996,0.4075,0.36,0.31079999999999997,0.2674000000000001,0.22839999999999994,0.1906,0.15670000000000006,0.129,0.10289999999999999,0.08210000000000006,0.06310000000000004,0.04800000000000004,0.0363,0.026900000000000035,0.018900000000000028,0.012299999999999978,0.007900000000000018,0.005499999999999949,0.0039000000000000146,0.0021999999999999797,0.0013999999999999568,0.0007000000000000339,0.0004999999999999449,9.999999999998899e-05,0.0,0.0,0.0,0.0,0.0,0.0,0.0,0.0,0.0,0.0,0.0,0.0,0.0,0.0,0.0,0.0,0.0,0.0,0.0,0.0,0.0,0.0,0.0,0.0,0.0,0.0,0.0,0.0,0.0,0.0,0.0,0.0,0.0,0.0,0.0,0.0,0.0,0.0,0.0,0.0,0.0,0.0,0.0,0.0,0.0,0.0,0.0,0.0,0.0,0.0,0.0,0.0,0.0,0.0,0.0,0.0,0.0,0.0,0.0,0.0,0.0,0.0,0.0,0.0,0.0,0.0,0.0,0.0,0.0,0.0,0.0,0.0,0.0,0.0,0.0,0.0,0.0,0.0,0.0,0.0,0.0,0.0,0.0,0.0,0.0,0.0,0.0,0.0,0.0,0.0,0.0,0.0,0.0,0.0,0.0,0.0,0.0,0.0,0.0,0.0,0.0,0.0,0.0,0.0,0.0,0.0,0.0,0.0,0.0,0.0,0.0,0.0,0.0,0.0,0.0,0.0,0.0,0.0,0.0,0.0,0.0,0.0,0.0,0.0,0.0,0.0,0.0,0.0005440696409140244,0.0005440696409140244,0.0005440696409140244,0.002720348204570233,0.0043525571273123065,0.009249183895538637,0.01577801958650704,0.027747551686615912,0.03917301414581065,0.07236126224156691,0.11371055495103377,0.15941240478781282,0.20021762785636565,0.24265505984766045,0.2731229597388466,0.3008705114254624,0.3215451577801959,0.3286180631120783,0.32535364526659416,0.3133841131664853,0.2769314472252449,0.2285092491838956,0.18389553862894448,0.11044613710554951,0.055495103373231824,0.030467899891186034,0.012513601741022895,0.005440696409140355,0.0021762785636560977,0.0,0.0,0.0,0.0,0.0,0.0,0.0,0.0,0.0,0.0,0.0,0.0,0.0,0.0,0.0,0.0,0.0,0.0,0.0,0.0,0.0,0.0,0.0,0.0,0.0,0.0,0.0,0.0,0.0,0.0,0.0,0.0,0.0,0.0,0.0,0.0,0.0,0.0,0.0,0.0,0.0,0.0,0.0,0.0,0.0,0.0,0.0,0.0
-0.2793296089385473,0.0,0.0,0.0,0.0,0.0,0.0,0.0,0.0,0.0,0.0,0.0,0.0,0.0,0.0,0.0,0.0,0.0,0.0,0.0,0.0,0.0,0.0,0.0,0.0,0.0,0.0,0.0,0.0,0.0,0.0,0.0,0.0,0.0,0.0,0.0,0.0,0.0,0.0,0.0,0.0,0.0,0.0,0.0,9.999999999998899e-05,0.00019999999999997797,0.00039999999999995595,0.0004999999999999449,0.0004999999999999449,0.0011999999999999789,0.0019000000000000128,0.0029000000000000137,0.0044999999999999485,0.007099999999999995,0.01090000000000002,0.016199999999999992,0.024599999999999955,0.034499999999999975,0.04700000000000004,0.06510000000000005,0.08650000000000002,0.11339999999999995,0.1432,0.17890000000000006,0.2239,0.26970000000000005,0.3176,0.3722,0.4276,0.4838,0.5376,0.5888,0.6382,0.6856,0.7279,0.7653,0.7989,0.8268,0.8485,0.8601,0.8692,0.8695,0.8603,0.8452,0.8238,0.7916,0.7565,0.7115,0.6675,0.6143,0.5623,0.5072,0.45419999999999994,0.4044,0.35539999999999994,0.30600000000000005,0.2629,0.22409999999999997,0.18690000000000007,0.15410000000000001,0.12680000000000002,0.10109999999999997,0.0806,0.06140000000000001,0.04700000000000004,0.03590000000000004,0.0262,0.018199999999999994,0.011900000000000022,0.007800000000000029,0.00539999999999996,0.0037000000000000366,0.0019000000000000128,0.0013999999999999568,0.0007000000000000339,0.0004999999999999449,9.999999999998899e-05,0.0,0.0,0.0,0.0,0.0,0.0,0.0,0.0,0.0,0.0,0.0,0.0,0.0,0.0,0.0,0.0,0.0,0.0,0.0,0.0,0.0,0.0,0.0,0.0,0.0,0.0,0.0,0.0,0.0,0.0,0.0,0.0,0.0,0.0,0.0,0.0,0.0,0.0,0.0,0.0,0.0,0.0,0.0,0.0,0.0,0.0,0.0,0.0,0.0,0.0,0.0,0.0,0.0,0.0,0.0,0.0,0.0,0.0,0.0,0.0,0.0,0.0,0.0,0.0,0.0,0.0,0.0,0.0,0.0,0.0,0.0,0.0,0.0,0.0,0.0,0.0,0.0,0.0,0.0,0.0,0.0,0.0,0.0,0.0,0.0,0.0,0.0,0.0,0.0,0.0,0.0,0.0,0.0,0.0,0.0,0.0,0.0,0.0,0.0,0.0,0.0,0.0,0.0,0.0,0.0,0.0,0.0,0.0,0.0,0.0,0.0,0.0,0.0,0.0,0.0,0.0,0.0,0.0,0.0,0.0,0.0,0.0,0.0,0.0,0.0,0.0,0.0,0.0005440696409140244,0.0005440696409140244,0.0005440696409140244,0.0021762785636560977,0.0043525571273123065,0.008705114254624613,0.015233949945593017,0.026115342763873728,0.036452665941240525,0.06855277475516863,0.10718171926006526,0.1523394994559304,0.1947769314472252,0.23449401523394997,0.2611534276387377,0.29379760609357997,0.309031556039173,0.31936887921653967,0.31664853101196955,0.2981501632208923,0.264417845484222,0.21490750816104465,0.17083786724700767,0.10446137105549513,0.05059847660500538,0.029379760609357986,0.011425462459194735,0.005440696409140355,0.0016322089227420733,0.0,0.0,0.0,0.0,0.0,0.0,0.0,0.0,0.0,0.0,0.0,0.0,0.0,0.0,0.0,0.0,0.0,0.0,0.0,0.0,0.0,0.0,0.0,0.0,0.0,0.0,0.0,0.0,0.0,0.0,0.0,0.0,0.0,0.0,0.0,0.0,0.0,0.0,0.0,0.0,0.0,0.0,0.0,0.0,0.0,0.0,0.0,0.0
-0.2346368715083793,0.0,0.0,0.0,0.0,0.0,0.0,0.0,0.0,0.0,0.0,0.0,0.0,0.0,0.0,0.0,0.0,0.0,0.0,0.0,0.0,0.0,0.0,0.0,0.0,0.0,0.0,0.0,0.0,0.0,0.0,0.0,0.0,0.0,0.0,0.0,0.0,0.0,0.0,0.0,0.0,0.0,0.0,0.0,9.999999999998899e-05,0.00019999999999997797,0.00039999999999995595,0.00039999999999995595,0.0004999999999999449,0.0011999999999999789,0.0019000000000000128,0.0029000000000000137,0.0040999999999999925,0.006900000000000017,0.010700000000000043,0.015800000000000036,0.02400000000000002,0.03380000000000005,0.04569999999999996,0.06369999999999998,0.08430000000000004,0.11119999999999997,0.14090000000000003,0.17569999999999997,0.2197,0.2653,0.3134,0.36729999999999996,0.4234,0.47839999999999994,0.5323,0.5844,0.6338,0.6806,0.7239,0.7605,0.7949,0.824,0.8438,0.8563,0.8652,0.8646,0.8566,0.8402,0.8179,0.7867,0.7513,0.7063,0.6625,0.6096,0.5565,0.5025,0.4486,0.3998999999999999,0.3508,0.30289999999999995,0.2592,0.22050000000000003,0.18379999999999996,0.1522,0.12519999999999998,0.09929999999999994,0.07930000000000004,0.059799999999999964,0.045499999999999985,0.03520000000000001,0.025900000000000034,0.018000000000000016,0.011199999999999988,0.007600000000000051,0.005199999999999982,0.0036000000000000476,0.0019000000000000128,0.0013999999999999568,0.0006000000000000449,0.0004999999999999449,0.0,0.0,0.0,0.0,0.0,0.0,0.0,0.0,0.0,0.0,0.0,0.0,0.0,0.0,0.0,0.0,0.0,0.0,0.0,0.0,0.0,0.0,0.0,0.0,0.0,0.0,0.0,0.0,0.0,0.0,0.0,0.0,0.0,0.0,0.0,0.0,0.0,0.0,0.0,0.0,0.0,0.0,0.0,0.0,0.0,0.0,0.0,0.0,0.0,0.0,0.0,0.0,0.0,0.0,0.0,0.0,0.0,0.0,0.0,0.0,0.0,0.0,0.0,0.0,0.0,0.0,0.0,0.0,0.0,0.0,0.0,0.0,0.0,0.0,0.0,0.0,0.0,0.0,0.0,0.0,0.0,0.0,0.0,0.0,0.0,0.0,0.0,0.0,0.0,0.0,0.0,0.0,0.0,0.0,0.0,0.0,0.0,0.0,0.0,0.0,0.0,0.0,0.0,0.0,0.0,0.0,0.0,0.0,0.0,0.0,0.0,0.0,0.0,0.0,0.0,0.0,0.0,0.0,0.0,0.0,0.0,0.0,0.0,0.0,0.0,0.0,0.0,0.0,0.0005440696409140244,0.0005440696409140244,0.0005440696409140244,0.0021762785636560977,0.0043525571273123065,0.008705114254624613,0.015233949945593017,0.025571273122959703,0.03373231773667029,0.0636561479869423,0.10119695321001088,0.14581066376496188,0.18933623503808494,0.22578890097932536,0.2540805223068553,0.28128400435255707,0.2986942328618063,0.30794341675734493,0.30631120783460286,0.28291621327529926,0.25136017410228506,0.21001088139281832,0.16376496191512513,0.0952121871599565,0.04624591947769319,0.026115342763873728,0.009249183895538637,0.004896626768226331,0.0010881392818280489,0.0,0.0,0.0,0.0,0.0,0.0,0.0,0.0,0.0,0.0,0.0,0.0,0.0,0.0,0.0,0.0,0.0,0.0,0.0,0.0,0.0,0.0,0.0,0.0,0.0,0.0,0.0,0.0,0.0,0.0,0.0,0.0,0.0,0.0,0.0,0.0,0.0,0.0,0.0,0.0,0.0,0.0,0.0,0.0,0.0,0.0,0.0,0.0
-0.1899441340782122,0.0,0.0,0.0,0.0,0.0,0.0,0.0,0.0,0.0,0.0,0.0,0.0,0.0,0.0,0.0,0.0,0.0,0.0,0.0,0.0,0.0,0.0,0.0,0.0,0.0,0.0,0.0,0.0,0.0,0.0,0.0,0.0,0.0,0.0,0.0,0.0,0.0,0.0,0.0,0.0,0.0,0.0,0.0,9.999999999998899e-05,0.00019999999999997797,0.00039999999999995595,0.00039999999999995595,0.0004999999999999449,0.0011999999999999789,0.0019000000000000128,0.0029000000000000137,0.0040999999999999925,0.006800000000000028,0.010399999999999965,0.015499999999999958,0.02310000000000001,0.03310000000000002,0.04459999999999997,0.06159999999999999,0.08289999999999997,0.11009999999999998,0.13790000000000002,0.17220000000000002,0.2167,0.2612,0.31010000000000004,0.3638,0.41890000000000005,0.47229999999999994,0.5281,0.5788,0.6292,0.676,0.7197,0.7564,0.7912,0.8199,0.8401,0.8525,0.8611,0.8595,0.8528,0.836,0.8129,0.7811,0.7468,0.7009,0.6568,0.6045,0.5498,0.4971,0.44419999999999993,0.395,0.3469,0.29879999999999995,0.2561,0.21699999999999997,0.17979999999999996,0.14990000000000003,0.12329999999999997,0.09719999999999995,0.07709999999999995,0.05910000000000004,0.04479999999999995,0.03469999999999995,0.02510000000000001,0.01759999999999995,0.010700000000000043,0.007399999999999962,0.0050000000000000044,0.0033999999999999586,0.0019000000000000128,0.0013999999999999568,0.0006000000000000449,0.0004999999999999449,0.0,0.0,0.0,0.0,0.0,0.0,0.0,0.0,0.0,0.0,0.0,0.0,0.0,0.0,0.0,0.0,0.0,0.0,0.0,0.0,0.0,0.0,0.0,0.0,0.0,0.0,0.0,0.0,0.0,0.0,0.0,0.0,0.0,0.0,0.0,0.0,0.0,0.0,0.0,0.0,0.0,0.0,0.0,0.0,0.0,0.0,0.0,0.0,0.0,0.0,0.0,0.0,0.0,0.0,0.0,0.0,0.0,0.0,0.0,0.0,0.0,0.0,0.0,0.0,0.0,0.0,0.0,0.0,0.0,0.0,0.0,0.0,0.0,0.0,0.0,0.0,0.0,0.0,0.0,0.0,0.0,0.0,0.0,0.0,0.0,0.0,0.0,0.0,0.0,0.0,0.0,0.0,0.0,0.0,0.0,0.0,0.0,0.0,0.0,0.0,0.0,0.0,0.0,0.0,0.0,0.0,0.0,0.0,0.0,0.0,0.0,0.0,0.0,0.0,0.0,0.0,0.0,0.0,0.0,0.0,0.0,0.0,0.0,0.0,0.0,0.0,0.0,0.0,0.0,0.0005440696409140244,0.0005440696409140244,0.0016322089227420733,0.0043525571273123065,0.008161044613710589,0.015233949945593017,0.024483133841131655,0.03210010881392822,0.05821545157780195,0.09466811751904247,0.13819368879216543,0.1844396082698585,0.2143634385201305,0.24646354733405873,0.27040261153427636,0.2899891186071817,0.2948857453754081,0.2878128400435256,0.27421109902067464,0.2393906420021763,0.20293797606093578,0.15397170837867247,0.08487486398258981,0.044613710554951,0.02285092491838958,0.009249183895538637,0.004896626768226331,0.0010881392818280489,0.0,0.0,0.0,0.0,0.0,0.0,0.0,0.0,0.0,0.0,0.0,0.0,0.0,0.0,0.0,0.0,0.0,0.0,0.0,0.0,0.0,0.0,0.0,0.0,0.0,0.0,0.0,0.0,0.0,0.0,0.0,0.0,0.0,0.0,0.0,0.0,0.0,0.0,0.0,0.0,0.0,0.0,0.0,0.0,0.0,0.0,0.0,0.0
-0.1452513966480442,0.0,0.0,0.0,0.0,0.0,0.0,0.0,0.0,0.0,0.0,0.0,0.0,0.0,0.0,0.0,0.0,0.0,0.0,0.0,0.0,0.0,0.0,0.0,0.0,0.0,0.0,0.0,0.0,0.0,0.0,0.0,0.0,0.0,0.0,0.0,0.0,0.0,0.0,0.0,0.0,0.0,0.0,0.0,9.999999999998899e-05,9.999999999998899e-05,0.00039999999999995595,0.00039999999999995595,0.0004999999999999449,0.0011999999999999789,0.0019000000000000128,0.0027000000000000357,0.0038000000000000256,0.006700000000000039,0.010199999999999987,0.015199999999999991,0.022700000000000053,0.032200000000000006,0.04300000000000004,0.0605,0.08109999999999995,0.10699999999999998,0.1361,0.16880000000000006,0.2127,0.25669999999999993,0.30580000000000007,0.35919999999999996,0.4135,0.4676,0.5239,0.5734,0.6243,0.671,0.7159,0.7525,0.7869,0.8149,0.8346,0.849,0.857,0.8556,0.8485,0.8316,0.8072,0.7771,0.7416,0.6965,0.6515,0.5996,0.5439,0.4928,0.43989999999999996,0.391,0.34319999999999995,0.29469999999999996,0.2529,0.21429999999999993,0.17700000000000005,0.14790000000000003,0.12090000000000001,0.09540000000000004,0.07579999999999998,0.05740000000000001,0.04379999999999995,0.03410000000000002,0.0242,0.017000000000000015,0.010600000000000054,0.007199999999999984,0.0049000000000000155,0.0032999999999999696,0.0019000000000000128,0.0013999999999999568,0.0006000000000000449,0.0004999999999999449,0.0,0.0,0.0,0.0,0.0,0.0,0.0,0.0,0.0,0.0,0.0,0.0,0.0,0.0,0.0,0.0,0.0,0.0,0.0,0.0,0.0,0.0,0.0,0.0,0.0,0.0,0.0,0.0,0.0,0.0,0.0,0.0,0.0,0.0,0.0,0.0,0.0,0.0,0.0,0.0,0.0,0.0,0.0,0.0,0.0,0.0,0.0,0.0,0.0,0.0,0.0,0.0,0.0,0.0,0.0,0.0,0.0,0.0,0.0,0.0,0.0,0.0,0.0,0.0,0.0,0.0,0.0,0.0,0.0,0.0,0.0,0.0,0.0,0.0,0.0,0.0,0.0,0.0,0.0,0.0,0.0,0.0,0.0,0.0,0.0,0.0,0.0,0.0,0.0,0.0,0.0,0.0,0.0,0.0,0.0,0.0,0.0,0.0,0.0,0.0,0.0,0.0,0.0,0.0,0.0,0.0,0.0,0.0,0.0,0.0,0.0,0.0,0.0,0.0,0.0,0.0,0.0,0.0,0.0,0.0,0.0,0.0,0.0,0.0,0.0,0.0,0.0,0.0,0.0,0.0005440696409140244,0.0005440696409140244,0.0016322089227420733,0.0043525571273123065,0.008161044613710589,0.014145810663764968,0.021218715995647397,0.030467899891186034,0.054406964091403665,0.09031556039173017,0.12840043525571276,0.17736670293797607,0.20837867247007613,0.23775843307943423,0.2627856365614798,0.27856365614798695,0.28454842219804133,0.280195865070729,0.2611534276387377,0.22742110990206743,0.19749727965179542,0.1420021762785637,0.0783460282916213,0.04298150163220893,0.021218715995647397,0.008705114254624613,0.004896626768226331,0.0010881392818280489,0.0,0.0,0.0,0.0,0.0,0.0,0.0,0.0,0.0,0.0,0.0,0.0,0.0,0.0,0.0,0.0,0.0,0.0,0.0,0.0,0.0,0.0,0.0,0.0,0.0,0.0,0.0,0.0,0.0,0.0,0.0,0.0,0.0,0.0,0.0,0.0,0.0,0.0,0.0,0.0,0.0,0.0,0.0,0.0,0.0,0.0,0.0,0.0
-0.1005586592178771,0.0,0.0,0.0,0.0,0.0,0.0,0.0,0.0,0.0,0.0,0.0,0.0,0.0,0.0,0.0,0.0,0.0,0.0,0.0,0.0,0.0,0.0,0.0,0.0,0.0,0.0,0.0,0.0,0.0,0.0,0.0,0.0,0.0,0.0,0.0,0.0,0.0,0.0,0.0,0.0,0.0,0.0,0.0,9.999999999998899e-05,9.999999999998899e-05,0.00039999999999995595,0.00039999999999995595,0.0004999999999999449,0.0011999999999999789,0.0019000000000000128,0.0027000000000000357,0.0038000000000000256,0.00660000000000005,0.010099999999999998,0.014900000000000024,0.021599999999999953,0.03149999999999997,0.04190000000000005,0.059599999999999986,0.0786,0.10460000000000003,0.13290000000000002,0.1663,0.2086,0.2528,0.3015,0.35440000000000005,0.4084,0.46199999999999997,0.5202,0.5692,0.6196,0.6662,0.7108,0.7479,0.782,0.8102,0.8309,0.8461,0.8528,0.8509,0.8433,0.8264,0.8028,0.7726,0.7368,0.6918,0.6458,0.5937,0.5393,0.48829999999999996,0.43609999999999993,0.387,0.3385,0.2913,0.24960000000000004,0.21189999999999998,0.17579999999999996,0.14580000000000004,0.11850000000000005,0.09389999999999998,0.07469999999999999,0.05630000000000002,0.04290000000000005,0.03310000000000002,0.023499999999999965,0.01639999999999997,0.010399999999999965,0.007099999999999995,0.0046000000000000485,0.0030000000000000027,0.0018000000000000238,0.0012999999999999678,0.0006000000000000449,0.00039999999999995595,0.0,0.0,0.0,0.0,0.0,0.0,0.0,0.0,0.0,0.0,0.0,0.0,0.0,0.0,0.0,0.0,0.0,0.0,0.0,0.0,0.0,0.0,0.0,0.0,0.0,0.0,0.0,0.0,0.0,0.0,0.0,0.0,0.0,0.0,0.0,0.0,0.0,0.0,0.0,0.0,0.0,0.0,0.0,0.0,0.0,0.0,0.0,0.0,0.0,0.0,0.0,0.0,0.0,0.0,0.0,0.0,0.0,0.0,0.0,0.0,0.0,0.0,0.0,0.0,0.0,0.0,0.0,0.0,0.0,0.0,0.0,0.0,0.0,0.0,0.0,0.0,0.0,0.0,0.0,0.0,0.0,0.0,0.0,0.0,0.0,0.0,0.0,0.0,0.0,0.0,0.0,0.0,0.0,0.0,0.0,0.0,0.0,0.0,0.0,0.0,0.0,0.0,0.0,0.0,0.0,0.0,0.0,0.0,0.0,0.0,0.0,0.0,0.0,0.0,0.0,0.0,0.0,0.0,0.0,0.0,0.0,0.0,0.0,0.0,0.0,0.0,0.0,0.0,0.0,0.0005440696409140244,0.0005440696409140244,0.0016322089227420733,0.003808487486398282,0.008161044613710589,0.013601741022850944,0.019586507072905324,0.02992383025027201,0.048422198041349285,0.08759521218715993,0.12187159956474425,0.1670293797606094,0.19804134929270945,0.23177366702937974,0.25353645266594116,0.2693144722524483,0.2774755168661589,0.2709466811751904,0.2546245919477693,0.21708378672470074,0.18770402611534276,0.1289445048966268,0.07181719260065289,0.04080522306855272,0.020130576713819348,0.008705114254624613,0.0043525571273123065,0.0010881392818280489,0.0,0.0,0.0,0.0,0.0,0.0,0.0,0.0,0.0,0.0,0.0,0.0,0.0,0.0,0.0,0.0,0.0,0.0,0.0,0.0,0.0,0.0,0.0,0.0,0.0,0.0,0.0,0.0,0.0,0.0,0.0,0.0,0.0,0.0,0.0,0.0,0.0,0.0,0.0,0.0,0.0,0.0,0.0,0.0,0.0,0.0,0.0,0.0
-0.055865921787709105,0.0,0.0,0.0,0.0,0.0,0.0,0.0,0.0,0.0,0.0,0.0,0.0,0.0,0.0,0.0,0.0,0.0,0.0,0.0,0.0,0.0,0.0,0.0,0.0,0.0,0.0,0.0,0.0,0.0,0.0,0.0,0.0,0.0,0.0,0.0,0.0,0.0,0.0,0.0,0.0,0.0,0.0,0.0,9.999999999998899e-05,9.999999999998899e-05,0.00019999999999997797,0.00039999999999995595,0.0004999999999999449,0.0011999999999999789,0.0019000000000000128,0.0027000000000000357,0.0038000000000000256,0.006299999999999972,0.009800000000000031,0.014700000000000046,0.02100000000000002,0.03069999999999995,0.04079999999999995,0.058499999999999996,0.0766,0.10219999999999996,0.13119999999999998,0.1633,0.20579999999999998,0.25,0.29790000000000005,0.351,0.40379999999999994,0.45710000000000006,0.5151,0.565,0.6162,0.6608,0.7062,0.7444,0.777,0.8064,0.827,0.8421,0.8476,0.8473,0.8396,0.8216,0.7973,0.7676,0.7314,0.6861,0.6417,0.5897,0.5349,0.4845999999999999,0.4328000000000001,0.38339999999999996,0.3359,0.2876000000000001,0.24649999999999994,0.20889999999999997,0.1733,0.1432,0.11670000000000003,0.09179999999999999,0.07279999999999998,0.05520000000000003,0.04200000000000004,0.03259999999999996,0.022700000000000053,0.016100000000000003,0.010000000000000009,0.007099999999999995,0.0046000000000000485,0.0027000000000000357,0.0016000000000000458,0.0012999999999999678,0.0006000000000000449,0.00039999999999995595,0.0,0.0,0.0,0.0,0.0,0.0,0.0,0.0,0.0,0.0,0.0,0.0,0.0,0.0,0.0,0.0,0.0,0.0,0.0,0.0,0.0,0.0,0.0,0.0,0.0,0.0,0.0,0.0,0.0,0.0,0.0,0.0,0.0,0.0,0.0,0.0,0.0,0.0,0.0,0.0,0.0,0.0,0.0,0.0,0.0,0.0,0.0,0.0,0.0,0.0,0.0,0.0,0.0,0.0,0.0,0.0,0.0,0.0,0.0,0.0,0.0,0.0,0.0,0.0,0.0,0.0,0.0,0.0,0.0,0.0,0.0,0.0,0.0,0.0,0.0,0.0,0.0,0.0,0.0,0.0,0.0,0.0,0.0,0.0,0.0,0.0,0.0,0.0,0.0,0.0,0.0,0.0,0.0,0.0,0.0,0.0,0.0,0.0,0.0,0.0,0.0,0.0,0.0,0.0,0.0,0.0,0.0,0.0,0.0,0.0,0.0,0.0,0.0,0.0,0.0,0.0,0.0,0.0,0.0,0.0,0.0,0.0,0.0,0.0,0.0,0.0,0.0,0.0,0.0,0.0005440696409140244,0.0005440696409140244,0.0016322089227420733,0.003808487486398282,0.008161044613710589,0.012513601741022895,0.019586507072905324,0.029379760609357986,0.047334058759521236,0.0826985854189336,0.11697497279651792,0.15832426550598477,0.1947769314472252,0.2247007616974973,0.2475516866158869,0.26332970620239393,0.2671381936887922,0.2611534276387377,0.24102285092491837,0.21327529923830246,0.1800870511425463,0.1207834602829162,0.0636561479869423,0.03917301414581065,0.0190424374319913,0.007616974972796564,0.0043525571273123065,0.0010881392818280489,0.0,0.0,0.0,0.0,0.0,0.0,0.0,0.0,0.0,0.0,0.0,0.0,0.0,0.0,0.0,0.0,0.0,0.0,0.0,0.0,0.0,0.0,0.0,0.0,0.0,0.0,0.0,0.0,0.0,0.0,0.0,0.0,0.0,0.0,0.0,0.0,0.0,0.0,0.0,0.0,0.0,0.0,0.0,0.0,0.0,0.0,0.0,0.0
-0.011173184357541999,0.0,0.0,0.0,0.0,0.0,0.0,0.0,0.0,0.0,0.0,0.0,0.0,0.0,0.0,0.0,0.0,0.0,0.0,0.0,0.0,0.0,0.0,0.0,0.0,0.0,0.0,0.0,0.0,0.0,0.0,0.0,0.0,0.0,0.0,0.0,0.0,0.0,0.0,0.0,0.0,0.0,0.0,0.0,9.999999999998899e-05,9.999999999998899e-05,0.00019999999999997797,0.00039999999999995595,0.0004999999999999449,0.0010000000000000009,0.0018000000000000238,0.0026000000000000467,0.0038000000000000256,0.006000000000000005,0.009399999999999964,0.014000000000000012,0.020299999999999985,0.030100000000000016,0.040100000000000025,0.05669999999999997,0.07530000000000003,0.10050000000000003,0.12860000000000005,0.1602,0.2027,0.24670000000000003,0.2943,0.34529999999999994,0.3984,0.45209999999999995,0.5105,0.5601,0.6116,0.6564,0.7021,0.7403,0.7726,0.802,0.8223,0.8374,0.8434,0.8432,0.836,0.8166,0.7922,0.7629,0.7259,0.6823,0.637,0.5861,0.5311,0.48009999999999997,0.4280999999999999,0.37959999999999994,0.3313999999999999,0.2836000000000001,0.24340000000000006,0.20640000000000003,0.17000000000000004,0.1411,0.11509999999999998,0.08989999999999998,0.07089999999999996,0.05400000000000005,0.041200000000000014,0.03190000000000004,0.02200000000000002,0.015800000000000036,0.009600000000000053,0.006900000000000017,0.0046000000000000485,0.0026000000000000467,0.0014999999999999458,0.0011999999999999789,0.0006000000000000449,0.00039999999999995595,0.0,0.0,0.0,0.0,0.0,0.0,0.0,0.0,0.0,0.0,0.0,0.0,0.0,0.0,0.0,0.0,0.0,0.0,0.0,0.0,0.0,0.0,0.0,0.0,0.0,0.0,0.0,0.0,0.0,0.0,0.0,0.0,0.0,0.0,0.0,0.0,0.0,0.0,0.0,0.0,0.0,0.0,0.0,0.0,0.0,0.0,0.0,0.0,0.0,0.0,0.0,0.0,0.0,0.0,0.0,0.0,0.0,0.0,0.0,0.0,0.0,0.0,0.0,0.0,0.0,0.0,0.0,0.0,0.0,0.0,0.0,0.0,0.0,0.0,0.0,0.0,0.0,0.0,0.0,0.0,0.0,0.0,0.0,0.0,0.0,0.0,0.0,0.0,0.0,0.0,0.0,0.0,0.0,0.0,0.0,0.0,0.0,0.0,0.0,0.0,0.0,0.0,0.0,0.0,0.0,0.0,0.0,0.0,0.0,0.0,0.0,0.0,0.0,0.0,0.0,0.0,0.0,0.0,0.0,0.0,0.0,0.0,0.0,0.0,0.0,0.0,0.0,0.0,0.0,0.0005440696409140244,0.0005440696409140244,0.0016322089227420733,0.0032644178454842576,0.008161044613710589,0.01088139281828071,0.018498367791077275,0.029379760609357986,0.04515778019586503,0.07780195865070727,0.11207834602829159,0.1523394994559304,0.190424374319913,0.21708378672470074,0.2372143634385201,0.2524483133841131,0.25952121871599565,0.25516866158868334,0.22959738846572364,0.20892274211099027,0.16866158868335146,0.11153427638737756,0.059303590859629995,0.035364526659412365,0.016322089227421066,0.007072905331882429,0.0043525571273123065,0.0010881392818280489,0.0,0.0,0.0,0.0,0.0,0.0,0.0,0.0,0.0,0.0,0.0,0.0,0.0,0.0,0.0,0.0,0.0,0.0,0.0,0.0,0.0,0.0,0.0,0.0,0.0,0.0,0.0,0.0,0.0,0.0,0.0,0.0,0.0,0.0,0.0,0.0,0.0,0.0,0.0,0.0,0.0,0.0,0.0,0.0,0.0,0.0,0.0,0.0
0.033519553072625996,0.0,0.0,0.0,0.0,0.0,0.0,0.0,0.0,0.0,0.0,0.0,0.0,0.0,0.0,0.0,0.0,0.0,0.0,0.0,0.0,0.0,0.0,0.0,0.0,0.0,0.0,0.0,0.0,0.0,0.0,0.0,0.0,0.0,0.0,0.0,0.0,0.0,0.0,0.0,0.0,0.0,0.0,0.0,9.999999999998899e-05,9.999999999998899e-05,0.00019999999999997797,0.00039999999999995595,0.0004999999999999449,0.0009000000000000119,0.0014999999999999458,0.0023999999999999577,0.0037000000000000366,0.005800000000000027,0.009299999999999975,0.013599999999999945,0.01970000000000005,0.02939999999999998,0.0393,0.05559999999999998,0.07379999999999998,0.09940000000000004,0.12670000000000003,0.15790000000000004,0.1986,0.24329999999999996,0.2909999999999999,0.34099999999999997,0.39470000000000005,0.4485,0.5047,0.5553,0.6065,0.6518,0.6979,0.7357,0.7698,0.7984,0.8178,0.8322,0.8392,0.8394,0.8314,0.8123,0.788,0.7581,0.7216,0.6775,0.6307,0.5821,0.5272,0.47540000000000004,0.4235,0.37660000000000005,0.32719999999999994,0.2811,0.24029999999999996,0.20320000000000005,0.16820000000000002,0.1392,0.11350000000000005,0.08799999999999997,0.06920000000000004,0.053100000000000036,0.04049999999999998,0.031100000000000017,0.021299999999999986,0.01539999999999997,0.009299999999999975,0.006800000000000028,0.0043999999999999595,0.0026000000000000467,0.0014999999999999458,0.0010999999999999899,0.0006000000000000449,0.00039999999999995595,0.0,0.0,0.0,0.0,0.0,0.0,0.0,0.0,0.0,0.0,0.0,0.0,0.0,0.0,0.0,0.0,0.0,0.0,0.0,0.0,0.0,0.0,0.0,0.0,0.0,0.0,0.0,0.0,0.0,0.0,0.0,0.0,0.0,0.0,0.0,0.0,0.0,0.0,0.0,0.0,0.0,0.0,0.0,0.0,0.0,0.0,0.0,0.0,0.0,0.0,0.0,0.0,0.0,0.0,0.0,0.0,0.0,0.0,0.0,0.0,0.0,0.0,0.0,0.0,0.0,0.0,0.0,0.0,0.0,0.0,0.0,0.0,0.0,0.0,0.0,0.0,0.0,0.0,0.0,0.0,0.0,0.0,0.0,0.0,0.0,0.0,0.0,0.0,0.0,0.0,0.0,0.0,0.0,0.0,0.0,0.0,0.0,0.0,0.0,0.0,0.0,0.0,0.0,0.0,0.0,0.0,0.0,0.0,0.0,0.0,0.0,0.0,0.0,0.0,0.0,0.0,0.0,0.0,0.0,0.0,0.0,0.0,0.0,0.0,0.0,0.0,0.0,0.0,0.0,0.0005440696409140244,0.0005440696409140244,0.0016322089227420733,0.0032644178454842576,0.008161044613710589,0.010337323177366686,0.01795429815016325,0.029379760609357986,0.04189336235038088,0.07344940152339496,0.10718171926006526,0.14744287268770406,0.18607181719260069,0.20892274211099027,0.2312295973884657,0.24646354733405873,0.25081610446137104,0.24211099020674642,0.22198041349292708,0.20076169749727968,0.16430903155603915,0.10391730141458111,0.05603917301414585,0.03210010881392822,0.015233949945593017,0.006528835690968404,0.003808487486398282,0.0005440696409140244,0.0,0.0,0.0,0.0,0.0,0.0,0.0,0.0,0.0,0.0,0.0,0.0,0.0,0.0,0.0,0.0,0.0,0.0,0.0,0.0,0.0,0.0,0.0,0.0,0.0,0.0,0.0,0.0,0.0,0.0,0.0,0.0,0.0,0.0,0.0,0.0,0.0,0.0,0.0,0.0,0.0,0.0,0.0,0.0,0.0,0.0,0.0,0.0
0.0782122905027931,0.0,0.0,0.0,0.0,0.0,0.0,0.0,0.0,0.0,0.0,0.0,0.0,0.0,0.0,0.0,0.0,0.0,0.0,0.0,0.0,0.0,0.0,0.0,0.0,0.0,0.0,0.0,0.0,0.0,0.0,0.0,0.0,0.0,0.0,0.0,0.0,0.0,0.0,0.0,0.0,0.0,0.0,0.0,9.999999999998899e-05,9.999999999998899e-05,0.00019999999999997797,0.00039999999999995595,0.0004999999999999449,0.0009000000000000119,0.0014999999999999458,0.0023999999999999577,0.0036000000000000476,0.005499999999999949,0.009199999999999986,0.013000000000000012,0.019199999999999995,0.028699999999999948,0.03849999999999998,0.05469999999999997,0.07299999999999995,0.09719999999999995,0.125,0.15590000000000004,0.19479999999999997,0.23960000000000004,0.28770000000000007,0.3369,0.3913,0.4445,0.501,0.5516,0.602,0.6471,0.6935,0.7324,0.7646,0.7947,0.8143,0.8283,0.8353,0.8359,0.8265,0.8082,0.7834,0.7537,0.7167,0.6743,0.6264,0.5781,0.5231,0.4716,0.4202,0.373,0.32420000000000004,0.27849999999999997,0.23770000000000002,0.2016,0.16589999999999994,0.13839999999999997,0.11199999999999999,0.08719999999999994,0.06820000000000004,0.05230000000000001,0.03980000000000006,0.03059999999999996,0.021199999999999997,0.015100000000000002,0.009199999999999986,0.00660000000000005,0.0042999999999999705,0.0026000000000000467,0.0014999999999999458,0.0010999999999999899,0.0006000000000000449,0.00039999999999995595,0.0,0.0,0.0,0.0,0.0,0.0,0.0,0.0,0.0,0.0,0.0,0.0,0.0,0.0,0.0,0.0,0.0,0.0,0.0,0.0,0.0,0.0,0.0,0.0,0.0,0.0,0.0,0.0,0.0,0.0,0.0,0.0,0.0,0.0,0.0,0.0,0.0,0.0,0.0,0.0,0.0,0.0,0.0,0.0,0.0,0.0,0.0,0.0,0.0,0.0,0.0,0.0,0.0,0.0,0.0,0.0,0.0,0.0,0.0,0.0,0.0,0.0,0.0,0.0,0.0,0.0,0.0,0.0,0.0,0.0,0.0,0.0,0.0,0.0,0.0,0.0,0.0,0.0,0.0,0.0,0.0,0.0,0.0,0.0,0.0,0.0,0.0,0.0,0.0,0.0,0.0,0.0,0.0,0.0,0.0,0.0,0.0,0.0,0.0,0.0,0.0,0.0,0.0,0.0,0.0,0.0,0.0,0.0,0.0,0.0,0.0,0.0,0.0,0.0,0.0,0.0,0.0,0.0,0.0,0.0,0.0,0.0,0.0,0.0,0.0,0.0,0.0,0.0,0.0,0.0005440696409140244,0.0005440696409140244,0.0016322089227420733,0.0032644178454842576,0.007616974972796564,0.010337323177366686,0.017410228509249226,0.02883569096844396,0.03917301414581065,0.07072905331882484,0.10337323177366708,0.14091403699673555,0.18280739934711643,0.20402611534276383,0.2247007616974973,0.23612622415669204,0.24047878128400435,0.2328618063112078,0.21653971708378672,0.19640914036996737,0.15832426550598477,0.10010881392818283,0.05277475516866159,0.03210010881392822,0.014145810663764968,0.00598476605005438,0.003808487486398282,0.0005440696409140244,0.0,0.0,0.0,0.0,0.0,0.0,0.0,0.0,0.0,0.0,0.0,0.0,0.0,0.0,0.0,0.0,0.0,0.0,0.0,0.0,0.0,0.0,0.0,0.0,0.0,0.0,0.0,0.0,0.0,0.0,0.0,0.0,0.0,0.0,0.0,0.0,0.0,0.0,0.0,0.0,0.0,0.0,0.0,0.0,0.0,0.0,0.0,0.0
0.1229050279329611,0.0,0.0,0.0,0.0,0.0,0.0,0.0,0.0,0.0,0.0,0.0,0.0,0.0,0.0,0.0,0.0,0.0,0.0,0.0,0.0,0.0,0.0,0.0,0.0,0.0,0.0,0.0,0.0,0.0,0.0,0.0,0.0,0.0,0.0,0.0,0.0,0.0,0.0,0.0,0.0,0.0,0.0,0.0,9.999999999998899e-05,9.999999999998899e-05,0.00019999999999997797,0.00039999999999995595,0.0004999999999999449,0.0009000000000000119,0.0014999999999999458,0.0023999999999999577,0.0034999999999999476,0.00539999999999996,0.009099999999999997,0.012499999999999956,0.01880000000000004,0.028100000000000014,0.038000000000000034,0.054200000000000026,0.07210000000000005,0.09489999999999998,0.12319999999999998,0.15410000000000001,0.19220000000000004,0.23639999999999994,0.2836000000000001,0.3345,0.3872,0.4405,0.49639999999999995,0.5485,0.5989,0.643,0.6896,0.7277,0.7602,0.7904,0.811,0.8228,0.8323,0.8321,0.8227,0.8038,0.7795,0.7504,0.7128,0.6692,0.622,0.5744,0.5197,0.4676,0.4152,0.36939999999999995,0.3199000000000001,0.275,0.235,0.19920000000000004,0.16389999999999993,0.13639999999999997,0.10980000000000001,0.08589999999999998,0.0675,0.0514,0.03939999999999999,0.02980000000000005,0.02100000000000002,0.014700000000000046,0.00880000000000003,0.006299999999999972,0.0041999999999999815,0.0023999999999999577,0.0014999999999999458,0.0010999999999999899,0.0006000000000000449,0.00039999999999995595,0.0,0.0,0.0,0.0,0.0,0.0,0.0,0.0,0.0,0.0,0.0,0.0,0.0,0.0,0.0,0.0,0.0,0.0,0.0,0.0,0.0,0.0,0.0,0.0,0.0,0.0,0.0,0.0,0.0,0.0,0.0,0.0,0.0,0.0,0.0,0.0,0.0,0.0,0.0,0.0,0.0,0.0,0.0,0.0,0.0,0.0,0.0,0.0,0.0,0.0,0.0,0.0,0.0,0.0,0.0,0.0,0.0,0.0,0.0,0.0,0.0,0.0,0.0,0.0,0.0,0.0,0.0,0.0,0.0,0.0,0.0,0.0,0.0,0.0,0.0,0.0,0.0,0.0,0.0,0.0,0.0,0.0,0.0,0.0,0.0,0.0,0.0,0.0,0.0,0.0,0.0,0.0,0.0,0.0,0.0,0.0,0.0,0.0,0.0,0.0,0.0,0.0,0.0,0.0,0.0,0.0,0.0,0.0,0.0,0.0,0.0,0.0,0.0,0.0,0.0,0.0,0.0,0.0,0.0,0.0,0.0,0.0,0.0,0.0,0.0,0.0,0.0,0.0,0.0,0.0005440696409140244,0.0005440696409140244,0.0016322089227420733,0.0032644178454842576,0.007616974972796564,0.010337323177366686,0.0168661588683352,0.028291621327529937,0.0380848748639826,0.06692056583242656,0.10010881392818283,0.13601741022850922,0.1735582154515778,0.19804134929270945,0.21762785636561477,0.2306855277475517,0.23394994559303595,0.22796517954298157,0.2116430903155604,0.18988030467899897,0.14581066376496188,0.09249183895538626,0.05059847660500538,0.03101196953210006,0.013601741022850944,0.00598476605005438,0.0032644178454842576,0.0005440696409140244,0.0,0.0,0.0,0.0,0.0,0.0,0.0,0.0,0.0,0.0,0.0,0.0,0.0,0.0,0.0,0.0,0.0,0.0,0.0,0.0,0.0,0.0,0.0,0.0,0.0,0.0,0.0,0.0,0.0,0.0,0.0,0.0,0.0,0.0,0.0,0.0,0.0,0.0,0.0,0.0,0.0,0.0,0.0,0.0,0.0,0.0,0.0,0.0
0.1675977653631291,0.0,0.0,0.0,0.0,0.0,0.0,0.0,0.0,0.0,0.0,0.0,0.0,0.0,0.0,0.0,0.0,0.0,0.0,0.0,0.0,0.0,0.0,0.0,0.0,0.0,0.0,0.0,0.0,0.0,0.0,0.0,0.0,0.0,0.0,0.0,0.0,0.0,0.0,0.0,0.0,0.0,0.0,0.0,9.999999999998899e-05,9.999999999998899e-05,0.00019999999999997797,0.00039999999999995595,0.0004999999999999449,0.0008000000000000229,0.0013999999999999568,0.0023999999999999577,0.0034999999999999476,0.00539999999999996,0.00880000000000003,0.012399999999999967,0.018399999999999972,0.027200000000000002,0.03739999999999999,0.05369999999999997,0.07079999999999997,0.09309999999999996,0.12070000000000003,0.1521,0.18930000000000002,0.2338,0.2803,0.33020000000000005,0.38450000000000006,0.4376,0.49249999999999994,0.5454,0.595,0.6391,0.6855,0.7241,0.7563,0.7875,0.8088,0.8194,0.8296,0.8284,0.8177,0.7999,0.7757,0.7447,0.708,0.6666,0.6178,0.5696,0.5162,0.4637,0.41179999999999994,0.3655999999999999,0.3178000000000001,0.272,0.23229999999999995,0.19720000000000004,0.16259999999999997,0.1341,0.10819999999999996,0.08499999999999996,0.06659999999999999,0.05030000000000001,0.03849999999999998,0.02939999999999998,0.020299999999999985,0.014399999999999968,0.008700000000000041,0.006000000000000005,0.0041999999999999815,0.0023999999999999577,0.0014999999999999458,0.0010000000000000009,0.0004999999999999449,0.00039999999999995595,0.0,0.0,0.0,0.0,0.0,0.0,0.0,0.0,0.0,0.0,0.0,0.0,0.0,0.0,0.0,0.0,0.0,0.0,0.0,0.0,0.0,0.0,0.0,0.0,0.0,0.0,0.0,0.0,0.0,0.0,0.0,0.0,0.0,0.0,0.0,0.0,0.0,0.0,0.0,0.0,0.0,0.0,0.0,0.0,0.0,0.0,0.0,0.0,0.0,0.0,0.0,0.0,0.0,0.0,0.0,0.0,0.0,0.0,0.0,0.0,0.0,0.0,0.0,0.0,0.0,0.0,0.0,0.0,0.0,0.0,0.0,0.0,0.0,0.0,0.0,0.0,0.0,0.0,0.0,0.0,0.0,0.0,0.0,0.0,0.0,0.0,0.0,0.0,0.0,0.0,0.0,0.0,0.0,0.0,0.0,0.0,0.0,0.0,0.0,0.0,0.0,0.0,0.0,0.0,0.0,0.0,0.0,0.0,0.0,0.0,0.0,0.0,0.0,0.0,0.0,0.0,0.0,0.0,0.0,0.0,0.0,0.0,0.0,0.0,0.0,0.0,0.0,0.0,0.0,0.0005440696409140244,0.0005440696409140244,0.0016322089227420733,0.0032644178454842576,0.007072905331882429,0.009249183895538637,0.016322089227421066,0.027203482045701888,0.0359085963003265,0.06420021762785633,0.09575625680087052,0.12785636561479863,0.1675734494015234,0.19314472252448311,0.2138193688792165,0.22361262241566915,0.22578890097932536,0.21871599564744293,0.20729053318824808,0.1844396082698585,0.13656147986942324,0.08487486398258981,0.04787812840043526,0.029379760609357986,0.01305767138193692,0.00598476605005438,0.0032644178454842576,0.0005440696409140244,0.0,0.0,0.0,0.0,0.0,0.0,0.0,0.0,0.0,0.0,0.0,0.0,0.0,0.0,0.0,0.0,0.0,0.0,0.0,0.0,0.0,0.0,0.0,0.0,0.0,0.0,0.0,0.0,0.0,0.0,0.0,0.0,0.0,0.0,0.0,0.0,0.0,0.0,0.0,0.0,0.0,0.0,0.0,0.0,0.0,0.0,0.0,0.0
0.2122905027932962,0.0,0.0,0.0,0.0,0.0,0.0,0.0,0.0,0.0,0.0,0.0,0.0,0.0,0.0,0.0,0.0,0.0,0.0,0.0,0.0,0.0,0.0,0.0,0.0,0.0,0.0,0.0,0.0,0.0,0.0,0.0,0.0,0.0,0.0,0.0,0.0,0.0,0.0,0.0,0.0,0.0,0.0,0.0,9.999999999998899e-05,9.999999999998899e-05,0.00019999999999997797,0.00039999999999995595,0.0004999999999999449,0.0008000000000000229,0.0013999999999999568,0.0021999999999999797,0.0034999999999999476,0.005099999999999993,0.008299999999999974,0.011900000000000022,0.017900000000000027,0.026699999999999946,0.036599999999999966,0.05249999999999999,0.06969999999999998,0.09099999999999997,0.11949999999999994,0.15039999999999998,0.18779999999999997,0.23140000000000005,0.2775000000000001,0.32709999999999995,0.38169999999999993,0.43389999999999995,0.4888,0.5412,0.5908,0.6358,0.6819,0.7209,0.7536,0.7849,0.805,0.8162,0.8269,0.8239,0.8138,0.7961,0.7725,0.7417,0.7034,0.6616,0.6132,0.5647,0.512,0.46019999999999994,0.40890000000000004,0.3629,0.31600000000000006,0.2692,0.23009999999999997,0.19530000000000003,0.16110000000000002,0.13270000000000004,0.10670000000000002,0.08440000000000003,0.06589999999999996,0.049699999999999966,0.03820000000000001,0.028800000000000048,0.020000000000000018,0.013700000000000045,0.008600000000000052,0.005800000000000027,0.0040999999999999925,0.0023999999999999577,0.0014999999999999458,0.0008000000000000229,0.0004999999999999449,0.00039999999999995595,0.0,0.0,0.0,0.0,0.0,0.0,0.0,0.0,0.0,0.0,0.0,0.0,0.0,0.0,0.0,0.0,0.0,0.0,0.0,0.0,0.0,0.0,0.0,0.0,0.0,0.0,0.0,0.0,0.0,0.0,0.0,0.0,0.0,0.0,0.0,0.0,0.0,0.0,0.0,0.0,0.0,0.0,0.0,0.0,0.0,0.0,0.0,0.0,0.0,0.0,0.0,0.0,0.0,0.0,0.0,0.0,0.0,0.0,0.0,0.0,0.0,0.0,0.0,0.0,0.0,0.0,0.0,0.0,0.0,0.0,0.0,0.0,0.0,0.0,0.0,0.0,0.0,0.0,0.0,0.0,0.0,0.0,0.0,0.0,0.0,0.0,0.0,0.0,0.0,0.0,0.0,0.0,0.0,0.0,0.0,0.0,0.0,0.0,0.0,0.0,0.0,0.0,0.0,0.0,0.0,0.0,0.0,0.0,0.0,0.0,0.0,0.0,0.0,0.0,0.0,0.0,0.0,0.0,0.0,0.0,0.0,0.0,0.0,0.0,0.0,0.0,0.0,0.0,0.0,0.0005440696409140244,0.0005440696409140244,0.0016322089227420733,0.0032644178454842576,0.005440696409140355,0.008705114254624613,0.01577801958650704,0.026115342763873728,0.03373231773667029,0.05821545157780195,0.09194776931447224,0.12295973884657241,0.16050054406964098,0.18988030467899897,0.2094668117519043,0.21708378672470074,0.220348204570185,0.21490750816104465,0.20184983677910773,0.17682263329706205,0.13057671381936886,0.0783460282916213,0.04678998911860721,0.026659412404787863,0.01305767138193692,0.00598476605005438,0.002720348204570233,0.0005440696409140244,0.0,0.0,0.0,0.0,0.0,0.0,0.0,0.0,0.0,0.0,0.0,0.0,0.0,0.0,0.0,0.0,0.0,0.0,0.0,0.0,0.0,0.0,0.0,0.0,0.0,0.0,0.0,0.0,0.0,0.0,0.0,0.0,0.0,0.0,0.0,0.0,0.0,0.0,0.0,0.0,0.0,0.0,0.0,0.0,0.0,0.0,0.0,0.0
0.2569832402234642,0.0,0.0,0.0,0.0,0.0,0.0,0.0,0.0,0.0,0.0,0.0,0.0,0.0,0.0,0.0,0.0,0.0,0.0,0.0,0.0,0.0,0.0,0.0,0.0,0.0,0.0,0.0,0.0,0.0,0.0,0.0,0.0,0.0,0.0,0.0,0.0,0.0,0.0,0.0,0.0,0.0,0.0,0.0,9.999999999998899e-05,9.999999999998899e-05,0.00019999999999997797,0.00039999999999995595,0.0004999999999999449,0.0008000000000000229,0.0013999999999999568,0.0020999999999999908,0.0031999999999999806,0.005099999999999993,0.008099999999999996,0.011800000000000033,0.01770000000000005,0.026499999999999968,0.03610000000000002,0.05179999999999996,0.06889999999999996,0.08989999999999998,0.11809999999999998,0.1483,0.18569999999999998,0.22919999999999996,0.2748999999999999,0.3232999999999999,0.37860000000000005,0.4303,0.4847,0.5384,0.5858,0.6329,0.6781,0.7171,0.7509,0.7822,0.8017,0.813,0.8228,0.8191,0.8097,0.7922,0.7693,0.738,0.6988,0.6576,0.6099,0.5614,0.5086,0.4569,0.4063,0.3597,0.31200000000000006,0.26649999999999996,0.22750000000000004,0.19300000000000006,0.15949999999999998,0.13149999999999995,0.10499999999999998,0.08289999999999997,0.06530000000000002,0.04910000000000003,0.03759999999999997,0.02839999999999998,0.01959999999999995,0.013399999999999967,0.008600000000000052,0.005600000000000049,0.0040999999999999925,0.0022999999999999687,0.0014999999999999458,0.0008000000000000229,0.0004999999999999449,0.00039999999999995595,0.0,0.0,0.0,0.0,0.0,0.0,0.0,0.0,0.0,0.0,0.0,0.0,0.0,0.0,0.0,0.0,0.0,0.0,0.0,0.0,0.0,0.0,0.0,0.0,0.0,0.0,0.0,0.0,0.0,0.0,0.0,0.0,0.0,0.0,0.0,0.0,0.0,0.0,0.0,0.0,0.0,0.0,0.0,0.0,0.0,0.0,0.0,0.0,0.0,0.0,0.0,0.0,0.0,0.0,0.0,0.0,0.0,0.0,0.0,0.0,0.0,0.0,0.0,0.0,0.0,0.0,0.0,0.0,0.0,0.0,0.0,0.0,0.0,0.0,0.0,0.0,0.0,0.0,0.0,0.0,0.0,0.0,0.0,0.0,0.0,0.0,0.0,0.0,0.0,0.0,0.0,0.0,0.0,0.0,0.0,0.0,0.0,0.0,0.0,0.0,0.0,0.0,0.0,0.0,0.0,0.0,0.0,0.0,0.0,0.0,0.0,0.0,0.0,0.0,0.0,0.0,0.0,0.0,0.0,0.0,0.0,0.0,0.0,0.0,0.0,0.0,0.0,0.0,0.0,0.0005440696409140244,0.0005440696409140244,0.0016322089227420733,0.0032644178454842576,0.005440696409140355,0.008705114254624613,0.015233949945593017,0.025571273122959703,0.03210010881392822,0.05495103373231769,0.08977149075081614,0.11806311207834597,0.15614798694232856,0.18715995647442873,0.20402611534276383,0.21327529923830246,0.21545157780195867,0.21273122959738844,0.19967355821545163,0.1713819368879217,0.12241566920565838,0.07453754080522312,0.04515778019586503,0.026115342763873728,0.011425462459194735,0.005440696409140355,0.002720348204570233,0.0005440696409140244,0.0,0.0,0.0,0.0,0.0,0.0,0.0,0.0,0.0,0.0,0.0,0.0,0.0,0.0,0.0,0.0,0.0,0.0,0.0,0.0,0.0,0.0,0.0,0.0,0.0,0.0,0.0,0.0,0.0,0.0,0.0,0.0,0.0,0.0,0.0,0.0,0.0,0.0,0.0,0.0,0.0,0.0,0.0,0.0,0.0,0.0,0.0,0.0
0.3016759776536313,0.0,0.0,0.0,0.0,0.0,0.0,0.0,0.0,0.0,0.0,0.0,0.0,0.0,0.0,0.0,0.0,0.0,0.0,0.0,0.0,0.0,0.0,0.0,0.0,0.0,0.0,0.0,0.0,0.0,0.0,0.0,0.0,0.0,0.0,0.0,0.0,0.0,0.0,0.0,0.0,0.0,0.0,0.0,9.999999999998899e-05,9.999999999998899e-05,0.00019999999999997797,0.00039999999999995595,0.0004999999999999449,0.0008000000000000229,0.0013999999999999568,0.0020999999999999908,0.0031999999999999806,0.005099999999999993,0.007900000000000018,0.011700000000000044,0.01759999999999995,0.02629999999999999,0.035499999999999976,0.05049999999999999,0.06800000000000006,0.08909999999999996,0.11629999999999996,0.14700000000000002,0.18330000000000002,0.22699999999999998,0.2732,0.32030000000000003,0.3749,0.42710000000000004,0.481,0.5363,0.5819,0.6301,0.6746,0.7137,0.7481,0.7783,0.7976,0.8098,0.8185,0.8157,0.8064,0.7889,0.7657,0.7344,0.6941,0.654,0.6054,0.5582,0.5059,0.4534,0.40369999999999995,0.3558,0.3103,0.26449999999999996,0.22520000000000007,0.19020000000000004,0.15769999999999995,0.13019999999999998,0.10350000000000004,0.08250000000000002,0.0645,0.048699999999999966,0.0373,0.027900000000000036,0.019399999999999973,0.0131,0.008399999999999963,0.005600000000000049,0.0039000000000000146,0.0021999999999999797,0.0014999999999999458,0.0008000000000000229,0.0004999999999999449,0.00039999999999995595,0.0,0.0,0.0,0.0,0.0,0.0,0.0,0.0,0.0,0.0,0.0,0.0,0.0,0.0,0.0,0.0,0.0,0.0,0.0,0.0,0.0,0.0,0.0,0.0,0.0,0.0,0.0,0.0,0.0,0.0,0.0,0.0,0.0,0.0,0.0,0.0,0.0,0.0,0.0,0.0,0.0,0.0,0.0,0.0,0.0,0.0,0.0,0.0,0.0,0.0,0.0,0.0,0.0,0.0,0.0,0.0,0.0,0.0,0.0,0.0,0.0,0.0,0.0,0.0,0.0,0.0,0.0,0.0,0.0,0.0,0.0,0.0,0.0,0.0,0.0,0.0,0.0,0.0,0.0,0.0,0.0,0.0,0.0,0.0,0.0,0.0,0.0,0.0,0.0,0.0,0.0,0.0,0.0,0.0,0.0,0.0,0.0,0.0,0.0,0.0,0.0,0.0,0.0,0.0,0.0,0.0,0.0,0.0,0.0,0.0,0.0,0.0,0.0,0.0,0.0,0.0,0.0,0.0,0.0,0.0,0.0,0.0,0.0,0.0,0.0,0.0,0.0,0.0,0.0,0.0005440696409140244,0.0005440696409140244,0.0016322089227420733,0.002720348204570233,0.004896626768226331,0.008705114254624613,0.015233949945593017,0.025571273122959703,0.031556039173014194,0.05114254624591952,0.08705114254624591,0.11588683351468987,0.1507072905331882,0.18335146898803045,0.19804134929270945,0.20892274211099027,0.2121871599564744,0.20457018498367785,0.19368879216539714,0.16648531011969536,0.11697497279651792,0.07236126224156691,0.04406964091403698,0.024483133841131655,0.010337323177366686,0.005440696409140355,0.002720348204570233,0.0005440696409140244,0.0,0.0,0.0,0.0,0.0,0.0,0.0,0.0,0.0,0.0,0.0,0.0,0.0,0.0,0.0,0.0,0.0,0.0,0.0,0.0,0.0,0.0,0.0,0.0,0.0,0.0,0.0,0.0,0.0,0.0,0.0,0.0,0.0,0.0,0.0,0.0,0.0,0.0,0.0,0.0,0.0,0.0,0.0,0.0,0.0,0.0,0.0,0.0
0.3463687150837993,0.0,0.0,0.0,0.0,0.0,0.0,0.0,0.0,0.0,0.0,0.0,0.0,0.0,0.0,0.0,0.0,0.0,0.0,0.0,0.0,0.0,0.0,0.0,0.0,0.0,0.0,0.0,0.0,0.0,0.0,0.0,0.0,0.0,0.0,0.0,0.0,0.0,0.0,0.0,0.0,0.0,0.0,0.0,0.0,9.999999999998899e-05,0.00019999999999997797,0.00039999999999995595,0.0004999999999999449,0.0007000000000000339,0.0013999999999999568,0.0020999999999999908,0.0030999999999999917,0.005099999999999993,0.007600000000000051,0.011499999999999955,0.017299999999999982,0.026100000000000012,0.03520000000000001,0.0494,0.06679999999999997,0.08820000000000006,0.11519999999999997,0.14529999999999998,0.18069999999999997,0.22509999999999997,0.27079999999999993,0.3166,0.37159999999999993,0.4240999999999999,0.4779,0.5331,0.5778,0.6265,0.6705,0.7101,0.7443,0.774,0.7942,0.8066,0.8145,0.8131,0.8038,0.786,0.7621,0.7309,0.6906,0.6499,0.6015,0.5554,0.5027,0.45110000000000006,0.4011,0.3529,0.3077,0.2623,0.22330000000000005,0.18789999999999996,0.15579999999999994,0.1291,0.10230000000000006,0.08109999999999995,0.06369999999999998,0.0484,0.03649999999999998,0.027000000000000024,0.019299999999999984,0.012900000000000023,0.008299999999999974,0.005600000000000049,0.0039000000000000146,0.0021999999999999797,0.0014999999999999458,0.0007000000000000339,0.0004999999999999449,0.00019999999999997797,0.0,0.0,0.0,0.0,0.0,0.0,0.0,0.0,0.0,0.0,0.0,0.0,0.0,0.0,0.0,0.0,0.0,0.0,0.0,0.0,0.0,0.0,0.0,0.0,0.0,0.0,0.0,0.0,0.0,0.0,0.0,0.0,0.0,0.0,0.0,0.0,0.0,0.0,0.0,0.0,0.0,0.0,0.0,0.0,0.0,0.0,0.0,0.0,0.0,0.0,0.0,0.0,0.0,0.0,0.0,0.0,0.0,0.0,0.0,0.0,0.0,0.0,0.0,0.0,0.0,0.0,0.0,0.0,0.0,0.0,0.0,0.0,0.0,0.0,0.0,0.0,0.0,0.0,0.0,0.0,0.0,0.0,0.0,0.0,0.0,0.0,0.0,0.0,0.0,0.0,0.0,0.0,0.0,0.0,0.0,0.0,0.0,0.0,0.0,0.0,0.0,0.0,0.0,0.0,0.0,0.0,0.0,0.0,0.0,0.0,0.0,0.0,0.0,0.0,0.0,0.0,0.0,0.0,0.0,0.0,0.0,0.0,0.0,0.0,0.0,0.0,0.0,0.0,0.0,0.0005440696409140244,0.0005440696409140244,0.0005440696409140244,0.002720348204570233,0.0043525571273123065,0.008705114254624613,0.015233949945593017,0.02502720348204568,0.03101196953210006,0.049510337323177334,0.08433079434167579,0.11153427638737756,0.1463547334058759,0.17899891186071815,0.19532100108813932,0.20620239390642003,0.20674646354733406,0.20239390642002175,0.19151251360174104,0.16158868335146903,0.11153427638737756,0.06855277475516863,0.04298150163220893,0.023394994559303606,0.009793253536452662,0.005440696409140355,0.0021762785636560977,0.0005440696409140244,0.0,0.0,0.0,0.0,0.0,0.0,0.0,0.0,0.0,0.0,0.0,0.0,0.0,0.0,0.0,0.0,0.0,0.0,0.0,0.0,0.0,0.0,0.0,0.0,0.0,0.0,0.0,0.0,0.0,0.0,0.0,0.0,0.0,0.0,0.0,0.0,0.0,0.0,0.0,0.0,0.0,0.0,0.0,0.0,0.0,0.0,0.0,0.0
0.3910614525139664,0.0,0.0,0.0,0.0,0.0,0.0,0.0,0.0,0.0,0.0,0.0,0.0,0.0,0.0,0.0,0.0,0.0,0.0,0.0,0.0,0.0,0.0,0.0,0.0,0.0,0.0,0.0,0.0,0.0,0.0,0.0,0.0,0.0,0.0,0.0,0.0,0.0,0.0,0.0,0.0,0.0,0.0,0.0,0.0,9.999999999998899e-05,0.00019999999999997797,0.00039999999999995595,0.0004999999999999449,0.0004999999999999449,0.0012999999999999678,0.0020999999999999908,0.0030999999999999917,0.0047000000000000375,0.007600000000000051,0.011299999999999977,0.016800000000000037,0.026000000000000023,0.03500000000000003,0.048899999999999944,0.06559999999999999,0.08709999999999996,0.1139,0.14380000000000004,0.17890000000000006,0.22340000000000004,0.269,0.3145,0.36850000000000005,0.4207000000000001,0.47439999999999993,0.53,0.5749,0.623,0.667,0.7071,0.7405,0.7706,0.7914,0.8034,0.8109,0.8098,0.7999,0.7832,0.7586,0.7276,0.6874,0.6474,0.5988,0.5514,0.4992,0.44809999999999994,0.398,0.3501000000000001,0.3035,0.2603,0.22130000000000005,0.1865,0.15339999999999998,0.12719999999999998,0.10119999999999996,0.08050000000000002,0.06289999999999996,0.04820000000000002,0.03620000000000001,0.02639999999999998,0.01870000000000005,0.012900000000000023,0.008000000000000007,0.005600000000000049,0.0039000000000000146,0.0021999999999999797,0.0014999999999999458,0.0007000000000000339,0.0004999999999999449,0.00019999999999997797,0.0,0.0,0.0,0.0,0.0,0.0,0.0,0.0,0.0,0.0,0.0,0.0,0.0,0.0,0.0,0.0,0.0,0.0,0.0,0.0,0.0,0.0,0.0,0.0,0.0,0.0,0.0,0.0,0.0,0.0,0.0,0.0,0.0,0.0,0.0,0.0,0.0,0.0,0.0,0.0,0.0,0.0,0.0,0.0,0.0,0.0,0.0,0.0,0.0,0.0,0.0,0.0,0.0,0.0,0.0,0.0,0.0,0.0,0.0,0.0,0.0,0.0,0.0,0.0,0.0,0.0,0.0,0.0,0.0,0.0,0.0,0.0,0.0,0.0,0.0,0.0,0.0,0.0,0.0,0.0,0.0,0.0,0.0,0.0,0.0,0.0,0.0,0.0,0.0,0.0,0.0,0.0,0.0,0.0,0.0,0.0,0.0,0.0,0.0,0.0,0.0,0.0,0.0,0.0,0.0,0.0,0.0,0.0,0.0,0.0,0.0,0.0,0.0,0.0,0.0,0.0,0.0,0.0,0.0,0.0,0.0,0.0,0.0,0.0,0.0,0.0,0.0,0.0,0.0,0.0005440696409140244,0.0005440696409140244,0.0005440696409140244,0.002720348204570233,0.0043525571273123065,0.008705114254624613,0.015233949945593017,0.022306855277475557,0.030467899891186034,0.048422198041349285,0.07889009793253532,0.10663764961915123,0.14254624591947773,0.17247007616974974,0.19096844396082702,0.2034820457018498,0.2034820457018498,0.20021762785636565,0.18552774755168655,0.15179542981501637,0.10718171926006526,0.061479869423286204,0.04189336235038088,0.022306855277475557,0.009793253536452662,0.005440696409140355,0.0021762785636560977,0.0,0.0,0.0,0.0,0.0,0.0,0.0,0.0,0.0,0.0,0.0,0.0,0.0,0.0,0.0,0.0,0.0,0.0,0.0,0.0,0.0,0.0,0.0,0.0,0.0,0.0,0.0,0.0,0.0,0.0,0.0,0.0,0.0,0.0,0.0,0.0,0.0,0.0,0.0,0.0,0.0,0.0,0.0,0.0,0.0,0.0,0.0,0.0,0.0
0.4357541899441344,0.0,0.0,0.0,0.0,0.0,0.0,0.0,0.0,0.0,0.0,0.0,0.0,0.0,0.0,0.0,0.0,0.0,0.0,0.0,0.0,0.0,0.0,0.0,0.0,0.0,0.0,0.0,0.0,0.0,0.0,0.0,0.0,0.0,0.0,0.0,0.0,0.0,0.0,0.0,0.0,0.0,0.0,0.0,0.0,9.999999999998899e-05,0.00019999999999997797,0.00039999999999995595,0.0004999999999999449,0.0004999999999999449,0.0012999999999999678,0.0020000000000000018,0.0030000000000000027,0.0044999999999999485,0.007399999999999962,0.011199999999999988,0.01629999999999998,0.02529999999999999,0.03479999999999994,0.047799999999999954,0.06489999999999996,0.08599999999999997,0.11299999999999999,0.14229999999999998,0.17710000000000004,0.2217,0.266,0.3117,0.3658,0.4183,0.4706,0.5263,0.5725,0.6198,0.6635,0.7035,0.7375,0.7664,0.788,0.801,0.8079,0.8067,0.7971,0.7799,0.7549,0.7246,0.6838,0.6445,0.5958,0.5473,0.49550000000000005,0.4457,0.3961,0.34719999999999995,0.3014,0.2582,0.21960000000000002,0.18420000000000003,0.15200000000000002,0.1259,0.10030000000000006,0.07979999999999998,0.061899999999999955,0.047599999999999976,0.03590000000000004,0.0262,0.018299999999999983,0.0121,0.008000000000000007,0.005600000000000049,0.0038000000000000256,0.0021999999999999797,0.0013999999999999568,0.0007000000000000339,0.0004999999999999449,0.00019999999999997797,0.0,0.0,0.0,0.0,0.0,0.0,0.0,0.0,0.0,0.0,0.0,0.0,0.0,0.0,0.0,0.0,0.0,0.0,0.0,0.0,0.0,0.0,0.0,0.0,0.0,0.0,0.0,0.0,0.0,0.0,0.0,0.0,0.0,0.0,0.0,0.0,0.0,0.0,0.0,0.0,0.0,0.0,0.0,0.0,0.0,0.0,0.0,0.0,0.0,0.0,0.0,0.0,0.0,0.0,0.0,0.0,0.0,0.0,0.0,0.0,0.0,0.0,0.0,0.0,0.0,0.0,0.0,0.0,0.0,0.0,0.0,0.0,0.0,0.0,0.0,0.0,0.0,0.0,0.0,0.0,0.0,0.0,0.0,0.0,0.0,0.0,0.0,0.0,0.0,0.0,0.0,0.0,0.0,0.0,0.0,0.0,0.0,0.0,0.0,0.0,0.0,0.0,0.0,0.0,0.0,0.0,0.0,0.0,0.0,0.0,0.0,0.0,0.0,0.0,0.0,0.0,0.0,0.0,0.0,0.0,0.0,0.0,0.0,0.0,0.0,0.0,0.0,0.0,0.0,0.0005440696409140244,0.0005440696409140244,0.0005440696409140244,0.0021762785636560977,0.0043525571273123065,0.008705114254624613,0.014145810663764968,0.021762785636561532,0.02992383025027201,0.047334058759521236,0.07671381936887922,0.10337323177366708,0.13656147986942324,0.16866158868335146,0.18715995647442873,0.19804134929270945,0.20239390642002175,0.19532100108813932,0.18117519042437435,0.1441784548422198,0.10228509249183892,0.059303590859629995,0.03971708378672467,0.021218715995647397,0.009249183895538637,0.005440696409140355,0.0010881392818280489,0.0,0.0,0.0,0.0,0.0,0.0,0.0,0.0,0.0,0.0,0.0,0.0,0.0,0.0,0.0,0.0,0.0,0.0,0.0,0.0,0.0,0.0,0.0,0.0,0.0,0.0,0.0,0.0,0.0,0.0,0.0,0.0,0.0,0.0,0.0,0.0,0.0,0.0,0.0,0.0,0.0,0.0,0.0,0.0,0.0,0.0,0.0,0.0,0.0
0.4804469273743015,0.0,0.0,0.0,0.0,0.0,0.0,0.0,0.0,0.0,0.0,0.0,0.0,0.0,0.0,0.0,0.0,0.0,0.0,0.0,0.0,0.0,0.0,0.0,0.0,0.0,0.0,0.0,0.0,0.0,0.0,0.0,0.0,0.0,0.0,0.0,0.0,0.0,0.0,0.0,0.0,0.0,0.0,0.0,0.0,9.999999999998899e-05,0.00019999999999997797,0.00039999999999995595,0.0004999999999999449,0.0004999999999999449,0.0012999999999999678,0.0020000000000000018,0.0030000000000000027,0.0042999999999999705,0.007399999999999962,0.01100000000000001,0.016199999999999992,0.025000000000000022,0.034499999999999975,0.04689999999999994,0.06440000000000001,0.08479999999999999,0.11229999999999996,0.14060000000000006,0.17500000000000004,0.22009999999999996,0.2631,0.3096,0.36329999999999996,0.4164,0.46720000000000006,0.5241,0.5694,0.6172,0.6612,0.7009,0.7351,0.7624,0.7858,0.798,0.8046,0.8026,0.7939,0.7759,0.7513,0.7218,0.6795,0.6411,0.5917,0.543,0.4918,0.4417,0.3938999999999999,0.3456,0.2996,0.2561,0.21730000000000005,0.18220000000000003,0.15139999999999998,0.12460000000000004,0.09950000000000003,0.07899999999999996,0.060899999999999954,0.04679999999999995,0.035599999999999965,0.025900000000000034,0.018299999999999983,0.011900000000000022,0.007900000000000018,0.005499999999999949,0.0036000000000000476,0.0021999999999999797,0.0013999999999999568,0.0007000000000000339,0.0004999999999999449,0.00019999999999997797,0.0,0.0,0.0,0.0,0.0,0.0,0.0,0.0,0.0,0.0,0.0,0.0,0.0,0.0,0.0,0.0,0.0,0.0,0.0,0.0,0.0,0.0,0.0,0.0,0.0,0.0,0.0,0.0,0.0,0.0,0.0,0.0,0.0,0.0,0.0,0.0,0.0,0.0,0.0,0.0,0.0,0.0,0.0,0.0,0.0,0.0,0.0,0.0,0.0,0.0,0.0,0.0,0.0,0.0,0.0,0.0,0.0,0.0,0.0,0.0,0.0,0.0,0.0,0.0,0.0,0.0,0.0,0.0,0.0,0.0,0.0,0.0,0.0,0.0,0.0,0.0,0.0,0.0,0.0,0.0,0.0,0.0,0.0,0.0,0.0,0.0,0.0,0.0,0.0,0.0,0.0,0.0,0.0,0.0,0.0,0.0,0.0,0.0,0.0,0.0,0.0,0.0,0.0,0.0,0.0,0.0,0.0,0.0,0.0,0.0,0.0,0.0,0.0,0.0,0.0,0.0,0.0,0.0,0.0,0.0,0.0,0.0,0.0,0.0,0.0,0.0,0.0,0.0,0.0,0.0005440696409140244,0.0005440696409140244,0.0005440696409140244,0.0021762785636560977,0.0043525571273123065,0.008705114254624613,0.014145810663764968,0.020674646354733373,0.02992383025027201,0.04570184983677916,0.07399347116430899,0.10282916213275295,0.13384113166485312,0.16376496191512513,0.18498367791077253,0.19532100108813932,0.19749727965179542,0.19368879216539714,0.17682263329706205,0.13710554951033727,0.09902067464635478,0.05767138193688792,0.037540805223068574,0.020130576713819348,0.009249183895538637,0.005440696409140355,0.0010881392818280489,0.0,0.0,0.0,0.0,0.0,0.0,0.0,0.0,0.0,0.0,0.0,0.0,0.0,0.0,0.0,0.0,0.0,0.0,0.0,0.0,0.0,0.0,0.0,0.0,0.0,0.0,0.0,0.0,0.0,0.0,0.0,0.0,0.0,0.0,0.0,0.0,0.0,0.0,0.0,0.0,0.0,0.0,0.0,0.0,0.0,0.0,0.0,0.0,0.0
0.5251396648044695,0.0,0.0,0.0,0.0,0.0,0.0,0.0,0.0,0.0,0.0,0.0,0.0,0.0,0.0,0.0,0.0,0.0,0.0,0.0,0.0,0.0,0.0,0.0,0.0,0.0,0.0,0.0,0.0,0.0,0.0,0.0,0.0,0.0,0.0,0.0,0.0,0.0,0.0,0.0,0.0,0.0,0.0,0.0,0.0,9.999999999998899e-05,0.00019999999999997797,0.00039999999999995595,0.0004999999999999449,0.0004999999999999449,0.0012999999999999678,0.0019000000000000128,0.0030000000000000027,0.0042999999999999705,0.007399999999999962,0.010800000000000032,0.016000000000000014,0.024599999999999955,0.03410000000000002,0.04620000000000002,0.06420000000000003,0.08399999999999996,0.11119999999999997,0.13939999999999997,0.17389999999999994,0.21789999999999998,0.2612,0.3073,0.3602000000000001,0.4134,0.46530000000000005,0.5213,0.5669,0.6142,0.6582,0.6981,0.7328,0.7595,0.7823,0.7955,0.8018,0.7999,0.791,0.7734,0.7479,0.7175,0.6755,0.6369,0.5887,0.5397,0.48940000000000006,0.4388000000000001,0.39050000000000007,0.3436,0.2972,0.25439999999999996,0.21510000000000007,0.1805,0.15070000000000006,0.12380000000000002,0.09809999999999997,0.07820000000000005,0.06040000000000001,0.046499999999999986,0.03539999999999999,0.025700000000000056,0.018199999999999994,0.011499999999999955,0.007800000000000029,0.005499999999999949,0.0036000000000000476,0.0020000000000000018,0.0013999999999999568,0.0007000000000000339,0.0004999999999999449,0.00019999999999997797,0.0,0.0,0.0,0.0,0.0,0.0,0.0,0.0,0.0,0.0,0.0,0.0,0.0,0.0,0.0,0.0,0.0,0.0,0.0,0.0,0.0,0.0,0.0,0.0,0.0,0.0,0.0,0.0,0.0,0.0,0.0,0.0,0.0,0.0,0.0,0.0,0.0,0.0,0.0,0.0,0.0,0.0,0.0,0.0,0.0,0.0,0.0,0.0,0.0,0.0,0.0,0.0,0.0,0.0,0.0,0.0,0.0,0.0,0.0,0.0,0.0,0.0,0.0,0.0,0.0,0.0,0.0,0.0,0.0,0.0,0.0,0.0,0.0,0.0,0.0,0.0,0.0,0.0,0.0,0.0,0.0,0.0,0.0,0.0,0.0,0.0,0.0,0.0,0.0,0.0,0.0,0.0,0.0,0.0,0.0,0.0,0.0,0.0,0.0,0.0,0.0,0.0,0.0,0.0,0.0,0.0,0.0,0.0,0.0,0.0,0.0,0.0,0.0,0.0,0.0,0.0,0.0,0.0,0.0,0.0,0.0,0.0,0.0,0.0,0.0,0.0,0.0,0.0,0.0,0.0005440696409140244,0.0005440696409140244,0.0005440696409140244,0.0021762785636560977,0.0043525571273123065,0.008705114254624613,0.013601741022850944,0.019586507072905324,0.029379760609357986,0.044613710554951,0.07181719260065289,0.0995647442872688,0.12840043525571276,0.15995647442872685,0.1822633297062024,0.19151251360174104,0.19586507072905335,0.19151251360174104,0.17029379760609364,0.13220892274211105,0.09684439608269857,0.055495103373231824,0.03699673558215455,0.020130576713819348,0.009249183895538637,0.005440696409140355,0.0010881392818280489,0.0,0.0,0.0,0.0,0.0,0.0,0.0,0.0,0.0,0.0,0.0,0.0,0.0,0.0,0.0,0.0,0.0,0.0,0.0,0.0,0.0,0.0,0.0,0.0,0.0,0.0,0.0,0.0,0.0,0.0,0.0,0.0,0.0,0.0,0.0,0.0,0.0,0.0,0.0,0.0,0.0,0.0,0.0,0.0,0.0,0.0,0.0,0.0,0.0
0.5698324022346375,0.0,0.0,0.0,0.0,0.0,0.0,0.0,0.0,0.0,0.0,0.0,0.0,0.0,0.0,0.0,0.0,0.0,0.0,0.0,0.0,0.0,0.0,0.0,0.0,0.0,0.0,0.0,0.0,0.0,0.0,0.0,0.0,0.0,0.0,0.0,0.0,0.0,0.0,0.0,0.0,0.0,0.0,0.0,0.0,9.999999999998899e-05,0.00019999999999997797,0.00039999999999995595,0.0004999999999999449,0.0004999999999999449,0.0012999999999999678,0.0019000000000000128,0.0029000000000000137,0.0040999999999999925,0.007399999999999962,0.010399999999999965,0.015700000000000047,0.02400000000000002,0.03390000000000004,0.04569999999999996,0.06240000000000001,0.08309999999999995,0.11029999999999995,0.13839999999999997,0.17199999999999993,0.21530000000000005,0.2591,0.3053,0.3577,0.4105,0.46140000000000003,0.5186,0.5641,0.6104,0.6549,0.6953,0.7296,0.7567,0.7794,0.7935,0.7981,0.7972,0.7882,0.7707,0.7444,0.7149,0.6726,0.6342,0.5856,0.5374,0.487,0.4361999999999999,0.3882,0.34030000000000005,0.29489999999999994,0.2533000000000001,0.21330000000000005,0.17869999999999997,0.14959999999999996,0.12290000000000001,0.09729999999999994,0.07750000000000001,0.059599999999999986,0.04579999999999995,0.03479999999999994,0.025399999999999978,0.017800000000000038,0.011499999999999955,0.007600000000000051,0.005299999999999971,0.0034999999999999476,0.0020000000000000018,0.0013999999999999568,0.0006000000000000449,0.0004999999999999449,0.00019999999999997797,0.0,0.0,0.0,0.0,0.0,0.0,0.0,0.0,0.0,0.0,0.0,0.0,0.0,0.0,0.0,0.0,0.0,0.0,0.0,0.0,0.0,0.0,0.0,0.0,0.0,0.0,0.0,0.0,0.0,0.0,0.0,0.0,0.0,0.0,0.0,0.0,0.0,0.0,0.0,0.0,0.0,0.0,0.0,0.0,0.0,0.0,0.0,0.0,0.0,0.0,0.0,0.0,0.0,0.0,0.0,0.0,0.0,0.0,0.0,0.0,0.0,0.0,0.0,0.0,0.0,0.0,0.0,0.0,0.0,0.0,0.0,0.0,0.0,0.0,0.0,0.0,0.0,0.0,0.0,0.0,0.0,0.0,0.0,0.0,0.0,0.0,0.0,0.0,0.0,0.0,0.0,0.0,0.0,0.0,0.0,0.0,0.0,0.0,0.0,0.0,0.0,0.0,0.0,0.0,0.0,0.0,0.0,0.0,0.0,0.0,0.0,0.0,0.0,0.0,0.0,0.0,0.0,0.0,0.0,0.0,0.0,0.0,0.0,0.0,0.0,0.0,0.0,0.0,0.0,0.0005440696409140244,0.0005440696409140244,0.0005440696409140244,0.0021762785636560977,0.0043525571273123065,0.008161044613710589,0.01305767138193692,0.019586507072905324,0.029379760609357986,0.041349292709466856,0.07127312295973887,0.09793253536452662,0.12404787812840046,0.1545157780195865,0.1800870511425463,0.1866158868335147,0.19205658324265507,0.1866158868335147,0.16594124047878123,0.1294885745375408,0.09140369967355821,0.053318824809575616,0.0359085963003265,0.0190424374319913,0.008705114254624613,0.004896626768226331,0.0010881392818280489,0.0,0.0,0.0,0.0,0.0,0.0,0.0,0.0,0.0,0.0,0.0,0.0,0.0,0.0,0.0,0.0,0.0,0.0,0.0,0.0,0.0,0.0,0.0,0.0,0.0,0.0,0.0,0.0,0.0,0.0,0.0,0.0,0.0,0.0,0.0,0.0,0.0,0.0,0.0,0.0,0.0,0.0,0.0,0.0,0.0,0.0,0.0,0.0,0.0
0.6145251396648046,0.0,0.0,0.0,0.0,0.0,0.0,0.0,0.0,0.0,0.0,0.0,0.0,0.0,0.0,0.0,0.0,0.0,0.0,0.0,0.0,0.0,0.0,0.0,0.0,0.0,0.0,0.0,0.0,0.0,0.0,0.0,0.0,0.0,0.0,0.0,0.0,0.0,0.0,0.0,0.0,0.0,0.0,0.0,0.0,9.999999999998899e-05,0.00019999999999997797,0.00039999999999995595,0.0004999999999999449,0.0004999999999999449,0.0012999999999999678,0.0019000000000000128,0.0029000000000000137,0.0040000000000000036,0.007000000000000006,0.010399999999999965,0.015599999999999947,0.023299999999999987,0.033499999999999974,0.04530000000000001,0.061899999999999955,0.08220000000000005,0.10950000000000004,0.13729999999999998,0.17090000000000005,0.2137,0.2573,0.30380000000000007,0.35529999999999995,0.4086000000000001,0.45910000000000006,0.5161,0.5612,0.6082,0.6512,0.6917,0.7266,0.7544,0.7769,0.7909,0.7951,0.7943,0.7851,0.7682,0.7423,0.7102,0.6705,0.632,0.5833,0.5337,0.484,0.4341999999999999,0.3861,0.33899999999999997,0.29289999999999994,0.25229999999999997,0.21209999999999996,0.17759999999999998,0.14890000000000003,0.12180000000000002,0.09630000000000005,0.07679999999999998,0.05910000000000004,0.04520000000000002,0.034399999999999986,0.02510000000000001,0.01749999999999996,0.01100000000000001,0.007600000000000051,0.005099999999999993,0.0034999999999999476,0.0020000000000000018,0.0013999999999999568,0.0006000000000000449,0.0004999999999999449,9.999999999998899e-05,0.0,0.0,0.0,0.0,0.0,0.0,0.0,0.0,0.0,0.0,0.0,0.0,0.0,0.0,0.0,0.0,0.0,0.0,0.0,0.0,0.0,0.0,0.0,0.0,0.0,0.0,0.0,0.0,0.0,0.0,0.0,0.0,0.0,0.0,0.0,0.0,0.0,0.0,0.0,0.0,0.0,0.0,0.0,0.0,0.0,0.0,0.0,0.0,0.0,0.0,0.0,0.0,0.0,0.0,0.0,0.0,0.0,0.0,0.0,0.0,0.0,0.0,0.0,0.0,0.0,0.0,0.0,0.0,0.0,0.0,0.0,0.0,0.0,0.0,0.0,0.0,0.0,0.0,0.0,0.0,0.0,0.0,0.0,0.0,0.0,0.0,0.0,0.0,0.0,0.0,0.0,0.0,0.0,0.0,0.0,0.0,0.0,0.0,0.0,0.0,0.0,0.0,0.0,0.0,0.0,0.0,0.0,0.0,0.0,0.0,0.0,0.0,0.0,0.0,0.0,0.0,0.0,0.0,0.0,0.0,0.0,0.0,0.0,0.0,0.0,0.0,0.0,0.0,0.0,0.0005440696409140244,0.0005440696409140244,0.0005440696409140244,0.0016322089227420733,0.0043525571273123065,0.008161044613710589,0.01305767138193692,0.0190424374319913,0.029379760609357986,0.041349292709466856,0.06909684439608266,0.09466811751904247,0.1207834602829162,0.15125136017410235,0.17410228509249182,0.18498367791077253,0.18824809575625678,0.18335146898803045,0.16213275299238306,0.12404787812840046,0.08650707290533188,0.05223068552774757,0.034276387377584316,0.018498367791077275,0.008705114254624613,0.004896626768226331,0.0010881392818280489,0.0,0.0,0.0,0.0,0.0,0.0,0.0,0.0,0.0,0.0,0.0,0.0,0.0,0.0,0.0,0.0,0.0,0.0,0.0,0.0,0.0,0.0,0.0,0.0,0.0,0.0,0.0,0.0,0.0,0.0,0.0,0.0,0.0,0.0,0.0,0.0,0.0,0.0,0.0,0.0,0.0,0.0,0.0,0.0,0.0,0.0,0.0,0.0,0.0
0.6592178770949726,0.0,0.0,0.0,0.0,0.0,0.0,0.0,0.0,0.0,0.0,0.0,0.0,0.0,0.0,0.0,0.0,0.0,0.0,0.0,0.0,0.0,0.0,0.0,0.0,0.0,0.0,0.0,0.0,0.0,0.0,0.0,0.0,0.0,0.0,0.0,0.0,0.0,0.0,0.0,0.0,0.0,0.0,0.0,0.0,9.999999999998899e-05,0.00019999999999997797,0.00039999999999995595,0.0004999999999999449,0.0004999999999999449,0.0012999999999999678,0.0019000000000000128,0.0029000000000000137,0.0040000000000000036,0.007000000000000006,0.010399999999999965,0.01529999999999998,0.02300000000000002,0.033299999999999996,0.04490000000000005,0.06099999999999994,0.0816,0.10819999999999996,0.13639999999999997,0.16969999999999996,0.2118,0.2552,0.3017000000000001,0.354,0.406,0.45629999999999993,0.5133,0.5591,0.6056,0.6478,0.6895,0.7242,0.7516,0.774,0.7886,0.7919,0.7916,0.7816,0.7655,0.7399,0.7072,0.6677,0.6279,0.5808,0.5317,0.48150000000000004,0.4324,0.384,0.33709999999999996,0.2903,0.2499,0.21050000000000002,0.1765,0.14749999999999996,0.12119999999999997,0.09609999999999996,0.07579999999999998,0.058599999999999985,0.044499999999999984,0.03420000000000001,0.024800000000000044,0.01739999999999997,0.01100000000000001,0.007499999999999951,0.005099999999999993,0.0032999999999999696,0.0020000000000000018,0.0013999999999999568,0.0006000000000000449,0.0004999999999999449,0.0,0.0,0.0,0.0,0.0,0.0,0.0,0.0,0.0,0.0,0.0,0.0,0.0,0.0,0.0,0.0,0.0,0.0,0.0,0.0,0.0,0.0,0.0,0.0,0.0,0.0,0.0,0.0,0.0,0.0,0.0,0.0,0.0,0.0,0.0,0.0,0.0,0.0,0.0,0.0,0.0,0.0,0.0,0.0,0.0,0.0,0.0,0.0,0.0,0.0,0.0,0.0,0.0,0.0,0.0,0.0,0.0,0.0,0.0,0.0,0.0,0.0,0.0,0.0,0.0,0.0,0.0,0.0,0.0,0.0,0.0,0.0,0.0,0.0,0.0,0.0,0.0,0.0,0.0,0.0,0.0,0.0,0.0,0.0,0.0,0.0,0.0,0.0,0.0,0.0,0.0,0.0,0.0,0.0,0.0,0.0,0.0,0.0,0.0,0.0,0.0,0.0,0.0,0.0,0.0,0.0,0.0,0.0,0.0,0.0,0.0,0.0,0.0,0.0,0.0,0.0,0.0,0.0,0.0,0.0,0.0,0.0,0.0,0.0,0.0,0.0,0.0,0.0,0.0,0.0,0.0005440696409140244,0.0005440696409140244,0.0005440696409140244,0.0016322089227420733,0.0043525571273123065,0.008161044613710589,0.01196953210010876,0.0190424374319913,0.029379760609357986,0.040261153427638696,0.06583242655059851,0.09303590859630029,0.11697497279651792,0.1479869423286181,0.1713819368879217,0.1844396082698585,0.1866158868335147,0.17736670293797607,0.15614798694232856,0.11969532100108815,0.0826985854189336,0.05223068552774757,0.03210010881392822,0.0168661588683352,0.007616974972796564,0.004896626768226331,0.0010881392818280489,0.0,0.0,0.0,0.0,0.0,0.0,0.0,0.0,0.0,0.0,0.0,0.0,0.0,0.0,0.0,0.0,0.0,0.0,0.0,0.0,0.0,0.0,0.0,0.0,0.0,0.0,0.0,0.0,0.0,0.0,0.0,0.0,0.0,0.0,0.0,0.0,0.0,0.0,0.0,0.0,0.0,0.0,0.0,0.0,0.0,0.0,0.0,0.0,0.0
0.7039106145251397,0.0,0.0,0.0,0.0,0.0,0.0,0.0,0.0,0.0,0.0,0.0,0.0,0.0,0.0,0.0,0.0,0.0,0.0,0.0,0.0,0.0,0.0,0.0,0.0,0.0,0.0,0.0,0.0,0.0,0.0,0.0,0.0,0.0,0.0,0.0,0.0,0.0,0.0,0.0,0.0,0.0,0.0,0.0,0.0,9.999999999998899e-05,0.00019999999999997797,0.00039999999999995595,0.00039999999999995595,0.0004999999999999449,0.0012999999999999678,0.0019000000000000128,0.0029000000000000137,0.0038000000000000256,0.006900000000000017,0.010399999999999965,0.015100000000000002,0.022599999999999953,0.03300000000000003,0.04410000000000003,0.06040000000000001,0.08079999999999998,0.10699999999999998,0.13580000000000003,0.16759999999999997,0.21019999999999994,0.25370000000000004,0.30000000000000004,0.3514999999999999,0.4038999999999999,0.45399999999999996,0.5107,0.5572,0.6029,0.6452,0.6864,0.7227,0.7492,0.7711,0.7862,0.7897,0.7891,0.7789,0.7635,0.7377,0.7044,0.6642,0.6254,0.5787,0.5294,0.4789,0.42999999999999994,0.3822,0.33519999999999994,0.2881,0.24819999999999998,0.20950000000000002,0.17520000000000002,0.14680000000000004,0.12070000000000003,0.09550000000000003,0.07489999999999997,0.05789999999999995,0.04390000000000005,0.03390000000000004,0.024699999999999944,0.017299999999999982,0.01100000000000001,0.007499999999999951,0.005099999999999993,0.0032999999999999696,0.0019000000000000128,0.0013999999999999568,0.0006000000000000449,0.0004999999999999449,0.0,0.0,0.0,0.0,0.0,0.0,0.0,0.0,0.0,0.0,0.0,0.0,0.0,0.0,0.0,0.0,0.0,0.0,0.0,0.0,0.0,0.0,0.0,0.0,0.0,0.0,0.0,0.0,0.0,0.0,0.0,0.0,0.0,0.0,0.0,0.0,0.0,0.0,0.0,0.0,0.0,0.0,0.0,0.0,0.0,0.0,0.0,0.0,0.0,0.0,0.0,0.0,0.0,0.0,0.0,0.0,0.0,0.0,0.0,0.0,0.0,0.0,0.0,0.0,0.0,0.0,0.0,0.0,0.0,0.0,0.0,0.0,0.0,0.0,0.0,0.0,0.0,0.0,0.0,0.0,0.0,0.0,0.0,0.0,0.0,0.0,0.0,0.0,0.0,0.0,0.0,0.0,0.0,0.0,0.0,0.0,0.0,0.0,0.0,0.0,0.0,0.0,0.0,0.0,0.0,0.0,0.0,0.0,0.0,0.0,0.0,0.0,0.0,0.0,0.0,0.0,0.0,0.0,0.0,0.0,0.0,0.0,0.0,0.0,0.0,0.0,0.0,0.0,0.0,0.0,0.0005440696409140244,0.0005440696409140244,0.0005440696409140244,0.0016322089227420733,0.0043525571273123065,0.008161044613710589,0.011425462459194735,0.018498367791077275,0.029379760609357986,0.03971708378672467,0.06474428726877046,0.09085963003264419,0.11479869423286182,0.1441784548422198,0.1675734494015234,0.1800870511425463,0.18335146898803045,0.17247007616974974,0.15179542981501637,0.11697497279651792,0.07997823721436348,0.05114254624591952,0.031556039173014194,0.016322089227421066,0.007616974972796564,0.004896626768226331,0.0010881392818280489,0.0,0.0,0.0,0.0,0.0,0.0,0.0,0.0,0.0,0.0,0.0,0.0,0.0,0.0,0.0,0.0,0.0,0.0,0.0,0.0,0.0,0.0,0.0,0.0,0.0,0.0,0.0,0.0,0.0,0.0,0.0,0.0,0.0,0.0,0.0,0.0,0.0,0.0,0.0,0.0,0.0,0.0,0.0,0.0,0.0,0.0,0.0,0.0,0.0
0.7486033519553077,0.0,0.0,0.0,0.0,0.0,0.0,0.0,0.0,0.0,0.0,0.0,0.0,0.0,0.0,0.0,0.0,0.0,0.0,0.0,0.0,0.0,0.0,0.0,0.0,0.0,0.0,0.0,0.0,0.0,0.0,0.0,0.0,0.0,0.0,0.0,0.0,0.0,0.0,0.0,0.0,0.0,0.0,0.0,0.0,9.999999999998899e-05,0.00019999999999997797,0.00039999999999995595,0.00039999999999995595,0.0004999999999999449,0.0011999999999999789,0.0019000000000000128,0.0029000000000000137,0.0038000000000000256,0.006700000000000039,0.010199999999999987,0.015100000000000002,0.022399999999999975,0.03290000000000004,0.04349999999999998,0.059699999999999975,0.07989999999999997,0.10609999999999997,0.13460000000000005,0.16649999999999998,0.20840000000000003,0.25239999999999996,0.2977000000000001,0.3498,0.40060000000000007,0.4526,0.5087,0.5553,0.6011,0.6427,0.683,0.7205,0.7468,0.7685,0.7832,0.7868,0.7872,0.7767,0.7604,0.7343,0.7024,0.662,0.6233,0.577,0.5274,0.47750000000000004,0.4284,0.3803000000000001,0.3337,0.2856000000000001,0.247,0.2086,0.17410000000000003,0.14569999999999994,0.12,0.09409999999999996,0.0746,0.05710000000000004,0.043300000000000005,0.03369999999999995,0.024499999999999966,0.017199999999999993,0.01090000000000002,0.007399999999999962,0.005099999999999993,0.0032999999999999696,0.0019000000000000128,0.0012999999999999678,0.0006000000000000449,0.0004999999999999449,0.0,0.0,0.0,0.0,0.0,0.0,0.0,0.0,0.0,0.0,0.0,0.0,0.0,0.0,0.0,0.0,0.0,0.0,0.0,0.0,0.0,0.0,0.0,0.0,0.0,0.0,0.0,0.0,0.0,0.0,0.0,0.0,0.0,0.0,0.0,0.0,0.0,0.0,0.0,0.0,0.0,0.0,0.0,0.0,0.0,0.0,0.0,0.0,0.0,0.0,0.0,0.0,0.0,0.0,0.0,0.0,0.0,0.0,0.0,0.0,0.0,0.0,0.0,0.0,0.0,0.0,0.0,0.0,0.0,0.0,0.0,0.0,0.0,0.0,0.0,0.0,0.0,0.0,0.0,0.0,0.0,0.0,0.0,0.0,0.0,0.0,0.0,0.0,0.0,0.0,0.0,0.0,0.0,0.0,0.0,0.0,0.0,0.0,0.0,0.0,0.0,0.0,0.0,0.0,0.0,0.0,0.0,0.0,0.0,0.0,0.0,0.0,0.0,0.0,0.0,0.0,0.0,0.0,0.0,0.0,0.0,0.0,0.0,0.0,0.0,0.0,0.0,0.0,0.0,0.0,0.0005440696409140244,0.0005440696409140244,0.0005440696409140244,0.0016322089227420733,0.0043525571273123065,0.008161044613710589,0.011425462459194735,0.018498367791077275,0.029379760609357986,0.0380848748639826,0.06311207834602828,0.08977149075081614,0.11316648531011975,0.1398258977149075,0.1632208922742111,0.17682263329706205,0.1779107725788901,0.16811751904243744,0.14472252448313383,0.1142546245919478,0.07671381936887922,0.04896626768226331,0.030467899891186034,0.01577801958650704,0.007616974972796564,0.0043525571273123065,0.0010881392818280489,0.0,0.0,0.0,0.0,0.0,0.0,0.0,0.0,0.0,0.0,0.0,0.0,0.0,0.0,0.0,0.0,0.0,0.0,0.0,0.0,0.0,0.0,0.0,0.0,0.0,0.0,0.0,0.0,0.0,0.0,0.0,0.0,0.0,0.0,0.0,0.0,0.0,0.0,0.0,0.0,0.0,0.0,0.0,0.0,0.0,0.0,0.0,0.0,0.0
0.7932960893854748,0.0,0.0,0.0,0.0,0.0,0.0,0.0,0.0,0.0,0.0,0.0,0.0,0.0,0.0,0.0,0.0,0.0,0.0,0.0,0.0,0.0,0.0,0.0,0.0,0.0,0.0,0.0,0.0,0.0,0.0,0.0,0.0,0.0,0.0,0.0,0.0,0.0,0.0,0.0,0.0,0.0,0.0,0.0,0.0,9.999999999998899e-05,0.00019999999999997797,0.00039999999999995595,0.00039999999999995595,0.0004999999999999449,0.0011999999999999789,0.0019000000000000128,0.0029000000000000137,0.0038000000000000256,0.006700000000000039,0.010099999999999998,0.015000000000000013,0.022299999999999986,0.03249999999999997,0.04300000000000004,0.05899999999999994,0.07940000000000003,0.10499999999999998,0.13390000000000002,0.1653,0.20740000000000003,0.2509,0.2964,0.3478,0.3994,0.44999999999999996,0.5067,0.5525,0.5987,0.6413,0.681,0.7178,0.744,0.7662,0.7813,0.7844,0.7848,0.7743,0.7589,0.7317,0.7,0.6598,0.6206,0.5751,0.5255,0.47609999999999997,0.4266,0.379,0.3318,0.2834,0.24529999999999996,0.2076,0.1734,0.1452,0.11829999999999996,0.09340000000000004,0.07399999999999995,0.056599999999999984,0.04310000000000003,0.033399999999999985,0.02410000000000001,0.017100000000000004,0.010600000000000054,0.007399999999999962,0.0050000000000000044,0.0032999999999999696,0.0019000000000000128,0.0012999999999999678,0.0006000000000000449,0.0004999999999999449,0.0,0.0,0.0,0.0,0.0,0.0,0.0,0.0,0.0,0.0,0.0,0.0,0.0,0.0,0.0,0.0,0.0,0.0,0.0,0.0,0.0,0.0,0.0,0.0,0.0,0.0,0.0,0.0,0.0,0.0,0.0,0.0,0.0,0.0,0.0,0.0,0.0,0.0,0.0,0.0,0.0,0.0,0.0,0.0,0.0,0.0,0.0,0.0,0.0,0.0,0.0,0.0,0.0,0.0,0.0,0.0,0.0,0.0,0.0,0.0,0.0,0.0,0.0,0.0,0.0,0.0,0.0,0.0,0.0,0.0,0.0,0.0,0.0,0.0,0.0,0.0,0.0,0.0,0.0,0.0,0.0,0.0,0.0,0.0,0.0,0.0,0.0,0.0,0.0,0.0,0.0,0.0,0.0,0.0,0.0,0.0,0.0,0.0,0.0,0.0,0.0,0.0,0.0,0.0,0.0,0.0,0.0,0.0,0.0,0.0,0.0,0.0,0.0,0.0,0.0,0.0,0.0,0.0,0.0,0.0,0.0,0.0,0.0,0.0,0.0,0.0,0.0,0.0,0.0,0.0,0.0,0.0005440696409140244,0.0005440696409140244,0.0016322089227420733,0.0043525571273123065,0.008161044613710589,0.011425462459194735,0.01795429815016325,0.02883569096844396,0.03482045701849834,0.05875952121871597,0.089227421109902,0.11153427638737756,0.13710554951033727,0.15995647442872685,0.17464635473340584,0.17519042437431986,0.1653971708378672,0.14091403699673555,0.11099020674646354,0.07344940152339496,0.047334058759521236,0.02992383025027201,0.015233949945593017,0.007616974972796564,0.0043525571273123065,0.0010881392818280489,0.0,0.0,0.0,0.0,0.0,0.0,0.0,0.0,0.0,0.0,0.0,0.0,0.0,0.0,0.0,0.0,0.0,0.0,0.0,0.0,0.0,0.0,0.0,0.0,0.0,0.0,0.0,0.0,0.0,0.0,0.0,0.0,0.0,0.0,0.0,0.0,0.0,0.0,0.0,0.0,0.0,0.0,0.0,0.0,0.0,0.0,0.0,0.0,0.0
0.8379888268156428,0.0,0.0,0.0,0.0,0.0,0.0,0.0,0.0,0.0,0.0,0.0,0.0,0.0,0.0,0.0,0.0,0.0,0.0,0.0,0.0,0.0,0.0,0.0,0.0,0.0,0.0,0.0,0.0,0.0,0.0,0.0,0.0,0.0,0.0,0.0,0.0,0.0,0.0,0.0,0.0,0.0,0.0,0.0,0.0,9.999999999998899e-05,9.999999999998899e-05,0.00039999999999995595,0.00039999999999995595,0.0004999999999999449,0.0011999999999999789,0.0019000000000000128,0.0029000000000000137,0.0038000000000000256,0.00660000000000005,0.010099999999999998,0.014599999999999946,0.02210000000000001,0.032399999999999984,0.04259999999999997,0.058699999999999974,0.07869999999999999,0.10389999999999999,0.133,0.16400000000000003,0.2056,0.2489,0.29489999999999994,0.3456,0.398,0.4482999999999999,0.5042,0.5502,0.597,0.6388,0.6792,0.7152,0.7418,0.7639,0.7795,0.7821,0.7825,0.7717,0.7571,0.7297,0.6983,0.6582,0.6174,0.5734,0.5234,0.4748,0.4252,0.37759999999999994,0.3307,0.28200000000000003,0.24380000000000002,0.20630000000000004,0.1723,0.14400000000000002,0.11719999999999997,0.09260000000000002,0.0736,0.05630000000000002,0.04279999999999995,0.03320000000000001,0.023700000000000054,0.017000000000000015,0.010600000000000054,0.007199999999999984,0.0050000000000000044,0.0032999999999999696,0.0019000000000000128,0.0012999999999999678,0.0006000000000000449,0.0004999999999999449,0.0,0.0,0.0,0.0,0.0,0.0,0.0,0.0,0.0,0.0,0.0,0.0,0.0,0.0,0.0,0.0,0.0,0.0,0.0,0.0,0.0,0.0,0.0,0.0,0.0,0.0,0.0,0.0,0.0,0.0,0.0,0.0,0.0,0.0,0.0,0.0,0.0,0.0,0.0,0.0,0.0,0.0,0.0,0.0,0.0,0.0,0.0,0.0,0.0,0.0,0.0,0.0,0.0,0.0,0.0,0.0,0.0,0.0,0.0,0.0,0.0,0.0,0.0,0.0,0.0,0.0,0.0,0.0,0.0,0.0,0.0,0.0,0.0,0.0,0.0,0.0,0.0,0.0,0.0,0.0,0.0,0.0,0.0,0.0,0.0,0.0,0.0,0.0,0.0,0.0,0.0,0.0,0.0,0.0,0.0,0.0,0.0,0.0,0.0,0.0,0.0,0.0,0.0,0.0,0.0,0.0,0.0,0.0,0.0,0.0,0.0,0.0,0.0,0.0,0.0,0.0,0.0,0.0,0.0,0.0,0.0,0.0,0.0,0.0,0.0,0.0,0.0,0.0,0.0,0.0,0.0,0.0005440696409140244,0.0005440696409140244,0.0016322089227420733,0.0043525571273123065,0.008161044613710589,0.01088139281828071,0.01795429815016325,0.028291621327529937,0.03482045701849834,0.05658324265505987,0.08813928182807396,0.1060935799782372,0.13438520130576714,0.15505984766050052,0.1697497279651795,0.17192600652883572,0.16213275299238306,0.13819368879216543,0.11044613710554951,0.07236126224156691,0.047334058759521236,0.028291621327529937,0.015233949945593017,0.007072905331882429,0.0043525571273123065,0.0010881392818280489,0.0,0.0,0.0,0.0,0.0,0.0,0.0,0.0,0.0,0.0,0.0,0.0,0.0,0.0,0.0,0.0,0.0,0.0,0.0,0.0,0.0,0.0,0.0,0.0,0.0,0.0,0.0,0.0,0.0,0.0,0.0,0.0,0.0,0.0,0.0,0.0,0.0,0.0,0.0,0.0,0.0,0.0,0.0,0.0,0.0,0.0,0.0,0.0,0.0
0.8826815642458099,0.0,0.0,0.0,0.0,0.0,0.0,0.0,0.0,0.0,0.0,0.0,0.0,0.0,0.0,0.0,0.0,0.0,0.0,0.0,0.0,0.0,0.0,0.0,0.0,0.0,0.0,0.0,0.0,0.0,0.0,0.0,0.0,0.0,0.0,0.0,0.0,0.0,0.0,0.0,0.0,0.0,0.0,0.0,0.0,9.999999999998899e-05,9.999999999998899e-05,0.00039999999999995595,0.00039999999999995595,0.0004999999999999449,0.0011999999999999789,0.0019000000000000128,0.0028000000000000247,0.0038000000000000256,0.006399999999999961,0.010099999999999998,0.014499999999999957,0.02190000000000003,0.03200000000000003,0.04200000000000004,0.05840000000000001,0.07799999999999996,0.10319999999999996,0.132,0.16290000000000004,0.20450000000000002,0.247,0.2934,0.3436,0.39670000000000005,0.44720000000000004,0.502,0.5482,0.5948,0.6371,0.6774,0.7128,0.74,0.7618,0.777,0.7806,0.7796,0.769,0.7547,0.7267,0.6961,0.6563,0.6151,0.5717,0.5218,0.47350000000000003,0.4233,0.37539999999999996,0.3287,0.28069999999999995,0.24229999999999996,0.2057,0.1714,0.1432,0.11640000000000006,0.09130000000000005,0.07289999999999996,0.05559999999999998,0.04259999999999997,0.03300000000000003,0.0232,0.016900000000000026,0.010499999999999954,0.007199999999999984,0.0049000000000000155,0.0031999999999999806,0.0019000000000000128,0.0012999999999999678,0.0006000000000000449,0.0004999999999999449,0.0,0.0,0.0,0.0,0.0,0.0,0.0,0.0,0.0,0.0,0.0,0.0,0.0,0.0,0.0,0.0,0.0,0.0,0.0,0.0,0.0,0.0,0.0,0.0,0.0,0.0,0.0,0.0,0.0,0.0,0.0,0.0,0.0,0.0,0.0,0.0,0.0,0.0,0.0,0.0,0.0,0.0,0.0,0.0,0.0,0.0,0.0,0.0,0.0,0.0,0.0,0.0,0.0,0.0,0.0,0.0,0.0,0.0,0.0,0.0,0.0,0.0,0.0,0.0,0.0,0.0,0.0,0.0,0.0,0.0,0.0,0.0,0.0,0.0,0.0,0.0,0.0,0.0,0.0,0.0,0.0,0.0,0.0,0.0,0.0,0.0,0.0,0.0,0.0,0.0,0.0,0.0,0.0,0.0,0.0,0.0,0.0,0.0,0.0,0.0,0.0,0.0,0.0,0.0,0.0,0.0,0.0,0.0,0.0,0.0,0.0,0.0,0.0,0.0,0.0,0.0,0.0,0.0,0.0,0.0,0.0,0.0,0.0,0.0,0.0,0.0,0.0,0.0,0.0,0.0,0.0,0.0005440696409140244,0.0005440696409140244,0.0016322089227420733,0.003808487486398282,0.008161044613710589,0.01088139281828071,0.017410228509249226,0.027747551686615912,0.03482045701849834,0.05277475516866159,0.08541893362350383,0.10337323177366708,0.13166485310119702,0.15125136017410235,0.16648531011969536,0.16866158868335146,0.1588683351468988,0.13384113166485312,0.10718171926006526,0.07181719260065289,0.047334058759521236,0.028291621327529937,0.014689880304678993,0.007072905331882429,0.0043525571273123065,0.0010881392818280489,0.0,0.0,0.0,0.0,0.0,0.0,0.0,0.0,0.0,0.0,0.0,0.0,0.0,0.0,0.0,0.0,0.0,0.0,0.0,0.0,0.0,0.0,0.0,0.0,0.0,0.0,0.0,0.0,0.0,0.0,0.0,0.0,0.0,0.0,0.0,0.0,0.0,0.0,0.0,0.0,0.0,0.0,0.0,0.0,0.0,0.0,0.0,0.0,0.0
0.9273743016759779,0.0,0.0,0.0,0.0,0.0,0.0,0.0,0.0,0.0,0.0,0.0,0.0,0.0,0.0,0.0,0.0,0.0,0.0,0.0,0.0,0.0,0.0,0.0,0.0,0.0,0.0,0.0,0.0,0.0,0.0,0.0,0.0,0.0,0.0,0.0,0.0,0.0,0.0,0.0,0.0,0.0,0.0,0.0,0.0,9.999999999998899e-05,9.999999999998899e-05,0.00039999999999995595,0.00039999999999995595,0.0004999999999999449,0.0010999999999999899,0.0018000000000000238,0.0028000000000000247,0.0038000000000000256,0.006299999999999972,0.00990000000000002,0.01429999999999998,0.02180000000000004,0.03159999999999996,0.04139999999999999,0.05789999999999995,0.0776,0.10219999999999996,0.131,0.1624,0.20320000000000005,0.24580000000000002,0.29259999999999997,0.34129999999999994,0.3945000000000001,0.4454,0.4998,0.5463,0.5927,0.6356,0.6751,0.7104,0.7375,0.7599,0.7743,0.7789,0.777,0.7669,0.7529,0.7242,0.6938,0.6551,0.6131,0.5699,0.5193,0.47150000000000003,0.4216,0.3741,0.32719999999999994,0.27980000000000005,0.24070000000000003,0.2047,0.17020000000000002,0.14270000000000005,0.11580000000000001,0.09099999999999997,0.07250000000000001,0.05510000000000004,0.042200000000000015,0.03280000000000005,0.02290000000000003,0.016700000000000048,0.010299999999999976,0.007199999999999984,0.0048000000000000265,0.0030999999999999917,0.0019000000000000128,0.0011999999999999789,0.0006000000000000449,0.0004999999999999449,0.0,0.0,0.0,0.0,0.0,0.0,0.0,0.0,0.0,0.0,0.0,0.0,0.0,0.0,0.0,0.0,0.0,0.0,0.0,0.0,0.0,0.0,0.0,0.0,0.0,0.0,0.0,0.0,0.0,0.0,0.0,0.0,0.0,0.0,0.0,0.0,0.0,0.0,0.0,0.0,0.0,0.0,0.0,0.0,0.0,0.0,0.0,0.0,0.0,0.0,0.0,0.0,0.0,0.0,0.0,0.0,0.0,0.0,0.0,0.0,0.0,0.0,0.0,0.0,0.0,0.0,0.0,0.0,0.0,0.0,0.0,0.0,0.0,0.0,0.0,0.0,0.0,0.0,0.0,0.0,0.0,0.0,0.0,0.0,0.0,0.0,0.0,0.0,0.0,0.0,0.0,0.0,0.0,0.0,0.0,0.0,0.0,0.0,0.0,0.0,0.0,0.0,0.0,0.0,0.0,0.0,0.0,0.0,0.0,0.0,0.0,0.0,0.0,0.0,0.0,0.0,0.0,0.0,0.0,0.0,0.0,0.0,0.0,0.0,0.0,0.0,0.0,0.0,0.0,0.0,0.0,0.0005440696409140244,0.0005440696409140244,0.0016322089227420733,0.0032644178454842576,0.008161044613710589,0.01088139281828071,0.0168661588683352,0.027203482045701888,0.034276387377584316,0.05114254624591952,0.08433079434167579,0.10337323177366708,0.12840043525571276,0.1485310119695321,0.16267682263329708,0.16430903155603915,0.15614798694232856,0.13057671381936886,0.10391730141458111,0.06964091403699668,0.04570184983677916,0.027203482045701888,0.014145810663764968,0.007072905331882429,0.0043525571273123065,0.0010881392818280489,0.0,0.0,0.0,0.0,0.0,0.0,0.0,0.0,0.0,0.0,0.0,0.0,0.0,0.0,0.0,0.0,0.0,0.0,0.0,0.0,0.0,0.0,0.0,0.0,0.0,0.0,0.0,0.0,0.0,0.0,0.0,0.0,0.0,0.0,0.0,0.0,0.0,0.0,0.0,0.0,0.0,0.0,0.0,0.0,0.0,0.0,0.0,0.0,0.0
0.9720670391061459,0.0,0.0,0.0,0.0,0.0,0.0,0.0,0.0,0.0,0.0,0.0,0.0,0.0,0.0,0.0,0.0,0.0,0.0,0.0,0.0,0.0,0.0,0.0,0.0,0.0,0.0,0.0,0.0,0.0,0.0,0.0,0.0,0.0,0.0,0.0,0.0,0.0,0.0,0.0,0.0,0.0,0.0,0.0,0.0,9.999999999998899e-05,9.999999999998899e-05,0.00039999999999995595,0.00039999999999995595,0.0004999999999999449,0.0010999999999999899,0.0018000000000000238,0.0028000000000000247,0.0038000000000000256,0.006299999999999972,0.00990000000000002,0.01429999999999998,0.021299999999999986,0.031200000000000006,0.041100000000000025,0.057599999999999985,0.07679999999999998,0.10119999999999996,0.1301,0.16110000000000002,0.20199999999999996,0.24439999999999995,0.29069999999999996,0.3395,0.393,0.4433,0.4973000000000001,0.5443,0.5917,0.634,0.6733,0.7086,0.7358,0.7579,0.7723,0.7765,0.7747,0.7651,0.7503,0.7219,0.6915,0.6524,0.6114,0.568,0.5184,0.46920000000000006,0.4202,0.37270000000000003,0.3259000000000001,0.27869999999999995,0.23930000000000007,0.20399999999999996,0.16959999999999997,0.14229999999999998,0.11480000000000001,0.09030000000000005,0.07240000000000002,0.05469999999999997,0.04179999999999995,0.03249999999999997,0.022800000000000042,0.01639999999999997,0.010199999999999987,0.007199999999999984,0.0046000000000000485,0.0029000000000000137,0.0019000000000000128,0.0011999999999999789,0.0006000000000000449,0.0004999999999999449,0.0,0.0,0.0,0.0,0.0,0.0,0.0,0.0,0.0,0.0,0.0,0.0,0.0,0.0,0.0,0.0,0.0,0.0,0.0,0.0,0.0,0.0,0.0,0.0,0.0,0.0,0.0,0.0,0.0,0.0,0.0,0.0,0.0,0.0,0.0,0.0,0.0,0.0,0.0,0.0,0.0,0.0,0.0,0.0,0.0,0.0,0.0,0.0,0.0,0.0,0.0,0.0,0.0,0.0,0.0,0.0,0.0,0.0,0.0,0.0,0.0,0.0,0.0,0.0,0.0,0.0,0.0,0.0,0.0,0.0,0.0,0.0,0.0,0.0,0.0,0.0,0.0,0.0,0.0,0.0,0.0,0.0,0.0,0.0,0.0,0.0,0.0,0.0,0.0,0.0,0.0,0.0,0.0,0.0,0.0,0.0,0.0,0.0,0.0,0.0,0.0,0.0,0.0,0.0,0.0,0.0,0.0,0.0,0.0,0.0,0.0,0.0,0.0,0.0,0.0,0.0,0.0,0.0,0.0,0.0,0.0,0.0,0.0,0.0,0.0,0.0,0.0,0.0,0.0,0.0,0.0,0.0005440696409140244,0.0005440696409140244,0.0016322089227420733,0.0032644178454842576,0.008161044613710589,0.01088139281828071,0.0168661588683352,0.027203482045701888,0.03318824809575627,0.05005440696409136,0.0826985854189336,0.10228509249183892,0.12676822633297058,0.14744287268770406,0.15832426550598477,0.16158868335146903,0.15288356909684442,0.1294885745375408,0.10065288356909685,0.06637649619151254,0.04570184983677916,0.027203482045701888,0.014145810663764968,0.006528835690968404,0.0043525571273123065,0.0010881392818280489,0.0,0.0,0.0,0.0,0.0,0.0,0.0,0.0,0.0,0.0,0.0,0.0,0.0,0.0,0.0,0.0,0.0,0.0,0.0,0.0,0.0,0.0,0.0,0.0,0.0,0.0,0.0,0.0,0.0,0.0,0.0,0.0,0.0,0.0,0.0,0.0,0.0,0.0,0.0,0.0,0.0,0.0,0.0,0.0,0.0,0.0,0.0,0.0,0.0
1.016759776536313,0.0,0.0,0.0,0.0,0.0,0.0,0.0,0.0,0.0,0.0,0.0,0.0,0.0,0.0,0.0,0.0,0.0,0.0,0.0,0.0,0.0,0.0,0.0,0.0,0.0,0.0,0.0,0.0,0.0,0.0,0.0,0.0,0.0,0.0,0.0,0.0,0.0,0.0,0.0,0.0,0.0,0.0,0.0,0.0,9.999999999998899e-05,9.999999999998899e-05,0.00039999999999995595,0.00039999999999995595,0.0004999999999999449,0.0010999999999999899,0.0017000000000000348,0.0028000000000000247,0.0038000000000000256,0.006299999999999972,0.009800000000000031,0.014000000000000012,0.021199999999999997,0.031100000000000017,0.04090000000000005,0.05730000000000002,0.07599999999999996,0.10050000000000003,0.12919999999999998,0.15969999999999995,0.20120000000000005,0.24370000000000003,0.28990000000000005,0.33840000000000003,0.3917999999999999,0.44179999999999997,0.4949,0.5433,0.5897,0.6318,0.6716,0.7056,0.7335,0.7565,0.7709,0.7742,0.7723,0.7636,0.7479,0.7201,0.6887,0.6506,0.6095,0.5663,0.5163,0.46740000000000004,0.4183,0.37129999999999996,0.3246,0.2775000000000001,0.2379,0.2025,0.16890000000000005,0.14159999999999995,0.1139,0.08950000000000002,0.07179999999999997,0.05410000000000004,0.04159999999999997,0.032299999999999995,0.022599999999999953,0.016199999999999992,0.010000000000000009,0.007199999999999984,0.0044999999999999485,0.0029000000000000137,0.0018000000000000238,0.0011999999999999789,0.0006000000000000449,0.0004999999999999449,0.0,0.0,0.0,0.0,0.0,0.0,0.0,0.0,0.0,0.0,0.0,0.0,0.0,0.0,0.0,0.0,0.0,0.0,0.0,0.0,0.0,0.0,0.0,0.0,0.0,0.0,0.0,0.0,0.0,0.0,0.0,0.0,0.0,0.0,0.0,0.0,0.0,0.0,0.0,0.0,0.0,0.0,0.0,0.0,0.0,0.0,0.0,0.0,0.0,0.0,0.0,0.0,0.0,0.0,0.0,0.0,0.0,0.0,0.0,0.0,0.0,0.0,0.0,0.0,0.0,0.0,0.0,0.0,0.0,0.0,0.0,0.0,0.0,0.0,0.0,0.0,0.0,0.0,0.0,0.0,0.0,0.0,0.0,0.0,0.0,0.0,0.0,0.0,0.0,0.0,0.0,0.0,0.0,0.0,0.0,0.0,0.0,0.0,0.0,0.0,0.0,0.0,0.0,0.0,0.0,0.0,0.0,0.0,0.0,0.0,0.0,0.0,0.0,0.0,0.0,0.0,0.0,0.0,0.0,0.0,0.0,0.0,0.0,0.0,0.0,0.0,0.0,0.0,0.0,0.0,0.0,0.0005440696409140244,0.0005440696409140244,0.0016322089227420733,0.0032644178454842576,0.008161044613710589,0.01088139281828071,0.016322089227421066,0.026659412404787863,0.03264417845484224,0.049510337323177334,0.07889009793253532,0.10065288356909685,0.12187159956474425,0.14581066376496188,0.15723612622415672,0.15778019586507075,0.1485310119695321,0.1273122959738846,0.10010881392818283,0.06583242655059851,0.04570184983677916,0.027203482045701888,0.014145810663764968,0.006528835690968404,0.0043525571273123065,0.0010881392818280489,0.0,0.0,0.0,0.0,0.0,0.0,0.0,0.0,0.0,0.0,0.0,0.0,0.0,0.0,0.0,0.0,0.0,0.0,0.0,0.0,0.0,0.0,0.0,0.0,0.0,0.0,0.0,0.0,0.0,0.0,0.0,0.0,0.0,0.0,0.0,0.0,0.0,0.0,0.0,0.0,0.0,0.0,0.0,0.0,0.0,0.0,0.0,0.0,0.0
1.061452513966481,0.0,0.0,0.0,0.0,0.0,0.0,0.0,0.0,0.0,0.0,0.0,0.0,0.0,0.0,0.0,0.0,0.0,0.0,0.0,0.0,0.0,0.0,0.0,0.0,0.0,0.0,0.0,0.0,0.0,0.0,0.0,0.0,0.0,0.0,0.0,0.0,0.0,0.0,0.0,0.0,0.0,0.0,0.0,0.0,9.999999999998899e-05,9.999999999998899e-05,0.00039999999999995595,0.00039999999999995595,0.0004999999999999449,0.0010999999999999899,0.0017000000000000348,0.0027000000000000357,0.0038000000000000256,0.006299999999999972,0.009600000000000053,0.013900000000000023,0.02100000000000002,0.03090000000000004,0.04069999999999996,0.05679999999999996,0.07540000000000002,0.09999999999999998,0.12850000000000006,0.15870000000000006,0.20019999999999993,0.24329999999999996,0.2891,0.3368,0.3902,0.4404,0.49340000000000006,0.5415,0.5881,0.6304,0.6701,0.7043,0.7318,0.7555,0.7684,0.7721,0.771,0.7623,0.7459,0.7176,0.6868,0.6489,0.6074,0.5645,0.515,0.46599999999999997,0.4164,0.3696999999999999,0.32319999999999993,0.27590000000000003,0.23660000000000003,0.20179999999999998,0.16800000000000004,0.14100000000000001,0.11309999999999998,0.08909999999999996,0.07150000000000001,0.05369999999999997,0.04149999999999998,0.032299999999999995,0.022299999999999986,0.016199999999999992,0.010000000000000009,0.007199999999999984,0.0043999999999999595,0.0029000000000000137,0.0016000000000000458,0.0011999999999999789,0.0006000000000000449,0.0004999999999999449,0.0,0.0,0.0,0.0,0.0,0.0,0.0,0.0,0.0,0.0,0.0,0.0,0.0,0.0,0.0,0.0,0.0,0.0,0.0,0.0,0.0,0.0,0.0,0.0,0.0,0.0,0.0,0.0,0.0,0.0,0.0,0.0,0.0,0.0,0.0,0.0,0.0,0.0,0.0,0.0,0.0,0.0,0.0,0.0,0.0,0.0,0.0,0.0,0.0,0.0,0.0,0.0,0.0,0.0,0.0,0.0,0.0,0.0,0.0,0.0,0.0,0.0,0.0,0.0,0.0,0.0,0.0,0.0,0.0,0.0,0.0,0.0,0.0,0.0,0.0,0.0,0.0,0.0,0.0,0.0,0.0,0.0,0.0,0.0,0.0,0.0,0.0,0.0,0.0,0.0,0.0,0.0,0.0,0.0,0.0,0.0,0.0,0.0,0.0,0.0,0.0,0.0,0.0,0.0,0.0,0.0,0.0,0.0,0.0,0.0,0.0,0.0,0.0,0.0,0.0,0.0,0.0,0.0,0.0,0.0,0.0,0.0,0.0,0.0,0.0,0.0,0.0,0.0,0.0,0.0,0.0,0.0005440696409140244,0.0005440696409140244,0.0016322089227420733,0.0032644178454842576,0.007616974972796564,0.010337323177366686,0.016322089227421066,0.026659412404787863,0.03210010881392822,0.049510337323177334,0.07671381936887922,0.0995647442872688,0.12023939064200218,0.14363438520130578,0.15397170837867247,0.1545157780195865,0.1441784548422198,0.12350380848748643,0.0973884657236126,0.0636561479869423,0.04515778019586503,0.027203482045701888,0.013601741022850944,0.006528835690968404,0.0043525571273123065,0.0010881392818280489,0.0,0.0,0.0,0.0,0.0,0.0,0.0,0.0,0.0,0.0,0.0,0.0,0.0,0.0,0.0,0.0,0.0,0.0,0.0,0.0,0.0,0.0,0.0,0.0,0.0,0.0,0.0,0.0,0.0,0.0,0.0,0.0,0.0,0.0,0.0,0.0,0.0,0.0,0.0,0.0,0.0,0.0,0.0,0.0,0.0,0.0,0.0,0.0,0.0
1.106145251396648,0.0,0.0,0.0,0.0,0.0,0.0,0.0,0.0,0.0,0.0,0.0,0.0,0.0,0.0,0.0,0.0,0.0,0.0,0.0,0.0,0.0,0.0,0.0,0.0,0.0,0.0,0.0,0.0,0.0,0.0,0.0,0.0,0.0,0.0,0.0,0.0,0.0,0.0,0.0,0.0,0.0,0.0,0.0,0.0,9.999999999998899e-05,9.999999999998899e-05,0.00029999999999996696,0.00039999999999995595,0.0004999999999999449,0.0010999999999999899,0.0016000000000000458,0.0027000000000000357,0.0038000000000000256,0.006299999999999972,0.009600000000000053,0.013800000000000034,0.02080000000000004,0.03069999999999995,0.04039999999999999,0.056599999999999984,0.07520000000000004,0.09960000000000002,0.128,0.15759999999999996,0.19879999999999998,0.24239999999999995,0.28800000000000003,0.3356,0.3892,0.43920000000000003,0.4917,0.5402,0.586,0.6286,0.6683,0.703,0.7297,0.753,0.7665,0.77,0.7693,0.7606,0.7441,0.7153,0.6856,0.6472,0.6057,0.5633,0.513,0.46540000000000004,0.4145,0.3688,0.32210000000000005,0.2755000000000001,0.23560000000000003,0.20120000000000005,0.16759999999999997,0.14050000000000007,0.11229999999999996,0.08850000000000002,0.07089999999999996,0.0534,0.0413,0.03210000000000002,0.02200000000000002,0.016100000000000003,0.009800000000000031,0.007199999999999984,0.0043999999999999595,0.0029000000000000137,0.0016000000000000458,0.0011999999999999789,0.0006000000000000449,0.0004999999999999449,0.0,0.0,0.0,0.0,0.0,0.0,0.0,0.0,0.0,0.0,0.0,0.0,0.0,0.0,0.0,0.0,0.0,0.0,0.0,0.0,0.0,0.0,0.0,0.0,0.0,0.0,0.0,0.0,0.0,0.0,0.0,0.0,0.0,0.0,0.0,0.0,0.0,0.0,0.0,0.0,0.0,0.0,0.0,0.0,0.0,0.0,0.0,0.0,0.0,0.0,0.0,0.0,0.0,0.0,0.0,0.0,0.0,0.0,0.0,0.0,0.0,0.0,0.0,0.0,0.0,0.0,0.0,0.0,0.0,0.0,0.0,0.0,0.0,0.0,0.0,0.0,0.0,0.0,0.0,0.0,0.0,0.0,0.0,0.0,0.0,0.0,0.0,0.0,0.0,0.0,0.0,0.0,0.0,0.0,0.0,0.0,0.0,0.0,0.0,0.0,0.0,0.0,0.0,0.0,0.0,0.0,0.0,0.0,0.0,0.0,0.0,0.0,0.0,0.0,0.0,0.0,0.0,0.0,0.0,0.0,0.0,0.0,0.0,0.0,0.0,0.0,0.0,0.0,0.0,0.0,0.0,0.0005440696409140244,0.0005440696409140244,0.0016322089227420733,0.0032644178454842576,0.007616974972796564,0.009793253536452662,0.016322089227421066,0.026115342763873728,0.031556039173014194,0.049510337323177334,0.07671381936887922,0.09847660500544064,0.11915125136017413,0.14363438520130578,0.15179542981501637,0.1545157780195865,0.14145810663764968,0.1207834602829162,0.0952121871599565,0.061479869423286204,0.044613710554951,0.026659412404787863,0.01305767138193692,0.006528835690968404,0.0043525571273123065,0.0010881392818280489,0.0,0.0,0.0,0.0,0.0,0.0,0.0,0.0,0.0,0.0,0.0,0.0,0.0,0.0,0.0,0.0,0.0,0.0,0.0,0.0,0.0,0.0,0.0,0.0,0.0,0.0,0.0,0.0,0.0,0.0,0.0,0.0,0.0,0.0,0.0,0.0,0.0,0.0,0.0,0.0,0.0,0.0,0.0,0.0,0.0,0.0,0.0,0.0,0.0
1.150837988826816,0.0,0.0,0.0,0.0,0.0,0.0,0.0,0.0,0.0,0.0,0.0,0.0,0.0,0.0,0.0,0.0,0.0,0.0,0.0,0.0,0.0,0.0,0.0,0.0,0.0,0.0,0.0,0.0,0.0,0.0,0.0,0.0,0.0,0.0,0.0,0.0,0.0,0.0,0.0,0.0,0.0,0.0,0.0,0.0,9.999999999998899e-05,9.999999999998899e-05,0.00029999999999996696,0.00039999999999995595,0.0004999999999999449,0.0010999999999999899,0.0016000000000000458,0.0027000000000000357,0.0037000000000000366,0.006299999999999972,0.009600000000000053,0.013700000000000045,0.02059999999999995,0.030399999999999983,0.040100000000000025,0.05579999999999996,0.07509999999999994,0.09909999999999997,0.12729999999999997,0.15690000000000004,0.1975,0.24180000000000001,0.2876000000000001,0.3339,0.38759999999999994,0.43779999999999997,0.49019999999999997,0.5388,0.5846,0.6273,0.6674,0.7012,0.7279,0.7512,0.7654,0.7686,0.7672,0.7588,0.7415,0.7141,0.6842,0.6444,0.6043,0.562,0.5121,0.4635,0.41300000000000003,0.36749999999999994,0.32109999999999994,0.27459999999999996,0.235,0.20030000000000003,0.16649999999999998,0.13959999999999995,0.11199999999999999,0.08830000000000005,0.0706,0.053300000000000014,0.041100000000000025,0.03180000000000005,0.021700000000000053,0.015800000000000036,0.009600000000000053,0.007199999999999984,0.0043999999999999595,0.0029000000000000137,0.0016000000000000458,0.0011999999999999789,0.0006000000000000449,0.00039999999999995595,0.0,0.0,0.0,0.0,0.0,0.0,0.0,0.0,0.0,0.0,0.0,0.0,0.0,0.0,0.0,0.0,0.0,0.0,0.0,0.0,0.0,0.0,0.0,0.0,0.0,0.0,0.0,0.0,0.0,0.0,0.0,0.0,0.0,0.0,0.0,0.0,0.0,0.0,0.0,0.0,0.0,0.0,0.0,0.0,0.0,0.0,0.0,0.0,0.0,0.0,0.0,0.0,0.0,0.0,0.0,0.0,0.0,0.0,0.0,0.0,0.0,0.0,0.0,0.0,0.0,0.0,0.0,0.0,0.0,0.0,0.0,0.0,0.0,0.0,0.0,0.0,0.0,0.0,0.0,0.0,0.0,0.0,0.0,0.0,0.0,0.0,0.0,0.0,0.0,0.0,0.0,0.0,0.0,0.0,0.0,0.0,0.0,0.0,0.0,0.0,0.0,0.0,0.0,0.0,0.0,0.0,0.0,0.0,0.0,0.0,0.0,0.0,0.0,0.0,0.0,0.0,0.0,0.0,0.0,0.0,0.0,0.0,0.0,0.0,0.0,0.0,0.0,0.0,0.0,0.0,0.0,0.0005440696409140244,0.0005440696409140244,0.0016322089227420733,0.0032644178454842576,0.007616974972796564,0.009793253536452662,0.016322089227421066,0.026115342763873728,0.031556039173014194,0.049510337323177334,0.07562568008705117,0.0973884657236126,0.11751904243743194,0.14091403699673555,0.14961915125136016,0.1523394994559304,0.13928182807399347,0.1186071817192601,0.09303590859630029,0.05984766050054402,0.04406964091403698,0.02502720348204568,0.01305767138193692,0.006528835690968404,0.0043525571273123065,0.0010881392818280489,0.0,0.0,0.0,0.0,0.0,0.0,0.0,0.0,0.0,0.0,0.0,0.0,0.0,0.0,0.0,0.0,0.0,0.0,0.0,0.0,0.0,0.0,0.0,0.0,0.0,0.0,0.0,0.0,0.0,0.0,0.0,0.0,0.0,0.0,0.0,0.0,0.0,0.0,0.0,0.0,0.0,0.0,0.0,0.0,0.0,0.0,0.0,0.0,0.0
1.1955307262569832,0.0,0.0,0.0,0.0,0.0,0.0,0.0,0.0,0.0,0.0,0.0,0.0,0.0,0.0,0.0,0.0,0.0,0.0,0.0,0.0,0.0,0.0,0.0,0.0,0.0,0.0,0.0,0.0,0.0,0.0,0.0,0.0,0.0,0.0,0.0,0.0,0.0,0.0,0.0,0.0,0.0,0.0,0.0,0.0,9.999999999998899e-05,9.999999999998899e-05,0.00029999999999996696,0.00039999999999995595,0.0004999999999999449,0.0010999999999999899,0.0016000000000000458,0.0026000000000000467,0.0037000000000000366,0.006199999999999983,0.009499999999999953,0.013700000000000045,0.020499999999999963,0.030200000000000005,0.03969999999999996,0.055499999999999994,0.0746,0.09860000000000002,0.12660000000000005,0.15600000000000003,0.19679999999999997,0.24080000000000001,0.28669999999999995,0.3329,0.38660000000000005,0.4366,0.4889,0.538,0.5838,0.6257,0.6658,0.7,0.7265,0.7493,0.7639,0.7672,0.766,0.7568,0.7399,0.7128,0.6825,0.6431,0.6027,0.5606,0.511,0.4627,0.4119999999999999,0.3667,0.32010000000000005,0.2735000000000001,0.23419999999999996,0.19940000000000002,0.16569999999999996,0.13890000000000002,0.11139999999999994,0.08760000000000001,0.06989999999999996,0.053300000000000014,0.04079999999999995,0.03169999999999995,0.021700000000000053,0.015700000000000047,0.009499999999999953,0.007099999999999995,0.0043999999999999595,0.0027000000000000357,0.0014999999999999458,0.0011999999999999789,0.0006000000000000449,0.00039999999999995595,0.0,0.0,0.0,0.0,0.0,0.0,0.0,0.0,0.0,0.0,0.0,0.0,0.0,0.0,0.0,0.0,0.0,0.0,0.0,0.0,0.0,0.0,0.0,0.0,0.0,0.0,0.0,0.0,0.0,0.0,0.0,0.0,0.0,0.0,0.0,0.0,0.0,0.0,0.0,0.0,0.0,0.0,0.0,0.0,0.0,0.0,0.0,0.0,0.0,0.0,0.0,0.0,0.0,0.0,0.0,0.0,0.0,0.0,0.0,0.0,0.0,0.0,0.0,0.0,0.0,0.0,0.0,0.0,0.0,0.0,0.0,0.0,0.0,0.0,0.0,0.0,0.0,0.0,0.0,0.0,0.0,0.0,0.0,0.0,0.0,0.0,0.0,0.0,0.0,0.0,0.0,0.0,0.0,0.0,0.0,0.0,0.0,0.0,0.0,0.0,0.0,0.0,0.0,0.0,0.0,0.0,0.0,0.0,0.0,0.0,0.0,0.0,0.0,0.0,0.0,0.0,0.0,0.0,0.0,0.0,0.0,0.0,0.0,0.0,0.0,0.0,0.0,0.0,0.0,0.0,0.0,0.0005440696409140244,0.0005440696409140244,0.0016322089227420733,0.0032644178454842576,0.007616974972796564,0.009249183895538637,0.016322089227421066,0.026115342763873728,0.031556039173014194,0.04896626768226331,0.07453754080522312,0.09630032644178455,0.11588683351468987,0.1354733405875952,0.1485310119695321,0.15016322089227419,0.13710554951033727,0.11751904243743194,0.09140369967355821,0.05875952121871597,0.04298150163220893,0.02502720348204568,0.01305767138193692,0.006528835690968404,0.0043525571273123065,0.0010881392818280489,0.0,0.0,0.0,0.0,0.0,0.0,0.0,0.0,0.0,0.0,0.0,0.0,0.0,0.0,0.0,0.0,0.0,0.0,0.0,0.0,0.0,0.0,0.0,0.0,0.0,0.0,0.0,0.0,0.0,0.0,0.0,0.0,0.0,0.0,0.0,0.0,0.0,0.0,0.0,0.0,0.0,0.0,0.0,0.0,0.0,0.0,0.0,0.0,0.0
1.2402234636871512,0.0,0.0,0.0,0.0,0.0,0.0,0.0,0.0,0.0,0.0,0.0,0.0,0.0,0.0,0.0,0.0,0.0,0.0,0.0,0.0,0.0,0.0,0.0,0.0,0.0,0.0,0.0,0.0,0.0,0.0,0.0,0.0,0.0,0.0,0.0,0.0,0.0,0.0,0.0,0.0,0.0,0.0,0.0,0.0,9.999999999998899e-05,9.999999999998899e-05,0.00029999999999996696,0.00039999999999995595,0.0004999999999999449,0.0010999999999999899,0.0016000000000000458,0.0026000000000000467,0.0037000000000000366,0.006099999999999994,0.009399999999999964,0.013700000000000045,0.020299999999999985,0.030000000000000027,0.03959999999999997,0.05510000000000004,0.07379999999999998,0.09809999999999997,0.12619999999999998,0.15549999999999997,0.19609999999999994,0.2399,0.2855,0.3320000000000001,0.38450000000000006,0.43520000000000003,0.48730000000000007,0.5369,0.5829,0.6236,0.6651,0.6982,0.7254,0.7476,0.7621,0.7663,0.7644,0.7562,0.7388,0.7115,0.6803,0.6421,0.6008,0.5591,0.5096,0.46110000000000007,0.41070000000000007,0.366,0.3194,0.27269999999999994,0.23309999999999997,0.19889999999999997,0.16490000000000005,0.138,0.1109,0.08750000000000002,0.06979999999999997,0.05289999999999995,0.04079999999999995,0.03169999999999995,0.021599999999999953,0.015599999999999947,0.009499999999999953,0.007000000000000006,0.0043999999999999595,0.0027000000000000357,0.0014999999999999458,0.0011999999999999789,0.0006000000000000449,0.00039999999999995595,0.0,0.0,0.0,0.0,0.0,0.0,0.0,0.0,0.0,0.0,0.0,0.0,0.0,0.0,0.0,0.0,0.0,0.0,0.0,0.0,0.0,0.0,0.0,0.0,0.0,0.0,0.0,0.0,0.0,0.0,0.0,0.0,0.0,0.0,0.0,0.0,0.0,0.0,0.0,0.0,0.0,0.0,0.0,0.0,0.0,0.0,0.0,0.0,0.0,0.0,0.0,0.0,0.0,0.0,0.0,0.0,0.0,0.0,0.0,0.0,0.0,0.0,0.0,0.0,0.0,0.0,0.0,0.0,0.0,0.0,0.0,0.0,0.0,0.0,0.0,0.0,0.0,0.0,0.0,0.0,0.0,0.0,0.0,0.0,0.0,0.0,0.0,0.0,0.0,0.0,0.0,0.0,0.0,0.0,0.0,0.0,0.0,0.0,0.0,0.0,0.0,0.0,0.0,0.0,0.0,0.0,0.0,0.0,0.0,0.0,0.0,0.0,0.0,0.0,0.0,0.0,0.0,0.0,0.0,0.0,0.0,0.0,0.0,0.0,0.0,0.0,0.0,0.0,0.0,0.0,0.0,0.0005440696409140244,0.0005440696409140244,0.0016322089227420733,0.0032644178454842576,0.007616974972796564,0.009249183895538637,0.01577801958650704,0.026115342763873728,0.031556039173014194,0.04896626768226331,0.07290533188248094,0.09575625680087052,0.11479869423286182,0.13384113166485312,0.1479869423286181,0.14744287268770406,0.13492927094668117,0.1164309031556039,0.089227421109902,0.05821545157780195,0.042437431991294905,0.024483133841131655,0.01305767138193692,0.00598476605005438,0.0043525571273123065,0.0010881392818280489,0.0,0.0,0.0,0.0,0.0,0.0,0.0,0.0,0.0,0.0,0.0,0.0,0.0,0.0,0.0,0.0,0.0,0.0,0.0,0.0,0.0,0.0,0.0,0.0,0.0,0.0,0.0,0.0,0.0,0.0,0.0,0.0,0.0,0.0,0.0,0.0,0.0,0.0,0.0,0.0,0.0,0.0,0.0,0.0,0.0,0.0,0.0,0.0,0.0
1.2849162011173183,0.0,0.0,0.0,0.0,0.0,0.0,0.0,0.0,0.0,0.0,0.0,0.0,0.0,0.0,0.0,0.0,0.0,0.0,0.0,0.0,0.0,0.0,0.0,0.0,0.0,0.0,0.0,0.0,0.0,0.0,0.0,0.0,0.0,0.0,0.0,0.0,0.0,0.0,0.0,0.0,0.0,0.0,0.0,0.0,9.999999999998899e-05,9.999999999998899e-05,0.00029999999999996696,0.00039999999999995595,0.0004999999999999449,0.0010000000000000009,0.0016000000000000458,0.0026000000000000467,0.0037000000000000366,0.006000000000000005,0.009399999999999964,0.013700000000000045,0.020199999999999996,0.02969999999999995,0.03949999999999998,0.05489999999999995,0.07330000000000003,0.09729999999999994,0.12559999999999993,0.15490000000000004,0.19500000000000006,0.2389,0.28469999999999995,0.33099999999999996,0.3833,0.4344,0.48629999999999995,0.5359,0.5819,0.6215,0.6637,0.6968,0.7242,0.7466,0.7606,0.7646,0.763,0.7538,0.7371,0.7105,0.6792,0.641,0.5993,0.5581,0.5085,0.4605,0.40969999999999995,0.3642000000000001,0.3183,0.2721,0.23239999999999994,0.1985,0.1644,0.13790000000000002,0.11050000000000004,0.08719999999999994,0.0695,0.05249999999999999,0.04049999999999998,0.03149999999999997,0.021399999999999975,0.015599999999999947,0.009299999999999975,0.006900000000000017,0.0043999999999999595,0.0027000000000000357,0.0014999999999999458,0.0011999999999999789,0.0006000000000000449,0.00039999999999995595,0.0,0.0,0.0,0.0,0.0,0.0,0.0,0.0,0.0,0.0,0.0,0.0,0.0,0.0,0.0,0.0,0.0,0.0,0.0,0.0,0.0,0.0,0.0,0.0,0.0,0.0,0.0,0.0,0.0,0.0,0.0,0.0,0.0,0.0,0.0,0.0,0.0,0.0,0.0,0.0,0.0,0.0,0.0,0.0,0.0,0.0,0.0,0.0,0.0,0.0,0.0,0.0,0.0,0.0,0.0,0.0,0.0,0.0,0.0,0.0,0.0,0.0,0.0,0.0,0.0,0.0,0.0,0.0,0.0,0.0,0.0,0.0,0.0,0.0,0.0,0.0,0.0,0.0,0.0,0.0,0.0,0.0,0.0,0.0,0.0,0.0,0.0,0.0,0.0,0.0,0.0,0.0,0.0,0.0,0.0,0.0,0.0,0.0,0.0,0.0,0.0,0.0,0.0,0.0,0.0,0.0,0.0,0.0,0.0,0.0,0.0,0.0,0.0,0.0,0.0,0.0,0.0,0.0,0.0,0.0,0.0,0.0,0.0,0.0,0.0,0.0,0.0,0.0,0.0,0.0,0.0,0.0005440696409140244,0.0005440696409140244,0.0016322089227420733,0.0032644178454842576,0.007072905331882429,0.008705114254624613,0.01577801958650704,0.025571273122959703,0.03101196953210006,0.04896626768226331,0.07236126224156691,0.09466811751904247,0.11207834602829159,0.13220892274211105,0.1441784548422198,0.1441784548422198,0.13438520130576714,0.11588683351468987,0.08868335146898798,0.0571273122959739,0.042437431991294905,0.024483133841131655,0.01305767138193692,0.00598476605005438,0.0043525571273123065,0.0010881392818280489,0.0,0.0,0.0,0.0,0.0,0.0,0.0,0.0,0.0,0.0,0.0,0.0,0.0,0.0,0.0,0.0,0.0,0.0,0.0,0.0,0.0,0.0,0.0,0.0,0.0,0.0,0.0,0.0,0.0,0.0,0.0,0.0,0.0,0.0,0.0,0.0,0.0,0.0,0.0,0.0,0.0,0.0,0.0,0.0,0.0,0.0,0.0,0.0,0.0
1.3296089385474863,0.0,0.0,0.0,0.0,0.0,0.0,0.0,0.0,0.0,0.0,0.0,0.0,0.0,0.0,0.0,0.0,0.0,0.0,0.0,0.0,0.0,0.0,0.0,0.0,0.0,0.0,0.0,0.0,0.0,0.0,0.0,0.0,0.0,0.0,0.0,0.0,0.0,0.0,0.0,0.0,0.0,0.0,0.0,0.0,9.999999999998899e-05,9.999999999998899e-05,0.00029999999999996696,0.00039999999999995595,0.0004999999999999449,0.0010000000000000009,0.0016000000000000458,0.0026000000000000467,0.0037000000000000366,0.006000000000000005,0.009399999999999964,0.013700000000000045,0.020000000000000018,0.02939999999999998,0.0393,0.05489999999999995,0.07279999999999998,0.09719999999999995,0.12519999999999998,0.15480000000000005,0.19420000000000004,0.238,0.2842,0.33000000000000007,0.38260000000000005,0.4333,0.4847,0.5351,0.5809,0.6207,0.662,0.695,0.7231,0.7452,0.7597,0.7631,0.7619,0.7523,0.7352,0.7097,0.6778,0.6396,0.5978,0.5572,0.5067,0.4595,0.4081,0.36329999999999996,0.3177,0.2711,0.23199999999999998,0.1977,0.16379999999999995,0.1372,0.11029999999999995,0.08699999999999997,0.06909999999999994,0.052200000000000024,0.04039999999999999,0.031299999999999994,0.021399999999999975,0.015499999999999958,0.009299999999999975,0.006900000000000017,0.0043999999999999595,0.0027000000000000357,0.0014999999999999458,0.0011999999999999789,0.0006000000000000449,0.00039999999999995595,0.0,0.0,0.0,0.0,0.0,0.0,0.0,0.0,0.0,0.0,0.0,0.0,0.0,0.0,0.0,0.0,0.0,0.0,0.0,0.0,0.0,0.0,0.0,0.0,0.0,0.0,0.0,0.0,0.0,0.0,0.0,0.0,0.0,0.0,0.0,0.0,0.0,0.0,0.0,0.0,0.0,0.0,0.0,0.0,0.0,0.0,0.0,0.0,0.0,0.0,0.0,0.0,0.0,0.0,0.0,0.0,0.0,0.0,0.0,0.0,0.0,0.0,0.0,0.0,0.0,0.0,0.0,0.0,0.0,0.0,0.0,0.0,0.0,0.0,0.0,0.0,0.0,0.0,0.0,0.0,0.0,0.0,0.0,0.0,0.0,0.0,0.0,0.0,0.0,0.0,0.0,0.0,0.0,0.0,0.0,0.0,0.0,0.0,0.0,0.0,0.0,0.0,0.0,0.0,0.0,0.0,0.0,0.0,0.0,0.0,0.0,0.0,0.0,0.0,0.0,0.0,0.0,0.0,0.0,0.0,0.0,0.0,0.0,0.0,0.0,0.0,0.0,0.0,0.0,0.0,0.0,0.0005440696409140244,0.0005440696409140244,0.0016322089227420733,0.0032644178454842576,0.007072905331882429,0.008705114254624613,0.01577801958650704,0.025571273122959703,0.03101196953210006,0.048422198041349285,0.07181719260065289,0.09466811751904247,0.11044613710554951,0.12840043525571276,0.14254624591947773,0.14145810663764968,0.13384113166485312,0.1142546245919478,0.08650707290533188,0.0571273122959739,0.041349292709466856,0.024483133841131655,0.012513601741022895,0.00598476605005438,0.003808487486398282,0.0010881392818280489,0.0,0.0,0.0,0.0,0.0,0.0,0.0,0.0,0.0,0.0,0.0,0.0,0.0,0.0,0.0,0.0,0.0,0.0,0.0,0.0,0.0,0.0,0.0,0.0,0.0,0.0,0.0,0.0,0.0,0.0,0.0,0.0,0.0,0.0,0.0,0.0,0.0,0.0,0.0,0.0,0.0,0.0,0.0,0.0,0.0,0.0,0.0,0.0,0.0
1.3743016759776543,0.0,0.0,0.0,0.0,0.0,0.0,0.0,0.0,0.0,0.0,0.0,0.0,0.0,0.0,0.0,0.0,0.0,0.0,0.0,0.0,0.0,0.0,0.0,0.0,0.0,0.0,0.0,0.0,0.0,0.0,0.0,0.0,0.0,0.0,0.0,0.0,0.0,0.0,0.0,0.0,0.0,0.0,0.0,0.0,9.999999999998899e-05,9.999999999998899e-05,0.00029999999999996696,0.00039999999999995595,0.0004999999999999449,0.0010000000000000009,0.0016000000000000458,0.0026000000000000467,0.0037000000000000366,0.005900000000000016,0.009299999999999975,0.013700000000000045,0.01990000000000003,0.029200000000000004,0.038799999999999946,0.05489999999999995,0.0726,0.09650000000000003,0.12519999999999998,0.15449999999999997,0.19300000000000006,0.23730000000000007,0.2833,0.32919999999999994,0.38169999999999993,0.43189999999999995,0.48350000000000004,0.5344,0.5798,0.6194,0.6609,0.694,0.7219,0.7436,0.7579,0.7621,0.7608,0.7507,0.7342,0.7083,0.6766,0.6381,0.5963,0.556,0.5058,0.4587,0.40779999999999994,0.3629,0.3165,0.27059999999999995,0.23119999999999996,0.19710000000000005,0.16359999999999997,0.13660000000000005,0.10999999999999999,0.08660000000000001,0.06909999999999994,0.052100000000000035,0.040000000000000036,0.031299999999999994,0.021100000000000008,0.015199999999999991,0.009299999999999975,0.006800000000000028,0.0043999999999999595,0.0026000000000000467,0.0014999999999999458,0.0011999999999999789,0.0006000000000000449,0.00039999999999995595,0.0,0.0,0.0,0.0,0.0,0.0,0.0,0.0,0.0,0.0,0.0,0.0,0.0,0.0,0.0,0.0,0.0,0.0,0.0,0.0,0.0,0.0,0.0,0.0,0.0,0.0,0.0,0.0,0.0,0.0,0.0,0.0,0.0,0.0,0.0,0.0,0.0,0.0,0.0,0.0,0.0,0.0,0.0,0.0,0.0,0.0,0.0,0.0,0.0,0.0,0.0,0.0,0.0,0.0,0.0,0.0,0.0,0.0,0.0,0.0,0.0,0.0,0.0,0.0,0.0,0.0,0.0,0.0,0.0,0.0,0.0,0.0,0.0,0.0,0.0,0.0,0.0,0.0,0.0,0.0,0.0,0.0,0.0,0.0,0.0,0.0,0.0,0.0,0.0,0.0,0.0,0.0,0.0,0.0,0.0,0.0,0.0,0.0,0.0,0.0,0.0,0.0,0.0,0.0,0.0,0.0,0.0,0.0,0.0,0.0,0.0,0.0,0.0,0.0,0.0,0.0,0.0,0.0,0.0,0.0,0.0,0.0,0.0,0.0,0.0,0.0,0.0,0.0,0.0,0.0,0.0,0.0005440696409140244,0.0005440696409140244,0.0016322089227420733,0.0032644178454842576,0.007072905331882429,0.008705114254624613,0.015233949945593017,0.02502720348204568,0.03101196953210006,0.04678998911860721,0.07181719260065289,0.09357997823721442,0.1082698585418933,0.12568008705114253,0.14091403699673555,0.13928182807399347,0.13220892274211105,0.11316648531011975,0.08487486398258981,0.05603917301414585,0.04080522306855272,0.024483133841131655,0.01196953210010876,0.00598476605005438,0.003808487486398282,0.0010881392818280489,0.0,0.0,0.0,0.0,0.0,0.0,0.0,0.0,0.0,0.0,0.0,0.0,0.0,0.0,0.0,0.0,0.0,0.0,0.0,0.0,0.0,0.0,0.0,0.0,0.0,0.0,0.0,0.0,0.0,0.0,0.0,0.0,0.0,0.0,0.0,0.0,0.0,0.0,0.0,0.0,0.0,0.0,0.0,0.0,0.0,0.0,0.0,0.0,0.0
1.4189944134078214,0.0,0.0,0.0,0.0,0.0,0.0,0.0,0.0,0.0,0.0,0.0,0.0,0.0,0.0,0.0,0.0,0.0,0.0,0.0,0.0,0.0,0.0,0.0,0.0,0.0,0.0,0.0,0.0,0.0,0.0,0.0,0.0,0.0,0.0,0.0,0.0,0.0,0.0,0.0,0.0,0.0,0.0,0.0,0.0,9.999999999998899e-05,9.999999999998899e-05,0.00029999999999996696,0.00039999999999995595,0.0004999999999999449,0.0010000000000000009,0.0016000000000000458,0.0026000000000000467,0.0036000000000000476,0.005700000000000038,0.009299999999999975,0.013700000000000045,0.01980000000000004,0.029000000000000026,0.03869999999999996,0.05489999999999995,0.07210000000000005,0.09609999999999996,0.12480000000000002,0.1543,0.19220000000000004,0.23660000000000003,0.2823,0.3284,0.381,0.43100000000000005,0.4829,0.5335,0.579,0.6184,0.6599,0.6922,0.7208,0.7427,0.7576,0.7608,0.759,0.7496,0.7328,0.7072,0.6751,0.6369,0.5949,0.5546,0.5041,0.4576,0.4066000000000001,0.3621,0.31509999999999994,0.2702,0.23060000000000003,0.19679999999999997,0.1632,0.136,0.10970000000000002,0.08609999999999995,0.06899999999999995,0.052100000000000035,0.040000000000000036,0.031000000000000028,0.021100000000000008,0.015100000000000002,0.009000000000000008,0.006800000000000028,0.0043999999999999595,0.0024999999999999467,0.0014999999999999458,0.0011999999999999789,0.0006000000000000449,0.00039999999999995595,0.0,0.0,0.0,0.0,0.0,0.0,0.0,0.0,0.0,0.0,0.0,0.0,0.0,0.0,0.0,0.0,0.0,0.0,0.0,0.0,0.0,0.0,0.0,0.0,0.0,0.0,0.0,0.0,0.0,0.0,0.0,0.0,0.0,0.0,0.0,0.0,0.0,0.0,0.0,0.0,0.0,0.0,0.0,0.0,0.0,0.0,0.0,0.0,0.0,0.0,0.0,0.0,0.0,0.0,0.0,0.0,0.0,0.0,0.0,0.0,0.0,0.0,0.0,0.0,0.0,0.0,0.0,0.0,0.0,0.0,0.0,0.0,0.0,0.0,0.0,0.0,0.0,0.0,0.0,0.0,0.0,0.0,0.0,0.0,0.0,0.0,0.0,0.0,0.0,0.0,0.0,0.0,0.0,0.0,0.0,0.0,0.0,0.0,0.0,0.0,0.0,0.0,0.0,0.0,0.0,0.0,0.0,0.0,0.0,0.0,0.0,0.0,0.0,0.0,0.0,0.0,0.0,0.0,0.0,0.0,0.0,0.0,0.0,0.0,0.0,0.0,0.0,0.0,0.0,0.0,0.0,0.0005440696409140244,0.0005440696409140244,0.0016322089227420733,0.0032644178454842576,0.007072905331882429,0.008705114254624613,0.015233949945593017,0.02502720348204568,0.03101196953210006,0.04570184983677916,0.07127312295973887,0.09303590859630029,0.10772578890097928,0.1251360174102285,0.1398258977149075,0.13819368879216543,0.13057671381936886,0.11153427638737756,0.08433079434167579,0.05495103373231769,0.04080522306855272,0.023394994559303606,0.01196953210010876,0.00598476605005438,0.0032644178454842576,0.0010881392818280489,0.0,0.0,0.0,0.0,0.0,0.0,0.0,0.0,0.0,0.0,0.0,0.0,0.0,0.0,0.0,0.0,0.0,0.0,0.0,0.0,0.0,0.0,0.0,0.0,0.0,0.0,0.0,0.0,0.0,0.0,0.0,0.0,0.0,0.0,0.0,0.0,0.0,0.0,0.0,0.0,0.0,0.0,0.0,0.0,0.0,0.0,0.0,0.0,0.0
1.4636871508379894,0.0,0.0,0.0,0.0,0.0,0.0,0.0,0.0,0.0,0.0,0.0,0.0,0.0,0.0,0.0,0.0,0.0,0.0,0.0,0.0,0.0,0.0,0.0,0.0,0.0,0.0,0.0,0.0,0.0,0.0,0.0,0.0,0.0,0.0,0.0,0.0,0.0,0.0,0.0,0.0,0.0,0.0,0.0,0.0,9.999999999998899e-05,9.999999999998899e-05,0.00029999999999996696,0.00039999999999995595,0.0004999999999999449,0.0010000000000000009,0.0014999999999999458,0.0026000000000000467,0.0036000000000000476,0.005600000000000049,0.009299999999999975,0.013499999999999956,0.01970000000000005,0.028900000000000037,0.03859999999999997,0.05479999999999996,0.07189999999999996,0.09550000000000003,0.12429999999999997,0.15379999999999994,0.19130000000000003,0.23609999999999998,0.2816000000000001,0.3275,0.3796999999999999,0.4302,0.4817,0.5319,0.5779,0.6181,0.659,0.6907,0.72,0.7418,0.7563,0.7596,0.7581,0.7486,0.7318,0.706,0.6736,0.6365,0.5935,0.5534,0.5029,0.4568,0.4062,0.36119999999999997,0.3145,0.26970000000000005,0.22999999999999998,0.19609999999999994,0.16280000000000006,0.13539999999999996,0.10970000000000002,0.08589999999999998,0.06869999999999998,0.052000000000000046,0.03969999999999996,0.03080000000000005,0.02100000000000002,0.014900000000000024,0.009000000000000008,0.006800000000000028,0.0043999999999999595,0.0024999999999999467,0.0014999999999999458,0.0011999999999999789,0.0006000000000000449,0.00039999999999995595,0.0,0.0,0.0,0.0,0.0,0.0,0.0,0.0,0.0,0.0,0.0,0.0,0.0,0.0,0.0,0.0,0.0,0.0,0.0,0.0,0.0,0.0,0.0,0.0,0.0,0.0,0.0,0.0,0.0,0.0,0.0,0.0,0.0,0.0,0.0,0.0,0.0,0.0,0.0,0.0,0.0,0.0,0.0,0.0,0.0,0.0,0.0,0.0,0.0,0.0,0.0,0.0,0.0,0.0,0.0,0.0,0.0,0.0,0.0,0.0,0.0,0.0,0.0,0.0,0.0,0.0,0.0,0.0,0.0,0.0,0.0,0.0,0.0,0.0,0.0,0.0,0.0,0.0,0.0,0.0,0.0,0.0,0.0,0.0,0.0,0.0,0.0,0.0,0.0,0.0,0.0,0.0,0.0,0.0,0.0,0.0,0.0,0.0,0.0,0.0,0.0,0.0,0.0,0.0,0.0,0.0,0.0,0.0,0.0,0.0,0.0,0.0,0.0,0.0,0.0,0.0,0.0,0.0,0.0,0.0,0.0,0.0,0.0,0.0,0.0,0.0,0.0,0.0,0.0,0.0,0.0,0.0005440696409140244,0.0005440696409140244,0.0016322089227420733,0.0032644178454842576,0.007072905331882429,0.008705114254624613,0.015233949945593017,0.024483133841131655,0.03101196953210006,0.044613710554951,0.07018498367791082,0.09249183895538626,0.10718171926006526,0.12404787812840046,0.13873775843307945,0.13656147986942324,0.12785636561479863,0.1082698585418933,0.08161044613710555,0.054406964091403665,0.04080522306855272,0.02285092491838958,0.01196953210010876,0.00598476605005438,0.0032644178454842576,0.0010881392818280489,0.0,0.0,0.0,0.0,0.0,0.0,0.0,0.0,0.0,0.0,0.0,0.0,0.0,0.0,0.0,0.0,0.0,0.0,0.0,0.0,0.0,0.0,0.0,0.0,0.0,0.0,0.0,0.0,0.0,0.0,0.0,0.0,0.0,0.0,0.0,0.0,0.0,0.0,0.0,0.0,0.0,0.0,0.0,0.0,0.0,0.0,0.0,0.0,0.0
1.5083798882681565,0.0,0.0,0.0,0.0,0.0,0.0,0.0,0.0,0.0,0.0,0.0,0.0,0.0,0.0,0.0,0.0,0.0,0.0,0.0,0.0,0.0,0.0,0.0,0.0,0.0,0.0,0.0,0.0,0.0,0.0,0.0,0.0,0.0,0.0,0.0,0.0,0.0,0.0,0.0,0.0,0.0,0.0,0.0,0.0,9.999999999998899e-05,9.999999999998899e-05,0.00029999999999996696,0.00039999999999995595,0.0004999999999999449,0.0010000000000000009,0.0014999999999999458,0.0026000000000000467,0.0036000000000000476,0.005600000000000049,0.009299999999999975,0.013399999999999967,0.01959999999999995,0.028699999999999948,0.0383,0.05459999999999998,0.07189999999999996,0.09499999999999997,0.12390000000000001,0.15359999999999996,0.19089999999999996,0.23519999999999996,0.28059999999999996,0.3266,0.3788,0.42989999999999995,0.481,0.5309,0.5767,0.617,0.6574,0.69,0.7186,0.7408,0.7556,0.7585,0.757,0.7476,0.7311,0.7045,0.6726,0.6355,0.5923,0.5528,0.502,0.45599999999999996,0.4052,0.36030000000000006,0.3137,0.26869999999999994,0.22950000000000004,0.19579999999999997,0.16259999999999997,0.135,0.10870000000000002,0.08540000000000003,0.06800000000000006,0.05190000000000006,0.03939999999999999,0.03069999999999995,0.02090000000000003,0.014800000000000035,0.008900000000000019,0.006700000000000039,0.0043999999999999595,0.0024999999999999467,0.0014999999999999458,0.0011999999999999789,0.0006000000000000449,0.00039999999999995595,0.0,0.0,0.0,0.0,0.0,0.0,0.0,0.0,0.0,0.0,0.0,0.0,0.0,0.0,0.0,0.0,0.0,0.0,0.0,0.0,0.0,0.0,0.0,0.0,0.0,0.0,0.0,0.0,0.0,0.0,0.0,0.0,0.0,0.0,0.0,0.0,0.0,0.0,0.0,0.0,0.0,0.0,0.0,0.0,0.0,0.0,0.0,0.0,0.0,0.0,0.0,0.0,0.0,0.0,0.0,0.0,0.0,0.0,0.0,0.0,0.0,0.0,0.0,0.0,0.0,0.0,0.0,0.0,0.0,0.0,0.0,0.0,0.0,0.0,0.0,0.0,0.0,0.0,0.0,0.0,0.0,0.0,0.0,0.0,0.0,0.0,0.0,0.0,0.0,0.0,0.0,0.0,0.0,0.0,0.0,0.0,0.0,0.0,0.0,0.0,0.0,0.0,0.0,0.0,0.0,0.0,0.0,0.0,0.0,0.0,0.0,0.0,0.0,0.0,0.0,0.0,0.0,0.0,0.0,0.0,0.0,0.0,0.0,0.0,0.0,0.0,0.0,0.0,0.0,0.0,0.0,0.0005440696409140244,0.0005440696409140244,0.0016322089227420733,0.0032644178454842576,0.007072905331882429,0.008705114254624613,0.015233949945593017,0.024483133841131655,0.030467899891186034,0.043525571273122954,0.06964091403699668,0.09194776931447224,0.10663764961915123,0.12350380848748643,0.13656147986942324,0.13601741022850922,0.12568008705114253,0.1082698585418933,0.08161044613710555,0.05386289445048964,0.03917301414581065,0.022306855277475557,0.01196953210010876,0.00598476605005438,0.0032644178454842576,0.0010881392818280489,0.0,0.0,0.0,0.0,0.0,0.0,0.0,0.0,0.0,0.0,0.0,0.0,0.0,0.0,0.0,0.0,0.0,0.0,0.0,0.0,0.0,0.0,0.0,0.0,0.0,0.0,0.0,0.0,0.0,0.0,0.0,0.0,0.0,0.0,0.0,0.0,0.0,0.0,0.0,0.0,0.0,0.0,0.0,0.0,0.0,0.0,0.0,0.0,0.0
1.5530726256983245,0.0,0.0,0.0,0.0,0.0,0.0,0.0,0.0,0.0,0.0,0.0,0.0,0.0,0.0,0.0,0.0,0.0,0.0,0.0,0.0,0.0,0.0,0.0,0.0,0.0,0.0,0.0,0.0,0.0,0.0,0.0,0.0,0.0,0.0,0.0,0.0,0.0,0.0,0.0,0.0,0.0,0.0,0.0,0.0,9.999999999998899e-05,9.999999999998899e-05,0.00029999999999996696,0.00039999999999995595,0.0004999999999999449,0.0010000000000000009,0.0014999999999999458,0.0026000000000000467,0.0036000000000000476,0.005499999999999949,0.009199999999999986,0.013299999999999979,0.01959999999999995,0.02859999999999996,0.03820000000000001,0.054300000000000015,0.07169999999999999,0.09450000000000003,0.12360000000000004,0.15339999999999998,0.18989999999999996,0.23449999999999993,0.27970000000000006,0.3258,0.3783000000000001,0.42900000000000005,0.4808,0.5299,0.5759,0.6161,0.6564,0.6892,0.718,0.7397,0.7542,0.7576,0.7556,0.7467,0.7301,0.7038,0.6719,0.6347,0.5907,0.552,0.5008,0.45500000000000007,0.4043,0.3599,0.31309999999999993,0.268,0.22899999999999998,0.19569999999999999,0.1624,0.13470000000000004,0.10860000000000003,0.08499999999999996,0.06779999999999997,0.05149999999999999,0.0393,0.03059999999999996,0.02070000000000005,0.014800000000000035,0.008900000000000019,0.006700000000000039,0.0043999999999999595,0.0024999999999999467,0.0014999999999999458,0.0011999999999999789,0.0006000000000000449,0.00039999999999995595,0.0,0.0,0.0,0.0,0.0,0.0,0.0,0.0,0.0,0.0,0.0,0.0,0.0,0.0,0.0,0.0,0.0,0.0,0.0,0.0,0.0,0.0,0.0,0.0,0.0,0.0,0.0,0.0,0.0,0.0,0.0,0.0,0.0,0.0,0.0,0.0,0.0,0.0,0.0,0.0,0.0,0.0,0.0,0.0,0.0,0.0,0.0,0.0,0.0,0.0,0.0,0.0,0.0,0.0,0.0,0.0,0.0,0.0,0.0,0.0,0.0,0.0,0.0,0.0,0.0,0.0,0.0,0.0,0.0,0.0,0.0,0.0,0.0,0.0,0.0,0.0,0.0,0.0,0.0,0.0,0.0,0.0,0.0,0.0,0.0,0.0,0.0,0.0,0.0,0.0,0.0,0.0,0.0,0.0,0.0,0.0,0.0,0.0,0.0,0.0,0.0,0.0,0.0,0.0,0.0,0.0,0.0,0.0,0.0,0.0,0.0,0.0,0.0,0.0,0.0,0.0,0.0,0.0,0.0,0.0,0.0,0.0,0.0,0.0,0.0,0.0,0.0,0.0,0.0,0.0,0.0,0.0005440696409140244,0.0005440696409140244,0.0016322089227420733,0.0032644178454842576,0.006528835690968404,0.008705114254624613,0.015233949945593017,0.023394994559303606,0.030467899891186034,0.04298150163220893,0.06855277475516863,0.09140369967355821,0.1060935799782372,0.12295973884657241,0.13656147986942324,0.13601741022850922,0.12404787812840046,0.10718171926006526,0.08106637649619153,0.05277475516866159,0.03862894450489662,0.022306855277475557,0.01088139281828071,0.00598476605005438,0.0032644178454842576,0.0010881392818280489,0.0,0.0,0.0,0.0,0.0,0.0,0.0,0.0,0.0,0.0,0.0,0.0,0.0,0.0,0.0,0.0,0.0,0.0,0.0,0.0,0.0,0.0,0.0,0.0,0.0,0.0,0.0,0.0,0.0,0.0,0.0,0.0,0.0,0.0,0.0,0.0,0.0,0.0,0.0,0.0,0.0,0.0,0.0,0.0,0.0,0.0,0.0,0.0,0.0
1.5977653631284916,0.0,0.0,0.0,0.0,0.0,0.0,0.0,0.0,0.0,0.0,0.0,0.0,0.0,0.0,0.0,0.0,0.0,0.0,0.0,0.0,0.0,0.0,0.0,0.0,0.0,0.0,0.0,0.0,0.0,0.0,0.0,0.0,0.0,0.0,0.0,0.0,0.0,0.0,0.0,0.0,0.0,0.0,0.0,0.0,9.999999999998899e-05,9.999999999998899e-05,0.00029999999999996696,0.00039999999999995595,0.0004999999999999449,0.0010000000000000009,0.0014999999999999458,0.0026000000000000467,0.0036000000000000476,0.005499999999999949,0.009099999999999997,0.013299999999999979,0.019499999999999962,0.02849999999999997,0.03810000000000002,0.054200000000000026,0.07169999999999999,0.09450000000000003,0.12329999999999997,0.1533,0.18920000000000003,0.2339,0.2791,0.32489999999999997,0.37749999999999995,0.4280999999999999,0.48019999999999996,0.5291,0.5753,0.6157,0.6555,0.6882,0.7171,0.7389,0.7532,0.7566,0.7549,0.7462,0.7291,0.7032,0.671,0.634,0.5902,0.551,0.5,0.45389999999999997,0.40349999999999997,0.35929999999999995,0.31210000000000004,0.26780000000000004,0.22850000000000004,0.19510000000000005,0.1623,0.1341,0.10819999999999996,0.08489999999999998,0.0676,0.05149999999999999,0.039100000000000024,0.03059999999999996,0.02070000000000005,0.014800000000000035,0.008900000000000019,0.006700000000000039,0.0043999999999999595,0.0024999999999999467,0.0014999999999999458,0.0011999999999999789,0.0006000000000000449,0.00039999999999995595,0.0,0.0,0.0,0.0,0.0,0.0,0.0,0.0,0.0,0.0,0.0,0.0,0.0,0.0,0.0,0.0,0.0,0.0,0.0,0.0,0.0,0.0,0.0,0.0,0.0,0.0,0.0,0.0,0.0,0.0,0.0,0.0,0.0,0.0,0.0,0.0,0.0,0.0,0.0,0.0,0.0,0.0,0.0,0.0,0.0,0.0,0.0,0.0,0.0,0.0,0.0,0.0,0.0,0.0,0.0,0.0,0.0,0.0,0.0,0.0,0.0,0.0,0.0,0.0,0.0,0.0,0.0,0.0,0.0,0.0,0.0,0.0,0.0,0.0,0.0,0.0,0.0,0.0,0.0,0.0,0.0,0.0,0.0,0.0,0.0,0.0,0.0,0.0,0.0,0.0,0.0,0.0,0.0,0.0,0.0,0.0,0.0,0.0,0.0,0.0,0.0,0.0,0.0,0.0,0.0,0.0,0.0,0.0,0.0,0.0,0.0,0.0,0.0,0.0,0.0,0.0,0.0,0.0,0.0,0.0,0.0,0.0,0.0,0.0,0.0,0.0,0.0,0.0,0.0,0.0,0.0,0.0005440696409140244,0.0005440696409140244,0.0016322089227420733,0.0032644178454842576,0.006528835690968404,0.008705114254624613,0.015233949945593017,0.023394994559303606,0.030467899891186034,0.04298150163220893,0.06692056583242656,0.09140369967355821,0.10391730141458111,0.12187159956474425,0.1332970620239391,0.1354733405875952,0.12241566920565838,0.10718171926006526,0.07997823721436348,0.05277475516866159,0.03862894450489662,0.022306855277475557,0.01088139281828071,0.00598476605005438,0.0032644178454842576,0.0010881392818280489,0.0,0.0,0.0,0.0,0.0,0.0,0.0,0.0,0.0,0.0,0.0,0.0,0.0,0.0,0.0,0.0,0.0,0.0,0.0,0.0,0.0,0.0,0.0,0.0,0.0,0.0,0.0,0.0,0.0,0.0,0.0,0.0,0.0,0.0,0.0,0.0,0.0,0.0,0.0,0.0,0.0,0.0,0.0,0.0,0.0,0.0,0.0,0.0,0.0
1.6424581005586596,0.0,0.0,0.0,0.0,0.0,0.0,0.0,0.0,0.0,0.0,0.0,0.0,0.0,0.0,0.0,0.0,0.0,0.0,0.0,0.0,0.0,0.0,0.0,0.0,0.0,0.0,0.0,0.0,0.0,0.0,0.0,0.0,0.0,0.0,0.0,0.0,0.0,0.0,0.0,0.0,0.0,0.0,0.0,0.0,9.999999999998899e-05,9.999999999998899e-05,0.00029999999999996696,0.00039999999999995595,0.0004999999999999449,0.0009000000000000119,0.0014999999999999458,0.0026000000000000467,0.0036000000000000476,0.005499999999999949,0.009099999999999997,0.013299999999999979,0.019100000000000006,0.02849999999999997,0.038000000000000034,0.05390000000000006,0.07130000000000003,0.09420000000000006,0.123,0.15249999999999997,0.18869999999999998,0.23319999999999996,0.27859999999999996,0.3246,0.37670000000000003,0.4274,0.47920000000000007,0.5283,0.5743,0.6149,0.6549,0.6875,0.7157,0.738,0.7523,0.7562,0.7535,0.7458,0.728,0.7024,0.6704,0.6332,0.59,0.5502,0.4998,0.45310000000000006,0.4031,0.35850000000000004,0.3117,0.26750000000000007,0.22799999999999998,0.1946,0.16189999999999993,0.134,0.1079,0.08450000000000002,0.0676,0.05149999999999999,0.039000000000000035,0.030399999999999983,0.02070000000000005,0.014800000000000035,0.008900000000000019,0.006700000000000039,0.0043999999999999595,0.0024999999999999467,0.0014999999999999458,0.0011999999999999789,0.0006000000000000449,0.00039999999999995595,0.0,0.0,0.0,0.0,0.0,0.0,0.0,0.0,0.0,0.0,0.0,0.0,0.0,0.0,0.0,0.0,0.0,0.0,0.0,0.0,0.0,0.0,0.0,0.0,0.0,0.0,0.0,0.0,0.0,0.0,0.0,0.0,0.0,0.0,0.0,0.0,0.0,0.0,0.0,0.0,0.0,0.0,0.0,0.0,0.0,0.0,0.0,0.0,0.0,0.0,0.0,0.0,0.0,0.0,0.0,0.0,0.0,0.0,0.0,0.0,0.0,0.0,0.0,0.0,0.0,0.0,0.0,0.0,0.0,0.0,0.0,0.0,0.0,0.0,0.0,0.0,0.0,0.0,0.0,0.0,0.0,0.0,0.0,0.0,0.0,0.0,0.0,0.0,0.0,0.0,0.0,0.0,0.0,0.0,0.0,0.0,0.0,0.0,0.0,0.0,0.0,0.0,0.0,0.0,0.0,0.0,0.0,0.0,0.0,0.0,0.0,0.0,0.0,0.0,0.0,0.0,0.0,0.0,0.0,0.0,0.0,0.0,0.0,0.0,0.0,0.0,0.0,0.0,0.0,0.0,0.0,0.0005440696409140244,0.0005440696409140244,0.0016322089227420733,0.0032644178454842576,0.00598476605005438,0.008705114254624613,0.015233949945593017,0.02285092491838958,0.030467899891186034,0.042437431991294905,0.06692056583242656,0.09085963003264419,0.10337323177366708,0.1207834602829162,0.13275299238302507,0.13492927094668117,0.12187159956474425,0.1060935799782372,0.07943416757344934,0.05277475516866159,0.03862894450489662,0.022306855277475557,0.01088139281828071,0.00598476605005438,0.0032644178454842576,0.0010881392818280489,0.0,0.0,0.0,0.0,0.0,0.0,0.0,0.0,0.0,0.0,0.0,0.0,0.0,0.0,0.0,0.0,0.0,0.0,0.0,0.0,0.0,0.0,0.0,0.0,0.0,0.0,0.0,0.0,0.0,0.0,0.0,0.0,0.0,0.0,0.0,0.0,0.0,0.0,0.0,0.0,0.0,0.0,0.0,0.0,0.0,0.0,0.0,0.0,0.0
1.6871508379888267,0.0,0.0,0.0,0.0,0.0,0.0,0.0,0.0,0.0,0.0,0.0,0.0,0.0,0.0,0.0,0.0,0.0,0.0,0.0,0.0,0.0,0.0,0.0,0.0,0.0,0.0,0.0,0.0,0.0,0.0,0.0,0.0,0.0,0.0,0.0,0.0,0.0,0.0,0.0,0.0,0.0,0.0,0.0,0.0,9.999999999998899e-05,9.999999999998899e-05,0.00019999999999997797,0.00039999999999995595,0.0004999999999999449,0.0009000000000000119,0.0014999999999999458,0.0026000000000000467,0.0036000000000000476,0.005499999999999949,0.009099999999999997,0.013299999999999979,0.019100000000000006,0.028299999999999992,0.037699999999999956,0.05369999999999997,0.07099999999999995,0.0937,0.12270000000000003,0.1521,0.18830000000000002,0.23260000000000003,0.2781,0.3238,0.3763000000000001,0.42710000000000004,0.4787,0.5278,0.5733,0.6144,0.6542,0.6869,0.7146,0.7363,0.752,0.7555,0.7523,0.7453,0.7269,0.7017,0.6697,0.6326,0.5895,0.5496,0.499,0.4524,0.4025000000000001,0.3579,0.3106,0.2667999999999999,0.22730000000000006,0.1945,0.1614,0.13390000000000002,0.10770000000000002,0.08420000000000005,0.0675,0.05130000000000001,0.039000000000000035,0.030399999999999983,0.02059999999999995,0.014800000000000035,0.008900000000000019,0.006700000000000039,0.0043999999999999595,0.0024999999999999467,0.0014999999999999458,0.0011999999999999789,0.0006000000000000449,0.00039999999999995595,0.0,0.0,0.0,0.0,0.0,0.0,0.0,0.0,0.0,0.0,0.0,0.0,0.0,0.0,0.0,0.0,0.0,0.0,0.0,0.0,0.0,0.0,0.0,0.0,0.0,0.0,0.0,0.0,0.0,0.0,0.0,0.0,0.0,0.0,0.0,0.0,0.0,0.0,0.0,0.0,0.0,0.0,0.0,0.0,0.0,0.0,0.0,0.0,0.0,0.0,0.0,0.0,0.0,0.0,0.0,0.0,0.0,0.0,0.0,0.0,0.0,0.0,0.0,0.0,0.0,0.0,0.0,0.0,0.0,0.0,0.0,0.0,0.0,0.0,0.0,0.0,0.0,0.0,0.0,0.0,0.0,0.0,0.0,0.0,0.0,0.0,0.0,0.0,0.0,0.0,0.0,0.0,0.0,0.0,0.0,0.0,0.0,0.0,0.0,0.0,0.0,0.0,0.0,0.0,0.0,0.0,0.0,0.0,0.0,0.0,0.0,0.0,0.0,0.0,0.0,0.0,0.0,0.0,0.0,0.0,0.0,0.0,0.0,0.0,0.0,0.0,0.0,0.0,0.0,0.0,0.0,0.0005440696409140244,0.0005440696409140244,0.0016322089227420733,0.0032644178454842576,0.00598476605005438,0.008705114254624613,0.015233949945593017,0.02285092491838958,0.030467899891186034,0.04189336235038088,0.06637649619151254,0.09031556039173017,0.10282916213275295,0.11969532100108815,0.1294885745375408,0.1332970620239391,0.12132752992383022,0.10446137105549513,0.0783460282916213,0.05223068552774757,0.037540805223068574,0.021762785636561532,0.01088139281828071,0.00598476605005438,0.0032644178454842576,0.0005440696409140244,0.0,0.0,0.0,0.0,0.0,0.0,0.0,0.0,0.0,0.0,0.0,0.0,0.0,0.0,0.0,0.0,0.0,0.0,0.0,0.0,0.0,0.0,0.0,0.0,0.0,0.0,0.0,0.0,0.0,0.0,0.0,0.0,0.0,0.0,0.0,0.0,0.0,0.0,0.0,0.0,0.0,0.0,0.0,0.0,0.0,0.0,0.0,0.0,0.0
1.7318435754189947,0.0,0.0,0.0,0.0,0.0,0.0,0.0,0.0,0.0,0.0,0.0,0.0,0.0,0.0,0.0,0.0,0.0,0.0,0.0,0.0,0.0,0.0,0.0,0.0,0.0,0.0,0.0,0.0,0.0,0.0,0.0,0.0,0.0,0.0,0.0,0.0,0.0,0.0,0.0,0.0,0.0,0.0,0.0,0.0,9.999999999998899e-05,9.999999999998899e-05,0.00019999999999997797,0.00039999999999995595,0.0004999999999999449,0.0009000000000000119,0.0013999999999999568,0.0026000000000000467,0.0036000000000000476,0.005499999999999949,0.009099999999999997,0.01319999999999999,0.019100000000000006,0.028000000000000025,0.037699999999999956,0.053300000000000014,0.07079999999999997,0.09329999999999994,0.12219999999999998,0.15100000000000002,0.18799999999999994,0.23209999999999997,0.2774,0.3232999999999999,0.37559999999999993,0.4266,0.4779,0.5269,0.5724,0.6141,0.6533,0.6863,0.7139,0.7355,0.7517,0.7545,0.7515,0.745,0.7257,0.7009,0.6687,0.632,0.5887,0.5485,0.49849999999999994,0.45120000000000005,0.4021,0.35729999999999995,0.31000000000000005,0.2661,0.22699999999999998,0.19420000000000004,0.1612,0.13359999999999994,0.10770000000000002,0.08389999999999997,0.06730000000000003,0.05120000000000002,0.039000000000000035,0.030200000000000005,0.02059999999999995,0.014800000000000035,0.008900000000000019,0.006700000000000039,0.0043999999999999595,0.0024999999999999467,0.0014999999999999458,0.0011999999999999789,0.0006000000000000449,0.00039999999999995595,0.0,0.0,0.0,0.0,0.0,0.0,0.0,0.0,0.0,0.0,0.0,0.0,0.0,0.0,0.0,0.0,0.0,0.0,0.0,0.0,0.0,0.0,0.0,0.0,0.0,0.0,0.0,0.0,0.0,0.0,0.0,0.0,0.0,0.0,0.0,0.0,0.0,0.0,0.0,0.0,0.0,0.0,0.0,0.0,0.0,0.0,0.0,0.0,0.0,0.0,0.0,0.0,0.0,0.0,0.0,0.0,0.0,0.0,0.0,0.0,0.0,0.0,0.0,0.0,0.0,0.0,0.0,0.0,0.0,0.0,0.0,0.0,0.0,0.0,0.0,0.0,0.0,0.0,0.0,0.0,0.0,0.0,0.0,0.0,0.0,0.0,0.0,0.0,0.0,0.0,0.0,0.0,0.0,0.0,0.0,0.0,0.0,0.0,0.0,0.0,0.0,0.0,0.0,0.0,0.0,0.0,0.0,0.0,0.0,0.0,0.0,0.0,0.0,0.0,0.0,0.0,0.0,0.0,0.0,0.0,0.0,0.0,0.0,0.0,0.0,0.0,0.0,0.0,0.0,0.0,0.0,0.0005440696409140244,0.0005440696409140244,0.0016322089227420733,0.0032644178454842576,0.00598476605005438,0.008705114254624613,0.015233949945593017,0.022306855277475557,0.02992383025027201,0.04189336235038088,0.06637649619151254,0.08977149075081614,0.10282916213275295,0.1186071817192601,0.12840043525571276,0.13166485310119702,0.1207834602829162,0.10337323177366708,0.07725788900979325,0.05168661588683354,0.037540805223068574,0.021762785636561532,0.01088139281828071,0.005440696409140355,0.0032644178454842576,0.0005440696409140244,0.0,0.0,0.0,0.0,0.0,0.0,0.0,0.0,0.0,0.0,0.0,0.0,0.0,0.0,0.0,0.0,0.0,0.0,0.0,0.0,0.0,0.0,0.0,0.0,0.0,0.0,0.0,0.0,0.0,0.0,0.0,0.0,0.0,0.0,0.0,0.0,0.0,0.0,0.0,0.0,0.0,0.0,0.0,0.0,0.0,0.0,0.0,0.0,0.0
1.7765363128491627,0.0,0.0,0.0,0.0,0.0,0.0,0.0,0.0,0.0,0.0,0.0,0.0,0.0,0.0,0.0,0.0,0.0,0.0,0.0,0.0,0.0,0.0,0.0,0.0,0.0,0.0,0.0,0.0,0.0,0.0,0.0,0.0,0.0,0.0,0.0,0.0,0.0,0.0,0.0,0.0,0.0,0.0,0.0,0.0,9.999999999998899e-05,9.999999999998899e-05,0.00019999999999997797,0.00039999999999995595,0.0004999999999999449,0.0009000000000000119,0.0013999999999999568,0.0026000000000000467,0.0036000000000000476,0.00539999999999996,0.009099999999999997,0.01319999999999999,0.019100000000000006,0.028000000000000025,0.03759999999999997,0.053300000000000014,0.07050000000000001,0.0928,0.12209999999999999,0.15080000000000005,0.1874,0.2319,0.2772,0.3228,0.375,0.42579999999999996,0.4768,0.5265,0.572,0.6135,0.653,0.6857,0.713,0.7348,0.751,0.7539,0.7506,0.7439,0.7248,0.7004,0.6682,0.6312,0.588,0.5474,0.498,0.4509000000000001,0.4011,0.3569,0.3096,0.2654000000000001,0.22660000000000002,0.19409999999999994,0.1612,0.133,0.10760000000000003,0.08379999999999999,0.06710000000000005,0.050799999999999956,0.03869999999999996,0.030200000000000005,0.02059999999999995,0.014700000000000046,0.008900000000000019,0.006700000000000039,0.0043999999999999595,0.0024999999999999467,0.0014999999999999458,0.0011999999999999789,0.0006000000000000449,0.00039999999999995595,0.0,0.0,0.0,0.0,0.0,0.0,0.0,0.0,0.0,0.0,0.0,0.0,0.0,0.0,0.0,0.0,0.0,0.0,0.0,0.0,0.0,0.0,0.0,0.0,0.0,0.0,0.0,0.0,0.0,0.0,0.0,0.0,0.0,0.0,0.0,0.0,0.0,0.0,0.0,0.0,0.0,0.0,0.0,0.0,0.0,0.0,0.0,0.0,0.0,0.0,0.0,0.0,0.0,0.0,0.0,0.0,0.0,0.0,0.0,0.0,0.0,0.0,0.0,0.0,0.0,0.0,0.0,0.0,0.0,0.0,0.0,0.0,0.0,0.0,0.0,0.0,0.0,0.0,0.0,0.0,0.0,0.0,0.0,0.0,0.0,0.0,0.0,0.0,0.0,0.0,0.0,0.0,0.0,0.0,0.0,0.0,0.0,0.0,0.0,0.0,0.0,0.0,0.0,0.0,0.0,0.0,0.0,0.0,0.0,0.0,0.0,0.0,0.0,0.0,0.0,0.0,0.0,0.0,0.0,0.0,0.0,0.0,0.0,0.0,0.0,0.0,0.0,0.0,0.0,0.0,0.0,0.0005440696409140244,0.0005440696409140244,0.0016322089227420733,0.0032644178454842576,0.00598476605005438,0.008705114254624613,0.015233949945593017,0.022306855277475557,0.02992383025027201,0.04189336235038088,0.06637649619151254,0.089227421109902,0.10228509249183892,0.11697497279651792,0.1273122959738846,0.13057671381936886,0.1207834602829162,0.10337323177366708,0.07562568008705117,0.05168661588683354,0.037540805223068574,0.021762785636561532,0.010337323177366686,0.005440696409140355,0.0032644178454842576,0.0005440696409140244,0.0,0.0,0.0,0.0,0.0,0.0,0.0,0.0,0.0,0.0,0.0,0.0,0.0,0.0,0.0,0.0,0.0,0.0,0.0,0.0,0.0,0.0,0.0,0.0,0.0,0.0,0.0,0.0,0.0,0.0,0.0,0.0,0.0,0.0,0.0,0.0,0.0,0.0,0.0,0.0,0.0,0.0,0.0,0.0,0.0,0.0,0.0,0.0,0.0
1.8212290502793298,0.0,0.0,0.0,0.0,0.0,0.0,0.0,0.0,0.0,0.0,0.0,0.0,0.0,0.0,0.0,0.0,0.0,0.0,0.0,0.0,0.0,0.0,0.0,0.0,0.0,0.0,0.0,0.0,0.0,0.0,0.0,0.0,0.0,0.0,0.0,0.0,0.0,0.0,0.0,0.0,0.0,0.0,0.0,0.0,9.999999999998899e-05,9.999999999998899e-05,0.00019999999999997797,0.00039999999999995595,0.0004999999999999449,0.0009000000000000119,0.0013999999999999568,0.0026000000000000467,0.0036000000000000476,0.005299999999999971,0.009099999999999997,0.01319999999999999,0.019000000000000017,0.027900000000000036,0.03759999999999997,0.053300000000000014,0.07020000000000004,0.09260000000000002,0.12190000000000001,0.15060000000000007,0.18679999999999997,0.23140000000000005,0.27679999999999993,0.3225,0.3743000000000001,0.4254,0.47619999999999996,0.5261,0.5716,0.6127,0.6524,0.6848,0.7125,0.7345,0.7502,0.7531,0.7499,0.7433,0.7237,0.6996,0.6676,0.6306,0.5869,0.5468,0.49760000000000004,0.44999999999999996,0.40060000000000007,0.35630000000000006,0.3091999999999999,0.2651,0.22599999999999998,0.19379999999999997,0.16100000000000003,0.13270000000000004,0.10750000000000004,0.0837,0.06710000000000005,0.050799999999999956,0.03869999999999996,0.02980000000000005,0.02059999999999995,0.014499999999999957,0.008900000000000019,0.00660000000000005,0.0042999999999999705,0.0024999999999999467,0.0014999999999999458,0.0010999999999999899,0.0006000000000000449,0.00039999999999995595,0.0,0.0,0.0,0.0,0.0,0.0,0.0,0.0,0.0,0.0,0.0,0.0,0.0,0.0,0.0,0.0,0.0,0.0,0.0,0.0,0.0,0.0,0.0,0.0,0.0,0.0,0.0,0.0,0.0,0.0,0.0,0.0,0.0,0.0,0.0,0.0,0.0,0.0,0.0,0.0,0.0,0.0,0.0,0.0,0.0,0.0,0.0,0.0,0.0,0.0,0.0,0.0,0.0,0.0,0.0,0.0,0.0,0.0,0.0,0.0,0.0,0.0,0.0,0.0,0.0,0.0,0.0,0.0,0.0,0.0,0.0,0.0,0.0,0.0,0.0,0.0,0.0,0.0,0.0,0.0,0.0,0.0,0.0,0.0,0.0,0.0,0.0,0.0,0.0,0.0,0.0,0.0,0.0,0.0,0.0,0.0,0.0,0.0,0.0,0.0,0.0,0.0,0.0,0.0,0.0,0.0,0.0,0.0,0.0,0.0,0.0,0.0,0.0,0.0,0.0,0.0,0.0,0.0,0.0,0.0,0.0,0.0,0.0,0.0,0.0,0.0,0.0,0.0,0.0,0.0,0.0,0.0005440696409140244,0.0005440696409140244,0.0016322089227420733,0.0032644178454842576,0.00598476605005438,0.008705114254624613,0.015233949945593017,0.021762785636561532,0.02992383025027201,0.041349292709466856,0.06583242655059851,0.08813928182807396,0.10228509249183892,0.11588683351468987,0.12568008705114253,0.13003264417845484,0.11969532100108815,0.10228509249183892,0.07453754080522312,0.05168661588683354,0.037540805223068574,0.021762785636561532,0.010337323177366686,0.005440696409140355,0.0032644178454842576,0.0005440696409140244,0.0,0.0,0.0,0.0,0.0,0.0,0.0,0.0,0.0,0.0,0.0,0.0,0.0,0.0,0.0,0.0,0.0,0.0,0.0,0.0,0.0,0.0,0.0,0.0,0.0,0.0,0.0,0.0,0.0,0.0,0.0,0.0,0.0,0.0,0.0,0.0,0.0,0.0,0.0,0.0,0.0,0.0,0.0,0.0,0.0,0.0,0.0,0.0,0.0
1.8659217877094978,0.0,0.0,0.0,0.0,0.0,0.0,0.0,0.0,0.0,0.0,0.0,0.0,0.0,0.0,0.0,0.0,0.0,0.0,0.0,0.0,0.0,0.0,0.0,0.0,0.0,0.0,0.0,0.0,0.0,0.0,0.0,0.0,0.0,0.0,0.0,0.0,0.0,0.0,0.0,0.0,0.0,0.0,0.0,0.0,9.999999999998899e-05,9.999999999998899e-05,0.00019999999999997797,0.00039999999999995595,0.0004999999999999449,0.0009000000000000119,0.0013999999999999568,0.0026000000000000467,0.0036000000000000476,0.005299999999999971,0.009099999999999997,0.0131,0.01880000000000004,0.027800000000000047,0.03759999999999997,0.053200000000000025,0.07020000000000004,0.09240000000000004,0.12180000000000002,0.1503,0.1866,0.23119999999999996,0.2764,0.32109999999999994,0.37359999999999993,0.42490000000000006,0.47540000000000004,0.5258,0.5707,0.612,0.6514,0.6844,0.7123,0.7342,0.7498,0.7525,0.7496,0.7427,0.7233,0.6992,0.6665,0.63,0.5865,0.5462,0.4969,0.4495,0.4003,0.3559,0.30899999999999994,0.26459999999999995,0.22530000000000006,0.1936,0.16059999999999997,0.13239999999999996,0.10729999999999995,0.08360000000000001,0.06689999999999996,0.050799999999999956,0.03869999999999996,0.02980000000000005,0.02059999999999995,0.014499999999999957,0.00880000000000003,0.006399999999999961,0.0041999999999999815,0.0024999999999999467,0.0014999999999999458,0.0010999999999999899,0.0006000000000000449,0.00039999999999995595,0.0,0.0,0.0,0.0,0.0,0.0,0.0,0.0,0.0,0.0,0.0,0.0,0.0,0.0,0.0,0.0,0.0,0.0,0.0,0.0,0.0,0.0,0.0,0.0,0.0,0.0,0.0,0.0,0.0,0.0,0.0,0.0,0.0,0.0,0.0,0.0,0.0,0.0,0.0,0.0,0.0,0.0,0.0,0.0,0.0,0.0,0.0,0.0,0.0,0.0,0.0,0.0,0.0,0.0,0.0,0.0,0.0,0.0,0.0,0.0,0.0,0.0,0.0,0.0,0.0,0.0,0.0,0.0,0.0,0.0,0.0,0.0,0.0,0.0,0.0,0.0,0.0,0.0,0.0,0.0,0.0,0.0,0.0,0.0,0.0,0.0,0.0,0.0,0.0,0.0,0.0,0.0,0.0,0.0,0.0,0.0,0.0,0.0,0.0,0.0,0.0,0.0,0.0,0.0,0.0,0.0,0.0,0.0,0.0,0.0,0.0,0.0,0.0,0.0,0.0,0.0,0.0,0.0,0.0,0.0,0.0,0.0,0.0,0.0,0.0,0.0,0.0,0.0,0.0,0.0,0.0,0.0005440696409140244,0.0005440696409140244,0.0016322089227420733,0.0032644178454842576,0.00598476605005438,0.008705114254624613,0.015233949945593017,0.021762785636561532,0.02992383025027201,0.041349292709466856,0.06528835690968449,0.08759521218715993,0.10119695321001088,0.11479869423286182,0.12568008705114253,0.12785636561479863,0.11806311207834597,0.1017410228509249,0.07453754080522312,0.05168661588683354,0.037540805223068574,0.021762785636561532,0.010337323177366686,0.005440696409140355,0.0032644178454842576,0.0005440696409140244,0.0,0.0,0.0,0.0,0.0,0.0,0.0,0.0,0.0,0.0,0.0,0.0,0.0,0.0,0.0,0.0,0.0,0.0,0.0,0.0,0.0,0.0,0.0,0.0,0.0,0.0,0.0,0.0,0.0,0.0,0.0,0.0,0.0,0.0,0.0,0.0,0.0,0.0,0.0,0.0,0.0,0.0,0.0,0.0,0.0,0.0,0.0,0.0,0.0
1.910614525139665,0.0,0.0,0.0,0.0,0.0,0.0,0.0,0.0,0.0,0.0,0.0,0.0,0.0,0.0,0.0,0.0,0.0,0.0,0.0,0.0,0.0,0.0,0.0,0.0,0.0,0.0,0.0,0.0,0.0,0.0,0.0,0.0,0.0,0.0,0.0,0.0,0.0,0.0,0.0,0.0,0.0,0.0,0.0,0.0,9.999999999998899e-05,9.999999999998899e-05,0.00019999999999997797,0.00039999999999995595,0.0004999999999999449,0.0009000000000000119,0.0013999999999999568,0.0026000000000000467,0.0036000000000000476,0.005299999999999971,0.009099999999999997,0.013000000000000012,0.01870000000000005,0.027800000000000047,0.03759999999999997,0.053100000000000036,0.07000000000000006,0.09230000000000005,0.12149999999999994,0.15000000000000002,0.1865,0.23109999999999997,0.27570000000000006,0.32099999999999995,0.37270000000000003,0.4244,0.4747,0.5252,0.57,0.6116,0.6509,0.6838,0.712,0.7335,0.7488,0.7518,0.7486,0.742,0.7229,0.6987,0.6652,0.6288,0.5854,0.5457,0.4961,0.4485,0.39949999999999997,0.3557,0.3084,0.2643,0.2249,0.19310000000000005,0.1603,0.13239999999999996,0.10709999999999997,0.08340000000000003,0.06689999999999996,0.050799999999999956,0.03859999999999997,0.02980000000000005,0.020499999999999963,0.014399999999999968,0.00880000000000003,0.006399999999999961,0.0041999999999999815,0.0024999999999999467,0.0014999999999999458,0.0010999999999999899,0.0006000000000000449,0.00039999999999995595,0.0,0.0,0.0,0.0,0.0,0.0,0.0,0.0,0.0,0.0,0.0,0.0,0.0,0.0,0.0,0.0,0.0,0.0,0.0,0.0,0.0,0.0,0.0,0.0,0.0,0.0,0.0,0.0,0.0,0.0,0.0,0.0,0.0,0.0,0.0,0.0,0.0,0.0,0.0,0.0,0.0,0.0,0.0,0.0,0.0,0.0,0.0,0.0,0.0,0.0,0.0,0.0,0.0,0.0,0.0,0.0,0.0,0.0,0.0,0.0,0.0,0.0,0.0,0.0,0.0,0.0,0.0,0.0,0.0,0.0,0.0,0.0,0.0,0.0,0.0,0.0,0.0,0.0,0.0,0.0,0.0,0.0,0.0,0.0,0.0,0.0,0.0,0.0,0.0,0.0,0.0,0.0,0.0,0.0,0.0,0.0,0.0,0.0,0.0,0.0,0.0,0.0,0.0,0.0,0.0,0.0,0.0,0.0,0.0,0.0,0.0,0.0,0.0,0.0,0.0,0.0,0.0,0.0,0.0,0.0,0.0,0.0,0.0,0.0,0.0,0.0,0.0,0.0,0.0,0.0,0.0,0.0005440696409140244,0.0005440696409140244,0.0016322089227420733,0.0032644178454842576,0.00598476605005438,0.008705114254624613,0.015233949945593017,0.021762785636561532,0.02992383025027201,0.041349292709466856,0.06474428726877046,0.08759521218715993,0.10010881392818283,0.11371055495103377,0.12404787812840046,0.12622415669205655,0.1164309031556039,0.1017410228509249,0.07453754080522312,0.05168661588683354,0.036452665941240525,0.021762785636561532,0.010337323177366686,0.005440696409140355,0.0032644178454842576,0.0005440696409140244,0.0,0.0,0.0,0.0,0.0,0.0,0.0,0.0,0.0,0.0,0.0,0.0,0.0,0.0,0.0,0.0,0.0,0.0,0.0,0.0,0.0,0.0,0.0,0.0,0.0,0.0,0.0,0.0,0.0,0.0,0.0,0.0,0.0,0.0,0.0,0.0,0.0,0.0,0.0,0.0,0.0,0.0,0.0,0.0,0.0,0.0,0.0,0.0,0.0
1.955307262569833,0.0,0.0,0.0,0.0,0.0,0.0,0.0,0.0,0.0,0.0,0.0,0.0,0.0,0.0,0.0,0.0,0.0,0.0,0.0,0.0,0.0,0.0,0.0,0.0,0.0,0.0,0.0,0.0,0.0,0.0,0.0,0.0,0.0,0.0,0.0,0.0,0.0,0.0,0.0,0.0,0.0,0.0,0.0,0.0,9.999999999998899e-05,9.999999999998899e-05,0.00019999999999997797,0.00039999999999995595,0.0004999999999999449,0.0009000000000000119,0.0013999999999999568,0.0026000000000000467,0.0036000000000000476,0.005299999999999971,0.009099999999999997,0.013000000000000012,0.01870000000000005,0.027800000000000047,0.03739999999999999,0.05300000000000005,0.06989999999999996,0.09209999999999996,0.12139999999999995,0.14990000000000003,0.18609999999999993,0.23070000000000002,0.27560000000000007,0.3204,0.372,0.42379999999999995,0.47429999999999994,0.5247,0.5698,0.6114,0.6506,0.6832,0.7115,0.7333,0.7478,0.7513,0.7484,0.7409,0.7222,0.6978,0.6647,0.6279,0.5849,0.5452,0.49550000000000005,0.44799999999999995,0.3985000000000001,0.355,0.30790000000000006,0.2641,0.22450000000000003,0.1926,0.15969999999999995,0.13219999999999998,0.10699999999999998,0.08340000000000003,0.06669999999999998,0.050799999999999956,0.03849999999999998,0.02969999999999995,0.020399999999999974,0.01429999999999998,0.008700000000000041,0.006399999999999961,0.0040999999999999925,0.0024999999999999467,0.0014999999999999458,0.0010999999999999899,0.0006000000000000449,0.00039999999999995595,0.0,0.0,0.0,0.0,0.0,0.0,0.0,0.0,0.0,0.0,0.0,0.0,0.0,0.0,0.0,0.0,0.0,0.0,0.0,0.0,0.0,0.0,0.0,0.0,0.0,0.0,0.0,0.0,0.0,0.0,0.0,0.0,0.0,0.0,0.0,0.0,0.0,0.0,0.0,0.0,0.0,0.0,0.0,0.0,0.0,0.0,0.0,0.0,0.0,0.0,0.0,0.0,0.0,0.0,0.0,0.0,0.0,0.0,0.0,0.0,0.0,0.0,0.0,0.0,0.0,0.0,0.0,0.0,0.0,0.0,0.0,0.0,0.0,0.0,0.0,0.0,0.0,0.0,0.0,0.0,0.0,0.0,0.0,0.0,0.0,0.0,0.0,0.0,0.0,0.0,0.0,0.0,0.0,0.0,0.0,0.0,0.0,0.0,0.0,0.0,0.0,0.0,0.0,0.0,0.0,0.0,0.0,0.0,0.0,0.0,0.0,0.0,0.0,0.0,0.0,0.0,0.0,0.0,0.0,0.0,0.0,0.0,0.0,0.0,0.0,0.0,0.0,0.0,0.0,0.0,0.0,0.0005440696409140244,0.0005440696409140244,0.0016322089227420733,0.0032644178454842576,0.00598476605005438,0.008705114254624613,0.015233949945593017,0.021218715995647397,0.02992383025027201,0.041349292709466856,0.0636561479869423,0.08705114254624591,0.0995647442872688,0.11262241566920561,0.12404787812840046,0.12568008705114253,0.1164309031556039,0.10065288356909685,0.07344940152339496,0.05168661588683354,0.036452665941240525,0.021762785636561532,0.010337323177366686,0.005440696409140355,0.0032644178454842576,0.0005440696409140244,0.0,0.0,0.0,0.0,0.0,0.0,0.0,0.0,0.0,0.0,0.0,0.0,0.0,0.0,0.0,0.0,0.0,0.0,0.0,0.0,0.0,0.0,0.0,0.0,0.0,0.0,0.0,0.0,0.0,0.0,0.0,0.0,0.0,0.0,0.0,0.0,0.0,0.0,0.0,0.0,0.0,0.0,0.0,0.0,0.0,0.0,0.0,0.0,0.0
2.0,0.0,0.0,0.0,0.0,0.0,0.0,0.0,0.0,0.0,0.0,0.0,0.0,0.0,0.0,0.0,0.0,0.0,0.0,0.0,0.0,0.0,0.0,0.0,0.0,0.0,0.0,0.0,0.0,0.0,0.0,0.0,0.0,0.0,0.0,0.0,0.0,0.0,0.0,0.0,0.0,0.0,0.0,0.0,0.0,9.999999999998899e-05,9.999999999998899e-05,0.00019999999999997797,0.00039999999999995595,0.0004999999999999449,0.0009000000000000119,0.0013999999999999568,0.0026000000000000467,0.0036000000000000476,0.005299999999999971,0.009099999999999997,0.013000000000000012,0.01870000000000005,0.027599999999999958,0.03739999999999999,0.05300000000000005,0.0696,0.09189999999999998,0.12129999999999996,0.14959999999999996,0.1854,0.23039999999999994,0.2752,0.32020000000000004,0.3712,0.4233,0.4739,0.5243,0.5694,0.6113,0.6498,0.6825,0.7112,0.7324,0.7474,0.7509,0.7479,0.7403,0.7209,0.6974,0.6641,0.6273,0.5846,0.5447,0.495,0.44730000000000003,0.39759999999999995,0.3547,0.30699999999999994,0.2639,0.22399999999999998,0.19220000000000004,0.15969999999999995,0.1321,0.1068,0.08319999999999994,0.06640000000000001,0.050799999999999956,0.03849999999999998,0.02959999999999996,0.020399999999999974,0.01429999999999998,0.008700000000000041,0.006399999999999961,0.0040999999999999925,0.0024999999999999467,0.0014999999999999458,0.0010999999999999899,0.0006000000000000449,0.00039999999999995595,0.0,0.0,0.0,0.0,0.0,0.0,0.0,0.0,0.0,0.0,0.0,0.0,0.0,0.0,0.0,0.0,0.0,0.0,0.0,0.0,0.0,0.0,0.0,0.0,0.0,0.0,0.0,0.0,0.0,0.0,0.0,0.0,0.0,0.0,0.0,0.0,0.0,0.0,0.0,0.0,0.0,0.0,0.0,0.0,0.0,0.0,0.0,0.0,0.0,0.0,0.0,0.0,0.0,0.0,0.0,0.0,0.0,0.0,0.0,0.0,0.0,0.0,0.0,0.0,0.0,0.0,0.0,0.0,0.0,0.0,0.0,0.0,0.0,0.0,0.0,0.0,0.0,0.0,0.0,0.0,0.0,0.0,0.0,0.0,0.0,0.0,0.0,0.0,0.0,0.0,0.0,0.0,0.0,0.0,0.0,0.0,0.0,0.0,0.0,0.0,0.0,0.0,0.0,0.0,0.0,0.0,0.0,0.0,0.0,0.0,0.0,0.0,0.0,0.0,0.0,0.0,0.0,0.0,0.0,0.0,0.0,0.0,0.0,0.0,0.0,0.0,0.0,0.0,0.0,0.0,0.0,0.0005440696409140244,0.0005440696409140244,0.0016322089227420733,0.0032644178454842576,0.00598476605005438,0.008705114254624613,0.015233949945593017,0.021218715995647397,0.02992383025027201,0.041349292709466856,0.06311207834602828,0.08650707290533188,0.0995647442872688,0.11262241566920561,0.12295973884657241,0.1251360174102285,0.11588683351468987,0.0995647442872688,0.07236126224156691,0.05168661588683354,0.036452665941240525,0.021218715995647397,0.010337323177366686,0.005440696409140355,0.0032644178454842576,0.0005440696409140244,0.0,0.0,0.0,0.0,0.0,0.0,0.0,0.0,0.0,0.0,0.0,0.0,0.0,0.0,0.0,0.0,0.0,0.0,0.0,0.0,0.0,0.0,0.0,0.0,0.0,0.0,0.0,0.0,0.0,0.0,0.0,0.0,0.0,0.0,0.0,0.0,0.0,0.0,0.0,0.0,0.0,0.0,0.0,0.0,0.0,0.0,0.0,0.0,0.0
