frame,atom,true_charge,latent_charge,electrostatic_potential,inv_distance_sum
0,0,1.0,1.0,0.6885402451669423,17.679108103605945
0,1,1.0,1.0,1.2587201618329675,18.72208945065626
0,2,1.0,1.0,0.11507312535077903,12.545809841810808
0,3,1.0,1.0,0.2739682294809702,17.554066225204863
0,4,1.0,-1.0,-0.2612767085721489,12.995201724994992
0,5,1.0,-1.0,-0.1526313192932071,12.265888145237518
0,6,1.0,-1.0,-0.9727478452282128,13.135801281633364
0,7,1.0,1.0,0.7043540092218604,16.555643025057776
0,8,1.0,-1.0,-0.364231657731051,15.065906536286027
0,9,1.0,-1.0,-0.15399108354286445,14.898864765963266
0,10,1.0,1.0,0.3608996442595833,17.605256295587484
0,11,1.0,1.0,0.21084149999063917,15.666016359887896
0,12,1.0,1.0,0.4343301530591287,15.346576511138727
0,13,1.0,1.0,0.5856568350828875,17.851611860157696
0,14,1.0,1.0,0.5089106133819257,15.495357251308716
0,15,1.0,-1.0,-0.4169409309015229,14.82584316351586
0,16,1.0,-1.0,-0.06875710726679163,18.384575087016437
0,17,1.0,-1.0,-0.29406375891384184,12.861632441457651
0,18,1.0,-1.0,-0.2179084569066058,16.222831911755755
0,19,1.0,-1.0,-0.8857002239067859,17.48939970824029
0,20,1.0,1.0,0.025516364301347322,15.264612854678616
0,21,1.0,-1.0,-0.3490357986677728,14.01838616184286
0,22,1.0,1.0,0.587890569971504,13.326724308995573
0,23,1.0,-1.0,-0.604156251670897,14.25867171889895
0,24,1.0,1.0,0.07674256592812734,13.138888850788973
0,25,1.0,-1.0,-0.45334173832941393,15.446592382054373
0,26,1.0,-1.0,-0.42210091345132306,16.17419405331791
0,27,1.0,1.0,0.4322639983628791,18.409502556155797
0,28,1.0,-1.0,-0.1600349299426016,12.871616703185229
0,29,1.0,-1.0,-1.0194372978551154,16.099068494250798
0,30,1.0,1.0,0.016213425464998446,15.424516488511163
0,31,1.0,1.0,0.4952096049379363,14.439329488696737
0,32,1.0,1.0,0.06054669647692694,14.415972393071906
0,33,1.0,-1.0,-0.765590146586539,13.375490272741692
0,34,1.0,1.0,1.0138216851655506,18.449320198092362
0,35,1.0,1.0,0.553279630658611,14.900728121547367
0,36,1.0,-1.0,-1.2617827651961706,15.958870723705466
0,37,1.0,1.0,0.44944499087903755,15.671132771713326
0,38,1.0,-1.0,-0.13587950909758512,15.262401483626357
0,39,1.0,1.0,0.807420812566228,15.407860783966717
0,40,1.0,1.0,1.3686461456411556,18.45998730159339
0,41,1.0,1.0,0.2851062255918487,14.39202231868736
0,42,1.0,-1.0,-0.3136207764388622,18.78843399984832
0,43,1.0,1.0,0.2898799295489685,16.54144488629782
0,44,1.0,1.0,1.005951278855776,16.343619626479235
0,45,1.0,-1.0,-0.2618282746763173,15.896442810596492
0,46,1.0,-1.0,-0.558065942114272,14.033260901494808
0,47,1.0,-1.0,-0.700620922042464,12.843770736916964
0,48,1.0,-1.0,-1.0290348237213234,14.462234758818289
0,49,1.0,1.0,0.6703546050906891,15.205630786740466
0,50,1.0,1.0,0.04397965983765738,16.609716178128696
0,51,1.0,1.0,0.2017858532426029,15.892787203506
0,52,1.0,-1.0,-0.4114543650862329,13.041340947163253
0,53,1.0,-1.0,-0.023528530524241725,17.017684187929685
0,54,1.0,-1.0,-0.019984598104982945,11.748324785157177
0,55,1.0,-1.0,-0.3807764805519025,16.192097902112287
0,56,1.0,-1.0,-0.42319448117860553,12.135394683037683
0,57,1.0,-1.0,-0.21986947121548406,17.399620690917175
0,58,1.0,1.0,0.8176663849328383,14.694621424165454
0,59,1.0,1.0,1.0153770154005617,17.729527311721384
0,60,1.0,1.0,0.3873006101819304,13.3401055256482
0,61,1.0,-1.0,-0.924354636922925,16.894894731919585
0,62,1.0,1.0,0.004501660793117548,15.480872934524758
0,63,1.0,1.0,0.1062105053158213,12.946528340623999
0,64,-1.0,1.0,1.4270310627976583,16.033830063693856
0,65,-1.0,-1.0,-0.009448654492749009,13.686286174849466
0,66,-1.0,1.0,0.6464425043769839,14.215094711092085
0,67,-1.0,1.0,0.5060026404063442,15.62090355977713
0,68,-1.0,1.0,0.14171684724130093,16.081737786356527
0,69,-1.0,1.0,0.17916495038176825,13.920064397214748
0,70,-1.0,1.0,0.16745684859653626,14.09014738297553
0,71,-1.0,1.0,0.8736399463683562,17.72413630509856
0,72,-1.0,1.0,1.385256650398391,18.548540926505055
0,73,-1.0,1.0,0.41597342246161556,15.071170616866858
0,74,-1.0,1.0,0.4772662861393295,15.237325969047026
0,75,-1.0,1.0,1.1647251583697213,15.28003599471883
0,76,-1.0,1.0,0.300816503637437,15.080094039260437
0,77,-1.0,1.0,1.019391711295358,16.31131926937815
0,78,-1.0,1.0,0.2316175346817228,13.264679526064532
0,79,-1.0,-1.0,-0.04873106660069426,15.997831579199834
0,80,-1.0,1.0,0.8548206569360282,16.219223684701113
0,81,-1.0,-1.0,-0.7291052425682123,13.070435571893507
0,82,-1.0,1.0,0.0848459019622319,12.529168970822926
0,83,-1.0,-1.0,-0.19454683514093296,13.75417243245366
0,84,-1.0,1.0,0.7831079876629837,14.865914293099946
0,85,-1.0,1.0,0.25582532537916125,14.568560686666382
0,86,-1.0,-1.0,-0.04524494172085436,18.431618984388937
0,87,-1.0,-1.0,-0.22793865968161459,11.934535316609441
0,88,-1.0,-1.0,-0.18087626640533533,14.916137657759156
0,89,-1.0,1.0,1.218649372292289,14.116063706000352
0,90,-1.0,1.0,0.6923457370167357,13.293016677271126
0,91,-1.0,1.0,0.7741361541062013,13.254499366822383
0,92,-1.0,1.0,0.9339968273337143,17.485830109522688
0,93,-1.0,1.0,0.28131439918874673,13.89963312539034
0,94,-1.0,1.0,0.47711655534202324,15.797954809436003
0,95,-1.0,1.0,0.16899176924468884,16.805578599563077
0,96,-1.0,1.0,1.3124232823055066,15.036591493877511
0,97,-1.0,1.0,0.9231496634762123,15.617662017831694
0,98,-1.0,-1.0,-0.5008282252626417,17.479224164702707
0,99,-1.0,1.0,0.5707551002031226,13.058637940148634
0,100,-1.0,1.0,0.6257400497949634,16.38786613921781
0,101,-1.0,1.0,0.40273686900007477,16.151661745732635
0,102,-1.0,1.0,0.6395472149641757,12.21208100879704
0,103,-1.0,1.0,0.7982182855122866,15.109407870576508
0,104,-1.0,-1.0,-0.3660758356240561,13.670521456739849
0,105,-1.0,1.0,1.246056362055532,17.6657374857178
0,106,-1.0,1.0,0.49166866643431445,11.969285425173746
0,107,-1.0,-1.0,-0.26906044112169986,14.05790434868973
0,108,-1.0,1.0,0.7624078640372283,11.641622398451224
0,109,-1.0,1.0,0.32912591599312024,17.163177269264388
0,110,-1.0,1.0,0.006959986267536633,11.70121823582188
0,111,-1.0,1.0,0.24731777284989362,14.802248999747828
0,112,-1.0,1.0,0.18423705748587224,14.782548179146202
0,113,-1.0,-1.0,-0.5779257620236953,11.908523023265468
0,114,-1.0,1.0,0.022205950290596396,12.261406488885168
0,115,-1.0,1.0,1.0354548282010492,17.47611539984432
0,116,-1.0,1.0,1.7331955959847907,18.41738885903317
0,117,-1.0,-1.0,-0.060338468089324915,18.094574205043493
0,118,-1.0,1.0,0.2283379849768956,11.66763058775522
0,119,-1.0,1.0,0.5695023782609574,15.818015844170677
0,120,-1.0,-1.0,-0.48228014018156873,11.262744091634206
0,121,-1.0,1.0,0.39919061152077817,13.888874467966144
0,122,-1.0,1.0,0.6536150172771549,13.377353515715921
0,123,-1.0,1.0,0.5499750053247945,15.67592469367095
0,124,-1.0,-1.0,-0.0883824370551767,17.048752273524915
0,125,-1.0,1.0,0.5904771278842961,16.49472740872736
0,126,-1.0,1.0,0.35197432732951794,14.356477361111033
0,127,-1.0,1.0,0.9847664563566848,17.239906638131252
1,0,1.0,-1.0,-0.7561687273754258,14.99739972774681
1,1,1.0,-1.0,-0.43555959084863094,13.209362084723722
1,2,1.0,1.0,0.07511807687163637,15.341221760319053
1,3,1.0,-1.0,-1.4513232592401828,18.504554772362187
1,4,1.0,-1.0,-0.49433893271183554,13.634515096929157
1,5,1.0,-1.0,-1.2712638809425545,18.690069371692328
1,6,1.0,1.0,1.042051440009289,13.69224400786906
1,7,1.0,-1.0,-1.5136935220855197,14.22077311291115
1,8,1.0,1.0,0.44007215426998286,12.374135877053249
1,9,1.0,1.0,0.7623702563031807,11.689212901565007
1,10,1.0,1.0,0.1553787197209652,12.70207294755722
1,11,1.0,-1.0,-0.6133458397057672,18.842644500430463
1,12,1.0,1.0,0.3182331325242538,13.875405629331498
1,13,1.0,-1.0,-1.7008590318166668,14.359086668245688
1,14,1.0,-1.0,-0.5393257447756514,15.750340099049499
1,15,1.0,-1.0,-0.3350733531938055,17.112812501170783
1,16,1.0,-1.0,-0.7564800015652718,15.023641127853889
1,17,1.0,-1.0,-0.30309420591202396,14.247964049013444
1,18,1.0,-1.0,-0.02082150696709055,16.177204372317668
1,19,1.0,1.0,0.5860781447996777,14.866719272006257
1,20,1.0,-1.0,-1.5581521879524112,15.098742048818364
1,21,1.0,-1.0,-0.12286293557765972,15.85456262116558
1,22,1.0,1.0,0.15309409603180474,16.766482272759422
1,23,1.0,1.0,0.41864389639013494,16.032254169513486
1,24,1.0,-1.0,-2.028594410899929,15.458704178214791
1,25,1.0,-1.0,-0.6487329088559255,18.27914879168429
1,26,1.0,1.0,0.38037500718603234,17.378199906751398
1,27,1.0,-1.0,-2.129801491858776,15.772852199172421
1,28,1.0,1.0,0.9587909532713782,15.318703015729163
1,29,1.0,-1.0,-0.668129997940444,16.73324900890948
1,30,1.0,1.0,0.3596496049503629,12.380564889410858
1,31,1.0,-1.0,-0.8390445496177494,18.10008329823238
1,32,1.0,-1.0,-1.507284023447697,13.679379793163363
1,33,1.0,-1.0,-0.26418587483219347,11.933219516221836
1,34,1.0,1.0,0.0018898189009784183,14.031818408640481
1,35,1.0,1.0,0.32701030359693134,14.607226114211311
1,36,1.0,1.0,0.09442892891986612,14.49106530997059
1,37,1.0,1.0,0.3883466913181402,13.164291827681152
1,38,1.0,1.0,0.04322966016185445,10.62787852726883
1,39,1.0,1.0,0.03496379347746709,17.544986932895753
1,40,1.0,-1.0,-0.9041838758706134,14.321286701223679
1,41,1.0,-1.0,-0.07189462932027593,13.048038120048144
1,42,1.0,-1.0,-1.9048188262142516,16.663134552933524
1,43,1.0,1.0,0.006436644409271469,12.637469879766115
1,44,1.0,1.0,0.2051913596225704,12.597351631146557
1,45,1.0,1.0,0.08197889283876145,13.913447816391056
1,46,1.0,1.0,0.7971151635738043,14.161095789013018
1,47,1.0,1.0,0.7360223743081022,14.953794241050174
1,48,1.0,-1.0,-1.2145534188752851,15.320688487633994
1,49,1.0,1.0,0.7543870685886663,12.172726922890506
1,50,1.0,-1.0,-0.459328511594493,18.118676683950568
1,51,1.0,-1.0,-0.9593852869623745,14.453349793009938
1,52,1.0,-1.0,-2.232654940495187,18.70712139514751
1,53,1.0,1.0,0.29297775103338514,13.63975000655918
1,54,1.0,-1.0,-0.8990745961035678,15.721235905514252
1,55,1.0,-1.0,-0.07607669499146777,17.107947867163304
1,56,1.0,-1.0,-0.5734286101177184,12.104713868549116
1,57,1.0,-1.0,-0.6542556515279195,11.237932901796015
1,58,1.0,-1.0,-1.7736645561384086,13.681439651892807
1,59,1.0,-1.0,-1.5833192372458662,16.828010265796298
1,60,1.0,-1.0,-0.7342801433159618,18.193863941741373
1,61,1.0,-1.0,-0.3263227881693439,15.629638600496206
1,62,1.0,1.0,0.8397979838322597,13.7730096517511
1,63,1.0,1.0,0.23864909335020387,12.00494558418635
1,64,-1.0,1.0,1.369534374557618,12.919076112856105
1,65,-1.0,-1.0,-1.1919643034230558,14.062880775272605
1,66,-1.0,-1.0,-0.2101073127680128,14.596542396052495
1,67,-1.0,1.0,0.8615654922617293,18.320098277733752
1,68,-1.0,1.0,0.36811721167106004,14.94199574788008
1,69,-1.0,-1.0,-0.7500561425652075,17.4375257533343
1,70,-1.0,1.0,1.2413768692056173,16.994746150741875
1,71,-1.0,-1.0,-0.15832011179048555,10.082444046272455
1,72,-1.0,1.0,0.09827609795677741,15.940932512353317
1,73,-1.0,-1.0,-1.3405188728379096,17.622772520346285
1,74,-1.0,1.0,0.3515530397181539,17.005234220852415
1,75,-1.0,-1.0,-1.4902542557310816,16.664747005765438
1,76,-1.0,-1.0,-0.3359780217476801,15.880237609511639
1,77,-1.0,1.0,0.31187131292280795,17.493448171134844
1,78,-1.0,1.0,0.23734770002723565,17.418784936422814
1,79,-1.0,-1.0,-0.8440114686684872,13.927781381332721
1,80,-1.0,-1.0,-1.368641732189293,16.016841526764626
1,81,-1.0,-1.0,-0.5420198804634699,18.95866698668326
1,82,-1.0,-1.0,-0.761751304513625,18.024600804517124
1,83,-1.0,1.0,0.5174124027931131,12.78223411140578
1,84,-1.0,-1.0,-1.1917185911184989,15.930803958631193
1,85,-1.0,1.0,0.14344021026115253,15.955424505406004
1,86,-1.0,1.0,0.5430817013363459,16.182875439094744
1,87,-1.0,-1.0,-0.3607498227190415,13.651451919697601
1,88,-1.0,1.0,1.2136563772142293,13.72618663304801
1,89,-1.0,1.0,0.5426675553370849,17.873473084862315
1,90,-1.0,1.0,0.3883579684058622,13.685418188594586
1,91,-1.0,1.0,0.43737084648482916,16.226905516527587
1,92,-1.0,-1.0,-0.8556719491614739,18.892232987384357
1,93,-1.0,1.0,0.14143808352008228,15.629034988224793
1,94,-1.0,1.0,0.7773955924205698,15.27066811143283
1,95,-1.0,-1.0,-0.7771069973581783,14.627632856802185
1,96,-1.0,-1.0,-1.2475246464120953,18.985796871112356
1,97,-1.0,-1.0,-0.14002337421873268,12.607983393545464
1,98,-1.0,-1.0,-0.7945472084449795,14.145673423821224
1,99,-1.0,1.0,0.8247525755791897,12.854498192187544
1,100,-1.0,-1.0,-0.4012585952469516,15.068103474015937
1,101,-1.0,-1.0,-0.22735041725682814,12.837543198813362
1,102,-1.0,1.0,0.30883207255946155,13.771096514436794
1,103,-1.0,-1.0,-0.3341054133102161,16.912126169531245
1,104,-1.0,-1.0,-0.025251650928689973,16.006841025063846
1,105,-1.0,1.0,1.2659656545909246,15.268686232369138
1,106,-1.0,1.0,0.7380040110880477,17.092771464012834
1,107,-1.0,1.0,0.88980975428571,13.505854521477103
1,108,-1.0,1.0,0.21340684641550026,18.442878097982593
1,109,-1.0,-1.0,-0.6168337965743541,15.16829211476085
1,110,-1.0,1.0,0.9918473127107693,14.90120333158079
1,111,-1.0,-1.0,-0.11331556245715044,13.29460557651694
1,112,-1.0,-1.0,-0.33628611410424786,13.368479260671986
1,113,-1.0,-1.0,-0.899002754604917,18.00787328352645
1,114,-1.0,-1.0,-0.5166874031777686,15.480648852748581
1,115,-1.0,1.0,1.1722264302699459,11.875218492348674
1,116,-1.0,-1.0,-0.399157051064826,17.951292469334508
1,117,-1.0,-1.0,-0.5174767810265903,17.36539506396662
1,118,-1.0,1.0,0.7638238153450142,14.595493913121885
1,119,-1.0,-1.0,-0.20576724527423354,14.608121371521712
1,120,-1.0,-1.0,-0.28922577218646134,11.84375770161315
1,121,-1.0,-1.0,-1.1098955156750276,13.105438036340797
1,122,-1.0,1.0,0.28284327375842344,12.409712713102046
1,123,-1.0,1.0,0.5217735787701604,14.713597016917713
1,124,-1.0,-1.0,-1.150349037994256,14.638863909768416
1,125,-1.0,1.0,0.08095613131788339,14.37629466134974
1,126,-1.0,1.0,1.0359310841783922,15.629762770992187
1,127,-1.0,-1.0,-0.264388231065124,14.943639310641476
2,0,1.0,-1.0,-1.1522636339443117,16.3117775950835
2,1,1.0,-1.0,-0.32275393707876215,19.560503070235818
2,2,1.0,-1.0,-0.23877204577422517,17.315518246114202
2,3,1.0,-1.0,-0.5514541177870932,19.032945734710744
2,4,1.0,1.0,0.2220791360767585,15.324711761991061
2,5,1.0,-1.0,-0.17556080601412452,15.739528647713485
2,6,1.0,-1.0,-0.42990640499691246,13.895251642255921
2,7,1.0,1.0,0.2492955758931213,13.274693933966285
2,8,1.0,-1.0,-0.09110190488673126,15.63657336024906
2,9,1.0,-1.0,-1.5154278621957875,19.109942400908345
2,10,1.0,-1.0,-0.35864223749529733,20.016400067922074
2,11,1.0,1.0,0.14694369302254345,15.780566066329106
2,12,1.0,1.0,0.21104253106677087,14.719054739893721
2,13,1.0,-1.0,-0.5476485870915841,15.974703601154689
2,14,1.0,-1.0,-0.7089342113988198,19.288242312664824
2,15,1.0,1.0,0.3642795910292798,15.218045894953372
2,16,1.0,-1.0,-0.5445667600371571,14.84069483827331
2,17,1.0,-1.0,-0.1529776049024425,14.91283199924052
2,18,1.0,-1.0,-0.9036304141665961,10.671480290489326
2,19,1.0,-1.0,-0.5086607866062763,16.209825051158766
2,20,1.0,-1.0,-0.7276104987533776,17.875713724959233
2,21,1.0,-1.0,-0.6397572334730355,12.948080271310582
2,22,1.0,-1.0,-0.7958848176085447,17.71667199252524
2,23,1.0,1.0,0.09779023623556216,13.896305841546734
2,24,1.0,-1.0,-0.5474265420090247,17.025693826163685
2,25,1.0,-1.0,-0.28953334164686967,15.031145797156142
2,26,1.0,-1.0,-0.3353807733107038,13.35712153908715
2,27,1.0,-1.0,-0.7787721078528212,15.26746470543333
2,28,1.0,-1.0,-0.4778630533339185,17.65471747115489
2,29,1.0,1.0,0.35865711222570035,16.843490947238976
2,30,1.0,-1.0,-0.16877480621330276,14.385920698520957
2,31,1.0,-1.0,-0.30792578013553296,14.194366760527203
2,32,1.0,-1.0,-1.244022301186593,15.790714806534442
2,33,1.0,1.0,0.17253298420479488,18.162741407670573
2,34,1.0,1.0,0.055113341050266995,16.570526094985986
2,35,1.0,-1.0,-0.3317568904767453,18.26957738165895
2,36,1.0,1.0,0.12300596764797446,17.401747366879608
2,37,1.0,-1.0,-0.21946816717009407,15.177531844250108
2,38,1.0,-1.0,-0.31750177402130964,13.349039829306175
2,39,1.0,-1.0,-0.40562784241698735,15.305069184329454
2,40,1.0,1.0,0.09305861550024619,13.688237607549727
2,41,1.0,1.0,0.191648159994297,13.205692703325983
2,42,1.0,1.0,0.47919429292585014,13.219749655621928
2,43,1.0,-1.0,-0.5190557337426904,15.955358522649993
2,44,1.0,-1.0,-0.39786114885671253,15.125718824303197
2,45,1.0,-1.0,-1.2004686628781123,19.11216749139922
2,46,1.0,-1.0,-0.13188866928530307,13.756958417140694
2,47,1.0,-1.0,-0.5840927819381221,20.177610677036526
2,48,1.0,1.0,0.44084005080078464,14.437314525300659
2,49,1.0,-1.0,-1.0235077544795548,17.601114701701256
2,50,1.0,-1.0,-0.5978258376995851,14.458462781182089
2,51,1.0,-1.0,-0.3732274404282758,19.048035102014026
2,52,1.0,-1.0,-0.9519637895729667,15.117129887764266
2,53,1.0,-1.0,-0.18143821754201803,14.199685647472796
2,54,1.0,1.0,0.14294856739258285,10.943453292217495
2,55,1.0,1.0,0.16841055598343108,16.760768385051374
2,56,1.0,-1.0,-0.20944857083883225,15.481189496337523
2,57,1.0,-1.0,-0.7537475352538245,15.351151298909132
2,58,1.0,1.0,0.3036055377512264,13.725644048907359
2,59,1.0,-1.0,-0.7973113831036999,17.33400045912636
2,60,1.0,-1.0,-0.09179297819826218,13.645373685657201
2,61,1.0,-1.0,-0.8776388801530957,16.558902440874686
2,62,1.0,-1.0,-0.421410435836109,15.536892012689023
2,63,1.0,-1.0,-0.32618619986135405,14.494627931175495
2,64,-1.0,1.0,1.1162273527667697,16.089013511108163
2,65,-1.0,-1.0,-0.5849486038779,16.353346055542826
2,66,-1.0,-1.0,-0.22880366816361997,12.989999158614303
2,67,-1.0,-1.0,-0.7394682559341494,14.241826487500774
2,68,-1.0,-1.0,-0.0005393345352964762,18.36218350654802
2,69,-1.0,1.0,0.4754059553967837,14.163089534880289
2,70,-1.0,1.0,0.36591871264606857,18.52834806473563
2,71,-1.0,1.0,0.962541261137727,13.045546622819593
2,72,-1.0,-1.0,-0.03637434108345214,13.965614384740846
2,73,-1.0,1.0,0.4701469341833596,17.685758444421854
2,74,-1.0,-1.0,-0.3578363589954164,11.907777914799295
2,75,-1.0,1.0,0.4366040247309793,11.773724571687437
2,76,-1.0,-1.0,-0.19217055100700875,16.00581978765071
2,77,-1.0,1.0,0.38620675873315,16.726578407105556
2,78,-1.0,1.0,0.2750041165555919,19.074355794473263
2,79,-1.0,1.0,0.39785887074895926,13.784416206222383
2,80,-1.0,1.0,0.7626718015558682,14.846293949943362
2,81,-1.0,-1.0,-0.11197670585167159,14.586444572382309
2,82,-1.0,-1.0,-0.0034063415060107405,16.193164970417122
2,83,-1.0,1.0,1.177428427389224,15.020244699246934
2,84,-1.0,1.0,0.6902531835955159,14.453228015805525
2,85,-1.0,1.0,0.7045442806787463,16.950268071219387
2,86,-1.0,1.0,0.5177131286240952,12.803235481803226
2,87,-1.0,1.0,0.4839658814237692,18.568354924580813
2,88,-1.0,1.0,0.4714562742574684,16.73223202947825
2,89,-1.0,-1.0,-0.550051212904896,16.66429193002873
2,90,-1.0,1.0,0.5567231993713051,19.48164609132383
2,91,-1.0,-1.0,-0.21834957224498516,13.680378071974467
2,92,-1.0,1.0,0.16162526944048675,11.894372274210475
2,93,-1.0,1.0,0.41148309934873567,18.63386809919633
2,94,-1.0,1.0,0.6789242306525882,14.329292680000666
2,95,-1.0,1.0,0.07490680335158416,15.06712477091806
2,96,-1.0,1.0,0.8250768208455886,16.438210534785114
2,97,-1.0,1.0,0.19964915145661533,14.825493176452033
2,98,-1.0,1.0,0.6197324169365018,15.836183881788473
2,99,-1.0,1.0,0.4037906016900005,11.099758781715158
2,100,-1.0,-1.0,-0.004175547752283265,18.775696609165603
2,101,-1.0,1.0,1.264967806845637,19.08169159035023
2,102,-1.0,1.0,0.631069158374547,16.34479919910503
2,103,-1.0,1.0,0.8418700546055901,14.549387125231302
2,104,-1.0,1.0,0.9183212294222657,16.38272603611631
2,105,-1.0,1.0,0.5098633432897901,19.30765000138751
2,106,-1.0,1.0,0.637113204938584,12.42306879985885
2,107,-1.0,-1.0,-0.023931337195863614,14.558299126651093
2,108,-1.0,1.0,0.028287975391344825,17.84004664136949
2,109,-1.0,1.0,0.06705670687606707,19.105876144454758
2,110,-1.0,1.0,0.14272270681578086,19.802623229294785
2,111,-1.0,1.0,0.5816930034221487,16.21329977228029
2,112,-1.0,1.0,0.2845125830345944,14.316954389071578
2,113,-1.0,1.0,0.6583759704775322,13.619600092493384
2,114,-1.0,-1.0,-0.03470385394448047,12.670651342958847
2,115,-1.0,1.0,1.0379507959807857,16.72335649729465
2,116,-1.0,-1.0,-0.4159513212614064,17.228041614678844
2,117,-1.0,-1.0,-0.08844288335155348,11.503830236541212
2,118,-1.0,1.0,0.581652451703204,17.664675053018627
2,119,-1.0,1.0,0.3857341412624662,17.545225791457373
2,120,-1.0,1.0,0.200517544989127,18.9180022885515
2,121,-1.0,-1.0,-0.07983450682125408,15.713189240457318
2,122,-1.0,1.0,0.46868828988203837,16.471172769240308
2,123,-1.0,1.0,0.6035520621010569,18.404634561247782
2,124,-1.0,-1.0,-0.06606650714056185,13.045792379625134
2,125,-1.0,-1.0,-0.6718807330766371,15.651757927721269
2,126,-1.0,1.0,0.8275014188601092,15.246676346805543
2,127,-1.0,1.0,0.5312363814163369,17.07035563969999
3,0,1.0,-1.0,-0.5132502734847146,17.6228736693283
3,1,1.0,-1.0,-0.3955414403422156,13.887549192775369
3,2,1.0,1.0,0.4384249792391894,13.566802741457039
3,3,1.0,1.0,0.4476619957583362,15.416923169277824
3,4,1.0,1.0,0.4847862206902967,17.64546848852277
3,5,1.0,1.0,0.5907486542501905,15.17666572631113
3,6,1.0,1.0,0.36846360518700605,17.50455154629632
3,7,1.0,1.0,0.9817468553797792,16.767854492411022
3,8,1.0,-1.0,-0.799184741750163,15.685047392370112
3,9,1.0,-1.0,-0.2098572646821777,12.806337900563294
3,10,1.0,1.0,1.0516952953591148,14.597867615538693
3,11,1.0,1.0,0.08973540541693707,18.917597300399915
3,12,1.0,-1.0,-0.46084043547968995,17.982249911927862
3,13,1.0,-1.0,-0.09820863344404425,17.799601938290866
3,14,1.0,1.0,0.19825013953533316,16.042577343285604
3,15,1.0,1.0,1.6406683683806063,15.944434224685905
3,16,1.0,-1.0,-0.1757835794790607,19.17820360888
3,17,1.0,1.0,0.13623902790357068,17.133292931282174
3,18,1.0,-1.0,-0.6394123677227768,17.76196712781802
3,19,1.0,1.0,0.4678316893062204,18.947659076859033
3,20,1.0,-1.0,-0.6462209800648921,13.267857147359624
3,21,1.0,-1.0,-1.6081893695919236,17.13685889043951
3,22,1.0,1.0,0.43653034307463157,18.380926662030767
3,23,1.0,1.0,0.014778297150779066,13.176744151472256
3,24,1.0,1.0,0.3199642697992543,13.795191726256117
3,25,1.0,-1.0,-0.3620927718352788,14.619436332273867
3,26,1.0,1.0,0.1652653315095924,18.393696543574283
3,27,1.0,-1.0,-0.009676260382184887,13.744203634830896
3,28,1.0,-1.0,-0.22746529804347726,16.61648839397344
3,29,1.0,-1.0,-0.48832975015511365,15.316450650663928
3,30,1.0,1.0,0.7744447546788017,19.015047397372257
3,31,1.0,-1.0,-0.8923792119658773,16.283016084418207
3,32,1.0,-1.0,-0.4698897033907895,12.681900389743744
3,33,1.0,1.0,0.9116158315434868,16.547975234501685
3,34,1.0,-1.0,-0.24009663273402315,14.518442935103364
3,35,1.0,1.0,0.11974933532210007,16.056711610453846
3,36,1.0,-1.0,-1.0936864423460533,13.60527676246373
3,37,1.0,1.0,1.5106048337058573,14.708196855838558
3,38,1.0,1.0,0.41408277946719735,18.7345641628301
3,39,1.0,1.0,0.6820757224434764,13.219242285464038
3,40,1.0,-1.0,-0.15570703208158398,12.048484299868866
3,41,1.0,-1.0,-0.7012954684161697,14.948153666340668
3,42,1.0,-1.0,-0.8565655590810833,15.600498021505757
3,43,1.0,-1.0,-0.0562001893110774,14.140547699984396
3,44,1.0,-1.0,-0.2381406711656431,15.037310303629624
3,45,1.0,-1.0,-0.3512960420552118,15.945646787355058
3,46,1.0,-1.0,-0.8246104446110372,16.99243312195139
3,47,1.0,-1.0,-0.21565929785714405,13.94199579623029
3,48,1.0,1.0,0.662391734299479,13.722361274160802
3,49,1.0,-1.0,-0.18102365508299995,13.518048623249351
3,50,1.0,1.0,0.7266227303266611,18.18985797106324
3,51,1.0,-1.0,-0.5581816638308432,12.475986770256668
3,52,1.0,1.0,0.06734593584478575,14.909415813939493
3,53,1.0,-1.0,-0.017836690999994007,13.933300862396992
3,54,1.0,-1.0,-0.7855152501396271,13.343028167312099
3,55,1.0,1.0,0.7982347038890157,16.942981963748377
3,56,1.0,1.0,0.06587317286815797,13.258839167328729
3,57,1.0,1.0,1.1684184710386667,14.077201767335984
3,58,1.0,1.0,0.15390848979428678,16.244769937403863
3,59,1.0,1.0,0.14701834938513048,14.29280766069166
3,60,1.0,1.0,1.24356844040505,14.789156558937556
3,61,1.0,1.0,0.7694479375935561,14.174150271225797
3,62,1.0,-1.0,-0.7486499187905626,17.23017441716704
3,63,1.0,1.0,0.8772418142215479,14.888543305375656
3,64,-1.0,1.0,1.162655608774711,19.402978894113243
3,65,-1.0,1.0,0.2882294471238811,15.659056200305805
3,66,-1.0,1.0,0.46636816255207064,15.147031371647673
3,67,-1.0,1.0,0.6704787626599619,14.01879513855401
3,68,-1.0,1.0,1.164756068358583,14.486544540061091
3,69,-1.0,1.0,0.12008340078772838,11.99908762721084
3,70,-1.0,1.0,0.5384295722448587,18.340043724428778
3,71,-1.0,1.0,0.08211370835027207,13.245869806817037
3,72,-1.0,-1.0,-0.22111576210410508,18.685274750805693
3,73,-1.0,1.0,0.7642001563352613,14.73206545559645
3,74,-1.0,1.0,0.16366258444709944,12.877234307372618
3,75,-1.0,-1.0,-0.6107923268023503,14.338901557774683
3,76,-1.0,-1.0,-1.1351437754467892,15.146060682798417
3,77,-1.0,1.0,0.4498851211403321,16.389992969075546
3,78,-1.0,1.0,0.6848389157069734,14.937521634835479
3,79,-1.0,1.0,0.6794358867380417,16.553894558334925
3,80,-1.0,1.0,0.26293803303614527,14.416938652879649
3,81,-1.0,-1.0,-0.3197431166508475,17.491017494798367
3,82,-1.0,1.0,0.09440419268239376,11.938251114376715
3,83,-1.0,-1.0,-0.16048833100877086,19.16605170457006
3,84,-1.0,-1.0,-0.840558876515234,16.684040326048915
3,85,-1.0,1.0,0.9082706436370258,14.510983525495316
3,86,-1.0,1.0,0.9209697588994165,13.35424035595348
3,87,-1.0,-1.0,-0.40788140940785167,17.95003907860057
3,88,-1.0,-1.0,-0.5042124728009395,14.259264627122374
3,89,-1.0,-1.0,-0.5328880792650124,15.22550710800014
3,90,-1.0,-1.0,-1.0119999613477488,14.970099017791174
3,91,-1.0,1.0,0.8704083140920456,15.391936989639957
3,92,-1.0,1.0,1.5037722879983004,15.514972544343184
3,93,-1.0,-1.0,-0.1422659056383631,15.393663090166426
3,94,-1.0,1.0,0.8707812498756047,11.164574678720532
3,95,-1.0,1.0,0.48001648791768703,19.60104778537521
3,96,-1.0,-1.0,-0.22620745756636565,12.754537187288046
3,97,-1.0,1.0,0.8629427632288211,14.921567460542276
3,98,-1.0,1.0,1.2296903004817037,17.214923363317777
3,99,-1.0,1.0,0.9835553377434052,14.898547694427492
3,100,-1.0,-1.0,-0.6988745784724137,17.310301765872694
3,101,-1.0,1.0,1.596590917488734,17.109703047537796
3,102,-1.0,-1.0,-0.046997061071326646,11.048656555115633
3,103,-1.0,1.0,0.07421076008043218,15.942632092813078
3,104,-1.0,-1.0,-0.033223776780443234,19.27057309944631
3,105,-1.0,1.0,0.23008506932389955,17.39337659006445
3,106,-1.0,-1.0,-0.5866808198743568,16.00995777453052
3,107,-1.0,-1.0,-0.32238558991177624,14.409516072745673
3,108,-1.0,1.0,0.5726098781459648,14.085061476136715
3,109,-1.0,-1.0,-0.21768515433120955,13.292568289075785
3,110,-1.0,-1.0,-0.3997105995853912,14.288683781817614
3,111,-1.0,1.0,1.2247190791927958,12.89693383066738
3,112,-1.0,1.0,0.7563359218788495,13.87258615930351
3,113,-1.0,-1.0,-1.3563967216633455,15.70738034728827
3,114,-1.0,-1.0,-1.187245602839338,14.36398484511713
3,115,-1.0,-1.0,-0.9110558925456294,15.820528385977186
3,116,-1.0,1.0,0.9494569709909676,15.884481609591543
3,117,-1.0,1.0,1.5504957708156055,18.206904794837797
3,118,-1.0,1.0,1.3665763079034374,13.320541702747818
3,119,-1.0,-1.0,-0.12828570677592546,17.60119056310835
3,120,-1.0,1.0,0.15812579002486843,11.92157690443058
3,121,-1.0,-1.0,-0.7782831252111382,15.7421381492072
3,122,-1.0,-1.0,-0.6033325270415436,13.304296956457646
3,123,-1.0,-1.0,-0.9609819764299787,17.061347776309013
3,124,-1.0,1.0,0.8667397152964713,14.706857680330137
3,125,-1.0,1.0,0.5877889542568103,14.94277156315107
3,126,-1.0,1.0,1.7835425189216174,16.547783955787125
3,127,-1.0,1.0,0.7885138304729715,11.715664572178586
4,0,1.0,-1.0,-0.4140278948178627,13.130414100740447
4,1,1.0,-1.0,-0.29655093976362323,17.655527034526052
4,2,1.0,1.0,0.5424450130955781,11.76482170418958
4,3,1.0,1.0,0.28147817606873105,16.812348672689236
4,4,1.0,-1.0,-0.25895608026924805,12.537847852004331
4,5,1.0,1.0,0.42881888429625536,14.552886664841482
4,6,1.0,-1.0,-0.0699277299764449,12.316886156758859
4,7,1.0,-1.0,-0.7622516267722185,13.641637514554608
4,8,1.0,-1.0,-0.534342858758625,14.280299354798043
4,9,1.0,-1.0,-0.3571965147474015,15.970822625877135
4,10,1.0,1.0,0.027903297314320508,16.161743663452693
4,11,1.0,-1.0,-0.6148993129240777,14.347169329040401
4,12,1.0,1.0,0.010768787360048285,18.985297970109762
4,13,1.0,-1.0,-0.9765170152723093,19.561141916723336
4,14,1.0,1.0,0.9509956585779544,16.566043125150667
4,15,1.0,1.0,0.13516134467401478,18.622664462431054
4,16,1.0,-1.0,-1.1301328826185315,17.285407863197648
4,17,1.0,-1.0,-0.7274025342833284,17.805883503141693
4,18,1.0,1.0,0.025395668627437945,15.23151478451765
4,19,1.0,1.0,0.20835904511085737,17.1658079835149
4,20,1.0,-1.0,-0.026251043733504092,15.841980963359447
4,21,1.0,-1.0,-0.4218067865019583,15.511264423029006
4,22,1.0,1.0,0.339241798207792,16.08006040148879
4,23,1.0,-1.0,-0.9885508626169244,14.927812325352763
4,24,1.0,-1.0,-1.4889514791438385,17.12667460801198
4,25,1.0,-1.0,-0.4141324816627077,14.746556153730738
4,26,1.0,-1.0,-0.6495527168473479,15.360463424617594
4,27,1.0,1.0,0.37142460434032665,17.674947749518548
4,28,1.0,-1.0,-0.8024285060247796,15.771830223036904
4,29,1.0,1.0,0.9232647364706207,16.756517195618294
4,30,1.0,-1.0,-0.2517795825472732,15.437114209168062
4,31,1.0,-1.0,-0.8302044226431357,19.433281545177284
4,32,1.0,-1.0,-0.1937497498103832,18.166740575466708
4,33,1.0,-1.0,-0.25651451519570284,13.454615027356889
4,34,1.0,1.0,0.11991353152339246,15.375292161536999
4,35,1.0,1.0,0.5484030548650135,17.31697148794476
4,36,1.0,-1.0,-0.15695446275252978,13.439429924887909
4,37,1.0,1.0,0.3938043493379255,17.232752292270913
4,38,1.0,1.0,0.129716242268777,12.074811319518917
4,39,1.0,-1.0,-0.4656636689203343,17.06721480419191
4,40,1.0,-1.0,-0.1521106016099582,10.717747362840033
4,41,1.0,-1.0,-0.30660609654037996,12.500679009392476
4,42,1.0,-1.0,-0.9136676653105373,19.04305899409383
4,43,1.0,1.0,0.08014468465697958,15.873667366576994
4,44,1.0,1.0,0.13029844765448692,12.06381188039132
4,45,1.0,-1.0,-0.0005481552424738689,18.609497606061492
4,46,1.0,-1.0,-0.5767825527868056,15.480821406359858
4,47,1.0,-1.0,-1.0041417702279947,17.74115657579651
4,48,1.0,-1.0,-0.3339573405755951,14.717518128783771
4,49,1.0,-1.0,-0.9903615072471178,13.382678013882323
4,50,1.0,1.0,0.14710489726283407,13.258647626992591
4,51,1.0,1.0,0.08195631218468541,17.550882603609878
4,52,1.0,-1.0,-0.8711080483061149,18.060020161261345
4,53,1.0,-1.0,-0.6082981284804471,15.846513269861573
4,54,1.0,-1.0,-0.2965139658170639,12.423836986552018
4,55,1.0,-1.0,-0.5177724571922508,14.749520092153466
4,56,1.0,1.0,0.6232919175785221,13.209661172803921
4,57,1.0,-1.0,-0.7547851040668844,16.842914293664386
4,58,1.0,-1.0,-0.9402334957937836,13.175414576541542
4,59,1.0,1.0,0.3598803452025479,15.115202031766666
4,60,1.0,1.0,0.04309892532917861,13.211882128575008
4,61,1.0,-1.0,-1.6247220749939701,16.071051188589195
4,62,1.0,-1.0,-0.3725110011254732,18.42000868899768
4,63,1.0,-1.0,-1.920128365993796,15.40427624715007
4,64,-1.0,1.0,0.5140305741904883,12.489968714228528
4,65,-1.0,-1.0,-0.3731279441657773,15.735560085994372
4,66,-1.0,1.0,0.5790171435327865,12.891899443281602
4,67,-1.0,-1.0,-0.5415930483096939,15.877884343935284
4,68,-1.0,-1.0,-0.77414220448701,15.925189108386947
4,69,-1.0,-1.0,-0.15734285727865133,15.963021508580809
4,70,-1.0,-1.0,-0.347660811478417,14.134726470094028
4,71,-1.0,1.0,0.3116681293749292,13.754458768488782
4,72,-1.0,-1.0,-0.2521961725440431,18.68996121096155
4,73,-1.0,-1.0,-0.40120937046521077,12.17443326819242
4,74,-1.0,1.0,1.4090849865552175,13.250185337106233
4,75,-1.0,-1.0,-0.14940801316476576,13.504148989335967
4,76,-1.0,-1.0,-0.25069554065608635,15.846502112608455
4,77,-1.0,1.0,0.7975892224673633,18.91366991096097
4,78,-1.0,-1.0,-0.33454793068279975,13.958375302493417
4,79,-1.0,-1.0,-0.27004665773615366,18.431494400069372
4,80,-1.0,-1.0,-1.3855822928617507,17.25085697758621
4,81,-1.0,-1.0,-0.8868702583306761,14.851300406380478
4,82,-1.0,-1.0,-0.9710423803261493,17.694913323875525
4,83,-1.0,1.0,0.898370647791308,14.981031463883431
4,84,-1.0,1.0,0.32600242671349633,19.731710302158106
4,85,-1.0,1.0,0.544945251236695,14.405871504171255
4,86,-1.0,1.0,0.12616081978102167,12.974963394452095
4,87,-1.0,1.0,0.6270910836807893,17.339114727939158
4,88,-1.0,1.0,0.00020780829469500828,18.570943736376222
4,89,-1.0,-1.0,-0.8942668616482249,16.218724727956182
4,90,-1.0,1.0,0.8477340654038718,18.51939537268363
4,91,-1.0,1.0,0.3915111130203701,13.537738086135247
4,92,-1.0,-1.0,-0.26743319014766714,17.982153423877275
4,93,-1.0,1.0,0.6707251151353819,15.13179480187163
4,94,-1.0,-1.0,-0.2613549849682171,15.304180825060403
4,95,-1.0,1.0,0.35480303905492167,14.869671997278255
4,96,-1.0,-1.0,-0.6990386469726149,13.654025398934145
4,97,-1.0,1.0,1.137931379439419,14.993332490735172
4,98,-1.0,-1.0,-0.7923850407288711,17.217217871473686
4,99,-1.0,1.0,0.38943942703717516,15.010504937643407
4,100,-1.0,1.0,0.6359495744489331,18.242319210950715
4,101,-1.0,1.0,0.13897511990270822,16.09456319937666
4,102,-1.0,-1.0,-0.19846227612174844,14.166051254960003
4,103,-1.0,1.0,0.06935018776662727,15.348134090697883
4,104,-1.0,-1.0,-0.06347194098845782,18.188999659205788
4,105,-1.0,1.0,0.3466305589341742,19.403428953294636
4,106,-1.0,-1.0,-0.10451963453184272,15.176741619681126
4,107,-1.0,-1.0,-0.7716019647872957,18.153752129266373
4,108,-1.0,-1.0,-0.20721488811604188,16.609902503214325
4,109,-1.0,1.0,0.8058460067596361,14.103031431368871
4,110,-1.0,1.0,0.26942513958579567,14.294696624966418
4,111,-1.0,-1.0,-0.6452689403472328,14.784384170517615
4,112,-1.0,1.0,1.1461425533355407,17.10545292854772
4,113,-1.0,-1.0,-0.012030739058132053,15.962961678089195
4,114,-1.0,-1.0,-0.30201964744370824,18.487073277814893
4,115,-1.0,-1.0,-0.6745871046543609,17.127130918160088
4,116,-1.0,-1.0,-0.040306942854852756,14.919677267438706
4,117,-1.0,1.0,0.8289098743950801,13.905314524294884
4,118,-1.0,1.0,0.20088525277026975,14.460240238498502
4,119,-1.0,1.0,0.3675587697881004,16.29769917518459
4,120,-1.0,1.0,0.816713519899063,15.970149735239449
4,121,-1.0,1.0,0.9378171284669916,15.294582776949763
4,122,-1.0,1.0,0.5354100823691069,15.632087786534377
4,123,-1.0,-1.0,-0.5214179792156391,12.39364968697113
4,124,-1.0,1.0,1.228426143448171,15.076859189280968
4,125,-1.0,-1.0,-0.3539827358342817,18.21687136682036
4,126,-1.0,-1.0,-0.3614085776778968,17.319534149974345
4,127,-1.0,1.0,0.2133344864992123,16.315425443163726
5,0,1.0,-1.0,-1.8847728508386208,14.805316017892961
5,1,1.0,1.0,0.11929383977094116,16.75221113759029
5,2,1.0,-1.0,-0.3250020881232397,17.956532672360876
5,3,1.0,1.0,0.35243154537522303,13.845964921481142
5,4,1.0,1.0,0.24262418162313404,13.632628956186295
5,5,1.0,-1.0,-0.46003265706414076,18.12742384758649
5,6,1.0,-1.0,-0.020602003606660077,19.052490574883592
5,7,1.0,1.0,0.11665857719503525,17.433837699162407
5,8,1.0,-1.0,-0.18572747487128732,15.19341934805745
5,9,1.0,-1.0,-0.0707298580511915,12.25713887374117
5,10,1.0,-1.0,-0.003679562981513132,13.766336285711606
5,11,1.0,1.0,0.28531763496395524,13.369040208279692
5,12,1.0,-1.0,-0.46884013476799546,14.218327247069128
5,13,1.0,-1.0,-0.21821512212301558,12.907161713304705
5,14,1.0,-1.0,-0.17625849370347613,11.8365673189463
5,15,1.0,-1.0,-1.4874862597873972,15.311249777332852
5,16,1.0,1.0,0.22346050796528777,16.751704422791338
5,17,1.0,-1.0,-0.2738754148514641,12.907427679873258
5,18,1.0,-1.0,-0.6732285103147504,12.91197663060283
5,19,1.0,-1.0,-0.40004332113760094,18.149548625316754
5,20,1.0,1.0,0.3110297930403625,14.862571123695835
5,21,1.0,-1.0,-0.10015345975391116,13.25694527229005
5,22,1.0,1.0,0.4336432308441539,14.142541230194066
5,23,1.0,-1.0,-0.058761237076361245,12.994946852559524
5,24,1.0,1.0,0.3158366083049301,15.357164845735845
5,25,1.0,-1.0,-0.9996394044273825,19.106897766731088
5,26,1.0,-1.0,-0.03627626587585474,13.33783634852366
5,27,1.0,-1.0,-2.3141256766232394,15.586733781068311
5,28,1.0,1.0,0.0004187019018908056,16.244466550201874
5,29,1.0,1.0,0.3820385308357338,12.725866581166429
5,30,1.0,1.0,0.4478446027791848,14.446884695867292
5,31,1.0,-1.0,-0.10951969421333105,17.858475298101823
5,32,1.0,-1.0,-0.6675263116281868,13.901632108251624
5,33,1.0,-1.0,-0.02306791507015986,14.692680213759552
5,34,1.0,-1.0,-0.3599692730921155,17.593313945528504
5,35,1.0,-1.0,-0.31542328549555654,13.417036020162582
5,36,1.0,1.0,0.3337076963734512,14.426219795823256
5,37,1.0,-1.0,-0.1248936339833337,16.24166230775502
5,38,1.0,1.0,0.026700643514349844,13.817473664287125
5,39,1.0,1.0,0.4482662675918281,17.73970806236929
5,40,1.0,1.0,0.4391620026164764,17.109216867564722
5,41,1.0,-1.0,-0.08361928973400591,14.38321167757981
5,42,1.0,1.0,0.057139624358923294,14.703589661214563
5,43,1.0,1.0,0.418542309461012,14.72419039041504
5,44,1.0,-1.0,-1.5763890490542838,13.241031988504487
5,45,1.0,-1.0,-0.9540616742880313,16.42632878332326
5,46,1.0,1.0,0.40856398154137513,12.946584946753038
5,47,1.0,-1.0,-1.16542198967895,18.335012652945007
5,48,1.0,-1.0,-1.0790338346147756,15.328202307259996
5,49,1.0,1.0,0.08885072937296107,14.801973342036716
5,50,1.0,1.0,0.4532517212690007,17.83642323567295
5,51,1.0,1.0,0.08256065413222978,14.158036104418425
5,52,1.0,-1.0,-0.15395682229141197,18.193708576494462
5,53,1.0,-1.0,-1.145238941973028,19.29620972556308
5,54,1.0,-1.0,-0.40885127048534986,14.731757189942234
5,55,1.0,-1.0,-0.5649869492894709,18.030595897340383
5,56,1.0,1.0,0.3544086057196851,15.522093214723071
5,57,1.0,1.0,0.29178057148838765,19.007422599107688
5,58,1.0,-1.0,-0.5104826527874159,19.149608085019576
5,59,1.0,1.0,0.42988478169393984,14.752893720392883
5,60,1.0,-1.0,-0.07038599717978039,11.492103797763212
5,61,1.0,1.0,0.2840416134717708,17.06894911059339
5,62,1.0,-1.0,-0.6737337912436154,16.187290357619585
5,63,1.0,-1.0,-0.17747140206519119,16.391565848042582
5,64,-1.0,-1.0,-0.01607745206295072,17.45491418348963
5,65,-1.0,1.0,0.33822687311189004,14.28636061269539
5,66,-1.0,1.0,0.710389871013033,12.975953251002462
5,67,-1.0,-1.0,-0.08755113837245371,13.20017367268065
5,68,-1.0,1.0,0.537508653816982,14.003735619316515
5,69,-1.0,1.0,1.0239894591659617,15.760979922297421
5,70,-1.0,-1.0,-0.9165160988738075,17.756869288732563
5,71,-1.0,1.0,0.6758425772156477,15.675938038656454
5,72,-1.0,1.0,0.6092861230756577,16.36496962813092
5,73,-1.0,1.0,1.343686831904439,17.827933321677346
5,74,-1.0,1.0,0.5866073384173657,15.529508780146454
5,75,-1.0,1.0,0.6569182241512198,15.347701339985463
5,76,-1.0,1.0,0.7923627324377236,14.823939271581812
5,77,-1.0,1.0,0.12069421320225934,14.46467816502997
5,78,-1.0,1.0,0.6158803547081713,16.82470952276842
5,79,-1.0,1.0,1.0332777173756802,14.495292610505416
5,80,-1.0,-1.0,-1.1400367468949486,18.005606926207427
5,81,-1.0,-1.0,-0.3897254955269599,17.969860984185278
5,82,-1.0,1.0,0.45746996742022744,14.622955617363491
5,83,-1.0,1.0,0.6480877781663584,11.999987176153011
5,84,-1.0,-1.0,-0.5012781089095624,15.164718988335308
5,85,-1.0,-1.0,-0.5455865469839745,16.383829131751565
5,86,-1.0,1.0,0.3943079505874004,19.552973942178525
5,87,-1.0,1.0,0.6464607280142932,17.98484607489743
5,88,-1.0,-1.0,-0.24401800091036666,11.012274252596422
5,89,-1.0,-1.0,-0.5218677412437025,14.284183156601738
5,90,-1.0,1.0,1.0347614262670644,12.789834541413326
5,91,-1.0,1.0,0.8123725458046889,15.880651017084038
5,92,-1.0,1.0,0.5888733336186647,15.170468692098376
5,93,-1.0,1.0,0.4436309554377133,12.503593419045146
5,94,-1.0,-1.0,-0.6577947203733489,15.39871645131205
5,95,-1.0,1.0,1.1618024478709057,17.792386798909153
5,96,-1.0,1.0,0.46207536335931876,17.02089753444843
5,97,-1.0,1.0,0.5974797874649783,15.62705264279173
5,98,-1.0,-1.0,-0.2520659269247725,15.046113951096164
5,99,-1.0,1.0,0.7715196742109355,17.21322519390094
5,100,-1.0,-1.0,-0.502785984057044,15.37379605131317
5,101,-1.0,1.0,0.49216609442235826,19.048330281982206
5,102,-1.0,1.0,0.15849472846052418,14.51336283951592
5,103,-1.0,1.0,0.7493153861044491,13.572997093334026
5,104,-1.0,-1.0,-0.5688435477596906,13.06778476495303
5,105,-1.0,1.0,1.044352719788944,18.856999191055685
5,106,-1.0,1.0,1.0536435316560722,15.25098747814024
5,107,-1.0,1.0,0.5369491595069931,12.854038239159054
5,108,-1.0,1.0,0.6773900074022291,17.684865321533973
5,109,-1.0,-1.0,-1.137263952169415,12.833747477519557
5,110,-1.0,1.0,0.9019082446049621,14.119324182980886
5,111,-1.0,1.0,1.1021362554871315,15.148574906905278
5,112,-1.0,-1.0,-0.5574690374731218,17.838314504039616
5,113,-1.0,-1.0,-0.28377902417206946,12.656006737562366
5,114,-1.0,-1.0,-0.1818060938286789,14.437639308497294
5,115,-1.0,-1.0,-0.49538889103937617,16.222979579722924
5,116,-1.0,-1.0,-1.0713452381055082,12.789156847034446
5,117,-1.0,-1.0,-0.2574030943167819,14.676218856357318
5,118,-1.0,-1.0,-0.09750466314544673,18.54674135990823
5,119,-1.0,1.0,1.2824267228510604,16.36048161311204
5,120,-1.0,-1.0,-0.8648004580819324,14.563140778038088
5,121,-1.0,1.0,1.1129826160858642,17.44062518008821
5,122,-1.0,-1.0,-0.08965551170373921,16.427768850285236
5,123,-1.0,1.0,0.1476971393581634,15.921784842470977
5,124,-1.0,-1.0,-1.1416055538217829,16.099478433769725
5,125,-1.0,-1.0,-0.22980079301367207,14.393498613254588
5,126,-1.0,1.0,0.466112411070269,13.789015151544632
5,127,-1.0,-1.0,-1.2874119610920984,14.274186750570353
6,0,1.0,-1.0,-0.8233200192264721,14.580426109097319
6,1,1.0,1.0,0.4614089268930256,13.412079532182833
6,2,1.0,-1.0,-0.39807881435978154,17.50751554998187
6,3,1.0,-1.0,-0.9806605372034429,18.121667108697203
6,4,1.0,-1.0,-1.008279021973123,19.223335933715813
6,5,1.0,-1.0,-1.1526182425330525,15.103859892163028
6,6,1.0,-1.0,-0.6330972349287503,13.952747653765067
6,7,1.0,-1.0,-0.9479349333188312,17.57222116953927
6,8,1.0,-1.0,-0.451913520863023,16.70192842897379
6,9,1.0,-1.0,-0.17446738592338937,13.963411257526682
6,10,1.0,-1.0,-0.7270927983828575,15.079641082969172
6,11,1.0,-1.0,-1.0326822419246584,18.71739137858931
6,12,1.0,-1.0,-0.7581447723332189,17.670899724129615
6,13,1.0,-1.0,-0.25774508773883464,15.30893887224342
6,14,1.0,1.0,0.42344570474267007,15.08008996056757
6,15,1.0,1.0,0.6720270190538398,15.607630205296509
6,16,1.0,1.0,0.813010835732813,16.278625576540037
6,17,1.0,-1.0,-0.32898394002317244,16.785698173854456
6,18,1.0,-1.0,-0.47895011686525213,12.808457448565589
6,19,1.0,-1.0,-0.40214976117489387,16.682377148233623
6,20,1.0,-1.0,-1.2344866130271306,16.630716217452175
6,21,1.0,1.0,0.5243736699248166,14.887056195636177
6,22,1.0,-1.0,-0.5715809967694322,12.661672271618976
6,23,1.0,-1.0,-0.02579663597061388,15.647392395897137
6,24,1.0,1.0,1.1157489427243534,15.793114246208713
6,25,1.0,1.0,0.21641494453086593,11.3974776372435
6,26,1.0,-1.0,-0.2768988238391165,17.662214966978496
6,27,1.0,-1.0,-0.8396458384708791,17.60782821865955
6,28,1.0,1.0,0.5266165100463218,13.862192520436091
6,29,1.0,1.0,0.13958092957316,16.500325565172993
6,30,1.0,1.0,0.06397322260435635,14.434849881862295
6,31,1.0,1.0,0.716247257900592,14.012182362406035
6,32,1.0,-1.0,-1.3524002147269267,15.66162814160413
6,33,1.0,-1.0,-0.03984564258888691,15.16115290728263
6,34,1.0,1.0,0.6327525985941478,12.805839908716036
6,35,1.0,-1.0,-0.480819559258985,13.116257538424428
6,36,1.0,1.0,1.1697325390516051,13.115992816367418
6,37,1.0,1.0,0.6370690205669842,13.12856233482584
6,38,1.0,-1.0,-0.2968347735527133,14.081010697426604
6,39,1.0,1.0,0.6472147872864069,16.68131664595119
6,40,1.0,1.0,0.21555212261657827,16.065314208796945
6,41,1.0,-1.0,-0.7483734107106257,15.932518172441531
6,42,1.0,1.0,0.018527069598425927,13.91577834131447
6,43,1.0,-1.0,-0.36848984105821686,12.73778663238187
6,44,1.0,1.0,1.1522362546368465,13.851769223948557
6,45,1.0,1.0,0.8260273653348178,14.27083656016834
6,46,1.0,-1.0,-0.6063747668083272,13.356549057949378
6,47,1.0,1.0,0.08990755799581472,14.413170244058795
6,48,1.0,-1.0,-0.17621476662441898,13.581457977988338
6,49,1.0,-1.0,-0.9451732926691914,15.626986772789166
6,50,1.0,1.0,0.4664492296847752,12.937906507374906
6,51,1.0,1.0,0.6851574078417181,16.566205058948274
6,52,1.0,-1.0,-0.5385709752399839,17.08958039735117
6,53,1.0,-1.0,-1.2906531958726568,15.110509272283188
6,54,1.0,1.0,0.3528741166481888,12.609498386749967
6,55,1.0,1.0,0.11266758780199815,14.846347528630892
6,56,1.0,1.0,0.17731228850256003,14.548086202548816
6,57,1.0,1.0,0.36284762980570756,11.806042724412572
6,58,1.0,-1.0,-1.1817237906457017,19.452641917727004
6,59,1.0,-1.0,-0.8433611190989089,17.358100063391884
6,60,1.0,-1.0,-0.14706294252106852,15.173213079344421
6,61,1.0,-1.0,-1.3288582639698072,13.757659577410163
6,62,1.0,1.0,0.30394949740089666,13.430546205662662
6,63,1.0,-1.0,-0.6599543298661179,13.32604702827167
6,64,-1.0,-1.0,-0.41416310631710096,15.30503670275799
6,65,-1.0,-1.0,-1.185895665742827,15.632964271160452
6,66,-1.0,-1.0,-0.10927324019999975,16.529042288006437
6,67,-1.0,-1.0,-0.7604269512011073,14.776406937279878
6,68,-1.0,1.0,0.3176176081212369,15.864095431629611
6,69,-1.0,-1.0,-0.8377981089741378,18.368703289915707
6,70,-1.0,-1.0,-0.5001369391479167,17.412719710732596
6,71,-1.0,1.0,0.1713335812792487,15.157700032615013
6,72,-1.0,1.0,0.11611464037825868,15.234189917241093
6,73,-1.0,1.0,0.31336881986154097,18.39902096324197
6,74,-1.0,-1.0,-1.066639666972253,18.043572430405614
6,75,-1.0,-1.0,-0.26195409657641544,18.822428074861087
6,76,-1.0,-1.0,-0.3279612718752197,17.948646087101935
6,77,-1.0,1.0,1.8050938925123545,14.419301737523247
6,78,-1.0,-1.0,-1.3790169086703568,15.851132275866593
6,79,-1.0,-1.0,-0.9278282732503431,17.59019407137868
6,80,-1.0,-1.0,-0.2738001819282784,17.945365527069825
6,81,-1.0,1.0,0.1838197500679724,13.068742423570821
6,82,-1.0,-1.0,-0.3696674739433451,15.842146797033669
6,83,-1.0,-1.0,-1.0277447649453568,17.848155466134592
6,84,-1.0,-1.0,-0.0624899239888075,15.410915103829165
6,85,-1.0,1.0,0.5724383832886419,13.464387607006595
6,86,-1.0,1.0,0.1960314463896483,16.7436758654187
6,87,-1.0,1.0,0.6456169112433936,12.636171053146773
6,88,-1.0,1.0,0.7102754135942071,15.457213889398398
6,89,-1.0,-1.0,-0.07542312663829454,16.087713593545224
6,90,-1.0,-1.0,-1.2518495559691223,16.13049631687041
6,91,-1.0,-1.0,-0.5109676483529721,18.392242002986983
6,92,-1.0,-1.0,-0.11545529060980865,15.940627686023468
6,93,-1.0,-1.0,-1.2528414317241345,14.379762453423078
6,94,-1.0,1.0,0.30975445394880874,11.335086500197809
6,95,-1.0,1.0,0.3158121895705855,11.336195451856701
6,96,-1.0,-1.0,-0.49965085245785457,11.995676552198239
6,97,-1.0,-1.0,-0.8211687652977961,14.456775254623908
6,98,-1.0,1.0,0.5905243265311205,14.831332753075865
6,99,-1.0,-1.0,-0.23780644273237744,17.01521529063234
6,100,-1.0,1.0,1.0475823783565235,12.906090693688256
6,101,-1.0,1.0,1.6078644454182054,17.021959210493794
6,102,-1.0,1.0,0.652363731917785,11.786542741665922
6,103,-1.0,-1.0,-0.27062359417100357,15.369982761722966
6,104,-1.0,1.0,0.5868838607521915,11.538456256733914
6,105,-1.0,1.0,0.09471971712474721,15.438374603690887
6,106,-1.0,1.0,0.6768269611375366,12.950167994752535
6,107,-1.0,1.0,0.31449151703137423,13.805801079435847
6,108,-1.0,-1.0,-0.4374673405225611,17.048768107019956
6,109,-1.0,1.0,0.14402555275509635,17.102826154994574
6,110,-1.0,1.0,1.5751387233720144,12.687356436166898
6,111,-1.0,-1.0,-0.2828710674475299,15.529267960810895
6,112,-1.0,-1.0,-0.509718316483623,12.984296536378642
6,113,-1.0,-1.0,-0.32951506752400717,16.37528496016944
6,114,-1.0,1.0,0.12668667669989558,16.92366968020002
6,115,-1.0,1.0,1.2120442447153552,16.379649271993344
6,116,-1.0,1.0,0.07171944147460489,11.339829106512225
6,117,-1.0,-1.0,-0.5357700349898258,13.202867693063633
6,118,-1.0,1.0,0.09623846319553947,18.712673091525506
6,119,-1.0,-1.0,-1.2079736429635037,15.561354430183133
6,120,-1.0,1.0,0.3676439868046283,11.725620094199904
6,121,-1.0,1.0,0.8852689135505126,14.913676966222452
6,122,-1.0,-1.0,-0.11029370959154702,15.817355241446428
6,123,-1.0,1.0,1.2366046116817169,15.572310170417111
6,124,-1.0,1.0,0.1050520353886754,19.603164339421348
6,125,-1.0,1.0,0.21667836426726333,13.907498885642857
6,126,-1.0,1.0,0.8596187504033964,12.87070073809057
6,127,-1.0,-1.0,-0.9029346143832089,13.741666270070798
7,0,1.0,-1.0,-1.144077081854161,14.939870311786576
7,1,1.0,1.0,0.1676317987558128,14.493913040140121
7,2,1.0,1.0,1.2575223537444982,15.413291564605114
7,3,1.0,-1.0,-0.11834848399843283,17.05617826359525
7,4,1.0,1.0,0.8594395272877389,15.391910440421844
7,5,1.0,1.0,1.7675248175841551,15.33305682206296
7,6,1.0,1.0,0.6660713249936763,13.091204458209031
7,7,1.0,1.0,1.7121259540359706,14.996132609336405
7,8,1.0,1.0,1.6471429596435863,15.074990279187375
7,9,1.0,1.0,0.658038491082965,17.271120664653893
7,10,1.0,-1.0,-0.03944545490437132,17.54465843453919
7,11,1.0,-1.0,-0.10167033093703831,18.113182240990756
7,12,1.0,1.0,1.4495645128476988,17.449479893626926
7,13,1.0,1.0,0.07951474515641763,18.67170791176842
7,14,1.0,-1.0,-0.46505154811865795,16.538597312137636
7,15,1.0,-1.0,-1.3475558297215908,16.75780700806193
7,16,1.0,-1.0,-0.8668243854535942,18.557035207559938
7,17,1.0,1.0,0.4689248619781229,12.383161237865615
7,18,1.0,1.0,1.5165309681014172,18.305120381013204
7,19,1.0,-1.0,-0.3003872084549597,12.4858676872067
7,20,1.0,-1.0,-0.5239469152689945,17.16981771271907
7,21,1.0,-1.0,-0.5957255524312665,12.426623254780633
7,22,1.0,-1.0,-1.3879826208514958,15.182141356667298
7,23,1.0,-1.0,-0.8004090929858495,17.991596969460755
7,24,1.0,1.0,0.7482621281909986,17.009140867938633
7,25,1.0,-1.0,-0.06253883281290404,15.95015849302233
7,26,1.0,1.0,0.007155395388510358,18.51543185705966
7,27,1.0,1.0,1.027146808979116,17.183618175618655
7,28,1.0,1.0,0.39442097432694345,15.664727322878816
7,29,1.0,-1.0,-0.5906383053231417,12.481401849248616
7,30,1.0,-1.0,-0.1867838961520979,15.55574577025966
7,31,1.0,1.0,1.0140515383242175,14.944829555054234
7,32,1.0,1.0,1.720363129801811,17.32816427527792
7,33,1.0,1.0,0.6016269725229004,16.0703526802856
7,34,1.0,-1.0,-0.5042766396020262,14.780259126810039
7,35,1.0,-1.0,-1.1624415440566753,15.418687386677968
7,36,1.0,-1.0,-0.9823061711396414,15.390754872575096
7,37,1.0,-1.0,-0.169805147498676,14.122633100324702
7,38,1.0,-1.0,-0.08292376512748668,14.64618428528043
7,39,1.0,-1.0,-0.744470990486379,15.481571770474233
7,40,1.0,1.0,0.4518326262089473,16.946205978304892
7,41,1.0,1.0,0.011799097351838178,13.553117667077855
7,42,1.0,1.0,0.29708407841528706,10.68123182417638
7,43,1.0,-1.0,-0.27946009416357387,12.67655258709326
7,44,1.0,-1.0,-0.19098112262266506,12.803602400992212
7,45,1.0,1.0,0.8325239888430876,15.065432582473155
7,46,1.0,1.0,0.5144404513055406,15.292681540861945
7,47,1.0,-1.0,-0.03031999077943856,14.032818540517377
7,48,1.0,-1.0,-1.0260156499044712,11.526707780897476
7,49,1.0,-1.0,-0.4821791674162947,17.59331947008999
7,50,1.0,1.0,0.2905354498101248,18.242457005724944
7,51,1.0,1.0,0.030445262344735463,15.777044611964447
7,52,1.0,1.0,0.016712442668800898,15.212749514547582
7,53,1.0,1.0,1.167136062707358,14.425989929916293
7,54,1.0,1.0,0.18481308807117064,17.407059429942976
7,55,1.0,-1.0,-1.1566907856727426,15.772191646553853
7,56,1.0,1.0,1.1678286600175316,18.0962803157144
7,57,1.0,-1.0,-1.376333381947578,12.241090601100675
7,58,1.0,-1.0,-0.5836424915122665,16.264529381028414
7,59,1.0,-1.0,-0.06666410291226166,12.439572265945468
7,60,1.0,1.0,0.2828164043414587,12.739594304535428
7,61,1.0,1.0,1.2123796042015533,16.672516298775076
7,62,1.0,1.0,0.29343401409379555,16.28830439410112
7,63,1.0,1.0,0.2934935845897755,14.354563415140467
7,64,-1.0,1.0,0.01286682840721684,15.643153851672174
7,65,-1.0,-1.0,-0.3177709700135923,15.018247486373214
7,66,-1.0,1.0,1.0022853591182708,15.853791706937605
7,67,-1.0,-1.0,-0.17121869257407582,17.591350423822472
7,68,-1.0,1.0,1.3080236630297588,15.266743698769435
7,69,-1.0,1.0,1.7701810893193712,14.722669353922763
7,70,-1.0,-1.0,-1.0976838276048158,17.861128239505952
7,71,-1.0,1.0,0.2461454965095753,13.918171409649013
7,72,-1.0,1.0,1.6330798807030125,16.28236616461189
7,73,-1.0,1.0,0.42190340009093863,15.385520117842475
7,74,-1.0,1.0,0.1270528722900569,12.92540285726902
7,75,-1.0,1.0,0.47875333496307854,17.307000054728256
7,76,-1.0,-1.0,-1.6918357487355367,16.18664936905264
7,77,-1.0,1.0,0.511081845667865,12.814179425741253
7,78,-1.0,-1.0,-0.6857683036084731,14.373804528605875
7,79,-1.0,1.0,0.4167012081194487,13.21630633547202
7,80,-1.0,1.0,0.5467625183916063,12.830825265073143
7,81,-1.0,1.0,0.3729789071668084,11.790628600714815
7,82,-1.0,-1.0,-0.20286811014438344,14.289638699603152
7,83,-1.0,1.0,0.3093835243013743,11.940475550136462
7,84,-1.0,1.0,1.625835046867373,12.157974472930853
7,85,-1.0,1.0,0.5353950065895111,14.919316607557402
7,86,-1.0,1.0,1.3795812446138807,17.902365814212782
7,87,-1.0,1.0,1.4627152543581736,14.845552680439901
7,88,-1.0,1.0,0.2873614358650459,15.936493015624244
7,89,-1.0,-1.0,-0.04195205770918835,16.42218181525973
7,90,-1.0,1.0,0.27697298024306277,14.995313143294396
7,91,-1.0,-1.0,-1.0061210989229918,14.384575897742323
7,92,-1.0,1.0,0.6739181767716989,13.312465698803416
7,93,-1.0,-1.0,-0.12842913204658435,12.944215757746814
7,94,-1.0,-1.0,-1.2210798471275965,15.458578926993152
7,95,-1.0,1.0,0.5016653994875359,15.909060811635735
7,96,-1.0,1.0,0.49308901683934886,13.836948245873447
7,97,-1.0,-1.0,-0.4376950107420347,13.79261261654609
7,98,-1.0,-1.0,-1.123365881564438,17.057375190778508
7,99,-1.0,-1.0,-1.0753669266614407,14.91148649430907
7,100,-1.0,1.0,0.3362192033623804,14.279492101176986
7,101,-1.0,1.0,0.12540873936388855,16.01053681725607
7,102,-1.0,1.0,0.03102432719102957,18.954497257769077
7,103,-1.0,1.0,0.6443066186204323,14.227325027118743
7,104,-1.0,-1.0,-0.4053973909108546,15.538691601401515
7,105,-1.0,-1.0,-0.6746346548444486,16.758792184188632
7,106,-1.0,-1.0,-0.3264824130729376,15.930106270462613
7,107,-1.0,-1.0,-1.325876448360194,14.750892399519
7,108,-1.0,1.0,0.1842627451906619,18.086067027736988
7,109,-1.0,1.0,0.4945719517492496,15.463847552470774
7,110,-1.0,1.0,0.7224077119872356,18.51185816496032
7,111,-1.0,1.0,1.2187458280488634,14.82011137172726
7,112,-1.0,-1.0,-0.20002305558115005,15.371207216957993
7,113,-1.0,-1.0,-0.8354296095696104,12.610041094737454
7,114,-1.0,-1.0,-0.4578636334685603,17.804169799422823
7,115,-1.0,1.0,0.38308479161690356,12.133502508062222
7,116,-1.0,-1.0,-0.23210323525823046,15.982908230379152
7,117,-1.0,1.0,0.4755594642591141,11.970741448534996
7,118,-1.0,-1.0,-0.6109856129526469,12.681579907284556
7,119,-1.0,1.0,0.8446477793410098,18.375796362803246
7,120,-1.0,1.0,0.5784904242703581,13.665078943247126
7,121,-1.0,1.0,1.0144779232567158,17.945260772117162
7,122,-1.0,-1.0,-0.43015335769583285,17.561372058198366
7,123,-1.0,1.0,0.8599946967114137,17.869750611175004
7,124,-1.0,-1.0,-1.5954256198585761,15.13948654186567
7,125,-1.0,1.0,0.3731583989620403,19.352583060179324
7,126,-1.0,1.0,0.8815981269446592,13.263406922285382
7,127,-1.0,1.0,0.12754840039589163,13.389918880804466
8,0,1.0,-1.0,-0.43163243935962264,12.952565075619821
8,1,1.0,-1.0,-0.3398659533690094,14.871493671848677
8,2,1.0,-1.0,-0.002383702887576611,19.179219916886268
8,3,1.0,1.0,0.20903516986347476,19.200125819374406
8,4,1.0,-1.0,-1.0184325161663659,17.94878534926654
8,5,1.0,-1.0,-0.06752370237991796,14.518689199882292
8,6,1.0,-1.0,-0.3980812132299097,15.63924229133258
8,7,1.0,-1.0,-0.8095117503606303,13.312428894928859
8,8,1.0,1.0,0.46540690559313325,15.402868529129965
8,9,1.0,1.0,0.3660449112476702,12.764797948297955
8,10,1.0,1.0,0.25048973882009345,15.53100385976094
8,11,1.0,-1.0,-0.232701059587258,14.453070229906416
8,12,1.0,-1.0,-0.4639500442399353,17.029368764799973
8,13,1.0,-1.0,-0.36192763854277177,15.216845119163565
8,14,1.0,-1.0,-0.41468860693944254,13.845063875738441
8,15,1.0,-1.0,-0.5372224068559632,14.226760832976966
8,16,1.0,-1.0,-0.22019061099640458,14.427795418279324
8,17,1.0,-1.0,-0.6741612078443064,16.046381755357373
8,18,1.0,-1.0,-0.5952237561530109,15.561268013190437
8,19,1.0,-1.0,-0.2431292996154145,13.422102923850304
8,20,1.0,-1.0,-1.2096987319180752,19.52215304060956
8,21,1.0,1.0,0.0056472618412651415,12.893523967006209
8,22,1.0,-1.0,-0.710372413920146,17.747076896439534
8,23,1.0,1.0,0.8847476165426207,19.172642257929922
8,24,1.0,-1.0,-0.4138885520870177,16.657189836747385
8,25,1.0,1.0,0.5317797328497726,15.196647538325035
8,26,1.0,1.0,0.24254651966889604,17.70788792692577
8,27,1.0,1.0,1.064792512521412,18.328902103004847
8,28,1.0,-1.0,-0.2504815515120229,15.199539455407592
8,29,1.0,-1.0,-0.5091326074932879,17.407135237969644
8,30,1.0,-1.0,-0.6762965894444595,16.08997061925998
8,31,1.0,-1.0,-0.21282934263708764,12.859702992381477
8,32,1.0,1.0,0.6812173075332004,14.04298968977479
8,33,1.0,-1.0,-0.06295777204607,12.403151641996628
8,34,1.0,-1.0,-0.625971882800733,15.661002281812419
8,35,1.0,-1.0,-0.09079338813724289,12.227468116394089
8,36,1.0,-1.0,-0.49780649937579274,14.927572624272093
8,37,1.0,1.0,0.12914491143045365,12.391366000428325
8,38,1.0,-1.0,-1.3272638327506785,19.149607242610156
8,39,1.0,-1.0,-1.089310800018823,16.279309203395556
8,40,1.0,-1.0,-0.9953769386281692,15.238653774972576
8,41,1.0,-1.0,-0.8503997533707558,16.470255387894174
8,42,1.0,1.0,0.03967501771121339,13.79655158487302
8,43,1.0,-1.0,-0.05596817324646203,14.094569059863957
8,44,1.0,1.0,0.5938354846885052,17.362245396981535
8,45,1.0,-1.0,-0.02292370175108288,17.032042720602465
8,46,1.0,-1.0,-0.47501000551667116,14.621806496167535
8,47,1.0,1.0,0.11576669891430277,17.829106805549625
8,48,1.0,1.0,0.8971549304437132,15.723379951861146
8,49,1.0,-1.0,-0.2822581062723944,18.91914524885028
8,50,1.0,-1.0,-0.06374032650985782,14.620492839026705
8,51,1.0,-1.0,-0.6894333017859438,16.332474438955973
8,52,1.0,-1.0,-1.1005468449719742,16.680769362176353
8,53,1.0,-1.0,-0.9366910370923917,12.94682666876181
8,54,1.0,1.0,1.1300021642887872,16.824177824856452
8,55,1.0,-1.0,-1.0827447467764277,13.335263462652312
8,56,1.0,-1.0,-0.12094306945896702,17.522862133446193
8,57,1.0,-1.0,-1.0349154806550995,12.888493159278626
8,58,1.0,-1.0,-1.2493186566800063,15.29909606832604
8,59,1.0,1.0,0.2611367452991351,14.300542535436666
8,60,1.0,1.0,0.6943626679107605,18.366108033125236
8,61,1.0,1.0,0.47047273965895675,13.808419210425994
8,62,1.0,1.0,0.5774532400316442,14.116082932307917
8,63,1.0,-1.0,-0.4660033202786573,14.537296995460151
8,64,-1.0,1.0,0.7690031885738869,18.732487332093882
8,65,-1.0,1.0,1.0829254750433348,17.329803878620577
8,66,-1.0,1.0,0.9250777706653829,16.165781653534868
8,67,-1.0,-1.0,-0.12389877905729657,18.574401192541625
8,68,-1.0,-1.0,-0.06537550327021009,18.81759976967441
8,69,-1.0,1.0,0.16078661254813503,16.33292612258132
8,70,-1.0,-1.0,-0.008651860801971584,17.901681946009074
8,71,-1.0,-1.0,-0.05726545366993668,19.284128303647282
8,72,-1.0,1.0,0.09614395843139592,13.59178619972954
8,73,-1.0,1.0,0.15803783134353658,14.261740391568704
8,74,-1.0,1.0,0.40251576475271467,14.381050990620114
8,75,-1.0,1.0,1.1393350125756099,12.910025925084273
8,76,-1.0,1.0,0.5336311794809117,19.651323738044994
8,77,-1.0,1.0,0.6352208576849185,16.715634896765202
8,78,-1.0,1.0,0.6399580252144043,14.81106368424979
8,79,-1.0,-1.0,-0.23833052832627238,12.437398744891734
8,80,-1.0,-1.0,-0.019918455438448612,16.076683540241795
8,81,-1.0,1.0,0.7073123685953772,15.22932319327195
8,82,-1.0,-1.0,-0.03402544907183795,14.419110233270892
8,83,-1.0,1.0,0.6585464170161717,14.792439302270967
8,84,-1.0,1.0,0.9336488956302293,13.251038302434942
8,85,-1.0,1.0,0.39998059813713,14.197955427055168
8,86,-1.0,1.0,0.10142796321270929,14.978922717287809
8,87,-1.0,-1.0,-0.013876900166586381,16.00028674239593
8,88,-1.0,-1.0,-0.17210317915644352,12.910675846865079
8,89,-1.0,1.0,0.9727530834309426,15.117885180640965
8,90,-1.0,1.0,0.7207039543108729,17.367104337230447
8,91,-1.0,-1.0,-0.072223285248658,18.152459449219013
8,92,-1.0,1.0,0.2759984602802838,13.903260335739867
8,93,-1.0,-1.0,-0.14675357361805091,12.983093071819251
8,94,-1.0,1.0,1.0618081220383293,16.925705163395126
8,95,-1.0,1.0,0.45237742045700746,13.801950474003139
8,96,-1.0,1.0,0.6882513093915017,11.797398220916342
8,97,-1.0,1.0,0.18313416176831795,16.707809807723855
8,98,-1.0,-1.0,-0.33646454802346276,14.421087800028895
8,99,-1.0,1.0,0.9174613822340929,13.589199884780202
8,100,-1.0,-1.0,-0.3726480282954483,11.588288729626894
8,101,-1.0,-1.0,-0.423320292380241,17.521904734284234
8,102,-1.0,1.0,0.11207726466920193,18.939587368389674
8,103,-1.0,1.0,0.7646821848413865,15.984622977112885
8,104,-1.0,1.0,0.5814319646601275,18.07716581801408
8,105,-1.0,1.0,0.4348658785064683,13.98637583408629
8,106,-1.0,1.0,0.7186988457202717,14.54439937376694
8,107,-1.0,1.0,0.07511589923074824,13.096175815810527
8,108,-1.0,-1.0,-0.12965107509071885,12.359315813224944
8,109,-1.0,1.0,1.181531006973018,16.51180074934786
8,110,-1.0,1.0,1.3652305595067566,18.65432993501351
8,111,-1.0,-1.0,-0.13720335835221972,12.617758755442734
8,112,-1.0,1.0,0.6720028549447324,14.784933093461676
8,113,-1.0,1.0,0.20353056145286813,14.681377088811626
8,114,-1.0,1.0,0.03144426983898417,13.690418718374277
8,115,-1.0,1.0,0.5862268306559953,16.050924078564197
8,116,-1.0,-1.0,-0.10899968289735733,17.051083852890052
8,117,-1.0,-1.0,-0.07305458517577357,13.310167149393761
8,118,-1.0,1.0,0.7560309726689377,16.21056787204035
8,119,-1.0,-1.0,-0.3327913151927943,11.015127903422838
8,120,-1.0,-1.0,-0.07187608168212567,15.300079998708258
8,121,-1.0,-1.0,-0.1833274037251328,15.769649539715413
8,122,-1.0,1.0,0.9463063214607365,16.882939574737158
8,123,-1.0,1.0,0.38120418346804175,16.680546381686877
8,124,-1.0,-1.0,-0.4559508911518688,18.813376458900215
8,125,-1.0,1.0,0.8016566918602821,15.062594893197621
8,126,-1.0,1.0,0.3402723733393207,12.655472374075506
8,127,-1.0,1.0,0.2523100816994903,16.77821230206851
9,0,1.0,-1.0,-0.9187355436768772,14.565718124930623
9,1,1.0,1.0,0.10174860350085904,13.883952946824634
9,2,1.0,1.0,1.158233450843423,15.096801093031004
9,3,1.0,1.0,0.8256089828968789,14.75601735181573
9,4,1.0,1.0,0.35515681304231933,12.351306998311998
9,5,1.0,-1.0,-0.05604174441346238,16.168455273839474
9,6,1.0,-1.0,-1.2045131242593465,19.36865070712554
9,7,1.0,-1.0,-1.0909104764577529,17.784752435300007
9,8,1.0,1.0,0.08978990788918256,11.25468132968579
9,9,1.0,-1.0,-0.35729248344491876,14.6938889999095
9,10,1.0,-1.0,-0.30398444107235434,13.473649658943938
9,11,1.0,1.0,0.36705713529869216,14.760344435710547
9,12,1.0,-1.0,-1.12125226807777,15.382832735614251
9,13,1.0,-1.0,-0.018991918149949424,19.475957219035266
9,14,1.0,1.0,1.2831301412861116,17.021833186716467
9,15,1.0,-1.0,-0.8482839976676539,16.78345650959186
9,16,1.0,1.0,0.6234734471454628,15.503310424324825
9,17,1.0,1.0,0.15471787748498847,13.320608947692836
9,18,1.0,-1.0,-0.1292234288599481,14.883574594132284
9,19,1.0,1.0,0.3397025567339083,17.0046988589355
9,20,1.0,-1.0,-1.952329892810848,13.714475170679215
9,21,1.0,1.0,0.3513278706032961,16.22437137983107
9,22,1.0,-1.0,-0.09866470684530558,18.946038925580726
9,23,1.0,1.0,0.25684929982262505,15.301852884705585
9,24,1.0,1.0,0.1472136897364358,18.370113269207486
9,25,1.0,1.0,1.1344385439958031,18.88826668341717
9,26,1.0,1.0,1.0419064271891492,14.213702997724909
9,27,1.0,-1.0,-0.32685505203706283,15.524863161147426
9,28,1.0,1.0,1.404073215879058,15.029738712175824
9,29,1.0,1.0,1.604890674759315,16.01729830006846
9,30,1.0,-1.0,-1.270929752942822,15.641447137967017
9,31,1.0,1.0,1.7590673717307426,15.068449713242071
9,32,1.0,1.0,1.01376365151472,14.308014778544054
9,33,1.0,-1.0,-0.05430838360624554,13.71822930215828
9,34,1.0,-1.0,-0.7017853129478897,15.054169944620929
9,35,1.0,-1.0,-1.126193687872779,17.374576606247267
9,36,1.0,1.0,0.6404119810909343,13.357164284272107
9,37,1.0,-1.0,-2.28269042655143,17.084192657153555
9,38,1.0,1.0,1.4727831417991253,17.99912105667722
9,39,1.0,-1.0,-0.4490393593364695,13.339401705503018
9,40,1.0,1.0,1.3399711086867094,14.359252648467667
9,41,1.0,-1.0,-0.4524161207188101,16.14861704991458
9,42,1.0,1.0,0.23208086809251247,14.12122467479543
9,43,1.0,1.0,0.21385640556299662,16.734264886495524
9,44,1.0,-1.0,-0.1258193985943798,14.880615925051941
9,45,1.0,-1.0,-0.5307845620994714,16.173064899137067
9,46,1.0,1.0,0.009141036323503063,15.556172675113972
9,47,1.0,1.0,0.9772038203536263,17.140069643196075
9,48,1.0,1.0,0.3725046760789052,12.957037124709274
9,49,1.0,1.0,1.0125284180471663,18.610368812438654
9,50,1.0,-1.0,-1.985237903035302,16.18782501560138
9,51,1.0,1.0,1.196924107853881,19.266199848908194
9,52,1.0,-1.0,-0.5148422944864086,14.165807237833642
9,53,1.0,1.0,0.24196969603724489,11.767632932728018
9,54,1.0,1.0,1.2013620913740972,14.899855468675499
9,55,1.0,1.0,1.1216368279816247,16.2494345967652
9,56,1.0,-1.0,-0.35108460801592334,18.495890246820114
9,57,1.0,1.0,1.5897681096792227,14.786057753962238
9,58,1.0,-1.0,-1.0927560199950075,15.646294602804126
9,59,1.0,-1.0,-0.23875756783973573,14.37386454496483
9,60,1.0,1.0,0.3568468798068962,13.519761999522961
9,61,1.0,-1.0,-2.081450616633285,17.36169517502232
9,62,1.0,1.0,0.45778051059432295,13.648113713476853
9,63,1.0,1.0,0.7739553856549454,12.335395359739625
9,64,-1.0,1.0,0.4195960214302283,18.08122172414194
9,65,-1.0,1.0,0.7416675924572356,18.14410003790316
9,66,-1.0,1.0,1.3534383778232795,16.032441287927583
9,67,-1.0,-1.0,-0.7048174098947202,14.52191246475303
9,68,-1.0,-1.0,-2.3348724457587036,15.208250459053358
9,69,-1.0,-1.0,-0.5265481555091281,16.089494594732823
9,70,-1.0,-1.0,-2.049377417661179,13.305867257236896
9,71,-1.0,1.0,1.1453821453493953,13.061512203997802
9,72,-1.0,1.0,0.5138110043593005,12.189399618042293
9,73,-1.0,-1.0,-0.5319490280218957,17.425926987746863
9,74,-1.0,1.0,0.9371044639311531,13.750355986395693
9,75,-1.0,-1.0,-0.5133530178092198,15.40715369022178
9,76,-1.0,-1.0,-1.415899585886143,14.523163526024817
9,77,-1.0,-1.0,-0.8187133358684763,12.795226553624568
9,78,-1.0,-1.0,-0.06353083892536404,17.01157657038687
9,79,-1.0,1.0,1.0466852770573623,17.69179530765013
9,80,-1.0,1.0,0.4323844812769611,12.588055792661919
9,81,-1.0,1.0,0.951708202644936,18.56159629668334
9,82,-1.0,1.0,1.266796826321936,18.980012065317084
9,83,-1.0,1.0,0.38977266266654775,13.967898328345745
9,84,-1.0,-1.0,-1.6360395522729703,15.20780801271876
9,85,-1.0,1.0,0.6781281084353938,16.39953147869767
9,86,-1.0,1.0,0.998191831224129,13.046435851543608
9,87,-1.0,1.0,1.628525302763899,17.325270087721957
9,88,-1.0,-1.0,-0.9187923602399866,18.289873013452898
9,89,-1.0,1.0,0.4636844187645275,16.716140676118304
9,90,-1.0,1.0,0.5951881305173746,17.964837926590388
9,91,-1.0,1.0,0.5383449090766655,16.68449610397941
9,92,-1.0,1.0,0.08962665124444329,15.112566816174166
9,93,-1.0,-1.0,-0.6624503539622892,19.14783251262088
9,94,-1.0,1.0,0.4954308562721863,15.175930878151728
9,95,-1.0,1.0,1.0720746094446156,14.994863501957298
9,96,-1.0,1.0,1.3555534767898254,11.201574454476447
9,97,-1.0,1.0,0.937571311275138,15.38565744718153
9,98,-1.0,-1.0,-0.10151235347250763,14.005820427209065
9,99,-1.0,1.0,1.2101742492175633,12.387325186032184
9,100,-1.0,1.0,0.21097701126895296,12.972254352758293
9,101,-1.0,1.0,1.4359774163588164,16.43462644119374
9,102,-1.0,-1.0,-1.0799534257526386,14.913528044220005
9,103,-1.0,1.0,0.06275319054143381,17.35900547355496
9,104,-1.0,1.0,0.34918615917368956,13.99664279459436
9,105,-1.0,-1.0,-0.6688001913439933,17.822652537946823
9,106,-1.0,1.0,0.901550196388847,17.3747820639276
9,107,-1.0,-1.0,-1.7895634079501785,13.565628778080669
9,108,-1.0,1.0,0.8258569706233791,12.5473893573641
9,109,-1.0,1.0,0.454856899047972,14.438909156846309
9,110,-1.0,-1.0,-1.0459120212826338,14.521111430344863
9,111,-1.0,-1.0,-0.63085646613576,16.824446181727826
9,112,-1.0,1.0,0.5939697075013836,16.698168038764955
9,113,-1.0,1.0,1.0253881010886814,18.77688734024988
9,114,-1.0,-1.0,-1.1184970696159946,14.783056404561059
9,115,-1.0,-1.0,-0.21869053855862045,18.4816399939644
9,116,-1.0,1.0,0.7548435938455471,13.816541745439919
9,117,-1.0,-1.0,-1.7145070953251451,14.49475062789514
9,118,-1.0,1.0,0.5158361676564698,14.225518317379017
9,119,-1.0,1.0,0.9504464109279582,13.427083108861119
9,120,-1.0,1.0,1.7622958502596766,14.75860382908874
9,121,-1.0,-1.0,-1.6070390822567802,13.139913061849866
9,122,-1.0,-1.0,-0.5169872916559269,16.069402693551815
9,123,-1.0,-1.0,-2.23113752891785,16.00530626910015
9,124,-1.0,-1.0,-0.7001777580688755,14.848238918970168
9,125,-1.0,-1.0,-1.1090482465747826,15.54892574605593
9,126,-1.0,-1.0,-1.011734051580059,14.027684517994285
9,127,-1.0,1.0,0.671492727463347,14.245664068670793
10,0,1.0,-1.0,-0.15581905861086387,14.512454805027835
10,1,1.0,-1.0,-1.362659230933841,17.069577212343564
10,2,1.0,1.0,1.0020822476735345,14.699682492595219
10,3,1.0,1.0,0.4592206433548465,13.035469889901158
10,4,1.0,1.0,0.646943297746077,13.768229833547968
10,5,1.0,-1.0,-0.09648630814134106,17.08477980377224
10,6,1.0,-1.0,-0.516550515322592,15.158142522340956
10,7,1.0,1.0,1.2545240694242545,16.497289197796032
10,8,1.0,1.0,0.14828069659808668,19.116876241233502
10,9,1.0,1.0,0.03718011316802791,18.086619564322238
10,10,1.0,1.0,0.1597870885350832,15.354074308198248
10,11,1.0,-1.0,-0.08652325454111826,15.313912945887243
10,12,1.0,1.0,0.4913015941875755,12.572833346565984
10,13,1.0,1.0,0.4375673730366353,17.60727903779343
10,14,1.0,1.0,0.7413163436123689,14.770738544723338
10,15,1.0,1.0,0.05745060560909465,16.075347873078584
10,16,1.0,1.0,0.5040487589821088,16.545677300587972
10,17,1.0,1.0,0.8644646164709348,13.396464525102022
10,18,1.0,-1.0,-0.45824086370105915,12.533018443693159
10,19,1.0,1.0,0.35452146697546755,16.079294378263295
10,20,1.0,-1.0,-1.105495208564904,15.782651671789962
10,21,1.0,-1.0,-0.16726576531954646,14.661006149082194
10,22,1.0,1.0,0.2561966392223765,14.849606725353876
10,23,1.0,-1.0,-0.48868998767198535,14.292653639329869
10,24,1.0,1.0,0.7255205517172912,17.189312245666905
10,25,1.0,1.0,0.013749171066921612,12.828982385330143
10,26,1.0,-1.0,-0.3621692830255837,17.055139222397386
10,27,1.0,1.0,0.5130221878761866,17.98806734383952
10,28,1.0,1.0,1.136705904496089,17.33920753974584
10,29,1.0,-1.0,-0.606882598601235,15.302343562364928
10,30,1.0,-1.0,-0.3678610788294556,14.736857581657903
10,31,1.0,-1.0,-0.8175902164415928,14.3831717354537
10,32,1.0,1.0,0.8762596120299526,17.18962122714297
10,33,1.0,-1.0,-0.8891018056316259,14.454716405708412
10,34,1.0,1.0,0.8666144609830514,16.765093686186052
10,35,1.0,-1.0,-0.6212393698383023,13.342520536978071
10,36,1.0,-1.0,-0.4379737280986927,18.466449587448636
10,37,1.0,1.0,0.6722537587108193,15.748274647708037
10,38,1.0,1.0,0.8816857088243797,14.713277605424349
10,39,1.0,1.0,0.9663504906783054,15.438355954078393
10,40,1.0,-1.0,-0.2845941793270051,16.042224249086107
10,41,1.0,1.0,0.23029656723447423,11.729287220058927
10,42,1.0,1.0,0.7771751779232638,15.622778658485853
10,43,1.0,1.0,0.14984824186383539,17.37066793474038
10,44,1.0,-1.0,-0.2922110709601403,14.371278986081766
10,45,1.0,-1.0,-0.24425048306744174,17.04448972881681
10,46,1.0,-1.0,-0.22883107584577966,16.01781936609964
10,47,1.0,1.0,0.4245277544580622,14.911195071893298
10,48,1.0,1.0,1.1824548758792361,16.89402710779524
10,49,1.0,1.0,0.016467792370028433,16.57642116081032
10,50,1.0,1.0,0.9644975707001303,15.921301281669292
10,51,1.0,1.0,0.7775619341090803,16.098391834238875
10,52,1.0,1.0,0.4860487531551807,16.275946639239258
10,53,1.0,1.0,1.159265446362818,16.963467942964993
10,54,1.0,1.0,0.22740822338775318,12.402207264532437
10,55,1.0,1.0,0.5562010324252528,15.646693230225699
10,56,1.0,-1.0,-0.7857279246090498,12.206139192003675
10,57,1.0,1.0,0.20966624803179681,13.690533591402408
10,58,1.0,1.0,1.2549750275641585,16.287902264264932
10,59,1.0,1.0,1.1361505328096817,14.17581192660977
10,60,1.0,-1.0,-1.1318248200076801,15.462951819936697
10,61,1.0,1.0,1.2426887663018407,16.553524279291587
10,62,1.0,1.0,1.4271616674955308,17.411839704422338
10,63,1.0,1.0,0.597589395623847,13.011737868651428
10,64,-1.0,1.0,1.884025977011233,17.730627637566524
10,65,-1.0,-1.0,-0.6847532620335761,14.076449621746528
10,66,-1.0,1.0,1.6910551728950411,13.776370736993458
10,67,-1.0,-1.0,-0.6256495743284192,13.662182088651882
10,68,-1.0,-1.0,-0.4101821345659794,12.234271517622233
10,69,-1.0,1.0,0.4131443999265034,12.756538344546936
10,70,-1.0,1.0,1.0894372153748753,14.518141650990382
10,71,-1.0,1.0,0.1830431939620894,18.038797340672616
10,72,-1.0,1.0,0.8553178756372857,14.092502355518281
10,73,-1.0,-1.0,-0.47365159557998776,12.813436522636897
10,74,-1.0,1.0,0.8938703743451248,12.888623392764174
10,75,-1.0,-1.0,-0.12060962690959875,14.046961072347758
10,76,-1.0,-1.0,-0.019160442402796886,14.131787506891657
10,77,-1.0,1.0,0.8257174391182696,16.687995213523834
10,78,-1.0,-1.0,-0.19781217452234223,17.943209067824768
10,79,-1.0,1.0,0.8049742927704681,12.355347618890448
10,80,-1.0,-1.0,-0.7662850840377989,12.593045900148098
10,81,-1.0,1.0,0.19039936812985697,12.951467385063372
10,82,-1.0,-1.0,-0.0038423584517758153,18.352016577622035
10,83,-1.0,1.0,1.3686863428463214,16.89769305648184
10,84,-1.0,1.0,0.35691345833457233,15.722219709106087
10,85,-1.0,1.0,0.13943250168319182,14.866278632465566
10,86,-1.0,1.0,0.924080295571221,14.331604720943956
10,87,-1.0,1.0,0.4935780954607112,12.936185064402418
10,88,-1.0,1.0,1.176560044466483,13.851826034722814
10,89,-1.0,1.0,0.33432950846445253,16.136587468576398
10,90,-1.0,1.0,1.0266431484645013,18.694079886266106
10,91,-1.0,1.0,0.08576007593987943,16.668482309242933
10,92,-1.0,1.0,1.1378715483891362,14.228524130357375
10,93,-1.0,1.0,1.8919853863096172,14.6618515350397
10,94,-1.0,-1.0,-0.6405381082878056,14.602316419902447
10,95,-1.0,1.0,0.6766359936932602,13.45798992827728
10,96,-1.0,-1.0,-0.32777006170869905,13.776583090413304
10,97,-1.0,1.0,0.92107414387809,11.639240240202675
10,98,-1.0,1.0,1.2150357543863437,16.628163280413844
10,99,-1.0,1.0,1.9680748538519504,16.9578378539573
10,100,-1.0,1.0,0.1754728979181436,16.028384491939033
10,101,-1.0,1.0,0.7225157081800573,19.525941085132093
10,102,-1.0,1.0,0.5933349609047168,17.40225658713942
10,103,-1.0,1.0,0.007796435263270035,16.19364681602768
10,104,-1.0,1.0,0.528215228394471,14.603695800584019
10,105,-1.0,-1.0,-0.0856156900418119,19.192215099139947
10,106,-1.0,1.0,1.390863108499859,15.390537611776441
10,107,-1.0,-1.0,-1.0111308679266704,11.697866164941663
10,108,-1.0,1.0,0.6105418358659243,18.02346569804811
10,109,-1.0,-1.0,-0.3280033715397766,19.32150959863493
10,110,-1.0,-1.0,-0.9575496661292433,13.768286402000621
10,111,-1.0,1.0,1.1929755535048066,11.494165351922675
10,112,-1.0,1.0,0.023522126487165507,15.239876260024165
10,113,-1.0,1.0,0.23786028601449952,13.416405284639048
10,114,-1.0,1.0,0.5705891033943904,13.703668442747473
10,115,-1.0,-1.0,-1.1700219910267784,12.8356408667765
10,116,-1.0,-1.0,-0.5209245418517078,13.07028124668915
10,117,-1.0,-1.0,-0.2529856264629933,17.16999002786107
10,118,-1.0,1.0,0.3076901382900344,14.23836052192716
10,119,-1.0,-1.0,-0.23435246041188731,19.004911247454334
10,120,-1.0,-1.0,-0.627625382701555,15.010220319597765
10,121,-1.0,1.0,1.1251604793989667,11.964148428896241
10,122,-1.0,1.0,0.9248296190996351,15.266487688592628
10,123,-1.0,1.0,0.2808055763851001,11.958469399910914
10,124,-1.0,-1.0,-1.067376381056743,12.910370749903155
10,125,-1.0,1.0,0.7157418640132357,15.349659753116073
10,126,-1.0,1.0,1.5812078057454122,15.342497939989691
10,127,-1.0,-1.0,-0.33774611704666924,11.611288993746804
11,0,1.0,-1.0,-1.0952366840033716,14.01913365397522
11,1,1.0,1.0,0.6003877516264527,19.858823793533023
11,2,1.0,-1.0,-0.39736784271964865,12.633240307499038
11,3,1.0,-1.0,-0.32081350977627426,14.358778505580085
11,4,1.0,-1.0,-0.12098146702677369,13.511127848114405
11,5,1.0,-1.0,-0.755240857574188,14.64175307106201
11,6,1.0,1.0,0.4331519333460605,15.671478671208133
11,7,1.0,1.0,0.6123888845803317,18.10086201157878
11,8,1.0,-1.0,-0.06895785983759295,13.931752700554107
11,9,1.0,-1.0,-0.15859510835560095,16.209307000393377
11,10,1.0,1.0,0.10906705659721255,16.345213318229625
11,11,1.0,-1.0,-0.05745924009231086,15.553400275892667
11,12,1.0,1.0,0.4980314780093628,15.033170014170128
11,13,1.0,1.0,0.0987179365525136,15.54093396771306
11,14,1.0,-1.0,-0.7349889708839005,12.707599820600011
11,15,1.0,1.0,0.05778303327837922,14.456797141432556
11,16,1.0,1.0,0.2607407234516681,18.012661263292543
11,17,1.0,-1.0,-1.4446620129850927,17.34240464370778
11,18,1.0,-1.0,-0.7560210660744208,13.470237629377685
11,19,1.0,1.0,0.7337953463179369,17.471402984868224
11,20,1.0,1.0,0.28018195096617904,14.868080997709429
11,21,1.0,1.0,0.4953974671304615,17.27289905361411
11,22,1.0,1.0,0.4371634295391381,14.601823949025441
11,23,1.0,1.0,0.6494389649062253,15.574020371554086
11,24,1.0,-1.0,-1.5399723843120647,15.088526126840506
11,25,1.0,-1.0,-0.4718625226120226,13.446473400572158
11,26,1.0,-1.0,-0.10446636832320699,18.483371363721286
11,27,1.0,-1.0,-0.9528631555419305,14.462642547766983
11,28,1.0,-1.0,-0.9832286100557561,16.6519243410086
11,29,1.0,1.0,0.5592719511145571,19.141619358984784
11,30,1.0,-1.0,-0.20191119076479902,17.801448507744464
11,31,1.0,-1.0,-1.6840881883981325,18.06448314620632
11,32,1.0,1.0,0.18455145660703826,14.41976165244761
11,33,1.0,1.0,0.5526065987483902,18.71810522767993
11,34,1.0,1.0,0.7311604201535359,17.689995934813332
11,35,1.0,1.0,0.9069962347222327,16.73494120166868
11,36,1.0,1.0,0.25650685486447683,15.51496459468799
11,37,1.0,-1.0,-0.572742139840992,19.47100941169883
11,38,1.0,1.0,0.023727005974546633,15.377630562830703
11,39,1.0,-1.0,-0.1280073266271333,16.097896931543822
11,40,1.0,-1.0,-0.6435634600208784,14.071397509113742
11,41,1.0,1.0,0.24130115648598308,15.132877103312916
11,42,1.0,1.0,0.12528462748764688,15.640875615477754
11,43,1.0,1.0,0.3427176194869452,19.732209263878627
11,44,1.0,1.0,0.4206527076812987,12.789982794249578
11,45,1.0,1.0,0.34903626290108475,12.296611076227766
11,46,1.0,-1.0,-0.6111852325650133,14.64772591597842
11,47,1.0,-1.0,-0.435208623038256,15.866021090286896
11,48,1.0,1.0,0.08510353964335211,13.42156029073731
11,49,1.0,-1.0,-0.16011010009128468,12.617349627694079
11,50,1.0,1.0,0.36196957225739634,13.93834426962517
11,51,1.0,-1.0,-0.436358844297585,15.737112174292868
11,52,1.0,-1.0,-0.9611348843688249,14.263125855129017
11,53,1.0,1.0,0.6090677839556724,13.60842780974779
11,54,1.0,-1.0,-0.2696980739068573,12.154763325574047
11,55,1.0,-1.0,-0.44511734139541614,12.960610111215574
11,56,1.0,-1.0,-0.026152018922512843,17.088557986791322
11,57,1.0,1.0,0.7330333272351037,17.429699206464505
11,58,1.0,-1.0,-0.7544028816531745,12.585552548781733
11,59,1.0,1.0,0.07373020459663909,19.21071146809708
11,60,1.0,1.0,0.38892908936822346,14.819059453160348
11,61,1.0,1.0,0.16447440423303122,17.22612329400494
11,62,1.0,-1.0,-0.8937710849880991,17.412955744263787
11,63,1.0,-1.0,-0.25644649120436547,16.564074400087954
11,64,-1.0,1.0,0.22897826539444865,16.314810360074265
11,65,-1.0,1.0,0.7613470239513641,12.729389484720212
11,66,-1.0,-1.0,-0.5074400214869288,18.640758617509302
11,67,-1.0,-1.0,-0.7715160805016316,16.91825136741167
11,68,-1.0,-1.0,-1.2171229786381228,18.01342921928604
11,69,-1.0,1.0,0.21388176394320957,13.819074500241364
11,70,-1.0,1.0,0.6109672636695562,17.4104762462368
11,71,-1.0,1.0,0.9813314803745643,17.031419497485203
11,72,-1.0,-1.0,-0.40777263528183105,16.414943481575776
11,73,-1.0,-1.0,-0.6056048607087402,15.730671782141545
11,74,-1.0,1.0,0.7754009506355686,15.758390604669234
11,75,-1.0,1.0,0.842140222445886,13.753605860772995
11,76,-1.0,1.0,0.17442683560241437,16.312030344146287
11,77,-1.0,-1.0,-0.7254089465369253,13.902262225651759
11,78,-1.0,1.0,1.1075958361963347,16.488380287332383
11,79,-1.0,1.0,0.23832804400310403,15.749545045776518
11,80,-1.0,-1.0,-0.7668092044292236,14.504624306354208
11,81,-1.0,-1.0,-0.19395681563675332,14.391344758103882
11,82,-1.0,-1.0,-0.9462641068902504,14.834487483148834
11,83,-1.0,1.0,0.8635298717148284,11.99916482160344
11,84,-1.0,1.0,1.2032266455670382,17.949134786074175
11,85,-1.0,1.0,0.8931988732743223,16.902607899311853
11,86,-1.0,1.0,0.4315722150213355,13.889248830731725
11,87,-1.0,1.0,0.7783171505486494,14.73065741428606
11,88,-1.0,1.0,0.9734219654902398,18.535420473299194
11,89,-1.0,-1.0,-0.06529835964260722,15.439384209478103
11,90,-1.0,1.0,0.21329733756836367,20.335662420596368
11,91,-1.0,1.0,0.033206362272178186,11.468340845757066
11,92,-1.0,1.0,0.4525955649282493,12.06977596488564
11,93,-1.0,1.0,0.6298667355366149,12.57723775213546
11,94,-1.0,1.0,0.5464920332083301,14.285902541648154
11,95,-1.0,-1.0,-0.8024115267441075,14.361715114684204
11,96,-1.0,-1.0,-0.999356163445019,18.2529269517846
11,97,-1.0,1.0,1.4377526713265194,16.321424184332233
11,98,-1.0,1.0,0.16755216792986827,19.582079938517445
11,99,-1.0,-1.0,-0.313844852089909,13.526312936173822
11,100,-1.0,-1.0,-0.20017065609669682,11.841252849737694
11,101,-1.0,1.0,0.8817763486508929,13.172713268897986
11,102,-1.0,-1.0,-1.2465691251606643,19.00398992517479
11,103,-1.0,1.0,0.14826877445314646,15.76604556288626
11,104,-1.0,1.0,0.5732873639824421,11.995519517877389
11,105,-1.0,1.0,0.1832819577540412,16.728886579459388
11,106,-1.0,1.0,1.3111326652058193,14.805052643072202
11,107,-1.0,1.0,0.34599619159358086,18.515754495904527
11,108,-1.0,1.0,0.4016188828863323,15.526342565938638
11,109,-1.0,-1.0,-1.2307286028308275,17.0434928342627
11,110,-1.0,1.0,0.376052410539948,14.461970691016171
11,111,-1.0,1.0,0.2902250979836901,14.280422258388747
11,112,-1.0,1.0,0.23783533481737723,20.51624873263543
11,113,-1.0,-1.0,-0.071461036936637,12.061065245012554
11,114,-1.0,1.0,1.169805600940233,18.96773962087528
11,115,-1.0,1.0,0.7853081655714067,14.92490270388419
11,116,-1.0,-1.0,-0.18781646345668646,13.713667995743016
11,117,-1.0,-1.0,-0.6025712694671079,14.014009583358671
11,118,-1.0,1.0,1.0145655787089356,15.408215381183647
11,119,-1.0,1.0,0.3635435479792691,16.046142353189456
11,120,-1.0,-1.0,-0.5995063723144473,15.161506148846952
11,121,-1.0,1.0,0.9031430715130631,15.070624923558986
11,122,-1.0,1.0,1.1251496651446304,15.032331817527307
11,123,-1.0,1.0,0.4200902737778859,14.262382010383792
11,124,-1.0,1.0,0.055462416281051946,13.340870774846172
11,125,-1.0,-1.0,-0.5240712744595261,12.526208951287385
11,126,-1.0,1.0,1.7047722346519298,17.498748424378203
11,127,-1.0,-1.0,-0.7491525510731184,19.887784631056896
12,0,1.0,-1.0,-0.29429933497036476,15.611984545296012
12,1,1.0,-1.0,-0.6543105517651959,13.390974598114168
12,2,1.0,-1.0,-0.0895542085428556,11.407385487168842
12,3,1.0,-1.0,-0.4577625376567935,16.1499853021416
12,4,1.0,1.0,0.39032811802254597,12.221367774661498
12,5,1.0,1.0,1.126200829184319,19.701165426318198
12,6,1.0,-1.0,-0.2465304183130382,15.128541021249369
12,7,1.0,-1.0,-0.25805956889605997,11.465270534685365
12,8,1.0,1.0,0.13200226009795724,18.727632953713673
12,9,1.0,-1.0,-0.2556698124591779,15.482191367164473
12,10,1.0,-1.0,-1.7576360699983806,17.917264277935452
12,11,1.0,1.0,0.1150827636867257,11.864394802146778
12,12,1.0,1.0,0.3433577966560991,16.959237213086972
12,13,1.0,1.0,0.37084585786877433,14.649565871407258
12,14,1.0,-1.0,-0.30758240266315506,13.705682380544554
12,15,1.0,1.0,0.4183134652276431,19.52854576537483
12,16,1.0,-1.0,-0.8590338002809778,12.797654857979257
12,17,1.0,1.0,0.6322657361152634,15.498849138452634
12,18,1.0,-1.0,-0.20025163043559713,13.904168368369685
12,19,1.0,-1.0,-0.24058129526017596,15.567193991557557
12,20,1.0,1.0,1.123721615079049,15.834585303857756
12,21,1.0,1.0,0.12105029197315774,16.546541033007127
12,22,1.0,1.0,1.2898436389359673,19.27940049648587
12,23,1.0,1.0,0.8405277268205078,15.761638703767105
12,24,1.0,-1.0,-1.059001415621973,12.982889071645303
12,25,1.0,-1.0,-0.3983607608952261,14.544934254801458
12,26,1.0,-1.0,-0.2616646681639867,14.708666400736737
12,27,1.0,1.0,0.19458856066595853,15.065136776995484
12,28,1.0,-1.0,-0.3608069860191323,18.23769792148788
12,29,1.0,1.0,0.2185829941061893,12.06037900485006
12,30,1.0,1.0,0.5365646056719457,14.086560102469871
12,31,1.0,-1.0,-0.7592647452722739,18.450446680416317
12,32,1.0,1.0,1.448469524964907,19.00722925348828
12,33,1.0,-1.0,-0.7559569068305696,12.220295854400298
12,34,1.0,-1.0,-0.630670503512668,16.341380038723834
12,35,1.0,1.0,0.8925500696285399,19.26941893708829
12,36,1.0,-1.0,-0.1417386566706213,15.743456038239565
12,37,1.0,-1.0,-0.38461012099973824,16.268505499012704
12,38,1.0,-1.0,-0.9302505478732496,13.502387706969712
12,39,1.0,-1.0,-0.2939368303573848,16.109592681320073
12,40,1.0,1.0,1.0141008623519556,16.17572812891908
12,41,1.0,-1.0,-0.5031475562480351,17.477252258837677
12,42,1.0,-1.0,-0.7778353976296789,11.97618746579669
12,43,1.0,-1.0,-0.7098648820609545,13.026911910123946
12,44,1.0,1.0,0.2011359168345171,13.851096806113532
12,45,1.0,-1.0,-0.9772701242457222,17.975321090125146
12,46,1.0,-1.0,-0.3516321569486236,17.93587312262038
12,47,1.0,1.0,0.8398996252648537,17.5850073393617
12,48,1.0,-1.0,-0.04237307427081409,14.895347644861006
12,49,1.0,1.0,0.15132661041569617,18.431272222808317
12,50,1.0,-1.0,-0.40108423289252326,14.007961259458652
12,51,1.0,1.0,0.4043215842722815,13.89362497784677
12,52,1.0,-1.0,-0.02842628506417079,17.80933481999111
12,53,1.0,-1.0,-0.4878974807725294,15.845917752014902
12,54,1.0,-1.0,-0.39170714924018135,11.725782687907591
12,55,1.0,-1.0,-0.25348299206121294,14.361318947917873
12,56,1.0,1.0,0.20456691215694675,13.338465907606112
12,57,1.0,1.0,0.3774011586353841,15.22007733743466
12,58,1.0,1.0,1.3432703406890865,17.487639966064144
12,59,1.0,1.0,0.6449661803634763,17.140716951374884
12,60,1.0,1.0,0.06228998069319097,15.416645683427447
12,61,1.0,-1.0,-0.23988105458297196,12.956670794798878
12,62,1.0,-1.0,-1.2849005608303063,11.348985568583478
12,63,1.0,1.0,0.7084989926166577,19.218232374571603
12,64,-1.0,1.0,0.01098871202828125,16.711359267469028
12,65,-1.0,1.0,0.08101896074476429,14.385725587491585
12,66,-1.0,1.0,0.1813712722945125,19.074334381392163
12,67,-1.0,-1.0,-0.8828828179832613,17.227077517933544
12,68,-1.0,1.0,2.015550024204534,14.659528157953487
12,69,-1.0,-1.0,-1.374162477645922,16.662450553938303
12,70,-1.0,-1.0,-1.0207190696823303,14.570879287285429
12,71,-1.0,-1.0,-0.3791292549131526,15.32265246135633
12,72,-1.0,-1.0,-0.0102490369953296,15.355015099123985
12,73,-1.0,1.0,1.3967828694428728,16.50473567176438
12,74,-1.0,1.0,0.08410149400394874,15.106710351291648
12,75,-1.0,-1.0,-1.660011640085824,16.506178044471948
12,76,-1.0,1.0,0.7405401848726239,18.421917342297927
12,77,-1.0,-1.0,-0.3749524933704915,15.410004156820944
12,78,-1.0,1.0,1.0665837773655333,16.36655686103806
12,79,-1.0,1.0,0.6461736610923259,16.57251954276919
12,80,-1.0,1.0,1.611265506715,17.063525031213665
12,81,-1.0,-1.0,-0.894991347293121,11.839523133759077
12,82,-1.0,1.0,0.7283665787117913,16.609487445950343
12,83,-1.0,-1.0,-1.561473641891328,15.518767276549847
12,84,-1.0,-1.0,-1.131741922800229,18.658462554688942
12,85,-1.0,1.0,0.4069656940501131,14.912220216188874
12,86,-1.0,1.0,0.7466521618049319,13.462551338701498
12,87,-1.0,1.0,0.4674507636060927,16.769858968777694
12,88,-1.0,1.0,0.15887487422136004,15.585964711713762
12,89,-1.0,1.0,1.272260716089729,12.621916115633203
12,90,-1.0,1.0,0.7582411777956137,16.96246155851173
12,91,-1.0,-1.0,-1.2556164444115292,14.430811782800857
12,92,-1.0,1.0,0.18518497121496452,11.419692533407405
12,93,-1.0,1.0,1.0076141090371882,18.157533099180537
12,94,-1.0,1.0,1.185292958546722,17.962033836835765
12,95,-1.0,1.0,0.21949975684996528,12.976027599229504
12,96,-1.0,1.0,0.6904153589184462,13.45892409327696
12,97,-1.0,1.0,0.09239185114897298,14.348391414434538
12,98,-1.0,1.0,0.8502870344682317,14.573570902674149
12,99,-1.0,1.0,0.9830223362772216,17.330240278500213
12,100,-1.0,-1.0,-0.08638875772964359,14.093214065261492
12,101,-1.0,1.0,0.724284879168573,11.3684581073738
12,102,-1.0,-1.0,-1.2928647423529043,16.217652265099122
12,103,-1.0,1.0,0.6544337952791804,17.29790444362102
12,104,-1.0,1.0,0.14277254223123254,16.0696985170631
12,105,-1.0,1.0,0.38218821655570284,16.527243472807694
12,106,-1.0,-1.0,-0.02103330503667969,13.803437207584926
12,107,-1.0,1.0,0.5687504535340356,14.070181942284579
12,108,-1.0,1.0,0.4417951110875179,15.655908500973005
12,109,-1.0,-1.0,-0.6910520515157759,14.924585143939629
12,110,-1.0,1.0,0.32689445297947567,14.33850719889288
12,111,-1.0,-1.0,-0.10784878001012199,11.991186206001828
12,112,-1.0,1.0,1.8471657243112407,16.465465206566055
12,113,-1.0,1.0,0.6177345726889314,12.42345735169289
12,114,-1.0,1.0,0.2579674405126784,14.875140817972365
12,115,-1.0,-1.0,-0.23099904077525946,13.23071408161033
12,116,-1.0,-1.0,-1.1806423883135055,18.370690768734175
12,117,-1.0,1.0,0.05366214510809579,16.664862183193517
12,118,-1.0,-1.0,-0.6217132446166389,16.56047074980694
12,119,-1.0,-1.0,-1.1947524799048574,13.130070756446491
12,120,-1.0,1.0,0.5033912124871366,13.552435302035727
12,121,-1.0,-1.0,-0.03811901442942735,12.88442881789153
12,122,-1.0,1.0,0.2485963641143552,12.92741955093013
12,123,-1.0,1.0,0.9496301410460042,15.050466669435858
12,124,-1.0,1.0,0.5400083298691375,15.649311525143876
12,125,-1.0,1.0,0.3471551285302151,17.384769170550477
12,126,-1.0,-1.0,-1.061888958623061,15.645139508688564
12,127,-1.0,-1.0,-1.3324509933133757,16.222462037660204
13,0,1.0,-1.0,-1.0283167352028586,15.624325045135823
13,1,1.0,-1.0,-0.5542217693100069,11.51194148888961
13,2,1.0,-1.0,-1.2728010614903156,16.45668321170653
13,3,1.0,-1.0,-0.001634349721675185,14.927000280766265
13,4,1.0,-1.0,-0.6436240861794857,13.531779475890632
13,5,1.0,-1.0,-0.7030047469353186,17.54758485837822
13,6,1.0,1.0,0.7381685787930401,12.052057169779323
13,7,1.0,1.0,0.8983843629314362,15.094932060489947
13,8,1.0,1.0,1.4529826082304285,13.611488984787758
13,9,1.0,1.0,0.3611824776855677,13.437698932901327
13,10,1.0,1.0,0.7471163912700727,15.150533906229295
13,11,1.0,-1.0,-0.6477704870097729,15.670598336560671
13,12,1.0,1.0,1.5256392109102583,14.000196878742015
13,13,1.0,1.0,0.47707542502490435,17.971112697728906
13,14,1.0,-1.0,-0.5464312369370351,15.288616806007658
13,15,1.0,1.0,0.07979534771604921,17.47252416310231
13,16,1.0,-1.0,-0.4510815578834449,15.051423409161046
13,17,1.0,1.0,1.4687248799888117,14.464458892680923
13,18,1.0,-1.0,-0.241546041146915,17.22921317645518
13,19,1.0,1.0,0.9549736508674932,14.938614513123726
13,20,1.0,-1.0,-0.18125560522476636,16.292864480207676
13,21,1.0,-1.0,-0.8315274561537698,14.01511888145702
13,22,1.0,-1.0,-1.6715427571718908,15.474312537751333
13,23,1.0,-1.0,-1.5801849160462926,15.929162444717742
13,24,1.0,-1.0,-0.3313983501098888,15.08473728365873
13,25,1.0,-1.0,-1.1600660847780573,15.596182561371014
13,26,1.0,1.0,1.0413659760337164,16.457941015872386
13,27,1.0,1.0,0.3671028414821407,16.571225141144527
13,28,1.0,-1.0,-0.09826092950550286,12.482904798384517
13,29,1.0,-1.0,-1.206629123408022,14.681813001979876
13,30,1.0,-1.0,-0.10825586521947778,11.843685132281504
13,31,1.0,1.0,1.4732803001141321,15.804438487795103
13,32,1.0,1.0,1.280895017853691,16.66246143715415
13,33,1.0,-1.0,-0.03064328733891715,15.189363463941339
13,34,1.0,1.0,1.824121109827905,15.18999114734565
13,35,1.0,-1.0,-0.011221320222618139,14.885421469905541
13,36,1.0,1.0,0.010430128251325527,14.852732499528402
13,37,1.0,-1.0,-0.6909812645880553,15.49876978388571
13,38,1.0,-1.0,-0.43312766064930514,14.516234246331681
13,39,1.0,1.0,1.3776390943384944,14.359007741485089
13,40,1.0,-1.0,-0.2823593251817763,14.544369954462681
13,41,1.0,-1.0,-1.7585960469938529,16.63916406182618
13,42,1.0,1.0,1.4378855311938923,15.74276320921896
13,43,1.0,-1.0,-0.3212187091729347,13.491155508472298
13,44,1.0,-1.0,-0.26207490037925885,14.326832020445707
13,45,1.0,-1.0,-0.26230948273572874,14.027862633422217
13,46,1.0,-1.0,-0.23881925222357298,15.237572329632691
13,47,1.0,1.0,0.7941306458063487,15.300902253662453
13,48,1.0,1.0,0.30735855686375796,15.909255980872482
13,49,1.0,-1.0,-0.3878097596761927,15.965137142302034
13,50,1.0,-1.0,-1.3536248390905454,12.988372282809955
13,51,1.0,-1.0,-1.8937081609422073,13.822796544822342
13,52,1.0,1.0,0.6401887322969273,12.41069971996876
13,53,1.0,1.0,0.23130781325111147,14.988999703944504
13,54,1.0,1.0,2.000815603137056,16.49446057728922
13,55,1.0,-1.0,-0.7405892263348296,14.680246641668736
13,56,1.0,-1.0,-0.5263046335001136,12.855552734791717
13,57,1.0,-1.0,-0.4389702625700581,17.263617579163963
13,58,1.0,-1.0,-0.9351615737669012,13.972808787558305
13,59,1.0,1.0,0.176075448040285,15.068510499720814
13,60,1.0,-1.0,-0.25337336398762955,15.037769497005284
13,61,1.0,1.0,0.18724947069250875,14.348281619422606
13,62,1.0,1.0,0.18268192665619679,13.6437049153781
13,63,1.0,-1.0,-1.1346872681664366,16.976461293558174
13,64,-1.0,1.0,0.32533928244508675,13.631642470837878
13,65,-1.0,-1.0,-0.3345044702435021,13.978312498494907
13,66,-1.0,1.0,0.22311972163019225,17.31129423491609
13,67,-1.0,-1.0,-0.0813104887038884,16.230801567449614
13,68,-1.0,-1.0,-0.4513021414491012,16.824934247036758
13,69,-1.0,1.0,2.3247848928299972,16.918019667110222
13,70,-1.0,-1.0,-0.26457228675094235,13.937336133269849
13,71,-1.0,1.0,2.1732304784990513,15.404249798803626
13,72,-1.0,-1.0,-0.0399491964806826,11.756657516168472
13,73,-1.0,1.0,1.1418370563682396,16.171385866678506
13,74,-1.0,1.0,0.8769684447303349,14.160533298564223
13,75,-1.0,1.0,1.4525463359420268,13.704558978174761
13,76,-1.0,-1.0,-0.3926100123021055,12.38819522215387
13,77,-1.0,-1.0,-0.5094212086689734,12.752818797262941
13,78,-1.0,-1.0,-0.30425818896553275,17.077972839463175
13,79,-1.0,-1.0,-0.7410027878994359,16.177208566531753
13,80,-1.0,1.0,0.8145422118889457,13.542043046056444
13,81,-1.0,-1.0,-0.039896269503614565,13.623332561288448
13,82,-1.0,1.0,0.5502840035000225,17.202619043983788
13,83,-1.0,1.0,0.896080509875234,14.467298874293876
13,84,-1.0,1.0,0.932741091804008,17.244016742690025
13,85,-1.0,-1.0,-0.11342035220127253,13.972528827527668
13,86,-1.0,1.0,1.1763235666793497,14.90265963054183
13,87,-1.0,-1.0,-1.1767670846615508,16.496492455377272
13,88,-1.0,1.0,0.9737602018829865,17.100989445648036
13,89,-1.0,1.0,0.8744966396075325,14.631317980435238
13,90,-1.0,1.0,0.9942805489214288,18.118550827298176
13,91,-1.0,-1.0,-0.9692961624625402,12.50251472859912
13,92,-1.0,1.0,1.4084075608128706,15.66513709836302
13,93,-1.0,1.0,0.1991989217283089,13.06697563980704
13,94,-1.0,1.0,0.17595480104570843,17.975751425932994
13,95,-1.0,-1.0,-0.24106360687433498,16.34317897548557
13,96,-1.0,1.0,0.8544096646706746,17.694631586291273
13,97,-1.0,-1.0,-0.3362790770171882,14.101978845170411
13,98,-1.0,1.0,0.5836130224895181,13.035280718181474
13,99,-1.0,-1.0,-0.562906810402607,16.71007008612361
13,100,-1.0,1.0,0.0570743943655863,12.81745296200409
13,101,-1.0,-1.0,-0.2701626705078788,16.402028807433954
13,102,-1.0,-1.0,-0.5857167953039712,17.00387418521347
13,103,-1.0,1.0,0.9951786940158596,13.914522657101937
13,104,-1.0,-1.0,-0.099706745627441,15.54393220739347
13,105,-1.0,-1.0,-0.7915312307322242,17.638089000038388
13,106,-1.0,-1.0,-0.5202414645784412,13.742863862884464
13,107,-1.0,-1.0,-0.041630662733301724,10.906394806516968
13,108,-1.0,1.0,0.6823281155914666,13.580576320643969
13,109,-1.0,-1.0,-0.15719936507876037,15.73323987707437
13,110,-1.0,1.0,0.6468729677995408,13.183377870868584
13,111,-1.0,-1.0,-0.2216779135079152,16.21496397817687
13,112,-1.0,-1.0,-0.7797294772396041,12.513084946279685
13,113,-1.0,1.0,1.5101874830724151,16.5577292460466
13,114,-1.0,-1.0,-0.5627907338956931,15.639276690547565
13,115,-1.0,-1.0,-1.2484016445613462,17.032117987021937
13,116,-1.0,-1.0,-0.554749233192454,13.561587866448543
13,117,-1.0,-1.0,-0.5068513953436325,13.693865478936356
13,118,-1.0,-1.0,-0.44608082615568945,15.233604390420755
13,119,-1.0,-1.0,-0.7425005738810423,14.160491037001702
13,120,-1.0,-1.0,-0.09477376434098392,14.257294383233676
13,121,-1.0,-1.0,-0.9187886219937801,14.619675589262902
13,122,-1.0,1.0,0.635889585812487,12.332243079830539
13,123,-1.0,1.0,0.8013906805020318,13.754702663090278
13,124,-1.0,-1.0,-0.32408757856276543,12.714737997161613
13,125,-1.0,-1.0,-0.7588845866773626,13.990900517019552
13,126,-1.0,1.0,0.2974429480671601,16.43613652473836
13,127,-1.0,-1.0,-0.7814133433779764,13.722151474733131
14,0,1.0,-1.0,-1.070558817023972,15.667126150548054
14,1,1.0,-1.0,-0.36384564482708576,13.361840599453403
14,2,1.0,1.0,0.6109145545856713,20.251746139639277
14,3,1.0,-1.0,-0.20576865530777277,16.46645290910666
14,4,1.0,1.0,0.8322714893711758,14.587821760759404
14,5,1.0,-1.0,-0.7482958864116901,15.327181314908723
14,6,1.0,-1.0,-0.7829425516902064,13.987639573211055
14,7,1.0,-1.0,-0.2769001662562518,17.30381341502056
14,8,1.0,1.0,0.4312939880845914,17.03133125630096
14,9,1.0,1.0,1.062088113556449,16.449043984271288
14,10,1.0,1.0,0.006724091844879945,12.792963258703892
14,11,1.0,-1.0,-1.1851966267611505,15.164187589665284
14,12,1.0,-1.0,-1.8643325733195901,15.833154041596917
14,13,1.0,-1.0,-0.9119068190069323,18.087766894385837
14,14,1.0,1.0,0.9299392732937521,15.239711240226532
14,15,1.0,1.0,1.0943864057939567,13.839864571973939
14,16,1.0,-1.0,-1.5029128908310865,13.879312142357248
14,17,1.0,1.0,0.9626964276777661,15.036304308030745
14,18,1.0,1.0,0.32792946238044357,11.750729847350208
14,19,1.0,1.0,0.23116654148322888,18.703974187860464
14,20,1.0,1.0,0.2211206166104529,16.458949371474194
14,21,1.0,1.0,0.9762044773889286,14.73465244845467
14,22,1.0,1.0,0.580010951562301,14.114598706885657
14,23,1.0,-1.0,-0.5494281809790773,19.519289088853508
14,24,1.0,1.0,0.1072049792598938,19.109279403291957
14,25,1.0,1.0,0.7524484328911638,14.934116382186154
14,26,1.0,1.0,0.12978586820003418,10.892123096423576
14,27,1.0,1.0,0.579120287186708,14.747386784633328
14,28,1.0,1.0,0.20348017402003066,20.40788420627619
14,29,1.0,-1.0,-0.8276407674186796,11.88952336746154
14,30,1.0,-1.0,-0.3404189448811993,18.183701591568102
14,31,1.0,1.0,1.1792328401545438,16.003318613936422
14,32,1.0,1.0,0.3450008401271765,14.232373078168878
14,33,1.0,-1.0,-1.1682447704465901,13.651407222668215
14,34,1.0,1.0,0.1457268458737619,16.527633918431416
14,35,1.0,-1.0,-1.7966846167998576,15.794369348238838
14,36,1.0,-1.0,-0.5155518818981617,14.559802259673983
14,37,1.0,1.0,0.6623546268598467,18.314693060324032
14,38,1.0,-1.0,-0.3142455465253273,15.511674864706512
14,39,1.0,1.0,1.5553049385796798,16.57166941932863
14,40,1.0,-1.0,-0.6451149665692579,14.984503117441069
14,41,1.0,1.0,0.9069460004911055,18.317663856723822
14,42,1.0,-1.0,-1.737484736447317,17.742260660997434
14,43,1.0,1.0,0.9498183636461879,13.880715171083645
14,44,1.0,1.0,0.5278793377095607,19.264290884653764
14,45,1.0,-1.0,-0.15537143131285758,16.986075376113746
14,46,1.0,1.0,1.065774178424923,15.575801768614571
14,47,1.0,-1.0,-1.3048940484570326,13.403788420360055
14,48,1.0,-1.0,-1.2650608450108862,15.814202645444329
14,49,1.0,1.0,1.2074069232984859,17.431454900188214
14,50,1.0,1.0,0.812828472759937,14.432236383520726
14,51,1.0,1.0,1.1807988737893582,16.938517532577283
14,52,1.0,-1.0,-1.5221997605681945,18.598227502918306
14,53,1.0,1.0,0.5872719161906377,17.74976155805737
14,54,1.0,-1.0,-0.061861867928410474,19.432150947523873
14,55,1.0,-1.0,-0.27488518442185844,14.72991890623394
14,56,1.0,-1.0,-0.09314081729102291,16.69185887889529
14,57,1.0,1.0,0.8607821293936957,15.943847584439897
14,58,1.0,1.0,0.8241966933499517,14.66504350046799
14,59,1.0,1.0,0.429924253832908,11.64272967454545
14,60,1.0,1.0,0.9930649204012512,16.464776293819796
14,61,1.0,-1.0,-0.7151701965579832,15.78061536232732
14,62,1.0,1.0,0.8600616683350288,13.29655092740498
14,63,1.0,1.0,1.20307214849631,16.193165222876978
14,64,-1.0,-1.0,-0.5167964659947869,17.849462389953835
14,65,-1.0,1.0,0.3016337124055771,14.77718238237671
14,66,-1.0,-1.0,-0.44184288318416537,14.655017722365029
14,67,-1.0,1.0,0.8448719042747372,12.99152657273193
14,68,-1.0,1.0,1.023936568352773,18.172840960803224
14,69,-1.0,1.0,0.6724074000397509,15.191339231234329
14,70,-1.0,1.0,0.96348717897012,20.16938233732988
14,71,-1.0,1.0,0.10560998126914675,14.92547256177221
14,72,-1.0,1.0,1.6478795467489114,13.702038003399597
14,73,-1.0,1.0,0.33190712867873906,14.256077326400048
14,74,-1.0,-1.0,-0.22661669584906557,15.585802462063047
14,75,-1.0,-1.0,-0.6846684475821564,16.46299645931746
14,76,-1.0,-1.0,-0.5580959993118229,12.351607816577376
14,77,-1.0,-1.0,-0.5725099195697222,12.481509775860129
14,78,-1.0,1.0,1.1624825123496982,19.553541384330753
14,79,-1.0,1.0,1.4585623900357585,15.673685688952041
14,80,-1.0,-1.0,-1.0172531380477075,17.990636307296057
14,81,-1.0,-1.0,-0.8031550469383772,16.072873770385044
14,82,-1.0,-1.0,-0.7636240859250927,14.059046911218022
14,83,-1.0,-1.0,-0.5906812097313922,12.382877740926533
14,84,-1.0,1.0,1.5407582810843574,12.808416262780483
14,85,-1.0,1.0,1.9699657673353848,19.301259996896324
14,86,-1.0,-1.0,-0.7891946634827847,14.606730807514447
14,87,-1.0,1.0,0.25577657853283636,13.317733993187668
14,88,-1.0,-1.0,-0.7760364376522245,17.668092204162633
14,89,-1.0,-1.0,-0.4214468544004576,16.89977563099937
14,90,-1.0,-1.0,-0.2604107583449742,16.43417945500843
14,91,-1.0,1.0,0.13050965368214823,10.461034618774233
14,92,-1.0,-1.0,-0.7698463588106528,18.274248794699215
14,93,-1.0,1.0,0.6732956875036258,19.145780224228247
14,94,-1.0,1.0,0.02282569860049273,13.319933528453966
14,95,-1.0,1.0,0.5849994691670184,14.124300703610023
14,96,-1.0,1.0,0.9707718990577175,12.37098804032868
14,97,-1.0,-1.0,-0.41791669145182986,14.598069474968423
14,98,-1.0,-1.0,-0.7602161113414856,14.389845169670146
14,99,-1.0,1.0,0.6543255592872952,12.057196652940776
14,100,-1.0,-1.0,-0.4848065066597248,19.547608913263026
14,101,-1.0,1.0,1.1708611556720796,17.776461853877375
14,102,-1.0,-1.0,-0.7750732021991653,15.07400719922535
14,103,-1.0,1.0,0.22147859626035118,19.676891978434934
14,104,-1.0,-1.0,-0.6066835802693576,13.921458949859039
14,105,-1.0,-1.0,-0.7718022078488719,15.303985355126528
14,106,-1.0,-1.0,-0.20510023958757267,14.145151982443092
14,107,-1.0,1.0,1.3926141222755326,16.202763312230594
14,108,-1.0,1.0,0.7649234452036938,11.354562946595118
14,109,-1.0,1.0,1.4342106176193736,14.556942748259347
14,110,-1.0,-1.0,-1.0679223285762727,15.573197037031884
14,111,-1.0,-1.0,-0.7129798636349839,16.79926176263043
14,112,-1.0,1.0,0.9167834779112476,17.425914994763243
14,113,-1.0,-1.0,-0.343923866700253,12.843267000484252
14,114,-1.0,1.0,0.3238352368692666,16.777856152490706
14,115,-1.0,-1.0,-0.07353329163672795,11.973609450022563
14,116,-1.0,-1.0,-0.7554460980485422,17.362176388134134
14,117,-1.0,1.0,2.405992811905948,18.055737644500297
14,118,-1.0,1.0,0.4317423994818591,13.879166501440485
14,119,-1.0,-1.0,-0.37017766690145587,11.932890942780833
14,120,-1.0,1.0,1.8074884719452455,17.827584323464237
14,121,-1.0,1.0,0.5845985888570787,14.578171082727627
14,122,-1.0,1.0,1.0599743382174727,15.986976353694407
14,123,-1.0,1.0,1.9918334596963938,18.693726876525268
14,124,-1.0,-1.0,-1.3860973535487702,16.130564563961556
14,125,-1.0,-1.0,-1.0796514321341475,16.030548031275224
14,126,-1.0,1.0,0.5143879698051406,17.75072777587094
14,127,-1.0,1.0,1.7092950369356386,19.438162858333104
15,0,1.0,-1.0,-0.5568006922332215,12.820763497465807
15,1,1.0,1.0,0.6595766028216236,18.05174501635511
15,2,1.0,-1.0,-0.30603258376332726,16.872101766063455
15,3,1.0,1.0,0.17239310669608748,14.229596507038403
15,4,1.0,-1.0,-0.6884673217690126,13.9015506443344
15,5,1.0,1.0,0.08800330299972042,13.983511604086942
15,6,1.0,1.0,0.023003213918409954,11.445281047845778
15,7,1.0,1.0,0.3013352717400891,17.926527980571972
15,8,1.0,-1.0,-0.07294347427169336,14.050989727191824
15,9,1.0,1.0,0.45175933642550925,16.909642046468633
15,10,1.0,1.0,1.0969690392679694,17.896599491810584
15,11,1.0,1.0,1.3081816965134667,18.157902815811514
15,12,1.0,-1.0,-0.07878915542264822,18.87040975113024
15,13,1.0,1.0,0.500716806456825,14.16866681942216
15,14,1.0,-1.0,-0.14652796934015794,12.64036449737296
15,15,1.0,1.0,0.22832079992344362,14.612497071338328
15,16,1.0,-1.0,-0.09198757387783531,13.951138582603658
15,17,1.0,1.0,0.9079217766497801,16.710221063664523
15,18,1.0,1.0,0.29078723220466296,15.998441894442308
15,19,1.0,1.0,0.06273169882723871,15.553548855704411
15,20,1.0,1.0,0.9567417515749727,15.54854810717586
15,21,1.0,1.0,1.0575095664051268,17.836283353636848
15,22,1.0,1.0,0.861105424665331,16.5391227702732
15,23,1.0,-1.0,-0.17414522242943287,15.725320750333676
15,24,1.0,-1.0,-0.25609965157035275,11.70905551831121
15,25,1.0,-1.0,-0.20430394213500824,17.382132698176655
15,26,1.0,-1.0,-0.4219238021906922,12.89323649646138
15,27,1.0,-1.0,-0.6298251274104842,17.05720529552543
15,28,1.0,-1.0,-0.29114864764587245,12.841365561683283
15,29,1.0,1.0,0.10413052822982805,14.152165922351495
15,30,1.0,1.0,0.15708256944152632,12.68609327971597
15,31,1.0,-1.0,-0.38130740302343036,13.789898459899192
15,32,1.0,-1.0,-1.0343796107667134,14.364285252913936
15,33,1.0,-1.0,-0.24497063537521258,15.03960204380896
15,34,1.0,-1.0,-1.3189240695435596,15.556480508948978
15,35,1.0,-1.0,-0.17884251327429188,13.455127256173094
15,36,1.0,-1.0,-0.212660176833243,16.105871832213335
15,37,1.0,1.0,0.2587045657294154,14.20373465340013
15,38,1.0,1.0,0.069933878662267,16.559845606695355
15,39,1.0,-1.0,-0.33164929480091165,16.243685686374718
15,40,1.0,-1.0,-1.0402628712860447,15.26937323746156
15,41,1.0,-1.0,-0.549896534010775,15.9674168926639
15,42,1.0,1.0,0.11195245327340916,18.236769768452483
15,43,1.0,-1.0,-0.21961531001874635,17.3833303633105
15,44,1.0,1.0,0.4765726064942635,16.14802860306956
15,45,1.0,-1.0,-0.18537739334775463,15.110665962171664
15,46,1.0,1.0,0.8618413605252395,18.29322556185594
15,47,1.0,-1.0,-0.5127238900838474,12.379140777095929
15,48,1.0,-1.0,-0.3992092038324003,13.911507578820613
15,49,1.0,-1.0,-0.605942601376795,11.778930620087964
15,50,1.0,-1.0,-0.8921502761875824,14.974284016341432
15,51,1.0,-1.0,-0.5232512017618718,18.4509930576436
15,52,1.0,-1.0,-1.021900146163885,15.367947045099625
15,53,1.0,1.0,0.0917733048509316,11.817424220406632
15,54,1.0,1.0,0.3721575671242481,13.72530383770046
15,55,1.0,-1.0,-0.6128978801988848,17.43304475296592
15,56,1.0,-1.0,-0.8323362401458542,13.649740291846841
15,57,1.0,1.0,1.0190750216839413,16.199894922435945
15,58,1.0,-1.0,-0.21646958397338503,14.492288517573714
15,59,1.0,1.0,0.6617017973940847,16.772580396137077
15,60,1.0,1.0,0.27898053430152003,11.807002486968322
15,61,1.0,-1.0,-0.958698332682051,15.217912111575442
15,62,1.0,-1.0,-0.0033107558493162825,17.45861767643082
15,63,1.0,1.0,0.38483603216676504,14.314597469672782
15,64,-1.0,1.0,0.3564668758329651,16.803579361622646
15,65,-1.0,-1.0,-0.5567754702406107,11.660548612488153
15,66,-1.0,-1.0,-0.6813158668470757,13.98805380772657
15,67,-1.0,1.0,0.6063019554301121,17.656185892866233
15,68,-1.0,-1.0,-0.4587312376008868,14.793506711670645
15,69,-1.0,1.0,0.6500341978902099,12.761907418240336
15,70,-1.0,1.0,0.3919677696350349,16.92239535349779
15,71,-1.0,1.0,0.34971882239890517,14.441563062854367
15,72,-1.0,1.0,0.5687634238438487,17.005835849539373
15,73,-1.0,1.0,0.7019088206441846,12.771995821591036
15,74,-1.0,1.0,1.0235174541110625,15.092814606947478
15,75,-1.0,-1.0,-0.5996925328220513,12.78998034940621
15,76,-1.0,-1.0,-0.25125453030603706,14.566403594351296
15,77,-1.0,1.0,0.1804872448566311,13.281951340067938
15,78,-1.0,1.0,0.6374065906419185,14.465670696598323
15,79,-1.0,1.0,1.273811528294948,14.74484863212719
15,80,-1.0,-1.0,-0.8733912021597561,13.907596842127539
15,81,-1.0,1.0,0.8171939918086479,11.53121519122889
15,82,-1.0,1.0,0.5117967888299101,14.080901821376676
15,83,-1.0,1.0,0.7756495169109868,13.129408815525487
15,84,-1.0,1.0,0.36955916612521267,18.460668427556175
15,85,-1.0,1.0,0.6170197901966669,13.373446494621021
15,86,-1.0,-1.0,-0.062070173000112014,12.731704763245604
15,87,-1.0,-1.0,-0.38346493270642695,15.810630887604004
15,88,-1.0,-1.0,-0.344049654947769,13.383031330845554
15,89,-1.0,1.0,0.9693337941760399,13.702710999461486
15,90,-1.0,-1.0,-0.22476863874625946,16.057943500609706
15,91,-1.0,1.0,0.40129401216701044,16.699860265521053
15,92,-1.0,1.0,0.9781932220542872,13.38972559955128
15,93,-1.0,1.0,1.781880659294349,17.146472545699776
15,94,-1.0,1.0,0.820555674586819,18.05490679385406
15,95,-1.0,1.0,1.6429852405732919,16.56436529582238
15,96,-1.0,-1.0,-0.05346532367039096,15.811344434230001
15,97,-1.0,-1.0,-0.3966951179276783,10.499989231454986
15,98,-1.0,1.0,1.0737279375203845,15.324011257858976
15,99,-1.0,-1.0,-0.14392226776142636,15.513950564649635
15,100,-1.0,1.0,0.3894044542145035,17.523470298688387
15,101,-1.0,1.0,0.00841243755047652,14.27299459915907
15,102,-1.0,1.0,0.15919039614269698,12.941292860531487
15,103,-1.0,-1.0,-0.2493108935410902,16.112023656684457
15,104,-1.0,1.0,0.585589917184764,11.825252406978342
15,105,-1.0,1.0,0.2982011384747868,15.710194127570013
15,106,-1.0,1.0,0.3702730908976488,11.259650331642897
15,107,-1.0,1.0,0.02992180106959351,14.868377766795463
15,108,-1.0,1.0,0.4518241359671018,14.447748696225176
15,109,-1.0,1.0,0.44856111504821566,11.855801682123198
15,110,-1.0,1.0,0.5687185857123763,15.003528443976727
15,111,-1.0,-1.0,-0.08250497618826347,17.666745654643105
15,112,-1.0,1.0,0.7899062711946601,13.288725254712372
15,113,-1.0,1.0,1.5590844463380689,15.206284404989207
15,114,-1.0,1.0,1.1240388410397026,18.020165491386017
15,115,-1.0,1.0,0.2678198415111402,14.871406856773083
15,116,-1.0,1.0,0.5235584548311693,15.018362615457848
15,117,-1.0,1.0,0.7709094763562838,15.471492193839964
15,118,-1.0,1.0,0.43999429366399495,14.093861921253849
15,119,-1.0,-1.0,-0.09851121050857771,14.170366902138516
15,120,-1.0,1.0,0.5798603510147169,15.287470092178912
15,121,-1.0,1.0,0.721130154151535,15.128424364992174
15,122,-1.0,-1.0,-0.11037707596487928,13.954383249855395
15,123,-1.0,1.0,0.6164817947907868,18.189609821840016
15,124,-1.0,1.0,1.01168578841672,17.591020767314998
15,125,-1.0,-1.0,-0.7729322293767736,15.644272645402674
15,126,-1.0,1.0,0.7627493515359849,18.276858224684545
15,127,-1.0,1.0,0.729498301214978,15.996487056106012
16,0,1.0,-1.0,-0.7693466051005253,17.91960461453357
16,1,1.0,-1.0,-0.7644177226912893,14.453452610445055
16,2,1.0,-1.0,-0.7824216202315454,14.752681606959696
16,3,1.0,1.0,0.1902977782519503,12.438015515442146
16,4,1.0,1.0,0.5284650335286949,16.244055513702556
16,5,1.0,-1.0,-0.9781635821756347,18.28480547469505
16,6,1.0,-1.0,-0.43234288703925833,15.312228962656496
16,7,1.0,-1.0,-0.7720956306634307,16.787300712578794
16,8,1.0,-1.0,-0.9015535710550482,14.668129759876628
16,9,1.0,1.0,0.1693742516825885,16.98481535260568
16,10,1.0,-1.0,-0.015811675688386137,12.980934877076413
16,11,1.0,-1.0,-0.44858718199116315,19.19688446107599
16,12,1.0,1.0,0.10493907630774671,16.61132982837169
16,13,1.0,1.0,0.35606243419624345,13.115482906830394
16,14,1.0,-1.0,-0.9350414078709884,17.362246483800156
16,15,1.0,-1.0,-0.5151174037463349,15.481415542985754
16,16,1.0,-1.0,-0.31725374572056725,14.109242562271364
16,17,1.0,-1.0,-0.8115475026542514,14.797491498791912
16,18,1.0,1.0,0.03721396885371733,18.535312908419385
16,19,1.0,-1.0,-0.6211111491647647,13.697347294232792
16,20,1.0,-1.0,-0.15877886226093663,11.9772750872966
16,21,1.0,-1.0,-0.44107961354005654,18.359746722829467
16,22,1.0,-1.0,-0.20344431220576437,18.162968735972314
16,23,1.0,1.0,0.06948475816990488,18.090862221451328
16,24,1.0,-1.0,-0.5461735961931173,14.421964047991867
16,25,1.0,-1.0,-0.3164779848679042,15.55932118601245
16,26,1.0,1.0,0.1951038433108828,14.456009847342429
16,27,1.0,1.0,0.07217242675702566,15.464649520137206
16,28,1.0,1.0,0.04417496122785698,11.383349526366368
16,29,1.0,1.0,0.005441278726035337,15.440177536238538
16,30,1.0,-1.0,-0.08048201135354668,12.64557566510964
16,31,1.0,1.0,0.2734077667048078,13.551093291249192
16,32,1.0,1.0,0.23763181645532333,16.46788654228788
16,33,1.0,-1.0,-0.03354478032493813,14.903590100929742
16,34,1.0,1.0,0.2475774813778613,16.890109813390808
16,35,1.0,1.0,0.16644988211806167,11.450991509526927
16,36,1.0,-1.0,-0.7502040060638588,18.135376896537167
16,37,1.0,-1.0,-0.260765402298264,18.845752240637776
16,38,1.0,1.0,0.39295412619899694,13.940601541500795
16,39,1.0,-1.0,-0.8332848094978054,12.01389459952752
16,40,1.0,1.0,0.16665750049322536,15.196736462665147
16,41,1.0,1.0,0.07396213105259011,15.76569658471506
16,42,1.0,-1.0,-0.34670449854562113,13.103396961867112
16,43,1.0,1.0,0.2689698070273342,14.227095451467635
16,44,1.0,-1.0,-0.013555829262587402,16.00378439108673
16,45,1.0,1.0,0.11395447080956335,14.323891632870668
16,46,1.0,1.0,0.10088654104623969,14.055636803941852
16,47,1.0,-1.0,-0.21575230551083374,13.114582862201472
16,48,1.0,-1.0,-0.473281398241778,15.970003043135721
16,49,1.0,-1.0,-0.49187339139107555,15.57670972127613
16,50,1.0,-1.0,-0.26319040178187403,17.07554540649689
16,51,1.0,1.0,0.013506961659751127,14.566792692654525
16,52,1.0,-1.0,-1.0131991399146234,17.97244840713579
16,53,1.0,1.0,0.11140856879778026,14.719164472177022
16,54,1.0,-1.0,-0.023033045325231066,14.179444497896332
16,55,1.0,1.0,0.1818885829610291,14.686295491491402
16,56,1.0,1.0,0.07700281911272316,16.32912652827724
16,57,1.0,-1.0,-0.849764485586702,13.219907804829115
16,58,1.0,1.0,0.07382898101012657,14.536078501429488
16,59,1.0,1.0,0.2716733688208312,15.09217695510048
16,60,1.0,-1.0,-0.27572873284846466,15.890643177856045
16,61,1.0,-1.0,-0.6223423186691208,17.727609818572045
16,62,1.0,-1.0,-1.3036312994576487,16.865947811897286
16,63,1.0,-1.0,-0.18748500220177183,15.813245239143088
16,64,-1.0,1.0,0.34245796249271865,15.74697665469759
16,65,-1.0,-1.0,-0.24784815521494807,12.71048248562577
16,66,-1.0,1.0,0.33361155431777423,15.918159653884578
16,67,-1.0,1.0,0.3782818074196227,19.192107914458237
16,68,-1.0,1.0,0.4087615306781606,15.892683002426722
16,69,-1.0,-1.0,-0.009569844473878125,12.13987842868657
16,70,-1.0,1.0,0.7479910131354834,15.08917026568257
16,71,-1.0,1.0,1.0377265498957609,13.538817100898601
16,72,-1.0,1.0,0.38406834631129805,16.434686847929083
16,73,-1.0,-1.0,-0.09190216034581528,16.71445892780951
16,74,-1.0,1.0,0.44117900332584126,16.778077130961304
16,75,-1.0,-1.0,-0.3247263866741652,13.806254622169908
16,76,-1.0,-1.0,-0.5405582178435948,14.189014746625775
16,77,-1.0,-1.0,-0.7244356553676373,16.16963557057092
16,78,-1.0,1.0,0.17772134657566216,16.252731525438513
16,79,-1.0,-1.0,-0.0953740628251121,12.545786287959876
16,80,-1.0,-1.0,-0.11903729203914877,18.50827846374121
16,81,-1.0,1.0,0.9868036911582755,12.952621611117085
16,82,-1.0,1.0,0.545031292395475,13.885904186532938
16,83,-1.0,-1.0,-0.4615066089919153,14.18013014378332
16,84,-1.0,-1.0,-0.17168912966489433,15.173210260449515
16,85,-1.0,-1.0,-0.29967749109278485,15.142668775491382
16,86,-1.0,1.0,0.8578512047009189,12.896180188262692
16,87,-1.0,1.0,0.7067041119167603,12.00788343212858
16,88,-1.0,-1.0,-0.1242045868725678,13.05916224205683
16,89,-1.0,1.0,0.39997877455428404,15.624572072089126
16,90,-1.0,1.0,0.33255895623530063,11.626142112541318
16,91,-1.0,1.0,0.050738467449290184,11.973230038766632
16,92,-1.0,-1.0,-0.05165170148681954,18.917463457100798
16,93,-1.0,-1.0,-0.019098666785223706,13.622205182759679
16,94,-1.0,1.0,0.42626735983431985,17.74020053425584
16,95,-1.0,-1.0,-0.18792102377860026,14.735346438016528
16,96,-1.0,1.0,0.1399831341302241,15.118842454152214
16,97,-1.0,1.0,0.43931005904568543,16.0819481008318
16,98,-1.0,1.0,0.09226973028910483,15.431850866392018
16,99,-1.0,1.0,0.4318617668251704,16.859085781566733
16,100,-1.0,-1.0,-0.29787733225801905,16.587853046472404
16,101,-1.0,-1.0,-0.05524195967877356,16.28904080100409
16,102,-1.0,1.0,0.5235834585114586,13.277441169916125
16,103,-1.0,1.0,0.5000736400574148,17.631491819734283
16,104,-1.0,1.0,0.9576362178159148,13.83024466392469
16,105,-1.0,1.0,0.07869380978688534,16.81339604233523
16,106,-1.0,1.0,0.07393663530258306,15.870278474623055
16,107,-1.0,1.0,0.3170377445821143,18.40146894502753
16,108,-1.0,1.0,0.48514749021411585,18.438170700455025
16,109,-1.0,-1.0,-0.49036952188239347,13.74786849982483
16,110,-1.0,1.0,0.3722161376976011,18.378138509469807
16,111,-1.0,1.0,0.8594213674554719,14.773003934827324
16,112,-1.0,1.0,0.15258304263364617,16.900748973850316
16,113,-1.0,1.0,0.8553509962945188,15.108686338923013
16,114,-1.0,1.0,0.4141097922408605,17.708792796415004
16,115,-1.0,1.0,1.083200093222112,17.89910832812361
16,116,-1.0,1.0,0.08711684185707089,12.879531694166019
16,117,-1.0,-1.0,-0.4619313526798892,16.963245946870565
16,118,-1.0,1.0,0.3527306923043408,16.27963246258837
16,119,-1.0,1.0,0.31984244482802054,14.462413564297067
16,120,-1.0,-1.0,-0.24033629785727653,14.170433480528
16,121,-1.0,-1.0,-0.21394314655913557,15.43111864793023
16,122,-1.0,1.0,0.49626134107225883,17.2487177994839
16,123,-1.0,-1.0,-0.2714598077184489,16.181531544707806
16,124,-1.0,-1.0,-0.15331237635893552,17.25341531215874
16,125,-1.0,1.0,0.6537764456529946,13.304184097803986
16,126,-1.0,1.0,0.29379399882157486,15.949598348927701
16,127,-1.0,1.0,0.37555282670798684,12.435080782803034
17,0,1.0,1.0,0.5022629523882935,17.498752681943657
17,1,1.0,-1.0,-1.0338790389169406,13.741339325106779
17,2,1.0,-1.0,-0.40247092411920077,16.52937556316179
17,3,1.0,1.0,0.3916047285102873,13.639714459929156
17,4,1.0,1.0,0.25603620431115853,13.726836741096763
17,5,1.0,-1.0,-1.0655388512699815,18.342088345977828
17,6,1.0,-1.0,-0.22897743216742578,17.20024920598481
17,7,1.0,-1.0,-0.6041838243878959,16.410354849027126
17,8,1.0,-1.0,-0.515324820390087,14.461593234725525
17,9,1.0,1.0,0.0768391275690908,14.938319978113602
17,10,1.0,-1.0,-1.5025447730313328,15.70182497396936
17,11,1.0,1.0,0.3627222700727603,14.98666609340855
17,12,1.0,-1.0,-0.1631198850027225,15.58453123745897
17,13,1.0,-1.0,-0.1488095413200232,15.479373030760256
17,14,1.0,1.0,0.3590778860770945,14.95297456956757
17,15,1.0,-1.0,-0.04502356052248477,15.274815669912458
17,16,1.0,-1.0,-0.8031136257776932,14.567095969632911
17,17,1.0,1.0,0.36219384403176136,17.839303456883815
17,18,1.0,1.0,0.19863584871265938,13.106290816708094
17,19,1.0,1.0,0.691658922090808,15.197395730861992
17,20,1.0,1.0,0.36951554477981946,12.007123867227731
17,21,1.0,-1.0,-1.3158073920605453,15.380094599745613
17,22,1.0,1.0,0.5174531716979346,15.91747785226208
17,23,1.0,-1.0,-0.5792017715501032,16.563838378698417
17,24,1.0,-1.0,-0.2833593017387138,16.670646553414468
17,25,1.0,-1.0,-0.9735920590950335,17.647043540764532
17,26,1.0,-1.0,-1.0826537820823674,12.4725724206063
17,27,1.0,-1.0,-0.7120012934555922,13.979664320376365
17,28,1.0,-1.0,-0.5135016020941434,15.358670983668343
17,29,1.0,-1.0,-0.23736505845141648,16.36433374799112
17,30,1.0,-1.0,-0.7770102584576439,16.981148632179664
17,31,1.0,-1.0,-0.2958064058922063,14.026276681485818
17,32,1.0,-1.0,-1.0557706264226705,15.231623077045679
17,33,1.0,-1.0,-0.8904873784001026,16.20465237687834
17,34,1.0,1.0,0.21071031437418905,13.953488995349433
17,35,1.0,-1.0,-0.2721633303469948,12.303670504009936
17,36,1.0,-1.0,-0.7786749017095527,13.065651572055236
17,37,1.0,1.0,0.09447915565645076,16.16011764443743
17,38,1.0,-1.0,-0.7281745783232119,17.044880654949736
17,39,1.0,1.0,0.09268721116356426,16.004155673298822
17,40,1.0,-1.0,-0.33762827497764003,16.20471094489149
17,41,1.0,1.0,0.2649169545618306,16.91155040921366
17,42,1.0,1.0,0.054683743914024155,15.022643539996318
17,43,1.0,-1.0,-0.20017944279974367,14.862300284554685
17,44,1.0,-1.0,-0.742613012314964,13.33385087002996
17,45,1.0,-1.0,-0.46820621254595557,18.233065882271767
17,46,1.0,1.0,0.29685880204468024,12.189252774528468
17,47,1.0,1.0,0.3969627930530968,18.74933287350549
17,48,1.0,1.0,0.0737441562924873,12.161659973923665
17,49,1.0,-1.0,-0.307912423731329,14.976054256217399
17,50,1.0,-1.0,-1.1286942008838063,14.469543923917506
17,51,1.0,1.0,0.5508695892354227,16.22668583702971
17,52,1.0,1.0,0.6799231196646276,18.498949938348765
17,53,1.0,1.0,0.2798091802264556,12.503932748684042
17,54,1.0,1.0,0.4486217070213274,16.443576747122844
17,55,1.0,-1.0,-0.14557083819879424,15.553002456926425
17,56,1.0,1.0,0.4141305307022603,11.918919132467154
17,57,1.0,-1.0,-0.6935101170536361,14.117769044988952
17,58,1.0,1.0,0.03966395735512507,14.591789748574358
17,59,1.0,1.0,0.09656449002975084,12.709604696993287
17,60,1.0,-1.0,-0.042979885498230855,14.632054162060019
17,61,1.0,1.0,0.05064327070515935,14.912312704537529
17,62,1.0,1.0,0.423481944215467,13.962643036649238
17,63,1.0,1.0,0.3822678778918476,14.810754763570722
17,64,-1.0,1.0,0.10439760873013967,17.815914918775093
17,65,-1.0,-1.0,-0.16973141541075554,14.116715401975418
17,66,-1.0,-1.0,-0.051810170872155115,17.832503979167864
17,67,-1.0,1.0,0.6420914418348604,14.63922098744041
17,68,-1.0,-1.0,-0.3153238191351314,18.471321663119323
17,69,-1.0,1.0,0.9492452447261626,17.196063383483974
17,70,-1.0,-1.0,-0.6767339363164229,15.379150963402703
17,71,-1.0,1.0,0.7293616209203527,13.967983802262934
17,72,-1.0,1.0,0.11474222695040553,15.734657805207563
17,73,-1.0,1.0,0.7460783930876489,13.06753084428464
17,74,-1.0,1.0,0.5012614211410706,13.67133837737924
17,75,-1.0,1.0,0.7301532182658064,14.283968961509988
17,76,-1.0,1.0,0.1310730996456695,15.254439944367574
17,77,-1.0,1.0,0.11780745220355957,13.872180540749905
17,78,-1.0,-1.0,-0.16403730756275586,15.147352590478675
17,79,-1.0,1.0,0.8709800805151333,16.308470726993836
17,80,-1.0,1.0,0.25745239344652304,14.441903842026584
17,81,-1.0,1.0,1.0093872249720686,15.993422861892045
17,82,-1.0,1.0,0.11475994648910974,14.523793122939233
17,83,-1.0,-1.0,-0.4215804721196488,12.07419066481251
17,84,-1.0,-1.0,-0.02065675940605627,13.577046847090747
17,85,-1.0,1.0,1.6180526003558082,17.51054004803852
17,86,-1.0,1.0,0.05203446720098576,17.71012328984048
17,87,-1.0,1.0,0.7746265864879015,17.776294338478476
17,88,-1.0,1.0,0.6454140330692599,18.25119846009472
17,89,-1.0,-1.0,-0.32029611550739234,16.962037527076404
17,90,-1.0,1.0,0.25915278623941623,15.82055061710272
17,91,-1.0,1.0,0.7624853675254184,14.91171787695169
17,92,-1.0,1.0,0.22967064827986491,15.87511847367099
17,93,-1.0,-1.0,-0.701706114953928,15.760885339119895
17,94,-1.0,1.0,0.4549648822226499,16.381996958498767
17,95,-1.0,-1.0,-0.8259988715972543,16.886276271575717
17,96,-1.0,-1.0,-0.17142567533449526,13.218505207972397
17,97,-1.0,1.0,0.021741180105519106,16.411191575049322
17,98,-1.0,1.0,0.04755097277527298,17.0073415683819
17,99,-1.0,1.0,0.6191771584837713,14.722203018227198
17,100,-1.0,1.0,0.5358300084611617,15.202892835267999
17,101,-1.0,1.0,0.3361368381050753,13.146182854641658
17,102,-1.0,1.0,0.935632677651417,16.267626996630906
17,103,-1.0,1.0,0.026055796392733976,16.51299221609437
17,104,-1.0,1.0,1.3236788706736895,16.16383267129001
17,105,-1.0,-1.0,-0.006805697184370324,15.469003238348902
17,106,-1.0,-1.0,-0.49881984028914883,13.274847981179368
17,107,-1.0,1.0,0.48298414717353544,16.69378350527942
17,108,-1.0,1.0,1.638571748237692,13.933994739059278
17,109,-1.0,-1.0,-0.13209595744139568,12.13542755067629
17,110,-1.0,-1.0,-0.2909902336999648,17.481047233666622
17,111,-1.0,-1.0,-0.2537984258750539,12.538185739402419
17,112,-1.0,1.0,0.02198033906455707,16.411912884319726
17,113,-1.0,-1.0,-0.04295566138091893,12.488576604898832
17,114,-1.0,1.0,0.3797638173542687,14.558498385864198
17,115,-1.0,1.0,0.03689442093302517,13.794712550705427
17,116,-1.0,-1.0,-0.09388621232411883,12.931654788868228
17,117,-1.0,1.0,0.29191319327865956,16.446420639387696
17,118,-1.0,1.0,0.30477109026957827,13.397406892833853
17,119,-1.0,1.0,0.2711530970777751,12.301207811615665
17,120,-1.0,1.0,0.3105206794512828,15.969917003751295
17,121,-1.0,1.0,0.4474531078658554,14.250199664479668
17,122,-1.0,-1.0,-0.08235389400276505,13.865825058024795
17,123,-1.0,1.0,0.46424147707541247,11.9733752027375
17,124,-1.0,-1.0,-0.06893951832873288,13.074177767868035
17,125,-1.0,1.0,0.48882280713129583,15.60789140945703
17,126,-1.0,-1.0,-0.09232293467313224,10.823009682476288
17,127,-1.0,-1.0,-0.22635522649018372,18.187621268089686
18,0,1.0,-1.0,-0.4307258892902804,15.781315251337261
18,1,1.0,1.0,0.42015357673721404,15.37160688465395
18,2,1.0,-1.0,-0.4291576164151515,14.87547970279108
18,3,1.0,1.0,0.2528494392191596,13.550856508931428
18,4,1.0,-1.0,-0.3471646061998085,12.446520311407749
18,5,1.0,1.0,0.5224863749298196,16.58839735127525
18,6,1.0,1.0,0.31399941307115836,17.488641797966906
18,7,1.0,1.0,0.3492787212077036,16.559034389293775
18,8,1.0,-1.0,-0.0727814664011552,15.291433184193558
18,9,1.0,-1.0,-0.412012566364646,14.588501805360384
18,10,1.0,-1.0,-0.8563734205898182,17.401262650453624
18,11,1.0,-1.0,-0.7339638186569656,16.910673879968577
18,12,1.0,1.0,0.24518333484458776,18.40349747557934
18,13,1.0,-1.0,-0.8403788961085547,13.123855955642933
18,14,1.0,1.0,0.06880091705603306,12.786841121434884
18,15,1.0,-1.0,-0.20273444358465043,14.079132341117347
18,16,1.0,-1.0,-1.3541282491053948,12.716632642058519
18,17,1.0,-1.0,-0.19087590321222614,12.906259560333263
18,18,1.0,-1.0,-0.8059156318863705,11.237505808974726
18,19,1.0,-1.0,-0.00033174076536067465,18.346074305904708
18,20,1.0,1.0,0.3866948660784705,17.51822198740305
18,21,1.0,1.0,0.18052925172302903,14.155422605268281
18,22,1.0,-1.0,-0.9918464512301632,13.778569610989056
18,23,1.0,-1.0,-0.6030127615037653,15.04946318734023
18,24,1.0,-1.0,-0.39764373361539607,16.345458327979586
18,25,1.0,-1.0,-1.4460385786048275,16.411365442959976
18,26,1.0,1.0,0.6581164375858032,16.86209063321953
18,27,1.0,1.0,0.5938474319510404,14.883710265916163
18,28,1.0,-1.0,-0.10733629938694605,15.280534259709723
18,29,1.0,-1.0,-0.03583889589354958,14.62715479513875
18,30,1.0,-1.0,-0.33396178830567097,15.028831304825154
18,31,1.0,-1.0,-1.3954305860534426,16.229439312501924
18,32,1.0,1.0,1.156337236337626,14.652285497979355
18,33,1.0,-1.0,-0.23684447083103916,17.949975453468024
18,34,1.0,-1.0,-0.16335307989878645,19.121463837480576
18,35,1.0,-1.0,-0.04012574794308425,16.409589216294645
18,36,1.0,1.0,0.29082016418531953,18.191561619344682
18,37,1.0,-1.0,-0.8306726219399674,12.574649569813264
18,38,1.0,-1.0,-0.3776416017953872,11.859494362596761
18,39,1.0,-1.0,-0.6458423950076568,15.676415275549788
18,40,1.0,-1.0,-0.7464829949953128,19.26321554170035
18,41,1.0,-1.0,-0.6259951922685252,17.16881218796484
18,42,1.0,-1.0,-0.7781915797372677,14.613286941967958
18,43,1.0,1.0,1.2847100873993544,14.113994073318242
18,44,1.0,-1.0,-0.29583377871022043,18.28708009622988
18,45,1.0,1.0,0.5110245918176093,12.890046659979973
18,46,1.0,-1.0,-0.015888175666571525,14.234168435283346
18,47,1.0,-1.0,-0.08250627952343982,13.002600960755649
18,48,1.0,1.0,0.8527878423799456,11.316250531582073
18,49,1.0,1.0,1.0332140331166497,13.153386146268888
18,50,1.0,-1.0,-0.90447235545546,16.803964944252293
18,51,1.0,-1.0,-0.7016076576481092,16.9657197960645
18,52,1.0,1.0,0.5931638145443752,11.681145998911617
18,53,1.0,-1.0,-0.01202277719535616,18.160349238225514
18,54,1.0,1.0,0.6864437762583877,15.0528019926317
18,55,1.0,1.0,0.5348657437451088,14.534792911748111
18,56,1.0,-1.0,-0.30858914286564043,16.388628955112434
18,57,1.0,-1.0,-0.695328081676976,16.51672996681922
18,58,1.0,-1.0,-0.34597148076272716,14.04963319023956
18,59,1.0,1.0,0.3248704942845196,14.361256099729014
18,60,1.0,1.0,0.834140253310683,15.830468312275123
18,61,1.0,1.0,0.09235789875142514,15.35092967369113
18,62,1.0,-1.0,-1.3372622265044543,14.85331762218249
18,63,1.0,-1.0,-0.5860312635585947,11.156392341140211
18,64,-1.0,-1.0,-0.6795161463254263,13.426010401461953
18,65,-1.0,-1.0,-0.4855324128092895,14.42630368089385
18,66,-1.0,-1.0,-0.00032865964277351,18.831894279412253
18,67,-1.0,-1.0,-0.06851663018426818,15.08264296643536
18,68,-1.0,-1.0,-0.3408675497684768,10.956333829456335
18,69,-1.0,1.0,1.11881176065769,15.947736315476046
18,70,-1.0,-1.0,-0.055991976301886515,14.326251991215171
18,71,-1.0,1.0,0.3755159613794668,14.666835899896927
18,72,-1.0,-1.0,-0.19925471795231903,13.641152523361349
18,73,-1.0,1.0,1.3672946811476225,16.589992809286983
18,74,-1.0,1.0,1.834528148444758,15.191911791188655
18,75,-1.0,1.0,0.40112437515830845,17.765288421643348
18,76,-1.0,-1.0,-1.3105326048825117,15.137792021864579
18,77,-1.0,1.0,0.07318704336359663,14.630713456897208
18,78,-1.0,1.0,1.0294997725825217,16.888438823476484
18,79,-1.0,-1.0,-0.19058595695370173,15.887815639279456
18,80,-1.0,1.0,0.4436810833066772,17.081495589521477
18,81,-1.0,1.0,0.045252124248865766,15.324217666974592
18,82,-1.0,1.0,0.03550954088488127,15.59715094503125
18,83,-1.0,-1.0,-0.6337895761618667,16.02519328013679
18,84,-1.0,1.0,0.8726116227639383,18.535454625509136
18,85,-1.0,-1.0,-0.44125821898144446,15.272551591606668
18,86,-1.0,-1.0,-0.3247867395420102,15.521995264432322
18,87,-1.0,1.0,0.1642028041116609,13.83978897466733
18,88,-1.0,1.0,0.1772149287711505,12.89221985218096
18,89,-1.0,1.0,0.3753679599543547,15.420911596581082
18,90,-1.0,1.0,0.8563178246239307,17.49201625953485
18,91,-1.0,1.0,0.1407961752558265,13.872994211908805
18,92,-1.0,-1.0,-0.11205791744956331,17.353274483633975
18,93,-1.0,1.0,0.9981592362381664,14.010278650765743
18,94,-1.0,-1.0,-0.6486568580841976,14.890208470377361
18,95,-1.0,-1.0,-0.19513029536366922,13.183233779586061
18,96,-1.0,1.0,0.5575666378943474,17.43865359145069
18,97,-1.0,1.0,0.403919757464665,13.028318105867003
18,98,-1.0,-1.0,-0.47696434070684596,10.250269234674155
18,99,-1.0,1.0,0.45628361943133744,14.685704340399884
18,100,-1.0,1.0,0.28375434221902307,18.12408438553306
18,101,-1.0,1.0,0.4114268818388508,10.804863360516613
18,102,-1.0,1.0,0.743073697796919,14.544458340933721
18,103,-1.0,1.0,0.6821344974479562,14.048410608980467
18,104,-1.0,1.0,0.759316942640121,16.573241012272423
18,105,-1.0,-1.0,-0.34649015574300923,17.37703249795353
18,106,-1.0,-1.0,-0.37194780672558275,17.37283294617182
18,107,-1.0,1.0,0.4411733814799629,16.042421621727232
18,108,-1.0,-1.0,-0.4670354979088767,12.73405570506288
18,109,-1.0,1.0,0.4984976933062475,14.223729507693445
18,110,-1.0,1.0,0.22973983073309007,13.451104779093079
18,111,-1.0,1.0,0.46580356292393454,13.368205204628584
18,112,-1.0,1.0,0.30413305589275635,17.895197115362606
18,113,-1.0,1.0,0.7305543365340048,17.82038721557107
18,114,-1.0,-1.0,-0.23858002863455527,15.60904381823319
18,115,-1.0,1.0,0.5662267651735813,18.76732074538938
18,116,-1.0,1.0,0.5258220294022229,16.945214865331803
18,117,-1.0,1.0,0.2897591928035614,13.723343514052514
18,118,-1.0,1.0,0.3614457675390558,10.973268515093206
18,119,-1.0,-1.0,-0.6674644350645692,17.90555314065702
18,120,-1.0,-1.0,-1.1793551253661616,16.27958046297854
18,121,-1.0,-1.0,-0.2789985960942899,18.763973063898902
18,122,-1.0,1.0,0.2789684452995735,12.134908491048993
18,123,-1.0,-1.0,-0.4116265317946707,11.682826981245961
18,124,-1.0,1.0,0.9384987191569057,15.679086109247438
18,125,-1.0,1.0,0.6690824289536438,14.247457050039804
18,126,-1.0,1.0,0.8008542249298538,15.967392929662592
18,127,-1.0,-1.0,-0.6152233543092684,13.201174583685782
19,0,1.0,-1.0,-0.4876634904554292,15.189081388749583
19,1,1.0,1.0,0.5156243794210905,15.301823433388364
19,2,1.0,1.0,0.16358482551888137,13.283685757431742
19,3,1.0,-1.0,-0.29530553998138265,17.50233564936827
19,4,1.0,1.0,0.837557069381795,15.640167997071101
19,5,1.0,-1.0,-0.41340174209688935,17.30859807720773
19,6,1.0,1.0,0.0775094936784651,18.063231623947765
19,7,1.0,-1.0,-0.42451721837773565,13.63329778741782
19,8,1.0,-1.0,-1.1520229715074979,17.62764159105689
19,9,1.0,-1.0,-0.2573570265647665,17.130290373868306
19,10,1.0,-1.0,-0.388570307012748,15.292407804255348
19,11,1.0,1.0,0.7286257609946885,16.754068794037586
19,12,1.0,-1.0,-1.5106002922436887,14.790855169182459
19,13,1.0,1.0,0.4497998146528946,12.962973915831112
19,14,1.0,-1.0,-0.3292899916860703,11.671769433847293
19,15,1.0,-1.0,-1.406153321117655,16.27589945986902
19,16,1.0,-1.0,-0.4369159858938316,12.898106894378106
19,17,1.0,1.0,0.34910175939976995,12.352426846688566
19,18,1.0,-1.0,-0.0838776590165751,12.98009619623434
19,19,1.0,1.0,0.487389943971119,15.108384593270863
19,20,1.0,-1.0,-0.2632108517607673,15.03904483531197
19,21,1.0,1.0,0.19172945033053226,11.466726936621155
19,22,1.0,-1.0,-0.21865230651849163,17.1776656305274
19,23,1.0,-1.0,-0.7682030681131287,12.580577092745573
19,24,1.0,-1.0,-0.5987123422050705,14.560548097689606
19,25,1.0,-1.0,-0.8138386611728037,15.014952155945853
19,26,1.0,-1.0,-1.5330737538717853,16.011284134795268
19,27,1.0,1.0,0.5465130221613963,15.56545522084243
19,28,1.0,-1.0,-0.519208154653563,13.530460676441706
19,29,1.0,-1.0,-0.34491519108093727,13.713713641839812
19,30,1.0,-1.0,-1.5531023051901292,17.054789705864387
19,31,1.0,-1.0,-0.9068371057348633,13.485710019584728
19,32,1.0,-1.0,-1.2363542545151949,14.254301313124872
19,33,1.0,1.0,0.5280557526300942,17.276532932404493
19,34,1.0,-1.0,-0.24378714286748185,13.129643316959703
19,35,1.0,1.0,0.511072341102079,12.634151109093747
19,36,1.0,-1.0,-0.37790634063042416,14.636910561945406
19,37,1.0,-1.0,-0.8923520691953727,14.483933475587344
19,38,1.0,-1.0,-0.5375355356446424,16.022992781715928
19,39,1.0,-1.0,-0.9033431924774632,14.794532063749058
19,40,1.0,-1.0,-0.4607206244519527,15.059469668179437
19,41,1.0,1.0,0.20296898773565797,18.45289551839429
19,42,1.0,1.0,0.5370918962645892,15.746859310126613
19,43,1.0,-1.0,-1.5253221112342972,18.45394121852517
19,44,1.0,-1.0,-0.6069945895562412,16.38235761657269
19,45,1.0,-1.0,-0.4641730994424845,17.457993222312158
19,46,1.0,1.0,0.8715700648392548,15.025213774884941
19,47,1.0,1.0,0.3772522739897749,13.093904204154045
19,48,1.0,-1.0,-0.6973048495224546,15.505504876684926
19,49,1.0,1.0,0.3839327244519106,15.829455844133935
19,50,1.0,-1.0,-0.6676696189518014,15.032669629867462
19,51,1.0,1.0,0.18174038962226466,16.267543106486595
19,52,1.0,-1.0,-0.6075122370894275,14.815885346695907
19,53,1.0,-1.0,-0.2832415077001312,13.507040994797135
19,54,1.0,-1.0,-0.2271891312421435,13.659180601564707
19,55,1.0,-1.0,-0.15055539118050307,13.645672686257472
19,56,1.0,1.0,0.12127845219524083,13.749601271119799
19,57,1.0,-1.0,-0.18696520057473262,16.03434055216391
19,58,1.0,-1.0,-0.25849532049621854,14.911707625921625
19,59,1.0,1.0,0.2726156905679036,17.808882106753902
19,60,1.0,1.0,0.4889297854787552,16.570752877723766
19,61,1.0,-1.0,-0.23841580921439548,16.778996228670195
19,62,1.0,-1.0,-0.30286203867035943,12.390223612354442
19,63,1.0,-1.0,-0.8092745992212071,17.369434324044626
19,64,-1.0,-1.0,-0.4212093458478196,13.934708477720251
19,65,-1.0,1.0,0.08011329470569417,14.952742663500523
19,66,-1.0,1.0,0.6545015999069557,18.499406192473206
19,67,-1.0,-1.0,-0.14993674382642974,13.21924441732007
19,68,-1.0,-1.0,-0.2555008570600747,14.540190257315123
19,69,-1.0,-1.0,-0.5057720796109368,16.34802638646559
19,70,-1.0,1.0,1.026268738385136,16.86342117467795
19,71,-1.0,-1.0,-0.6061513151066349,14.768952888044574
19,72,-1.0,1.0,0.2923300542887163,15.361937823852054
19,73,-1.0,1.0,0.1295405571608899,17.780875937722563
19,74,-1.0,1.0,0.017891382817116955,15.734340589105676
19,75,-1.0,-1.0,-0.44739648799147713,15.716420124575984
19,76,-1.0,-1.0,-0.10768765175508249,15.376943398924276
19,77,-1.0,-1.0,-0.6906937683861335,17.036060969550224
19,78,-1.0,-1.0,-0.37263911437716646,16.715204698148916
19,79,-1.0,1.0,0.7006266023241968,14.31968237516173
19,80,-1.0,-1.0,-0.08957685363842062,14.800747773141012
19,81,-1.0,1.0,0.5965904320793697,14.339658245227753
19,82,-1.0,-1.0,-0.33816193333578815,13.10132672111062
19,83,-1.0,-1.0,-0.521415139355128,14.86032682880766
19,84,-1.0,1.0,0.020428779203987862,15.511284353826833
19,85,-1.0,-1.0,-0.5325068776542561,16.370873758576355
19,86,-1.0,1.0,0.4512567231928837,14.351610416623007
19,87,-1.0,1.0,0.21529230798103596,16.011152996020247
19,88,-1.0,1.0,0.8345281768182218,13.294327571728049
19,89,-1.0,1.0,0.8745713126786399,15.30688737702527
19,90,-1.0,-1.0,-0.6074313366458797,14.271911949236697
19,91,-1.0,1.0,0.13054525169196568,15.786131653520336
19,92,-1.0,1.0,0.3771286923600983,15.058249200814222
19,93,-1.0,-1.0,-0.012504681638110748,18.8184973995666
19,94,-1.0,1.0,0.6961808789110937,15.491268540991022
19,95,-1.0,1.0,0.48897146066214325,15.699895784689193
19,96,-1.0,-1.0,-0.4781155581695391,13.139486193314895
19,97,-1.0,1.0,0.7576314536337039,13.933538152855979
19,98,-1.0,1.0,0.002204673754930775,16.31295576050103
19,99,-1.0,1.0,0.19305361992032527,17.302071637953553
19,100,-1.0,1.0,0.0038240320757675916,15.710324860746088
19,101,-1.0,-1.0,-0.5772514736750435,18.258458087121063
19,102,-1.0,-1.0,-0.17383638174632748,15.237661189235784
19,103,-1.0,1.0,0.2301433456048914,17.501212839406627
19,104,-1.0,-1.0,-0.08664037988301175,14.70438634494025
19,105,-1.0,1.0,0.7350966682127292,14.481531470360096
19,106,-1.0,-1.0,-0.1701907615885444,14.067954579754682
19,107,-1.0,1.0,0.7216299964062557,14.645397984515027
19,108,-1.0,1.0,0.15677693576529714,16.296970145607702
19,109,-1.0,-1.0,-0.010913679090910192,13.753396037104885
19,110,-1.0,-1.0,-0.7193036468024897,15.111670665885105
19,111,-1.0,-1.0,-0.6165591553892397,16.45372672099523
19,112,-1.0,-1.0,-0.4279492837681159,15.747545992120578
19,113,-1.0,1.0,0.2896394754869943,13.730706594996649
19,114,-1.0,1.0,0.5066620588844029,13.495796023861622
19,115,-1.0,-1.0,-0.6905493584986429,17.60119119221013
19,116,-1.0,1.0,1.4913713948134775,17.82147276544568
19,117,-1.0,1.0,0.2274340770556012,14.214807028875647
19,118,-1.0,-1.0,-0.12200576966997863,13.961481662784122
19,119,-1.0,-1.0,-0.7989303392237767,14.712743509247458
19,120,-1.0,-1.0,-0.5360017558273396,12.561845602718542
19,121,-1.0,1.0,0.3805242081921243,15.103434510630498
19,122,-1.0,1.0,1.2181994415142092,14.36649827778756
19,123,-1.0,1.0,0.03492059209261078,13.130403272783488
19,124,-1.0,-1.0,-0.03331767546940011,13.611677663131896
19,125,-1.0,-1.0,-0.6320759674512233,17.320881210315463
19,126,-1.0,1.0,1.1351506918933831,15.924020091264765
19,127,-1.0,1.0,0.8122574856786717,16.10143674242275
20,0,1.0,1.0,0.2446053026856242,14.983230879812066
20,1,1.0,1.0,0.6982766791514946,13.788397643456923
20,2,1.0,1.0,1.7323980746541416,18.543075764223474
20,3,1.0,1.0,0.3735577930748915,15.27197711774756
20,4,1.0,1.0,0.44369380094636846,15.678343375124333
20,5,1.0,-1.0,-0.3353521411897423,12.134860667461448
20,6,1.0,1.0,0.43500358845952103,14.739995046224026
20,7,1.0,1.0,0.6642128757560006,13.752147720093381
20,8,1.0,1.0,2.1576616736419507,18.801534023350385
20,9,1.0,1.0,1.9593813386765315,17.581304458417996
20,10,1.0,1.0,1.2448922746624262,16.557247465312766
20,11,1.0,1.0,0.09395537516778268,14.225365579870628
20,12,1.0,1.0,0.46788127056043805,17.36318352003845
20,13,1.0,1.0,1.059424821798891,17.586895201844346
20,14,1.0,1.0,0.0024072593167879797,17.460337503289416
20,15,1.0,1.0,0.7584794388871896,16.623277754821363
20,16,1.0,1.0,0.890003551855818,15.40481810080831
20,17,1.0,1.0,0.871613519602541,16.50622337933299
20,18,1.0,1.0,1.8940352344726707,18.299449372968564
20,19,1.0,1.0,1.5403128461085995,18.913634156513286
20,20,1.0,1.0,0.6969500558512038,14.306340339309227
20,21,1.0,1.0,1.3774741083770121,17.228670519738333
20,22,1.0,1.0,0.6661690367395344,17.87624110646481
20,23,1.0,-1.0,-0.06805366346275342,12.307712209930875
20,24,1.0,1.0,1.1909241161596684,14.03986971367137
20,25,1.0,-1.0,-1.1398469435288603,14.458891839195903
20,26,1.0,-1.0,-0.2408755901003934,16.549410898059975
20,27,1.0,1.0,0.4023041966111286,13.864687639574907
20,28,1.0,-1.0,-1.747033618801317,13.69445861029972
20,29,1.0,-1.0,-0.16011941049774833,12.77792087220897
20,30,1.0,1.0,0.4256700353203827,13.859721582479876
20,31,1.0,1.0,0.5586097050604075,16.41341499965252
20,32,1.0,1.0,0.5800472596869836,16.259258950075044
20,33,1.0,1.0,0.6729538111204586,18.4413557677233
20,34,1.0,1.0,0.9640746089501143,16.715469723189933
20,35,1.0,1.0,1.6582737462569415,18.824257457208148
20,36,1.0,-1.0,-0.4795757074268123,15.022222363610384
20,37,1.0,1.0,0.2624915512104851,13.181412530519356
20,38,1.0,1.0,0.7754875869523524,14.377305783541665
20,39,1.0,-1.0,-0.1332695419326645,11.601808666541682
20,40,1.0,1.0,0.18641582090412379,15.240110920501596
20,41,1.0,1.0,1.5210830973762939,16.119258605560905
20,42,1.0,1.0,1.3254341242111822,17.817915025328805
20,43,1.0,-1.0,-0.056255606266806486,15.434372727580126
20,44,1.0,1.0,1.1707450754766835,16.850741727978342
20,45,1.0,-1.0,-0.511710214604727,11.983689686025807
20,46,1.0,1.0,0.07981095137964991,14.311014569574088
20,47,1.0,-1.0,-0.6988535727312102,14.340984249067404
20,48,1.0,1.0,0.9676090677414995,18.51191473480008
20,49,1.0,1.0,0.021754817489806316,18.465711657107374
20,50,1.0,1.0,0.3267514280162299,15.414742134731169
20,51,1.0,1.0,0.587035034493644,15.74867136091151
20,52,1.0,1.0,0.6396706719098174,18.373832106019453
20,53,1.0,1.0,0.9226564520118363,15.991321572053263
20,54,1.0,1.0,0.43846075398079376,16.15475403888744
20,55,1.0,1.0,1.4674618422733572,14.983658214294755
20,56,1.0,1.0,0.570055525359677,14.035065308788557
20,57,1.0,1.0,0.10600149938509479,17.49882706017121
20,58,1.0,1.0,0.6142492152464698,15.72870361764623
20,59,1.0,1.0,0.6646020617552038,14.807651404272818
20,60,1.0,-1.0,-1.152610063305593,13.08631762977417
20,61,1.0,1.0,1.3708286966730225,15.85389341584055
20,62,1.0,1.0,0.8820924456263235,14.297529664609382
20,63,1.0,1.0,1.3217081203346084,19.08775059529786
20,64,-1.0,-1.0,-1.1616744672674735,11.291329505431074
20,65,-1.0,1.0,2.089007485778641,16.975411942266717
20,66,-1.0,1.0,1.0248332887452685,12.738961463172322
20,67,-1.0,1.0,0.6021140979059751,12.437261106238939
20,68,-1.0,1.0,1.0377363745494472,13.479189113211731
20,69,-1.0,1.0,1.3738037601390765,15.660925714359356
20,70,-1.0,1.0,1.4330328014745968,14.186436333147066
20,71,-1.0,1.0,0.7222993812335823,13.917722493106846
20,72,-1.0,1.0,0.963767654128074,14.726889158925841
20,73,-1.0,1.0,1.5882792393604797,17.587040724620472
20,74,-1.0,1.0,0.8251844658399573,13.731337331800335
20,75,-1.0,1.0,0.056725671910875824,14.659742537041303
20,76,-1.0,1.0,0.09784551965931415,13.383110255967159
20,77,-1.0,1.0,0.4025472067014003,13.464769949962305
20,78,-1.0,1.0,0.23731345836137793,13.50572948689647
20,79,-1.0,1.0,1.4845119997262106,16.00227722487421
20,80,-1.0,-1.0,-0.1997550941229419,14.176692263011535
20,81,-1.0,1.0,1.1562606924462275,14.093411012925593
20,82,-1.0,1.0,1.4453679799195691,17.15825348824861
20,83,-1.0,1.0,2.1609843377369446,19.208945398890997
20,84,-1.0,1.0,1.7529013358779049,17.65501512707508
20,85,-1.0,-1.0,-1.3939494850896728,15.508892576591949
20,86,-1.0,1.0,1.262222941130912,16.66916558011756
20,87,-1.0,-1.0,-0.8217666160266718,13.693409433583575
20,88,-1.0,1.0,0.8216387716720681,17.61448950025773
20,89,-1.0,1.0,0.8558159128787827,12.742655765193472
20,90,-1.0,1.0,1.2709920365219756,13.990421658412243
20,91,-1.0,1.0,0.9010728099425694,13.840265227281831
20,92,-1.0,-1.0,-0.9524384813052932,11.531727030461797
20,93,-1.0,-1.0,-1.2108301395310297,11.582803937803993
20,94,-1.0,1.0,0.7903057610550874,12.69295549423522
20,95,-1.0,1.0,0.6820600872354915,13.38692721047341
20,96,-1.0,1.0,0.08752140692001958,14.413567900790854
20,97,-1.0,1.0,1.4137987522203888,14.886302223723838
20,98,-1.0,1.0,1.3381608263122136,16.506825212329517
20,99,-1.0,-1.0,-0.232542171784282,14.110069814344788
20,100,-1.0,-1.0,-0.9306076510877767,15.88834502042114
20,101,-1.0,1.0,0.6279800523042027,15.90106347218056
20,102,-1.0,1.0,1.3289719051825142,18.588712555398565
20,103,-1.0,1.0,0.510421187873966,11.404399199880869
20,104,-1.0,1.0,2.098188206143428,17.911659056752967
20,105,-1.0,-1.0,-0.26404326843901743,14.506755228351423
20,106,-1.0,1.0,0.9651388384188183,12.243582686697081
20,107,-1.0,-1.0,-0.67861415960384,14.217530574079184
20,108,-1.0,1.0,0.7586370690958721,11.876662088861973
20,109,-1.0,1.0,0.7215909829685921,14.184723993451644
20,110,-1.0,-1.0,-0.6755127418162805,13.752408503325498
20,111,-1.0,1.0,0.6604992250784746,11.583485885867146
20,112,-1.0,1.0,0.667297091012566,13.297687703639115
20,113,-1.0,1.0,0.5402108713622379,12.091835998903615
20,114,-1.0,-1.0,-1.2717579275712718,14.157013902781335
20,115,-1.0,1.0,2.073756666367482,15.205127620129119
20,116,-1.0,1.0,2.286264566685531,16.62506406576368
20,117,-1.0,1.0,0.5857213715915519,13.29091579021362
20,118,-1.0,1.0,2.263999742332319,18.66856876365678
20,119,-1.0,-1.0,-0.6897716657373236,12.98420987094743
20,120,-1.0,1.0,2.475360466812944,18.471312814736507
20,121,-1.0,1.0,0.584862508532095,13.690172517483884
20,122,-1.0,1.0,1.0253078338549861,16.315254031240727
20,123,-1.0,1.0,1.3531949254965694,15.322756220028364
20,124,-1.0,-1.0,-0.8524021005827159,11.238240258572148
20,125,-1.0,1.0,1.0330075854800156,13.605952563480576
20,126,-1.0,-1.0,-0.24780853115636295,16.401221224581434
20,127,-1.0,-1.0,-0.8947135210278649,13.33414422492665
21,0,1.0,-1.0,-1.5980765204634177,14.691164278544548
21,1,1.0,1.0,0.5074257679299232,11.592171366993204
21,2,1.0,-1.0,-0.19183086666765892,17.720602472684178
21,3,1.0,-1.0,-0.10377593539319149,13.8265738296923
21,4,1.0,1.0,0.28087383897143725,14.880314283745365
21,5,1.0,-1.0,-0.4037217353848141,12.987631967168475
21,6,1.0,1.0,2.1611807050314678,16.977910813923206
21,7,1.0,1.0,0.6176039752997147,15.088974718853644
21,8,1.0,1.0,1.140652358788167,14.840555310587453
21,9,1.0,1.0,1.341550856305449,15.954109733741157
21,10,1.0,-1.0,-0.529565368033812,18.13749994292902
21,11,1.0,-1.0,-0.9907393884745304,15.988413286322126
21,12,1.0,1.0,1.3909365176155615,15.206789718589828
21,13,1.0,1.0,1.9696666653440291,17.95374785659277
21,14,1.0,1.0,0.2776973939096955,14.623455573854022
21,15,1.0,-1.0,-1.8734109182719858,15.88157845345205
21,16,1.0,1.0,0.14516210806643726,15.025674565669537
21,17,1.0,-1.0,-1.51067401127204,16.826545475337895
21,18,1.0,1.0,1.3877864534037745,16.030761873321463
21,19,1.0,-1.0,-0.572689555384213,16.804403399477465
21,20,1.0,-1.0,-1.5086013874652893,17.108657803069367
21,21,1.0,1.0,0.654152801597473,15.298370357573042
21,22,1.0,1.0,1.0890268351718901,14.021807916473527
21,23,1.0,-1.0,-1.0492663886235472,13.99442845650792
21,24,1.0,1.0,0.8861917438593533,13.077390474949503
21,25,1.0,1.0,0.8409458449424817,16.78442846898388
21,26,1.0,1.0,0.6221110237139411,18.706304146678242
21,27,1.0,-1.0,-0.6711618975935825,15.64983644210929
21,28,1.0,-1.0,-1.375632366594123,16.380403321061554
21,29,1.0,-1.0,-0.41797772786702736,13.46992779526436
21,30,1.0,1.0,1.0353107193112145,13.292716359224539
21,31,1.0,-1.0,-1.0657578611729035,16.877353636121452
21,32,1.0,-1.0,-0.30699454272434556,12.745021958476402
21,33,1.0,1.0,1.0127221313251726,15.356702084446766
21,34,1.0,-1.0,-1.4126819221269693,13.422206418588305
21,35,1.0,1.0,1.2835280368678543,16.117863382783057
21,36,1.0,-1.0,-0.5325683023296695,12.805072234017238
21,37,1.0,1.0,1.1755926353225628,18.043387922565785
21,38,1.0,1.0,0.4727886549728072,17.50799676510045
21,39,1.0,-1.0,-0.30404689477073743,16.063308682359654
21,40,1.0,1.0,0.10381124671479619,15.849884361911213
21,41,1.0,1.0,0.4389984295445448,13.473849379299228
21,42,1.0,1.0,0.6939802518378249,14.194930513663326
21,43,1.0,1.0,0.6822914372131301,16.16255778029863
21,44,1.0,1.0,1.495885416283581,17.335293351535807
21,45,1.0,1.0,0.3561452660185106,13.040390622180231
21,46,1.0,1.0,0.6003205699591817,13.704414475778755
21,47,1.0,1.0,1.376756657618068,16.662838996725995
21,48,1.0,1.0,1.4816832449244146,15.351990569374568
21,49,1.0,-1.0,-0.052230818800544906,15.217828381398604
21,50,1.0,-1.0,-0.7342844197393842,14.029378359096478
21,51,1.0,1.0,0.9228883013222497,11.498973399307282
21,52,1.0,1.0,1.225085007200848,13.750300762831337
21,53,1.0,1.0,0.24300117348882017,14.300193828189412
21,54,1.0,1.0,0.6651303473792275,12.312130712418211
21,55,1.0,-1.0,-1.182927841146385,13.81430530810977
21,56,1.0,-1.0,-0.6759552109663097,14.795173117004962
21,57,1.0,1.0,0.5099502919144793,16.160420868727975
21,58,1.0,-1.0,-0.3171466628004935,18.624810957032725
21,59,1.0,1.0,1.0934046471311303,16.492822957353056
21,60,1.0,1.0,0.47919331956645056,14.618386998786644
21,61,1.0,1.0,0.336791072685368,14.001002815966473
21,62,1.0,1.0,0.6591356889741946,11.34099212721534
21,63,1.0,-1.0,-0.6634081233755993,14.733492253561002
21,64,-1.0,1.0,0.9518896214623058,15.244738936917646
21,65,-1.0,1.0,1.386487186006759,18.320364891946948
21,66,-1.0,1.0,1.4971188115576841,14.900988126057388
21,67,-1.0,1.0,0.4653794247652393,14.083182428606767
21,68,-1.0,-1.0,-1.118577476243398,15.944057024554912
21,69,-1.0,-1.0,-0.8955494099562671,13.66335007377265
21,70,-1.0,1.0,1.0788599051014598,12.82165187099901
21,71,-1.0,-1.0,-0.7750040297836496,13.230011566323167
21,72,-1.0,1.0,0.23075883814240178,11.615271282601178
21,73,-1.0,-1.0,-0.6140442661786314,11.651559218751459
21,74,-1.0,1.0,0.8327290329232387,12.439491887570343
21,75,-1.0,1.0,1.4764784965196762,12.165545546677123
21,76,-1.0,1.0,0.3050038125316135,12.976640614604975
21,77,-1.0,-1.0,-1.0534027012044922,14.329976965453344
21,78,-1.0,1.0,1.1613156126291664,13.926793234905698
21,79,-1.0,1.0,0.3352722614601656,18.223873841365755
21,80,-1.0,-1.0,-0.05666514228346799,15.766990242731536
21,81,-1.0,1.0,0.4564556232018955,15.003905535573963
21,82,-1.0,-1.0,-0.30222353878800073,14.067122375651753
21,83,-1.0,-1.0,-0.22089556158704804,17.00638270790234
21,84,-1.0,-1.0,-0.36663888249082854,16.703296952875633
21,85,-1.0,1.0,0.07178518695784558,18.109949815633744
21,86,-1.0,1.0,0.5098781302312279,14.875693002248223
21,87,-1.0,-1.0,-0.2769997018424246,17.90221329064044
21,88,-1.0,-1.0,-0.37188979585376936,16.343615269096393
21,89,-1.0,1.0,1.173618580407211,12.62819811198694
21,90,-1.0,-1.0,-0.0637234536706473,17.60995172147974
21,91,-1.0,1.0,0.5384233648652971,17.244364060455318
21,92,-1.0,1.0,0.924581762144431,14.59643137952568
21,93,-1.0,-1.0,-0.44222536528919126,15.711391957754756
21,94,-1.0,-1.0,-1.7022475505408583,13.768281202607977
21,95,-1.0,-1.0,-0.1755580033293917,13.961232477224272
21,96,-1.0,1.0,1.0685470365226575,13.116602631643229
21,97,-1.0,-1.0,-0.656737386343939,12.572011965660032
21,98,-1.0,1.0,1.6276465937764264,16.547857385481304
21,99,-1.0,1.0,1.0390760623850228,11.243432570431583
21,100,-1.0,1.0,1.106367250063953,17.251643862935914
21,101,-1.0,1.0,0.08806801797510945,17.051734277605977
21,102,-1.0,-1.0,-0.8872902044782787,13.934628869641994
21,103,-1.0,1.0,1.241728370154252,14.63798010698067
21,104,-1.0,1.0,0.3367822801316663,15.260361587625662
21,105,-1.0,1.0,1.1792021318694326,14.65438797126456
21,106,-1.0,-1.0,-1.2487174027577126,12.425263491531554
21,107,-1.0,-1.0,-0.7381245579428792,17.3696203643005
21,108,-1.0,-1.0,-0.7439538409589749,13.90145307516834
21,109,-1.0,1.0,1.6988035348861976,13.764499274972486
21,110,-1.0,-1.0,-1.3120153230994362,13.927669798091012
21,111,-1.0,1.0,0.06744342175420531,16.841739481634395
21,112,-1.0,-1.0,-0.7900584612887966,12.884309758436805
21,113,-1.0,-1.0,-0.4401080778552269,13.933514909368718
21,114,-1.0,1.0,1.1391748003362316,15.043062869423382
21,115,-1.0,1.0,0.669416575863183,18.489727829707505
21,116,-1.0,-1.0,-1.3718492739628136,14.571171177443683
21,117,-1.0,-1.0,-0.6323350585587487,15.171014658044445
21,118,-1.0,1.0,0.07124197266403068,18.330745789418614
21,119,-1.0,-1.0,-0.36823161572462215,14.954701477335083
21,120,-1.0,1.0,0.23016011993025184,11.564225023501413
21,121,-1.0,-1.0,-0.6434123240628632,14.728739883824137
21,122,-1.0,-1.0,-0.8837476730122709,13.519923718358097
21,123,-1.0,1.0,2.191377021184517,14.736604450528542
21,124,-1.0,-1.0,-0.5632339105371393,14.013087641330003
21,125,-1.0,1.0,0.7311810466416383,15.556687182654303
21,126,-1.0,-1.0,-0.4547254766568706,14.531066292817464
21,127,-1.0,-1.0,-0.08724527304469779,14.625385536138877
22,0,1.0,-1.0,-1.3345901475041624,18.50853639181961
22,1,1.0,1.0,1.5267367409678634,14.439488981028152
22,2,1.0,-1.0,-1.0506398160933486,16.531756752314884
22,3,1.0,1.0,0.5794229324323443,13.885900464504141
22,4,1.0,1.0,0.7199787291727422,15.701808178799727
22,5,1.0,-1.0,-0.28275822736540357,12.452611571200428
22,6,1.0,1.0,0.01963056997999689,17.506376779777458
22,7,1.0,1.0,0.34123562039333943,18.377384020557592
22,8,1.0,-1.0,-1.4942084049743476,18.7833267336193
22,9,1.0,-1.0,-0.19990135006000045,11.841687052706089
22,10,1.0,1.0,0.6905848577957365,14.94497845413158
22,11,1.0,-1.0,-0.3754321084665464,14.81884378429916
22,12,1.0,-1.0,-0.978197260129687,16.533213463411606
22,13,1.0,1.0,0.10354707376906079,13.806158043835628
22,14,1.0,1.0,0.24483113402538875,12.296621135352119
22,15,1.0,1.0,0.6322527142706729,15.482268763584718
22,16,1.0,-1.0,-0.7302572811905634,15.4398639687909
22,17,1.0,1.0,0.2169764667629583,17.134078261517793
22,18,1.0,1.0,0.6714291126586516,13.370162724790331
22,19,1.0,-1.0,-0.865645304694416,17.35956754145367
22,20,1.0,1.0,1.3923837145820597,12.929325522524946
22,21,1.0,-1.0,-0.6810620914963743,15.80059967161542
22,22,1.0,-1.0,-0.16428680058124778,15.128561781170585
22,23,1.0,-1.0,-0.8290491195577734,12.935118441660913
22,24,1.0,1.0,0.48034757827499547,12.498490838906152
22,25,1.0,-1.0,-1.0652805708824846,17.857201062343027
22,26,1.0,-1.0,-1.327800038355565,18.72407289503412
22,27,1.0,-1.0,-0.09223471466589381,14.116437028387237
22,28,1.0,1.0,0.14632253160037562,15.236093916774722
22,29,1.0,-1.0,-0.07852785289080239,14.594708186610982
22,30,1.0,1.0,1.3289976782306867,14.038261047115702
22,31,1.0,1.0,0.41625337831326054,14.509553100312345
22,32,1.0,-1.0,-0.9078445916122159,16.207848833971394
22,33,1.0,-1.0,-0.45849445054486293,15.629288402278132
22,34,1.0,-1.0,-0.031752541587737236,17.314757040241826
22,35,1.0,-1.0,-0.7064791431197774,14.096754726237275
22,36,1.0,1.0,0.13098884434007618,15.614911306697895
22,37,1.0,-1.0,-0.01629590063222633,18.6177183640156
22,38,1.0,-1.0,-0.4996423202070724,13.747555199539535
22,39,1.0,-1.0,-0.7863720495498342,14.407521542464991
22,40,1.0,-1.0,-1.3321508603933163,12.81852726625086
22,41,1.0,1.0,0.20194859918886343,17.87822247685822
22,42,1.0,-1.0,-0.3565245529488793,15.9011137396584
22,43,1.0,-1.0,-1.1948929654126554,13.424653954683437
22,44,1.0,-1.0,-1.5099075155908477,17.051019016606915
22,45,1.0,-1.0,-0.46224708637039547,17.02817836383231
22,46,1.0,-1.0,-0.5770562895856319,16.535765953646894
22,47,1.0,1.0,0.1274623147464669,12.766676874503968
22,48,1.0,1.0,1.1281115506520347,13.195120505934705
22,49,1.0,-1.0,-0.9877506764819003,16.311438822261227
22,50,1.0,-1.0,-1.1654397475438751,13.545607188817115
22,51,1.0,1.0,0.622280499156263,14.189792607137358
22,52,1.0,-1.0,-2.1109757737962696,17.385789683557757
22,53,1.0,1.0,1.0736101826575484,13.86189768269089
22,54,1.0,-1.0,-1.4892448193251184,14.684807257165152
22,55,1.0,1.0,0.08069768938310853,16.67823787661776
22,56,1.0,-1.0,-0.35856174016114156,13.343871899732632
22,57,1.0,-1.0,-0.6339772524217135,12.5407846543891
22,58,1.0,1.0,0.8655518775900153,15.89702747800895
22,59,1.0,-1.0,-1.129429315783492,16.42983136497506
22,60,1.0,-1.0,-0.3994066770815579,17.55533608383074
22,61,1.0,1.0,1.093172386410905,15.527206556449654
22,62,1.0,-1.0,-0.8932680281804891,15.496494694872904
22,63,1.0,-1.0,-0.7846869236752896,13.457128385064724
22,64,-1.0,-1.0,-0.08775472540858575,15.756061737753763
22,65,-1.0,1.0,1.7298509358783305,17.061512539903898
22,66,-1.0,1.0,1.3035195966997672,13.550108216213706
22,67,-1.0,1.0,0.6468033300550399,12.30866805264442
22,68,-1.0,-1.0,-0.3314870166242658,15.391426354697717
22,69,-1.0,1.0,0.12525722121693786,16.64532129711707
22,70,-1.0,1.0,0.1769898810343563,14.876456901578857
22,71,-1.0,-1.0,-0.40607843456522436,16.287400692581464
22,72,-1.0,1.0,1.0357738791731157,15.052475610956776
22,73,-1.0,1.0,0.8603436982944335,16.856404845462233
22,74,-1.0,1.0,0.12421288260747174,14.41976901857426
22,75,-1.0,1.0,0.541260566990403,17.65807615799047
22,76,-1.0,1.0,0.3567179385907421,14.463096171765812
22,77,-1.0,-1.0,-0.1845472748327761,17.44444496524435
22,78,-1.0,1.0,0.05783896148018321,17.607463365986593
22,79,-1.0,1.0,0.5990018001599022,14.199157803392675
22,80,-1.0,-1.0,-0.19046184956112003,15.78788537353641
22,81,-1.0,-1.0,-0.12191283261649337,18.83821693338232
22,82,-1.0,-1.0,-0.5014301068604405,19.306426784873125
22,83,-1.0,1.0,1.064926105776649,13.89036784849125
22,84,-1.0,-1.0,-1.090920111884931,13.868678214742705
22,85,-1.0,-1.0,-0.2646030883746694,14.156345085292484
22,86,-1.0,1.0,1.3097359797536343,14.148835240245027
22,87,-1.0,-1.0,-0.1557821831867226,13.011502643825212
22,88,-1.0,-1.0,-1.2427328563512408,17.549537158936484
22,89,-1.0,-1.0,-0.3655903778087406,16.931207155430055
22,90,-1.0,-1.0,-0.706806691357741,19.346314648385867
22,91,-1.0,1.0,0.44933939249874577,15.29683284776304
22,92,-1.0,-1.0,-0.5167047120058813,17.448530252530816
22,93,-1.0,-1.0,-0.5558578264269675,17.41978571245449
22,94,-1.0,-1.0,-0.7664196697054744,15.820302946544775
22,95,-1.0,1.0,0.2076325550478059,18.82738282281636
22,96,-1.0,1.0,0.43332814719753504,10.193172486632196
22,97,-1.0,-1.0,-0.08348616623059917,18.976914612631163
22,98,-1.0,-1.0,-0.21106115599469766,18.912523132757844
22,99,-1.0,-1.0,-0.7205548755350936,15.261734223970004
22,100,-1.0,1.0,1.010780210737398,15.227835058699005
22,101,-1.0,-1.0,-0.9610608334750729,14.99117396402619
22,102,-1.0,-1.0,-0.3578569117465187,16.74088112903194
22,103,-1.0,-1.0,-1.173065608990539,14.64040852407539
22,104,-1.0,-1.0,-0.44537633062673787,15.187388556763992
22,105,-1.0,-1.0,-0.2896886782426216,18.27084918414063
22,106,-1.0,1.0,0.059383078699149335,12.484860827071445
22,107,-1.0,1.0,1.748176069581521,14.565491315501776
22,108,-1.0,1.0,1.1435077924998833,15.825069096812072
22,109,-1.0,1.0,0.10227836888168759,14.358173642217606
22,110,-1.0,-1.0,-0.0705597597191229,18.53747102186001
22,111,-1.0,-1.0,-0.3766085196798058,11.607399121722576
22,112,-1.0,1.0,0.05531805942116419,17.457136260836467
22,113,-1.0,1.0,0.21406540637597946,12.73173949991409
22,114,-1.0,-1.0,-0.2634297482898729,13.99916382945334
22,115,-1.0,-1.0,-0.06046698243105008,15.771644092141392
22,116,-1.0,-1.0,-0.4078863624859163,12.869078902117176
22,117,-1.0,1.0,0.6768813944251824,15.406435339288379
22,118,-1.0,1.0,0.1502139890325933,14.494359212779969
22,119,-1.0,1.0,1.5485448644688637,15.19451057961084
22,120,-1.0,-1.0,-0.2641343124060456,14.950189084816943
22,121,-1.0,1.0,0.27581474452967214,15.095510139164796
22,122,-1.0,-1.0,-0.2026185156231817,14.628863495166565
22,123,-1.0,-1.0,-0.10274974398254277,13.484872756613592
22,124,-1.0,-1.0,-1.2131502975580977,17.61190802725165
22,125,-1.0,1.0,1.3815841174580321,12.861158431136989
22,126,-1.0,-1.0,-0.5473537610822274,13.20931559236799
22,127,-1.0,1.0,0.13310356703948661,11.17624714088076
23,0,1.0,1.0,0.3210831341199374,14.340169890307607
23,1,1.0,-1.0,-1.0652153959594757,17.646953450185887
23,2,1.0,-1.0,-0.22699818123445245,18.081216820617296
23,3,1.0,-1.0,-1.5742450583728325,14.071599405010222
23,4,1.0,1.0,0.2632004548138096,15.406441648444865
23,5,1.0,1.0,0.2682073199375445,11.313247365041866
23,6,1.0,-1.0,-1.327196688987113,17.40937654487436
23,7,1.0,1.0,0.8489182038959295,14.261271689191561
23,8,1.0,1.0,1.0079006601895182,13.845152782760062
23,9,1.0,-1.0,-0.7476330761505348,15.622599225538282
23,10,1.0,1.0,0.02503489525479212,14.797101232060832
23,11,1.0,1.0,1.4580450017693478,16.55717814785163
23,12,1.0,-1.0,-0.6333822624240323,17.942070517012645
23,13,1.0,1.0,0.17161507346958954,17.750695796067465
23,14,1.0,1.0,0.06501566799696229,17.731218237546603
23,15,1.0,1.0,0.2351582249722151,13.18643160651555
23,16,1.0,-1.0,-0.18787905120713744,15.813045549769642
23,17,1.0,-1.0,-1.6138258722238596,15.788986541887077
23,18,1.0,1.0,2.0164407674962237,15.17756060972441
23,19,1.0,-1.0,-0.09863638785410511,11.876354806917213
23,20,1.0,-1.0,-1.6793278678941679,15.762198029672751
23,21,1.0,-1.0,-1.0613695463811899,15.460263272800335
23,22,1.0,-1.0,-0.01007578289302688,14.514495508377603
23,23,1.0,-1.0,-0.7413540544803421,14.929031783457432
23,24,1.0,1.0,0.07807310329439024,19.077270402823494
23,25,1.0,-1.0,-0.0973506121362335,14.995480976082922
23,26,1.0,1.0,1.20086837623831,16.4462077672312
23,27,1.0,-1.0,-0.07717151444641351,16.16539234583957
23,28,1.0,-1.0,-0.9968098821026933,14.43967407994584
23,29,1.0,1.0,0.2059120730635021,18.250174834597793
23,30,1.0,-1.0,-1.3649650231235837,14.383114296352247
23,31,1.0,-1.0,-0.11062388532881456,16.769670944919913
23,32,1.0,1.0,0.20705018607474765,16.095225614705292
23,33,1.0,-1.0,-0.6345945652031367,13.148284687911989
23,34,1.0,-1.0,-0.7789072419812252,13.714748994187325
23,35,1.0,1.0,0.8441931444026306,15.694864492036173
23,36,1.0,1.0,0.009620448300386428,18.118626726970092
23,37,1.0,-1.0,-0.7134850408659148,18.726235267255916
23,38,1.0,-1.0,-0.37678673573474714,14.214960459196606
23,39,1.0,1.0,0.23736112884322597,18.567603454451437
23,40,1.0,-1.0,-1.035458374402418,15.70491009995384
23,41,1.0,-1.0,-1.020187427705855,12.315851018814366
23,42,1.0,-1.0,-0.11229180199031247,10.194505606222124
23,43,1.0,1.0,0.06524690154300886,17.93730161310642
23,44,1.0,-1.0,-0.5588117754932509,16.136758276350047
23,45,1.0,-1.0,-0.07527486373845088,15.753907687680236
23,46,1.0,1.0,1.573107880061352,13.31213353849876
23,47,1.0,-1.0,-1.122112147342317,17.05198885924827
23,48,1.0,-1.0,-0.1993380717578728,18.80816972664905
23,49,1.0,-1.0,-1.261254383610449,13.70735122207203
23,50,1.0,1.0,1.8572437950692426,13.900063762007905
23,51,1.0,-1.0,-0.25287568017055595,19.090152855350077
23,52,1.0,1.0,1.8453168241417972,16.572167501111025
23,53,1.0,-1.0,-0.35025918379305876,14.614154642053968
23,54,1.0,1.0,1.9262862134056769,16.18521071445056
23,55,1.0,1.0,0.1261270738598794,16.52173757520081
23,56,1.0,-1.0,-0.1540808827169503,12.161229820855493
23,57,1.0,-1.0,-0.18899979047485777,13.797245585576858
23,58,1.0,1.0,1.6207345836596974,15.830857842843692
23,59,1.0,-1.0,-0.45116291951266047,14.738182632114993
23,60,1.0,1.0,1.4172312803316873,15.128069209952143
23,61,1.0,-1.0,-0.9309514309045728,15.44338116131272
23,62,1.0,1.0,1.0299539230402976,16.27815208223395
23,63,1.0,1.0,0.40952439633521415,17.979708634483334
23,64,-1.0,1.0,0.23255984110853273,17.86984709979452
23,65,-1.0,-1.0,-0.20932215724268444,13.993395039594583
23,66,-1.0,1.0,0.12064060685246258,18.014016796377646
23,67,-1.0,-1.0,-0.6367226500569688,12.521937345941737
23,68,-1.0,1.0,0.7081632315319537,12.173718000267153
23,69,-1.0,-1.0,-0.024000563790268048,15.491356466459386
23,70,-1.0,-1.0,-0.6530789717784398,15.124510887563503
23,71,-1.0,1.0,1.360341916890485,16.788355260654555
23,72,-1.0,1.0,0.2614592662610098,15.688611469226544
23,73,-1.0,-1.0,-0.13526630215518964,15.645211133940828
23,74,-1.0,-1.0,-0.4807312726382206,15.899564853519609
23,75,-1.0,1.0,1.1293884353839763,18.65362230525321
23,76,-1.0,1.0,0.02527533440217601,16.9340370284224
23,77,-1.0,-1.0,-0.3465764333051923,14.978872192769801
23,78,-1.0,-1.0,-0.41840747968781294,16.021590632557842
23,79,-1.0,-1.0,-0.5812660336948349,14.61680557068428
23,80,-1.0,1.0,0.009224947137109973,18.240163529911122
23,81,-1.0,-1.0,-0.3800497796405736,15.043579152600904
23,82,-1.0,-1.0,-0.0013093687804267284,14.559301203640764
23,83,-1.0,1.0,0.5223076918066505,13.612997619462671
23,84,-1.0,1.0,0.12541746901749468,11.609885275776128
23,85,-1.0,1.0,1.2039818313807098,16.468284728973273
23,86,-1.0,1.0,3.097162687231825,16.413955154270333
23,87,-1.0,-1.0,-0.27987972946726464,16.473484115361806
23,88,-1.0,-1.0,-0.5219953775513919,15.313731464226215
23,89,-1.0,1.0,0.15496295932826423,17.38433439263876
23,90,-1.0,-1.0,-0.20269550832889777,15.007278439131223
23,91,-1.0,1.0,0.3838544565306184,17.932467262678518
23,92,-1.0,-1.0,-0.8718629754722946,14.161938226344393
23,93,-1.0,1.0,1.049544557245188,14.17931124599381
23,94,-1.0,-1.0,-0.15497100746684112,16.014611843101708
23,95,-1.0,1.0,2.098262392327886,13.498216191057413
23,96,-1.0,-1.0,-0.3189791797621989,15.493128232322203
23,97,-1.0,-1.0,-0.10833004038521683,13.331096892226325
23,98,-1.0,-1.0,-0.1731881320944661,15.08652834305305
23,99,-1.0,1.0,0.5706943107381774,15.747287981589004
23,100,-1.0,1.0,0.18814988717174877,15.837175344732511
23,101,-1.0,1.0,1.9895464723028944,16.01817668844324
23,102,-1.0,-1.0,-0.29370774813867306,15.444281311777605
23,103,-1.0,1.0,0.2508549169926304,13.964882086402323
23,104,-1.0,-1.0,-0.19834617772212382,13.399116201602283
23,105,-1.0,-1.0,-0.47916871422953083,12.442008051539851
23,106,-1.0,1.0,0.22940552492580252,18.384667453644223
23,107,-1.0,1.0,0.4105523274691031,16.082910826442493
23,108,-1.0,1.0,0.22984880490707316,16.3131560228869
23,109,-1.0,-1.0,-0.2655051389000726,15.189642405327582
23,110,-1.0,1.0,0.576943695798567,12.221576976292079
23,111,-1.0,1.0,0.3285734847169778,17.466432678792955
23,112,-1.0,1.0,0.7582795376147271,15.665092013342125
23,113,-1.0,-1.0,-0.4453578796714595,13.872287354281744
23,114,-1.0,-1.0,-0.669752191365383,16.403557768071703
23,115,-1.0,1.0,1.3889102855697613,15.072672876961304
23,116,-1.0,1.0,0.04397793577784104,17.169444387594115
23,117,-1.0,-1.0,-0.4450054682252885,14.589566018638227
23,118,-1.0,-1.0,-0.6194125462299054,13.492496663153217
23,119,-1.0,1.0,0.6282088717074068,16.283706540527866
23,120,-1.0,-1.0,-0.025026525384314754,17.434579718315266
23,121,-1.0,1.0,0.32254202757527367,13.248240329779048
23,122,-1.0,1.0,0.5894265062957291,17.12355516637827
23,123,-1.0,1.0,0.7679982584744143,19.291838820091527
23,124,-1.0,1.0,0.30704553050961814,16.996367465759437
23,125,-1.0,-1.0,-0.10901270761039648,11.52771790072868
23,126,-1.0,-1.0,-0.6625976220321552,15.316777744718003
23,127,-1.0,-1.0,-0.038524361193495296,16.19939304670747
24,0,1.0,1.0,0.46157180329722297,11.89891541743953
24,1,1.0,-1.0,-0.6477334353505547,16.644396598374705
24,2,1.0,-1.0,-0.6281468916853996,13.544640155438149
24,3,1.0,-1.0,-1.1173908464766853,17.651153269459453
24,4,1.0,1.0,0.7843260340468193,15.5036086704584
24,5,1.0,1.0,1.2698455832624425,16.906986667406663
24,6,1.0,1.0,1.7035537222668664,14.425391757692033
24,7,1.0,1.0,0.9838460094830559,16.84768029644351
24,8,1.0,1.0,0.5035376868185735,11.298610225364301
24,9,1.0,1.0,0.5501238457191643,17.715842898246763
24,10,1.0,1.0,1.8883981583589309,15.335642881266764
24,11,1.0,1.0,0.9682025419502063,17.37535080396277
24,12,1.0,1.0,0.8740403816271932,14.574985361112017
24,13,1.0,1.0,0.16990188004770046,17.36158576209509
24,14,1.0,-1.0,-1.7094261069490921,14.278633514510851
24,15,1.0,1.0,0.6026852900848554,15.731351392693888
24,16,1.0,1.0,0.6236582394248367,12.17823578821235
24,17,1.0,1.0,0.17839275972249408,10.348711657922083
24,18,1.0,-1.0,-2.1100045154289546,15.581446224729007
24,19,1.0,-1.0,-0.2960677470733022,16.62042949330447
24,20,1.0,1.0,0.5215017763326959,15.00071950731321
24,21,1.0,1.0,0.8835611165487202,12.772736014412896
24,22,1.0,-1.0,-1.3307124195716726,17.576015699556947
24,23,1.0,-1.0,-0.3429212307292538,15.33316471416297
24,24,1.0,-1.0,-1.2223076004181184,14.832361278991058
24,25,1.0,1.0,0.16017511385729066,13.336807678930604
24,26,1.0,1.0,0.7641325990593771,13.918729411909332
24,27,1.0,-1.0,-0.20277288360311846,15.497631888932768
24,28,1.0,-1.0,-0.2900044490045386,13.844610716814271
24,29,1.0,-1.0,-1.097888142938985,13.6699065424477
24,30,1.0,1.0,0.4526377506235125,17.24155180271915
24,31,1.0,1.0,0.389457067228207,14.17259793766491
24,32,1.0,1.0,1.1522448648144463,15.4530494672154
24,33,1.0,1.0,0.8869224592169722,15.14256367349772
24,34,1.0,-1.0,-0.16817462532250133,17.319458679676664
24,35,1.0,-1.0,-1.281029640857161,11.807180176583065
24,36,1.0,1.0,0.7212403891869125,17.5749492792171
24,37,1.0,1.0,0.4752021670677121,16.160627816486
24,38,1.0,1.0,1.0071696749197567,14.331663368774661
24,39,1.0,1.0,1.5426124857186359,16.14209470052938
24,40,1.0,1.0,0.08036720395796906,17.196906918486476
24,41,1.0,1.0,1.0042977082411697,13.417224496091631
24,42,1.0,1.0,0.9516663328206565,16.17620281386835
24,43,1.0,1.0,0.7168962506204984,15.331728864916146
24,44,1.0,1.0,0.9606945005802896,15.263977011063806
24,45,1.0,1.0,0.016873516417510538,13.26775157602827
24,46,1.0,1.0,1.371162168773527,14.079658260211575
24,47,1.0,1.0,0.9856970441415681,16.627684690962635
24,48,1.0,1.0,0.3605607695926475,13.885286661041038
24,49,1.0,-1.0,-0.02870782270587806,15.480597426466574
24,50,1.0,-1.0,-0.1428043483310751,13.946189953892732
24,51,1.0,1.0,0.2393570084511923,10.757719319600252
24,52,1.0,-1.0,-1.9047449914091423,15.833771820905364
24,53,1.0,1.0,0.5760342571095761,12.440887854143044
24,54,1.0,1.0,1.1740414902286693,15.266893559595543
24,55,1.0,1.0,0.9597416593199366,17.73458052109465
24,56,1.0,-1.0,-0.8696035387965468,14.632522433774852
24,57,1.0,1.0,0.08662083855923348,13.864452073854682
24,58,1.0,-1.0,-1.7957877258197903,14.550186090373074
24,59,1.0,-1.0,-1.3228871608179307,14.045070589040884
24,60,1.0,-1.0,-1.6447939829356368,17.691372406539713
24,61,1.0,-1.0,-1.066381192303481,12.130535733706571
24,62,1.0,-1.0,-0.2663844266516311,13.435602273409968
24,63,1.0,1.0,0.22017395375751947,15.438819986925086
24,64,-1.0,-1.0,-0.8715317848967099,17.572848505988528
24,65,-1.0,-1.0,-0.8459237306442576,14.481371747488435
24,66,-1.0,-1.0,-1.1735989447533588,12.349462609356303
24,67,-1.0,1.0,0.8987170154102146,14.565815353803888
24,68,-1.0,1.0,1.1867685081687664,14.575463539925378
24,69,-1.0,1.0,0.5085888752374521,13.930520639791872
24,70,-1.0,1.0,1.1978116913247876,12.369998971009352
24,71,-1.0,1.0,0.7883820318974165,12.956290286463956
24,72,-1.0,1.0,0.3170801522121154,14.490637925024291
24,73,-1.0,1.0,2.2121765285279813,13.672566478599451
24,74,-1.0,-1.0,-1.1405414721195908,15.371178269899753
24,75,-1.0,1.0,2.368273168375973,15.252405210058384
24,76,-1.0,1.0,0.7365051129598789,11.470344640217057
24,77,-1.0,1.0,0.940102783617071,12.970626338351435
24,78,-1.0,-1.0,-0.46619836731621533,14.176355124536183
24,79,-1.0,-1.0,-0.6315973144270768,13.566270151499989
24,80,-1.0,-1.0,-0.6390795256654702,15.492845002996196
24,81,-1.0,1.0,1.006797389042371,16.39949956018885
24,82,-1.0,-1.0,-0.6504928943691906,11.02643564494677
24,83,-1.0,-1.0,-0.9438828346513999,11.16509161112749
24,84,-1.0,1.0,1.3069515224117227,13.388781281539584
24,85,-1.0,-1.0,-0.7938223065441975,11.754815001063696
24,86,-1.0,1.0,1.3444544415764599,14.180428213281552
24,87,-1.0,-1.0,-0.6422203662291494,15.618236806990934
24,88,-1.0,-1.0,-1.091734349867889,16.06120306392365
24,89,-1.0,-1.0,-0.9061490378107975,16.16639924313768
24,90,-1.0,1.0,1.6874210548493525,17.40489855229952
24,91,-1.0,-1.0,-1.163883963320666,13.066467332334748
24,92,-1.0,-1.0,-0.1616042242953544,12.516752372793865
24,93,-1.0,1.0,1.609001943337524,11.287521824125772
24,94,-1.0,-1.0,-0.6480414167638275,17.30027382340606
24,95,-1.0,1.0,1.1741350075944228,15.555481556963638
24,96,-1.0,-1.0,-1.0029231341954086,14.428058614559959
24,97,-1.0,-1.0,-0.657669036660601,16.503592365830233
24,98,-1.0,1.0,1.273817065664064,13.263904471447905
24,99,-1.0,1.0,0.37963814383253314,13.433455776814732
24,100,-1.0,1.0,1.8839130055676385,15.986975687344918
24,101,-1.0,-1.0,-0.4944971908869781,11.64488658857175
24,102,-1.0,1.0,0.7199249494748812,16.786705759675648
24,103,-1.0,1.0,2.3342030686404907,15.722739656003084
24,104,-1.0,1.0,1.537420990336736,15.516679534309246
24,105,-1.0,-1.0,-0.13053296482276877,15.164330292921768
24,106,-1.0,-1.0,-0.2691955094331877,16.686445909479687
24,107,-1.0,-1.0,-1.209157666566223,13.760215408875869
24,108,-1.0,1.0,0.531551637946643,14.053127933066168
24,109,-1.0,1.0,0.701523427306392,14.194021631299027
24,110,-1.0,1.0,0.9609596417298791,16.176817212661824
24,111,-1.0,1.0,1.4205030241922014,17.91261103073454
24,112,-1.0,1.0,1.456717597562317,16.97552273365219
24,113,-1.0,1.0,0.5555697555542762,18.003744314061056
24,114,-1.0,1.0,0.9604912979956874,12.232622947342414
24,115,-1.0,-1.0,-1.069099015243549,15.821226857861975
24,116,-1.0,1.0,0.9407586951735167,15.464012466296136
24,117,-1.0,1.0,0.563166297592648,13.140977238771805
24,118,-1.0,1.0,0.23570184199536093,17.405186958557618
24,119,-1.0,-1.0,-1.2741856764572639,14.548900005431177
24,120,-1.0,-1.0,-0.2096384420397994,11.980144460741
24,121,-1.0,-1.0,-0.6802877405472308,17.914773052070633
24,122,-1.0,-1.0,-0.37292507437871525,14.57123130687203
24,123,-1.0,-1.0,-1.0925639810638759,14.60725797455799
24,124,-1.0,1.0,0.3015791654330295,13.976769451984703
24,125,-1.0,1.0,0.24474112152539376,15.848280043446042
24,126,-1.0,1.0,0.9986166776992164,12.078569378410101
24,127,-1.0,-1.0,-0.5407181770996454,13.239849914401907
25,0,1.0,1.0,0.1523407138644892,16.147215126598
25,1,1.0,1.0,1.5030383458954428,15.266803744323399
25,2,1.0,1.0,0.2850900473957442,19.42520229261256
25,3,1.0,1.0,1.4151957992295359,16.18232735766273
25,4,1.0,1.0,1.6385731512208748,16.834048519768622
25,5,1.0,1.0,0.1597732539790373,18.412983077924743
25,6,1.0,1.0,0.5159303918675242,17.15826323882324
25,7,1.0,-1.0,-0.5215817980905374,15.120851708794444
25,8,1.0,1.0,0.8918072184542841,15.059281697566096
25,9,1.0,1.0,0.22952848137552828,19.009502392615623
25,10,1.0,1.0,0.06138422315944922,15.047188439045016
25,11,1.0,-1.0,-0.6237671043701554,18.53996476126798
25,12,1.0,-1.0,-0.6432754019694997,16.233136046925512
25,13,1.0,1.0,0.21319644347259395,14.568870614584315
25,14,1.0,-1.0,-0.8902296066577973,14.926159587723262
25,15,1.0,-1.0,-0.4255782270201678,16.669382060660784
25,16,1.0,1.0,1.5806730155103412,14.01458803955295
25,17,1.0,-1.0,-0.6582011276287859,14.905900650322835
25,18,1.0,-1.0,-0.3840943840359461,19.38624917598928
25,19,1.0,1.0,0.013450539889277066,17.63558019569531
25,20,1.0,-1.0,-0.41193466608970286,16.353941720116087
25,21,1.0,1.0,0.46148792293176694,14.57161175930482
25,22,1.0,1.0,0.4303780662512251,16.229354225841693
25,23,1.0,-1.0,-0.07283753681547304,13.279057390600164
25,24,1.0,-1.0,-0.13372598602139718,15.24241669864172
25,25,1.0,1.0,0.08039184795656143,15.18565953063909
25,26,1.0,1.0,1.6455577372659158,17.331166302440487
25,27,1.0,-1.0,-0.5937480330993932,15.625074328948338
25,28,1.0,1.0,1.2858061793234024,12.893712604666888
25,29,1.0,-1.0,-0.11502709337442238,17.406834221734506
25,30,1.0,1.0,0.7654634154232774,11.652034821145781
25,31,1.0,1.0,1.1709208808953624,13.910022298839355
25,32,1.0,1.0,0.5406675932874976,15.734564018252902
25,33,1.0,-1.0,-1.5316548122915932,15.662509059823229
25,34,1.0,-1.0,-0.02180457606545369,13.948287170663836
25,35,1.0,1.0,0.19918305895264388,17.383508857423678
25,36,1.0,-1.0,-0.17822714532532621,17.53688759022722
25,37,1.0,1.0,0.19474426542901777,14.187044919533285
25,38,1.0,-1.0,-0.0800262802388062,13.698622972485914
25,39,1.0,-1.0,-1.0783296961029376,13.401011772037585
25,40,1.0,-1.0,-0.5633956115277101,13.680717521819084
25,41,1.0,1.0,0.938441453024419,12.225488125308392
25,42,1.0,-1.0,-0.4141269393570338,13.016683866505836
25,43,1.0,1.0,0.08176824136904644,17.728943284122394
25,44,1.0,-1.0,-0.4127896205797483,16.207834222493684
25,45,1.0,-1.0,-0.4426083137028031,13.784943168975678
25,46,1.0,1.0,0.4777300609890104,17.05262741137721
25,47,1.0,1.0,0.8764174295832156,13.908513316365324
25,48,1.0,-1.0,-1.3248957195973512,14.092429725535341
25,49,1.0,1.0,0.06758474231835561,13.074260481080746
25,50,1.0,-1.0,-0.33303956602787105,13.920726844621889
25,51,1.0,-1.0,-0.8164690008829183,15.57320158702743
25,52,1.0,-1.0,-0.830971475254642,18.326395405323243
25,53,1.0,1.0,1.3746732384178308,13.220388687134342
25,54,1.0,1.0,0.21824066293828437,18.282900248313506
25,55,1.0,-1.0,-0.5618681372289416,16.83138134137644
25,56,1.0,-1.0,-0.24805016510581043,12.917422228865377
25,57,1.0,1.0,0.2963894031738767,15.134339767556154
25,58,1.0,1.0,0.23138129409171537,14.22169177136331
25,59,1.0,-1.0,-0.17653283989878393,16.25549487605604
25,60,1.0,1.0,0.7281167019371808,16.904544730863606
25,61,1.0,1.0,1.8333542946235488,15.822389140191616
25,62,1.0,-1.0,-0.16373520216237034,15.27378475521628
25,63,1.0,-1.0,-1.2124433035951732,14.055817608892573
25,64,-1.0,1.0,0.7474540997181669,18.911923449830688
25,65,-1.0,1.0,0.002322393425956387,15.185494070164633
25,66,-1.0,-1.0,-0.6943818434495544,14.535251588082753
25,67,-1.0,-1.0,-0.17364020320540008,14.92510422570236
25,68,-1.0,-1.0,-0.07230375920392933,14.382839352486522
25,69,-1.0,1.0,0.1986915666349818,11.622513409737826
25,70,-1.0,1.0,0.9432474258510049,18.147930471205086
25,71,-1.0,1.0,0.13061629953913198,18.437705405098953
25,72,-1.0,-1.0,-0.10003724909519641,16.660622215959076
25,73,-1.0,1.0,0.5692680888324749,16.665404031927682
25,74,-1.0,1.0,0.40815597425413647,16.55276267947743
25,75,-1.0,-1.0,-0.882159510659051,12.204421516003844
25,76,-1.0,1.0,0.2705363684352259,18.80512461666635
25,77,-1.0,1.0,0.06707703945305592,15.202501975792584
25,78,-1.0,1.0,1.7528231367408074,16.53329527029868
25,79,-1.0,1.0,1.1304478258489405,13.806714094214005
25,80,-1.0,-1.0,-0.9009150580234258,15.113128773512367
25,81,-1.0,1.0,0.5149028820427058,17.98457686721355
25,82,-1.0,1.0,0.5889792043744057,18.559785986166933
25,83,-1.0,1.0,0.2438229909422864,14.745838437337738
25,84,-1.0,1.0,0.39763635401503183,13.185752868440245
25,85,-1.0,1.0,0.031286339516073125,13.124054229791126
25,86,-1.0,1.0,0.4725094594021907,18.022249668519756
25,87,-1.0,-1.0,-0.012637057160632625,12.978229421783963
25,88,-1.0,1.0,0.3481402480964235,14.260880869554018
25,89,-1.0,1.0,0.7040719522928454,13.351517537226222
25,90,-1.0,1.0,0.5845488832863343,16.928487536041295
25,91,-1.0,1.0,0.6813083664907245,16.140632520204548
25,92,-1.0,1.0,0.3917102763825443,18.366869730886922
25,93,-1.0,1.0,0.2656465053262547,11.827441381241073
25,94,-1.0,1.0,0.0027286856754516614,16.47776231284942
25,95,-1.0,1.0,1.1175233226550874,18.393116979503073
25,96,-1.0,1.0,0.2602470805679984,15.61600708669725
25,97,-1.0,-1.0,-0.16989206765227094,15.28442238650756
25,98,-1.0,1.0,0.3650522270714662,14.551959821624955
25,99,-1.0,1.0,0.493166074652703,13.455811432016384
25,100,-1.0,1.0,0.4555939911826047,13.618008871614473
25,101,-1.0,1.0,0.593762775531619,16.287761154155728
25,102,-1.0,1.0,0.8530176411493493,14.979667525455085
25,103,-1.0,1.0,0.18697755558590828,12.940768375346003
25,104,-1.0,1.0,1.077536955488687,14.486148999001813
25,105,-1.0,1.0,1.3037719833030736,16.75908833006416
25,106,-1.0,-1.0,-0.40490315962964407,16.27200325685785
25,107,-1.0,-1.0,-0.2102806446472441,14.991626799126253
25,108,-1.0,1.0,1.3936713031795598,18.14461917883366
25,109,-1.0,1.0,0.25037655970365436,13.879499902426863
25,110,-1.0,1.0,0.20925901800882318,14.39543594403529
25,111,-1.0,1.0,0.7720190792121128,15.438685739261215
25,112,-1.0,-1.0,-0.10051810177930208,13.8016600586928
25,113,-1.0,1.0,1.3281073177431908,18.759962272613212
25,114,-1.0,1.0,0.3981017738725385,15.067589401693064
25,115,-1.0,1.0,1.6399274758095939,15.685283391974997
25,116,-1.0,-1.0,-0.21013726207139355,16.051015184504344
25,117,-1.0,1.0,0.6014164937174519,17.648031145931217
25,118,-1.0,-1.0,-0.360199176056042,12.573009978018337
25,119,-1.0,1.0,0.07225459645940548,14.899668122615076
25,120,-1.0,-1.0,-1.1522581569412798,13.58959817453108
25,121,-1.0,-1.0,-0.17814336167425715,12.956325123264522
25,122,-1.0,1.0,0.3621241713731286,11.201116553810849
25,123,-1.0,-1.0,-0.3963153334309426,10.498619457038108
25,124,-1.0,1.0,0.20287231435778078,11.566917372268852
25,125,-1.0,1.0,2.06420834034892,11.783987483696952
25,126,-1.0,-1.0,-0.5308752978373741,13.416253142432174
25,127,-1.0,-1.0,-1.0920004713258948,14.148222500090249
26,0,1.0,1.0,0.44014512472210837,17.11995492223042
26,1,1.0,1.0,0.09443870099075342,13.89369503986055
26,2,1.0,1.0,0.9552239336464579,15.681004384682446
26,3,1.0,-1.0,-0.05427860929526866,16.024001415645078
26,4,1.0,-1.0,-1.1626597829043395,13.682355047852674
26,5,1.0,-1.0,-0.4422743464569264,18.85176687017869
26,6,1.0,1.0,0.020665497270057384,12.897099531980558
26,7,1.0,-1.0,-1.4675928080232605,14.612691063036069
26,8,1.0,-1.0,-0.3771136432804676,14.595304422323593
26,9,1.0,-1.0,-0.961265234907981,17.738313167943662
26,10,1.0,1.0,0.7157249765688143,15.708990083776825
26,11,1.0,1.0,0.7957432860178367,17.05690971090628
26,12,1.0,1.0,0.6772249862708185,12.630943590585673
26,13,1.0,1.0,0.13688176447582884,10.81273013296294
26,14,1.0,-1.0,-0.5220782765399464,14.076009870249376
26,15,1.0,1.0,0.7094908783785774,13.794248238170605
26,16,1.0,-1.0,-0.910098921333975,16.000440267998837
26,17,1.0,-1.0,-0.005722692861976478,14.14564951708611
26,18,1.0,-1.0,-1.8602129517692159,15.630297711235075
26,19,1.0,1.0,0.7449081696408496,14.569094006190792
26,20,1.0,-1.0,-0.04684168691605568,15.139735110983107
26,21,1.0,-1.0,-0.5122959117190281,11.767616872265517
26,22,1.0,-1.0,-0.3316455803019477,17.382533726672154
26,23,1.0,-1.0,-1.4923040288392624,17.74577746074065
26,24,1.0,-1.0,-1.6940850876439486,15.35067663237388
26,25,1.0,-1.0,-1.4272671991992212,16.28813005974052
26,26,1.0,-1.0,-0.3675626874464325,14.594582519250325
26,27,1.0,1.0,0.7915725189775603,14.835104480892667
26,28,1.0,1.0,0.43736445406520386,14.166741239908637
26,29,1.0,-1.0,-1.3152379218075394,13.30106011846142
26,30,1.0,-1.0,-0.7752296428836056,13.201817441799841
26,31,1.0,1.0,0.47465106797451234,14.373707514250745
26,32,1.0,-1.0,-0.11665722957231593,16.37395207190098
26,33,1.0,-1.0,-0.08143269041107987,16.574436876862453
26,34,1.0,-1.0,-0.6554354004628955,14.44663752975688
26,35,1.0,-1.0,-1.258001623295915,18.581073631176608
26,36,1.0,1.0,0.3099581629050787,12.545281647603655
26,37,1.0,-1.0,-0.1372029133377141,13.739042262162489
26,38,1.0,-1.0,-0.7335102238291947,15.81812239884612
26,39,1.0,-1.0,-1.570413321978166,14.372604506133964
26,40,1.0,-1.0,-0.35386308267842836,17.806858539207624
26,41,1.0,1.0,0.675701905473213,12.935363266918364
26,42,1.0,-1.0,-1.0366553368954874,14.065136414369448
26,43,1.0,1.0,0.37351664677186164,15.883859271264342
26,44,1.0,-1.0,-0.8935306831834733,13.169937677981206
26,45,1.0,-1.0,-0.6870769031646959,13.814851570412715
26,46,1.0,-1.0,-0.6587748926506302,15.624747696030328
26,47,1.0,-1.0,-2.1602761808689257,15.895404115959302
26,48,1.0,-1.0,-0.48448618230295093,13.695909096741973
26,49,1.0,-1.0,-0.9171283532175305,16.134559642383678
26,50,1.0,-1.0,-0.5728126917680793,15.112406187425682
26,51,1.0,-1.0,-0.4073102611412605,15.318532151033098
26,52,1.0,1.0,0.659348647815307,14.275265531821256
26,53,1.0,-1.0,-0.5309582110788773,13.886388637181629
26,54,1.0,1.0,0.30806594709396445,14.880331148530683
26,55,1.0,1.0,0.26584688579629234,18.025267391754085
26,56,1.0,1.0,0.5955561572369029,11.848119540445005
26,57,1.0,1.0,0.15159339285165713,12.735057960400612
26,58,1.0,1.0,0.020944547556185564,17.021416644497158
26,59,1.0,-1.0,-0.6759798147885941,12.101225585958721
26,60,1.0,-1.0,-0.3889440688873216,16.809505961431913
26,61,1.0,1.0,0.45800759961164544,12.105886956530242
26,62,1.0,-1.0,-0.015528050678865396,16.799933171198514
26,63,1.0,-1.0,-0.2882570902405259,13.906168970321403
26,64,-1.0,1.0,0.6506119065359253,14.915805125528639
26,65,-1.0,-1.0,-0.40954624113695565,15.295573871459595
26,66,-1.0,1.0,1.9430167966186325,14.50455322637868
26,67,-1.0,-1.0,-0.9199444575515938,17.359007146068365
26,68,-1.0,1.0,0.8937768466572418,13.864449799621706
26,69,-1.0,-1.0,-0.6385588820906083,15.13544005988095
26,70,-1.0,-1.0,-0.4957257832903119,14.374768882753608
26,71,-1.0,-1.0,-1.1350690362539149,15.849143127398326
26,72,-1.0,1.0,0.31347358077728904,14.873018678597823
26,73,-1.0,1.0,1.446774562542269,16.88917444808337
26,74,-1.0,1.0,0.14270534416518527,13.04851455467665
26,75,-1.0,-1.0,-0.29040131198602726,13.568120227917436
26,76,-1.0,-1.0,-0.26400202140158846,18.1956336914888
26,77,-1.0,1.0,0.44430967270050176,16.692014580876457
26,78,-1.0,-1.0,-0.9090237576155586,15.952943536564717
26,79,-1.0,-1.0,-1.2526330417907954,17.703627210625218
26,80,-1.0,1.0,0.7861251963488027,16.39580198427274
26,81,-1.0,-1.0,-0.22316531244818685,14.061148093537534
26,82,-1.0,-1.0,-0.8398705365094654,15.933050209803033
26,83,-1.0,-1.0,-0.6217117757230908,16.29561423960761
26,84,-1.0,1.0,0.8067397460723124,18.283156198663434
26,85,-1.0,-1.0,-0.629187413832012,15.466888198834226
26,86,-1.0,-1.0,-0.31390254656828726,16.834454067680287
26,87,-1.0,1.0,0.036099218351130793,15.131984271342446
26,88,-1.0,1.0,0.41926464581246425,15.13302021490292
26,89,-1.0,-1.0,-0.1447590445560059,15.39673022252914
26,90,-1.0,-1.0,-1.8061962679149297,15.635566756963573
26,91,-1.0,1.0,1.0972272938044318,14.676453304180225
26,92,-1.0,1.0,0.3755460808052403,18.543050450264428
26,93,-1.0,-1.0,-1.570735119945489,15.399562909116657
26,94,-1.0,1.0,1.7691949985686766,15.925337421831989
26,95,-1.0,1.0,0.7910130082407086,15.038000422350855
26,96,-1.0,1.0,0.666412721196739,16.1129273319814
26,97,-1.0,-1.0,-0.2489782070900946,13.005289463745276
26,98,-1.0,1.0,0.23115052970116398,11.772348619337583
26,99,-1.0,1.0,0.01958122006949793,15.339958767062125
26,100,-1.0,-1.0,-0.02583931563370659,16.370614684828233
26,101,-1.0,1.0,0.15152482282612012,14.570147200871233
26,102,-1.0,1.0,0.5995625947487675,17.144247655706323
26,103,-1.0,1.0,0.5810182120760874,14.722840603454395
26,104,-1.0,-1.0,-1.0441434364013005,16.201333496920867
26,105,-1.0,-1.0,-1.0041014030518989,17.538127223626926
26,106,-1.0,1.0,0.25390739014549096,12.704840288133076
26,107,-1.0,-1.0,-0.8409548658485104,16.31313981972713
26,108,-1.0,-1.0,-1.9496421584297678,16.505980854145164
26,109,-1.0,-1.0,-2.109660815652626,17.630474255751295
26,110,-1.0,1.0,0.16050722768771725,15.186372679552024
26,111,-1.0,-1.0,-0.2790786210363587,11.984482647847294
26,112,-1.0,1.0,0.8535380938278947,15.97627779908797
26,113,-1.0,-1.0,-0.22644744589312618,11.849259566273753
26,114,-1.0,1.0,0.7817226108424072,17.710296981333695
26,115,-1.0,1.0,0.6714839734005907,14.040395472470056
26,116,-1.0,1.0,0.0026323534525527215,13.481013360251737
26,117,-1.0,-1.0,-0.9630189096607662,16.022021764412884
26,118,-1.0,1.0,0.41594914158722956,16.989905533263123
26,119,-1.0,-1.0,-1.778835932980904,15.635036856585641
26,120,-1.0,1.0,0.2958453424763179,13.826534709758509
26,121,-1.0,1.0,0.43581352594101774,14.981310056300318
26,122,-1.0,-1.0,-0.42255474057673315,13.672516952258022
26,123,-1.0,-1.0,-0.2929768693293032,11.93042496507557
26,124,-1.0,-1.0,-0.0635272581036276,14.482349937122974
26,125,-1.0,-1.0,-0.48577489659987494,13.782890420724458
26,126,-1.0,-1.0,-0.9705804588238236,14.695765775012724
26,127,-1.0,-1.0,-1.4629484062349218,17.555927952488204
27,0,1.0,-1.0,-0.39468146131233095,16.536836628743067
27,1,1.0,1.0,0.956269539710548,13.988352879789849
27,2,1.0,1.0,0.7405522064198042,14.85150630332585
27,3,1.0,1.0,0.6308627479727406,14.791091750535777
27,4,1.0,-1.0,-0.3821531998148323,15.318651554857562
27,5,1.0,-1.0,-0.12282552536920886,15.489335390501406
27,6,1.0,-1.0,-1.5070470992582399,12.838294633670724
27,7,1.0,-1.0,-0.9427395311429587,16.216091351562348
27,8,1.0,-1.0,-1.5739522750033894,14.054495568839757
27,9,1.0,-1.0,-0.4293389335307035,18.138050110423446
27,10,1.0,1.0,0.15894493973315665,14.632885636567801
27,11,1.0,1.0,0.4863555163170238,15.048176206584994
27,12,1.0,-1.0,-1.8570482706414801,16.062584427617864
27,13,1.0,-1.0,-0.15898713979449233,13.202929536727513
27,14,1.0,-1.0,-0.22984095844517277,10.661584850885436
27,15,1.0,1.0,0.2943500441800767,15.554622685155522
27,16,1.0,1.0,1.252235276218294,16.390991718659514
27,17,1.0,1.0,0.35256310800994894,15.848235190425925
27,18,1.0,-1.0,-0.6257367656016863,13.573579242033501
27,19,1.0,1.0,0.6290569410968181,16.52165387555835
27,20,1.0,-1.0,-0.19967371899596587,14.359491063409816
27,21,1.0,1.0,0.7634017813406055,13.011609420000152
27,22,1.0,-1.0,-1.104786086459666,14.721729964871692
27,23,1.0,1.0,0.6242227449583636,16.062252201283933
27,24,1.0,-1.0,-0.4587257968952233,14.114912520127241
27,25,1.0,-1.0,-1.620878191366345,15.661068743647958
27,26,1.0,1.0,0.7022323010065338,13.082092109772121
27,27,1.0,-1.0,-0.8712915957577708,15.444370742647386
27,28,1.0,1.0,0.11840830350595663,16.855887743031197
27,29,1.0,-1.0,-0.653270591673746,12.871385697276528
27,30,1.0,-1.0,-0.7044133756695581,13.66166600031046
27,31,1.0,1.0,0.8319896258815833,17.046064131296397
27,32,1.0,1.0,0.6598906372252682,15.251020557499363
27,33,1.0,1.0,0.8841589036840758,14.300824637011482
27,34,1.0,-1.0,-1.2639021000200383,15.348731719498096
27,35,1.0,-1.0,-1.654046979121621,18.589597258234512
27,36,1.0,1.0,0.1674175647830879,14.011947416188333
27,37,1.0,1.0,1.0723826126479448,15.160716096041275
27,38,1.0,1.0,0.09780827533692829,13.653659195495585
27,39,1.0,-1.0,-1.2332761511879613,14.360120780318667
27,40,1.0,1.0,0.28445636525448237,16.606252046792655
27,41,1.0,1.0,0.9018892807113987,16.980673913522825
27,42,1.0,1.0,0.19671203525750397,12.467091950913728
27,43,1.0,1.0,0.5568866894981733,14.057069904552614
27,44,1.0,1.0,0.2345412426276222,11.683146740469883
27,45,1.0,1.0,0.45042921628790156,12.915841945514044
27,46,1.0,-1.0,-0.8186855318966441,11.568164861484682
27,47,1.0,-1.0,-1.670047146374725,16.618838234707134
27,48,1.0,1.0,0.37901142760544915,16.45578047893717
27,49,1.0,-1.0,-0.3462174869425894,17.169960628968276
27,50,1.0,1.0,1.0059838522791444,17.66450207132467
27,51,1.0,1.0,0.7531308058586934,13.339786649770645
27,52,1.0,-1.0,-1.5769149291238809,13.794458374678364
27,53,1.0,1.0,0.17978310702896141,15.832681673727214
27,54,1.0,1.0,0.2798513485215042,15.310806615630193
27,55,1.0,1.0,0.40393055645271536,16.69943711795649
27,56,1.0,-1.0,-1.591908795042365,14.340846977471477
27,57,1.0,1.0,0.10232029187653265,11.742593972927136
27,58,1.0,1.0,0.4055981660799401,12.967845905311904
27,59,1.0,-1.0,-1.0119209297024958,15.17183820569496
27,60,1.0,-1.0,-1.835803480413963,13.956118456760297
27,61,1.0,1.0,0.6824469740618676,13.258031159469542
27,62,1.0,-1.0,-1.2642944873313207,17.272375197525633
27,63,1.0,-1.0,-1.1065783389992374,14.8266606626302
27,64,-1.0,-1.0,-0.7119495960087437,18.66283884878481
27,65,-1.0,1.0,0.3845624318862973,13.497499024351672
27,66,-1.0,-1.0,-0.04668364272955671,12.520210006037125
27,67,-1.0,1.0,1.775873331919228,14.377394767369546
27,68,-1.0,1.0,0.27721211651204314,16.237908486060157
27,69,-1.0,1.0,1.0806976327562778,12.492055475298267
27,70,-1.0,-1.0,-0.603155707326041,16.214772966558105
27,71,-1.0,-1.0,-0.30007802819764984,17.0192174652134
27,72,-1.0,1.0,0.5052401299473368,12.820504808012496
27,73,-1.0,-1.0,-1.1236805074610088,15.67097872696996
27,74,-1.0,-1.0,-0.47086135379560357,16.9200428138354
27,75,-1.0,-1.0,-0.7583087594852674,15.146335732433863
27,76,-1.0,-1.0,-0.9395070231669255,13.550835625543815
27,77,-1.0,-1.0,-0.2616569726768907,12.727437756279716
27,78,-1.0,1.0,1.3813773783584116,16.944035778022325
27,79,-1.0,-1.0,-0.7740452123770771,15.484671989215022
27,80,-1.0,-1.0,-1.2325787641429682,17.97533002291298
27,81,-1.0,1.0,1.3197539617014786,14.838388513340556
27,82,-1.0,1.0,2.3131067544598345,14.30192082074261
27,83,-1.0,1.0,0.6392170112420108,15.067588019417572
27,84,-1.0,1.0,0.37193164884474855,16.52620756533863
27,85,-1.0,-1.0,-0.4631209168564855,15.976529536061578
27,86,-1.0,1.0,1.4690822569103077,16.69548799351166
27,87,-1.0,-1.0,-0.06327812868514193,13.483301011840004
27,88,-1.0,1.0,0.038007060068957994,11.785513720914956
27,89,-1.0,1.0,1.079517504295395,15.23886078333094
27,90,-1.0,-1.0,-0.3644463213280579,13.420706645023595
27,91,-1.0,-1.0,-0.22053100598617065,12.549533260063054
27,92,-1.0,-1.0,-0.995536916841676,12.088191311165842
27,93,-1.0,1.0,0.7343221448262723,16.22574950069721
27,94,-1.0,1.0,1.8683021253921608,13.410051809820915
27,95,-1.0,1.0,1.6511380091600603,14.124045523276967
27,96,-1.0,1.0,0.008199453017746036,14.083396405878563
27,97,-1.0,1.0,0.3249831852077102,15.373519744501237
27,98,-1.0,1.0,0.4701259192171515,16.39718741607097
27,99,-1.0,1.0,0.3963556314217654,12.610995625443952
27,100,-1.0,1.0,0.33483196753772887,17.990997275302508
27,101,-1.0,1.0,0.09576515539986769,16.285452307854598
27,102,-1.0,-1.0,-0.6455359205795461,15.674361425417954
27,103,-1.0,-1.0,-0.6405135119336239,17.86117202521901
27,104,-1.0,-1.0,-1.1209094212020687,18.171375266885207
27,105,-1.0,-1.0,-0.4765774046296247,14.634117877564062
27,106,-1.0,1.0,0.26266817269696563,13.12625453976965
27,107,-1.0,1.0,0.04999067243363675,16.99970536747386
27,108,-1.0,-1.0,-0.5821523251582872,15.002645180807514
27,109,-1.0,-1.0,-0.7471497251203156,16.2751965457169
27,110,-1.0,-1.0,-1.1957927827296018,15.70983336820009
27,111,-1.0,-1.0,-0.5439848954532103,14.239013398702426
27,112,-1.0,1.0,1.0576860790285414,15.407098607388798
27,113,-1.0,-1.0,-0.4173204861580906,15.352704833374464
27,114,-1.0,-1.0,-0.0517380261382238,15.370015879735622
27,115,-1.0,1.0,1.1664436742828115,17.954292615121634
27,116,-1.0,1.0,1.6644246271493917,17.51308070805885
27,117,-1.0,-1.0,-1.0968145591035037,15.910506818532394
27,118,-1.0,-1.0,-0.6752487962400836,15.451302585474526
27,119,-1.0,-1.0,-1.1447946568330671,13.596839611487894
27,120,-1.0,-1.0,-0.56521152305252,12.01982942986003
27,121,-1.0,-1.0,-0.6325526456777966,15.202368107666453
27,122,-1.0,1.0,1.3629985695707836,11.853794526838527
27,123,-1.0,-1.0,-0.5126797977684654,12.978406962995104
27,124,-1.0,-1.0,-0.1388516737533613,13.609295307188587
27,125,-1.0,-1.0,-0.4857779674242909,11.640650030018007
27,126,-1.0,-1.0,-0.16764860794782316,17.742469263992437
27,127,-1.0,1.0,0.09632923276593043,11.919318110600463
28,0,1.0,-1.0,-0.7629277340696068,17.41714352349007
28,1,1.0,-1.0,-1.0094100815015674,17.696911510051375
28,2,1.0,-1.0,-1.0420375370147779,12.103972813275625
28,3,1.0,-1.0,-0.2883467191916864,11.437256159667724
28,4,1.0,1.0,0.21960113540250414,11.677579796868402
28,5,1.0,-1.0,-0.6328838949632077,14.000736777934886
28,6,1.0,-1.0,-0.3139894028651661,18.254543650891183
28,7,1.0,1.0,0.21615933820268995,13.8917063018941
28,8,1.0,1.0,0.34398217189783487,13.796186977161751
28,9,1.0,-1.0,-0.006766340582439301,13.878255502507356
28,10,1.0,1.0,0.7176765814184116,15.444526599776317
28,11,1.0,1.0,0.03870258769561788,15.785888230685028
28,12,1.0,1.0,0.08147115572718841,13.388310463314014
28,13,1.0,-1.0,-0.8296439196987754,14.134802859888143
28,14,1.0,-1.0,-1.1371072287252473,14.52480129788764
28,15,1.0,1.0,0.48059380420026754,14.661764933616082
28,16,1.0,1.0,0.8986564912603197,16.076471812223225
28,17,1.0,1.0,0.180959914688297,14.577982366635917
28,18,1.0,1.0,0.7165668392344334,14.799462054587243
28,19,1.0,1.0,0.01409993142345059,12.2093780489083
28,20,1.0,1.0,0.32727503243430206,17.42934395884683
28,21,1.0,1.0,0.017546872909145833,15.360365809035816
28,22,1.0,1.0,0.40192155512246414,11.44306318711109
28,23,1.0,1.0,0.051490054189598455,16.100617131419213
28,24,1.0,1.0,0.33328486115446615,15.909891444359863
28,25,1.0,1.0,0.4355915442365606,15.362991832619343
28,26,1.0,1.0,0.358346908614979,16.110098220143737
28,27,1.0,1.0,0.03948461294790878,13.77408479387282
28,28,1.0,1.0,0.6668410057722375,15.92983753580281
28,29,1.0,-1.0,-0.2879736951112782,17.49579146679809
28,30,1.0,-1.0,-0.4504950198663883,14.601485558681865
28,31,1.0,-1.0,-0.12965767604075984,15.026964331570253
28,32,1.0,-1.0,-0.7197607206838892,13.738434215370125
28,33,1.0,1.0,0.3678148006457041,15.422790640430827
28,34,1.0,1.0,0.03362661800516048,15.912113449091827
28,35,1.0,1.0,0.3817902233935303,15.213352259363399
28,36,1.0,1.0,0.6565455254625967,17.875197976668236
28,37,1.0,1.0,0.04352635123064996,15.834301359648391
28,38,1.0,1.0,0.3183655029070698,15.496901036341335
28,39,1.0,1.0,0.09462227917594235,12.985087973219313
28,40,1.0,1.0,0.5911474326376661,16.627814283309906
28,41,1.0,1.0,0.6222763902966131,15.43421862089966
28,42,1.0,-1.0,-0.28921753920464655,16.97561748621579
28,43,1.0,-1.0,-1.7323782706784867,16.432090672353656
28,44,1.0,1.0,0.7470825247716493,14.530122042284457
28,45,1.0,-1.0,-0.1302790831839368,16.54626295644175
28,46,1.0,1.0,0.10463460907948714,14.461402698162464
28,47,1.0,-1.0,-0.7558836078693348,14.334492922233467
28,48,1.0,-1.0,-0.3007877487704884,13.057113424948882
28,49,1.0,1.0,0.4835537461386187,15.444375155197562
28,50,1.0,-1.0,-1.8888465283460918,14.079953148405743
28,51,1.0,1.0,0.5455773078801596,14.256530758909834
28,52,1.0,1.0,0.5169157344582881,15.176301953393503
28,53,1.0,1.0,0.6210838935103783,16.826049050744096
28,54,1.0,1.0,0.35101645605327436,16.000120567539753
28,55,1.0,-1.0,-0.10862564451129653,18.15969664827277
28,56,1.0,1.0,0.10787884888267732,14.907577673087662
28,57,1.0,1.0,0.5416203690049262,13.517699844169782
28,58,1.0,1.0,0.6006295092164268,16.469201207528183
28,59,1.0,1.0,0.26921041783279553,15.836146845249178
28,60,1.0,1.0,0.15865897761298783,18.60311513143478
28,61,1.0,-1.0,-0.07133793379462867,12.732596188674426
28,62,1.0,-1.0,-0.3709880243618357,16.311153686278274
28,63,1.0,-1.0,-0.2828463753765674,13.192017692843466
28,64,-1.0,1.0,0.6202955908895429,13.328079445644674
28,65,-1.0,1.0,0.2948681908527697,15.979657647389967
28,66,-1.0,-1.0,-0.37934131393127946,11.272993750962709
28,67,-1.0,1.0,0.6948861071823386,17.414469377556266
28,68,-1.0,1.0,0.45013728252501783,14.485372578254626
28,69,-1.0,1.0,0.7984864879194047,15.135610692359375
28,70,-1.0,-1.0,-0.23003037774071317,15.202374828016753
28,71,-1.0,1.0,0.42639575890153514,18.3642618277466
28,72,-1.0,-1.0,-0.23447104901296978,12.129668177214983
28,73,-1.0,1.0,0.1744581556600262,15.97923672473634
28,74,-1.0,1.0,0.02771729557970841,13.01831500337997
28,75,-1.0,1.0,0.7313591622461127,13.031455402820836
28,76,-1.0,-1.0,-0.5688730883268095,13.12400939529845
28,77,-1.0,1.0,0.6742224650951211,18.20028091922541
28,78,-1.0,1.0,0.6391386712949829,16.835474162885767
28,79,-1.0,1.0,1.2830102627204127,15.683607553894015
28,80,-1.0,-1.0,-0.1690512035050156,11.980610427455684
28,81,-1.0,1.0,0.6787782375239471,18.01416235373678
28,82,-1.0,1.0,1.2593719879875227,15.37229072084108
28,83,-1.0,1.0,0.7703592045221186,15.432001399267666
28,84,-1.0,1.0,0.1048234670115229,14.0470666826998
28,85,-1.0,-1.0,-0.4062261628511947,16.33230648624475
28,86,-1.0,1.0,1.0444661118665135,15.35642747377696
28,87,-1.0,1.0,0.42728870083106973,12.666644254937047
28,88,-1.0,-1.0,-0.4057489453445765,13.689659348782744
28,89,-1.0,1.0,1.4828361408432555,14.97202940969537
28,90,-1.0,1.0,1.271696236402537,15.462153875024852
28,91,-1.0,-1.0,-0.5077686114632198,13.262198154417455
28,92,-1.0,1.0,0.939026899791491,15.235998386665942
28,93,-1.0,1.0,0.6253252124845023,13.513223596803218
28,94,-1.0,-1.0,-0.1727845662291458,13.084013947164522
28,95,-1.0,-1.0,-0.30348673754742445,14.760576302627005
28,96,-1.0,1.0,1.060508628377181,13.603186562693026
28,97,-1.0,-1.0,-0.2924251672475777,12.25943469245063
28,98,-1.0,1.0,0.5120341933605138,13.759830414833225
28,99,-1.0,1.0,0.007615999276310556,13.265845049827837
28,100,-1.0,1.0,0.3313830446591382,12.728335110908482
28,101,-1.0,-1.0,-0.12820811963659828,13.61478713205529
28,102,-1.0,1.0,0.2519039331308419,18.16909232152393
28,103,-1.0,1.0,0.34445841630586527,17.095662809479343
28,104,-1.0,1.0,0.7811811313683196,14.906254544010158
28,105,-1.0,-1.0,-0.1351444374588156,14.637293656917633
28,106,-1.0,1.0,0.8369005261689224,12.530868512078042
28,107,-1.0,1.0,1.1332018689248873,16.002867906772032
28,108,-1.0,-1.0,-0.2657743115765976,17.555290635928333
28,109,-1.0,1.0,0.2867903667547364,17.0482053554074
28,110,-1.0,1.0,0.14743970380513952,13.540052290283183
28,111,-1.0,-1.0,-0.019420499481166295,14.342208533534635
28,112,-1.0,1.0,0.36813286228158193,14.028456325004912
28,113,-1.0,-1.0,-0.21345188600819376,15.183852751700805
28,114,-1.0,1.0,0.4818554408384539,14.137334288977627
28,115,-1.0,1.0,0.13686095157308298,11.257693765964747
28,116,-1.0,1.0,1.2543424708566804,14.191223581392041
28,117,-1.0,1.0,0.4923798421947226,11.924798893878465
28,118,-1.0,1.0,0.14869208976575193,15.267245098106923
28,119,-1.0,1.0,0.8368800252544525,12.512819213361015
28,120,-1.0,1.0,0.7542875277276649,15.491035822815801
28,121,-1.0,1.0,0.01738202954804144,12.592970318328444
28,122,-1.0,1.0,0.33194646987410525,17.441885204390765
28,123,-1.0,1.0,0.883525065291092,17.99109943076601
28,124,-1.0,1.0,0.727380124938835,17.749731066453997
28,125,-1.0,1.0,0.30331211680779807,13.740285494662121
28,126,-1.0,1.0,1.3760662953257825,17.500731525066975
28,127,-1.0,1.0,0.5004078626620461,11.806208572977893
29,0,1.0,1.0,0.9861065929012397,14.57687319639908
29,1,1.0,1.0,0.30052793394659644,17.80746306480944
29,2,1.0,1.0,0.45243355183557865,15.511372769331889
29,3,1.0,-1.0,-0.6966597165094691,16.26201686990555
29,4,1.0,-1.0,-2.422087298556239,16.59155928892006
29,5,1.0,-1.0,-2.725828773992478,17.927583874905515
29,6,1.0,1.0,0.680211055404979,11.86961799310639
29,7,1.0,1.0,0.5083322232631047,11.938373234819498
29,8,1.0,-1.0,-1.9839162051592152,18.340768194374093
29,9,1.0,-1.0,-0.33631054992516385,16.50447564191251
29,10,1.0,-1.0,-2.003797066134346,17.014875857498033
29,11,1.0,-1.0,-0.964585158662222,15.204223937460927
29,12,1.0,-1.0,-3.0427082336748588,16.59927585930667
29,13,1.0,-1.0,-0.04656291381449283,11.808000981738148
29,14,1.0,-1.0,-1.0611022780491504,14.409170695378808
29,15,1.0,-1.0,-2.5644057055395093,17.911192548796368
29,16,1.0,1.0,0.4302920020808495,14.44777721094722
29,17,1.0,-1.0,-0.44027014237095585,14.625226367112365
29,18,1.0,-1.0,-0.8298614271804875,19.231700908224813
29,19,1.0,1.0,0.44004796073420854,12.434042379457086
29,20,1.0,1.0,0.02551522952165028,18.696646687684954
29,21,1.0,-1.0,-1.0912396196528915,14.221595338799618
29,22,1.0,1.0,0.9068975652496923,16.531122123424698
29,23,1.0,1.0,1.2604612984758705,14.249940952955281
29,24,1.0,1.0,0.24154529153799953,14.327435357807182
29,25,1.0,-1.0,-0.40714298538319066,13.966461840328675
29,26,1.0,1.0,0.08569433295530546,15.6511067332358
29,27,1.0,1.0,0.21345952431068207,13.651907645422474
29,28,1.0,1.0,0.2903160348499503,17.67432023712118
29,29,1.0,1.0,1.3367897621898173,15.853024497141408
29,30,1.0,-1.0,-1.7193659651573399,16.895984594451853
29,31,1.0,-1.0,-0.42753569577241873,11.569535186053301
29,32,1.0,-1.0,-1.0546785567040797,18.18004638173972
29,33,1.0,-1.0,-0.21309030366248816,17.73768091598609
29,34,1.0,1.0,0.07881335444299772,15.297895198085042
29,35,1.0,1.0,0.7414716801980914,18.182393685867765
29,36,1.0,1.0,0.06367967256910759,15.821978300001323
29,37,1.0,1.0,1.255101749199095,16.508143062594396
29,38,1.0,1.0,0.34541669613815484,14.500165579420083
29,39,1.0,-1.0,-0.8192117777512367,12.802173847774233
29,40,1.0,-1.0,-0.07773768530966679,13.141942332253754
29,41,1.0,-1.0,-1.6415249458703187,12.103954666931465
29,42,1.0,-1.0,-0.607339420738893,15.448184668300886
29,43,1.0,-1.0,-1.0302120236340102,16.224249632738932
29,44,1.0,-1.0,-1.0319862172969123,13.728093160317355
29,45,1.0,-1.0,-2.1730256467034885,13.199034789594348
29,46,1.0,1.0,0.6787665204869302,16.595768905445336
29,47,1.0,-1.0,-0.17231103758993016,13.3063971598036
29,48,1.0,1.0,0.7074064742760795,12.94809564123163
29,49,1.0,1.0,1.0037616419455762,13.91001991369741
29,50,1.0,-1.0,-0.3740785059201663,12.598298490880106
29,51,1.0,-1.0,-0.10922736451575277,13.337774099014794
29,52,1.0,-1.0,-1.616102538634223,17.63564702312465
29,53,1.0,1.0,0.8651931405237423,13.469593731845706
29,54,1.0,-1.0,-0.4175008792513034,14.311801423174042
29,55,1.0,-1.0,-1.5633446614275397,16.36900939747938
29,56,1.0,1.0,0.1405842342945111,14.37503100462409
29,57,1.0,-1.0,-0.7364759968033083,13.515731934258314
29,58,1.0,-1.0,-0.8715408090497848,15.733913130372478
29,59,1.0,-1.0,-0.8848307707446276,18.827653952451833
29,60,1.0,1.0,0.8652487005471078,16.135023894283268
29,61,1.0,-1.0,-0.1001236619316318,13.034657799613596
29,62,1.0,-1.0,-1.864546158109144,15.99143912398795
29,63,1.0,-1.0,-0.4999226857611646,12.162117940344844
29,64,-1.0,1.0,0.5772530633010174,13.683475064106323
29,65,-1.0,-1.0,-1.5237894184689855,14.061037529545677
29,66,-1.0,1.0,0.3252688193446859,14.536601821848347
29,67,-1.0,-1.0,-0.4074807896053473,18.452644475100882
29,68,-1.0,1.0,1.1285346751108856,15.385635648025747
29,69,-1.0,1.0,0.6793311289437898,16.868264250656782
29,70,-1.0,-1.0,-1.1008822708900372,16.636277970259275
29,71,-1.0,1.0,0.6838681574443279,16.652467600883597
29,72,-1.0,1.0,1.2253006132650544,15.824402480769404
29,73,-1.0,-1.0,-0.7078033351754998,19.0473626771491
29,74,-1.0,-1.0,-1.2188881288770737,18.502126339165397
29,75,-1.0,-1.0,-1.926971340608041,16.200041715050595
29,76,-1.0,-1.0,-0.23386406444151708,13.226110822188305
29,77,-1.0,-1.0,-0.5737026827335142,17.390080287223505
29,78,-1.0,1.0,0.21086481940561302,11.586466871894922
29,79,-1.0,-1.0,-1.1820612605289986,15.629417682726148
29,80,-1.0,1.0,0.2727469139114015,18.34949376770911
29,81,-1.0,-1.0,-0.4312924870856092,17.101735728422636
29,82,-1.0,1.0,0.14507490404109138,16.598599204983373
29,83,-1.0,1.0,0.7678351580111694,14.335610088525291
29,84,-1.0,-1.0,-0.509016667256897,16.131189443187964
29,85,-1.0,-1.0,-1.1087123060910073,18.980476208643694
29,86,-1.0,-1.0,-0.953309402913749,18.41129461392909
29,87,-1.0,1.0,0.3651380796767954,13.970498979522807
29,88,-1.0,-1.0,-1.912372946732162,17.489264453606847
29,89,-1.0,-1.0,-1.8585213636028812,18.880021617555638
29,90,-1.0,-1.0,-0.2233407757755031,13.840026415593352
29,91,-1.0,1.0,2.0820390911973625,17.51509450972194
29,92,-1.0,-1.0,-1.621395553840864,16.93954339823215
29,93,-1.0,-1.0,-1.1756283813616366,18.25912085212161
29,94,-1.0,1.0,0.04157131127664815,18.820004722139274
29,95,-1.0,-1.0,-2.0669400482423166,18.391754939207722
29,96,-1.0,1.0,0.69236657316404,15.994038993652445
29,97,-1.0,1.0,0.31609748419221395,12.63210204435978
29,98,-1.0,-1.0,-1.415991776190635,13.756367130388478
29,99,-1.0,-1.0,-1.0863122539482832,18.37107071026111
29,100,-1.0,1.0,0.8605640836545132,16.867503110435052
29,101,-1.0,-1.0,-0.4660549110432782,18.339330239104626
29,102,-1.0,1.0,1.4845322898448445,14.051949116007325
29,103,-1.0,1.0,1.3116581209301885,14.402874431329433
29,104,-1.0,-1.0,-1.3579393811004161,15.500657642512179
29,105,-1.0,-1.0,-0.23702852458726323,13.621166418286586
29,106,-1.0,-1.0,-1.253405608946601,14.680913706910296
29,107,-1.0,-1.0,-1.0304498167650014,15.641888979708614
29,108,-1.0,1.0,0.0015586223494497425,17.01074082165127
29,109,-1.0,-1.0,-1.3782830472512217,13.16984267170782
29,110,-1.0,-1.0,-1.7212459200191828,14.712740290728718
29,111,-1.0,-1.0,-0.26381995129555375,14.135301823980214
29,112,-1.0,-1.0,-0.042774621333803796,11.888386641515405
29,113,-1.0,-1.0,-1.464626728415397,14.905893693395873
29,114,-1.0,-1.0,-1.8562325515213631,17.370324602806427
29,115,-1.0,1.0,0.2574320360806409,14.717964461667915
29,116,-1.0,-1.0,-0.4989336573972975,16.05333639120818
29,117,-1.0,-1.0,-1.2483061091022072,18.24434951523057
29,118,-1.0,1.0,0.5422728160623457,14.818459692894386
29,119,-1.0,-1.0,-1.509417009397089,17.97297729759148
29,120,-1.0,1.0,0.17743835395502416,13.706794644981866
29,121,-1.0,-1.0,-0.3855216423714356,15.69489935303919
29,122,-1.0,1.0,0.34536973267241833,14.165758844300113
29,123,-1.0,1.0,0.08735438977576075,11.529922698053344
29,124,-1.0,1.0,1.2599323876525896,16.739815172063906
29,125,-1.0,-1.0,-1.6487620201119526,17.91041264348387
29,126,-1.0,1.0,1.6103854581918124,17.96194014466394
29,127,-1.0,1.0,0.8297883566137916,14.210335222477731
30,0,1.0,1.0,0.8693979561272991,17.186976742156077
30,1,1.0,-1.0,-0.15720416299565337,13.097678834387533
30,2,1.0,1.0,0.9150453716606789,13.235436928166523
30,3,1.0,1.0,0.6681045706625849,18.208815814422184
30,4,1.0,1.0,0.8632029258449869,14.834312125712417
30,5,1.0,-1.0,-0.2841279596613521,12.851148806863248
30,6,1.0,-1.0,-0.7890384804418026,18.70703585621909
30,7,1.0,-1.0,-0.7810196574178417,13.420105724773068
30,8,1.0,1.0,1.084752349559625,14.865539357673866
30,9,1.0,1.0,0.37664215462014206,16.30263416995753
30,10,1.0,1.0,0.5490280285139617,15.689801841895232
30,11,1.0,1.0,0.781852473933969,18.1116023304941
30,12,1.0,-1.0,-0.9382880858075238,17.94190637147504
30,13,1.0,1.0,0.3981367799271578,18.751511839607492
30,14,1.0,-1.0,-0.28098247899679646,17.74235593971692
30,15,1.0,1.0,0.053593701108671316,14.357454949436912
30,16,1.0,-1.0,-0.15140790778823063,14.154555893203629
30,17,1.0,-1.0,-0.35778841849192305,17.44737343114287
30,18,1.0,1.0,0.3368147856364828,14.711583739132397
30,19,1.0,-1.0,-0.5048068939531324,15.249483443557047
30,20,1.0,-1.0,-1.0442481279663722,17.90296989719612
30,21,1.0,1.0,0.09783025297569928,16.652873773850523
30,22,1.0,-1.0,-1.006500994132593,18.520967618321333
30,23,1.0,1.0,0.14949112646554147,16.828968255112226
30,24,1.0,-1.0,-0.1659636736456816,13.883681633888202
30,25,1.0,-1.0,-0.3197707708234794,11.75986606375903
30,26,1.0,1.0,0.33875141356987193,14.935872666554454
30,27,1.0,-1.0,-0.01970398956819272,11.978819568297823
30,28,1.0,-1.0,-0.1306743575082127,11.292968194513223
30,29,1.0,-1.0,-0.5635948231595532,18.46953626288184
30,30,1.0,-1.0,-0.7814653828148023,14.550149380589614
30,31,1.0,1.0,0.594732752356685,12.407822283931363
30,32,1.0,-1.0,-0.8379658948116668,13.666873494635835
30,33,1.0,-1.0,-0.4003116344609188,16.77143834544012
30,34,1.0,-1.0,-0.3434572041067915,15.370700070829205
30,35,1.0,-1.0,-0.5350219612803901,13.352632262864304
30,36,1.0,1.0,0.6143956159278844,17.174474649838828
30,37,1.0,1.0,0.783092265457217,14.306740862829296
30,38,1.0,-1.0,-0.15977539500352334,14.308458627812007
30,39,1.0,-1.0,-1.14251807504972,14.971335544117634
30,40,1.0,1.0,0.5095684798666082,14.218622820792518
30,41,1.0,1.0,0.7718018028024296,15.299890743173531
30,42,1.0,1.0,0.733378696347918,14.058158510836451
30,43,1.0,-1.0,-0.6092034178408241,15.58534488496808
30,44,1.0,-1.0,-1.1154984293297496,15.803052335712437
30,45,1.0,-1.0,-0.2687061846639536,13.989696641881523
30,46,1.0,-1.0,-1.036499719147075,13.949612011070295
30,47,1.0,-1.0,-0.5156388589586325,12.322023887911607
30,48,1.0,1.0,0.2598754959211909,18.927985661261836
30,49,1.0,1.0,0.601253510649518,14.977481794256898
30,50,1.0,-1.0,-0.39072392342528317,16.659660780039133
30,51,1.0,-1.0,-0.7310330575480022,15.428315222236332
30,52,1.0,-1.0,-0.2971264731120917,15.834155408991341
30,53,1.0,-1.0,-0.40279618068246614,14.717736073404728
30,54,1.0,1.0,0.27038772749047696,17.722268260452783
30,55,1.0,-1.0,-0.5289864935418574,13.1857188180852
30,56,1.0,1.0,0.027688069446716673,15.194844710387459
30,57,1.0,-1.0,-0.3398267239942084,11.80904343376473
30,58,1.0,1.0,0.4380575558735612,16.011180636565424
30,59,1.0,-1.0,-0.5058240691360508,14.564469338806436
30,60,1.0,1.0,0.30588825006303927,13.316271253251905
30,61,1.0,1.0,0.08424599323990711,12.60050161173111
30,62,1.0,-1.0,-0.7271338291409534,15.071277440349327
30,63,1.0,-1.0,-0.7527760416853401,14.345998094065497
30,64,-1.0,1.0,0.05907664856113187,16.68264977814375
30,65,-1.0,1.0,0.50718506185774,19.010698604006006
30,66,-1.0,1.0,1.3085826325878838,12.795103191469847
30,67,-1.0,1.0,1.1438932832008357,16.875437900332194
30,68,-1.0,1.0,0.027934528221379595,14.546944875427346
30,69,-1.0,-1.0,-0.07974816043751312,13.528127309185086
30,70,-1.0,-1.0,-0.8709412985235971,17.057865419463695
30,71,-1.0,1.0,0.169494811464439,18.537251245702272
30,72,-1.0,-1.0,-0.3444294819935436,17.10293502179414
30,73,-1.0,1.0,0.8637260188066391,14.204032869463203
30,74,-1.0,1.0,0.8865201744216011,16.73390726041159
30,75,-1.0,1.0,0.20109594146777415,14.965385098112344
30,76,-1.0,1.0,0.022613446706435184,15.094413001510903
30,77,-1.0,-1.0,-0.24944839539111585,14.671456882732333
30,78,-1.0,1.0,0.5028540603489958,15.568568654373813
30,79,-1.0,1.0,0.8966828950438028,10.93633991311257
30,80,-1.0,1.0,0.45180706775428287,16.759355214147668
30,81,-1.0,1.0,1.4990363813808205,16.934257946525907
30,82,-1.0,1.0,0.21575630330556742,14.729498422138407
30,83,-1.0,-1.0,-0.45679478864043793,14.918408550017114
30,84,-1.0,-1.0,-0.22758696220574612,16.783883391774413
30,85,-1.0,-1.0,-0.16339949855860916,17.15153690615625
30,86,-1.0,1.0,0.25710608969005694,17.491226635360228
30,87,-1.0,-1.0,-0.43646358808294355,16.665327213242872
30,88,-1.0,-1.0,-0.6777491255001807,15.08289894027478
30,89,-1.0,-1.0,-0.5967191729122514,12.258807024597253
30,90,-1.0,-1.0,-0.9561038780875482,15.91149126821902
30,91,-1.0,1.0,0.263027532394671,16.92990711167401
30,92,-1.0,1.0,0.7639888879005585,14.046040014586266
30,93,-1.0,-1.0,-0.04045072482481839,15.482549476934734
30,94,-1.0,1.0,0.657775021164922,11.769812184080836
30,95,-1.0,1.0,0.24621748752553613,13.085773084210263
30,96,-1.0,1.0,1.3763528816681434,14.81990216801292
30,97,-1.0,-1.0,-0.7217973976388047,12.992098775675446
30,98,-1.0,1.0,1.3654091291374768,16.06894964884021
30,99,-1.0,-1.0,-0.08050045905916128,15.056594736962737
30,100,-1.0,-1.0,-0.19275264853671797,16.419848885812574
30,101,-1.0,1.0,0.9816425341826125,14.232662895480031
30,102,-1.0,-1.0,-0.7763662185278224,13.926335777152477
30,103,-1.0,1.0,0.4132582862250692,16.449705069693835
30,104,-1.0,1.0,0.2973486125022279,14.252248710481094
30,105,-1.0,-1.0,-0.9571807909430916,13.638539034179288
30,106,-1.0,1.0,0.25679073854401274,11.431529638810387
30,107,-1.0,1.0,0.11152134780592399,17.802777928374752
30,108,-1.0,1.0,1.5111312789883156,12.861305199864216
30,109,-1.0,1.0,0.24774441669072778,13.294384664258729
30,110,-1.0,1.0,0.1326506892598435,15.724783535410634
30,111,-1.0,1.0,0.25208856511505073,13.865464918276125
30,112,-1.0,-1.0,-0.9460918601015688,14.249357651144356
30,113,-1.0,1.0,0.18069136904468533,18.214096716906017
30,114,-1.0,1.0,0.4855265370238216,12.119582639258965
30,115,-1.0,-1.0,-0.7964091429681532,13.66186425521173
30,116,-1.0,1.0,0.6200215424085731,13.91152129290429
30,117,-1.0,1.0,0.6052053813896355,12.241515324418318
30,118,-1.0,1.0,0.048795635625596565,18.762880261640454
30,119,-1.0,1.0,0.30196903779992174,14.375033818231202
30,120,-1.0,-1.0,-0.21917325748388683,13.269805593088737
30,121,-1.0,-1.0,-0.24271099431656462,17.047091961941497
30,122,-1.0,1.0,0.22721698248765088,18.43374720307783
30,123,-1.0,1.0,0.7495506443221832,15.228569877026494
30,124,-1.0,1.0,1.0439456321524636,14.255641453949687
30,125,-1.0,-1.0,-0.12652875050534468,13.562824767900615
30,126,-1.0,1.0,0.10924453862370999,18.92939417936213
30,127,-1.0,1.0,0.32020971529499853,10.17288142990833
31,0,1.0,-1.0,-0.018062292571953936,13.531061754678412
31,1,1.0,1.0,1.2054357273597474,13.765866825807791
31,2,1.0,1.0,1.1053285395263857,13.047874162984613
31,3,1.0,1.0,0.22768180426351778,17.155017293665594
31,4,1.0,1.0,0.4230346929504036,15.976620714442538
31,5,1.0,-1.0,-0.4786088663795815,15.342073397493088
31,6,1.0,-1.0,-0.031200769964934247,14.971113988209108
31,7,1.0,-1.0,-1.4461592927792104,16.86922790914862
31,8,1.0,1.0,0.05395370525475343,18.79082735624913
31,9,1.0,1.0,1.0187777922829462,14.674578450229241
31,10,1.0,-1.0,-0.45437791109441056,20.251503921156132
31,11,1.0,1.0,0.22318193200688025,16.17438571091265
31,12,1.0,1.0,0.34649775888176426,14.12002652640035
31,13,1.0,-1.0,-1.0897904362150748,13.769833825474658
31,14,1.0,-1.0,-0.811511055702195,16.17920504615913
31,15,1.0,1.0,0.6301800781356434,14.632643026117632
31,16,1.0,-1.0,-0.41731831980629286,15.754350172627248
31,17,1.0,-1.0,-0.3982844331702544,14.56000499129496
31,18,1.0,1.0,0.09411693268288887,17.308926593077903
31,19,1.0,-1.0,-0.2847020669844337,16.232599645716064
31,20,1.0,-1.0,-1.0666201512012021,15.390891189999225
31,21,1.0,-1.0,-1.1246992716493847,17.266233932469095
31,22,1.0,1.0,0.20783812413527772,15.435695361831812
31,23,1.0,-1.0,-1.523800614288532,18.094625807976733
31,24,1.0,1.0,0.1485456251525199,16.340216380093924
31,25,1.0,-1.0,-0.28413302754906744,12.954672422540227
31,26,1.0,-1.0,-0.5978306071977686,16.972833861280122
31,27,1.0,-1.0,-0.9630341351775744,19.03080399461298
31,28,1.0,-1.0,-0.17672952853924412,15.773621164028995
31,29,1.0,-1.0,-0.4502540943836207,19.86863710487437
31,30,1.0,-1.0,-0.7115449140808285,14.392324918155477
31,31,1.0,-1.0,-0.3690922512981326,14.110729806097202
31,32,1.0,-1.0,-0.8352104017070034,16.063031592613875
31,33,1.0,1.0,0.16865660446112118,15.079314557585432
31,34,1.0,-1.0,-0.7081828821878438,12.871217737844308
31,35,1.0,-1.0,-0.5682898350688346,12.670309888513419
31,36,1.0,-1.0,-0.004287761628572084,14.315307909507315
31,37,1.0,-1.0,-0.5691679175651355,15.835159828761043
31,38,1.0,-1.0,-0.9459346003313529,13.606693724675637
31,39,1.0,-1.0,-0.6148036218018229,19.04544891613937
31,40,1.0,-1.0,-0.40606135927022124,16.56619610588767
31,41,1.0,-1.0,-1.2153737431849485,16.056251123133915
31,42,1.0,1.0,1.0353855761039883,12.271920808405147
31,43,1.0,-1.0,-0.20228776719250685,15.080495227352406
31,44,1.0,1.0,0.11924106338515582,16.984248610400186
31,45,1.0,-1.0,-0.579649109669067,13.809375119629598
31,46,1.0,-1.0,-1.4258294382491035,13.385858600501049
31,47,1.0,1.0,0.041996111270875575,13.897614384652444
31,48,1.0,1.0,0.14351701820110258,15.464132185606209
31,49,1.0,-1.0,-1.2090883204107292,14.75685885266251
31,50,1.0,-1.0,-0.11282027877050703,13.3945412079717
31,51,1.0,-1.0,-0.21710820160902924,14.012200728343357
31,52,1.0,-1.0,-0.5841268769720003,15.450962979952024
31,53,1.0,-1.0,-0.6060534890510142,14.98944271321229
31,54,1.0,-1.0,-0.5786332966136456,17.797773595331844
31,55,1.0,-1.0,-0.3990047413742781,12.894011840049755
31,56,1.0,-1.0,-0.6306680371205127,15.591037819166162
31,57,1.0,-1.0,-0.009449690251066303,18.7366867002992
31,58,1.0,-1.0,-0.6480556216285702,15.563758142522307
31,59,1.0,-1.0,-0.6511075043906,20.088508775113787
31,60,1.0,1.0,0.05337067618675581,14.41047070610882
31,61,1.0,-1.0,-0.2507813932746785,13.445848142683635
31,62,1.0,-1.0,-0.41170833773074167,14.117184665093635
31,63,1.0,-1.0,-0.7257135007994567,17.222695709428386
31,64,-1.0,1.0,0.768622034394237,14.372460567999353
31,65,-1.0,1.0,0.26242147612116307,16.537418112953826
31,66,-1.0,1.0,0.5368949503537432,13.0818703762731
31,67,-1.0,-1.0,-0.006523308968447564,11.912903112671207
31,68,-1.0,1.0,0.05807293066072591,14.64562028459409
31,69,-1.0,-1.0,-0.4015712318579277,15.933367477171213
31,70,-1.0,1.0,0.6860841421500126,18.95043567075578
31,71,-1.0,-1.0,-0.16897528873043555,13.975996517747165
31,72,-1.0,1.0,0.2983780079490317,16.41190496125127
31,73,-1.0,-1.0,-0.22982811597346064,15.270555192289711
31,74,-1.0,1.0,1.2453734150302105,17.77647528817488
31,75,-1.0,1.0,1.6338905702702733,15.639852667142769
31,76,-1.0,1.0,0.09807085291024081,13.454264636340257
31,77,-1.0,1.0,0.4595888059293716,17.797715176241034
31,78,-1.0,-1.0,-0.10666975161510042,17.537463795692705
31,79,-1.0,-1.0,-0.0082058926912921,17.16285218103181
31,80,-1.0,1.0,0.18811847613311292,15.62447496418356
31,81,-1.0,1.0,0.27184431640984297,17.776240084637433
31,82,-1.0,1.0,0.002497272007409443,12.893360147045032
31,83,-1.0,1.0,1.3957117838465296,15.137422433366662
31,84,-1.0,-1.0,-0.3310992693895689,12.720372340019454
31,85,-1.0,1.0,0.2878258724070543,16.198319387124837
31,86,-1.0,1.0,0.09089833098862167,13.542892660564268
31,87,-1.0,1.0,0.01002432848208712,17.057856599460273
31,88,-1.0,-1.0,-0.09297580240779692,16.054137193799672
31,89,-1.0,-1.0,-0.6189058009824859,18.894416022728944
31,90,-1.0,-1.0,-0.2311911129728599,13.918961951217975
31,91,-1.0,1.0,0.051591228734447575,14.409506679871654
31,92,-1.0,1.0,0.1666404396321594,13.82200043784112
31,93,-1.0,-1.0,-0.11764214108796667,12.998486211147586
31,94,-1.0,1.0,0.16748710027606928,18.42381682522201
31,95,-1.0,-1.0,-0.25816729245296255,18.049036770756484
31,96,-1.0,1.0,0.9305718467260058,15.74824523478142
31,97,-1.0,1.0,0.2022943169403461,18.300517649224222
31,98,-1.0,-1.0,-0.09920468921674887,14.794180327556145
31,99,-1.0,1.0,0.6443245714303214,16.634309920073235
31,100,-1.0,1.0,0.7689602342312329,19.07321058019116
31,101,-1.0,-1.0,-0.04998943929311937,15.937158108216723
31,102,-1.0,-1.0,-0.13260004652498564,15.525395792068466
31,103,-1.0,1.0,1.2230494977936657,15.46714819623557
31,104,-1.0,1.0,0.08268493768695549,13.405923941657862
31,105,-1.0,1.0,0.25547151520195566,17.418754251327098
31,106,-1.0,1.0,0.267492010401541,15.912832559129948
31,107,-1.0,-1.0,-0.4951375517904152,19.06422418030133
31,108,-1.0,-1.0,-0.2671247699192423,13.945819237311733
31,109,-1.0,1.0,0.12974595083012264,13.130553249735852
31,110,-1.0,1.0,0.559449403484311,15.458257442157969
31,111,-1.0,-1.0,-0.2797580237753201,18.38468898949155
31,112,-1.0,-1.0,-0.12643119817338366,13.19484962411049
31,113,-1.0,1.0,0.04840919229275427,13.884350925124453
31,114,-1.0,1.0,0.2869514625236343,13.95933201118847
31,115,-1.0,-1.0,-0.38976397713422606,16.929894071987388
31,116,-1.0,-1.0,-0.5219480302352795,17.708077287807058
31,117,-1.0,-1.0,-0.23684438940124622,17.5165007359058
31,118,-1.0,1.0,1.197972330960278,20.202144116861152
31,119,-1.0,1.0,1.0176878509735594,13.017172538726292
31,120,-1.0,-1.0,-0.4524068727468328,15.443747905184509
31,121,-1.0,-1.0,-0.2590952579283395,12.890473049027623
31,122,-1.0,1.0,0.6519808740729233,14.011796390685996
31,123,-1.0,1.0,0.22007981418398104,14.44490620668432
31,124,-1.0,-1.0,-0.3639632167032585,18.898258376104216
31,125,-1.0,1.0,0.7480756678825576,16.33858498516701
31,126,-1.0,1.0,0.8399776999766052,14.231320301339496
31,127,-1.0,1.0,0.09844470388525874,13.31127550372534
32,0,1.0,-1.0,-0.14996221156142545,16.60227302581159
32,1,1.0,-1.0,-0.4099266292131274,13.146833475761378
32,2,1.0,-1.0,-0.05143915680798537,12.98426492999604
32,3,1.0,1.0,0.9357860483491585,16.314239128986028
32,4,1.0,1.0,0.5661318080471387,19.10009726880622
32,5,1.0,-1.0,-0.27815453876149887,15.960527442396195
32,6,1.0,1.0,0.2645125927730789,15.493013603926046
32,7,1.0,-1.0,-0.012256752183676278,13.018342200830292
32,8,1.0,1.0,0.17877914537373973,12.736487005161026
32,9,1.0,-1.0,-0.4978221855789764,15.115334174586023
32,10,1.0,-1.0,-0.41303094889254877,13.229573759498642
32,11,1.0,-1.0,-0.01862957931321882,14.102962393160078
32,12,1.0,1.0,0.261516334081954,16.401609408460384
32,13,1.0,1.0,0.024778862944117297,18.6641505261577
32,14,1.0,-1.0,-0.8247484327031671,15.03461664556658
32,15,1.0,1.0,0.29453082865929586,18.579513173717537
32,16,1.0,1.0,0.5010083284129686,13.37499691323584
32,17,1.0,-1.0,-0.14493193665211476,14.880347812394747
32,18,1.0,1.0,0.6027178430442812,18.9027958851568
32,19,1.0,-1.0,-0.10394206929419188,14.24895508500138
32,20,1.0,-1.0,-0.5367123676557152,16.170829560827396
32,21,1.0,1.0,0.20514935823485753,12.368731493800093
32,22,1.0,1.0,0.01532386235559556,17.627391766244315
32,23,1.0,-1.0,-0.0534881186523333,16.947005120857728
32,24,1.0,1.0,0.032475204942692404,19.581872322474414
32,25,1.0,-1.0,-0.07577182598716514,17.713490028576626
32,26,1.0,-1.0,-0.02562962365835872,17.359785453544692
32,27,1.0,-1.0,-0.13486174925404457,15.732592315150715
32,28,1.0,-1.0,-0.20577034872154987,18.860544770488133
32,29,1.0,-1.0,-0.7618568966759852,16.49427784358917
32,30,1.0,-1.0,-0.16105011129137978,14.5579065041767
32,31,1.0,1.0,0.8712069252628718,18.801864440391476
32,32,1.0,-1.0,-0.1752932515358651,14.989592678691134
32,33,1.0,-1.0,-0.4852865876678218,15.715369144830131
32,34,1.0,-1.0,-0.10004707424256172,15.025264380629975
32,35,1.0,-1.0,-0.7315418626447944,16.319105374115622
32,36,1.0,1.0,1.1028133774291644,18.003568038889973
32,37,1.0,-1.0,-0.15999719809664945,15.66133472216665
32,38,1.0,1.0,0.07872942117052971,15.098450070189212
32,39,1.0,-1.0,-0.9049675514581978,15.039070116984487
32,40,1.0,1.0,0.2083317001829404,12.983393988176651
32,41,1.0,1.0,0.24452655358380582,19.092269047584818
32,42,1.0,1.0,0.41784236691724547,14.775895182960308
32,43,1.0,-1.0,-1.159050311553403,13.409873577999484
32,44,1.0,1.0,0.7357465374033811,19.703384238513834
32,45,1.0,1.0,0.06998421115346626,12.828177535106652
32,46,1.0,-1.0,-1.006949079133826,17.019981642022927
32,47,1.0,1.0,0.1019609400520744,12.144288381896377
32,48,1.0,-1.0,-0.798096813363742,14.323676429179462
32,49,1.0,1.0,0.00011036779428924559,12.869963690151442
32,50,1.0,1.0,0.11765684888929795,17.49500997788688
32,51,1.0,1.0,0.07068083963592406,15.008554964259588
32,52,1.0,-1.0,-0.3958413385174034,15.352956796522474
32,53,1.0,-1.0,-0.4116847941727051,17.64563307157239
32,54,1.0,1.0,0.05670971288265016,14.652310868786257
32,55,1.0,-1.0,-0.0627152701300569,16.71906845599235
32,56,1.0,-1.0,-1.033166512050819,16.377780449404543
32,57,1.0,-1.0,-0.4448587785020872,17.626222758707158
32,58,1.0,1.0,0.1271024387177077,14.817217222247642
32,59,1.0,1.0,0.5318445251786824,13.663439817017194
32,60,1.0,-1.0,-0.9007298225940786,13.164947960562449
32,61,1.0,1.0,0.0559767394800368,14.094862893095328
32,62,1.0,1.0,0.395443101329916,14.970784051367945
32,63,1.0,-1.0,-0.9531478362398526,15.90427264032399
32,64,-1.0,1.0,1.5067405610855575,16.908243219486213
32,65,-1.0,1.0,0.5994123077814122,15.978615071159368
32,66,-1.0,-1.0,-0.4198946684871122,15.184593616031837
32,67,-1.0,-1.0,-0.5264705060725393,15.430417295636563
32,68,-1.0,1.0,0.04607542650879408,15.47834252078306
32,69,-1.0,1.0,0.35383020830201733,15.604811952025226
32,70,-1.0,-1.0,-0.4191070294785588,15.919947255200707
32,71,-1.0,1.0,0.25429931229950686,14.48343646427294
32,72,-1.0,1.0,1.0344739097969762,19.30970645852761
32,73,-1.0,1.0,0.39652065684975357,10.886435791386845
32,74,-1.0,-1.0,-0.6606265451136727,15.516687665370894
32,75,-1.0,1.0,1.0064214523377788,16.809802768521312
32,76,-1.0,1.0,1.0551516152164468,12.697015688944623
32,77,-1.0,-1.0,-0.5170366821819136,15.40043353721794
32,78,-1.0,1.0,0.9218931022267407,18.630179074668103
32,79,-1.0,-1.0,-0.4635130341406867,13.652321407079752
32,80,-1.0,1.0,1.5838293198844053,16.17659694128828
32,81,-1.0,1.0,1.1345970347065264,14.25751203248545
32,82,-1.0,1.0,1.4090553213981187,15.687281570421154
32,83,-1.0,-1.0,-0.43732932083809484,15.864726107179555
32,84,-1.0,-1.0,-0.49750189357582364,14.905550349398775
32,85,-1.0,1.0,0.7946454046502597,15.668610520791507
32,86,-1.0,1.0,0.6453614234583337,15.98768207557014
32,87,-1.0,1.0,0.5721250860125039,17.017023335533054
32,88,-1.0,-1.0,-0.8660920662777312,16.171039569993514
32,89,-1.0,-1.0,-0.18110617216450398,17.288565328834558
32,90,-1.0,1.0,0.7375209884416877,13.99506723292914
32,91,-1.0,1.0,0.4520262351638315,15.981291689366156
32,92,-1.0,1.0,0.031315867523955085,13.251930133984407
32,93,-1.0,1.0,0.3221153047110927,13.938542293232006
32,94,-1.0,1.0,0.448583241504393,17.064389048600447
32,95,-1.0,1.0,0.6117423506402,16.563886331609062
32,96,-1.0,-1.0,-0.31919568160071055,15.8315274541124
32,97,-1.0,-1.0,-0.6066664478217672,14.214982074676094
32,98,-1.0,-1.0,-0.48501590945442363,13.341024992080646
32,99,-1.0,1.0,0.2907622361322924,10.368005831555676
32,100,-1.0,1.0,0.10955448342093581,12.759804855236938
32,101,-1.0,-1.0,-0.4243014040530556,13.759751867940272
32,102,-1.0,-1.0,-0.671645331005075,15.897569199660571
32,103,-1.0,1.0,0.590782153247411,16.356073156479574
32,104,-1.0,-1.0,-0.1316687222477521,16.038684700147847
32,105,-1.0,1.0,0.45510155223194315,17.07636145190468
32,106,-1.0,-1.0,-0.39889148128197405,14.797168235566538
32,107,-1.0,1.0,0.8475515001945634,16.065660912326294
32,108,-1.0,1.0,0.2508376233090045,18.910680092395115
32,109,-1.0,1.0,0.4610957321339853,15.484631038366299
32,110,-1.0,1.0,0.5019633711807177,11.421497696090086
32,111,-1.0,1.0,0.7694812789021819,15.562829413810654
32,112,-1.0,1.0,0.3631969695785709,18.134526672116017
32,113,-1.0,1.0,0.6376902205929397,16.822102741512335
32,114,-1.0,1.0,1.3772215583484577,17.55403655873836
32,115,-1.0,1.0,0.21273141163381645,19.08817802764049
32,116,-1.0,1.0,0.5329549976801946,17.807337033345693
32,117,-1.0,1.0,0.5069779123362389,15.58245455910113
32,118,-1.0,-1.0,-0.3119219435118572,13.670161616400971
32,119,-1.0,-1.0,-0.20295788661194697,15.136140474635013
32,120,-1.0,1.0,0.39129369176455425,12.711402199409378
32,121,-1.0,1.0,0.5246552303711616,10.851821037792869
32,122,-1.0,-1.0,-0.3052599543380414,16.441507372241055
32,123,-1.0,1.0,0.6730932091893278,17.5820546441046
32,124,-1.0,-1.0,-0.682709012273127,14.449237091330694
32,125,-1.0,-1.0,-0.24826843144031563,17.68310787989197
32,126,-1.0,1.0,0.8723149850118678,18.639905000141532
32,127,-1.0,-1.0,-0.1903250675237578,14.046527102498759
33,0,1.0,-1.0,-0.10481608091693569,18.424665572740917
33,1,1.0,-1.0,-1.36628276904138,14.396319131806523
33,2,1.0,-1.0,-1.047628979148291,12.125656228117498
33,3,1.0,-1.0,-1.5443222895478939,15.60607411081471
33,4,1.0,1.0,0.6925529095176293,13.98424430259628
33,5,1.0,-1.0,-0.3467716152150136,14.05622535060211
33,6,1.0,1.0,0.3701122367927093,18.182427610063566
33,7,1.0,-1.0,-0.31104900320921924,15.410536410067209
33,8,1.0,-1.0,-0.7237112199075649,13.095322518400703
33,9,1.0,-1.0,-0.6125475452653883,14.650730352961187
33,10,1.0,1.0,1.3330386664814893,15.375724016945435
33,11,1.0,1.0,2.4316122202905217,16.678057137745295
33,12,1.0,1.0,1.0320043873011884,17.117579898072705
33,13,1.0,1.0,1.2190033506094544,14.75737757994581
33,14,1.0,1.0,0.02955786140440425,16.193546835977234
33,15,1.0,1.0,0.6873244904117493,15.875529211397259
33,16,1.0,-1.0,-1.3906012003303536,15.597739705747687
33,17,1.0,1.0,0.025865589743721565,15.11519893230052
33,18,1.0,1.0,0.928741219725443,14.662014231119285
33,19,1.0,1.0,1.4778669239700486,18.351761305060336
33,20,1.0,1.0,0.9974414500331459,14.624126339261293
33,21,1.0,-1.0,-0.8885519685379257,14.006845403830672
33,22,1.0,-1.0,-1.2882663972185835,15.524101032325083
33,23,1.0,-1.0,-0.4089372374554794,13.954767021442237
33,24,1.0,-1.0,-0.2655704548976895,17.400333387093664
33,25,1.0,-1.0,-0.25265334902952835,14.803522269591086
33,26,1.0,1.0,1.977203189548581,18.212866710934545
33,27,1.0,-1.0,-1.5632180260091264,15.902099942684728
33,28,1.0,1.0,0.5258487465144339,12.894957109933523
33,29,1.0,-1.0,-1.018219839688998,16.033443465268824
33,30,1.0,1.0,0.252925777402383,17.398483439087585
33,31,1.0,-1.0,-0.7054583884657543,17.97035951294781
33,32,1.0,1.0,0.307185716651815,15.384403470598826
33,33,1.0,-1.0,-1.5317748412305057,16.918737189055395
33,34,1.0,1.0,1.1282121652443677,16.116827024130398
33,35,1.0,-1.0,-1.9169470629412668,15.47379258250969
33,36,1.0,-1.0,-0.07900073414272213,18.906033509348486
33,37,1.0,-1.0,-1.620213167274413,13.093987587871663
33,38,1.0,-1.0,-1.1498297035876024,15.996557663960157
33,39,1.0,1.0,0.47716746469975424,15.521988274474795
33,40,1.0,-1.0,-0.4745290227835243,17.045362399331104
33,41,1.0,-1.0,-0.7475047833341291,14.839805724811317
33,42,1.0,-1.0,-0.30355140053868984,15.252685037440378
33,43,1.0,1.0,1.7690126954822114,18.248528247173383
33,44,1.0,1.0,0.76425760854671,15.109380569064978
33,45,1.0,1.0,0.5472084338681499,11.145591138257924
33,46,1.0,-1.0,-0.4455353315248701,15.972114834146575
33,47,1.0,-1.0,-0.2746597922784504,16.6499412736547
33,48,1.0,1.0,0.5516881277205264,16.333637420932767
33,49,1.0,-1.0,-0.9799523629839114,15.412327343511398
33,50,1.0,1.0,0.3413864929441099,17.393245444889956
33,51,1.0,1.0,1.9634466200092426,16.349306477117455
33,52,1.0,1.0,1.0207046041325056,18.542269902443643
33,53,1.0,-1.0,-0.07438572669818255,16.692283994574755
33,54,1.0,1.0,0.5658916559131103,13.511401942121402
33,55,1.0,1.0,1.471241750225058,15.730123071816756
33,56,1.0,1.0,0.8330775244491545,18.795957426959884
33,57,1.0,1.0,2.300529322332876,15.599391927316045
33,58,1.0,1.0,0.12982643953605244,13.288251059645928
33,59,1.0,1.0,0.14361656532229444,19.16264994729132
33,60,1.0,1.0,1.875190914396775,16.926817450890926
33,61,1.0,1.0,0.12955891626653473,15.994056363583535
33,62,1.0,-1.0,-0.4758071398681353,15.618906477783186
33,63,1.0,1.0,1.9556753880470594,14.702967049114797
33,64,-1.0,-1.0,-0.30009861369805974,13.637022058697099
33,65,-1.0,-1.0,-0.5839997861834847,15.701588226173433
33,66,-1.0,-1.0,-0.1094489178529881,17.409485548944993
33,67,-1.0,1.0,0.3790627866316936,12.981517120423886
33,68,-1.0,-1.0,-0.2941085538909701,15.546551227797192
33,69,-1.0,1.0,2.0194291494357706,13.759442225430792
33,70,-1.0,1.0,0.7257672144550038,14.161997211172823
33,71,-1.0,1.0,0.8400844471672388,10.734823064039617
33,72,-1.0,-1.0,-0.5721990928755957,13.906427804458863
33,73,-1.0,1.0,0.5250891463784284,14.186362635072433
33,74,-1.0,-1.0,-0.3787849778384243,15.758421567147558
33,75,-1.0,1.0,1.0928801442102345,11.179279876753611
33,76,-1.0,-1.0,-0.5517302904895508,18.216440466061954
33,77,-1.0,1.0,0.0810061182498224,15.53508825648695
33,78,-1.0,-1.0,-0.5218389200594563,13.137340676801278
33,79,-1.0,1.0,0.8494958736926683,16.491569520746605
33,80,-1.0,1.0,1.10176438132732,14.384147964964347
33,81,-1.0,1.0,1.2748255912752162,15.000065840589517
33,82,-1.0,1.0,0.5813632527758059,16.756469559465746
33,83,-1.0,-1.0,-0.7028268407682152,18.77900519912538
33,84,-1.0,1.0,0.6179773362658835,18.561683552887818
33,85,-1.0,1.0,0.9175095511736625,14.307075125059033
33,86,-1.0,-1.0,-0.7898150657978373,16.872353693383772
33,87,-1.0,1.0,0.05246332151338934,14.108341975498323
33,88,-1.0,1.0,0.9241190865215378,15.797967615994004
33,89,-1.0,1.0,1.0915075878272875,15.415343415600258
33,90,-1.0,1.0,1.304218798039418,13.747739179567173
33,91,-1.0,-1.0,-0.24777517186448866,13.229724656575947
33,92,-1.0,1.0,2.1165386913885307,16.431614166166963
33,93,-1.0,1.0,0.5118161696746435,16.675437263189526
33,94,-1.0,-1.0,-0.4401510200188727,15.956702928903422
33,95,-1.0,-1.0,-0.38646781954367754,12.827231506972446
33,96,-1.0,-1.0,-0.8875376741991677,17.48524408500509
33,97,-1.0,-1.0,-0.7533867698625649,18.100928717617485
33,98,-1.0,1.0,1.9331653219313985,16.515079605915677
33,99,-1.0,1.0,1.7256765858156127,17.36060725957256
33,100,-1.0,1.0,0.18899376962505227,14.598324382065176
33,101,-1.0,1.0,1.5094973753967202,17.46625063298256
33,102,-1.0,-1.0,-0.5393964702454546,11.39012842092447
33,103,-1.0,-1.0,-0.6395890671125694,13.082018240322043
33,104,-1.0,1.0,0.6999730238238591,14.768952174071298
33,105,-1.0,1.0,0.458878014893834,14.812506879787303
33,106,-1.0,-1.0,-0.38164197654807747,16.623963489722602
33,107,-1.0,1.0,2.4438285752888094,16.75723214973501
33,108,-1.0,-1.0,-0.4553334213299816,15.540291340601183
33,109,-1.0,-1.0,-0.579944490083943,13.60277718362338
33,110,-1.0,1.0,0.552132393794506,12.6035595435561
33,111,-1.0,1.0,0.8884653483145106,18.005655857187566
33,112,-1.0,1.0,0.5107023297053719,19.167758820784947
33,113,-1.0,1.0,0.43245295208402684,15.346390574704863
33,114,-1.0,-1.0,-0.4968721184851891,15.441650269474268
33,115,-1.0,1.0,1.4905626248851835,17.4202611584036
33,116,-1.0,1.0,0.5136933101253871,14.430087301291293
33,117,-1.0,1.0,0.2511940129869412,13.800307152360974
33,118,-1.0,-1.0,-0.7368375775782356,14.709708468777709
33,119,-1.0,1.0,0.4022461525248678,12.14920715964946
33,120,-1.0,1.0,0.6234701516099999,17.05092667043302
33,121,-1.0,1.0,0.9217156085621412,17.393556923277572
33,122,-1.0,-1.0,-0.23520477442248067,15.378029758793057
33,123,-1.0,1.0,0.04596279905421925,14.821405585444408
33,124,-1.0,-1.0,-0.44143203616079446,15.667987778721427
33,125,-1.0,1.0,0.6110328319522429,11.5001622278039
33,126,-1.0,-1.0,-1.0023584286144365,16.688775678371254
33,127,-1.0,1.0,1.4177626151732587,19.294744719082132
34,0,1.0,-1.0,-1.3463808888505215,12.607700180140547
34,1,1.0,-1.0,-0.1393617953530526,13.352268496603354
34,2,1.0,-1.0,-0.23281914959714634,16.530089030382122
34,3,1.0,-1.0,-0.3505221439536407,15.33746819883929
34,4,1.0,-1.0,-1.672450886605093,15.578191460707009
34,5,1.0,-1.0,-1.7230146780980078,16.250653114610795
34,6,1.0,-1.0,-0.4890036761049449,15.87706451218919
34,7,1.0,-1.0,-1.9027817358378845,18.95323642361681
34,8,1.0,-1.0,-0.801674965518087,12.639795588056721
34,9,1.0,-1.0,-0.8486833832218518,15.253714742924577
34,10,1.0,-1.0,-0.2726207245716093,14.954502298714038
34,11,1.0,-1.0,-0.8414485962862284,13.57657968843162
34,12,1.0,-1.0,-0.2253344558284059,13.077966681677447
34,13,1.0,1.0,0.2471622364569448,15.636349361778112
34,14,1.0,1.0,0.4007032867681931,13.064507519254867
34,15,1.0,-1.0,-0.4876434472423592,15.554938182597922
34,16,1.0,1.0,0.3490678393206169,13.86846530913789
34,17,1.0,-1.0,-1.0617365298163408,13.434987688530407
34,18,1.0,-1.0,-0.16093894767459233,14.68439874359575
34,19,1.0,-1.0,-0.42237170742886315,14.113215083023025
34,20,1.0,-1.0,-0.7254885162543204,15.941744531895182
34,21,1.0,-1.0,-0.6063990775985004,11.518967276920012
34,22,1.0,1.0,0.5522826203534283,11.018150634975708
34,23,1.0,-1.0,-0.22137707228786818,12.828281978691038
34,24,1.0,-1.0,-1.3269823306153379,18.88956266041144
34,25,1.0,1.0,0.6184648396657177,12.66714584248639
34,26,1.0,1.0,0.07275047235918118,11.766206385357805
34,27,1.0,-1.0,-1.3291995048599359,18.505099608568127
34,28,1.0,-1.0,-1.0506619907406878,14.379465048549577
34,29,1.0,-1.0,-1.6673683822947527,18.56857480424425
34,30,1.0,-1.0,-0.9767993382452664,13.61750777704318
34,31,1.0,-1.0,-1.2795412958616623,15.139569965882332
34,32,1.0,-1.0,-0.8567378858656858,14.9759008856856
34,33,1.0,-1.0,-1.784616308339964,16.013431739174706
34,34,1.0,-1.0,-0.6168886315803493,11.912018700830403
34,35,1.0,-1.0,-1.877893556829051,16.085783657021608
34,36,1.0,-1.0,-2.5433543854569027,18.526916904313445
34,37,1.0,-1.0,-0.719591135389252,10.701545579338285
34,38,1.0,1.0,0.39451372091578896,13.981090232505158
34,39,1.0,1.0,0.21601293075054862,12.247467400501892
34,40,1.0,-1.0,-0.3993087799098112,12.370781333584095
34,41,1.0,-1.0,-0.8941230295955314,13.305412943392326
34,42,1.0,1.0,0.27572527827712145,13.706891017946244
34,43,1.0,-1.0,-0.41790195279109155,12.181464631439153
34,44,1.0,-1.0,-0.24362608929449986,13.955492351966514
34,45,1.0,-1.0,-1.6694930371080214,16.635315311737077
34,46,1.0,-1.0,-0.37992134794433086,16.097125171245146
34,47,1.0,1.0,0.8985979489080227,13.489733040878285
34,48,1.0,1.0,0.11286506370416913,12.444502202164573
34,49,1.0,1.0,0.08030337717778126,13.961358624582749
34,50,1.0,-1.0,-0.41027727191615454,14.349058530423413
34,51,1.0,-1.0,-0.26261511819063615,15.55652915133497
34,52,1.0,1.0,0.7986422103635722,14.656343411629287
34,53,1.0,-1.0,-0.8255733255963269,18.17012149359481
34,54,1.0,-1.0,-1.9930247755371298,18.025014978952825
34,55,1.0,1.0,0.16200052714056135,12.451657771791925
34,56,1.0,-1.0,-0.8962435269220019,13.641197776222466
34,57,1.0,1.0,0.022232519309943105,15.647746845065054
34,58,1.0,1.0,0.48650979675658024,14.802865243846549
34,59,1.0,-1.0,-0.9613124179570612,14.371204264248439
34,60,1.0,-1.0,-0.6858306185610412,15.052333224779352
34,61,1.0,1.0,0.2002540517589716,14.01962098736417
34,62,1.0,-1.0,-0.38587579197770727,14.024666845587255
34,63,1.0,-1.0,-0.7469864348290309,10.915910854364085
34,64,-1.0,-1.0,-1.279858833899901,18.40989581455941
34,65,-1.0,-1.0,-1.2054632066136484,14.576018276148229
34,66,-1.0,-1.0,-1.1535326425140027,17.503094199866677
34,67,-1.0,-1.0,-0.36506060440788846,15.2435170442867
34,68,-1.0,-1.0,-1.0864247098772932,16.890998057883333
34,69,-1.0,1.0,0.1805458032820722,11.750840701887908
34,70,-1.0,-1.0,-1.209613870454274,16.260009876122858
34,71,-1.0,-1.0,-1.462232658803526,19.738834192351188
34,72,-1.0,-1.0,-0.9238274678835026,17.426668990332033
34,73,-1.0,1.0,1.332682134784984,15.651707672193403
34,74,-1.0,-1.0,-0.28777348439016315,15.075843946855663
34,75,-1.0,1.0,0.3681133719304436,14.419498237948922
34,76,-1.0,-1.0,-0.6245337233529282,14.812267519544777
34,77,-1.0,-1.0,-1.8984533512604045,18.62643821410275
34,78,-1.0,-1.0,-1.7464288181731977,16.854270900314887
34,79,-1.0,-1.0,-1.0281791231936928,16.587209955724962
34,80,-1.0,1.0,0.7355772747986888,13.695624024946422
34,81,-1.0,1.0,0.07309122394254158,13.00213411352017
34,82,-1.0,1.0,0.10497973797908165,11.15411043601307
34,83,-1.0,-1.0,-0.3925653243376206,15.899894424390954
34,84,-1.0,-1.0,-0.8639435375467129,12.62713134139694
34,85,-1.0,-1.0,-0.8820093235182757,16.736654460896105
34,86,-1.0,-1.0,-0.3822365000277675,13.086118472064491
34,87,-1.0,1.0,0.18618852701101057,17.59855764981568
34,88,-1.0,-1.0,-1.2321200672841022,14.956316982281116
34,89,-1.0,1.0,1.0806438488420482,16.917197660976893
34,90,-1.0,-1.0,-0.5824042422598888,13.371556949468514
34,91,-1.0,1.0,0.5328043713452322,14.983806172117452
34,92,-1.0,-1.0,-1.1656627462815046,18.215598233928805
34,93,-1.0,-1.0,-1.0596289729896788,17.713314420766164
34,94,-1.0,-1.0,-0.3473762019145904,19.471960286992534
34,95,-1.0,-1.0,-1.3696494347666066,15.644316310545102
34,96,-1.0,1.0,0.3187553259853259,12.893896935473782
34,97,-1.0,-1.0,-0.28021611117534595,16.288816166738105
34,98,-1.0,-1.0,-0.6484805298409623,15.158234639006759
34,99,-1.0,-1.0,-2.099508607955885,19.52517653457965
34,100,-1.0,-1.0,-0.16423609090608463,14.809018542747582
34,101,-1.0,-1.0,-0.647152640803162,16.146750075345526
34,102,-1.0,1.0,0.1199045923884979,13.251525671416612
34,103,-1.0,-1.0,-1.1102888252018481,17.357108541496242
34,104,-1.0,-1.0,-0.5952823903394983,16.463113393121102
34,105,-1.0,-1.0,-0.7373425313693835,15.045240800852575
34,106,-1.0,-1.0,-0.2709302471801036,14.558817211973212
34,107,-1.0,-1.0,-0.3655543900062248,16.486277768266397
34,108,-1.0,-1.0,-0.386901276808908,15.752460150057473
34,109,-1.0,-1.0,-0.9554185131173795,15.89857246652988
34,110,-1.0,1.0,0.21008162719599996,11.257274928909673
34,111,-1.0,-1.0,-1.2330863599339286,13.995839234640505
34,112,-1.0,-1.0,-0.3179238408456921,13.184091799120448
34,113,-1.0,-1.0,-1.7872316831180763,19.129442333231403
34,114,-1.0,-1.0,-0.721316708705936,14.866126144226314
34,115,-1.0,1.0,0.2838133057136899,12.30210031011554
34,116,-1.0,-1.0,-0.98629992755043,16.372303523335546
34,117,-1.0,-1.0,-0.480779474662807,14.918355390564207
34,118,-1.0,-1.0,-0.2459228530443503,14.857253813009999
34,119,-1.0,1.0,0.47045487382104767,17.298484565582214
34,120,-1.0,1.0,0.036178163773682104,11.76039480646757
34,121,-1.0,-1.0,-0.36775642801379277,17.039159686815786
34,122,-1.0,-1.0,-1.2057410828104866,14.12604514033608
34,123,-1.0,1.0,0.3665787150241696,15.290405752987132
34,124,-1.0,1.0,0.05552956108119489,16.882073259821105
34,125,-1.0,-1.0,-0.5727520125831539,16.730781254508866
34,126,-1.0,-1.0,-1.3454227354015942,18.170855729432464
34,127,-1.0,1.0,0.6195012330353102,13.590282153937128
35,0,1.0,-1.0,-0.03805293458849421,17.404792151648675
35,1,1.0,-1.0,-0.13519786938154524,14.696246568974278
35,2,1.0,-1.0,-0.4870102274613749,17.87495197236444
35,3,1.0,1.0,0.46264499040571005,15.140502623109095
35,4,1.0,1.0,0.3985355089796355,14.093767936891494
35,5,1.0,1.0,0.10372472570566849,11.257071227978253
35,6,1.0,1.0,0.26652391906516715,14.230438399657832
35,7,1.0,1.0,0.7081483184153916,15.052719271618344
35,8,1.0,-1.0,-0.30478845322056536,13.346342427586382
35,9,1.0,1.0,0.5641305814514846,14.110636618272
35,10,1.0,1.0,0.7675692278770286,14.63637843571094
35,11,1.0,-1.0,-0.6217187549386313,16.40117182930811
35,12,1.0,1.0,0.44541082048924385,13.02910164642642
35,13,1.0,1.0,0.490427603539049,17.670825915776298
35,14,1.0,-1.0,-0.26510370236501046,15.779547971324758
35,15,1.0,-1.0,-0.6980147857370772,17.402939000192564
35,16,1.0,-1.0,-0.4371497699017305,16.354177603589378
35,17,1.0,1.0,0.5435610753500083,15.48411260977249
35,18,1.0,1.0,1.6319291265497973,18.604377490861634
35,19,1.0,-1.0,-0.7426785505389049,13.985101056133455
35,20,1.0,-1.0,-0.43311483483037,18.500426553773675
35,21,1.0,-1.0,-1.1904229894885827,12.919656544677464
35,22,1.0,-1.0,-0.4088541708656395,16.097284620202895
35,23,1.0,-1.0,-0.12552820427060904,14.169435326447346
35,24,1.0,-1.0,-1.6527672542451142,15.007606995056637
35,25,1.0,1.0,1.0527512220217512,14.94973638959711
35,26,1.0,-1.0,-0.2505821979431406,15.019731152753703
35,27,1.0,1.0,0.9164496708565825,19.052360879119636
35,28,1.0,-1.0,-0.45289125030742494,19.169492043528102
35,29,1.0,1.0,0.16569654131334788,15.60951405646697
35,30,1.0,1.0,0.08079187321723569,11.798665172229049
35,31,1.0,1.0,0.2830925356939258,16.56549912108221
35,32,1.0,-1.0,-1.2004381041091359,18.494751404810096
35,33,1.0,-1.0,-1.0262663847079885,14.847486004933282
35,34,1.0,1.0,0.737911271160817,12.323151025452793
35,35,1.0,1.0,1.696923352620444,17.8479149900654
35,36,1.0,1.0,0.3744666927197974,16.230401808951054
35,37,1.0,1.0,0.42054320121133043,12.422429740110271
35,38,1.0,-1.0,-0.6550444608876261,13.320110977973878
35,39,1.0,1.0,0.34159119104389946,14.46830339082867
35,40,1.0,1.0,0.9827808941875913,18.61170734194296
35,41,1.0,1.0,0.3390914450791509,12.091633100438465
35,42,1.0,-1.0,-0.3360902221665683,15.161376436505108
35,43,1.0,1.0,1.103961219755899,18.174729743437606
35,44,1.0,-1.0,-0.7078685779360818,15.533184528581835
35,45,1.0,-1.0,-0.22671553500114397,14.29665340910639
35,46,1.0,1.0,0.17589591444780053,13.856098973816145
35,47,1.0,-1.0,-0.7358112192964467,18.054357901626215
35,48,1.0,1.0,1.4720151587175583,17.315277964658755
35,49,1.0,-1.0,-0.04112726856866683,16.723245824062897
35,50,1.0,1.0,0.6151574823474064,12.792907010476762
35,51,1.0,1.0,0.14699908114294247,18.164605751441332
35,52,1.0,1.0,0.04563105288996526,16.34119019019697
35,53,1.0,1.0,0.5687887809823492,16.84468958150165
35,54,1.0,1.0,0.4189321745678972,14.957025057234992
35,55,1.0,-1.0,-0.2851184481633913,16.295673666240894
35,56,1.0,1.0,0.5098662943545791,17.604270995878377
35,57,1.0,1.0,0.3989489996216685,14.21234484629566
35,58,1.0,1.0,0.2035974468668763,13.415635269097837
35,59,1.0,-1.0,-1.9438323664696218,18.018398563965167
35,60,1.0,1.0,0.5213326568452831,18.9033196095253
35,61,1.0,1.0,0.8180099097378014,11.576971677599785
35,62,1.0,1.0,0.7630760354281192,13.246491433786064
35,63,1.0,-1.0,-0.37862742224295,16.661826607716883
35,64,-1.0,1.0,0.47913598444642175,18.736260548878082
35,65,-1.0,-1.0,-0.7444851750620192,16.156603086925898
35,66,-1.0,1.0,0.0020998513479317804,12.83982651408789
35,67,-1.0,-1.0,-1.2528945896229353,14.86882364969787
35,68,-1.0,1.0,1.0500642536538403,19.625298394981293
35,69,-1.0,1.0,0.4350535738350665,13.438473562548626
35,70,-1.0,-1.0,-1.0544035463350725,13.990657047422635
35,71,-1.0,-1.0,-1.2771630515575458,11.618358886921293
35,72,-1.0,1.0,0.6674753645748356,14.044593548798609
35,73,-1.0,1.0,0.3084353417119727,12.71984921385567
35,74,-1.0,-1.0,-0.08110025873773084,16.421068490800337
35,75,-1.0,1.0,0.14485992810657944,17.961936412701476
35,76,-1.0,1.0,0.13115482822965221,16.93165465148871
35,77,-1.0,1.0,1.6814419120943935,14.100769010627028
35,78,-1.0,-1.0,-0.02570176227345977,13.10526328705123
35,79,-1.0,-1.0,-1.5874730256287182,13.342757236458352
35,80,-1.0,-1.0,-1.2564121631490996,15.203401541930182
35,81,-1.0,1.0,0.03742341754668496,13.817919455870493
35,82,-1.0,-1.0,-0.34464338622210955,13.14208439742842
35,83,-1.0,1.0,0.23276855900520727,18.64519840610965
35,84,-1.0,1.0,0.8290222427824416,15.855275726913463
35,85,-1.0,-1.0,-0.8589696444299736,12.221299703166743
35,86,-1.0,1.0,0.7571225044240358,16.617667467278974
35,87,-1.0,-1.0,-1.0597983464379905,13.39825389008598
35,88,-1.0,-1.0,-1.7776108228335996,16.632685528497053
35,89,-1.0,1.0,0.6098254233132128,13.356991433653205
35,90,-1.0,-1.0,-1.7158096668909488,16.010864997337976
35,91,-1.0,1.0,0.8440974706028807,13.333193454755516
35,92,-1.0,-1.0,-0.6642624060908353,14.23178261333644
35,93,-1.0,1.0,0.12965822980786065,14.923899176802399
35,94,-1.0,1.0,1.5336418044505664,16.108896875459532
35,95,-1.0,-1.0,-0.1334431030812863,15.575477169396278
35,96,-1.0,1.0,0.4050174109113235,16.806032516457915
35,97,-1.0,1.0,0.6601705269937556,14.96736195660874
35,98,-1.0,1.0,0.8960138804505158,18.416514440394135
35,99,-1.0,-1.0,-0.7194799038118503,16.788877006643133
35,100,-1.0,1.0,0.5484381188546116,14.54890805853882
35,101,-1.0,1.0,0.721952495102164,18.40727760793226
35,102,-1.0,-1.0,-0.0578206475665584,15.719143866849382
35,103,-1.0,1.0,1.0216870404858547,17.17975721957661
35,104,-1.0,1.0,0.27408384377023826,14.933172123251072
35,105,-1.0,1.0,0.9442130794472907,19.48789885886302
35,106,-1.0,1.0,0.16155652076301025,16.393180967552336
35,107,-1.0,-1.0,-1.7471598481527337,14.89332827779107
35,108,-1.0,1.0,0.8153131399205144,13.702447670068539
35,109,-1.0,1.0,0.8886670505765146,15.799787167580696
35,110,-1.0,-1.0,-0.32811167101398964,16.462094834045914
35,111,-1.0,-1.0,-0.7590827444209785,12.087761424777772
35,112,-1.0,1.0,1.0599454035775586,17.973317665618325
35,113,-1.0,1.0,0.9630148348134171,14.689922914623578
35,114,-1.0,-1.0,-0.3895138180180511,17.167999718465644
35,115,-1.0,1.0,0.6969187461896897,10.567536022836759
35,116,-1.0,-1.0,-0.9996530516295303,17.280565186078988
35,117,-1.0,-1.0,-1.399604777267363,14.858169724096658
35,118,-1.0,-1.0,-1.5478126307590803,16.521671001199657
35,119,-1.0,1.0,1.162786219535331,17.72878245095855
35,120,-1.0,1.0,1.3656809798340197,13.98206614399666
35,121,-1.0,1.0,0.8053579481282612,14.219522500263801
35,122,-1.0,-1.0,-0.3418225157994051,16.087187196811954
35,123,-1.0,1.0,1.1942705905460962,14.507607387972069
35,124,-1.0,-1.0,-1.4075330657967557,15.408696545261451
35,125,-1.0,1.0,0.8373619225200275,16.983726850736804
35,126,-1.0,1.0,0.2582607329743401,17.761311960938606
35,127,-1.0,1.0,1.3534220106673658,13.78232419190063
36,0,1.0,1.0,0.776825661329275,15.382482715273351
36,1,1.0,1.0,0.4233607446872867,15.003923380595564
36,2,1.0,-1.0,-0.037149668165684824,16.683244945162297
36,3,1.0,1.0,0.8912929641573583,10.782284654188354
36,4,1.0,1.0,0.5368054185994241,17.99654154981724
36,5,1.0,-1.0,-0.8184540511509348,14.652301416179265
36,6,1.0,1.0,0.10855443601494269,18.979027940608603
36,7,1.0,1.0,0.7166973391266449,17.041783327538177
36,8,1.0,1.0,0.8736801843424482,18.741632119419773
36,9,1.0,-1.0,-0.8714273937540657,14.126596040450387
36,10,1.0,1.0,0.8021323007225354,18.22592340828674
36,11,1.0,1.0,0.19281763024786636,18.36504007329682
36,12,1.0,-1.0,-0.8468997456369736,11.378373178483841
36,13,1.0,-1.0,-0.45448889245514257,17.49548738554693
36,14,1.0,1.0,0.7304061914567825,17.97108844460563
36,15,1.0,-1.0,-0.34571305120669826,17.52179811868914
36,16,1.0,1.0,0.7391357326542366,15.586002245090878
36,17,1.0,-1.0,-1.4930391584704727,15.812715144077185
36,18,1.0,-1.0,-1.0123774921682707,15.724059917187208
36,19,1.0,-1.0,-0.30154190045597784,16.68717006193556
36,20,1.0,-1.0,-0.5324873541110784,13.357226169678105
36,21,1.0,1.0,0.8462085830734477,13.527585184560841
36,22,1.0,1.0,0.6037680288106777,12.432685818828354
36,23,1.0,1.0,0.11526027151748608,17.856946560196256
36,24,1.0,-1.0,-0.364144340644894,15.47126681847091
36,25,1.0,1.0,0.9498388848635834,15.521441327156937
36,26,1.0,1.0,0.3167722795554647,18.68760983039228
36,27,1.0,-1.0,-0.005051628429233082,11.53094989807771
36,28,1.0,1.0,0.4839605299292852,17.747094777656812
36,29,1.0,1.0,0.7762493656817848,11.323763665676601
36,30,1.0,1.0,0.8138815316102004,14.93740359740591
36,31,1.0,1.0,0.9438576641068879,19.51574088359032
36,32,1.0,1.0,0.9227184074148349,15.253358960624835
36,33,1.0,-1.0,-0.23279629960059234,15.775404242172705
36,34,1.0,1.0,0.873375474894879,13.902822419475774
36,35,1.0,-1.0,-0.08162504429098436,19.212789055665954
36,36,1.0,-1.0,-0.487618737939305,18.460149487897823
36,37,1.0,1.0,0.6590879499701225,13.794560950858568
36,38,1.0,-1.0,-0.6678712261739226,15.053531013071556
36,39,1.0,-1.0,-0.2795116717181144,13.546557020391637
36,40,1.0,-1.0,-0.385804449135775,15.626769624601616
36,41,1.0,1.0,0.766321991227572,15.979103403196737
36,42,1.0,1.0,0.427347820523646,15.040456187804617
36,43,1.0,1.0,0.8540105793556586,17.459970550344583
36,44,1.0,1.0,0.4205139924308402,11.961865808967493
36,45,1.0,-1.0,-0.21812975627515901,15.795838765721479
36,46,1.0,1.0,0.931880251050869,19.424109971908113
36,47,1.0,-1.0,-0.21636077916473048,13.80465051088153
36,48,1.0,1.0,0.6531721561096093,19.507938997566562
36,49,1.0,-1.0,-0.8217205442141605,14.651451811523641
36,50,1.0,1.0,0.6886138013785236,19.49725200022823
36,51,1.0,-1.0,-1.8356296543384645,13.874305223370875
36,52,1.0,1.0,0.1287406028064223,13.977316012734642
36,53,1.0,-1.0,-0.43303529657241585,17.150512650393907
36,54,1.0,-1.0,-0.7211008300667243,11.672885724354842
36,55,1.0,1.0,0.9356187461415032,12.612077772635615
36,56,1.0,-1.0,-0.44159643754585015,17.941227299622504
36,57,1.0,1.0,0.6737770691446796,19.382924433278394
36,58,1.0,-1.0,-0.08899518870286603,15.32085299401708
36,59,1.0,1.0,0.04764716841263894,15.786830177987524
36,60,1.0,-1.0,-0.16114811623326875,17.056793952242305
36,61,1.0,-1.0,-0.2935551528693382,12.11771205866707
36,62,1.0,-1.0,-0.9713812596154193,17.83355379778437
36,63,1.0,-1.0,-0.6539735414143448,13.69993911166432
36,64,-1.0,1.0,0.7044904773837752,17.151748286845176
36,65,-1.0,-1.0,-0.8500320965206772,13.96139696209893
36,66,-1.0,1.0,1.0727256271360222,15.446380122204495
36,67,-1.0,1.0,0.07782331721803418,14.424129772846669
36,68,-1.0,-1.0,-0.3930733512226202,11.71567399491159
36,69,-1.0,-1.0,-0.8661162172653704,15.39132615832944
36,70,-1.0,-1.0,-0.12403757951735214,16.219782891618387
36,71,-1.0,1.0,0.07253216926457676,13.59909237912398
36,72,-1.0,-1.0,-0.020238572987952175,17.876940189008014
36,73,-1.0,-1.0,-0.4273845984873913,13.750559189389916
36,74,-1.0,-1.0,-0.7747913313539412,15.791221640892651
36,75,-1.0,1.0,0.8522469631006471,18.580704972962046
36,76,-1.0,1.0,1.3421692736912003,18.794826845477285
36,77,-1.0,1.0,1.1448373991974858,15.009722856839211
36,78,-1.0,1.0,1.4592897019467368,19.2969860343985
36,79,-1.0,-1.0,-0.3298212073195581,15.08108240628601
36,80,-1.0,1.0,0.3166006338475107,16.235387726523552
36,81,-1.0,1.0,0.628255163325331,15.779416971110335
36,82,-1.0,1.0,1.344492695525136,18.981181441627598
36,83,-1.0,-1.0,-0.36583781560708867,13.19020529060381
36,84,-1.0,1.0,0.1485243608689962,15.31916270256557
36,85,-1.0,-1.0,-0.38908790264824716,17.75400398339079
36,86,-1.0,-1.0,-0.7988327734363196,16.567822458062476
36,87,-1.0,1.0,1.0095679293720323,19.18229972562882
36,88,-1.0,1.0,0.012841784974246373,15.171556515640491
36,89,-1.0,1.0,0.45723300089655694,13.797940113274029
36,90,-1.0,-1.0,-0.34454168188609957,13.117357577359023
36,91,-1.0,-1.0,-0.12094614979843547,15.097265697930899
36,92,-1.0,-1.0,-0.505232385937323,12.303758410974755
36,93,-1.0,1.0,0.2755817401395262,14.354638421729694
36,94,-1.0,1.0,1.304985677894366,14.80672392637218
36,95,-1.0,-1.0,-0.07193000551296547,15.133233289978016
36,96,-1.0,-1.0,-0.013287295124532264,13.209086951764688
36,97,-1.0,1.0,0.6538326202007374,15.27294291623487
36,98,-1.0,1.0,0.0013908238244480647,11.354270918056272
36,99,-1.0,1.0,0.1498324928134562,12.846294947070428
36,100,-1.0,1.0,0.5636256998733479,14.53521649385245
36,101,-1.0,1.0,0.2681968375809457,13.54991094725591
36,102,-1.0,-1.0,-0.03850556310541016,18.75354976322691
36,103,-1.0,1.0,0.6395895194156905,16.91869417916609
36,104,-1.0,1.0,0.3984446174311905,14.886447444964169
36,105,-1.0,1.0,0.43652315158125393,15.863361647858042
36,106,-1.0,1.0,0.10211427379031088,13.585693360262965
36,107,-1.0,1.0,1.7510900442158728,15.316401683480061
36,108,-1.0,1.0,0.3405837854494224,15.661780778375443
36,109,-1.0,-1.0,-0.06271785805393545,15.398650390770483
36,110,-1.0,1.0,0.4372447245667131,17.552258011448874
36,111,-1.0,1.0,0.9454720724931,15.827751147757315
36,112,-1.0,1.0,0.4296725050825909,15.07284104697285
36,113,-1.0,1.0,0.8855360154937238,14.656697381735201
36,114,-1.0,1.0,1.6338513291968302,19.051591264759846
36,115,-1.0,1.0,0.34334473660737624,12.91610472300826
36,116,-1.0,-1.0,-0.8398830315786627,15.225760862178493
36,117,-1.0,1.0,0.057833429605152906,12.083699773452294
36,118,-1.0,1.0,0.6926719976001368,17.82047473285233
36,119,-1.0,1.0,1.2527626971557708,15.573890747613419
36,120,-1.0,1.0,0.9129021300246947,11.737106855602665
36,121,-1.0,1.0,0.6703236654489027,15.810530030234151
36,122,-1.0,1.0,0.4464735453083703,16.909679617791273
36,123,-1.0,1.0,0.5840517243436694,14.717823195790398
36,124,-1.0,1.0,0.30216165019201613,14.643262663942748
36,125,-1.0,1.0,0.29513860993541646,14.425951853225012
36,126,-1.0,1.0,0.14745676067680463,13.118632492503385
36,127,-1.0,1.0,1.0168918736823436,18.266197887732126
37,0,1.0,-1.0,-0.2691487589103573,13.596892497042624
37,1,1.0,1.0,1.06619105247665,19.04655880444149
37,2,1.0,-1.0,-2.737228990822711,16.411670516486847
37,3,1.0,1.0,0.7780685987186386,17.074422873815504
37,4,1.0,1.0,0.997356002340349,13.74017494556244
37,5,1.0,-1.0,-0.8800077654502525,18.371734264226614
37,6,1.0,1.0,0.05289814712035894,13.00746139073142
37,7,1.0,-1.0,-0.8496712337516632,15.505021243839435
37,8,1.0,1.0,0.10944060747393232,13.657810229062461
37,9,1.0,-1.0,-0.4642286204612167,14.498637752282677
37,10,1.0,-1.0,-0.05398270647378199,15.255856777648527
37,11,1.0,1.0,0.5519088377915053,13.449544941083047
37,12,1.0,-1.0,-0.2998008982685133,14.365915630485407
37,13,1.0,1.0,0.08650890690050311,15.24483703239411
37,14,1.0,1.0,0.3373690849324758,15.609532727250109
37,15,1.0,1.0,0.4878396412092599,13.295535477055969
37,16,1.0,1.0,0.255220185257394,11.469548635933778
37,17,1.0,1.0,0.14947033146812008,18.850549127696237
37,18,1.0,1.0,0.46008449831393783,18.788333695691538
37,19,1.0,1.0,0.2755773500217026,15.115589462131238
37,20,1.0,1.0,0.21344694710021836,14.267532557503916
37,21,1.0,1.0,0.7128661360001213,12.97109346530473
37,22,1.0,1.0,0.11405222598406918,14.459936971859026
37,23,1.0,-1.0,-0.8761395167343824,13.54857152473906
37,24,1.0,1.0,0.6585133969037662,16.492838331230534
37,25,1.0,1.0,0.1900309873251253,17.056539859357258
37,26,1.0,1.0,0.713730481707413,14.623729130045447
37,27,1.0,1.0,0.023791624152766144,15.128845460377473
37,28,1.0,1.0,0.1879714642463607,14.411463938699086
37,29,1.0,1.0,0.4447482360315711,18.674635376720353
37,30,1.0,-1.0,-0.44475762952896825,18.98952144920525
37,31,1.0,-1.0,-0.02397850747434896,19.508197246275508
37,32,1.0,-1.0,-0.14607680153911054,16.966060965574705
37,33,1.0,-1.0,-0.21836991260498667,16.82779103754475
37,34,1.0,-1.0,-0.5339350021187038,14.828373800392972
37,35,1.0,1.0,0.6543349143084345,19.111133563233867
37,36,1.0,-1.0,-0.9490054674852817,13.25144868396853
37,37,1.0,-1.0,-1.8191186037358624,14.506445540204204
37,38,1.0,1.0,0.5024452528383292,11.676759646824564
37,39,1.0,1.0,0.18145206885814422,14.921224266937324
37,40,1.0,1.0,0.8038714796446258,17.86840126319943
37,41,1.0,-1.0,-0.9503160580808464,16.077765864604334
37,42,1.0,-1.0,-0.36083297823802996,12.896573259755058
37,43,1.0,-1.0,-0.6612105720837071,14.747563395184674
37,44,1.0,1.0,0.2540108436177009,15.16658089966669
37,45,1.0,1.0,0.19833494181961359,13.525220621984811
37,46,1.0,-1.0,-1.38586897881156,17.420168030608945
37,47,1.0,1.0,0.7905488196125867,14.495986909596875
37,48,1.0,-1.0,-1.770597251853096,16.466961563978618
37,49,1.0,1.0,1.1240828472815123,17.75767911051937
37,50,1.0,1.0,0.3624251401358607,18.530236371953837
37,51,1.0,1.0,1.0582033632942796,13.756295863368553
37,52,1.0,1.0,1.4837441786670877,18.166627765229578
37,53,1.0,-1.0,-1.0824898145072424,15.668298021661831
37,54,1.0,-1.0,-0.37134568274124535,18.77440611261194
37,55,1.0,-1.0,-0.5642031656975858,19.770059865082697
37,56,1.0,-1.0,-0.5295578283118108,15.54908920938765
37,57,1.0,-1.0,-2.0335471660093702,19.57053003343251
37,58,1.0,-1.0,-0.7007395022327916,19.329621742247127
37,59,1.0,-1.0,-1.0960878300243029,15.429371718467822
37,60,1.0,-1.0,-1.606925889604535,16.027663559012307
37,61,1.0,-1.0,-0.586662585074038,11.853196155883007
37,62,1.0,1.0,0.7111276807801726,12.011632327830819
37,63,1.0,-1.0,-0.8136726289757632,14.095414830219658
37,64,-1.0,-1.0,-0.9340586733365546,17.166868036264667
37,65,-1.0,-1.0,-1.252017363367458,14.675694173545885
37,66,-1.0,1.0,0.1071141459152924,16.38634958768017
37,67,-1.0,1.0,0.18415514629069957,17.182534637691163
37,68,-1.0,-1.0,-1.4927604268106467,15.421248768502677
37,69,-1.0,-1.0,-1.2566752512302295,14.70124142192347
37,70,-1.0,-1.0,-0.7228655178990009,16.847243530505718
37,71,-1.0,1.0,0.8555608930128128,12.146561734180459
37,72,-1.0,-1.0,-0.881669683934016,14.085497333480472
37,73,-1.0,1.0,0.5004177620612049,13.948921252841043
37,74,-1.0,-1.0,-1.2540493141867985,17.30215678973863
37,75,-1.0,-1.0,-1.6409389937458807,16.34512247462541
37,76,-1.0,-1.0,-0.9146009135235982,16.298615384967746
37,77,-1.0,1.0,0.3631627956695173,16.899425197225728
37,78,-1.0,-1.0,-0.48909129593720935,13.845255883876705
37,79,-1.0,1.0,0.8268918355065727,13.830507829752666
37,80,-1.0,1.0,1.0303955735724533,14.880897785010495
37,81,-1.0,1.0,0.13798475383468972,19.399496671282495
37,82,-1.0,1.0,0.6754617874811673,17.38385850698044
37,83,-1.0,-1.0,-0.568601928744349,11.44955165616279
37,84,-1.0,-1.0,-1.306005937777194,14.219281900449902
37,85,-1.0,-1.0,-1.855394709133614,16.248313050296318
37,86,-1.0,1.0,1.0949046099108397,14.751288943596496
37,87,-1.0,1.0,1.4354579403835652,13.579261242240939
37,88,-1.0,-1.0,-0.21113246050551424,16.745427679157096
37,89,-1.0,1.0,1.3296038991903134,17.987498734085452
37,90,-1.0,1.0,1.0165631628882068,16.052735730679476
37,91,-1.0,1.0,0.674538931496141,12.272824389973895
37,92,-1.0,1.0,0.7285901587690726,15.422601225583628
37,93,-1.0,-1.0,-0.3408366250356599,15.155892700666731
37,94,-1.0,-1.0,-1.1497021828804725,12.433752316707311
37,95,-1.0,1.0,0.321934491537748,15.37553456891201
37,96,-1.0,-1.0,-0.867675454564005,15.959579795967585
37,97,-1.0,-1.0,-0.8700472119557681,18.330849423109356
37,98,-1.0,-1.0,-1.6075389580567234,14.9830058884589
37,99,-1.0,-1.0,-0.7666850338667288,15.057213440179622
37,100,-1.0,-1.0,-0.9785615470446583,14.954037015397658
37,101,-1.0,-1.0,-0.06205742809956438,14.625713551939473
37,102,-1.0,1.0,0.5558894923564204,16.888198974310363
37,103,-1.0,1.0,0.6885591590519611,12.109835188738911
37,104,-1.0,-1.0,-0.43378499471121307,19.73535145247314
37,105,-1.0,-1.0,-0.04080067861808645,18.131354075621356
37,106,-1.0,1.0,0.040299537508165145,16.203994526285012
37,107,-1.0,1.0,2.127391118750743,18.76675010375712
37,108,-1.0,1.0,1.4494277081494813,19.39329632564324
37,109,-1.0,1.0,0.8443369104891734,17.35711211861947
37,110,-1.0,-1.0,-0.7874447208699804,18.818608896865538
37,111,-1.0,1.0,1.3987140425270952,17.88467304498744
37,112,-1.0,1.0,0.8743368502620421,14.360054779225235
37,113,-1.0,-1.0,-0.1705637617319167,15.607205162483279
37,114,-1.0,1.0,0.008858054135607252,16.44699302116993
37,115,-1.0,1.0,0.9350331871526116,18.264762984505875
37,116,-1.0,1.0,1.19071510321963,11.80192604814634
37,117,-1.0,-1.0,-1.2889814658577086,18.431691412235462
37,118,-1.0,-1.0,-0.1428536643396641,17.26179533217483
37,119,-1.0,1.0,1.05999466416601,11.434529986289132
37,120,-1.0,-1.0,-0.43403849784445914,15.590595346888422
37,121,-1.0,1.0,0.1988649951020882,16.492594677848206
37,122,-1.0,1.0,0.3383043406429517,15.61065562154421
37,123,-1.0,1.0,0.4006308847566162,18.129424035977515
37,124,-1.0,1.0,0.02145381143107744,14.631314153659105
37,125,-1.0,1.0,0.8063244210355787,12.607352659953648
37,126,-1.0,1.0,1.1347607398141222,17.11615484312786
37,127,-1.0,-1.0,-1.1418751965580825,18.699549367543415
38,0,1.0,-1.0,-0.3336511164706406,14.059815698194607
38,1,1.0,1.0,1.4871919796466917,18.62002066804843
38,2,1.0,-1.0,-0.45701565930727206,16.710765488172214
38,3,1.0,-1.0,-0.7579296237627261,15.553662657598307
38,4,1.0,1.0,0.11368234359885518,16.80897166550485
38,5,1.0,1.0,0.5248965165862853,18.929216746040176
38,6,1.0,1.0,0.03390135494294519,14.411800980214547
38,7,1.0,1.0,0.7327110396772978,16.115817927748008
38,8,1.0,-1.0,-0.2730573297131506,12.826883950231831
38,9,1.0,-1.0,-0.6115374721054667,17.04307773402216
38,10,1.0,-1.0,-1.07686945704343,12.494851009243892
38,11,1.0,1.0,0.7353618253395466,16.59868892579263
38,12,1.0,-1.0,-0.045366438647614984,15.300386603483217
38,13,1.0,-1.0,-0.8732463118433428,18.1941444342936
38,14,1.0,-1.0,-0.7668152703055536,14.467584030047444
38,15,1.0,-1.0,-0.9067870800423625,11.162669865235681
38,16,1.0,1.0,0.3041447243865652,19.5311891997893
38,17,1.0,1.0,0.4865939258465561,19.39271915010723
38,18,1.0,-1.0,-0.12365921364798121,18.61691377045801
38,19,1.0,1.0,0.44520470973200915,18.68248248042602
38,20,1.0,1.0,0.03574106237182842,18.339374429704332
38,21,1.0,1.0,0.677471393722868,15.139619635476754
38,22,1.0,1.0,2.0931587023906824,18.897554492754104
38,23,1.0,1.0,2.089957789051812,18.622779532597328
38,24,1.0,-1.0,-0.9334149158042602,15.184543285220679
38,25,1.0,-1.0,-0.20208120447787298,15.100595076023161
38,26,1.0,1.0,0.22842299212812486,11.312193125315309
38,27,1.0,1.0,1.6349285019902813,18.082441986273604
38,28,1.0,1.0,0.7738341120103869,17.239853866129508
38,29,1.0,1.0,0.7912716492415465,14.040659943662996
38,30,1.0,-1.0,-0.4213664607955101,15.21361214227635
38,31,1.0,1.0,1.0322173292372445,16.046160361950374
38,32,1.0,1.0,0.1894329355965533,16.235022049903577
38,33,1.0,1.0,0.03882333885316111,18.542065451521275
38,34,1.0,1.0,1.8750699948810734,18.74227079808386
38,35,1.0,-1.0,-0.08095295200748226,11.757207455860051
38,36,1.0,1.0,1.7609742426193125,17.66375726206611
38,37,1.0,1.0,0.8011449409285373,14.802811660085002
38,38,1.0,-1.0,-0.4170956446477695,14.627224679045863
38,39,1.0,-1.0,-0.7854769520618381,14.673559328755648
38,40,1.0,1.0,0.0025404912798999146,13.425918645513239
38,41,1.0,1.0,1.2046852942782715,17.258659334064344
38,42,1.0,1.0,0.4832577891882752,17.550223803731775
38,43,1.0,-1.0,-0.5354996926782523,15.122085378027592
38,44,1.0,1.0,1.7428887720756954,19.30995276866373
38,45,1.0,1.0,0.6100288127682126,14.409725419984735
38,46,1.0,1.0,0.11195984883723376,18.725682872075787
38,47,1.0,1.0,0.7294691648235951,14.954035816152475
38,48,1.0,-1.0,-0.3197959462565894,14.04669134024923
38,49,1.0,1.0,0.12501311781490365,13.300800903916938
38,50,1.0,1.0,1.5935150196548586,17.092512182875534
38,51,1.0,-1.0,-0.641381443989371,17.524962765508796
38,52,1.0,-1.0,-0.19294230705465462,12.319775084648954
38,53,1.0,1.0,0.7793150074658741,16.94613396997243
38,54,1.0,-1.0,-0.9198502722217488,13.532885303713284
38,55,1.0,-1.0,-1.525769960253691,12.679861477934217
38,56,1.0,1.0,0.8671673954594796,15.897623160661679
38,57,1.0,-1.0,-1.5163273602276508,14.162303078340202
38,58,1.0,1.0,0.6312075188684436,17.185584802906416
38,59,1.0,1.0,0.5258265972466706,13.758316983732847
38,60,1.0,1.0,0.4049598213334116,14.904785377781385
38,61,1.0,1.0,0.49263644882722546,16.02738198883727
38,62,1.0,1.0,0.13628897361694386,13.124151264735485
38,63,1.0,1.0,0.7573633025795938,17.859937602294327
38,64,-1.0,1.0,0.8473109860021383,14.299198547941222
38,65,-1.0,1.0,0.034716009599258135,18.881436664432023
38,66,-1.0,-1.0,-0.07399597852460313,15.142704043581912
38,67,-1.0,1.0,0.6302002879382228,16.1993189727971
38,68,-1.0,1.0,0.19531148534445614,10.93589258606605
38,69,-1.0,1.0,0.9625288070597164,17.164795887465107
38,70,-1.0,1.0,0.2488283687452314,14.729058839954865
38,71,-1.0,1.0,1.7068337890615373,15.871903167055764
38,72,-1.0,-1.0,-0.4401353721012067,13.288386020559937
38,73,-1.0,1.0,0.968116126179247,12.480298125584318
38,74,-1.0,1.0,0.21659333061016856,11.654556757274449
38,75,-1.0,-1.0,-0.4628038222288829,15.998653739141005
38,76,-1.0,-1.0,-1.1920139229563467,15.438265983910282
38,77,-1.0,1.0,1.100019934210703,14.83633354913141
38,78,-1.0,1.0,0.6435238083109662,15.179580934297354
38,79,-1.0,1.0,1.0696639245726698,14.01277813518826
38,80,-1.0,-1.0,-1.126959790305845,14.540104933942155
38,81,-1.0,-1.0,-0.16980829496528183,15.869810733024217
38,82,-1.0,-1.0,-0.6143842686253761,15.52940095674322
38,83,-1.0,-1.0,-0.4499095980563658,14.384495520361726
38,84,-1.0,1.0,1.2739710981611474,18.31876544948736
38,85,-1.0,-1.0,-0.5572588540335259,17.822526573670153
38,86,-1.0,1.0,1.5779380121047888,15.634413656765757
38,87,-1.0,1.0,0.0663674873898658,12.580660747271244
38,88,-1.0,1.0,2.01492920257808,17.395742901135403
38,89,-1.0,1.0,0.13733813558428176,12.69281791222179
38,90,-1.0,1.0,1.4412177245371154,14.187542569150056
38,91,-1.0,1.0,0.20685118045864165,15.219593674834728
38,92,-1.0,1.0,0.12264788663495825,15.335058662437309
38,93,-1.0,1.0,1.1636138908121811,15.105006977190028
38,94,-1.0,1.0,2.1102059464874037,16.634250472563952
38,95,-1.0,-1.0,-1.0838272777277442,13.869655096090575
38,96,-1.0,-1.0,-0.06419014227552221,13.482356945653745
38,97,-1.0,1.0,0.9192776985847628,17.1454512006239
38,98,-1.0,-1.0,-0.7643542562185748,15.261636241064386
38,99,-1.0,1.0,0.1763582633134164,15.192295264780675
38,100,-1.0,-1.0,-0.8844878250425176,16.644614842831633
38,101,-1.0,-1.0,-0.4253644801331784,12.744941432699425
38,102,-1.0,1.0,0.6030389045134654,18.148637826670072
38,103,-1.0,1.0,0.7317852960609653,18.263978570908804
38,104,-1.0,1.0,1.0561482996301133,16.646923278333176
38,105,-1.0,1.0,0.49458190325029583,14.028813443881193
38,106,-1.0,1.0,0.38527415247922325,18.452395525430926
38,107,-1.0,-1.0,-0.14621415778656288,16.713631495091597
38,108,-1.0,1.0,0.06952010453434496,15.96878158684219
38,109,-1.0,-1.0,-0.6812360397905778,17.78306060118744
38,110,-1.0,1.0,2.1343994134982602,16.654906805536413
38,111,-1.0,-1.0,-0.8677027356277407,16.746919420872533
38,112,-1.0,-1.0,-0.9447817345576421,13.906481628374438
38,113,-1.0,1.0,0.5649112967868533,18.646507095710597
38,114,-1.0,-1.0,-0.9644815453212685,15.917358461023428
38,115,-1.0,1.0,0.7319351948517182,18.145350849724316
38,116,-1.0,1.0,0.5065361480366284,12.131090628143811
38,117,-1.0,-1.0,-0.04179318065708887,11.866245003195033
38,118,-1.0,1.0,0.8364556628805877,16.83109061438769
38,119,-1.0,1.0,1.5354632474679035,14.96503505140196
38,120,-1.0,1.0,0.029907291992566643,12.83115642021621
38,121,-1.0,-1.0,-1.0504863729853846,17.57302466018355
38,122,-1.0,1.0,0.7079601803440418,16.18627649561088
38,123,-1.0,-1.0,-0.8370079926271086,17.02332109813541
38,124,-1.0,1.0,0.6256439314444723,12.924851447159348
38,125,-1.0,1.0,0.879291044139058,14.835054581513829
38,126,-1.0,1.0,0.18650741103703328,14.37006661538123
38,127,-1.0,-1.0,-0.2214560520309904,14.424257081658437
39,0,1.0,1.0,1.1566152417688034,16.54469485174042
39,1,1.0,-1.0,-0.7848654038126343,16.018973966646367
39,2,1.0,-1.0,-0.30434092959628867,19.554112290104328
39,3,1.0,1.0,0.015530189354238402,12.123964030794935
39,4,1.0,-1.0,-0.03202973289438103,16.024761162915425
39,5,1.0,1.0,0.03050169471093571,15.132448861358961
39,6,1.0,-1.0,-0.44186337780184315,13.408974991361882
39,7,1.0,-1.0,-0.4977096056609397,16.26909154806389
39,8,1.0,-1.0,-0.625443834423417,17.50934472629932
39,9,1.0,-1.0,-1.3343911576539338,15.676002490261919
39,10,1.0,-1.0,-0.6159776723056716,17.062955024639955
39,11,1.0,1.0,0.5183849342239626,16.360493054409492
39,12,1.0,1.0,1.2485934487402404,18.1050875348279
39,13,1.0,-1.0,-0.32753371209387905,14.579177647613388
39,14,1.0,-1.0,-0.7342359642945299,14.247222342358999
39,15,1.0,-1.0,-0.8332499259014788,15.00048363422348
39,16,1.0,-1.0,-0.1741983289855044,16.54895306214678
39,17,1.0,1.0,0.37344261093508957,17.75496134564549
39,18,1.0,1.0,0.0994914100488173,12.75627289715649
39,19,1.0,1.0,1.120888900873722,14.481474254290037
39,20,1.0,-1.0,-0.3233146003176234,12.05049440902107
39,21,1.0,-1.0,-0.15298928297949616,10.950547628239923
39,22,1.0,1.0,0.7314087259324666,17.51884779497085
39,23,1.0,1.0,0.6963830287439723,15.337198030806713
39,24,1.0,1.0,0.7007522883334689,19.087218347471573
39,25,1.0,-1.0,-0.5936673111824846,12.446240574740278
39,26,1.0,-1.0,-0.2873379635830767,15.553937506281688
39,27,1.0,-1.0,-0.9341425185254586,18.10663114195038
39,28,1.0,-1.0,-0.144904522217022,14.710756049105534
39,29,1.0,1.0,1.0965989308182826,16.56914528940515
39,30,1.0,-1.0,-0.21420930440291033,14.24012599162051
39,31,1.0,1.0,0.3476312926363419,16.590637945861683
39,32,1.0,-1.0,-0.2671227761781531,19.30329487986892
39,33,1.0,-1.0,-0.5190045513873094,11.713261832968215
39,34,1.0,1.0,0.167334097310675,15.008595087856456
39,35,1.0,-1.0,-0.7819179267611447,17.780178786490602
39,36,1.0,-1.0,-0.01951624514613101,12.241615837186187
39,37,1.0,1.0,0.0664052243301113,18.052936252248188
39,38,1.0,1.0,0.227533012835997,17.03046341041486
39,39,1.0,1.0,0.16011234849060638,16.052078198279386
39,40,1.0,-1.0,-0.5468151441790695,14.913270925893027
39,41,1.0,1.0,0.7047074754927428,15.706234016290722
39,42,1.0,-1.0,-1.0748441117373393,16.144114730109717
39,43,1.0,-1.0,-1.0180056054039877,15.13386906746123
39,44,1.0,-1.0,-0.20056127984884986,13.446563158871019
39,45,1.0,-1.0,-1.1915362449737472,15.702882340498322
39,46,1.0,1.0,0.7830801099182626,15.590047858299302
39,47,1.0,1.0,0.5329879768589962,15.516067719572465
39,48,1.0,-1.0,-0.7416348426117809,12.034245580590392
39,49,1.0,1.0,0.19531152997480025,15.702622509044717
39,50,1.0,-1.0,-0.11081285887231165,16.21551659097951
39,51,1.0,-1.0,-1.1810360220499425,17.122043449777607
39,52,1.0,1.0,0.9806792373450163,16.25955495090958
39,53,1.0,-1.0,-0.4103468331065218,19.016413150945564
39,54,1.0,1.0,0.8718678657044925,17.267622742645713
39,55,1.0,1.0,0.07973656395426784,19.51026469561335
39,56,1.0,1.0,0.669786090465494,18.442772093982175
39,57,1.0,-1.0,-0.685694060552325,12.265118294535016
39,58,1.0,-1.0,-0.5751285127428726,14.99519393799222
39,59,1.0,-1.0,-0.42401967099482507,17.43233468970415
39,60,1.0,-1.0,-0.38739161908584707,16.619257062628105
39,61,1.0,1.0,0.368499672841228,12.734658326284912
39,62,1.0,1.0,0.1671805636701977,19.089551882495066
39,63,1.0,1.0,0.6874230599311602,18.790410597362253
39,64,-1.0,1.0,0.5340486660335846,16.463728733508134
39,65,-1.0,1.0,0.374957972515201,17.81921237967764
39,66,-1.0,1.0,0.4708668627781324,14.801940967610385
39,67,-1.0,1.0,0.03341378514994793,16.139125915290947
39,68,-1.0,1.0,0.5677515130501629,11.893971067955384
39,69,-1.0,-1.0,-0.390403781710458,18.3640334414611
39,70,-1.0,-1.0,-0.12810011965761658,12.68711241815089
39,71,-1.0,-1.0,-0.3062776621582426,13.704908182576462
39,72,-1.0,1.0,0.30433125223726243,13.9016867823171
39,73,-1.0,1.0,0.4822579511900698,15.958146083733077
39,74,-1.0,1.0,0.6409358204670955,18.952586489628406
39,75,-1.0,1.0,0.8688075652733129,13.829012874034984
39,76,-1.0,1.0,0.6345502945794633,15.859430385634363
39,77,-1.0,-1.0,-0.016850455854135298,12.247653967192052
39,78,-1.0,1.0,0.5471284589091611,14.549644417602629
39,79,-1.0,1.0,0.7626885212240538,14.371854683025497
39,80,-1.0,1.0,0.04521295955787942,13.779209835175063
39,81,-1.0,1.0,1.2293158231416943,15.787544982005494
39,82,-1.0,1.0,0.020944990193247637,17.863710701195252
39,83,-1.0,1.0,0.08775254390879143,13.407278173344372
39,84,-1.0,1.0,0.7564988327379617,16.270137335788654
39,85,-1.0,1.0,0.5473108027111451,19.876139734802113
39,86,-1.0,-1.0,-0.1517830031940256,13.433343509012179
39,87,-1.0,1.0,0.433084574959184,15.698806985647206
39,88,-1.0,1.0,0.2484446752241245,14.253533865820046
39,89,-1.0,-1.0,-0.039566059445501955,18.18831726575755
39,90,-1.0,1.0,0.11879340835814384,13.603767827289042
39,91,-1.0,1.0,0.1464157722684968,14.993846134011381
39,92,-1.0,1.0,0.6371472366238475,15.068931399991683
39,93,-1.0,1.0,1.0216182981076525,16.500658816210418
39,94,-1.0,1.0,0.4454168879780251,19.4024404790978
39,95,-1.0,1.0,0.598790394492595,14.375964662363307
39,96,-1.0,-1.0,-0.03248199028524271,14.08016319092331
39,97,-1.0,1.0,0.00899647057119711,13.60093208247714
39,98,-1.0,1.0,0.13266580895768493,13.764997218480238
39,99,-1.0,1.0,1.1864927413204627,14.667733504501802
39,100,-1.0,1.0,0.06981455850715859,15.17114251832076
39,101,-1.0,1.0,0.4843439680116076,17.112753620094864
39,102,-1.0,1.0,0.219880880217029,14.899406338475506
39,103,-1.0,-1.0,-0.1860537966302596,16.594545964090308
39,104,-1.0,1.0,0.6656268654528941,15.334538624538073
39,105,-1.0,1.0,0.3430422367806669,12.049671938460932
39,106,-1.0,-1.0,-0.4343842663053219,13.753816158095729
39,107,-1.0,1.0,0.4457209973235301,14.117931600817258
39,108,-1.0,1.0,0.6710444584563959,14.059280964226112
39,109,-1.0,-1.0,-0.11687070225546611,16.049495715342903
39,110,-1.0,1.0,0.07382304834823686,17.888988525494238
39,111,-1.0,1.0,1.439138414143779,15.151498175653899
39,112,-1.0,-1.0,-0.35372174405111506,17.787899686663053
39,113,-1.0,1.0,0.016867517828714235,15.196647168625292
39,114,-1.0,1.0,1.077336872015055,20.04467762864418
39,115,-1.0,-1.0,-0.3807504621724365,14.026419486424016
39,116,-1.0,1.0,1.00682670948973,18.24707083736004
39,117,-1.0,-1.0,-0.461696406699033,13.000742817700198
39,118,-1.0,1.0,0.6896569802022886,17.514860104561865
39,119,-1.0,1.0,0.2092505692184341,14.371329853241928
39,120,-1.0,1.0,1.129495103767164,16.671919773075576
39,121,-1.0,-1.0,-0.10053348879031238,19.1615464538272
39,122,-1.0,1.0,0.2407147421076658,14.348665254432687
39,123,-1.0,1.0,0.34846173173280715,17.58974846115615
39,124,-1.0,-1.0,-0.3463674541878792,14.72662782227111
39,125,-1.0,1.0,0.21695704346237543,18.53746500267084
39,126,-1.0,1.0,0.39005942591596354,13.415894114464116
39,127,-1.0,-1.0,-0.1501190406608809,18.83237733668899
40,0,1.0,-1.0,-0.05584089881118588,14.877899890337554
40,1,1.0,1.0,0.17314409372091055,18.40643151364634
40,2,1.0,-1.0,-1.022799906641164,17.379491666248587
40,3,1.0,-1.0,-0.9415052474944848,14.399195165849642
40,4,1.0,-1.0,-0.13142137214206195,13.677449889524897
40,5,1.0,-1.0,-0.06750463390070718,13.574519834793382
40,6,1.0,-1.0,-0.6745722397218519,14.402696297922567
40,7,1.0,-1.0,-0.33015600532287254,15.162033526995113
40,8,1.0,-1.0,-1.049632163269686,16.53410666268532
40,9,1.0,-1.0,-1.338126617479835,16.344433129687793
40,10,1.0,1.0,0.3891201661160728,14.649073530773231
40,11,1.0,1.0,0.17669205906893493,16.851862130021676
40,12,1.0,-1.0,-1.0161611761166505,17.720622150288243
40,13,1.0,-1.0,-0.7934628511026643,14.855730913590008
40,14,1.0,-1.0,-0.896651943990691,15.02759837156964
40,15,1.0,-1.0,-0.8909680922294922,15.294232958257565
40,16,1.0,-1.0,-0.6580658889277767,12.346796228480965
40,17,1.0,-1.0,-0.7011406206529607,13.762824954283323
40,18,1.0,-1.0,-0.2849432135580699,12.568066670774604
40,19,1.0,1.0,0.5456778854542916,17.44197125733588
40,20,1.0,-1.0,-0.21331856811358565,17.652646682358302
40,21,1.0,-1.0,-0.9772600120012696,14.947534873118268
40,22,1.0,-1.0,-1.1662852642613342,14.71994691832315
40,23,1.0,-1.0,-0.18212047394321287,13.027934062099623
40,24,1.0,1.0,0.017051905560890673,12.643478176254344
40,25,1.0,1.0,0.620284477781958,16.256206653307405
40,26,1.0,-1.0,-0.28320782612358975,18.45346232606129
40,27,1.0,-1.0,-0.6274472466810384,12.913514480138694
40,28,1.0,-1.0,-0.30701454698438485,14.547968890294731
40,29,1.0,-1.0,-0.21356880132018174,18.499625332706913
40,30,1.0,1.0,0.1653868105953096,14.779036042195385
40,31,1.0,-1.0,-0.7128074291520896,13.996848059504375
40,32,1.0,-1.0,-0.9710354962911674,13.627124595745787
40,33,1.0,-1.0,-0.016628128363654612,16.052883603376173
40,34,1.0,-1.0,-0.6480727870697753,13.327783498015034
40,35,1.0,-1.0,-0.028386361579903985,15.484904875785878
40,36,1.0,1.0,0.03512249837055753,18.033732725750404
40,37,1.0,-1.0,-0.3530177082378945,18.966880837982846
40,38,1.0,-1.0,-0.6475091737120614,18.823568051323075
40,39,1.0,-1.0,-0.6888490687045963,11.806228638340428
40,40,1.0,-1.0,-0.527997289988172,18.01662684501653
40,41,1.0,1.0,0.23863513391147034,13.035585265736215
40,42,1.0,-1.0,-0.5237613391873216,14.47264677996753
40,43,1.0,1.0,0.32317472582130974,18.64856867849115
40,44,1.0,-1.0,-0.12140949317825693,17.457063960176768
40,45,1.0,-1.0,-0.27414105254427934,15.633459441728675
40,46,1.0,1.0,0.3471203513952512,15.520099697810595
40,47,1.0,1.0,0.2566930361107405,15.061475257340886
40,48,1.0,-1.0,-0.3110570234301426,14.181991671926268
40,49,1.0,-1.0,-0.5703005596835861,18.024364535511406
40,50,1.0,-1.0,-0.25475372184491507,13.73515108051491
40,51,1.0,1.0,0.36437137450868573,17.827685815745955
40,52,1.0,-1.0,-0.128369112670137,13.36694358405894
40,53,1.0,-1.0,-0.7252339845398127,15.633262157835182
40,54,1.0,-1.0,-1.308937966672168,16.24750083463146
40,55,1.0,-1.0,-0.6252734486840654,14.984093091027422
40,56,1.0,-1.0,-0.6843675644639348,15.419369765014618
40,57,1.0,1.0,0.19422233522213578,13.68434043418969
40,58,1.0,1.0,0.31077121256381335,14.94183703601699
40,59,1.0,-1.0,-0.4738762310043813,14.624904831499245
40,60,1.0,-1.0,-0.46597113336739493,14.3632445231001
40,61,1.0,-1.0,-0.15464275015902867,17.860037100840145
40,62,1.0,-1.0,-0.32697051743047006,12.725795762393723
40,63,1.0,1.0,0.20752568737679034,13.985476984515245
40,64,-1.0,1.0,0.10346569628931737,12.28258007750622
40,65,-1.0,-1.0,-0.08081319625902225,15.797580294480065
40,66,-1.0,1.0,0.12120058450760085,15.417914726821053
40,67,-1.0,1.0,0.317792889973037,17.061916071602976
40,68,-1.0,1.0,0.6438519427197932,17.948656960681795
40,69,-1.0,-1.0,-0.23508192260993804,18.09736497779218
40,70,-1.0,1.0,0.3455926037693726,16.815542356338188
40,71,-1.0,-1.0,-0.9365188879669957,16.740088852767133
40,72,-1.0,1.0,0.32834454816654546,13.496152124943215
40,73,-1.0,1.0,0.04268951982537021,14.149009887286622
40,74,-1.0,1.0,0.1720383427806242,14.292861229488405
40,75,-1.0,-1.0,-0.36467915445292387,17.977288110741778
40,76,-1.0,1.0,1.1535803177363795,18.52277553363244
40,77,-1.0,1.0,0.41016028650435765,14.85379822981396
40,78,-1.0,1.0,1.1213859396815733,14.96970470519617
40,79,-1.0,1.0,0.32570600401314864,15.903251229767061
40,80,-1.0,1.0,0.7767489102227823,19.14217608632455
40,81,-1.0,1.0,0.7733538499601254,19.32378833569193
40,82,-1.0,-1.0,-0.35175443998647854,16.87245173501529
40,83,-1.0,1.0,0.5270151753165963,11.904023419776955
40,84,-1.0,1.0,1.4774226543677766,14.313157103430514
40,85,-1.0,1.0,0.2136637495282906,15.253794161374348
40,86,-1.0,-1.0,-0.6928341193350234,15.177213634879841
40,87,-1.0,-1.0,-0.010381925924461993,14.177526968151202
40,88,-1.0,-1.0,-0.1444986534972844,16.67928366882507
40,89,-1.0,1.0,1.0964460677077268,14.967293925846024
40,90,-1.0,-1.0,-0.2864376767202198,17.02059052505797
40,91,-1.0,1.0,0.3026047816659023,17.863115528092017
40,92,-1.0,1.0,1.2010286550260225,15.148878854240966
40,93,-1.0,1.0,0.27967601628274624,15.519093739698917
40,94,-1.0,1.0,1.1266230078308483,15.887433231537337
40,95,-1.0,1.0,0.3958469330342307,17.741113731763836
40,96,-1.0,1.0,0.025189273072540153,15.113237648017144
40,97,-1.0,1.0,0.4733713619798999,14.608542640480957
40,98,-1.0,1.0,0.28498859298382306,16.70703505519261
40,99,-1.0,-1.0,-0.3903300599959236,15.97542465870231
40,100,-1.0,-1.0,-0.7507802571846084,15.56410104037447
40,101,-1.0,-1.0,-0.46773647376844196,15.083585706469352
40,102,-1.0,1.0,0.4607358054535334,12.53292333228462
40,103,-1.0,-1.0,-0.046642848620242316,15.601120537810067
40,104,-1.0,1.0,0.5076934091371149,11.655979081409711
40,105,-1.0,-1.0,-0.3713076508753608,17.368939967873374
40,106,-1.0,1.0,1.1486738039332294,17.12077353895199
40,107,-1.0,1.0,0.06526942187763415,16.1018820727117
40,108,-1.0,-1.0,-0.2788197000395637,16.48776521517067
40,109,-1.0,1.0,0.468207890568312,12.995093405278283
40,110,-1.0,-1.0,-0.5658575818664984,15.276018112367305
40,111,-1.0,-1.0,-0.9336360407499109,15.213187714715025
40,112,-1.0,1.0,0.3096551072220881,15.552150739276636
40,113,-1.0,-1.0,-0.07950883635061601,14.810815150642568
40,114,-1.0,1.0,0.3744620292912155,13.304405841178557
40,115,-1.0,1.0,0.7473763607834971,11.89179538067231
40,116,-1.0,1.0,0.04222618960282848,16.77686272494688
40,117,-1.0,1.0,0.2653139318217726,17.163166128041496
40,118,-1.0,1.0,0.8096874530213891,14.049517400547012
40,119,-1.0,1.0,0.06179842931306405,14.721102426466246
40,120,-1.0,1.0,0.3632173250517205,17.84721821961868
40,121,-1.0,1.0,1.0443627830570916,14.417460439921125
40,122,-1.0,1.0,0.0785165488661069,12.499051666699144
40,123,-1.0,1.0,0.47814576912553475,13.336662748256442
40,124,-1.0,1.0,0.2815696307937493,12.832532652496443
40,125,-1.0,1.0,1.1076683648452887,16.970850382602244
40,126,-1.0,1.0,0.18192106171367955,15.053426868198965
40,127,-1.0,-1.0,-0.18755231023798086,13.68025660008476
41,0,1.0,1.0,1.00457440554518,15.245455377503092
41,1,1.0,1.0,0.5751845267915093,14.713203186448544
41,2,1.0,-1.0,-1.0743294223964017,15.627818067639884
41,3,1.0,1.0,0.6787402737301956,17.973578816017266
41,4,1.0,1.0,0.9409417556844002,19.473683845465853
41,5,1.0,-1.0,-1.3576445689667151,15.837850722566282
41,6,1.0,-1.0,-0.3355939502437918,17.51250055201926
41,7,1.0,-1.0,-0.7821470648031025,17.524418851920046
41,8,1.0,1.0,0.02759337772142527,19.97014311490303
41,9,1.0,1.0,0.24387653763364797,15.368811370938431
41,10,1.0,1.0,0.4863893797788786,14.3165257971672
41,11,1.0,-1.0,-1.0086329218431391,13.963815008118292
41,12,1.0,1.0,0.07087470748639174,15.944463168951923
41,13,1.0,1.0,0.2704207914052117,18.05256114307548
41,14,1.0,1.0,0.47664832891688985,18.968588174186213
41,15,1.0,-1.0,-0.7966565597067637,15.083973030481175
41,16,1.0,1.0,0.08382902003322323,15.46217550404603
41,17,1.0,-1.0,-0.05828366530179961,15.775294042735762
41,18,1.0,-1.0,-0.30561481030773835,14.78886879559063
41,19,1.0,-1.0,-0.1540487308012409,13.049895917164688
41,20,1.0,1.0,0.9010497835788952,12.604218932049234
41,21,1.0,1.0,1.273213416641064,20.4086877878089
41,22,1.0,1.0,1.0193968809185938,20.105293401962324
41,23,1.0,-1.0,-0.3772076191738381,19.848150387617505
41,24,1.0,-1.0,-0.9400454315812669,15.105787645486036
41,25,1.0,-1.0,-0.6942311526382972,16.684017531907177
41,26,1.0,1.0,0.20084702992104347,13.756190310674125
41,27,1.0,1.0,0.4932806638814854,14.943885588474267
41,28,1.0,1.0,0.4791354197256924,19.809578380451125
41,29,1.0,-1.0,-0.6016587812852509,18.360421683737965
41,30,1.0,1.0,0.9591059509444791,12.003896475004963
41,31,1.0,1.0,0.012523624823814472,18.542343031245192
41,32,1.0,1.0,0.12181956704972835,15.449095340946531
41,33,1.0,1.0,1.029452565422739,18.346204587878482
41,34,1.0,1.0,1.048355872397978,16.007678737921637
41,35,1.0,1.0,0.4552046953733594,12.030737538185297
41,36,1.0,1.0,0.8032761504913106,14.555923211554143
41,37,1.0,1.0,0.1632073931974103,14.701884848815507
41,38,1.0,1.0,0.35214789803204255,15.54306998996335
41,39,1.0,1.0,1.0858247768470344,12.178987305424764
41,40,1.0,1.0,0.6567527763431451,14.707892820298818
41,41,1.0,1.0,0.20246152291790237,14.91757624246514
41,42,1.0,-1.0,-0.1629329458998689,17.45862332928899
41,43,1.0,-1.0,-0.8557766753174026,13.783494000638655
41,44,1.0,1.0,0.32239028685359805,18.518762422124524
41,45,1.0,-1.0,-0.6635577886067409,13.565660067529654
41,46,1.0,-1.0,-1.1732090441244198,15.69584595910877
41,47,1.0,-1.0,-1.19535675476354,14.058841497098248
41,48,1.0,1.0,0.36337857144133023,17.468775838925698
41,49,1.0,1.0,0.24995206845435314,10.950860064828106
41,50,1.0,-1.0,-0.8100544804482102,15.570951950106991
41,51,1.0,-1.0,-0.38416338412997814,15.45891085815119
41,52,1.0,-1.0,-0.5038721697433395,16.71283149269732
41,53,1.0,1.0,0.44071012480634975,15.702833344750797
41,54,1.0,-1.0,-0.05943915827264197,14.956649987877716
41,55,1.0,-1.0,-2.280336195531118,16.98366844507778
41,56,1.0,1.0,0.6427553138011748,13.478052313351844
41,57,1.0,1.0,0.3612192158090863,12.747984529761943
41,58,1.0,1.0,0.04198939452536672,13.97671244978896
41,59,1.0,1.0,1.4001504332136117,18.196184471212227
41,60,1.0,1.0,0.17040108849114033,13.353548849634635
41,61,1.0,-1.0,-0.044926456823856376,15.4115951739231
41,62,1.0,-1.0,-0.4414622906511162,16.862570741682738
41,63,1.0,1.0,0.2834569451000784,17.037206850757283
41,64,-1.0,-1.0,-0.7305070527557259,15.896717751242761
41,65,-1.0,-1.0,-0.5050547313599107,11.93839896070704
41,66,-1.0,1.0,1.1178944683047656,12.545229026866398
41,67,-1.0,-1.0,-1.1238548240947144,16.63547589609232
41,68,-1.0,-1.0,-0.332329646918681,13.950660699157531
41,69,-1.0,1.0,1.5444183854730105,17.378837318210255
41,70,-1.0,1.0,0.6410354077293454,17.206111662717177
41,71,-1.0,1.0,0.5446536622933722,15.099366905915444
41,72,-1.0,1.0,0.060409340965399294,14.450168933306589
41,73,-1.0,-1.0,-0.3009323186977909,15.186710597569702
41,74,-1.0,-1.0,-1.357628341484866,15.064701537369011
41,75,-1.0,1.0,0.8574461603901846,15.288127340601028
41,76,-1.0,1.0,1.2072852094039759,19.557884553290783
41,77,-1.0,1.0,0.4707764315403772,15.257589217390906
41,78,-1.0,-1.0,-0.3691457591092671,11.907492101267865
41,79,-1.0,1.0,1.0740829957509697,18.18745635048281
41,80,-1.0,-1.0,-0.6215056625545747,17.119836476301685
41,81,-1.0,1.0,0.6852736918651658,18.201320023796608
41,82,-1.0,-1.0,-0.024378829746423775,15.234051617603162
41,83,-1.0,1.0,0.3355735797177853,16.98776577139137
41,84,-1.0,1.0,0.9682143113995234,13.356665378112844
41,85,-1.0,1.0,0.7222607758997345,12.717845157489135
41,86,-1.0,-1.0,-1.291117130599687,13.708956327630831
41,87,-1.0,1.0,0.8529244137557607,17.55171859937886
41,88,-1.0,1.0,1.8915911834913313,20.378840361213015
41,89,-1.0,-1.0,-0.5731163243014189,17.41038799434937
41,90,-1.0,1.0,1.0431061024180843,19.233028838618708
41,91,-1.0,-1.0,-0.8303797733953451,14.92340866127205
41,92,-1.0,-1.0,-0.12863661781846583,18.325307242556143
41,93,-1.0,-1.0,-0.8212503279674183,15.463889759753172
41,94,-1.0,1.0,1.5371217751701123,18.508882653129866
41,95,-1.0,-1.0,-0.7060400244320711,14.07392826009405
41,96,-1.0,1.0,0.47924048767160665,15.576023856079717
41,97,-1.0,1.0,0.1863072881089296,13.09005498447703
41,98,-1.0,-1.0,-1.203440592210817,15.866121546714723
41,99,-1.0,-1.0,-0.4731312012662015,17.017500965762025
41,100,-1.0,1.0,1.4833428505854198,16.442969996023056
41,101,-1.0,1.0,0.9089337429422123,13.89576642884331
41,102,-1.0,1.0,1.0065683792151927,15.545970802994256
41,103,-1.0,-1.0,-1.2374433024099434,15.31460686754171
41,104,-1.0,1.0,0.18207559032152296,14.138257973027532
41,105,-1.0,1.0,2.345489738900068,15.445846913342228
41,106,-1.0,-1.0,-0.39050909857945154,14.529167143773483
41,107,-1.0,-1.0,-0.027959479491645345,13.29029990040384
41,108,-1.0,1.0,0.030998825920642625,18.696407186611562
41,109,-1.0,-1.0,-0.584470602414636,16.480984979332774
41,110,-1.0,-1.0,-0.40547889066106324,14.987812962630816
41,111,-1.0,1.0,1.2662455664725527,15.47814000535887
41,112,-1.0,1.0,0.0754322637257062,17.52115996952738
41,113,-1.0,1.0,0.824313390894818,17.03648218442151
41,114,-1.0,-1.0,-0.039010122025104926,16.500857646279126
41,115,-1.0,1.0,1.6366927482239675,16.35699966388982
41,116,-1.0,-1.0,-0.03522885462066455,11.50604992322501
41,117,-1.0,1.0,0.32776531210926185,14.727749516533143
41,118,-1.0,1.0,0.7297065117396461,16.675059773286055
41,119,-1.0,1.0,0.4889173135165197,14.097588422060243
41,120,-1.0,1.0,0.45738273743209384,15.441882944455191
41,121,-1.0,1.0,1.212243710954003,18.31561856393161
41,122,-1.0,1.0,1.164546339159103,13.744536792903329
41,123,-1.0,-1.0,-0.8852465318287277,12.092992590336802
41,124,-1.0,-1.0,-0.10541221344127166,12.102790307001444
41,125,-1.0,1.0,0.378724539750405,13.003584895821158
41,126,-1.0,1.0,0.054392367106332135,13.452098077877102
41,127,-1.0,1.0,0.17730727716069458,16.898728010121456
42,0,1.0,1.0,0.11704899343175199,14.479007421394225
42,1,1.0,1.0,0.09543630868771594,14.849617625543974
42,2,1.0,1.0,0.8578446247278042,13.887807130794565
42,3,1.0,-1.0,-0.805252467275454,12.064960227078862
42,4,1.0,-1.0,-0.7502594222724968,14.730933444208139
42,5,1.0,1.0,1.0406616304053997,16.084749815409943
42,6,1.0,1.0,1.281215700476605,17.93306634548126
42,7,1.0,1.0,0.1764348392954651,15.192252974016846
42,8,1.0,-1.0,-0.5029217826548624,16.91478361119979
42,9,1.0,-1.0,-0.43118105739978,16.27477527763786
42,10,1.0,-1.0,-1.2767909789115652,12.479345693216747
42,11,1.0,1.0,1.0569709180129951,15.317923554740318
42,12,1.0,1.0,0.07195902867757732,16.4635692737397
42,13,1.0,-1.0,-0.5471144851668658,12.716806027542454
42,14,1.0,-1.0,-0.3187441692080405,17.519027763886662
42,15,1.0,1.0,0.12487462994212375,13.629288130186774
42,16,1.0,-1.0,-0.9911960906614077,13.243768109125325
42,17,1.0,-1.0,-0.27458519873862125,14.716062609048985
42,18,1.0,1.0,0.4830105400732225,12.697295161512056
42,19,1.0,1.0,1.403118650578476,16.244181738562713
42,20,1.0,1.0,1.4366124539334482,17.614456062563328
42,21,1.0,-1.0,-1.0192276474216109,13.498813867784154
42,22,1.0,-1.0,-0.9442907010304404,13.695235138864392
42,23,1.0,1.0,1.0190471269737624,13.281177420055842
42,24,1.0,-1.0,-0.10377492450451994,15.309981339184445
42,25,1.0,1.0,1.1528531708517622,14.729721016581642
42,26,1.0,-1.0,-0.35336233842225667,15.764408402868748
42,27,1.0,1.0,2.026478045706445,17.220036771062542
42,28,1.0,-1.0,-1.087370491591336,17.110190362562065
42,29,1.0,1.0,0.9954282458702175,14.771035931272086
42,30,1.0,-1.0,-1.1517383489873214,18.50870199762418
42,31,1.0,-1.0,-0.00024024990240620325,15.52996027216726
42,32,1.0,1.0,0.8246882746708473,12.570000335807153
42,33,1.0,1.0,1.0056308358586519,15.016485916704568
42,34,1.0,1.0,1.7691507629123537,16.765649384736843
42,35,1.0,1.0,0.6225704339214934,13.147589363495243
42,36,1.0,-1.0,-0.851635611552018,15.239253549836098
42,37,1.0,1.0,0.2272101941343221,14.862530975474863
42,38,1.0,-1.0,-0.6738877669263922,15.221406414304363
42,39,1.0,-1.0,-0.06315772243539469,12.925939423418265
42,40,1.0,-1.0,-0.574754891174338,17.680934882918375
42,41,1.0,1.0,1.2576929373973738,12.927922279361244
42,42,1.0,1.0,0.8289925766298558,17.497738035416063
42,43,1.0,1.0,0.3563423434133694,12.014717394856248
42,44,1.0,-1.0,-0.5639362301555981,16.769227442342398
42,45,1.0,1.0,0.39379772925404927,14.00642599126729
42,46,1.0,-1.0,-0.3577440537003149,15.079348941704437
42,47,1.0,-1.0,-0.6968549744962317,17.507395270645024
42,48,1.0,-1.0,-0.6951110332362149,17.249349140110148
42,49,1.0,-1.0,-0.6644261188148818,17.092214118547517
42,50,1.0,-1.0,-1.198781986277941,15.889300727723755
42,51,1.0,1.0,0.6392898679455992,14.560391387602174
42,52,1.0,-1.0,-0.9787481173245243,14.02072152779882
42,53,1.0,-1.0,-0.4393221346849557,16.068428002269236
42,54,1.0,-1.0,-0.36140367533046325,14.672551474619237
42,55,1.0,-1.0,-1.1759399615491217,14.793379298298294
42,56,1.0,-1.0,-2.645151881440022,18.38806070984177
42,57,1.0,1.0,1.2580716001852037,13.4762618269053
42,58,1.0,-1.0,-1.7844387933079162,16.56809177887207
42,59,1.0,1.0,0.3918285248294544,14.70744948374763
42,60,1.0,-1.0,-2.2292263977225297,15.997073903572561
42,61,1.0,1.0,1.1071581026846977,12.44720939093039
42,62,1.0,-1.0,-0.04318844167896209,12.56401706598666
42,63,1.0,-1.0,-0.8041513218359788,17.874975047135052
42,64,-1.0,1.0,0.04440825584228042,15.859253912804466
42,65,-1.0,1.0,0.7796105147474957,16.976331654609336
42,66,-1.0,-1.0,-1.463078624752356,17.961359618972484
42,67,-1.0,1.0,0.6772099762891743,14.674189558516606
42,68,-1.0,1.0,0.5500948347325579,14.166596845981582
42,69,-1.0,-1.0,-1.442191673457592,15.093404838673383
42,70,-1.0,1.0,0.00038291562105213783,18.71179485357726
42,71,-1.0,-1.0,-0.07878280136228351,13.819837353445784
42,72,-1.0,1.0,0.10264832007445521,11.887874849289867
42,73,-1.0,1.0,1.6997700881216466,12.742032731219812
42,74,-1.0,-1.0,-0.6350436279702005,15.974779794015278
42,75,-1.0,1.0,0.29965288048629896,15.518634108577636
42,76,-1.0,1.0,0.7436348291024909,15.934838319947895
42,77,-1.0,-1.0,-0.5235231047265434,12.702000954315238
42,78,-1.0,-1.0,-0.47460074815255693,17.8493102952537
42,79,-1.0,-1.0,-0.5250014342465468,14.50068312629769
42,80,-1.0,-1.0,-1.0746350997293257,16.79938662873935
42,81,-1.0,-1.0,-1.343943380458383,17.11058922793061
42,82,-1.0,1.0,1.8826751338715642,16.068274109580297
42,83,-1.0,1.0,1.195615919379686,14.62583143894116
42,84,-1.0,-1.0,-0.2974086050275667,14.754712498134941
42,85,-1.0,1.0,0.6759410303124955,13.738450021231719
42,86,-1.0,1.0,2.113734598879212,15.219696523765178
42,87,-1.0,-1.0,-0.3659055151326634,14.03165387152445
42,88,-1.0,1.0,1.4564800987085378,16.61414838019807
42,89,-1.0,-1.0,-0.00025261988257289925,14.746567369365852
42,90,-1.0,1.0,1.4284660061834848,11.487327719814283
42,91,-1.0,-1.0,-0.3427871261030393,17.803486257759
42,92,-1.0,-1.0,-0.13424740584697292,18.15828815267086
42,93,-1.0,-1.0,-1.1153327777863966,15.738093705901962
42,94,-1.0,1.0,0.014875906716718401,18.44899653031468
42,95,-1.0,1.0,0.08290375047991858,14.465205301064366
42,96,-1.0,1.0,0.41455114263535847,10.426385456969443
42,97,-1.0,-1.0,-1.243769208049599,17.640306626087206
42,98,-1.0,1.0,1.0958585420455051,16.492062981589896
42,99,-1.0,1.0,1.0019507230892233,16.26934783047733
42,100,-1.0,1.0,0.2721540846263758,18.075625853176454
42,101,-1.0,1.0,0.055758069840972674,15.642635211760846
42,102,-1.0,-1.0,-0.408863110629066,13.008865564374783
42,103,-1.0,1.0,0.08468226719369795,16.139100647336335
42,104,-1.0,1.0,0.33118788169639835,16.329264323476053
42,105,-1.0,1.0,0.39200196089289085,12.919686409002157
42,106,-1.0,-1.0,-1.1468499810867185,15.766211153379583
42,107,-1.0,-1.0,-0.948065474365685,14.695818012309811
42,108,-1.0,-1.0,-0.4646862603999853,13.775412840922046
42,109,-1.0,-1.0,-0.8056899807088882,15.420046108947577
42,110,-1.0,-1.0,-0.06679444063304363,13.441425641566012
42,111,-1.0,1.0,0.4111360031646936,17.571905611523263
42,112,-1.0,-1.0,-0.19807276810146673,13.143557707442485
42,113,-1.0,-1.0,-0.250349691110768,12.949786558667757
42,114,-1.0,-1.0,-0.3673336569739236,13.235659969532856
42,115,-1.0,1.0,1.2851046062013713,16.82551918257393
42,116,-1.0,1.0,0.9463815634519764,15.759703337003433
42,117,-1.0,1.0,2.3077890644078467,13.673689808387984
42,118,-1.0,1.0,0.07319758673449078,14.025159751875446
42,119,-1.0,1.0,0.8958354449293815,13.130165448564975
42,120,-1.0,-1.0,-0.018113635267172218,16.00240202872206
42,121,-1.0,-1.0,-0.871220535589375,18.553539280861646
42,122,-1.0,-1.0,-0.21097350171642043,12.440589928876637
42,123,-1.0,-1.0,-1.136632964424793,14.297368043972195
42,124,-1.0,1.0,0.22066854290810053,12.086940829969532
42,125,-1.0,-1.0,-0.33342445037481594,10.76534321235213
42,126,-1.0,1.0,1.0111723105058674,13.776856357581513
42,127,-1.0,-1.0,-0.21274253457608003,18.902242992529082
43,0,1.0,-1.0,-0.9103952627489257,13.731957608781514
43,1,1.0,-1.0,-1.06608867020276,15.045367862401498
43,2,1.0,1.0,0.14660829663063513,14.57774864423457
43,3,1.0,-1.0,-0.18035800787304812,17.235688912615426
43,4,1.0,-1.0,-0.8918545008247061,13.604088569236358
43,5,1.0,-1.0,-2.5950008831058646,17.23898957412507
43,6,1.0,-1.0,-0.9335965612570287,12.841836589017618
43,7,1.0,-1.0,-0.9796202148708295,13.577860917817084
43,8,1.0,-1.0,-0.4997151470242405,15.7047208604917
43,9,1.0,1.0,0.22034060908288267,14.344865972878413
43,10,1.0,-1.0,-1.9063492594094673,14.662189130043297
43,11,1.0,1.0,0.41762469648520395,12.90535312587152
43,12,1.0,1.0,0.54596258051456,13.452042313150418
43,13,1.0,1.0,0.3569522431535129,14.053798491080194
43,14,1.0,-1.0,-0.12179828654287445,17.41084314467044
43,15,1.0,1.0,0.26773568158544603,14.486628352344473
43,16,1.0,-1.0,-0.16329231582281906,13.722868496961848
43,17,1.0,-1.0,-1.9969700619365471,18.991014846649424
43,18,1.0,1.0,0.29232726161075506,18.117486679357153
43,19,1.0,1.0,0.1927747413494448,18.393643468828046
43,20,1.0,-1.0,-1.0954059892977923,15.478819340374393
43,21,1.0,-1.0,-1.5629072049084987,17.47729794630094
43,22,1.0,1.0,0.21738644080789027,17.630566853791354
43,23,1.0,1.0,0.22869888518944764,13.50366490836569
43,24,1.0,1.0,0.36785074233350296,15.506962169495607
43,25,1.0,1.0,0.2616581948773424,10.10493353924249
43,26,1.0,-1.0,-0.9240138751349426,14.561877187494598
43,27,1.0,-1.0,-0.3817908192815954,14.546077578524363
43,28,1.0,1.0,0.19573509248168489,12.82927201423362
43,29,1.0,1.0,0.6666410389040427,16.28876218922525
43,30,1.0,1.0,0.750914938139928,15.899318983050952
43,31,1.0,-1.0,-0.011566095647203026,16.009526535032908
43,32,1.0,-1.0,-1.4130441276780044,14.25645950838627
43,33,1.0,1.0,0.4946667817846233,14.616602787089889
43,34,1.0,-1.0,-0.08930735339701201,14.840366295625794
43,35,1.0,1.0,0.6761275208578552,13.782402404576523
43,36,1.0,-1.0,-0.08489537751914641,15.915055366845529
43,37,1.0,-1.0,-0.44708111090743075,16.17313877897157
43,38,1.0,-1.0,-1.312490761047205,12.585919810416307
43,39,1.0,1.0,0.3371558353789384,15.045287535596767
43,40,1.0,-1.0,-1.0124859813904916,13.885590060126285
43,41,1.0,-1.0,-0.11595839684836437,13.020214475908567
43,42,1.0,1.0,0.772570252565969,17.940021173868608
43,43,1.0,1.0,0.008668076244562853,17.13109338647865
43,44,1.0,-1.0,-1.3118892542698464,14.477260043032814
43,45,1.0,-1.0,-1.538700195563105,14.323860652896188
43,46,1.0,-1.0,-0.5803499113179875,16.45583213448449
43,47,1.0,-1.0,-1.0334884203895087,11.342746541319785
43,48,1.0,1.0,0.44067838466201836,14.167179293522178
43,49,1.0,1.0,0.26472719105016274,12.531628277352784
43,50,1.0,1.0,0.1692422745143224,13.003439027183129
43,51,1.0,-1.0,-0.1546742585204812,15.519633247451083
43,52,1.0,1.0,0.753956355114277,12.588133467459059
43,53,1.0,-1.0,-0.0918659136065517,11.607571108821059
43,54,1.0,-1.0,-0.5229766192739891,14.721609142487376
43,55,1.0,1.0,0.2512600025446757,18.35477183008796
43,56,1.0,1.0,0.49362239699607957,12.521834916505457
43,57,1.0,-1.0,-1.5840370441475624,17.053808374444007
43,58,1.0,1.0,0.7493495312384872,17.712667698493124
43,59,1.0,1.0,0.5897191473709713,13.391308919394397
43,60,1.0,-1.0,-0.12379964735479058,10.742306010046812
43,61,1.0,1.0,0.801448707867568,14.756300449819252
43,62,1.0,-1.0,-0.6646866210124928,16.440610136748283
43,63,1.0,-1.0,-0.6315802239387243,13.52123385559738
43,64,-1.0,1.0,0.5337125321782022,15.75967061454247
43,65,-1.0,-1.0,-1.1791715344462927,14.574071577259266
43,66,-1.0,-1.0,-0.5567631888392013,16.40242895492153
43,67,-1.0,-1.0,-0.08876966319122469,17.21294107325764
43,68,-1.0,-1.0,-0.5037369813224988,12.819061133323313
43,69,-1.0,1.0,0.7087590640598813,17.650099210870536
43,70,-1.0,-1.0,-0.3020315211601071,15.733427841701186
43,71,-1.0,-1.0,-0.008990167466983001,14.914303849138415
43,72,-1.0,-1.0,-0.5024858710775734,12.826126100058461
43,73,-1.0,-1.0,-0.6034392032205924,13.902255838686001
43,74,-1.0,1.0,0.2651723473721528,17.22681655190284
43,75,-1.0,-1.0,-0.6997212477104926,17.8175378915724
43,76,-1.0,1.0,0.9324707359129697,12.433868523057333
43,77,-1.0,1.0,1.1053600386199818,16.481899721250326
43,78,-1.0,1.0,0.36950044419139355,14.11373547471721
43,79,-1.0,-1.0,-1.4708689205720418,17.004237569204502
43,80,-1.0,-1.0,-0.029611015891154835,16.15735167454774
43,81,-1.0,-1.0,-0.7373001728940956,14.781574345141562
43,82,-1.0,-1.0,-0.869144241281523,14.39515195264878
43,83,-1.0,1.0,0.14726070281416087,13.672817193400617
43,84,-1.0,-1.0,-0.46809544275239495,12.904832900858779
43,85,-1.0,1.0,0.1693385372838267,15.886185867707868
43,86,-1.0,-1.0,-0.34514718954590584,18.191617368386
43,87,-1.0,-1.0,-0.35743529705787247,18.260537984605
43,88,-1.0,1.0,0.9051877849417798,14.918012169609424
43,89,-1.0,1.0,0.08727625241871124,18.14200714204388
43,90,-1.0,1.0,0.06178698662165365,15.570497148734285
43,91,-1.0,1.0,0.0013504439367249543,12.102457711457244
43,92,-1.0,1.0,1.6304354668666334,14.135976486823834
43,93,-1.0,-1.0,-0.482378594602452,13.244626848017534
43,94,-1.0,-1.0,-0.21791267936172376,14.933396101721168
43,95,-1.0,1.0,0.3953426854017452,13.159599407211177
43,96,-1.0,1.0,0.4574793274487663,14.989621679436127
43,97,-1.0,-1.0,-0.3468991157530041,13.508815936115596
43,98,-1.0,-1.0,-1.0702860843912634,12.519271411462551
43,99,-1.0,1.0,0.17539487825694744,14.933143769665659
43,100,-1.0,-1.0,-1.4604769248975364,17.980514507719644
43,101,-1.0,-1.0,-0.6525234900271026,13.038633434231606
43,102,-1.0,1.0,0.37960525698653236,15.904100173597449
43,103,-1.0,-1.0,-0.6831520237143313,10.837711078306366
43,104,-1.0,-1.0,-0.021152905453517876,15.6722350546614
43,105,-1.0,1.0,1.2594220131968967,15.03741670371291
43,106,-1.0,1.0,0.9847531075098872,16.51325320037966
43,107,-1.0,-1.0,-0.8104570405426837,16.44421511642764
43,108,-1.0,-1.0,-0.4002355481847358,14.618396934929466
43,109,-1.0,-1.0,-1.2123231661677552,15.297538432843739
43,110,-1.0,1.0,1.0947483134445606,16.189817418061462
43,111,-1.0,-1.0,-0.5445230572775033,17.183730675918124
43,112,-1.0,1.0,1.2929978113815657,16.11646415880347
43,113,-1.0,-1.0,-0.5208544952389624,13.218608990628645
43,114,-1.0,1.0,0.2463197504264026,15.555320677005719
43,115,-1.0,1.0,1.1754057810996743,12.746162699657589
43,116,-1.0,-1.0,-1.2526426451339754,18.67807266939062
43,117,-1.0,1.0,0.6740130712432751,13.77728431205177
43,118,-1.0,1.0,0.3947317007800949,16.813655431975274
43,119,-1.0,-1.0,-0.2995337294289425,15.02766976356372
43,120,-1.0,-1.0,-0.6112071702183645,16.449686999504863
43,121,-1.0,1.0,0.27982750120001254,14.622117652593339
43,122,-1.0,-1.0,-1.4756891933010745,16.914873200605005
43,123,-1.0,-1.0,-1.6634362957609146,17.325368743135915
43,124,-1.0,-1.0,-0.12284242929255156,18.723047538946354
43,125,-1.0,-1.0,-0.8881975205002179,12.510429717712098
43,126,-1.0,1.0,0.2881409195740812,12.089551755330675
43,127,-1.0,-1.0,-0.09152446934080534,14.332902704558718
44,0,1.0,-1.0,-0.666836971275429,15.741068864656512
44,1,1.0,1.0,1.1086021284520584,19.705137160846437
44,2,1.0,1.0,0.46766241410388554,20.764917807119023
44,3,1.0,-1.0,-1.2647799438868357,14.773581621050376
44,4,1.0,-1.0,-0.07256529565786007,15.383970551702008
44,5,1.0,-1.0,-1.1170141479250655,12.180711091355516
44,6,1.0,1.0,0.09304703915958767,18.23699774010988
44,7,1.0,1.0,0.6841743505095264,14.5317872351255
44,8,1.0,1.0,0.26011677869925837,15.984207023489423
44,9,1.0,-1.0,-0.44617175906697415,14.656073464845164
44,10,1.0,1.0,0.701535038248748,13.701395847084447
44,11,1.0,-1.0,-0.756500188573526,14.484797728061801
44,12,1.0,-1.0,-1.1669779123321398,18.413650325747923
44,13,1.0,-1.0,-0.5501103345208161,12.372554567144526
44,14,1.0,-1.0,-1.2866611138690978,15.686425156759913
44,15,1.0,-1.0,-1.0971499476583872,15.548718892832786
44,16,1.0,-1.0,-0.32185747618765703,15.689563045211866
44,17,1.0,-1.0,-0.7150307897075594,13.289451250877628
44,18,1.0,1.0,0.7506533700019803,14.477548846844549
44,19,1.0,-1.0,-0.5612564006030414,18.50804231124842
44,20,1.0,1.0,0.30137644070366243,15.344301727574297
44,21,1.0,1.0,0.05032855927475,12.936651288535188
44,22,1.0,1.0,0.36057171339008015,12.869941318379126
44,23,1.0,1.0,0.6133680395011586,14.185900484079417
44,24,1.0,-1.0,-1.3990858374148056,18.9669575125884
44,25,1.0,-1.0,-1.417090352346175,15.5733745526428
44,26,1.0,-1.0,-0.1796518462415535,12.216105481538596
44,27,1.0,-1.0,-1.211849092832478,17.55794002271471
44,28,1.0,-1.0,-1.2369396805841173,16.791223001719114
44,29,1.0,1.0,1.1246770562800552,15.540476365357915
44,30,1.0,-1.0,-0.6833396657499585,15.614688441387745
44,31,1.0,-1.0,-0.9660401011679587,12.959265691257748
44,32,1.0,-1.0,-0.6540982048047665,18.206501729073818
44,33,1.0,1.0,0.42297757686169646,16.76493448889654
44,34,1.0,1.0,0.8070050873262025,15.779519301920867
44,35,1.0,-1.0,-0.5534351903305356,12.458003395172858
44,36,1.0,-1.0,-1.2823801649193591,13.410971965236303
44,37,1.0,1.0,0.5258125623134002,17.692788072065305
44,38,1.0,-1.0,-0.6538006750000076,15.722389269397011
44,39,1.0,-1.0,-0.5181996331295886,19.785901966936205
44,40,1.0,-1.0,-0.17046332253318397,14.39557192885507
44,41,1.0,-1.0,-1.5480585653185062,16.22535030650063
44,42,1.0,1.0,0.21812363457919848,19.667395447026227
44,43,1.0,-1.0,-0.13127610084817323,16.411751428762447
44,44,1.0,-1.0,-1.5774830147744197,14.295979188757858
44,45,1.0,1.0,0.35808363803910725,15.572782895980762
44,46,1.0,1.0,0.04192655342045981,19.846348274974897
44,47,1.0,1.0,0.8347970469606233,17.280970185037937
44,48,1.0,-1.0,-1.7948163968828454,16.020145765704257
44,49,1.0,1.0,0.3228731293673879,18.61347970080443
44,50,1.0,1.0,0.7907825956145315,20.869280730208324
44,51,1.0,1.0,0.8391954153510669,17.043878346655887
44,52,1.0,1.0,0.0316015096909525,15.830866110689522
44,53,1.0,-1.0,-0.009477938495164304,13.85018689747069
44,54,1.0,1.0,0.0723763728668334,14.694155379861805
44,55,1.0,-1.0,-0.3456473029354401,17.373158771204825
44,56,1.0,1.0,0.3012800646933443,11.73578551247371
44,57,1.0,-1.0,-1.3330937454651248,14.512832966075175
44,58,1.0,-1.0,-0.12615350289292615,13.949758436861963
44,59,1.0,-1.0,-0.402326263321372,14.4456940655536
44,60,1.0,1.0,0.14058316626471357,20.207822828296088
44,61,1.0,1.0,0.6783580985692056,14.46109630203408
44,62,1.0,1.0,0.15461000882513704,15.915339378319192
44,63,1.0,-1.0,-0.425483316000942,13.625089689104145
44,64,-1.0,1.0,0.8897830530628116,17.826984131116287
44,65,-1.0,1.0,0.314735231480409,17.82811056066261
44,66,-1.0,-1.0,-0.48907659257392344,15.632843784225813
44,67,-1.0,1.0,0.40494053554271586,16.434650386793376
44,68,-1.0,1.0,0.9996470790658287,20.408176313410358
44,69,-1.0,-1.0,-0.002964191638832922,14.307304368020532
44,70,-1.0,-1.0,-0.8017347173698205,16.970226207231857
44,71,-1.0,1.0,0.4001207832473957,15.018273400212165
44,72,-1.0,-1.0,-0.1961226588109982,19.427562367646733
44,73,-1.0,1.0,0.030993953226106458,13.471724486650539
44,74,-1.0,-1.0,-0.7551098463471269,17.741577589871667
44,75,-1.0,-1.0,-0.38748493765713404,12.825730459313775
44,76,-1.0,1.0,0.6470141737298776,16.266533980451616
44,77,-1.0,-1.0,-0.5835085513142712,13.811475563704928
44,78,-1.0,-1.0,-0.5168640996705087,16.21644442018176
44,79,-1.0,-1.0,-0.2948203836789427,18.21630979305078
44,80,-1.0,-1.0,-0.6305773730529519,14.047918282625872
44,81,-1.0,1.0,0.7569317283121282,16.55761203572751
44,82,-1.0,-1.0,-0.8720290593211951,18.353278578060195
44,83,-1.0,1.0,2.1814846829518033,16.47882592640221
44,84,-1.0,-1.0,-0.22492959606256005,12.615916571695594
44,85,-1.0,1.0,0.3615854341938427,13.617602668201663
44,86,-1.0,-1.0,-0.18070745191994417,15.38561631497149
44,87,-1.0,1.0,0.8014845860090987,14.302356062410631
44,88,-1.0,1.0,0.5970775863417059,20.185059514177556
44,89,-1.0,1.0,1.1653976613586632,12.120218988914688
44,90,-1.0,-1.0,-0.293432553477439,17.657851648374976
44,91,-1.0,-1.0,-0.04891856403745387,13.336339692477164
44,92,-1.0,1.0,0.4018760249992316,12.07418188623363
44,93,-1.0,1.0,0.40446294866783916,15.423747275910284
44,94,-1.0,1.0,0.09852255636878655,12.169306695077458
44,95,-1.0,-1.0,-0.8330153627462521,14.063222978327227
44,96,-1.0,1.0,1.4649418262777005,17.94346483303793
44,97,-1.0,1.0,1.7458434394654045,18.696941785740123
44,98,-1.0,-1.0,-0.6180506115827307,18.82892185508791
44,99,-1.0,1.0,0.05285816867511391,12.743717256040854
44,100,-1.0,1.0,0.338526202586685,16.721422927268797
44,101,-1.0,1.0,1.319885536183181,13.948343084919925
44,102,-1.0,1.0,0.27989010237291145,14.334345949943241
44,103,-1.0,1.0,0.2957215147369107,19.369834516527344
44,104,-1.0,1.0,0.5753014792059443,15.276014553281007
44,105,-1.0,-1.0,-0.39242794334944764,16.85039084385036
44,106,-1.0,-1.0,-0.8320883695114969,17.393434932612738
44,107,-1.0,-1.0,-0.3633925280696897,18.412429022828277
44,108,-1.0,1.0,0.4682630982693322,11.620304340799494
44,109,-1.0,1.0,0.1553764502180926,17.926503543103546
44,110,-1.0,1.0,0.8858262659466152,10.110274087215304
44,111,-1.0,1.0,1.1561649005777397,18.398750162259738
44,112,-1.0,1.0,0.9737011385720384,15.52423352752858
44,113,-1.0,-1.0,-0.7679159738830492,15.71138980732748
44,114,-1.0,-1.0,-0.9565086480460112,18.265857451179507
44,115,-1.0,-1.0,-0.8432230479445039,16.671338016303476
44,116,-1.0,1.0,0.04600840745936416,15.259528685870654
44,117,-1.0,-1.0,-0.6091124202224067,13.61536000990677
44,118,-1.0,1.0,0.1588854366034715,13.045966390160729
44,119,-1.0,-1.0,-0.4792827166656455,12.891369484100366
44,120,-1.0,-1.0,-0.5656130107795883,14.763986458134864
44,121,-1.0,1.0,1.1278302795742574,20.882460633971363
44,122,-1.0,-1.0,-0.32612597310571956,18.13858549513364
44,123,-1.0,-1.0,-0.8520797821358856,16.430415334103422
44,124,-1.0,1.0,1.8022309004665131,16.052632701067335
44,125,-1.0,1.0,1.9630564395175494,17.921697307105372
44,126,-1.0,1.0,0.19037750688101007,15.915970116393224
44,127,-1.0,1.0,0.656918768803425,15.084342991074122
45,0,1.0,1.0,0.319422978206996,14.229210696866874
45,1,1.0,-1.0,-2.5015569007164937,16.661550760432807
45,2,1.0,-1.0,-0.7903561075286796,12.336934629254316
45,3,1.0,1.0,1.2603857150155924,16.760964506958388
45,4,1.0,1.0,0.5348527824549503,14.542297214791166
45,5,1.0,1.0,1.23566698213257,14.256360367922078
45,6,1.0,-1.0,-1.196476929780679,18.21274590528478
45,7,1.0,-1.0,-2.2866539535827717,15.752152249263842
45,8,1.0,-1.0,-1.767155301583023,16.633372392937417
45,9,1.0,-1.0,-0.7482297231395909,12.35878484957176
45,10,1.0,-1.0,-0.9702181321804842,15.797345332290393
45,11,1.0,1.0,0.05751819544357968,15.808217837158374
45,12,1.0,-1.0,-0.23278985623219836,17.68380316897922
45,13,1.0,-1.0,-0.9969432554304759,14.800205873383169
45,14,1.0,1.0,0.6859673321504324,14.548080404016634
45,15,1.0,-1.0,-0.40056939097978306,13.690165457688504
45,16,1.0,1.0,0.1792269388135025,13.17291381245217
45,17,1.0,1.0,0.3739058313328718,14.007074607910985
45,18,1.0,-1.0,-1.4852978123738032,13.949882886138814
45,19,1.0,1.0,0.2996316213074558,15.047128236550677
45,20,1.0,-1.0,-1.0167617395664588,17.24336762164024
45,21,1.0,1.0,0.7486082072362563,17.803890240032086
45,22,1.0,-1.0,-0.803889575574137,15.04767537548213
45,23,1.0,-1.0,-0.42051477022733197,12.952148544119419
45,24,1.0,-1.0,-0.06164530233713655,14.793875095741962
45,25,1.0,1.0,1.3781526188670576,14.995509500825168
45,26,1.0,1.0,1.2503213581814572,16.945747566113493
45,27,1.0,1.0,0.24626764936301465,12.20980940891403
45,28,1.0,-1.0,-0.6798705944140021,14.804727660214489
45,29,1.0,1.0,0.6251576163955501,16.076578674327667
45,30,1.0,1.0,0.9088846839032698,17.658365954169543
45,31,1.0,-1.0,-0.5574217681544078,15.360044530786539
45,32,1.0,-1.0,-0.1292385928133023,13.787390988447804
45,33,1.0,-1.0,-0.9528447533357659,12.793390166480574
45,34,1.0,-1.0,-0.42657020178824406,12.808910968388941
45,35,1.0,-1.0,-1.1395694890039032,14.56408274298054
45,36,1.0,1.0,0.6654612535374795,15.227463838069292
45,37,1.0,-1.0,-0.5486674585162925,14.475175195380968
45,38,1.0,1.0,1.5535751279535108,15.243690598476748
45,39,1.0,1.0,0.6842818531898727,16.457338199259777
45,40,1.0,-1.0,-0.7441791310978545,15.783731188843792
45,41,1.0,-1.0,-1.013576974405769,18.01137270052958
45,42,1.0,1.0,0.6513913271102612,13.83651119454395
45,43,1.0,1.0,0.7409525174387948,18.292744028715596
45,44,1.0,-1.0,-1.6171995661803706,16.546548480713025
45,45,1.0,-1.0,-0.5036849408384025,15.188996329770749
45,46,1.0,-1.0,-0.1845962066947571,15.775260085374951
45,47,1.0,-1.0,-0.002554531248110864,17.533832894504773
45,48,1.0,1.0,0.3535824779185539,16.737885627825865
45,49,1.0,-1.0,-0.25087918368689277,11.56296495520348
45,50,1.0,1.0,0.5957397210014529,17.92772445313363
45,51,1.0,1.0,0.6188683031950712,12.94905502690521
45,52,1.0,1.0,0.4832804596749645,15.528323022337855
45,53,1.0,-1.0,-0.1778958532264982,10.79458366170752
45,54,1.0,1.0,0.4150817342276736,11.025633151384032
45,55,1.0,-1.0,-0.5408404007013319,14.142026654178032
45,56,1.0,1.0,1.5680402877126205,16.017808691310403
45,57,1.0,1.0,0.994061366312057,14.760930569602131
45,58,1.0,1.0,0.6912037897101132,14.489023246459823
45,59,1.0,1.0,0.3514244087332544,16.344263485317406
45,60,1.0,1.0,0.6753847215002596,16.667616207065763
45,61,1.0,1.0,1.2461251143276029,14.523549027501996
45,62,1.0,1.0,0.1388563073095675,16.622322323019077
45,63,1.0,-1.0,-0.06050324136632426,15.540661429429546
45,64,-1.0,1.0,0.7766011236403823,13.047705367087515
45,65,-1.0,-1.0,-0.35346057273558684,15.537555046913074
45,66,-1.0,1.0,0.5026358133111716,15.65162890403677
45,67,-1.0,1.0,0.12079988645660497,12.606771505650286
45,68,-1.0,1.0,1.9922826390585586,16.914079003274225
45,69,-1.0,-1.0,-0.07618995449004608,13.264131339398046
45,70,-1.0,-1.0,-0.304601073322839,17.70502843816118
45,71,-1.0,-1.0,-0.28688896516682405,17.080703010440182
45,72,-1.0,-1.0,-0.5646951531601742,14.654244233385826
45,73,-1.0,-1.0,-0.7459322950659648,17.932179411165027
45,74,-1.0,1.0,0.9432188834976055,16.695295694062967
45,75,-1.0,1.0,1.0491851568337558,16.158317511120675
45,76,-1.0,-1.0,-0.623062610489203,13.101001643218854
45,77,-1.0,1.0,0.37989438959508165,16.438147112438536
45,78,-1.0,-1.0,-0.5464589214127137,16.36779819659481
45,79,-1.0,1.0,1.7818342476641846,16.33180564320807
45,80,-1.0,-1.0,-0.6285350552135194,12.136892092373419
45,81,-1.0,1.0,1.9210870071347992,17.43985258416393
45,82,-1.0,1.0,2.179533164713424,16.787393182397352
45,83,-1.0,1.0,0.5868594227197512,17.96269060288341
45,84,-1.0,1.0,0.18502005977606423,13.019892525501925
45,85,-1.0,-1.0,-1.1290816983314789,13.771908207555361
45,86,-1.0,1.0,0.16294163372388026,17.025888411778315
45,87,-1.0,-1.0,-1.110613452073346,18.042256709161467
45,88,-1.0,-1.0,-0.3473599082030261,14.991260206535136
45,89,-1.0,-1.0,-0.8797568771302877,15.690701398307949
45,90,-1.0,1.0,0.7211664664992727,13.058081622667254
45,91,-1.0,1.0,1.2191566100751383,14.59721442578249
45,92,-1.0,-1.0,-0.4391367437200825,14.075169110261042
45,93,-1.0,1.0,1.7248984574852821,13.899942208324298
45,94,-1.0,-1.0,-0.7838398167894235,15.443665932273499
45,95,-1.0,-1.0,-0.9487688509546764,14.24853394621149
45,96,-1.0,-1.0,-0.6970213058109525,15.809813338987485
45,97,-1.0,1.0,0.06393660873841657,16.82364869207807
45,98,-1.0,-1.0,-0.47029624122293123,15.043306801458286
45,99,-1.0,-1.0,-0.47409653136721536,13.298807762826678
45,100,-1.0,1.0,1.2112581061035945,13.715742044904392
45,101,-1.0,1.0,1.082862906305486,15.618061017375243
45,102,-1.0,1.0,0.10724387854952058,12.798007441137099
45,103,-1.0,1.0,1.4567964149371757,15.711469356438862
45,104,-1.0,-1.0,-0.6559314045487612,16.521726802920902
45,105,-1.0,1.0,0.9416268527293423,11.551027733563645
45,106,-1.0,-1.0,-1.2512887795444056,16.89068731754657
45,107,-1.0,-1.0,-0.7516124325952088,16.12484664858087
45,108,-1.0,-1.0,-0.2604068784744397,11.415640624601082
45,109,-1.0,1.0,0.7716080015861294,13.469373664818296
45,110,-1.0,-1.0,-0.4761333663523096,14.568603413517648
45,111,-1.0,1.0,1.5284688487051261,15.183717390380544
45,112,-1.0,-1.0,-0.47693435042019205,15.929445610990426
45,113,-1.0,1.0,0.12476331347187423,14.76880155605456
45,114,-1.0,1.0,0.24597642215698043,12.850690378410768
45,115,-1.0,1.0,0.4057316318245823,14.370585582641644
45,116,-1.0,-1.0,-1.1106204168490268,17.747227586033315
45,117,-1.0,-1.0,-0.9934680764381795,16.328081274218643
45,118,-1.0,1.0,0.6276676310676215,13.535935792266665
45,119,-1.0,-1.0,-0.5952944684710262,16.291211406635
45,120,-1.0,-1.0,-0.9232383665349699,15.19835937714198
45,121,-1.0,-1.0,-0.4767732820948899,12.428754492698545
45,122,-1.0,1.0,0.5019439563067495,16.420518653654216
45,123,-1.0,1.0,1.0690505477982233,13.728611647829815
45,124,-1.0,-1.0,-0.23134260419330688,17.602262790374745
45,125,-1.0,-1.0,-0.4567102878170988,14.966594667919344
45,126,-1.0,-1.0,-1.222180602192735,13.521313075364878
45,127,-1.0,1.0,0.5390836350444955,13.23560130810157
46,0,1.0,-1.0,-0.3352875998432969,16.002179026581498
46,1,1.0,-1.0,-0.8115343702912833,14.05969218671325
46,2,1.0,1.0,0.44849547083927427,13.038167861406572
46,3,1.0,-1.0,-0.44350235615403766,16.44389017659108
46,4,1.0,1.0,0.3812593176326362,14.241757583672335
46,5,1.0,-1.0,-0.4826404968469782,15.217869357210741
46,6,1.0,-1.0,-0.11196865922982104,15.5440096349396
46,7,1.0,-1.0,-0.3045867032235149,15.697354457027798
46,8,1.0,1.0,0.4121318465650448,13.908914220478323
46,9,1.0,-1.0,-0.3336644417106961,18.910702717699788
46,10,1.0,1.0,0.2348752783437931,15.165340668615872
46,11,1.0,-1.0,-0.21879375092731093,12.229615356792108
46,12,1.0,-1.0,-0.39533947529221836,15.568770177071094
46,13,1.0,-1.0,-1.5923896708020875,11.399402278139727
46,14,1.0,-1.0,-0.13617008366988176,13.359036784908959
46,15,1.0,-1.0,-0.5099481270467885,15.79614218182342
46,16,1.0,1.0,0.1342479593168766,13.408604918862217
46,17,1.0,-1.0,-0.37670920524177975,14.132901241861722
46,18,1.0,-1.0,-0.4786149259913507,15.81450637318814
46,19,1.0,1.0,1.1631334185587408,15.032046041730686
46,20,1.0,-1.0,-0.9653860908710933,16.11632523697238
46,21,1.0,-1.0,-0.7040122926354898,14.582564089062231
46,22,1.0,-1.0,-0.4533628587306973,15.854822998205611
46,23,1.0,1.0,0.5081632042921314,17.35292001018371
46,24,1.0,-1.0,-0.2865540615054999,18.494101258057892
46,25,1.0,-1.0,-1.616996044661311,16.472913828771322
46,26,1.0,-1.0,-0.453605853051459,16.641481787882583
46,27,1.0,1.0,0.09651916288562006,18.055871829252933
46,28,1.0,-1.0,-0.005558780140225275,13.913165758082252
46,29,1.0,-1.0,-0.3427056018907285,17.148622241070342
46,30,1.0,-1.0,-0.060534853930131166,17.24568789814772
46,31,1.0,-1.0,-0.624658852061245,13.43669908380387
46,32,1.0,-1.0,-0.4647174134446678,19.468144987229856
46,33,1.0,-1.0,-0.28959024656736354,15.51277140061092
46,34,1.0,-1.0,-0.6479720082754967,15.650716319101598
46,35,1.0,-1.0,-0.30839485226957897,13.69391056141168
46,36,1.0,1.0,0.8544428082639296,14.620911403040598
46,37,1.0,-1.0,-0.38213809892761946,11.907929799813894
46,38,1.0,-1.0,-0.6647022658105001,12.331656853397028
46,39,1.0,1.0,0.18234657479264743,11.482428636014221
46,40,1.0,1.0,0.08136095823865466,19.586461302130147
46,41,1.0,-1.0,-0.16840852175829152,17.144257759417396
46,42,1.0,-1.0,-0.03563934602452294,11.299337881874628
46,43,1.0,1.0,0.35137196219606026,14.183453269355365
46,44,1.0,1.0,0.8458588137478449,15.419825502670156
46,45,1.0,-1.0,-0.8155762512016278,18.064784770921143
46,46,1.0,1.0,0.5547245118874012,12.23682089895363
46,47,1.0,-1.0,-0.39404495191750494,15.176506743651041
46,48,1.0,1.0,0.12402823128994299,17.19294594713897
46,49,1.0,1.0,0.26908474045360786,13.925512383536985
46,50,1.0,1.0,0.44733519712804126,16.68390510298243
46,51,1.0,1.0,0.34028282578475677,12.823252583835602
46,52,1.0,-1.0,-0.19905778173277203,11.016469441363578
46,53,1.0,-1.0,-0.27288178048528844,17.005875068746846
46,54,1.0,1.0,0.5605135047572274,14.989608416931459
46,55,1.0,-1.0,-0.6937712871242289,14.99524092822429
46,56,1.0,-1.0,-1.1410307287690777,14.251049257810877
46,57,1.0,1.0,0.018299739448909544,16.62383169305848
46,58,1.0,1.0,1.2501772817765526,14.757072062480097
46,59,1.0,-1.0,-1.3584313146288984,13.53746952525076
46,60,1.0,-1.0,-0.2802861318647043,16.316104522651038
46,61,1.0,-1.0,-0.36172718743405763,19.028643704336304
46,62,1.0,-1.0,-0.24915960244866342,17.550656042270894
46,63,1.0,1.0,0.08358205156858696,15.375182076383792
46,64,-1.0,1.0,0.7912981476211969,16.36657966441408
46,65,-1.0,1.0,0.21892337353360597,15.002754736355598
46,66,-1.0,1.0,0.20643309168286078,14.335284762147214
46,67,-1.0,1.0,1.0861737441046213,15.243330892361062
46,68,-1.0,1.0,0.0008117114769404243,13.461477738802339
46,69,-1.0,-1.0,-0.0345897670615509,14.882638419505147
46,70,-1.0,1.0,0.46075944056982754,18.749999782435918
46,71,-1.0,1.0,0.028993551920353466,15.653425170837357
46,72,-1.0,-1.0,-0.12814885421936903,16.557379370837868
46,73,-1.0,-1.0,-1.283058848260049,14.822661476293243
46,74,-1.0,-1.0,-0.07678968246653961,17.885082826092106
46,75,-1.0,-1.0,-1.7929972635929974,14.434924787028327
46,76,-1.0,1.0,0.08501012186918849,13.639467923687686
46,77,-1.0,1.0,0.6552714001350389,15.531827457999462
46,78,-1.0,-1.0,-1.5003222798306066,13.100714104821439
46,79,-1.0,1.0,0.8831620335401541,14.80417604518954
46,80,-1.0,1.0,0.42934692779095435,17.410662732609566
46,81,-1.0,1.0,0.03162157909297922,13.348372514960953
46,82,-1.0,1.0,0.21336245023545644,12.365934083449707
46,83,-1.0,-1.0,-1.2578893848120503,16.136179288304245
46,84,-1.0,1.0,0.8389630099060291,17.702176024110955
46,85,-1.0,1.0,0.02303061369056026,12.739606335286982
46,86,-1.0,-1.0,-0.24200265066466026,18.120580753540686
46,87,-1.0,1.0,0.5897950575098978,16.464015886674503
46,88,-1.0,1.0,0.2948254864402591,17.378012947351113
46,89,-1.0,1.0,0.0122524432272747,15.573555008395104
46,90,-1.0,1.0,1.421781902203463,16.241270111615027
46,91,-1.0,1.0,0.1149891933146294,11.543789197089804
46,92,-1.0,-1.0,-1.595261476403487,14.526036941321113
46,93,-1.0,1.0,0.21517352029299597,18.255625975228874
46,94,-1.0,1.0,1.2645040095147837,17.223127359447147
46,95,-1.0,-1.0,-0.10440465257474457,15.876745642002088
46,96,-1.0,1.0,1.0652916925658515,16.70941267068461
46,97,-1.0,-1.0,-1.9370427588051038,14.194157774975162
46,98,-1.0,1.0,0.02324922535531268,17.315545748077138
46,99,-1.0,1.0,0.465757060764764,17.04380547949597
46,100,-1.0,1.0,0.28166386283117817,14.233222494449999
46,101,-1.0,1.0,0.673289105258884,18.425538299231118
46,102,-1.0,-1.0,-1.3809929887841417,14.724021038378375
46,103,-1.0,-1.0,-0.10041424245161937,12.359752763227256
46,104,-1.0,-1.0,-0.04377807588239037,15.251465187829355
46,105,-1.0,-1.0,-0.08827189641518779,14.364547717053748
46,106,-1.0,-1.0,-0.6306789611772068,12.292246319751401
46,107,-1.0,1.0,1.009456567738025,18.254904722231526
46,108,-1.0,1.0,1.2772718163926764,11.609025156982979
46,109,-1.0,1.0,0.8850598146382278,17.148767656969916
46,110,-1.0,1.0,0.6816305545225777,13.781674118030296
46,111,-1.0,1.0,0.5388054654312298,13.092887725895848
46,112,-1.0,1.0,0.8181712945784092,10.422869061625708
46,113,-1.0,1.0,0.887248817890922,16.102429501017276
46,114,-1.0,1.0,0.27342272927936373,14.451539357175765
46,115,-1.0,1.0,0.7284737520727778,18.958126988378066
46,116,-1.0,-1.0,-1.2353605678041724,16.20184639183936
46,117,-1.0,-1.0,-1.342467759553084,16.83101092572884
46,118,-1.0,-1.0,-0.0969282231776995,15.152673055249316
46,119,-1.0,1.0,0.8182845652151769,14.742005262296672
46,120,-1.0,-1.0,-0.8806768774758222,15.43689653717049
46,121,-1.0,1.0,0.34851569405890626,16.802452001277793
46,122,-1.0,-1.0,-0.013669992987190169,12.676115397144796
46,123,-1.0,1.0,0.45285099343681046,16.52944590719835
46,124,-1.0,-1.0,-1.8101188030641588,14.652161607134058
46,125,-1.0,1.0,0.31877768016360286,13.86860028630842
46,126,-1.0,1.0,0.4723795291630615,17.88027081538633
46,127,-1.0,1.0,0.40567993321745055,13.965905292892392
47,0,1.0,1.0,0.4384031286671618,13.58683740238383
47,1,1.0,1.0,1.3103438968917578,16.662465888640003
47,2,1.0,1.0,0.18738959872187855,18.88554962258724
47,3,1.0,1.0,0.04775008773703873,13.045124914131495
47,4,1.0,1.0,0.09441074166864305,14.97929777986684
47,5,1.0,1.0,0.05293198073363278,14.937798316406578
47,6,1.0,1.0,0.32930264517774643,14.545397397202542
47,7,1.0,1.0,0.14543407548579532,12.013454158193273
47,8,1.0,-1.0,-1.6769725250273608,17.36429435375806
47,9,1.0,-1.0,-1.5636649070188295,13.794791053018159
47,10,1.0,-1.0,-0.5124331447998062,13.126300088396695
47,11,1.0,1.0,0.3541849895661058,13.59764985816559
47,12,1.0,-1.0,-0.1792016058593069,16.682119434776805
47,13,1.0,-1.0,-0.2874579848208103,16.706352167346076
47,14,1.0,1.0,0.40014860931383367,14.800993687107354
47,15,1.0,1.0,0.4720292227255148,15.306577368135294
47,16,1.0,1.0,1.002417112808167,16.821624243787458
47,17,1.0,-1.0,-0.08183120009010011,15.746846492483606
47,18,1.0,1.0,0.4401461805883211,16.578702044801304
47,19,1.0,1.0,0.7068230824683593,15.645169563465583
47,20,1.0,-1.0,-0.8230220235783154,14.561740136858118
47,21,1.0,1.0,0.4337204253263665,13.877209176393398
47,22,1.0,-1.0,-0.05076631270469961,15.777969097492312
47,23,1.0,1.0,0.9696621168381812,15.874075108064346
47,24,1.0,-1.0,-0.8136737839587729,16.22586479550788
47,25,1.0,1.0,0.9843933448713803,17.458328363042074
47,26,1.0,1.0,0.4920219028786125,15.442025184146637
47,27,1.0,1.0,0.09198117370049431,13.800285240381964
47,28,1.0,1.0,0.9466605742892839,14.316015702023726
47,29,1.0,1.0,0.25878332106895235,18.71082740594067
47,30,1.0,-1.0,-0.060833033194956435,17.82699373429648
47,31,1.0,1.0,0.14855583591560179,15.221712727924366
47,32,1.0,1.0,0.5070708872921139,18.03257881814177
47,33,1.0,-1.0,-0.4980485897499512,14.25665327897519
47,34,1.0,-1.0,-0.48491326446621585,16.787587100089844
47,35,1.0,1.0,0.2606271396974538,15.011061824839722
47,36,1.0,-1.0,-0.609410725745685,12.284757947200921
47,37,1.0,-1.0,-0.3287680349901894,13.725689484715856
47,38,1.0,1.0,0.16416755399726746,11.1984299375712
47,39,1.0,1.0,0.14320414931598058,18.734638358261083
47,40,1.0,1.0,0.2040477224948936,14.555797929562761
47,41,1.0,-1.0,-0.21856080638152953,15.43142509222385
47,42,1.0,1.0,1.5941400374245611,16.960814887177357
47,43,1.0,1.0,0.373240123034531,14.19575365720675
47,44,1.0,1.0,1.3833325539014738,16.722706939876723
47,45,1.0,-1.0,-0.03189390408182534,13.958072358458034
47,46,1.0,-1.0,-0.7107911698639147,15.348735202153167
47,47,1.0,-1.0,-0.3152029370531769,16.041075570914387
47,48,1.0,-1.0,-0.30951860004812803,17.208236289411374
47,49,1.0,-1.0,-0.7204989128066397,13.74732719163797
47,50,1.0,1.0,0.38023598701385963,17.187785598088087
47,51,1.0,1.0,1.1258902314149686,17.854247713266506
47,52,1.0,1.0,0.05088329256964649,15.523067250539738
47,53,1.0,1.0,0.146285894959507,13.39036427353472
47,54,1.0,-1.0,-0.46372980206246206,16.708212453953223
47,55,1.0,-1.0,-0.7042696987856476,13.612257776068729
47,56,1.0,1.0,0.4811266154039712,14.214473620909017
47,57,1.0,1.0,0.49136112765312934,12.460744460084687
47,58,1.0,1.0,0.2047153210703963,14.957631850593314
47,59,1.0,1.0,0.21757520128523183,13.115043664601712
47,60,1.0,-1.0,-0.44382267773944895,15.567983892214116
47,61,1.0,-1.0,-0.4092781634317117,13.358052316786647
47,62,1.0,1.0,0.19270564330670759,15.676102881893263
47,63,1.0,1.0,0.3451221276130693,16.989217724817927
47,64,-1.0,-1.0,-0.9654938145669332,15.051937080318007
47,65,-1.0,1.0,0.6833125077288006,15.303148192321453
47,66,-1.0,1.0,1.681797377097308,15.28782799327714
47,67,-1.0,1.0,0.8796028318577191,15.674668023313659
47,68,-1.0,1.0,0.9522698622650745,14.818228591601878
47,69,-1.0,-1.0,-0.2825368505486671,16.186828502997873
47,70,-1.0,1.0,0.20582010830777142,11.929597274611929
47,71,-1.0,1.0,0.17746254722695,12.153873030312969
47,72,-1.0,1.0,1.0173654005719945,14.618318976841728
47,73,-1.0,1.0,0.7373692335119653,13.988125412989248
47,74,-1.0,-1.0,-1.1371351058231376,13.559911920214942
47,75,-1.0,1.0,0.7859273149824688,15.286111591875589
47,76,-1.0,1.0,0.26912572950618463,13.841799146719884
47,77,-1.0,1.0,0.9424980570003737,17.09308645380322
47,78,-1.0,-1.0,-0.1631001865956629,13.56940193769056
47,79,-1.0,1.0,0.56850891924964,13.263851168178748
47,80,-1.0,-1.0,-0.02281482255298957,15.669944562739472
47,81,-1.0,1.0,1.569314140703515,14.84234938641406
47,82,-1.0,1.0,1.0581897150051243,15.601523785899902
47,83,-1.0,1.0,1.28641697501322,15.760678284816956
47,84,-1.0,1.0,0.22410441272046697,16.13660493100102
47,85,-1.0,-1.0,-0.399099833066235,13.63199837639559
47,86,-1.0,1.0,0.7364630773774661,11.920898663936171
47,87,-1.0,-1.0,-0.3544041857673629,17.761069349746126
47,88,-1.0,1.0,0.06635326073421381,14.119054952508659
47,89,-1.0,1.0,1.054220844999743,14.990584355656225
47,90,-1.0,1.0,0.38935353896917124,14.899615350764833
47,91,-1.0,1.0,0.18804893588801044,16.40623653644838
47,92,-1.0,1.0,0.5375602099037955,13.561508664386821
47,93,-1.0,-1.0,-1.1948064131675797,15.43337984037213
47,94,-1.0,1.0,0.3503777622716123,13.88168361595703
47,95,-1.0,1.0,0.007084660554323517,14.076738906184671
47,96,-1.0,-1.0,-0.32911496379193605,12.992090636383448
47,97,-1.0,1.0,0.08884251935107448,11.971108931576033
47,98,-1.0,1.0,0.9969499172802038,14.944920083373452
47,99,-1.0,1.0,1.6721128772144898,17.427982616917472
47,100,-1.0,-1.0,-0.5733784774956558,13.512099308303489
47,101,-1.0,1.0,1.5340841504510274,14.510535631169098
47,102,-1.0,1.0,0.06721219665583904,14.382966638974064
47,103,-1.0,-1.0,-0.0049179160069919015,12.24430285990545
47,104,-1.0,1.0,0.43291904123773267,16.860747448074928
47,105,-1.0,1.0,1.485302038523955,16.04561153594975
47,106,-1.0,1.0,0.2240063027934659,17.965785776057803
47,107,-1.0,-1.0,-1.0929303736336093,15.204795278340901
47,108,-1.0,1.0,1.603493268702873,18.11015497814841
47,109,-1.0,1.0,1.309925610146488,15.721015690218609
47,110,-1.0,1.0,0.3503732512281565,13.89522953478829
47,111,-1.0,-1.0,-0.8099949664611306,12.875430690074008
47,112,-1.0,1.0,1.9659144275498939,17.128595636865562
47,113,-1.0,1.0,1.1901836470242095,12.730766870630875
47,114,-1.0,1.0,0.4022284788880642,13.922758015520099
47,115,-1.0,1.0,0.21404870232654466,13.388734933612497
47,116,-1.0,1.0,0.10822087935903782,11.554550979173488
47,117,-1.0,-1.0,-0.3775600283095146,15.53255673055692
47,118,-1.0,-1.0,-0.8851323694805194,15.904003868318805
47,119,-1.0,1.0,0.6216944369479704,17.957087944499943
47,120,-1.0,1.0,0.016796603539175947,12.689833273222428
47,121,-1.0,1.0,0.9886691664769702,14.597777083118599
47,122,-1.0,1.0,1.0032567471987475,17.965684799316822
47,123,-1.0,1.0,1.0379491305995237,13.494693975091073
47,124,-1.0,1.0,0.7049189288086182,13.052194008561383
47,125,-1.0,1.0,0.06386032224122495,13.140031079504242
47,126,-1.0,1.0,0.9005198253720161,18.426119833867403
47,127,-1.0,1.0,0.4048315556871979,14.827065331667574
48,0,1.0,-1.0,-0.19779269792101284,12.755684391863518
48,1,1.0,1.0,0.4401975083203063,16.65040978698617
48,2,1.0,-1.0,-1.5492380340241387,17.70879126399549
48,3,1.0,-1.0,-0.2308756410708564,14.97010558513026
48,4,1.0,1.0,0.7582029272787925,18.397200738071184
48,5,1.0,-1.0,-0.6790801291118495,19.421102829157817
48,6,1.0,-1.0,-0.8252129587212108,14.888988111874335
48,7,1.0,1.0,0.11988438063190561,12.71223592436848
48,8,1.0,-1.0,-0.04855642961666784,18.36650610336003
48,9,1.0,-1.0,-0.10547206119330509,15.51827969717174
48,10,1.0,-1.0,-1.0437659818129492,15.322440300316352
48,11,1.0,1.0,0.03667694093859339,15.417161950454124
48,12,1.0,-1.0,-2.194082788539451,18.067782873535368
48,13,1.0,1.0,0.06252327669180771,11.957905744929137
48,14,1.0,-1.0,-0.16949791975196415,15.73194807052581
48,15,1.0,1.0,0.39434841941490684,14.94329919476939
48,16,1.0,1.0,0.42545160688238626,14.207029378393914
48,17,1.0,-1.0,-1.4852256086882067,12.696614531806855
48,18,1.0,1.0,0.5939414304398585,18.043163024129733
48,19,1.0,-1.0,-0.49842851056149906,14.185823553428094
48,20,1.0,-1.0,-0.7314585766978059,12.327112797916842
48,21,1.0,-1.0,-0.026386763077204833,14.8407316776096
48,22,1.0,1.0,0.30333223872222836,17.759553795332142
48,23,1.0,-1.0,-1.5775228909776529,15.05503041322828
48,24,1.0,-1.0,-0.24016965200143015,18.97493235071985
48,25,1.0,-1.0,-0.4167506093064238,12.905339798232072
48,26,1.0,-1.0,-1.0807494144680705,18.70274946194556
48,27,1.0,-1.0,-0.17392047469134253,14.218004321556023
48,28,1.0,-1.0,-0.24774434162053996,16.00557444254736
48,29,1.0,1.0,0.6385683157378949,12.015184088659792
48,30,1.0,-1.0,-0.26347153543665863,16.605926260656968
48,31,1.0,1.0,0.35384777804257966,13.668641264404702
48,32,1.0,1.0,0.7612897129428656,15.496181048210316
48,33,1.0,-1.0,-0.2817438636051697,16.78095205424261
48,34,1.0,1.0,0.5521901742826987,13.604063439301942
48,35,1.0,-1.0,-0.5750931426041275,18.025060960856795
48,36,1.0,-1.0,-0.5476298800549736,15.143984059507112
48,37,1.0,1.0,0.1102902309591583,14.55740010968904
48,38,1.0,1.0,0.6571244168322425,12.960287854123477
48,39,1.0,1.0,0.20102354579489845,13.384750215807735
48,40,1.0,1.0,0.46630407126189455,12.789948957820458
48,41,1.0,-1.0,-0.604619415156129,15.442138325369775
48,42,1.0,-1.0,-0.11422658601031885,15.14643571397376
48,43,1.0,-1.0,-0.5018266734302962,17.05511610400613
48,44,1.0,-1.0,-0.045727120333420274,15.265245711612183
48,45,1.0,-1.0,-0.7900783553305137,14.571056635056761
48,46,1.0,-1.0,-1.3533956756399717,18.775061692525696
48,47,1.0,1.0,0.8462641160438723,14.575301251585953
48,48,1.0,-1.0,-1.3509818776622384,17.594448068622
48,49,1.0,1.0,0.0927547383694853,12.755600946215115
48,50,1.0,1.0,0.2210781968587135,13.286630424485336
48,51,1.0,-1.0,-0.5933507330104336,13.920121685996763
48,52,1.0,-1.0,-0.06079092843465611,15.867734427890209
48,53,1.0,1.0,0.741615235419797,14.986447082745375
48,54,1.0,1.0,0.4353925872814549,12.667126105980199
48,55,1.0,-1.0,-0.07784151336083092,15.218048309630626
48,56,1.0,-1.0,-0.4769656511651086,19.303777682915875
48,57,1.0,1.0,0.11681791487642151,13.58731086918758
48,58,1.0,1.0,0.8331296277223831,11.875593389752767
48,59,1.0,1.0,0.3704530541642028,13.81295882352351
48,60,1.0,-1.0,-0.5030225339501906,15.350902975105473
48,61,1.0,-1.0,-0.3868395861491388,15.929275382766834
48,62,1.0,1.0,0.04612634337575318,13.815354491602497
48,63,1.0,-1.0,-1.0454749595643438,17.604018848111675
48,64,-1.0,-1.0,-0.7736664569499381,12.49327677137562
48,65,-1.0,-1.0,-0.8097315393264393,17.578375865429166
48,66,-1.0,-1.0,-0.8690676041322141,17.689471577686362
48,67,-1.0,1.0,0.022870610545090653,15.224511592180082
48,68,-1.0,1.0,0.06337156666683323,14.857931535403889
48,69,-1.0,1.0,0.7776160310378905,14.527470927525187
48,70,-1.0,1.0,0.5821639622436073,14.953327539761625
48,71,-1.0,1.0,0.07877718621129673,17.127453327921533
48,72,-1.0,1.0,0.3881510784659929,18.118792526016648
48,73,-1.0,1.0,0.0808658149949525,13.20066973603632
48,74,-1.0,-1.0,-0.7232210004445997,13.141769988619108
48,75,-1.0,-1.0,-0.3410033260206841,18.93335919480167
48,76,-1.0,1.0,0.3991686159305587,19.153507184773062
48,77,-1.0,1.0,1.2589345184856036,14.71952744820744
48,78,-1.0,1.0,0.3975819996396392,11.182804976455333
48,79,-1.0,1.0,1.741679459167046,15.05983401796449
48,80,-1.0,-1.0,-0.35135871569629096,17.57235794313634
48,81,-1.0,1.0,0.5413658002676203,10.945540064032874
48,82,-1.0,-1.0,-0.06241954158569664,18.144239797647266
48,83,-1.0,-1.0,-1.0704474928801975,17.697131309061078
48,84,-1.0,1.0,0.23203856631157563,14.497972102694007
48,85,-1.0,-1.0,-0.11060000067687684,16.141533887640467
48,86,-1.0,-1.0,-0.9699504483844056,17.952596875831965
48,87,-1.0,-1.0,-1.1099848513323078,15.12124861939082
48,88,-1.0,1.0,0.8327542511465105,12.6627046161214
48,89,-1.0,1.0,0.1894733670122961,14.32627814879818
48,90,-1.0,-1.0,-0.7535118458041894,17.18237061500349
48,91,-1.0,-1.0,-0.513908870573297,14.780909064932832
48,92,-1.0,-1.0,-0.8222648980173899,15.334479690749681
48,93,-1.0,-1.0,-0.5909016569660801,17.376030871753283
48,94,-1.0,-1.0,-0.5703726313094165,14.457118636517896
48,95,-1.0,-1.0,-0.5572788553067218,16.48980785679905
48,96,-1.0,1.0,0.2848664247357226,14.202065338432169
48,97,-1.0,1.0,1.0327471233224927,18.414005522428035
48,98,-1.0,1.0,1.0742727466095108,13.743062221008593
48,99,-1.0,1.0,0.6803688062434401,13.05323952229035
48,100,-1.0,1.0,0.7437986998582002,12.73938851847441
48,101,-1.0,-1.0,-0.07710645716902242,16.555178878571887
48,102,-1.0,-1.0,-0.9600315432678225,18.103253971349798
48,103,-1.0,-1.0,-0.8878876556907963,15.352574715617415
48,104,-1.0,1.0,0.3858102584682614,13.588562070403865
48,105,-1.0,1.0,1.4974762746078039,16.200044683749006
48,106,-1.0,1.0,0.5572083561491794,15.29344420898235
48,107,-1.0,1.0,0.41424584962987465,11.944904660104951
48,108,-1.0,-1.0,-0.9616615249904225,11.83742388172938
48,109,-1.0,-1.0,-0.187163141399311,16.744010379686944
48,110,-1.0,1.0,1.1671895436745896,16.18797659031214
48,111,-1.0,-1.0,-0.631261499588133,16.53276645995978
48,112,-1.0,-1.0,-0.3734025711866586,16.260014039015225
48,113,-1.0,1.0,1.1066551296035114,18.31780501336122
48,114,-1.0,1.0,0.340245759317154,18.365316933420573
48,115,-1.0,1.0,0.16953675806454496,14.098779793703692
48,116,-1.0,-1.0,-0.8827112838109775,13.610226038391824
48,117,-1.0,-1.0,-0.032301523101158164,14.619673451686209
48,118,-1.0,-1.0,-0.050478503009021444,18.389169399215362
48,119,-1.0,-1.0,-1.0716264945375065,12.287534857032462
48,120,-1.0,-1.0,-0.7682679220830493,14.209631810889661
48,121,-1.0,1.0,0.4988885090720552,13.71887584819827
48,122,-1.0,1.0,0.987564994184065,13.158224186775854
48,123,-1.0,-1.0,-0.14335394410481767,18.42730937036808
48,124,-1.0,-1.0,-0.3270765248434728,18.53566437396535
48,125,-1.0,1.0,1.3233788174148864,14.316665709846122
48,126,-1.0,-1.0,-1.117425296732133,15.683547522134365
48,127,-1.0,1.0,0.30536028912164376,14.88604427210766
49,0,1.0,1.0,0.5838419249678737,15.533840800822249
49,1,1.0,1.0,0.07715433194455874,15.049823434911698
49,2,1.0,1.0,0.490514405736142,16.76135766910537
49,3,1.0,-1.0,-1.5922162065377417,17.097143772080546
49,4,1.0,-1.0,-0.08488970099724846,11.533121480244032
49,5,1.0,1.0,0.183214317184414,18.005750217204426
49,6,1.0,1.0,0.5542824309959726,15.297359374175828
49,7,1.0,-1.0,-0.7459914254631064,16.808014037707924
49,8,1.0,1.0,0.35810526693142203,15.229666454723363
49,9,1.0,-1.0,-1.9424409695904596,14.722410223389941
49,10,1.0,-1.0,-0.8492491209385322,13.079851976372186
49,11,1.0,1.0,0.23425300125054893,14.208041981292727
49,12,1.0,-1.0,-0.4655611754889941,18.077758175034866
49,13,1.0,1.0,0.9781782006771335,18.025528984707666
49,14,1.0,-1.0,-0.3670326745955216,15.142814393694891
49,15,1.0,1.0,1.2205128583461253,15.214730306314653
49,16,1.0,-1.0,-0.7381316452678824,13.804674503798472
49,17,1.0,-1.0,-0.05765164629563936,15.718583651527167
49,18,1.0,1.0,0.9965622659091301,13.134868791800596
49,19,1.0,-1.0,-1.8460775054296066,14.090153638555817
49,20,1.0,1.0,0.30810071819402807,13.194663120772757
49,21,1.0,-1.0,-0.9496445710940195,18.247820278680727
49,22,1.0,1.0,0.5138748455845085,15.432249723411964
49,23,1.0,-1.0,-0.4712992731987354,14.252460715806691
49,24,1.0,-1.0,-0.6312434423564586,14.522038089210145
49,25,1.0,1.0,1.1511823536750954,14.03824240710125
49,26,1.0,-1.0,-0.14604803815258038,13.361171563775237
49,27,1.0,-1.0,-0.07687632641102388,13.88824456040087
49,28,1.0,-1.0,-0.8480174842994094,18.19691126287004
49,29,1.0,1.0,0.0772838442453356,15.73033720095788
49,30,1.0,1.0,0.3889596354222106,15.126706033779076
49,31,1.0,-1.0,-1.5578087341278135,17.827106040342706
49,32,1.0,-1.0,-0.3054940529359796,14.620984122451558
49,33,1.0,-1.0,-0.5237626819423231,14.773841667524998
49,34,1.0,1.0,0.48775288765106783,18.618096159400437
49,35,1.0,1.0,0.8733398192877784,14.539158639386761
49,36,1.0,-1.0,-0.34987924558648986,18.5547429964753
49,37,1.0,-1.0,-0.0602417394852846,17.044412433277525
49,38,1.0,1.0,0.2639098169646187,15.754470026488084
49,39,1.0,-1.0,-0.431238169105985,14.91125242347486
49,40,1.0,1.0,1.0044470753498127,17.39049598073499
49,41,1.0,1.0,1.0402044126310002,13.346708607138538
49,42,1.0,1.0,0.38802553256988226,18.47490213143649
49,43,1.0,1.0,0.7741767335590943,16.21429303128476
49,44,1.0,-1.0,-0.023752409900691024,16.969570445147824
49,45,1.0,1.0,0.7980017508879992,12.439705004593806
49,46,1.0,1.0,0.09660054748408328,13.408103644650193
49,47,1.0,1.0,1.1458871030013518,14.925320663906446
49,48,1.0,1.0,0.45826907796399896,18.258396950262135
49,49,1.0,-1.0,-0.27776051560647175,13.433269933299979
49,50,1.0,1.0,0.2512348002757085,14.37847610562838
49,51,1.0,-1.0,-0.812404591259882,17.754435300105524
49,52,1.0,-1.0,-1.4765460697138184,16.50491603865371
49,53,1.0,-1.0,-0.21844598743545815,11.824007428721742
49,54,1.0,-1.0,-0.2600083282538482,17.209082071258578
49,55,1.0,1.0,0.3524356721812085,16.595602311081375
49,56,1.0,1.0,0.9915107034924691,15.553021100306312
49,57,1.0,-1.0,-0.6103804856014703,13.745476381049007
49,58,1.0,1.0,0.18185730863042657,12.434233529061958
49,59,1.0,-1.0,-1.4792427186907944,17.699884553648374
49,60,1.0,1.0,0.1713105692727942,16.387723308617094
49,61,1.0,-1.0,-0.036669527834646914,16.497009531054275
49,62,1.0,1.0,0.4770684976956669,16.365565974447485
49,63,1.0,1.0,0.7786920670914079,15.41076237850963
49,64,-1.0,1.0,1.3227557540458634,16.022841733304805
49,65,-1.0,1.0,0.5075453337697978,13.982808052506835
49,66,-1.0,1.0,0.24256435327196554,14.445794443243162
49,67,-1.0,-1.0,-0.5654930916719149,18.908249765869193
49,68,-1.0,1.0,0.7825491650304844,12.268801655591286
49,69,-1.0,-1.0,-0.6396717318432483,14.714969288634187
49,70,-1.0,1.0,0.4796991039154976,13.91103118720845
49,71,-1.0,1.0,0.9060673615487176,16.781832762369056
49,72,-1.0,-1.0,-0.07101836943530292,15.3837212915835
49,73,-1.0,1.0,0.515929456785717,13.623021787227257
49,74,-1.0,-1.0,-0.2259036273472136,17.325272292934752
49,75,-1.0,1.0,1.2887456204185161,16.995371793240786
49,76,-1.0,-1.0,-0.0034871885588127205,15.50568626118281
49,77,-1.0,-1.0,-0.5243693328933698,11.962781841752328
49,78,-1.0,-1.0,-0.27376311416268706,16.771923287957115
49,79,-1.0,-1.0,-0.4035566257322388,17.775481444640146
49,80,-1.0,1.0,0.7644809076457155,17.742307787129615
49,81,-1.0,1.0,1.3010325613383225,18.151016493292932
49,82,-1.0,-1.0,-0.144181787338951,18.81822875453065
49,83,-1.0,-1.0,-0.798025966950373,16.79748088133478
49,84,-1.0,1.0,0.2183283681141432,16.87977092922169
49,85,-1.0,1.0,0.5423827241926529,18.0358263526963
49,86,-1.0,1.0,0.3129875036405764,11.312812102996677
49,87,-1.0,1.0,0.03681917452266516,16.4360016039774
49,88,-1.0,1.0,0.6677458996870537,18.474177634082853
49,89,-1.0,-1.0,-0.9972989872529108,14.625316510779108
49,90,-1.0,1.0,0.0495306233423112,18.51720727070364
49,91,-1.0,1.0,0.2327303161514646,12.720988414254915
49,92,-1.0,1.0,0.3997494315365166,15.766631659800948
49,93,-1.0,-1.0,-0.1578721763835945,13.057656718531348
49,94,-1.0,1.0,0.34311347368623624,12.699323374866678
49,95,-1.0,1.0,1.4601892556014386,14.877492854826745
49,96,-1.0,1.0,0.5437239067815998,13.995672408547572
49,97,-1.0,1.0,0.13925914207358836,14.223661298021042
49,98,-1.0,-1.0,-0.6971889479421083,13.475675601424289
49,99,-1.0,1.0,0.537114511351967,10.974211702568846
49,100,-1.0,-1.0,-0.34638567633583145,15.195296439167748
49,101,-1.0,1.0,0.5068454073666956,15.83322952487148
49,102,-1.0,-1.0,-1.0816080445938328,14.829588107656228
49,103,-1.0,1.0,0.7383205555942918,14.559976171563621
49,104,-1.0,-1.0,-0.32313218765778295,17.387422710982698
49,105,-1.0,1.0,0.06088469754886153,11.36809578425431
49,106,-1.0,1.0,0.3522383785145904,15.660191099471362
49,107,-1.0,-1.0,-0.5413668935432056,16.508981180037527
49,108,-1.0,1.0,1.0828152310951227,15.215978617792254
49,109,-1.0,-1.0,-0.5666888852914203,14.462964762682617
49,110,-1.0,1.0,1.4875393562585015,15.63023407620708
49,111,-1.0,1.0,0.38264925107985315,12.48555273727165
49,112,-1.0,1.0,1.0424024504520562,13.732753945990124
49,113,-1.0,1.0,0.2561419434621492,11.63474942557735
49,114,-1.0,1.0,1.934096457835161,17.084827920047953
49,115,-1.0,1.0,0.10965810314447878,17.43870120434756
49,116,-1.0,-1.0,-0.5822040618809593,14.390212445515257
49,117,-1.0,-1.0,-0.334415205128312,16.074715287356657
49,118,-1.0,1.0,0.8341979782619147,13.452764804102443
49,119,-1.0,-1.0,-0.42162771670295174,15.809295659150845
49,120,-1.0,1.0,0.1363766510660998,19.040731768814943
49,121,-1.0,1.0,0.8480619202044968,19.108341247882006
49,122,-1.0,1.0,0.4941291711015618,17.513912256130936
49,123,-1.0,1.0,0.08471901295632284,13.376671594683485
49,124,-1.0,1.0,0.02225743929311952,13.622709519143394
49,125,-1.0,1.0,0.17965453642462037,15.581914284969802
49,126,-1.0,1.0,0.10461553961390065,12.271604376446858
49,127,-1.0,1.0,0.867017859330885,15.32375495883264
50,0,1.0,-1.0,-0.00690870727667936,17.944639383617
50,1,1.0,-1.0,-0.04702023369341779,14.597105751435404
50,2,1.0,-1.0,-1.0302268613645544,16.689921860677362
50,3,1.0,-1.0,-0.9256934310802979,19.717191668978238
50,4,1.0,-1.0,-0.09148405175923707,12.167099341268143
50,5,1.0,-1.0,-0.07130101395089015,16.010721174688758
50,6,1.0,-1.0,-0.36905225315956797,19.258073386156077
50,7,1.0,-1.0,-0.334364421247772,15.164471496813047
50,8,1.0,-1.0,-0.30671402701733913,15.336170353143741
50,9,1.0,-1.0,-0.2604281659977102,12.154925685432234
50,10,1.0,-1.0,-0.5330081176705119,14.112519977362776
50,11,1.0,-1.0,-0.36735572824774143,14.934132082718518
50,12,1.0,-1.0,-1.0238519455261859,17.885021922318227
50,13,1.0,-1.0,-0.7815720728031217,15.233258158711749
50,14,1.0,-1.0,-0.7837846728436242,15.190499633100428
50,15,1.0,-1.0,-0.4954699670290684,14.925755254978666
50,16,1.0,1.0,0.09555220020623036,15.8599680506855
50,17,1.0,1.0,0.773864915400314,19.167102420829227
50,18,1.0,1.0,0.4559043408197394,15.615166914452278
50,19,1.0,1.0,0.6638679972492646,16.287741953215477
50,20,1.0,-1.0,-0.6960165417903829,15.576367931104746
50,21,1.0,-1.0,-0.3755719487563366,13.229732004518082
50,22,1.0,-1.0,-0.5242913524463366,13.469101146495696
50,23,1.0,-1.0,-0.2847650522467482,10.598794069217659
50,24,1.0,1.0,0.8333484993143424,17.074977202974488
50,25,1.0,-1.0,-0.312040058712058,13.94939525346452
50,26,1.0,-1.0,-1.067296811731775,16.451608607988348
50,27,1.0,-1.0,-0.08647853473621173,18.34995019009629
50,28,1.0,-1.0,-0.5252647187248598,16.786200269600677
50,29,1.0,-1.0,-0.592319428947255,15.547285104176435
50,30,1.0,-1.0,-0.08501250217352678,16.190984435655153
50,31,1.0,1.0,0.0849087762749784,13.127274990257176
50,32,1.0,-1.0,-0.4306307822057157,13.83278730841067
50,33,1.0,-1.0,-0.8291183434512761,19.17936867765326
50,34,1.0,-1.0,-0.15193044390302202,16.171828923793242
50,35,1.0,-1.0,-0.19289936839493446,13.688045683114922
50,36,1.0,-1.0,-0.6944038422942864,13.090640442315426
50,37,1.0,-1.0,-1.441572923879609,19.5792301912065
50,38,1.0,1.0,0.4972593251272038,16.313013872192567
50,39,1.0,-1.0,-0.13126049993460004,19.996864039734405
50,40,1.0,-1.0,-1.3819385183595434,19.590754909790355
50,41,1.0,-1.0,-0.38466418266816743,13.232678958123723
50,42,1.0,1.0,0.024971558785652173,13.582275634887614
50,43,1.0,-1.0,-0.019073268725666934,14.540240740880956
50,44,1.0,-1.0,-0.48635277179742475,12.567480209195367
50,45,1.0,-1.0,-0.7172111056202526,12.763220801990535
50,46,1.0,1.0,0.4981051101691242,14.521050216983166
50,47,1.0,-1.0,-1.0437323145164383,19.372757580219922
50,48,1.0,-1.0,-1.3123621500263132,14.400602893495375
50,49,1.0,-1.0,-0.8669204868895353,18.502771847484752
50,50,1.0,-1.0,-1.3802269117958528,14.160256558233387
50,51,1.0,1.0,0.03890829231423275,15.40605637193636
50,52,1.0,1.0,0.3741130086012729,13.28299183966824
50,53,1.0,-1.0,-0.4164852564272675,13.264919078317192
50,54,1.0,-1.0,-0.6348120140568558,15.329187389054363
50,55,1.0,1.0,0.11319652435695121,12.651135896759357
50,56,1.0,-1.0,-0.7854327789415646,13.818313773218527
50,57,1.0,1.0,0.3404752648337954,18.463405191500417
50,58,1.0,-1.0,-0.8775052602314173,18.171212842424413
50,59,1.0,-1.0,-0.29223325738929007,12.357449634813603
50,60,1.0,-1.0,-0.10313380690204978,13.041551928868252
50,61,1.0,-1.0,-0.005494623570064208,13.346261485547183
50,62,1.0,-1.0,-1.6164648637277792,19.22871497977145
50,63,1.0,1.0,0.599502968941436,19.585841634918133
50,64,-1.0,-1.0,-0.8698881522710988,18.351377258873587
50,65,-1.0,1.0,0.49915157979868663,13.309637850105535
50,66,-1.0,-1.0,-0.09220069861639296,18.248927338861748
50,67,-1.0,1.0,0.5086611062853773,14.660709217317494
50,68,-1.0,-1.0,-0.2407786631925411,18.30965378825937
50,69,-1.0,1.0,0.25081690441090926,18.194721518484855
50,70,-1.0,-1.0,-0.6901418417947951,17.724168877294858
50,71,-1.0,1.0,0.11145213760050184,15.24500030211776
50,72,-1.0,-1.0,-0.11745755484113603,18.008965276423027
50,73,-1.0,1.0,0.3998277355873844,14.707283432143942
50,74,-1.0,-1.0,-0.1649154760450588,17.976377391125222
50,75,-1.0,-1.0,-0.16805176460988913,16.747844334433395
50,76,-1.0,1.0,1.2511294243629532,17.163262178004043
50,77,-1.0,1.0,0.016926295506105693,11.5062613315509
50,78,-1.0,1.0,0.3895890824942577,15.915721066302511
50,79,-1.0,1.0,0.40250436975965054,15.301516444036745
50,80,-1.0,-1.0,-0.21523136879893912,20.300327615572346
50,81,-1.0,1.0,0.9333409283689866,13.641803480279842
50,82,-1.0,-1.0,-0.46623569271135057,15.034991242511508
50,83,-1.0,-1.0,-0.4557273614239384,16.48889022369442
50,84,-1.0,1.0,0.8082040005849269,16.635184108443532
50,85,-1.0,-1.0,-0.8479963076600504,14.682219565329405
50,86,-1.0,-1.0,-0.524970749731629,17.715267335633488
50,87,-1.0,-1.0,-0.5631950332068152,19.100078547088085
50,88,-1.0,-1.0,-0.08514816417882032,14.367178820858864
50,89,-1.0,-1.0,-0.6340624489738097,15.111520853301027
50,90,-1.0,1.0,0.6120412715539988,13.27056079390039
50,91,-1.0,-1.0,-0.428622503896096,14.88953410929454
50,92,-1.0,1.0,0.9523106636365037,13.702918214103843
50,93,-1.0,1.0,0.00448504329276643,16.167592227139036
50,94,-1.0,1.0,1.4963020187850924,19.74379769516634
50,95,-1.0,1.0,0.00289725862537607,16.98937665342789
50,96,-1.0,-1.0,-0.6899478745360561,16.984522170771662
50,97,-1.0,1.0,0.41631448239891633,15.726481531336216
50,98,-1.0,-1.0,-1.07208679430288,16.66951992801475
50,99,-1.0,-1.0,-0.014481753507150474,19.20828396546031
50,100,-1.0,-1.0,-0.08037245983155436,15.95100277727647
50,101,-1.0,-1.0,-0.33285252038278385,15.966219399650214
50,102,-1.0,1.0,0.05235891732269832,14.044992217031108
50,103,-1.0,-1.0,-1.0994000242056092,16.953211434239233
50,104,-1.0,1.0,0.9431747315561361,14.292627807723427
50,105,-1.0,1.0,0.9080863639794289,13.54001187818299
50,106,-1.0,1.0,0.23186031719248423,15.756631266458351
50,107,-1.0,1.0,1.2766892990670349,14.14969457630632
50,108,-1.0,1.0,0.4009075583229179,20.08686474682345
50,109,-1.0,-1.0,-0.04585951986270474,15.142256651888022
50,110,-1.0,-1.0,-0.4940353671335951,18.42094579704751
50,111,-1.0,-1.0,-0.8567992282551943,13.216290643391515
50,112,-1.0,-1.0,-0.7292790568634362,16.322746342207346
50,113,-1.0,-1.0,-1.1008024616346614,14.911290118409521
50,114,-1.0,1.0,0.8457419223253153,17.275945730755925
50,115,-1.0,-1.0,-1.7947425082396973,16.688034062437062
50,116,-1.0,-1.0,-1.0262602172497344,15.882799122424005
50,117,-1.0,-1.0,-0.33012740149755715,13.688464888858064
50,118,-1.0,-1.0,-1.5822934595068672,16.02954481634345
50,119,-1.0,1.0,0.06242938931953278,14.424945146592815
50,120,-1.0,-1.0,-0.3285971679934544,14.405820333168624
50,121,-1.0,-1.0,-0.42433795402488084,17.385276187092217
50,122,-1.0,1.0,0.24800987375546643,12.526339951147204
50,123,-1.0,1.0,0.32222043006882395,15.360645297696204
50,124,-1.0,-1.0,-0.045521833322712923,19.95117189338374
50,125,-1.0,1.0,0.5370104385302332,10.569139786756624
50,126,-1.0,1.0,0.944841750929707,15.129423313874664
50,127,-1.0,1.0,0.0999687606839924,15.224597281251551
51,0,1.0,-1.0,-0.24064927381018764,14.181358632491314
51,1,1.0,1.0,1.5696429431479149,14.789397476937006
51,2,1.0,1.0,0.20831001082334205,16.711420493513696
51,3,1.0,-1.0,-0.6802149389287211,15.80407472602909
51,4,1.0,1.0,0.24406281091273208,16.755579063042944
51,5,1.0,-1.0,-0.539956979769669,15.267104884515115
51,6,1.0,-1.0,-0.04564395421408124,14.097294544447358
51,7,1.0,1.0,1.1280074667494917,16.856902504800637
51,8,1.0,1.0,1.770900597028421,16.62966961034205
51,9,1.0,-1.0,-0.28988317978279565,15.323773617021532
51,10,1.0,1.0,1.8929582768878939,16.818133798919842
51,11,1.0,1.0,1.9425753813750795,15.958486207648546
51,12,1.0,-1.0,-0.804642594104749,15.041996778705517
51,13,1.0,1.0,0.3425460463414243,14.058077647777738
51,14,1.0,1.0,0.0379892389687459,13.85382782020295
51,15,1.0,-1.0,-1.1301458802155087,14.982230302384927
51,16,1.0,-1.0,-0.6663547423423137,15.74879530984838
51,17,1.0,1.0,0.20502564640084375,13.319965635609687
51,18,1.0,-1.0,-0.8744902811103353,15.923284550722974
51,19,1.0,1.0,0.1585762284726567,13.549905338668406
51,20,1.0,1.0,1.2493104499461172,15.04059327949893
51,21,1.0,1.0,0.01819981847889006,15.749660399027107
51,22,1.0,-1.0,-1.031909294966291,15.852642758429399
51,23,1.0,1.0,0.3232657452179668,17.878681696766527
51,24,1.0,1.0,2.105878161777783,16.00797237092066
51,25,1.0,1.0,0.4857047806363026,12.736318621476578
51,26,1.0,1.0,0.1736762129794157,13.04433450688353
51,27,1.0,-1.0,-1.4548077581199341,16.188410100633565
51,28,1.0,-1.0,-1.3778583383129965,16.28897640313718
51,29,1.0,1.0,0.4403686805718149,18.829892942614034
51,30,1.0,-1.0,-1.333496829688326,13.552680212149411
51,31,1.0,1.0,0.30382856164497996,12.793640648971419
51,32,1.0,-1.0,-0.5101573038060233,13.257686382401833
51,33,1.0,1.0,0.661570624038199,18.23804477708138
51,34,1.0,1.0,0.6103311713946183,15.374410715481721
51,35,1.0,1.0,0.23128987266002232,10.66765675573429
51,36,1.0,-1.0,-2.4767213918620192,17.378950104874484
51,37,1.0,-1.0,-1.1227689410662667,16.482559970499224
51,38,1.0,1.0,0.4064789305227919,15.056672202260653
51,39,1.0,-1.0,-0.10249847289651144,12.204333848059303
51,40,1.0,-1.0,-0.7340665968703274,13.420615643662913
51,41,1.0,-1.0,-0.6810898997754584,18.491945031342482
51,42,1.0,-1.0,-1.8737683531353264,14.212667984339506
51,43,1.0,-1.0,-0.02876111030539702,18.231116691338883
51,44,1.0,1.0,1.9858461748076965,15.127956081634435
51,45,1.0,-1.0,-0.06105888270382691,15.36164271869237
51,46,1.0,-1.0,-2.040997818075883,16.32175922754442
51,47,1.0,-1.0,-0.227796167076026,14.571954133658767
51,48,1.0,1.0,0.5111950349204812,15.949925332864067
51,49,1.0,-1.0,-0.8890077324787571,12.748964115505911
51,50,1.0,1.0,1.0587947492518617,13.024743696525297
51,51,1.0,1.0,0.6693413980136675,16.257580508331195
51,52,1.0,-1.0,-0.30259361128165996,15.277071563625318
51,53,1.0,1.0,0.9627703206327062,13.033217356733529
51,54,1.0,1.0,1.4000901213147516,17.385057862371802
51,55,1.0,-1.0,-0.7042579622858073,15.671880280417291
51,56,1.0,-1.0,-1.2334127021197085,12.01720362013381
51,57,1.0,1.0,0.5241851854808596,13.927454292173916
51,58,1.0,1.0,0.4512885238966898,17.691909994943902
51,59,1.0,1.0,1.0175531913609863,13.760475112318437
51,60,1.0,1.0,0.6595307250840392,17.042831893391057
51,61,1.0,1.0,1.2053027902275404,14.05800646164051
51,62,1.0,1.0,0.4472590520333199,11.503710622778144
51,63,1.0,1.0,1.0229798313708953,13.021395353493514
51,64,-1.0,1.0,0.1254637205744227,16.631541417030224
51,65,-1.0,1.0,0.25178750020544816,16.13846537057501
51,66,-1.0,-1.0,-0.1830853959114936,14.679091669585958
51,67,-1.0,1.0,0.6928074567272231,17.77580574496568
51,68,-1.0,-1.0,-1.314984938480591,16.225152269608376
51,69,-1.0,1.0,1.2900089623553281,13.810814906504852
51,70,-1.0,-1.0,-0.8911733510095321,15.354821773641168
51,71,-1.0,-1.0,-1.00253182189301,16.14931886118685
51,72,-1.0,-1.0,-1.2262039772111306,15.4404826831803
51,73,-1.0,1.0,0.9496240994114011,18.05168144218049
51,74,-1.0,-1.0,-0.3522553535921822,18.61730430561878
51,75,-1.0,1.0,0.5662309571371673,15.083515874886588
51,76,-1.0,-1.0,-1.6150463092792002,16.56204822379275
51,77,-1.0,-1.0,-0.4645180646515691,12.412513349393386
51,78,-1.0,1.0,0.03734070113909807,13.37859755683482
51,79,-1.0,-1.0,-0.2022064701633794,16.917602302221347
51,80,-1.0,-1.0,-0.5924817873869606,18.245745124636194
51,81,-1.0,1.0,0.5291012044927208,15.432066014462563
51,82,-1.0,1.0,1.6942162178281948,14.463363366634104
51,83,-1.0,-1.0,-1.4653223231587624,13.2186700144677
51,84,-1.0,1.0,0.8387506663253237,15.097396200304392
51,85,-1.0,-1.0,-1.933565145304134,15.545833698007405
51,86,-1.0,-1.0,-0.00757825157549212,12.349116419068366
51,87,-1.0,1.0,0.8179758012367244,12.727725786116697
51,88,-1.0,-1.0,-0.29358152746315935,14.897551361454934
51,89,-1.0,1.0,0.5780746324703494,12.981332093365438
51,90,-1.0,-1.0,-1.261649986532114,13.042946012779272
51,91,-1.0,-1.0,-0.330102211738979,16.985770188863064
51,92,-1.0,1.0,0.9667050551023623,13.170337387254992
51,93,-1.0,1.0,0.9678270444453662,12.272610745081785
51,94,-1.0,-1.0,-0.006978098230585955,15.402693874555903
51,95,-1.0,-1.0,-0.1305664828149033,11.994353313547126
51,96,-1.0,1.0,1.4337853299375298,17.520444816884147
51,97,-1.0,-1.0,-0.2000615005796958,16.77166535604743
51,98,-1.0,1.0,1.845617301075973,16.338752177913843
51,99,-1.0,-1.0,-0.1794287542828939,16.105244515301013
51,100,-1.0,1.0,0.820857456390267,16.66639091331949
51,101,-1.0,1.0,0.2837600133099685,11.987464808142017
51,102,-1.0,1.0,0.6358636291236409,12.682363995055596
51,103,-1.0,-1.0,-0.8071098056996953,15.073831212015513
51,104,-1.0,-1.0,-0.9427858975244806,14.291048629346625
51,105,-1.0,-1.0,-0.07071317745537872,12.184942219886652
51,106,-1.0,-1.0,-0.2595720407343247,13.22801692196049
51,107,-1.0,-1.0,-1.110749030858116,17.39158310167273
51,108,-1.0,-1.0,-0.5891189612832881,16.32781859066014
51,109,-1.0,-1.0,-0.4176219391067836,13.972433700088004
51,110,-1.0,1.0,0.6388832757963435,14.531068198633138
51,111,-1.0,-1.0,-0.027835857487228333,14.685440162460257
51,112,-1.0,-1.0,-1.1523230001311262,15.699720407980843
51,113,-1.0,1.0,1.1785558790655006,12.93966686756585
51,114,-1.0,-1.0,-0.07317249403102975,17.32223832614388
51,115,-1.0,-1.0,-0.4029106873870341,16.1789188025572
51,116,-1.0,1.0,0.09105548525051099,16.33621221644006
51,117,-1.0,1.0,0.29164929371086373,15.151734607643423
51,118,-1.0,1.0,2.106716398338246,16.902297608402424
51,119,-1.0,1.0,0.12741097686314418,16.299147419682306
51,120,-1.0,-1.0,-0.8697659678039891,13.465767229366458
51,121,-1.0,1.0,0.18332270946654483,14.276855715179513
51,122,-1.0,-1.0,-0.996129713928856,16.88451252284659
51,123,-1.0,-1.0,-1.1244458056142268,12.348338609745229
51,124,-1.0,-1.0,-0.5135714388474988,13.705069272105131
51,125,-1.0,-1.0,-0.28102729589467274,16.27726089250354
51,126,-1.0,-1.0,-0.588675716150968,14.872487011736615
51,127,-1.0,1.0,0.21231228406576558,15.688999803984743
52,0,1.0,1.0,2.0533858741473288,13.016346929463774
52,1,1.0,1.0,0.6381007655017551,14.9735399924881
52,2,1.0,-1.0,-0.9098470121784388,10.802354859557282
52,3,1.0,-1.0,-1.813667388211275,19.164995166231897
52,4,1.0,-1.0,-1.3644203648547732,16.76710054064149
52,5,1.0,-1.0,-1.001043180149089,16.5004706395759
52,6,1.0,-1.0,-0.7500359795222152,17.61267751453358
52,7,1.0,-1.0,-0.7779389500175192,15.601978694208125
52,8,1.0,1.0,0.5829651965304368,16.7326456122613
52,9,1.0,1.0,0.5202105257447707,16.93793760194228
52,10,1.0,-1.0,-0.42777950627461453,18.992503399855412
52,11,1.0,1.0,0.994831111864296,14.14890466693242
52,12,1.0,-1.0,-0.09421503286245564,16.340834288822418
52,13,1.0,1.0,0.20441513055244845,11.892833607575495
52,14,1.0,1.0,0.005130679165645677,17.5007630837849
52,15,1.0,1.0,1.8218186276264645,12.648598769721225
52,16,1.0,-1.0,-1.431925106099638,17.160197223102344
52,17,1.0,-1.0,-1.4924409855268643,17.175455988882305
52,18,1.0,-1.0,-0.6795983309137311,18.393851389792697
52,19,1.0,-1.0,-0.5971245855863256,18.96218236360298
52,20,1.0,-1.0,-0.09997402365098204,14.333366284885754
52,21,1.0,1.0,1.405285162848282,13.702051019158946
52,22,1.0,1.0,0.6573546507100371,17.523035691288314
52,23,1.0,1.0,1.279090002206949,11.618207729613491
52,24,1.0,-1.0,-0.7088836821651535,14.644506856550656
52,25,1.0,-1.0,-0.4388375547652297,17.60865807946628
52,26,1.0,-1.0,-0.4928745633553052,14.215761083751104
52,27,1.0,-1.0,-2.6298932978771745,18.1586681617611
52,28,1.0,-1.0,-0.7756726666322469,15.875961598930584
52,29,1.0,1.0,0.21844530139710067,14.446184857747465
52,30,1.0,1.0,0.0836733630555112,12.953119744656467
52,31,1.0,-1.0,-1.1339351842675434,13.134098620199842
52,32,1.0,-1.0,-0.3433476001952551,14.60764114248084
52,33,1.0,-1.0,-0.15178455593754966,14.034197072606617
52,34,1.0,-1.0,-0.2776625547932123,13.92785876177802
52,35,1.0,1.0,0.2784084590773336,16.162365737087054
52,36,1.0,1.0,1.0073982074134704,16.02850651232545
52,37,1.0,1.0,0.565001480071987,18.483251821539927
52,38,1.0,1.0,0.6991951290115663,15.842825167521447
52,39,1.0,-1.0,-1.3525754799266938,14.466391260180696
52,40,1.0,-1.0,-0.03586389683128126,15.412897826640894
52,41,1.0,1.0,1.2133127638171544,13.43413613303
52,42,1.0,1.0,0.8237978891266675,15.056789409079014
52,43,1.0,-1.0,-0.8505304352764673,16.210235348220902
52,44,1.0,1.0,0.019344978272137894,13.755636645504634
52,45,1.0,-1.0,-0.9889559176561846,17.231869973907248
52,46,1.0,-1.0,-0.7205092728443551,15.589118812712696
52,47,1.0,1.0,0.10529179964598705,13.865917256678317
52,48,1.0,-1.0,-1.1712704486557093,13.037129449984246
52,49,1.0,-1.0,-0.9877616043255919,16.78176166788289
52,50,1.0,-1.0,-0.5960766680852485,16.73895802895874
52,51,1.0,1.0,0.06207935499420382,13.564682753986652
52,52,1.0,-1.0,-0.4434324247444252,12.345784523820319
52,53,1.0,1.0,0.8085762127775025,15.934496548616758
52,54,1.0,1.0,0.5678938135464325,13.95762200498035
52,55,1.0,1.0,0.21630936902176973,12.644805589310796
52,56,1.0,1.0,0.8027351299138689,15.860195197685915
52,57,1.0,1.0,1.4394687705740246,13.898449134742012
52,58,1.0,-1.0,-0.7146446584093935,14.214832926242487
52,59,1.0,1.0,0.9510613990533159,17.206679607824658
52,60,1.0,1.0,0.5577399565259049,16.61518837510369
52,61,1.0,1.0,1.1478032566751935,15.585011704630714
52,62,1.0,1.0,1.805841429809447,12.911034210207168
52,63,1.0,1.0,0.8346800929473236,15.298554734123334
52,64,-1.0,-1.0,-0.6406201431289076,12.74057005945217
52,65,-1.0,-1.0,-0.7866453365749482,13.640713535062778
52,66,-1.0,1.0,0.4602549071233413,16.795645933902172
52,67,-1.0,1.0,0.4340264150885609,12.42723383217048
52,68,-1.0,1.0,0.31696238376417873,14.739592087165533
52,69,-1.0,-1.0,-0.13641636902482057,16.450222748844727
52,70,-1.0,-1.0,-0.9774252057740705,17.304048418707815
52,71,-1.0,1.0,1.014175567394869,14.804132671753925
52,72,-1.0,1.0,0.7131597638452842,11.101600353312813
52,73,-1.0,-1.0,-0.5238126140237329,17.499345580138968
52,74,-1.0,1.0,0.6269726554125867,14.557563170821394
52,75,-1.0,1.0,1.2176705004784523,14.404097127035513
52,76,-1.0,1.0,0.80731400618463,17.199271937590435
52,77,-1.0,-1.0,-0.31503418272180606,16.912469960500985
52,78,-1.0,1.0,1.8926105898729801,16.132872817383817
52,79,-1.0,-1.0,-0.04377467786114039,18.724833478934066
52,80,-1.0,1.0,0.8936746205870805,15.670396191808843
52,81,-1.0,1.0,0.757834009799706,18.25455945782192
52,82,-1.0,-1.0,-0.8476415773508263,16.020960127730426
52,83,-1.0,1.0,0.325195028040546,12.11150546735843
52,84,-1.0,1.0,1.4306531599872008,16.648228996940436
52,85,-1.0,-1.0,-0.4810986190161558,12.51762572191969
52,86,-1.0,-1.0,-0.002577839659111847,14.35061586471774
52,87,-1.0,-1.0,-1.3510776651218768,16.248896675541616
52,88,-1.0,-1.0,-1.0266670742056074,16.203734509849642
52,89,-1.0,-1.0,-0.5937239788449251,16.443017137395415
52,90,-1.0,-1.0,-1.1076584171820436,18.748895178049153
52,91,-1.0,1.0,1.2031264378278435,13.941695250380569
52,92,-1.0,-1.0,-0.4036843071784361,13.231615732943055
52,93,-1.0,-1.0,-0.8629941669295775,14.48972028240414
52,94,-1.0,1.0,0.8592028094102807,12.852629379994626
52,95,-1.0,1.0,1.4469377894817899,18.894407059140228
52,96,-1.0,1.0,0.09953068434473185,15.744668910365368
52,97,-1.0,1.0,0.7546236213657862,14.143749180025692
52,98,-1.0,-1.0,-0.7536343216415937,14.936520199712328
52,99,-1.0,1.0,0.2936372781576561,11.912582618249546
52,100,-1.0,1.0,1.1798392840592213,16.158658088553825
52,101,-1.0,1.0,0.6309168940615442,17.16359361984723
52,102,-1.0,-1.0,-0.011636273613809006,13.283578583136661
52,103,-1.0,-1.0,-1.3598954960515484,15.8418904905692
52,104,-1.0,-1.0,-0.424004215296944,15.903705909859786
52,105,-1.0,1.0,0.5489140312190236,14.06687666304899
52,106,-1.0,-1.0,-0.3104960381992002,18.106389410998094
52,107,-1.0,1.0,0.49039925495219994,13.63911807408056
52,108,-1.0,1.0,0.3023551164776546,17.785575991676264
52,109,-1.0,1.0,1.0323240042748474,13.85478386400496
52,110,-1.0,-1.0,-1.3518636896612153,15.25518479825704
52,111,-1.0,-1.0,-0.7070301088688586,18.51580792509482
52,112,-1.0,-1.0,-1.573957064556362,17.1240412454986
52,113,-1.0,-1.0,-0.7225169529709685,14.23094900852786
52,114,-1.0,1.0,0.9157810619809125,14.652382786282683
52,115,-1.0,-1.0,-1.1035187394483361,18.02259896290989
52,116,-1.0,-1.0,-1.1041063311180008,15.810445019622982
52,117,-1.0,1.0,0.5641793188562767,17.142079365863502
52,118,-1.0,1.0,0.5713436616552692,14.535096664357678
52,119,-1.0,1.0,1.1433764228717553,16.4030941234007
52,120,-1.0,1.0,0.2869587425258523,14.227718194440966
52,121,-1.0,-1.0,-1.0511350027886335,13.487345398693192
52,122,-1.0,1.0,0.7745503099864451,13.514860245622733
52,123,-1.0,-1.0,-0.5141110617320053,13.100899217660873
52,124,-1.0,1.0,1.659131226132103,12.408378531299379
52,125,-1.0,-1.0,-0.6178155134874435,17.57309587357005
52,126,-1.0,1.0,0.19301089105559704,13.980214741728068
52,127,-1.0,-1.0,-1.045626390428993,14.451450901798722
53,0,1.0,1.0,0.1217294210887174,16.995652222143413
53,1,1.0,-1.0,-0.3161640950429724,19.81225458569303
53,2,1.0,-1.0,-0.1940008259668058,16.504531077061177
53,3,1.0,-1.0,-1.1324681522225468,15.965017961226035
53,4,1.0,-1.0,-1.171248815003457,15.640656130452266
53,5,1.0,1.0,0.21571626980613046,14.856023788890674
53,6,1.0,1.0,0.4663771151899692,20.160576359982525
53,7,1.0,-1.0,-1.171218760950551,15.623879921552046
53,8,1.0,1.0,0.05005341480212201,14.444998781430403
53,9,1.0,-1.0,-1.0700893515893424,21.125633174919006
53,10,1.0,1.0,1.0028266197533158,13.443218354849225
53,11,1.0,-1.0,-0.5948595462721207,13.74651267493957
53,12,1.0,-1.0,-0.13780388597845103,16.546497525173116
53,13,1.0,-1.0,-0.2593925876696155,15.109718584841916
53,14,1.0,-1.0,-1.100924078433672,14.578104657034531
53,15,1.0,-1.0,-0.7389289288609485,17.70120447307765
53,16,1.0,1.0,0.3384534226005709,14.180598406534026
53,17,1.0,1.0,0.2598525637129638,14.956257466170614
53,18,1.0,-1.0,-0.2508199121584285,18.90641222206257
53,19,1.0,-1.0,-0.2636084218362431,12.208717100813155
53,20,1.0,-1.0,-0.4446583630181997,13.874703877150242
53,21,1.0,1.0,0.8411475919331056,17.85420429790001
53,22,1.0,1.0,0.6952053530499324,12.723575148154683
53,23,1.0,1.0,0.8312141546572904,18.529425034406728
53,24,1.0,1.0,0.752677322813702,14.496031435443932
53,25,1.0,-1.0,-0.5690262124166975,15.678585285176664
53,26,1.0,1.0,0.1936966861677732,15.51075794479526
53,27,1.0,1.0,0.9029166812322216,17.09160944744514
53,28,1.0,1.0,0.7253428958070474,16.894745365298338
53,29,1.0,1.0,0.10929896557017321,14.81916672034194
53,30,1.0,-1.0,-0.7761327317903552,17.710709511429013
53,31,1.0,-1.0,-0.7386909731557058,15.377803825606833
53,32,1.0,-1.0,-0.7006026094255096,14.68323424459042
53,33,1.0,-1.0,-0.3244956130197917,14.95222486341692
53,34,1.0,-1.0,-0.4478646338400908,11.525029209268084
53,35,1.0,-1.0,-0.04031446891158008,16.991789425658805
53,36,1.0,1.0,0.8254280702675574,17.950112763715822
53,37,1.0,-1.0,-0.6095420649587965,19.78216584396927
53,38,1.0,1.0,0.30099429249913795,14.845416053120404
53,39,1.0,1.0,1.0625897947259082,18.936697680503308
53,40,1.0,-1.0,-0.48071599260578635,18.852234076757302
53,41,1.0,1.0,0.17700371469916676,15.653727650495238
53,42,1.0,-1.0,-0.7622666137890796,19.584613430608353
53,43,1.0,-1.0,-0.839364448750294,19.014028064734216
53,44,1.0,-1.0,-0.3392346235436766,16.631754163612012
53,45,1.0,-1.0,-0.3342002279941075,14.253227026207963
53,46,1.0,-1.0,-1.086281212172194,12.068392632157117
53,47,1.0,-1.0,-0.7133649575753427,16.62744755032966
53,48,1.0,-1.0,-0.265218528225176,14.999654562247592
53,49,1.0,-1.0,-0.7520788704844156,14.831602194854167
53,50,1.0,-1.0,-0.36025532706510655,19.106058856538475
53,51,1.0,1.0,0.5784935143982479,12.55239766464596
53,52,1.0,-1.0,-0.8315004197855487,15.319192107553855
53,53,1.0,1.0,0.6278075626532874,12.203870501699022
53,54,1.0,-1.0,-0.32050951823792173,19.265412631651454
53,55,1.0,-1.0,-1.3462531204959933,14.993361589238063
53,56,1.0,-1.0,-0.4378729676798941,16.177731983086336
53,57,1.0,1.0,0.4332927997905066,15.684692354770126
53,58,1.0,-1.0,-0.9914493354633165,14.77678004897654
53,59,1.0,-1.0,-0.41413187051305744,18.456334043945542
53,60,1.0,-1.0,-0.25149100785155803,14.520137323818865
53,61,1.0,-1.0,-0.02265391143902125,11.140583975613627
53,62,1.0,1.0,0.01653860157590248,18.16289747176116
53,63,1.0,-1.0,-0.7232237760165428,15.606601507483802
53,64,-1.0,1.0,1.8568200385368436,16.474470153594662
53,65,-1.0,1.0,1.863015169613532,17.51080234047102
53,66,-1.0,1.0,0.10922228535134654,15.406530376210553
53,67,-1.0,-1.0,-0.017664704328490932,15.703353737574247
53,68,-1.0,-1.0,-0.052004298468576377,13.09812943847406
53,69,-1.0,-1.0,-0.07001545488847635,19.314635976840602
53,70,-1.0,1.0,0.18410613243445148,17.064429403989553
53,71,-1.0,-1.0,-0.3044634828088601,13.472912327084527
53,72,-1.0,1.0,0.19779508874413246,14.060374472415317
53,73,-1.0,1.0,0.22455406305456915,13.987037261496111
53,74,-1.0,1.0,0.3989375379727628,20.657833442741467
53,75,-1.0,1.0,0.17850315075766127,19.60037304814241
53,76,-1.0,1.0,0.533036506496078,14.538006880217964
53,77,-1.0,1.0,0.5409620614420292,17.43213837842104
53,78,-1.0,-1.0,-0.038805496530535444,15.076545345998303
53,79,-1.0,1.0,0.2819899813257736,20.68216476350375
53,80,-1.0,1.0,0.4671634023379182,14.718113982150806
53,81,-1.0,1.0,0.2277375357712893,13.695456651754805
53,82,-1.0,1.0,0.1880196395551379,11.897238770961296
53,83,-1.0,1.0,0.2302066964754936,19.406531429062685
53,84,-1.0,1.0,1.0362313655063098,12.806271301459951
53,85,-1.0,-1.0,-0.5675701398790658,13.52640552447356
53,86,-1.0,-1.0,-0.08539452405048156,17.352817944568717
53,87,-1.0,-1.0,-0.06995525676254732,17.176653704110887
53,88,-1.0,-1.0,-0.23145135268682115,16.681119859324667
53,89,-1.0,-1.0,-0.226595736619749,14.529021712941404
53,90,-1.0,1.0,0.11958052113747497,14.53664399071884
53,91,-1.0,1.0,0.18132213462512262,16.24081018818152
53,92,-1.0,-1.0,-0.5932899737622369,13.542143492056484
53,93,-1.0,-1.0,-0.5229563726027724,13.430056365597421
53,94,-1.0,1.0,1.0158114165240446,16.51086989262464
53,95,-1.0,1.0,0.9844692726775107,18.141390038485664
53,96,-1.0,1.0,1.384984015886886,20.901358307548275
53,97,-1.0,1.0,0.5212948654242773,13.534966966909549
53,98,-1.0,1.0,0.11447797285494686,15.636277264937323
53,99,-1.0,-1.0,-0.0803628728881192,14.505744437901024
53,100,-1.0,1.0,0.7315671776645667,15.758852621518635
53,101,-1.0,1.0,0.9373411598608455,16.861017973217596
53,102,-1.0,-1.0,-0.2753511481285912,16.91981027054804
53,103,-1.0,1.0,0.4988492061793387,14.860856286467287
53,104,-1.0,1.0,1.4927519751073441,15.836585948639796
53,105,-1.0,1.0,0.10243575156553472,18.18208512623095
53,106,-1.0,-1.0,-0.3521936391062516,12.965677643676464
53,107,-1.0,-1.0,-0.3367496236367594,10.956791730823344
53,108,-1.0,1.0,0.34674015710434214,15.872812392144434
53,109,-1.0,-1.0,-0.5950084349469903,13.134662197031886
53,110,-1.0,-1.0,-0.043411164709585726,19.081423659149362
53,111,-1.0,1.0,0.48408190643715454,17.035968335120675
53,112,-1.0,-1.0,-0.58453305211208,14.678359889545723
53,113,-1.0,-1.0,-0.22106323481720647,16.175606253167633
53,114,-1.0,-1.0,-0.2676070487868691,14.180751796359564
53,115,-1.0,1.0,1.7603595259072895,14.795425007352826
53,116,-1.0,1.0,0.09793394787691506,18.453011572405764
53,117,-1.0,1.0,0.28850355391582133,18.841746583389828
53,118,-1.0,1.0,1.02628154331341,14.45664777883155
53,119,-1.0,1.0,0.021597291474323876,14.004594511639567
53,120,-1.0,-1.0,-0.257026988771791,12.823709442576863
53,121,-1.0,1.0,0.027685590762087098,17.169460900393027
53,122,-1.0,1.0,0.12465315934837042,16.836386306168947
53,123,-1.0,1.0,0.4353137849481906,20.400629024740716
53,124,-1.0,1.0,1.211640919265442,16.924225803284315
53,125,-1.0,-1.0,-0.2776065522027279,14.130515529933886
53,126,-1.0,-1.0,-0.13887666485579608,16.91233445056813
53,127,-1.0,1.0,0.010219350760966694,18.6856339469223
54,0,1.0,-1.0,-0.4529995907855777,18.413718390941522
54,1,1.0,-1.0,-0.8423938694643011,11.54352528516163
54,2,1.0,-1.0,-0.14743620351626094,16.7464489095192
54,3,1.0,-1.0,-0.5075404866262133,15.397737855721479
54,4,1.0,1.0,0.17760016293194675,17.48778360922658
54,5,1.0,-1.0,-0.8986819111821911,14.397243902508011
54,6,1.0,1.0,1.2587317328521388,14.13158059491724
54,7,1.0,-1.0,-0.6392483749451614,14.935764304568602
54,8,1.0,-1.0,-0.732171349866799,20.904279032099645
54,9,1.0,1.0,0.1835751756491393,17.256858025445208
54,10,1.0,1.0,0.37373372034239455,12.207094854038735
54,11,1.0,1.0,0.55996730497811,17.272913578816212
54,12,1.0,-1.0,-0.30033325147284806,17.881896952690745
54,13,1.0,-1.0,-0.9285625647593443,17.057833749697963
54,14,1.0,-1.0,-0.9401126965629465,13.006274044100836
54,15,1.0,-1.0,-0.945746196694266,15.878618106087787
54,16,1.0,-1.0,-0.6275087449224807,10.739036049019862
54,17,1.0,-1.0,-0.13325921788348405,16.046398321448205
54,18,1.0,1.0,0.49083644404889204,13.084127822777733
54,19,1.0,1.0,0.640748758175492,19.339351436468178
54,20,1.0,1.0,1.7113802936668043,16.616013585895526
54,21,1.0,-1.0,-0.2116335054312205,12.462047827177354
54,22,1.0,-1.0,-1.3918262354877342,12.649185118896158
54,23,1.0,-1.0,-0.2865822873109673,16.046095566641686
54,24,1.0,-1.0,-1.5917961245258678,18.888002129552465
54,25,1.0,-1.0,-0.5768308713318967,18.043130287197787
54,26,1.0,-1.0,-0.27269347716700215,19.69703795654203
54,27,1.0,1.0,0.04607164754024981,13.379463346846464
54,28,1.0,1.0,1.816674445735771,14.824908043388815
54,29,1.0,-1.0,-0.7271103167978719,16.949559983988973
54,30,1.0,-1.0,-0.4098390622087348,17.45465094367961
54,31,1.0,-1.0,-1.5657418047746283,13.84231056170442
54,32,1.0,-1.0,-1.4211015953917094,15.661736365069304
54,33,1.0,-1.0,-1.5943980027840228,19.424993221711116
54,34,1.0,1.0,0.6473872658887445,14.056804342575148
54,35,1.0,-1.0,-0.5494383463600938,17.94441423343824
54,36,1.0,-1.0,-0.24545649237745623,15.61356019208127
54,37,1.0,1.0,1.8104106942655362,14.94952995670798
54,38,1.0,1.0,1.8004906870304116,13.498116029492357
54,39,1.0,1.0,1.7379293708083585,15.103301192908999
54,40,1.0,1.0,1.2722175874982529,15.049210116972624
54,41,1.0,-1.0,-0.6981110752859417,13.542945946746164
54,42,1.0,-1.0,-0.3740562497090672,11.687613203798726
54,43,1.0,-1.0,-0.5834484000123584,19.224052229722858
54,44,1.0,-1.0,-0.5362956503518879,12.549181447914586
54,45,1.0,-1.0,-1.1165039369567822,13.402378430383576
54,46,1.0,-1.0,-1.0140834887431693,13.967964445301007
54,47,1.0,-1.0,-0.46259858811218,14.151891847355099
54,48,1.0,-1.0,-1.2467659311104782,17.735248057636646
54,49,1.0,1.0,1.0794850707270027,15.3274735921526
54,50,1.0,1.0,1.3022067375461848,17.015793929800928
54,51,1.0,-1.0,-0.19077514298594905,18.10740276228755
54,52,1.0,1.0,1.5095668085492464,17.07926834984104
54,53,1.0,-1.0,-0.27329350570959593,15.571898601463518
54,54,1.0,1.0,0.19822003714463918,20.281185358630598
54,55,1.0,1.0,1.1029691310466987,18.99985489358386
54,56,1.0,1.0,2.0265532269189865,16.327902129172262
54,57,1.0,-1.0,-0.9575747001235595,20.11251503946836
54,58,1.0,-1.0,-1.1292862677676048,16.738113025963106
54,59,1.0,-1.0,-0.7182852761654231,16.32865821671261
54,60,1.0,1.0,0.2810514300519597,19.72995922972116
54,61,1.0,1.0,0.4266522822519184,14.549407290924261
54,62,1.0,-1.0,-0.7285988845353408,15.481925818708733
54,63,1.0,1.0,1.319161083997987,15.874754067292765
54,64,-1.0,1.0,0.3338997186829995,14.515666906773227
54,65,-1.0,1.0,0.544326043862562,15.860090315200406
54,66,-1.0,1.0,0.8017819315313033,19.341562581074154
54,67,-1.0,1.0,0.5262417927807871,13.513322371421598
54,68,-1.0,-1.0,-0.5560560084685877,12.914967685767797
54,69,-1.0,1.0,1.7459884345789936,18.41446424477964
54,70,-1.0,1.0,0.7505798153491102,16.641426449066298
54,71,-1.0,1.0,0.907062035265753,16.4023128920064
54,72,-1.0,1.0,0.6684855029818254,17.117443501117943
54,73,-1.0,1.0,0.33903436216787336,13.71341305486279
54,74,-1.0,1.0,2.1178514696550703,19.601019126770208
54,75,-1.0,-1.0,-0.8491934960906272,16.119204492845054
54,76,-1.0,-1.0,-0.7261450035661828,14.219154114987429
54,77,-1.0,-1.0,-0.1678439445335414,13.705061192634394
54,78,-1.0,1.0,0.42525137753780284,16.066329557537557
54,79,-1.0,1.0,0.9690452085835961,16.47520399626983
54,80,-1.0,1.0,0.8977761025398748,14.655929904088778
54,81,-1.0,1.0,0.24406355019423095,12.631472345905205
54,82,-1.0,1.0,0.2093550413777055,15.59138338662681
54,83,-1.0,1.0,0.49932283768901914,17.853386425583682
54,84,-1.0,-1.0,-0.15543237400464965,13.899345698444144
54,85,-1.0,1.0,0.02303847487593083,17.7928347721257
54,86,-1.0,-1.0,-0.6409266569901205,13.676700867854818
54,87,-1.0,1.0,0.09354173059457432,18.934987321043028
54,88,-1.0,1.0,0.14494481269970283,14.027282822411156
54,89,-1.0,-1.0,-0.9266835699678851,14.362677231932944
54,90,-1.0,-1.0,-0.4365981697447034,15.185126866537786
54,91,-1.0,1.0,1.4136649757847342,15.82120511152673
54,92,-1.0,-1.0,-0.8478301968289881,14.429668933330648
54,93,-1.0,-1.0,-0.13436309857741446,17.585057493889348
54,94,-1.0,-1.0,-0.403468061316031,15.005966860581692
54,95,-1.0,-1.0,-0.3490859904969499,15.980385611986309
54,96,-1.0,-1.0,-0.3697721789041395,13.967229669206418
54,97,-1.0,1.0,0.37451801408840163,12.973739647886445
54,98,-1.0,-1.0,-0.1821301073811094,13.785101843617191
54,99,-1.0,1.0,0.21986033090685733,15.190081629531694
54,100,-1.0,1.0,0.20146089566208822,20.555725648293674
54,101,-1.0,1.0,0.3142223356729815,14.823644361826709
54,102,-1.0,1.0,1.2160086879716128,18.917192283451296
54,103,-1.0,1.0,0.2579973076052138,18.551375071264154
54,104,-1.0,-1.0,-0.14670626152017882,20.097519562264907
54,105,-1.0,-1.0,-0.0340365858810555,17.31414181375953
54,106,-1.0,1.0,0.8970780499611044,20.69539388522743
54,107,-1.0,-1.0,-0.34047484070658235,14.106777565689391
54,108,-1.0,1.0,1.3061112651038296,16.242100736127714
54,109,-1.0,1.0,0.05273483518121136,12.743872833014086
54,110,-1.0,1.0,0.5139359332026007,13.165183842325414
54,111,-1.0,-1.0,-0.09495611646090166,19.43914050454981
54,112,-1.0,1.0,0.02851118785319734,18.026540408169645
54,113,-1.0,1.0,0.41276659907261126,12.946416166359542
54,114,-1.0,-1.0,-0.8265240609929251,13.128474391146927
54,115,-1.0,-1.0,-0.3890107928812869,15.283468612601611
54,116,-1.0,-1.0,-0.48677193810299485,17.18634832328895
54,117,-1.0,-1.0,-1.302103484108459,14.524629706801425
54,118,-1.0,1.0,0.2651128469963622,15.668656464667714
54,119,-1.0,1.0,0.09293841214255935,17.84623978132197
54,120,-1.0,1.0,0.35497794301342733,15.671277047702757
54,121,-1.0,1.0,0.19046767623918695,12.643742220707551
54,122,-1.0,1.0,0.8460840604371554,17.028501058100186
54,123,-1.0,-1.0,-0.33709854693286806,12.268853927754716
54,124,-1.0,-1.0,-0.5017354971671656,15.625322487188713
54,125,-1.0,1.0,1.0809810653082612,20.25385382266321
54,126,-1.0,-1.0,-1.2765858171223492,14.797836350880743
54,127,-1.0,1.0,0.788439864236679,16.756076785843163
55,0,1.0,1.0,0.8256143280124961,12.659741213543404
55,1,1.0,-1.0,-0.8967031417145352,18.45913569565918
55,2,1.0,-1.0,-0.6550848014820312,12.005446706860965
55,3,1.0,1.0,0.12340417061551605,14.02468469697374
55,4,1.0,-1.0,-0.7458283388293969,13.775090823431196
55,5,1.0,1.0,0.3293622090560376,12.316251653863876
55,6,1.0,1.0,0.9321873592502822,15.918067574510717
55,7,1.0,-1.0,-0.05104610232834613,14.320280186490743
55,8,1.0,-1.0,-1.612781144037679,18.27190923393169
55,9,1.0,1.0,0.3325761978685716,16.020208578726443
55,10,1.0,1.0,0.30703773897072084,16.176391829479726
55,11,1.0,-1.0,-0.4285220765399962,15.007938362388959
55,12,1.0,-1.0,-1.2105043919988108,14.258581606870072
55,13,1.0,1.0,0.06930771184313639,14.48620112717112
55,14,1.0,-1.0,-0.7433014006984877,13.000158771165713
55,15,1.0,1.0,0.8543495995034365,16.3703786724168
55,16,1.0,-1.0,-0.4125268893083379,16.4104971247424
55,17,1.0,-1.0,-1.1375976142629147,19.225349369234188
55,18,1.0,1.0,0.01588298659724749,18.021445327732216
55,19,1.0,-1.0,-0.527748528838717,14.311556787669911
55,20,1.0,-1.0,-0.917158087419684,17.346414809285957
55,21,1.0,1.0,0.19257303358609895,16.761311309242913
55,22,1.0,-1.0,-1.123769284741791,13.04506013374378
55,23,1.0,-1.0,-0.4039004764202191,15.006483861761167
55,24,1.0,1.0,0.7068415457999728,14.57938029509812
55,25,1.0,-1.0,-0.15454285598856615,13.319151508211053
55,26,1.0,-1.0,-1.2492827986262744,17.08424863654606
55,27,1.0,-1.0,-0.401119260640887,14.917607317003764
55,28,1.0,-1.0,-1.2971856247794775,18.53400193158855
55,29,1.0,1.0,0.5776809437166268,14.258219043722347
55,30,1.0,-1.0,-0.8897376735660317,15.370032774470253
55,31,1.0,1.0,0.4134893005295535,15.590435842659327
55,32,1.0,-1.0,-0.02416145441487981,19.134493999629406
55,33,1.0,1.0,0.21193241743896207,15.04967482485343
55,34,1.0,-1.0,-1.2632440063634505,14.932940969185742
55,35,1.0,-1.0,-1.4333765721958318,15.617929611038882
55,36,1.0,-1.0,-1.4578856203153825,19.151118575098973
55,37,1.0,1.0,0.2646258779772285,12.963057365607318
55,38,1.0,-1.0,-0.32269556704028307,18.48050501258737
55,39,1.0,-1.0,-0.4107324043625916,15.470273448342892
55,40,1.0,-1.0,-0.3190868111970071,17.2202692714793
55,41,1.0,1.0,0.518504757082032,12.684378418302902
55,42,1.0,-1.0,-0.1681695248427566,15.50355667870442
55,43,1.0,-1.0,-1.149249191398152,17.19543570542688
55,44,1.0,-1.0,-0.5931175066241995,14.484547401499547
55,45,1.0,-1.0,-0.5143711129256461,13.606360446080842
55,46,1.0,1.0,0.3314804403236374,16.3939033158542
55,47,1.0,1.0,0.2705635839484644,18.576437621766118
55,48,1.0,1.0,0.36842267268529394,12.325243491800574
55,49,1.0,-1.0,-1.5536565779058538,13.767028990680673
55,50,1.0,-1.0,-0.3172414589463576,14.079635676117135
55,51,1.0,-1.0,-0.8060743327384533,16.105387987933867
55,52,1.0,-1.0,-1.024782307177071,18.901639066350704
55,53,1.0,-1.0,-0.9773417800633911,19.506482924292072
55,54,1.0,1.0,0.6662118985202318,16.11934134290441
55,55,1.0,1.0,1.0483646260930608,15.112327327573693
55,56,1.0,1.0,0.2863151134975431,13.835031665713958
55,57,1.0,-1.0,-0.3974445625207921,13.667563601674523
55,58,1.0,1.0,0.7555074620720004,13.641707582178473
55,59,1.0,1.0,0.07427208907777766,17.89444969146748
55,60,1.0,1.0,0.21286211999775523,13.43197710564289
55,61,1.0,-1.0,-0.3523134005609776,13.783707500421146
55,62,1.0,1.0,0.9512415930504556,13.385320493041952
55,63,1.0,1.0,0.17820126690086746,17.754490777797972
55,64,-1.0,1.0,0.5929573066086745,16.40617286399091
55,65,-1.0,-1.0,-0.7473234522808441,19.41697414216366
55,66,-1.0,-1.0,-0.28280795343015624,13.999433028598064
55,67,-1.0,1.0,0.20430149717087392,19.551967707536747
55,68,-1.0,1.0,0.2634173510621304,18.640723526766138
55,69,-1.0,1.0,0.0512833343291518,13.401497130562465
55,70,-1.0,-1.0,-1.6654275625947186,14.911519970926063
55,71,-1.0,1.0,0.2827980938418897,18.495397512296993
55,72,-1.0,1.0,0.8461061209507775,18.66079432456949
55,73,-1.0,1.0,0.7097464261667706,15.326926820727229
55,74,-1.0,1.0,0.40544928790632784,16.952397279668478
55,75,-1.0,-1.0,-0.21110272468977365,14.162629006881485
55,76,-1.0,-1.0,-0.5109246060204563,12.638362316025196
55,77,-1.0,-1.0,-0.7602037138616368,19.17626811165383
55,78,-1.0,-1.0,-0.6183066050889641,14.256817816822418
55,79,-1.0,1.0,0.21018575774395912,14.286511028060799
55,80,-1.0,1.0,0.5445739192186303,16.351824171516434
55,81,-1.0,-1.0,-0.3524962345253443,14.60108208720126
55,82,-1.0,-1.0,-1.0289898011505505,14.825060377731832
55,83,-1.0,1.0,0.6938852498043082,11.8106230411707
55,84,-1.0,-1.0,-1.0338103932771505,17.681967040111903
55,85,-1.0,-1.0,-0.21502231325257748,18.453361628902123
55,86,-1.0,-1.0,-0.4118426446560614,17.33061157109206
55,87,-1.0,1.0,0.010418710860100822,18.98552473739523
55,88,-1.0,1.0,0.774727045479415,14.151658500702846
55,89,-1.0,-1.0,-0.6212076338435863,18.680542796206723
55,90,-1.0,1.0,0.3710768014497929,16.035806065089233
55,91,-1.0,1.0,0.08964125762811631,14.435933956478666
55,92,-1.0,-1.0,-0.114909469341977,13.578529533033338
55,93,-1.0,1.0,0.2899135416427673,17.682318310436287
55,94,-1.0,-1.0,-0.1622596305633377,15.126618540110211
55,95,-1.0,-1.0,-1.3945500649902336,19.34797360100333
55,96,-1.0,-1.0,-1.3735709752096439,15.596279702821723
55,97,-1.0,-1.0,-0.27747581581786157,13.081973742736615
55,98,-1.0,-1.0,-0.7663019164581333,13.433794349599658
55,99,-1.0,-1.0,-0.13321481164298066,15.328801344864724
55,100,-1.0,-1.0,-0.5708628684295194,13.101079439489585
55,101,-1.0,-1.0,-0.054716517238470985,17.243497252636978
55,102,-1.0,1.0,0.21031998648935063,13.28990356560809
55,103,-1.0,1.0,0.23435334940442648,17.04071270339318
55,104,-1.0,-1.0,-0.8489348733438971,15.638884629002433
55,105,-1.0,-1.0,-0.7903218635780458,16.159034236778545
55,106,-1.0,-1.0,-0.7261490886299417,14.350901252315186
55,107,-1.0,-1.0,-0.3840632145847019,14.193331721957867
55,108,-1.0,-1.0,-0.7658954857036429,18.239813423203678
55,109,-1.0,-1.0,-0.3413553739816106,16.315454531821025
55,110,-1.0,-1.0,-0.847084307561195,18.284545350542363
55,111,-1.0,1.0,0.500550808405873,14.241998793731527
55,112,-1.0,1.0,0.9963333136851029,14.372414044444335
55,113,-1.0,1.0,0.4835730718009554,15.208231107907064
55,114,-1.0,-1.0,-0.19229348526606913,15.855918704488023
55,115,-1.0,1.0,1.910428102499337,14.68727874777316
55,116,-1.0,1.0,0.024049014285880826,18.05814958115715
55,117,-1.0,-1.0,-0.19852391513339512,16.70304765094749
55,118,-1.0,-1.0,-0.5295072710657214,16.380090581979037
55,119,-1.0,-1.0,-0.2960475245296472,17.881809667560017
55,120,-1.0,1.0,1.4884545687870716,11.448203748880616
55,121,-1.0,1.0,0.17144199641859947,15.004245312481677
55,122,-1.0,1.0,1.2405967462266019,14.750639868703242
55,123,-1.0,-1.0,-0.9984052287604359,14.068257149299987
55,124,-1.0,-1.0,-0.6542147556394793,17.831621740997846
55,125,-1.0,1.0,0.06529074547611594,16.2126999525727
55,126,-1.0,-1.0,-0.9989658389865631,18.154672984223087
55,127,-1.0,1.0,0.9941846230691156,12.450268814411823
56,0,1.0,-1.0,-1.0439739395206526,14.587480074940839
56,1,1.0,-1.0,-1.1284345486750755,16.114485326009337
56,2,1.0,-1.0,-0.7419070363846477,15.940922889257461
56,3,1.0,-1.0,-0.14682246865138615,16.450446759527146
56,4,1.0,-1.0,-0.9505862258392099,14.720610925197706
56,5,1.0,1.0,0.04863525473416576,16.416668024535646
56,6,1.0,1.0,0.38259284648385045,15.965919013939015
56,7,1.0,1.0,0.11543173868469438,12.427585254759586
56,8,1.0,-1.0,-0.1600525490978702,17.464607627020218
56,9,1.0,1.0,0.2602749117113029,10.908453446013977
56,10,1.0,1.0,0.9241325961465048,14.690338846210546
56,11,1.0,1.0,0.6279469690959014,14.300121916465772
56,12,1.0,1.0,0.1985309636515949,17.44204408091843
56,13,1.0,1.0,0.33951027168244774,17.013227544499987
56,14,1.0,-1.0,-0.7428551096046982,15.333810098142417
56,15,1.0,1.0,0.17936126421135157,15.442839202550338
56,16,1.0,-1.0,-0.7002741313971825,11.84342791692632
56,17,1.0,1.0,0.12246474796722585,16.0564591803382
56,18,1.0,-1.0,-1.1077235896904178,16.285181264299084
56,19,1.0,-1.0,-0.7333922475471838,12.836657307781795
56,20,1.0,1.0,0.6631571458601166,14.621478641037985
56,21,1.0,-1.0,-1.1354761298144498,13.820368363797504
56,22,1.0,1.0,0.9488499538192148,12.893139265066694
56,23,1.0,-1.0,-1.0137336959793646,18.79309561563333
56,24,1.0,-1.0,-1.0544773235736429,14.322956275399013
56,25,1.0,1.0,1.1132144372734203,17.08889962246746
56,26,1.0,-1.0,-0.552109351407952,10.807781028816185
56,27,1.0,1.0,0.08939970485884224,18.30871767449829
56,28,1.0,-1.0,-1.4625682519327223,18.000602589805794
56,29,1.0,-1.0,-1.042343093254965,14.72836992634487
56,30,1.0,1.0,0.14677446431234048,15.549047553924364
56,31,1.0,-1.0,-0.5690174620825397,10.978355893736149
56,32,1.0,1.0,0.6441007673193703,14.53413668015323
56,33,1.0,1.0,0.5746105139842732,16.95426910453561
56,34,1.0,-1.0,-1.308926324389666,15.874672648630717
56,35,1.0,1.0,0.02500546017101951,18.061702193139613
56,36,1.0,1.0,0.4657808408915742,17.479506273730234
56,37,1.0,-1.0,-1.5741698924425702,16.688555167386838
56,38,1.0,1.0,0.2639009741789343,13.00300926729104
56,39,1.0,1.0,0.8330145280545606,16.04903542907689
56,40,1.0,1.0,0.011699111526571132,13.681994377917013
56,41,1.0,1.0,0.9782698140383542,14.210868499948429
56,42,1.0,-1.0,-1.2985959620161847,16.09173485302086
56,43,1.0,1.0,0.15011608943464705,11.833599616468158
56,44,1.0,1.0,0.24119208309423218,13.579884824882775
56,45,1.0,1.0,1.2483235021273862,16.164497451060345
56,46,1.0,-1.0,-0.4759911215869891,17.711219470382474
56,47,1.0,1.0,0.3250992879217482,13.730003183858273
56,48,1.0,1.0,0.3314857106349609,13.710018007615218
56,49,1.0,1.0,0.054836639566649886,15.475971910000972
56,50,1.0,-1.0,-1.0752497596932753,15.614970946469283
56,51,1.0,1.0,0.72878491412107,15.499234177222805
56,52,1.0,-1.0,-0.325403304480519,15.505416552724396
56,53,1.0,-1.0,-1.3480537870113172,17.505225666567924
56,54,1.0,-1.0,-0.874025209351128,16.97980221097098
56,55,1.0,-1.0,-0.6776386610375286,18.096535972973584
56,56,1.0,-1.0,-0.9981036892949061,16.030673812998067
56,57,1.0,1.0,0.2610931664155604,16.071727579336244
56,58,1.0,1.0,0.08668778537781963,14.231635634464178
56,59,1.0,1.0,0.15150222484863357,15.489253017292283
56,60,1.0,1.0,0.6276996407793123,11.344643572539043
56,61,1.0,1.0,0.7397422245318475,13.165247215100079
56,62,1.0,-1.0,-0.1635346634796296,16.46101062505569
56,63,1.0,1.0,0.6270700449417912,14.84534321029739
56,64,-1.0,-1.0,-0.3875986068164068,15.323973320274007
56,65,-1.0,1.0,0.3325208570023968,14.388978903750813
56,66,-1.0,1.0,1.0532688666562202,16.86101310720402
56,67,-1.0,1.0,0.6541210972758109,13.206964480054284
56,68,-1.0,-1.0,-0.11091374206133373,13.915304297712625
56,69,-1.0,-1.0,-0.3316793484192855,17.09037738845206
56,70,-1.0,1.0,0.18379319658376564,14.457336511114502
56,71,-1.0,1.0,1.2914277818601951,15.128462943723877
56,72,-1.0,-1.0,-0.09466435791063464,12.821742901352339
56,73,-1.0,-1.0,-0.33519314321121296,13.915898131189813
56,74,-1.0,-1.0,-0.8499542749965276,16.74457632416713
56,75,-1.0,-1.0,-1.1174284594740453,18.232168659984747
56,76,-1.0,-1.0,-0.2251633788328734,15.341391060435864
56,77,-1.0,1.0,0.3332971933429927,13.79432361513998
56,78,-1.0,1.0,1.3778693963319997,14.791095925565859
56,79,-1.0,1.0,1.5471789319440172,14.317076075476585
56,80,-1.0,1.0,0.6431814601959496,18.452829478397245
56,81,-1.0,-1.0,-1.223422871727861,13.365524351112626
56,82,-1.0,-1.0,-0.4014989997075226,18.789206258449674
56,83,-1.0,1.0,0.4140562558181265,14.251971975023935
56,84,-1.0,1.0,1.6314581213490704,13.566996452935648
56,85,-1.0,-1.0,-0.026288138299227937,15.447938844035574
56,86,-1.0,1.0,0.6867964472747221,15.230336013854581
56,87,-1.0,1.0,0.26108082439651736,15.750143664486696
56,88,-1.0,-1.0,-0.41207572396063474,16.3490286297026
56,89,-1.0,-1.0,-1.5443526748195584,15.003181615099079
56,90,-1.0,-1.0,-0.019745489040384423,18.765417729763367
56,91,-1.0,-1.0,-0.6603832566267354,12.811867073525121
56,92,-1.0,1.0,1.0745226553060405,13.049012750048467
56,93,-1.0,-1.0,-1.4663765931187889,15.663990601879439
56,94,-1.0,1.0,0.4756619904182656,18.6819991824278
56,95,-1.0,-1.0,-0.32366741126959014,16.654401762395263
56,96,-1.0,1.0,0.6501097789390188,16.965341153357443
56,97,-1.0,1.0,0.16684158559124404,14.220690755007883
56,98,-1.0,1.0,0.6551715432766817,13.067961945148118
56,99,-1.0,1.0,0.08828344189889148,12.154387045227399
56,100,-1.0,-1.0,-0.23881779113165316,17.52074257510309
56,101,-1.0,-1.0,-1.1669924604092907,14.57482582549312
56,102,-1.0,1.0,0.24525970129508973,13.335996460335654
56,103,-1.0,1.0,0.4992039486527939,12.807684484038152
56,104,-1.0,-1.0,-0.1550795275785742,16.952942343720682
56,105,-1.0,-1.0,-0.5590085557998858,15.959350689916143
56,106,-1.0,1.0,0.8952668287453381,15.249277472289371
56,107,-1.0,1.0,0.9172949639749216,17.42266706471539
56,108,-1.0,1.0,0.2012459321865715,17.118027738669348
56,109,-1.0,-1.0,-0.6035458683845262,13.943566252735385
56,110,-1.0,-1.0,-0.8871461585313923,13.009706988123025
56,111,-1.0,1.0,0.30605508737657733,16.801176367021508
56,112,-1.0,-1.0,-0.5778326425284527,14.048370542734903
56,113,-1.0,1.0,0.8931430139753849,17.63523799810671
56,114,-1.0,-1.0,-0.4755277783945024,15.003998305991106
56,115,-1.0,1.0,0.6022555115613797,14.848854473396573
56,116,-1.0,-1.0,-1.4895195087126298,18.39736736108796
56,117,-1.0,1.0,0.16461755468173525,12.993161985955025
56,118,-1.0,-1.0,-0.3914900130038362,13.816425998353461
56,119,-1.0,-1.0,-0.32175681474533835,14.112775826861892
56,120,-1.0,1.0,1.013182564586945,14.24739496702523
56,121,-1.0,-1.0,-0.2039744092315619,13.70495739033549
56,122,-1.0,-1.0,-1.4700287358313766,16.17175376263308
56,123,-1.0,-1.0,-1.2857552410072932,17.878968722328516
56,124,-1.0,1.0,0.6594858479848402,16.237113997974625
56,125,-1.0,-1.0,-1.5342950226348737,17.022612641666196
56,126,-1.0,-1.0,-0.35363066581083,16.102852925225964
56,127,-1.0,-1.0,-0.1418231164648099,18.682901548452346
57,0,1.0,-1.0,-0.8584202148239288,15.676348306134996
57,1,1.0,-1.0,-0.15916990506018708,19.499643889850628
57,2,1.0,-1.0,-0.7462736042311863,15.14353984260168
57,3,1.0,-1.0,-0.5919628159989574,12.708085808440407
57,4,1.0,1.0,0.7248265734068664,19.612288075485246
57,5,1.0,1.0,0.28037679030768714,17.735519581902008
57,6,1.0,1.0,0.05952898453698596,11.602542403237637
57,7,1.0,-1.0,-0.2551462329303865,11.615009871388466
57,8,1.0,-1.0,-0.38543118164876566,12.700489416934225
57,9,1.0,1.0,0.21197543659201273,11.542722831950512
57,10,1.0,-1.0,-0.43720746634428187,15.33334122460133
57,11,1.0,1.0,0.27725240225522146,15.363789224327792
57,12,1.0,-1.0,-0.6640182147848371,15.418357178489332
57,13,1.0,1.0,0.8130091908971563,16.759663262444032
57,14,1.0,1.0,1.3392333621458201,19.930659957045545
57,15,1.0,-1.0,-0.6570179386537672,17.351787927755666
57,16,1.0,-1.0,-0.16224232798960397,15.528852847279577
57,17,1.0,-1.0,-0.1444229576888808,18.813029416348805
57,18,1.0,1.0,0.4193318033109443,17.52411399598685
57,19,1.0,-1.0,-1.0585250322287476,16.086160334586133
57,20,1.0,1.0,0.02908016794796417,13.650082779617499
57,21,1.0,1.0,0.4848629494412849,18.220241640247476
57,22,1.0,1.0,0.22665957652614543,17.671872481534542
57,23,1.0,1.0,1.2488906789521068,19.068495917025786
57,24,1.0,-1.0,-0.9896903255076867,15.81575452920354
57,25,1.0,1.0,0.7879205395960267,18.48239825120965
57,26,1.0,-1.0,-1.379567110758815,13.592586938617544
57,27,1.0,-1.0,-1.038962832849443,15.495778041993379
57,28,1.0,1.0,1.1705933326116293,15.752407007777979
57,29,1.0,-1.0,-0.9478836576596732,17.84443957789624
57,30,1.0,1.0,0.712233434682715,16.327556632385082
57,31,1.0,1.0,0.2704048141449961,15.290487243021834
57,32,1.0,1.0,0.16502781716764753,14.971260509807065
57,33,1.0,-1.0,-1.282860590454466,14.915371341332978
57,34,1.0,1.0,0.5097311151171188,14.412164041567289
57,35,1.0,-1.0,-0.1698535606584809,13.5870107376655
57,36,1.0,1.0,0.9891101649621787,18.41909340482112
57,37,1.0,-1.0,-0.9350705002875046,18.180397514674475
57,38,1.0,-1.0,-0.021331434273905422,13.022661610825047
57,39,1.0,-1.0,-0.43444966467561696,14.827530063084517
57,40,1.0,1.0,1.065136412213659,16.609270153297448
57,41,1.0,1.0,0.7858989575346792,18.2963613544139
57,42,1.0,1.0,0.3103925249225234,16.255339825133124
57,43,1.0,1.0,0.2814422630793808,18.20191668853936
57,44,1.0,1.0,1.4792575827473593,20.362222275759244
57,45,1.0,1.0,0.07595451130654289,15.664599773647648
57,46,1.0,1.0,0.05958995754463593,12.583834041408943
57,47,1.0,1.0,0.8805184831796709,18.858110656805273
57,48,1.0,-1.0,-1.331882809884535,13.72978291639028
57,49,1.0,-1.0,-0.2569611467013203,16.356973678967638
57,50,1.0,1.0,0.42880266388686106,17.220744856898722
57,51,1.0,-1.0,-0.6662820734803742,12.41628322666709
57,52,1.0,1.0,0.037171475996728376,15.37222077737233
57,53,1.0,1.0,0.9743794773318174,16.774047793115734
57,54,1.0,-1.0,-0.5420581206888617,16.253649134527212
57,55,1.0,-1.0,-0.47850305597959003,14.612830547440305
57,56,1.0,1.0,1.098294256895917,14.455845081746302
57,57,1.0,-1.0,-0.7281432654942956,14.502909561078342
57,58,1.0,-1.0,-0.2844856279836972,12.417780821850782
57,59,1.0,1.0,0.6949626726976801,12.570180098270864
57,60,1.0,1.0,0.0486061777746149,11.481116111378663
57,61,1.0,-1.0,-1.4364176366129042,18.45878238337672
57,62,1.0,1.0,0.6536964050374353,20.283614146615875
57,63,1.0,-1.0,-0.49187019614375327,13.913362175991294
57,64,-1.0,1.0,0.13527151417864403,15.024825574119212
57,65,-1.0,1.0,0.04982132656814775,17.210471311014796
57,66,-1.0,-1.0,-0.11121894617327811,14.945043950437823
57,67,-1.0,-1.0,-0.040981374038579044,13.303855653729244
57,68,-1.0,1.0,0.9940465263306769,14.848608529664638
57,69,-1.0,-1.0,-1.1576619600357836,16.260651257031004
57,70,-1.0,1.0,0.3742943776965361,15.443160438153138
57,71,-1.0,-1.0,-0.7435515338343556,14.20665923485465
57,72,-1.0,-1.0,-0.16735239559636594,15.563674833344441
57,73,-1.0,1.0,0.19970643292779752,17.473563395761456
57,74,-1.0,1.0,0.6901637653678425,12.751253743515573
57,75,-1.0,-1.0,-0.16574179059737665,15.820320458432839
57,76,-1.0,-1.0,-0.5824209048611858,14.104906977292112
57,77,-1.0,1.0,0.9406441974908247,16.633862289934306
57,78,-1.0,1.0,2.6397568248517076,17.30752554854333
57,79,-1.0,1.0,1.3619958393047087,19.61332994963282
57,80,-1.0,1.0,0.3923617117181724,13.004381629444694
57,81,-1.0,-1.0,-1.3894780061591208,14.739377950992528
57,82,-1.0,1.0,0.34290977922815913,13.526552584076473
57,83,-1.0,-1.0,-0.27743555570579986,12.486767873429521
57,84,-1.0,-1.0,-0.9059912349303749,16.91773276939974
57,85,-1.0,1.0,0.857587662056062,16.119232839650042
57,86,-1.0,-1.0,-0.7975722739500459,14.311833096200633
57,87,-1.0,-1.0,-0.23337120397862715,13.424173743796604
57,88,-1.0,1.0,1.1256080273988194,16.121029800076833
57,89,-1.0,1.0,1.1424788207713599,19.18071556138213
57,90,-1.0,1.0,1.1932487253209632,14.697026858313066
57,91,-1.0,-1.0,-0.9937495750705936,16.377579321413297
57,92,-1.0,-1.0,-0.4748605485288374,13.478654857923019
57,93,-1.0,1.0,0.8191917917663766,13.931978720448667
57,94,-1.0,-1.0,-0.21410299028665708,15.67625298674881
57,95,-1.0,1.0,0.8331296250345603,13.43417411139348
57,96,-1.0,1.0,0.8343824858309082,18.743027422771846
57,97,-1.0,1.0,0.7132081665363157,13.407406626976947
57,98,-1.0,1.0,0.24021073585598218,14.676411167779568
57,99,-1.0,1.0,1.0734353468394022,14.998640304449522
57,100,-1.0,1.0,0.5502266922064045,17.03581749019844
57,101,-1.0,1.0,1.1691711895702606,17.917747224655788
57,102,-1.0,1.0,0.734478187253503,12.871876555789717
57,103,-1.0,-1.0,-0.07786918012184463,14.742681959842189
57,104,-1.0,1.0,0.4797993082564729,15.653452293980228
57,105,-1.0,1.0,1.3010406804978978,16.451584283088035
57,106,-1.0,-1.0,-0.19682614468001502,15.417706897638134
57,107,-1.0,1.0,0.44340196463713605,16.423249337047448
57,108,-1.0,1.0,0.01999157852746808,17.558537290988724
57,109,-1.0,1.0,0.760835394997853,16.050691883035533
57,110,-1.0,-1.0,-1.0032231670494225,15.757203778506105
57,111,-1.0,1.0,0.07602105610502329,13.693622873027318
57,112,-1.0,1.0,0.14451479288225869,17.780938327029137
57,113,-1.0,1.0,0.8325031469333322,13.294237565492383
57,114,-1.0,1.0,2.337835789288061,19.155000905818476
57,115,-1.0,-1.0,-0.339417251243556,14.01963801176391
57,116,-1.0,1.0,1.1637285859461344,15.189407064417699
57,117,-1.0,1.0,1.407069662930548,18.870841039174223
57,118,-1.0,1.0,1.0296472857943741,10.496225083895636
57,119,-1.0,1.0,0.7805336111542177,17.56036672226073
57,120,-1.0,1.0,0.4235968575391035,18.85062662071934
57,121,-1.0,-1.0,-0.6379253715164568,15.746225396732033
57,122,-1.0,1.0,0.6352637371204305,18.58808542437041
57,123,-1.0,1.0,0.8919779232787173,16.415814377887628
57,124,-1.0,1.0,0.9053858173216524,14.762273739178509
57,125,-1.0,1.0,0.14117378666252925,14.004323360397933
57,126,-1.0,1.0,0.1942232827978636,10.98161323421867
57,127,-1.0,-1.0,-0.08859553163182034,15.256293099450605
58,0,1.0,1.0,0.6267914007517057,19.254258437956167
58,1,1.0,-1.0,-0.9062046173287217,16.077911094053594
58,2,1.0,-1.0,-0.11235872825970435,16.300909431011767
58,3,1.0,-1.0,-0.38295763889714923,13.921397210845193
58,4,1.0,1.0,0.42946364444194035,15.563820811444863
58,5,1.0,-1.0,-0.006396458040228453,17.9357742753473
58,6,1.0,-1.0,-0.2488225942136405,12.264333495950607
58,7,1.0,1.0,0.6441145707558963,18.414211214502476
58,8,1.0,-1.0,-0.2590494944266594,13.863366895965209
58,9,1.0,-1.0,-0.4967953769381575,13.111964266236846
58,10,1.0,-1.0,-0.31842938616979777,17.330277218095222
58,11,1.0,1.0,0.02977382411606755,18.79635500067898
58,12,1.0,1.0,0.0720152680272653,18.369925529978644
58,13,1.0,1.0,0.7196217141487089,15.473562172728869
58,14,1.0,-1.0,-0.807113742308435,14.459071964043872
58,15,1.0,1.0,0.45916897364908493,14.534988499952215
58,16,1.0,-1.0,-0.702471493661423,12.269721486301043
58,17,1.0,-1.0,-0.3870237672374558,14.592411239604303
58,18,1.0,-1.0,-0.8079251847798056,13.659054269813653
58,19,1.0,1.0,0.13221754387585116,12.883930207084855
58,20,1.0,1.0,0.43644269452366835,13.828431180871927
58,21,1.0,1.0,0.7288156311338947,16.052326081775984
58,22,1.0,-1.0,-0.3757450947730263,16.071031180513387
58,23,1.0,-1.0,-0.926764893043478,16.941677832524135
58,24,1.0,1.0,0.5651901617070724,16.630736894744842
58,25,1.0,-1.0,-0.3957766648873948,14.425047496118891
58,26,1.0,-1.0,-0.39172115470134744,14.23824958010962
58,27,1.0,1.0,0.9436353916945478,11.945014005182118
58,28,1.0,1.0,0.028928911601697083,18.65088147486112
58,29,1.0,1.0,0.891615898455074,12.818546971224706
58,30,1.0,-1.0,-0.38491133008730427,16.792091203653925
58,31,1.0,1.0,1.022668392311232,13.566650619735531
58,32,1.0,1.0,0.24915318637023665,16.574897835355564
58,33,1.0,1.0,0.04124147181294635,14.658497756830398
58,34,1.0,1.0,0.23311565152614538,15.916440542769488
58,35,1.0,-1.0,-0.15741178072872186,12.151928510593407
58,36,1.0,1.0,0.7754081492570822,16.20596864920799
58,37,1.0,-1.0,-0.22482248869880483,14.364517067481605
58,38,1.0,1.0,0.18732289096747995,13.089009926263778
58,39,1.0,1.0,0.16004877221878427,14.186491099226988
58,40,1.0,1.0,0.0778569215442608,18.092967034522758
58,41,1.0,1.0,0.029584345535607154,14.59420479830104
58,42,1.0,1.0,0.005609609777003102,15.139626821983656
58,43,1.0,1.0,0.5223071043150014,13.800170083960522
58,44,1.0,-1.0,-0.3228068769519419,14.646269504389544
58,45,1.0,1.0,0.13954338575551392,15.04361646161657
58,46,1.0,1.0,0.03937752047999438,14.794199835646126
58,47,1.0,1.0,0.09962423053767913,16.26114885153658
58,48,1.0,-1.0,-0.3657285569567024,12.639243267221383
58,49,1.0,1.0,0.09483828163668326,14.997472442320413
58,50,1.0,1.0,0.24124100402923396,17.969738278666362
58,51,1.0,-1.0,-0.6156681328624202,16.04303108006876
58,52,1.0,1.0,0.19806212277430446,17.330478793766805
58,53,1.0,1.0,0.5346940365322392,15.652052940945843
58,54,1.0,1.0,0.6721971035737487,18.69621319586237
58,55,1.0,-1.0,-0.6843423966899314,12.59135513386935
58,56,1.0,-1.0,-0.5220660428068142,12.143658021506704
58,57,1.0,-1.0,-0.19158774835034856,13.58860855434212
58,58,1.0,1.0,0.5413405659286014,16.441176247872487
58,59,1.0,-1.0,-1.2225790732371433,15.92750323704276
58,60,1.0,1.0,0.6526497733295391,16.022763542325468
58,61,1.0,1.0,0.05227474571071594,16.534698902902463
58,62,1.0,-1.0,-1.261824110349685,14.917035698520566
58,63,1.0,-1.0,-0.817094795133705,12.509124405715317
58,64,-1.0,1.0,0.7262202985866973,16.911658815412533
58,65,-1.0,1.0,0.7036409265852791,13.114410297012801
58,66,-1.0,1.0,0.34673998657953986,16.47567648655675
58,67,-1.0,1.0,0.13795252817263595,16.022309800613826
58,68,-1.0,1.0,1.6363535740576833,18.770530419562995
58,69,-1.0,1.0,0.5943845065675735,13.83896402623081
58,70,-1.0,1.0,0.465512385728726,14.246942956330239
58,71,-1.0,-1.0,-0.28261197334227983,14.062989072974313
58,72,-1.0,-1.0,-0.15257074963173053,15.453103346300097
58,73,-1.0,-1.0,-0.3497689860199531,12.980266043348388
58,74,-1.0,1.0,0.4213093530656434,15.406038865611364
58,75,-1.0,1.0,0.4184057196166482,13.890731318508971
58,76,-1.0,1.0,0.6101452479535399,17.44335281672959
58,77,-1.0,1.0,0.3163371495368078,15.336689135813153
58,78,-1.0,1.0,0.23103156797482008,14.844005680956064
58,79,-1.0,1.0,0.9175150465858313,15.936855053247717
58,80,-1.0,1.0,1.2754142402157969,15.914130642240186
58,81,-1.0,-1.0,-0.025965436157448146,15.075656740014397
58,82,-1.0,1.0,0.3494022959773889,16.902060635299655
58,83,-1.0,-1.0,-0.44657126923776025,13.478662922308448
58,84,-1.0,-1.0,-0.07359038409883159,12.969964632929472
58,85,-1.0,1.0,1.0428025371567522,13.316092171955702
58,86,-1.0,-1.0,-0.0503349156473156,16.541892246906045
58,87,-1.0,1.0,0.4172792306415195,15.932013891572863
58,88,-1.0,1.0,0.8631794376989895,10.781177803487324
58,89,-1.0,1.0,0.6432216740560577,15.289906299442126
58,90,-1.0,-1.0,-0.6780976919022708,14.769736111703944
58,91,-1.0,1.0,0.23785386317584983,13.495668022888186
58,92,-1.0,1.0,0.4530290539752039,12.192487662422135
58,93,-1.0,-1.0,-0.16091741359613307,14.103323659663365
58,94,-1.0,1.0,0.5729237138064232,16.627381818435733
58,95,-1.0,1.0,0.6138901797856421,12.712790195285264
58,96,-1.0,1.0,0.3265717401750172,17.2346696552516
58,97,-1.0,1.0,0.8082479714145565,18.05770955291734
58,98,-1.0,1.0,1.3749774831197512,17.701779355205378
58,99,-1.0,1.0,0.29763632276167595,11.399195059656202
58,100,-1.0,-1.0,-0.3136659529779104,14.241163201052178
58,101,-1.0,1.0,0.06785845190894539,16.837477990260226
58,102,-1.0,1.0,1.997279518275547,15.102263292498428
58,103,-1.0,-1.0,-0.6590246164858853,14.46474749790274
58,104,-1.0,1.0,0.8735063701760102,16.051431443505532
58,105,-1.0,1.0,0.21996496918601255,13.78615998503942
58,106,-1.0,-1.0,-0.20317916288662125,10.123375078181974
58,107,-1.0,1.0,0.49653749461482677,13.379275384553774
58,108,-1.0,-1.0,-0.2485584014886854,13.165630793944938
58,109,-1.0,-1.0,-0.05755436349472595,17.689484476153666
58,110,-1.0,1.0,1.7031237303437556,16.625003384682664
58,111,-1.0,1.0,0.27913102200580386,14.583650509601922
58,112,-1.0,1.0,0.6052619273076576,16.713100321889744
58,113,-1.0,1.0,1.2163854306411876,14.3047799044476
58,114,-1.0,1.0,0.14831718536641383,17.27490005805149
58,115,-1.0,-1.0,-0.7847825417010836,14.490301704789852
58,116,-1.0,1.0,0.1762680482821566,15.520553123273112
58,117,-1.0,-1.0,-0.06000043134108632,10.913214577697481
58,118,-1.0,1.0,0.24650911254620195,11.487496734645896
58,119,-1.0,-1.0,-0.3203768398798449,14.246932233814091
58,120,-1.0,1.0,0.3530776118876203,15.838105718086302
58,121,-1.0,-1.0,-0.07739514228915283,12.064168440298833
58,122,-1.0,1.0,0.6580442178861982,13.006467930719099
58,123,-1.0,-1.0,-0.31411107923462406,14.748709650804248
58,124,-1.0,1.0,2.0387916041433405,17.364463096900746
58,125,-1.0,1.0,0.9854558644788101,13.163765256194425
58,126,-1.0,1.0,0.5094209571349148,18.371132750165334
58,127,-1.0,1.0,1.0251397475952102,15.648930791970518
59,0,1.0,1.0,0.2538031816083634,13.354937479286882
59,1,1.0,-1.0,-0.8945178183101652,15.736240144572356
59,2,1.0,-1.0,-0.9213400843364777,17.83934465168506
59,3,1.0,-1.0,-0.22779893267975254,19.59282648449778
59,4,1.0,-1.0,-1.693471406738843,19.455572144186196
59,5,1.0,-1.0,-0.877159089229882,14.254641939212187
59,6,1.0,1.0,1.4997363362279377,14.65033538789869
59,7,1.0,1.0,0.6705862059743348,15.026382728022433
59,8,1.0,-1.0,-0.6203553887944357,13.447953526667002
59,9,1.0,-1.0,-0.30484527577283727,14.494414465945477
59,10,1.0,1.0,0.21207376031495592,18.750082912203744
59,11,1.0,1.0,0.2262017208809509,16.062380413253976
59,12,1.0,1.0,0.47370247349587324,14.718756549550818
59,13,1.0,1.0,0.2432961772068027,15.507563648654363
59,14,1.0,1.0,0.06556492510158823,18.197252618203436
59,15,1.0,-1.0,-0.5860768971905912,17.562774364616356
59,16,1.0,1.0,0.8928925196758966,16.466431102824767
59,17,1.0,1.0,1.0412826851598156,16.16439629275628
59,18,1.0,-1.0,-0.4881682873161459,15.565934748078268
59,19,1.0,-1.0,-0.7070832414846436,13.420352192841289
59,20,1.0,1.0,0.12068717370419056,15.429487036720896
59,21,1.0,1.0,0.7731096735645047,16.65246767016486
59,22,1.0,-1.0,-0.38655275484934914,18.00611990214017
59,23,1.0,-1.0,-0.1925919495082455,13.491137351760393
59,24,1.0,1.0,0.35773194898077676,14.515894828012131
59,25,1.0,-1.0,-0.7395217168558665,18.681095826095028
59,26,1.0,1.0,0.161557244770488,18.219267166051477
59,27,1.0,-1.0,-0.07206648676567723,12.748911487684175
59,28,1.0,-1.0,-0.4345342200032303,18.147242669030188
59,29,1.0,-1.0,-0.07127312146322796,18.755417609066782
59,30,1.0,-1.0,-0.6129606818815236,15.689177581261774
59,31,1.0,1.0,0.08037535147387659,15.51932520749868
59,32,1.0,-1.0,-0.5289089804914197,19.363504996816268
59,33,1.0,-1.0,-0.28378906796446257,13.149317764296951
59,34,1.0,-1.0,-1.7847598030045975,13.800015274242114
59,35,1.0,-1.0,-0.3852469920445709,18.830110643494308
59,36,1.0,-1.0,-0.07547094392307772,15.941013054092755
59,37,1.0,1.0,0.24369726523580232,19.27304408122674
59,38,1.0,-1.0,-0.05917886566282335,13.517850549810792
59,39,1.0,-1.0,-0.21110668118691578,14.754721583292984
59,40,1.0,-1.0,-0.7189581131188264,16.412981034239788
59,41,1.0,1.0,0.6325111653695646,16.198517257344825
59,42,1.0,-1.0,-0.23242550188683797,18.17664399190418
59,43,1.0,1.0,0.14894344847863433,19.290840113110477
59,44,1.0,1.0,1.0837270077696826,15.664167405631012
59,45,1.0,1.0,0.9859189709385092,15.070932099958055
59,46,1.0,-1.0,-0.9824650759914065,19.243436286518193
59,47,1.0,1.0,0.827679298494411,12.160970430833192
59,48,1.0,-1.0,-0.10799600155462359,12.488585332758472
59,49,1.0,1.0,0.47317475793413877,16.683140421824774
59,50,1.0,1.0,1.102774039146128,14.272858603215024
59,51,1.0,1.0,0.5323339984494395,13.38885247517778
59,52,1.0,-1.0,-1.022688881804787,15.298633596641315
59,53,1.0,-1.0,-0.5785339394706236,16.272903976985354
59,54,1.0,-1.0,-0.6644750818779658,14.825497550101682
59,55,1.0,-1.0,-0.25925243071665593,18.002359899772287
59,56,1.0,1.0,0.29880144318147883,15.314176810938626
59,57,1.0,1.0,1.0561360426723072,14.79657645659537
59,58,1.0,-1.0,-0.009077926370256506,17.198895348663406
59,59,1.0,1.0,0.10340629856012454,14.23336172397421
59,60,1.0,1.0,0.2547503809195876,15.203884246960271
59,61,1.0,-1.0,-1.052499105708358,14.924082267681666
59,62,1.0,1.0,0.051897240544016086,13.397781933423863
59,63,1.0,1.0,0.9588010031927998,16.05642855923275
59,64,-1.0,-1.0,-0.4000857709676574,17.32299928807768
59,65,-1.0,-1.0,-0.8581803766487736,15.242044293865792
59,66,-1.0,1.0,0.6601047347771004,13.149013441772492
59,67,-1.0,-1.0,-1.042851754023802,16.554104981960915
59,68,-1.0,1.0,1.3242479948611057,17.815948493929543
59,69,-1.0,1.0,1.2555266528542017,16.6888386394969
59,70,-1.0,1.0,1.7547440414443587,13.399978134301806
59,71,-1.0,1.0,1.2436340379397677,14.312551573844145
59,72,-1.0,1.0,0.02326173510260493,14.911061477754021
59,73,-1.0,1.0,0.8915067783589505,18.774027294246928
59,74,-1.0,-1.0,-0.09511759299336356,14.363849505860648
59,75,-1.0,-1.0,-0.10687313026332625,11.855526600262138
59,76,-1.0,1.0,0.35649522206598133,13.347221040477645
59,77,-1.0,-1.0,-0.08261560295830388,17.40860264346274
59,78,-1.0,-1.0,-0.29834275634613855,12.659317145390743
59,79,-1.0,1.0,0.9547611578140119,16.75538177794847
59,80,-1.0,1.0,0.26967753281724105,15.108435972906026
59,81,-1.0,-1.0,-0.8771516557854825,14.58645767350988
59,82,-1.0,1.0,0.7304429794995468,17.804864154539615
59,83,-1.0,-1.0,-0.1832957355620795,14.190040500070474
59,84,-1.0,-1.0,-2.3284218819842373,17.782888105749805
59,85,-1.0,1.0,0.9305063614103177,14.369191377125347
59,86,-1.0,-1.0,-0.0589845735022424,16.395845866556076
59,87,-1.0,-1.0,-1.3086178004083915,19.32261652008566
59,88,-1.0,1.0,0.6042638027554464,14.381748772065176
59,89,-1.0,1.0,0.9617174574417753,16.087499334011408
59,90,-1.0,-1.0,-0.8889177754417067,18.18256896244544
59,91,-1.0,1.0,0.7121858617143466,15.707329268224578
59,92,-1.0,-1.0,-2.018453347494198,16.39247177434991
59,93,-1.0,1.0,0.8120205599483304,12.377130855348488
59,94,-1.0,1.0,1.058555993065063,19.17608942637427
59,95,-1.0,1.0,0.4057669430064947,14.659266464598268
59,96,-1.0,1.0,0.7400575712290037,16.430517957099212
59,97,-1.0,1.0,1.0191153462203728,14.64602206187166
59,98,-1.0,1.0,0.7658395042707344,16.099835246659254
59,99,-1.0,-1.0,-0.6005675780260966,10.617354545257093
59,100,-1.0,-1.0,-0.029465574410396156,16.772941885766322
59,101,-1.0,1.0,0.8469735352754506,19.228795559098003
59,102,-1.0,1.0,0.7380314082225766,14.78077945412647
59,103,-1.0,1.0,1.2890768768865346,18.868591134843662
59,104,-1.0,-1.0,-0.9034466573620372,15.667794529008225
59,105,-1.0,1.0,0.8023122650547778,17.39832278170689
59,106,-1.0,1.0,1.4925154390330386,14.520728221632588
59,107,-1.0,-1.0,-1.084119092019517,19.54807744886699
59,108,-1.0,1.0,0.2597327476371724,14.441099445768222
59,109,-1.0,1.0,0.6249458621767502,14.857306755190287
59,110,-1.0,-1.0,-1.8836165347697411,18.558337694395576
59,111,-1.0,1.0,0.6969936857322289,19.084655078814045
59,112,-1.0,-1.0,-1.9489366965242096,16.557046042845222
59,113,-1.0,1.0,0.2662119021509902,14.883854650165807
59,114,-1.0,1.0,0.7686969965976417,12.880931530244712
59,115,-1.0,-1.0,-0.2941966978856519,19.035966439328426
59,116,-1.0,1.0,0.4064335777326492,14.26608534936465
59,117,-1.0,-1.0,-1.589156329855528,18.17164211439037
59,118,-1.0,-1.0,-1.30725120559116,17.64776670362089
59,119,-1.0,1.0,0.7336114285851765,12.473481264211506
59,120,-1.0,-1.0,-2.1130271410342143,17.53392783164916
59,121,-1.0,-1.0,-0.3227800873995701,13.418112058543839
59,122,-1.0,1.0,0.3848914185453263,16.972627275368325
59,123,-1.0,1.0,0.7374313004327541,17.271904490091206
59,124,-1.0,1.0,1.0994926069556321,15.882009412313794
59,125,-1.0,1.0,1.4190349882414333,16.082290234013797
59,126,-1.0,-1.0,-1.1192484982722635,18.683359600000394
59,127,-1.0,-1.0,-0.6758020572850785,12.301830348224176
60,0,1.0,1.0,0.6954579263167836,17.756549840418774
60,1,1.0,1.0,0.047801339168280485,18.561550874309166
60,2,1.0,1.0,0.0885137286683555,13.960072842164038
60,3,1.0,1.0,1.4555633365491383,15.603519517815972
60,4,1.0,-1.0,-0.45820978254407735,13.013671827233528
60,5,1.0,1.0,0.26360025653747193,17.84988757747904
60,6,1.0,1.0,0.45170706375935477,18.53552205545548
60,7,1.0,1.0,2.0868991095669513,16.017459367553563
60,8,1.0,1.0,0.13163028502431146,13.978516523277426
60,9,1.0,-1.0,-0.5424448289383277,14.500725175314104
60,10,1.0,-1.0,-0.8721000036681916,11.163165967523177
60,11,1.0,1.0,0.46612333090651825,12.275694077808113
60,12,1.0,1.0,1.7453816588494226,16.19817018499112
60,13,1.0,-1.0,-1.149552071263483,16.385163643012792
60,14,1.0,-1.0,-0.38956219623958677,14.678861703948956
60,15,1.0,-1.0,-0.17142427758389978,17.288407611218517
60,16,1.0,1.0,1.9675392551824598,18.11118040537357
60,17,1.0,-1.0,-1.2480180742740716,13.106455885779608
60,18,1.0,-1.0,-0.5556170064929744,12.155301438340087
60,19,1.0,1.0,2.1767329856268516,18.617106188778042
60,20,1.0,-1.0,-1.0557153526640428,13.80426829358801
60,21,1.0,-1.0,-0.5517199124410951,16.984878390917366
60,22,1.0,1.0,0.41353172804653715,19.833049506818387
60,23,1.0,-1.0,-0.9726651472626705,13.039912489366287
60,24,1.0,-1.0,-0.08862364889870034,18.75601595069698
60,25,1.0,1.0,0.5814280780129197,16.56475865425216
60,26,1.0,1.0,1.0959099653780153,19.169234947288597
60,27,1.0,-1.0,-0.35260750254150597,18.336713510510926
60,28,1.0,1.0,1.386606918480193,16.14146022569053
60,29,1.0,-1.0,-1.1327119744154237,15.860577004646732
60,30,1.0,-1.0,-0.09158231195091628,14.454198158712138
60,31,1.0,-1.0,-0.024723656343451403,17.85782701963848
60,32,1.0,1.0,0.842906730038478,15.488177337558733
60,33,1.0,1.0,0.15407126359768264,15.1837201010332
60,34,1.0,-1.0,-0.20606392410033264,14.859408675071675
60,35,1.0,1.0,1.0857864779078696,18.61079072151569
60,36,1.0,-1.0,-0.9020890959010222,13.533460285668994
60,37,1.0,1.0,0.39713753564184073,18.598763819249317
60,38,1.0,-1.0,-0.3426645126565831,16.95306391964119
60,39,1.0,-1.0,-1.1417941736072632,12.331815448990726
60,40,1.0,1.0,1.3153570438950353,14.705120699031625
60,41,1.0,1.0,0.11469734850571173,18.60091456976302
60,42,1.0,-1.0,-0.80183017233045,14.421904401175537
60,43,1.0,-1.0,-0.3999221146020756,12.964702015570966
60,44,1.0,-1.0,-0.07482887779506342,15.855066332044936
60,45,1.0,1.0,0.5331799848266884,11.277869601233018
60,46,1.0,-1.0,-0.6445195903919958,15.707334020667542
60,47,1.0,1.0,0.8607751628822483,15.882663544496758
60,48,1.0,-1.0,-0.661619476901864,16.827236411163096
60,49,1.0,1.0,1.701693542197026,18.873701898059963
60,50,1.0,1.0,0.3388217427154161,17.037132762907312
60,51,1.0,1.0,0.39882960486458385,17.088604022242176
60,52,1.0,-1.0,-0.618358464141403,10.35766996912663
60,53,1.0,1.0,0.5872007939051025,19.56359797805922
60,54,1.0,1.0,0.5079101152583445,17.74991687700807
60,55,1.0,-1.0,-0.6479713001372008,12.514251104590286
60,56,1.0,1.0,0.895129859293357,17.493713197773385
60,57,1.0,-1.0,-0.5927702225144543,16.429651847192947
60,58,1.0,1.0,1.2423623037043603,17.038972329669633
60,59,1.0,1.0,0.9969952369268078,14.279289142957984
60,60,1.0,1.0,1.0548433743686,14.557364893813293
60,61,1.0,-1.0,-0.3788143786294095,15.902447336313248
60,62,1.0,-1.0,-0.6647777976622362,14.404856615230567
60,63,1.0,1.0,2.4094485079032584,16.99096614687585
60,64,-1.0,-1.0,-0.1304149975241596,13.665429465509671
60,65,-1.0,1.0,0.6180662650042833,14.316217692345507
60,66,-1.0,1.0,0.2584799162570681,14.070238095371296
60,67,-1.0,1.0,1.2997978113324173,16.82056986159909
60,68,-1.0,1.0,1.3358067873737254,18.742988570137307
60,69,-1.0,1.0,0.3935379181058222,12.742361551785129
60,70,-1.0,1.0,0.7615819128210007,14.994678920534728
60,71,-1.0,1.0,1.2682811929982776,17.654822445604797
60,72,-1.0,1.0,0.26330942788628386,13.207664143188936
60,73,-1.0,-1.0,-0.13934571359179865,13.830755554296005
60,74,-1.0,1.0,0.005223047592110286,13.532672448927261
60,75,-1.0,1.0,0.10973933597054288,14.79988140586737
60,76,-1.0,1.0,0.36508716533004626,16.740815246592355
60,77,-1.0,1.0,0.14820746481604158,13.42908267448699
60,78,-1.0,-1.0,-0.4943132926368229,15.557589861070173
60,79,-1.0,1.0,2.0158654949986543,18.957015502640605
60,80,-1.0,1.0,0.13890315885226112,13.788830725057105
60,81,-1.0,1.0,0.02341452313598269,15.274725992755934
60,82,-1.0,1.0,0.013881957389785218,11.725402592195978
60,83,-1.0,1.0,0.7790394853852938,17.01930276507695
60,84,-1.0,1.0,0.05474536156111022,13.616058632105853
60,85,-1.0,1.0,3.048474349400791,19.362218162631542
60,86,-1.0,1.0,0.38266066969473944,13.568334349491474
60,87,-1.0,1.0,1.2377841168073616,14.956626861993273
60,88,-1.0,1.0,0.24671535195971556,15.963051878988518
60,89,-1.0,-1.0,-0.15427857874552545,11.813018393969097
60,90,-1.0,-1.0,-0.700066090764,13.826111118578904
60,91,-1.0,1.0,0.26343558024718455,14.687829395160739
60,92,-1.0,-1.0,-0.34626455275766355,14.938021560292572
60,93,-1.0,1.0,0.2254389571186035,17.438410335943143
60,94,-1.0,1.0,1.1842859338583809,16.01462864433731
60,95,-1.0,-1.0,-0.3451684981711596,13.932358416957772
60,96,-1.0,-1.0,-0.364674294942894,14.828958471306658
60,97,-1.0,1.0,1.3999235255753184,14.700890123616565
60,98,-1.0,1.0,1.3433003540096824,19.603126533666725
60,99,-1.0,-1.0,-0.024403714907025198,14.876057197170466
60,100,-1.0,1.0,1.3217281785043853,15.520573400149182
60,101,-1.0,-1.0,-0.1315428675632589,12.045134612907187
60,102,-1.0,1.0,1.355959589504878,14.350461152271663
60,103,-1.0,1.0,0.20720150335023385,16.819713890213144
60,104,-1.0,1.0,0.4302030527113948,15.339444327730332
60,105,-1.0,1.0,0.29312037836091304,14.133645780693808
60,106,-1.0,-1.0,-0.256189309549497,16.05084241043406
60,107,-1.0,-1.0,-0.4281866657964139,12.788685721199203
60,108,-1.0,1.0,0.06847953264060107,14.58139396398446
60,109,-1.0,1.0,1.6536077857879377,19.627897644308717
60,110,-1.0,-1.0,-0.31693102169694326,12.652429671565175
60,111,-1.0,-1.0,-0.8535304596791824,14.688120218965402
60,112,-1.0,1.0,1.8100049534120242,16.792621793222533
60,113,-1.0,1.0,0.39399651339210373,17.270326101556474
60,114,-1.0,-1.0,-0.014853659277233422,15.191702627021906
60,115,-1.0,1.0,0.499993467050196,17.471810557417257
60,116,-1.0,1.0,1.04085618141968,14.354732079127805
60,117,-1.0,1.0,0.21414759766392982,14.83928520951989
60,118,-1.0,1.0,1.7520126732098011,17.403863650334802
60,119,-1.0,1.0,0.008134695453173135,12.91529412065818
60,120,-1.0,1.0,0.5389745411362505,17.69275825710409
60,121,-1.0,-1.0,-0.12608822902739666,15.05993188818913
60,122,-1.0,-1.0,-0.28418937890091633,12.102914203740566
60,123,-1.0,1.0,0.41076222043715016,16.238845929378993
60,124,-1.0,1.0,1.3548869990632375,19.659060723507654
60,125,-1.0,1.0,0.023753009839103056,13.821814098625751
60,126,-1.0,-1.0,-0.1430795935837941,14.40952109842573
60,127,-1.0,-1.0,-0.06085659755197709,13.819749994747369
61,0,1.0,1.0,0.5359049775225267,13.507058406686074
61,1,1.0,-1.0,-1.0202154327918123,11.865416556278594
61,2,1.0,1.0,0.18367020514836055,14.469020856029696
61,3,1.0,-1.0,-1.321639433609099,17.816304141959556
61,4,1.0,1.0,0.45271809190733603,16.862679266823505
61,5,1.0,-1.0,-0.42188678287407066,12.91832655714801
61,6,1.0,1.0,0.3414814229254317,14.780698782817753
61,7,1.0,-1.0,-0.8053832338899071,14.958843822032211
61,8,1.0,-1.0,-1.1357845057957283,16.4073107089071
61,9,1.0,-1.0,-0.3979065482589498,16.62337794608641
61,10,1.0,1.0,0.5439723760276645,12.20086991769917
61,11,1.0,-1.0,-1.0720739215032131,14.705499710831143
61,12,1.0,-1.0,-0.9081947437071061,18.781189133849004
61,13,1.0,-1.0,-1.0838081672517597,15.211738115409608
61,14,1.0,-1.0,-0.2354687899663097,15.883032785603534
61,15,1.0,-1.0,-1.7982562094168257,17.80714465813548
61,16,1.0,-1.0,-1.0103044641591798,13.177468344520863
61,17,1.0,-1.0,-0.7039810536392047,18.766629531366938
61,18,1.0,-1.0,-0.956371735445066,13.037336445482154
61,19,1.0,-1.0,-0.0053040893936923406,14.457430111463244
61,20,1.0,-1.0,-0.9115045756323239,16.86350396403496
61,21,1.0,1.0,0.32742384169411176,18.800725876355017
61,22,1.0,-1.0,-0.16550026440796678,15.414779321618523
61,23,1.0,-1.0,-0.07217184076689129,16.27696654888581
61,24,1.0,-1.0,-0.8076463844871377,13.258682549626243
61,25,1.0,-1.0,-0.29090027294317233,15.638309636692476
61,26,1.0,-1.0,-0.5741408793496522,12.545309280622822
61,27,1.0,-1.0,-2.051819128177378,17.301104636994232
61,28,1.0,1.0,0.3446060790315073,15.077209200205372
61,29,1.0,-1.0,-0.680543570560502,11.996644302470337
61,30,1.0,-1.0,-0.3282053244618966,14.56595927004106
61,31,1.0,-1.0,-0.18616356154408498,16.81505716446136
61,32,1.0,-1.0,-0.41820073684407655,17.23800139827361
61,33,1.0,-1.0,-0.044103416507606324,17.267461043343747
61,34,1.0,1.0,0.4373427480088996,15.228568515304062
61,35,1.0,-1.0,-0.8577008655265468,14.18480101626475
61,36,1.0,-1.0,-0.014442243566030744,18.386479144166742
61,37,1.0,-1.0,-1.4028406508639335,17.4399735688343
61,38,1.0,1.0,0.358126692455701,13.887991743203184
61,39,1.0,-1.0,-0.6397011698838605,13.811755284879524
61,40,1.0,-1.0,-0.6153707349095816,16.91357086567492
61,41,1.0,-1.0,-1.1746690044114592,19.312641252783887
61,42,1.0,-1.0,-0.19278955415444574,15.875508944248763
61,43,1.0,-1.0,-0.8478167513418874,13.000562176954183
61,44,1.0,-1.0,-0.55060417963354,12.571642644411368
61,45,1.0,1.0,0.49442893622683426,15.379740440954883
61,46,1.0,-1.0,-0.9802496825465331,18.5055101190184
61,47,1.0,-1.0,-0.043547278061095165,14.771336456865546
61,48,1.0,-1.0,-1.523486681540176,13.13690541067539
61,49,1.0,-1.0,-0.2593999278758196,14.77819143823583
61,50,1.0,-1.0,-0.2912207936226274,14.446745243182331
61,51,1.0,1.0,0.14965686316046325,14.152915129950697
61,52,1.0,1.0,0.1557151462223194,15.089340254905133
61,53,1.0,-1.0,-0.7220067052998128,17.097250952928505
61,54,1.0,-1.0,-0.5424235241084776,16.699654531440665
61,55,1.0,1.0,0.5207657144405959,15.667192283384436
61,56,1.0,1.0,0.368888098829311,12.486663109460194
61,57,1.0,1.0,0.34936566025062177,13.525879837370532
61,58,1.0,1.0,0.308270751065434,18.03220333731272
61,59,1.0,-1.0,-0.6628598102691177,16.682820222053394
61,60,1.0,1.0,0.054994016875703766,15.71457456150234
61,61,1.0,-1.0,-0.3165185421415535,16.177346723821685
61,62,1.0,1.0,0.3446050780583591,12.224191221060162
61,63,1.0,1.0,0.05625419905794897,12.634963305501408
61,64,-1.0,1.0,0.361223771030609,14.098204365585856
61,65,-1.0,1.0,0.19572133179668996,17.632527186963536
61,66,-1.0,1.0,0.037478264292139685,15.093720437951204
61,67,-1.0,1.0,0.06473196461957119,14.001457824453752
61,68,-1.0,-1.0,-0.06113462252842425,17.928748864625195
61,69,-1.0,1.0,0.5865445770445378,11.84371450058504
61,70,-1.0,-1.0,-0.9341720104927798,14.426855032415471
61,71,-1.0,1.0,0.13974098986029876,12.577591130489019
61,72,-1.0,-1.0,-1.375013865641766,16.793974868485453
61,73,-1.0,1.0,0.07156415822243492,15.90749233664185
61,74,-1.0,-1.0,-1.1522316502124477,13.879768973318804
61,75,-1.0,-1.0,-0.1028452141865053,17.808833723840504
61,76,-1.0,1.0,0.07200859896975144,14.326543156747691
61,77,-1.0,-1.0,-0.03956750069310236,16.807364510386563
61,78,-1.0,1.0,1.459350878874273,17.167656238567396
61,79,-1.0,1.0,0.4525649652051995,17.579836919229685
61,80,-1.0,1.0,0.06385504768935199,13.558718879955727
61,81,-1.0,-1.0,-0.1025552167345499,14.529857501519688
61,82,-1.0,1.0,0.6893592715426166,16.299769719043763
61,83,-1.0,-1.0,-0.2654708889755911,13.166456775235508
61,84,-1.0,1.0,0.6646229017223231,14.384357535072798
61,85,-1.0,-1.0,-1.0720033854326074,16.677292286186233
61,86,-1.0,-1.0,-0.22985354272841627,18.46588312391882
61,87,-1.0,-1.0,-0.30528000681268336,11.96930635239962
61,88,-1.0,-1.0,-1.1880583750692706,16.746031354922785
61,89,-1.0,1.0,0.43005063282350603,17.480527155877663
61,90,-1.0,1.0,0.24751235952172423,12.76286012490905
61,91,-1.0,-1.0,-0.46601331905000115,16.59044800716917
61,92,-1.0,1.0,0.6090357498116429,15.453042285616391
61,93,-1.0,1.0,0.3838306863973109,14.313398327627453
61,94,-1.0,-1.0,-0.3171621849074514,18.607306541196014
61,95,-1.0,1.0,1.111497539918146,13.555403285422251
61,96,-1.0,-1.0,-0.039436551877810255,19.1568361350633
61,97,-1.0,1.0,0.6080812723676412,16.27730781599694
61,98,-1.0,-1.0,-0.6806053874311675,14.936474812202508
61,99,-1.0,1.0,1.0506905635152752,15.700054582294884
61,100,-1.0,1.0,0.9117384545633246,15.762301469910538
61,101,-1.0,1.0,0.7378717966793682,17.40917536586319
61,102,-1.0,1.0,0.9968975203135276,13.361733746649525
61,103,-1.0,1.0,0.19962334561115658,18.65604185434041
61,104,-1.0,1.0,0.48369760256460487,17.58082189550016
61,105,-1.0,-1.0,-0.022235959215391843,14.219574405472098
61,106,-1.0,-1.0,-0.3361216389937143,16.466195824528494
61,107,-1.0,-1.0,-1.0299049503809161,17.55538532166434
61,108,-1.0,-1.0,-1.4590684857877163,15.167068750465415
61,109,-1.0,1.0,0.04590634602503578,15.595957782217633
61,110,-1.0,-1.0,-0.5487032907793663,16.545833443414395
61,111,-1.0,-1.0,-0.13611168210300228,14.131117108843847
61,112,-1.0,1.0,0.15159744700027142,15.612860873357382
61,113,-1.0,-1.0,-0.13021592175710708,16.10309257233435
61,114,-1.0,1.0,0.13721556433109122,17.1947339957511
61,115,-1.0,-1.0,-1.3222131007761853,15.096338916470398
61,116,-1.0,-1.0,-1.233974243112244,15.655008599949857
61,117,-1.0,-1.0,-0.36493216469462797,18.44196696905543
61,118,-1.0,1.0,0.6818591766404118,14.02261127188932
61,119,-1.0,-1.0,-0.5833074155470419,15.884262613793446
61,120,-1.0,1.0,0.24267848258361957,13.567306929644472
61,121,-1.0,1.0,0.020885090521695723,13.094722857210558
61,122,-1.0,-1.0,-0.32814740911073204,16.980357173390015
61,123,-1.0,-1.0,-0.17039755810566898,15.116336691506168
61,124,-1.0,1.0,0.06030027050843177,14.622859085495385
61,125,-1.0,1.0,0.05642999514117725,18.03671628584858
61,126,-1.0,1.0,0.49888921927841073,18.126578696859493
61,127,-1.0,1.0,1.03952473114298,17.750519799002102
62,0,1.0,1.0,0.3392986001499748,14.187320226870472
62,1,1.0,-1.0,-0.02643879927430387,17.674781511637786
62,2,1.0,-1.0,-0.5806064638236135,18.073085497692432
62,3,1.0,-1.0,-0.701653915224891,12.741013091058154
62,4,1.0,1.0,0.45628783171330567,13.818036034322608
62,5,1.0,-1.0,-0.5424255619256975,15.422330657829592
62,6,1.0,-1.0,-0.14115265884653866,13.796090488402372
62,7,1.0,-1.0,-0.17956681341478897,13.321791030929605
62,8,1.0,-1.0,-0.707161141503729,14.364173689222849
62,9,1.0,-1.0,-0.6382984546141687,19.223601145099465
62,10,1.0,-1.0,-0.47380089873596337,13.742946288774968
62,11,1.0,1.0,1.0261746379492978,13.280294036737695
62,12,1.0,1.0,0.04046159931936372,14.82133571360131
62,13,1.0,-1.0,-0.46591827157709564,18.82895803441588
62,14,1.0,-1.0,-1.113451331471237,17.881194754666318
62,15,1.0,-1.0,-1.6853537424352516,16.29428442574056
62,16,1.0,-1.0,-0.027208943577434766,13.567505881662365
62,17,1.0,-1.0,-0.9798393175461753,15.694629833097451
62,18,1.0,1.0,0.9675136197795248,13.831261286458084
62,19,1.0,1.0,0.49141384054044357,16.58418820736497
62,20,1.0,1.0,0.5760725338902513,15.766184491385012
62,21,1.0,-1.0,-1.1651650521990957,16.366855595657928
62,22,1.0,-1.0,-0.8312849577050894,15.21692675644386
62,23,1.0,-1.0,-0.8461027297440854,15.219839167047702
62,24,1.0,-1.0,-0.8852608567758371,16.845988812878144
62,25,1.0,1.0,0.29549290417112706,13.017254565537298
62,26,1.0,-1.0,-0.0598043578583823,14.987815722801237
62,27,1.0,-1.0,-0.22272225547470847,14.800684717818465
62,28,1.0,-1.0,-0.07648945298095033,11.171906374654284
62,29,1.0,-1.0,-0.007645896872604224,13.230647828354126
62,30,1.0,-1.0,-1.3543406586352802,16.887585453997605
62,31,1.0,-1.0,-0.9121079734089699,17.33589928551454
62,32,1.0,1.0,0.3887291953832061,13.812635685741073
62,33,1.0,-1.0,-0.6738794453886765,18.98563153966138
62,34,1.0,-1.0,-0.8502549959938823,14.71014635347799
62,35,1.0,-1.0,-0.7342752909433453,11.953715411711622
62,36,1.0,1.0,0.22822791537766773,14.561831483008076
62,37,1.0,-1.0,-0.44078045549824035,18.039412869528995
62,38,1.0,-1.0,-0.27094213954829854,18.038181740011375
62,39,1.0,-1.0,-0.9095600652219841,14.952620670467534
62,40,1.0,1.0,0.6889583568859753,13.632246598232408
62,41,1.0,-1.0,-0.6990849332045471,16.3258559447459
62,42,1.0,-1.0,-0.5503088778529241,17.098425247404066
62,43,1.0,-1.0,-0.0265989607864439,16.991873121121223
62,44,1.0,-1.0,-0.2605384697839478,18.46625119875565
62,45,1.0,-1.0,-0.446841021640337,15.365801971841291
62,46,1.0,1.0,0.009742073989950834,15.074113067908511
62,47,1.0,-1.0,-0.03867500201601688,13.512640633347113
62,48,1.0,1.0,0.80309457568802,12.35921763716496
62,49,1.0,1.0,0.3703706761374349,12.852494077021708
62,50,1.0,-1.0,-0.6913888801533292,18.991151351691755
62,51,1.0,-1.0,-0.5529982255638447,19.067505280701457
62,52,1.0,-1.0,-0.371644662799764,12.001655140558638
62,53,1.0,1.0,0.02310586120259349,13.751186707242237
62,54,1.0,1.0,0.5650082174019836,14.180248724351012
62,55,1.0,-1.0,-1.3133806478171086,14.98362976909692
62,56,1.0,-1.0,-0.0377249096045343,13.504250118228931
62,57,1.0,1.0,0.11639814695950226,17.295181235018426
62,58,1.0,-1.0,-1.0145258899903191,17.45533933889172
62,59,1.0,-1.0,-1.132432277413455,17.489337332768052
62,60,1.0,-1.0,-1.0345781963257228,16.989921121816224
62,61,1.0,-1.0,-0.26561459190963355,17.65116415167015
62,62,1.0,-1.0,-0.29546880922975916,14.554330411672945
62,63,1.0,1.0,0.375168339866915,14.445892550959105
62,64,-1.0,1.0,0.2639335795068293,16.565763143694014
62,65,-1.0,-1.0,-0.4969035410942709,17.695362817143693
62,66,-1.0,1.0,0.422599291244756,14.471273979650194
62,67,-1.0,-1.0,-0.48338756499591273,18.156189888796735
62,68,-1.0,-1.0,-0.3932351046484377,18.454646506755463
62,69,-1.0,1.0,0.7955005161870122,17.889254128693853
62,70,-1.0,1.0,0.912252677838216,14.891456176878636
62,71,-1.0,-1.0,-0.5892532785176039,13.020093029830564
62,72,-1.0,1.0,0.5158157782420013,17.15142078596482
62,73,-1.0,-1.0,-0.07115223829437282,16.62802622594027
62,74,-1.0,-1.0,-0.8137950258742414,16.548711641770936
62,75,-1.0,-1.0,-0.28497054573771363,17.64800176064812
62,76,-1.0,-1.0,-0.24803099827256503,15.325034957756888
62,77,-1.0,1.0,0.15792334033039024,16.533595203957518
62,78,-1.0,1.0,0.07040730421052548,16.299702004265193
62,79,-1.0,1.0,1.0331168158019637,19.136605370552754
62,80,-1.0,-1.0,-0.9577032748031054,16.278162993700782
62,81,-1.0,-1.0,-0.7095279588264152,19.072374487971036
62,82,-1.0,-1.0,-0.3581831432789427,17.8623837869014
62,83,-1.0,-1.0,-0.3871498206042753,16.36982114763377
62,84,-1.0,-1.0,-0.19950004411242045,12.305613156344272
62,85,-1.0,-1.0,-0.22460855951250114,17.225733368526512
62,86,-1.0,1.0,0.6811371426371082,17.720682588781493
62,87,-1.0,1.0,0.04084554016364961,12.010054301726287
62,88,-1.0,1.0,0.5056060242495619,12.029702588464826
62,89,-1.0,1.0,0.6887586814602782,14.276510785163447
62,90,-1.0,1.0,0.3467895919919884,18.016172791941447
62,91,-1.0,-1.0,-0.28473159928189895,14.98925711247889
62,92,-1.0,1.0,0.043057727999057965,16.82339954601395
62,93,-1.0,1.0,0.11365627765625276,14.467223903668888
62,94,-1.0,-1.0,-0.03362930517933327,15.74361686646042
62,95,-1.0,-1.0,-0.23893264990603472,16.62978313563132
62,96,-1.0,1.0,0.48668010126848316,13.623086160153603
62,97,-1.0,-1.0,-1.2341701103906697,16.19524082461118
62,98,-1.0,1.0,0.45732952173736774,11.959108127481134
62,99,-1.0,-1.0,-0.9464181324330525,18.450465847484008
62,100,-1.0,-1.0,-0.1172483046496942,13.590453438988213
62,101,-1.0,-1.0,-0.44826200393943844,14.863908065851167
62,102,-1.0,-1.0,-0.16720213025564845,15.313062906297008
62,103,-1.0,1.0,0.013565177168568643,14.334957376475133
62,104,-1.0,1.0,0.5282310986162198,13.470098586802466
62,105,-1.0,-1.0,-0.16395274609673485,14.266903544712811
62,106,-1.0,1.0,0.1930488369878396,18.247126357306527
62,107,-1.0,1.0,0.08668025187100079,17.25047269174089
62,108,-1.0,-1.0,-0.5445716744390585,15.186739778823716
62,109,-1.0,1.0,0.2196062175552203,14.936653569488266
62,110,-1.0,-1.0,-0.31558316705135914,14.170442935740915
62,111,-1.0,-1.0,-0.36826717658598396,18.308022738288454
62,112,-1.0,1.0,0.09387811615560629,12.310915726147815
62,113,-1.0,-1.0,-0.9026240849670373,16.04414061805587
62,114,-1.0,-1.0,-0.5937406941156901,15.130805375967057
62,115,-1.0,1.0,0.3668701194983812,12.38193271783354
62,116,-1.0,-1.0,-1.201570629373867,17.953927275081284
62,117,-1.0,-1.0,-0.19997800966278445,14.460459553888679
62,118,-1.0,-1.0,-0.08612163669578946,17.328321599130295
62,119,-1.0,-1.0,-0.40801102389443156,12.502411781698974
62,120,-1.0,1.0,0.6431808153476545,15.341032644070369
62,121,-1.0,1.0,0.6418521789300436,18.010916676492336
62,122,-1.0,-1.0,-1.129781396540897,17.394529521255308
62,123,-1.0,1.0,1.592247549577526,14.300759686322715
62,124,-1.0,1.0,0.6195589993008438,16.255109292722288
62,125,-1.0,1.0,0.34796077775237294,15.892617121078722
62,126,-1.0,-1.0,-0.3050851508367778,15.953251735976494
62,127,-1.0,-1.0,-0.8818559811504432,16.807621616456117
63,0,1.0,-1.0,-0.8440687769680235,16.312457838256243
63,1,1.0,1.0,0.6871736714304931,17.689621114262575
63,2,1.0,1.0,0.759372494818087,17.561177174476576
63,3,1.0,1.0,1.6304829217467112,15.07381167347756
63,4,1.0,1.0,0.2819506781579737,15.959647197269925
63,5,1.0,-1.0,-0.8437778262480691,15.320520644798467
63,6,1.0,1.0,0.5164928870590088,14.225402359091913
63,7,1.0,1.0,0.6881762415857178,14.543236822165007
63,8,1.0,-1.0,-0.9566946754863543,12.763403553754898
63,9,1.0,1.0,0.12775963916108626,15.419582280410769
63,10,1.0,-1.0,-0.48099094661893516,14.990990948868367
63,11,1.0,1.0,1.033647869731656,18.81383993403924
63,12,1.0,1.0,1.0981816265346702,16.356714209761098
63,13,1.0,1.0,0.6079128039160449,18.369452986555405
63,14,1.0,-1.0,-0.22866405942294604,15.464056326966144
63,15,1.0,-1.0,-1.8732399981045877,15.671679911063839
63,16,1.0,-1.0,-0.4390465524647742,14.83008870818642
63,17,1.0,-1.0,-0.5387529617273565,15.161498084222545
63,18,1.0,-1.0,-0.16357652011282653,11.76674208891269
63,19,1.0,1.0,0.32876956681828834,10.870040555612466
63,20,1.0,1.0,0.04717805707538675,16.755455008702913
63,21,1.0,1.0,0.10822569830920102,12.39847864758433
63,22,1.0,-1.0,-0.011130959489556058,19.009929089130143
63,23,1.0,-1.0,-0.3402243481555237,15.34196300620718
63,24,1.0,-1.0,-1.1863473095515655,18.226920669697474
63,25,1.0,-1.0,-1.3702640815856248,14.833907323288097
63,26,1.0,-1.0,-1.356224451893811,16.409459181400294
63,27,1.0,1.0,1.3353556275381941,13.267247018582331
63,28,1.0,-1.0,-1.2061709081739498,17.151144472668115
63,29,1.0,-1.0,-0.28151339337273407,13.236315353084299
63,30,1.0,-1.0,-0.6776247757339682,12.362490293162008
63,31,1.0,-1.0,-0.1468563198336376,15.534997287991072
63,32,1.0,1.0,0.7825471619321417,18.105050843396267
63,33,1.0,-1.0,-0.8427139614796889,18.325667057984383
63,34,1.0,-1.0,-0.21136293172065262,15.241021284981576
63,35,1.0,1.0,0.4270409809038678,18.910044911541082
63,36,1.0,1.0,0.44333252034245396,15.017946570441177
63,37,1.0,-1.0,-0.5484155017532739,14.023227275925374
63,38,1.0,-1.0,-0.5759556607933549,14.920275693345028
63,39,1.0,-1.0,-1.4207407421553457,16.811573425815787
63,40,1.0,-1.0,-0.8073205227106903,14.576376670069639
63,41,1.0,-1.0,-0.31580919247657335,13.011391882831184
63,42,1.0,1.0,1.392887649260082,15.22956468983096
63,43,1.0,1.0,0.5095220099947281,14.549836571863286
63,44,1.0,1.0,0.24842825168881932,12.23288106803244
63,45,1.0,1.0,0.12289237381358106,15.733858097373751
63,46,1.0,1.0,0.20513279724348452,16.916552360526108
63,47,1.0,-1.0,-0.5846572399754021,13.992629451538516
63,48,1.0,1.0,0.268590044253052,15.069501997291365
63,49,1.0,1.0,0.22374312881536979,14.524432237333945
63,50,1.0,1.0,1.6914586532971148,16.466379615305897
63,51,1.0,1.0,0.687277894465012,13.925928964498517
63,52,1.0,-1.0,-0.6187564994841429,16.157495715857852
63,53,1.0,-1.0,-0.5278915249489574,19.191330981798888
63,54,1.0,-1.0,-0.24989945092825386,17.082927764599635
63,55,1.0,-1.0,-0.08383627430020196,16.825730234465038
63,56,1.0,-1.0,-0.28728850945417606,14.093093960572709
63,57,1.0,-1.0,-0.6961126814935324,19.409637343722984
63,58,1.0,1.0,0.3862688081329708,12.443215301990518
63,59,1.0,1.0,1.3139558806607372,15.083441904502266
63,60,1.0,1.0,0.09702450292055756,17.720100648696476
63,61,1.0,-1.0,-1.45933185668935,17.654055624533026
63,62,1.0,1.0,0.9750513516062237,15.998077183824897
63,63,1.0,-1.0,-2.002302797468341,17.943339082569164
63,64,-1.0,1.0,1.9274672203311873,18.15183452099033
63,65,-1.0,-1.0,-0.2584062788268552,11.588095205709568
63,66,-1.0,-1.0,-0.7770973290367919,17.135406854187103
63,67,-1.0,1.0,1.0007550812184272,14.533995167270017
63,68,-1.0,1.0,0.39463331521397177,17.04360791895948
63,69,-1.0,1.0,0.5377022174875979,16.43973500692782
63,70,-1.0,-1.0,-0.08150546106120855,17.270793524884827
63,71,-1.0,1.0,0.46562606811378554,11.730527691263521
63,72,-1.0,1.0,0.017555714110179615,16.040559212368812
63,73,-1.0,-1.0,-0.597509444276366,16.846495535645083
63,74,-1.0,1.0,0.9938960312160441,12.390449586978589
63,75,-1.0,1.0,0.02962254335101694,13.802231331836218
63,76,-1.0,1.0,0.0020179469681162743,18.069126071395857
63,77,-1.0,1.0,0.15592441478908706,19.154894030015935
63,78,-1.0,1.0,0.5301597779989005,13.589450429475184
63,79,-1.0,-1.0,-0.37438302410817775,15.540281042044422
63,80,-1.0,1.0,0.062499141943849104,15.429602926833294
63,81,-1.0,-1.0,-0.31392734565046054,18.232923313444175
63,82,-1.0,-1.0,-0.46820399078854263,17.66183856384242
63,83,-1.0,-1.0,-1.1959328828512792,14.60110246995229
63,84,-1.0,1.0,0.053541609286350975,16.42056718071061
63,85,-1.0,1.0,0.7397474760563032,13.437015006283518
63,86,-1.0,-1.0,-0.6112381140835221,13.321767127270958
63,87,-1.0,1.0,0.7715582826779543,11.523389403977639
63,88,-1.0,1.0,1.1162680216846235,14.392604827031288
63,89,-1.0,-1.0,-0.8684693505588897,15.095989966166583
63,90,-1.0,-1.0,-0.12762022251329083,18.8383742596554
63,91,-1.0,1.0,1.1683932771919137,12.520876765395494
63,92,-1.0,-1.0,-0.3629260965964865,16.12547541748654
63,93,-1.0,1.0,1.5157245433624107,15.17267515103847
63,94,-1.0,-1.0,-0.3888043347251798,18.633128709116274
63,95,-1.0,1.0,0.2545334788533986,13.544687122281516
63,96,-1.0,1.0,0.46874934357964365,17.169949523257575
63,97,-1.0,1.0,0.8319973754903522,15.433421432945083
63,98,-1.0,-1.0,-0.12572474119010715,18.800341647325414
63,99,-1.0,-1.0,-0.5444688351967867,16.80710730446014
63,100,-1.0,-1.0,-0.5619604798950184,15.186524821338624
63,101,-1.0,1.0,0.24963922326315838,15.353703355181036
63,102,-1.0,-1.0,-0.7843421356778044,16.891336501154388
63,103,-1.0,1.0,0.8814944417226,14.884674246229723
63,104,-1.0,-1.0,-0.43290114502042976,11.766498191137444
63,105,-1.0,-1.0,-0.3041996902873305,14.456208356587474
63,106,-1.0,1.0,0.26777908799120187,16.40162710449412
63,107,-1.0,1.0,0.7144285713048,16.073150072110067
63,108,-1.0,-1.0,-0.2868851077654179,18.22111318386816
63,109,-1.0,1.0,1.8195497958449187,17.526042353627194
63,110,-1.0,1.0,0.868990259654814,17.991120878369664
63,111,-1.0,1.0,0.7813695082237997,14.486987653105166
63,112,-1.0,-1.0,-0.43380222887984676,16.313389971641563
63,113,-1.0,-1.0,-0.7312250814213079,12.486917629277054
63,114,-1.0,1.0,1.2267037697511969,13.84671445363848
63,115,-1.0,1.0,2.1031343816181893,16.484487291591627
63,116,-1.0,-1.0,-0.23738980575819468,17.58860061834145
63,117,-1.0,1.0,0.06540870856252676,13.11311002430721
63,118,-1.0,-1.0,-0.5757721236566012,13.615694403500628
63,119,-1.0,-1.0,-0.9380698965010368,14.262414826304113
63,120,-1.0,1.0,1.9538636632749538,16.257890434898805
63,121,-1.0,-1.0,-0.7928852269940657,15.81165905265589
63,122,-1.0,-1.0,-0.1859308065086373,15.142169435104075
63,123,-1.0,-1.0,-0.2365870067292079,17.04653894691381
63,124,-1.0,-1.0,-0.5863385420893138,14.300069827720135
63,125,-1.0,1.0,0.05426688830362267,14.272833641368576
63,126,-1.0,1.0,0.9076404599295417,18.503806319861635
63,127,-1.0,-1.0,-0.009845497756039864,12.516694343551803
64,0,1.0,-1.0,-0.7612866753943252,18.888127707182427
64,1,1.0,-1.0,-0.10106600760681105,19.765880685753835
64,2,1.0,1.0,0.42510964699308496,18.535833718059102
64,3,1.0,-1.0,-0.9122419563720656,18.067854154084582
64,4,1.0,1.0,1.131671978390625,15.013381951315163
64,5,1.0,1.0,0.09670021032121079,13.848690927974218
64,6,1.0,-1.0,-0.050988771803795546,18.022224656501184
64,7,1.0,1.0,0.37164368732739184,12.342491620686591
64,8,1.0,-1.0,-0.27886701680732434,14.817266201984047
64,9,1.0,-1.0,-0.02576788777975378,18.61099141234266
64,10,1.0,-1.0,-0.2134341759173315,13.172215003301892
64,11,1.0,1.0,0.7105917629816574,16.257661667899754
64,12,1.0,1.0,0.48194281037653514,19.03352149511711
64,13,1.0,1.0,1.2798148495851482,17.471554696740053
64,14,1.0,-1.0,-0.4750067472614673,11.147676097714358
64,15,1.0,-1.0,-1.6438439263676754,15.87798438306571
64,16,1.0,-1.0,-0.03806487550025277,14.483995494593385
64,17,1.0,-1.0,-1.3067009112991521,16.33808589528423
64,18,1.0,-1.0,-0.2734074802971549,14.256185790950731
64,19,1.0,-1.0,-0.8803835483083825,15.916500517764936
64,20,1.0,-1.0,-0.44522585127467407,15.184762580231602
64,21,1.0,-1.0,-0.2321144242216605,16.131305115745793
64,22,1.0,-1.0,-0.15903914305076464,16.264345671883202
64,23,1.0,1.0,1.0534466654040506,13.873409302985468
64,24,1.0,-1.0,-0.09335673600478236,12.772618755329404
64,25,1.0,-1.0,-0.9220152476282826,13.909573519212953
64,26,1.0,1.0,0.5327377872865084,16.387883058294165
64,27,1.0,-1.0,-0.27848599559782206,19.634112787566355
64,28,1.0,-1.0,-0.7341571102568853,12.782037575561338
64,29,1.0,-1.0,-0.1249544738362138,13.012045050035693
64,30,1.0,-1.0,-1.656994088094569,15.21865821572286
64,31,1.0,1.0,0.2548492545933822,13.511230507776233
64,32,1.0,-1.0,-0.7294495819690408,14.555213413810154
64,33,1.0,1.0,0.9695542448473722,13.161018162030508
64,34,1.0,1.0,0.8248302888472907,14.62549791873028
64,35,1.0,-1.0,-0.48405772581479956,10.969973995593643
64,36,1.0,-1.0,-0.3740981116455133,17.92637653499007
64,37,1.0,1.0,0.8519323848367955,16.808680077913166
64,38,1.0,-1.0,-0.906160416094354,15.743902621471177
64,39,1.0,1.0,0.20706205405708733,14.824867444260416
64,40,1.0,-1.0,-0.9995835952849029,18.2426244494285
64,41,1.0,1.0,0.7400222861511,15.03278482359236
64,42,1.0,-1.0,-1.1380725036397576,14.404240397438738
64,43,1.0,1.0,0.8048768830488284,17.220781620350845
64,44,1.0,-1.0,-1.4724166817409117,14.65433687786398
64,45,1.0,-1.0,-0.12444063673840693,17.95298845983294
64,46,1.0,-1.0,-0.9493095128543922,18.216787336243215
64,47,1.0,1.0,0.7050515187361283,13.961405051379366
64,48,1.0,-1.0,-0.08710563805640426,15.72400821732705
64,49,1.0,-1.0,-0.23159082073502926,17.54352712225375
64,50,1.0,-1.0,-0.9609422880296388,17.08940005679821
64,51,1.0,1.0,0.711129869441952,18.20571133042106
64,52,1.0,1.0,0.6415342191708303,13.957150231229313
64,53,1.0,-1.0,-0.09981901843299448,11.180086491457319
64,54,1.0,-1.0,-0.6679013121003751,17.31510721028599
64,55,1.0,1.0,0.09828105532646066,17.396573974790627
64,56,1.0,-1.0,-0.2557793785672465,14.647700960454218
64,57,1.0,-1.0,-0.6155976327370263,12.408277656210544
64,58,1.0,-1.0,-1.0411716779612126,13.92959242154181
64,59,1.0,-1.0,-0.07770681019934253,17.36601802841473
64,60,1.0,-1.0,-0.19307673661287356,19.262341437894058
64,61,1.0,-1.0,-0.8552669347958399,16.351112279474542
64,62,1.0,1.0,0.8650617326469701,11.528186585790989
64,63,1.0,1.0,0.7333492511132964,13.81480891056141
64,64,-1.0,-1.0,-0.2886514644441741,15.136066084778948
64,65,-1.0,-1.0,-1.433061410521488,13.100338086200308
64,66,-1.0,1.0,0.6779323302957985,14.961163831276831
64,67,-1.0,1.0,1.38689553280479,14.186242326921766
64,68,-1.0,1.0,1.0281917570582289,19.331934055609597
64,69,-1.0,1.0,0.16608436791244374,12.40100531532195
64,70,-1.0,-1.0,-0.36130180090093383,14.879603098014021
64,71,-1.0,-1.0,-0.2523538506488793,16.980278962917872
64,72,-1.0,-1.0,-0.22649085164019372,16.84878887964598
64,73,-1.0,1.0,1.3169774337476028,17.846385049324727
64,74,-1.0,-1.0,-0.8311947040865009,15.497403290889821
64,75,-1.0,1.0,0.6825996397921331,14.464380999240987
64,76,-1.0,-1.0,-0.5500626836842938,12.698663432618801
64,77,-1.0,1.0,0.41436279436990897,14.33276745426063
64,78,-1.0,-1.0,-0.1491387129397945,14.927661008114736
64,79,-1.0,1.0,0.11230056195079155,13.246188635262655
64,80,-1.0,1.0,0.005619582721379704,17.136541325952425
64,81,-1.0,1.0,0.5706962386645269,17.519878574312212
64,82,-1.0,1.0,1.3288523607331595,15.56720339011257
64,83,-1.0,1.0,0.05701582423865063,14.774538518323322
64,84,-1.0,-1.0,-1.2954466440549144,13.654443845149375
64,85,-1.0,-1.0,-0.6373928523061239,14.765258465060533
64,86,-1.0,1.0,0.09692482078754754,19.74151762593022
64,87,-1.0,1.0,0.054370876045347294,14.59864899335222
64,88,-1.0,1.0,1.6637742294429678,16.372645079582313
64,89,-1.0,-1.0,-0.42376305777445167,13.4460923469804
64,90,-1.0,1.0,0.2254042708512689,13.960292436888523
64,91,-1.0,1.0,0.7797434483244566,12.737641711505095
64,92,-1.0,-1.0,-0.6566193324738072,15.057588929041293
64,93,-1.0,1.0,1.802771075008501,14.57344295805689
64,94,-1.0,1.0,0.6786534944055401,12.94451092570786
64,95,-1.0,1.0,0.9196426314694556,18.80044553022236
64,96,-1.0,1.0,0.25139941772308233,17.619134613185373
64,97,-1.0,1.0,0.48514866072286256,16.661893476221902
64,98,-1.0,1.0,0.3488128341749046,18.744136597323052
64,99,-1.0,-1.0,-0.24817835902290097,14.305827889755284
64,100,-1.0,1.0,1.6165566395325657,14.757852085029734
64,101,-1.0,1.0,0.2798236911414842,19.477042914663098
64,102,-1.0,-1.0,-0.14687596409842374,17.76355160359103
64,103,-1.0,1.0,0.4027923360704294,19.006010667201746
64,104,-1.0,-1.0,-0.41848570643381167,16.502595481391143
64,105,-1.0,1.0,0.2038245886612977,15.846452803425484
64,106,-1.0,1.0,1.7107298591229843,17.644779340530445
64,107,-1.0,1.0,1.5428683462478094,19.401700991700977
64,108,-1.0,-1.0,-0.5166392516832978,11.977549257306839
64,109,-1.0,1.0,0.023055950978998735,12.275803495143435
64,110,-1.0,1.0,1.702506327810085,16.64133663572492
64,111,-1.0,1.0,1.0229387387696258,15.464902925584848
64,112,-1.0,1.0,0.10172499475474459,18.49783351668341
64,113,-1.0,-1.0,-2.053304716011003,14.300793386056448
64,114,-1.0,-1.0,-0.44445437020965817,15.451526275422202
64,115,-1.0,1.0,0.34733039357537604,16.424370070497982
64,116,-1.0,-1.0,-1.1850513264470777,15.836237519694768
64,117,-1.0,-1.0,-0.3366657632371941,16.824827035179222
64,118,-1.0,1.0,0.11870346050487211,11.058681978406113
64,119,-1.0,1.0,0.1931378360828942,17.351059956308116
64,120,-1.0,-1.0,-0.08389590106287458,15.404380992931207
64,121,-1.0,-1.0,-1.5589549224613646,13.133295118777298
64,122,-1.0,-1.0,-0.20809459059312602,15.186791715872914
64,123,-1.0,1.0,0.3999264114089397,16.919266633913875
64,124,-1.0,1.0,1.047331797055479,18.471135073420196
64,125,-1.0,-1.0,-1.4417068806179942,14.021356813136336
64,126,-1.0,1.0,0.1363887073937102,15.285678701130438
64,127,-1.0,-1.0,-0.7072000564813307,11.754748121395432
65,0,1.0,1.0,0.4837455527132633,14.83304089621621
65,1,1.0,-1.0,-0.6281866538752072,16.876825947056805
65,2,1.0,-1.0,-0.03112331952228406,16.80965793988467
65,3,1.0,1.0,0.06956690624992035,17.733000907560836
65,4,1.0,-1.0,-0.5409821562167132,17.84209818331146
65,5,1.0,-1.0,-1.2349100412193184,16.462070986424393
65,6,1.0,1.0,1.2291933715206507,13.870298248688712
65,7,1.0,1.0,0.15338463840036168,14.549996642246041
65,8,1.0,-1.0,-0.22286557200396423,16.370302652412054
65,9,1.0,-1.0,-1.1336308015041963,13.283544851110168
65,10,1.0,-1.0,-0.44577302928797496,18.222509569292047
65,11,1.0,1.0,0.04366735277944997,14.076706394689074
65,12,1.0,1.0,0.029151365251040742,14.989487402814756
65,13,1.0,1.0,0.8240617651742511,15.330394378652574
65,14,1.0,-1.0,-0.06165193307309588,18.321025730252128
65,15,1.0,1.0,1.1421641659802149,14.871453186040384
65,16,1.0,-1.0,-1.0140417702808846,12.858881895165666
65,17,1.0,-1.0,-0.18988336150231075,17.635295968722552
65,18,1.0,1.0,0.1700309579955633,13.607446145899896
65,19,1.0,-1.0,-0.6888187046198906,14.452158062253703
65,20,1.0,-1.0,-0.27969868650309676,18.59148618632298
65,21,1.0,-1.0,-0.7626879897724894,14.925732691408966
65,22,1.0,1.0,0.2678493606588991,13.553068772661868
65,23,1.0,1.0,1.329518640162239,14.337962140527612
65,24,1.0,-1.0,-0.2503564013663622,19.017451476205874
65,25,1.0,1.0,1.0733753454972415,15.26657124028909
65,26,1.0,-1.0,-1.1229621521826445,15.316998230862383
65,27,1.0,-1.0,-0.8279866233855839,17.2842138496364
65,28,1.0,-1.0,-0.9869729526862658,14.403100016593017
65,29,1.0,-1.0,-0.4224220473485451,12.393518315065679
65,30,1.0,-1.0,-0.29907519510448105,18.99038961603936
65,31,1.0,-1.0,-0.9367286956939579,13.926914451391786
65,32,1.0,-1.0,-0.029617311035212618,14.649584277408568
65,33,1.0,-1.0,-0.06377638069815963,18.271586265712802
65,34,1.0,-1.0,-1.0269162983486155,12.213914772208327
65,35,1.0,-1.0,-0.7568600436457241,15.458223356940008
65,36,1.0,-1.0,-0.5859151206385369,12.317890981498671
65,37,1.0,-1.0,-1.6816159300028122,17.158609566886344
65,38,1.0,-1.0,-0.3864658501406044,17.765705029091155
65,39,1.0,1.0,0.14821945066027586,16.114065709401217
65,40,1.0,1.0,0.41062766894255953,15.931385893383123
65,41,1.0,1.0,0.12662443963502804,13.4930491687988
65,42,1.0,-1.0,-0.08949950475012872,13.440204969382968
65,43,1.0,-1.0,-0.18904660663347495,16.50710144436833
65,44,1.0,1.0,0.39383216437736446,14.206710409528133
65,45,1.0,1.0,0.5928090684966953,16.854296127213985
65,46,1.0,1.0,1.0658318844923187,14.01327008813769
65,47,1.0,-1.0,-0.7966635640598886,13.712972615304873
65,48,1.0,-1.0,-0.7762815316272906,12.827919433329516
65,49,1.0,-1.0,-0.7086043747729897,17.910223372414098
65,50,1.0,1.0,0.5174002115908103,16.60041100837131
65,51,1.0,-1.0,-0.33208159240833646,18.589265401809886
65,52,1.0,-1.0,-0.4653279376537476,15.787343278319193
65,53,1.0,-1.0,-0.038579302059533055,15.417398239723521
65,54,1.0,-1.0,-0.15217216826576052,16.73935973038174
65,55,1.0,-1.0,-0.46305875610450625,15.81941762447014
65,56,1.0,-1.0,-1.0187027277323524,15.127527195656805
65,57,1.0,1.0,1.4040068760877975,15.227153492691741
65,58,1.0,-1.0,-0.7254899559405579,12.238981312580512
65,59,1.0,-1.0,-0.4920335621831518,16.954537031733548
65,60,1.0,-1.0,-0.055275621519317905,14.485679940564411
65,61,1.0,-1.0,-0.9638346276145886,16.61453082414564
65,62,1.0,1.0,0.6795853687199069,11.673992211755957
65,63,1.0,1.0,0.6496976220992388,15.53264768092106
65,64,-1.0,1.0,0.578239094565356,14.670982478325623
65,65,-1.0,-1.0,-0.7622512820393336,15.953428225103558
65,66,-1.0,1.0,0.91327268691561,17.787513359722574
65,67,-1.0,1.0,0.07432361639751178,16.35149098415245
65,68,-1.0,1.0,0.17034614774035445,17.58247583127995
65,69,-1.0,-1.0,-0.30022755404744983,16.71353105618401
65,70,-1.0,1.0,0.047074782858188946,12.982027137724637
65,71,-1.0,-1.0,-0.3591792058336265,17.43634214350179
65,72,-1.0,-1.0,-0.6322467517201881,14.467988630247602
65,73,-1.0,-1.0,-0.2206333709204475,17.80100200160093
65,74,-1.0,1.0,0.6311854399637462,17.66487817261695
65,75,-1.0,1.0,0.0876049284026257,13.413852216341311
65,76,-1.0,1.0,0.9638902695140839,13.085876284444865
65,77,-1.0,-1.0,-0.3222763194404663,15.302820640769955
65,78,-1.0,-1.0,-0.410474770731463,14.991818099557376
65,79,-1.0,-1.0,-0.398398718250505,11.777318609503203
65,80,-1.0,1.0,0.050074295419024015,14.592386458600194
65,81,-1.0,-1.0,-0.6284420353753846,11.402717837133757
65,82,-1.0,1.0,1.0864775718274724,13.361618064455849
65,83,-1.0,1.0,0.25038874917460174,14.37015694252433
65,84,-1.0,1.0,1.4843275459279897,18.481924212105948
65,85,-1.0,1.0,1.2259165126339002,18.186354388378223
65,86,-1.0,1.0,1.4702466982034326,14.427765430701267
65,87,-1.0,-1.0,-0.09525591890821913,15.499549466655235
65,88,-1.0,1.0,0.09122085615461072,14.542747645091378
65,89,-1.0,1.0,0.6129744027488724,14.617043412353725
65,90,-1.0,1.0,0.334992708574808,17.240872184870952
65,91,-1.0,-1.0,-0.6608638851031384,10.751194845262866
65,92,-1.0,-1.0,-0.2805628022362426,15.115154283701564
65,93,-1.0,1.0,1.0407051695582359,18.494840904050026
65,94,-1.0,-1.0,-0.13500266471081945,17.031639663117115
65,95,-1.0,1.0,0.33002198336834926,13.978666954937747
65,96,-1.0,-1.0,-0.38060439032203025,16.115141765296503
65,97,-1.0,-1.0,-0.09905748268749884,14.139841250178925
65,98,-1.0,1.0,0.19094152745717,16.399150968327653
65,99,-1.0,1.0,0.20451214802482656,13.758062028903764
65,100,-1.0,1.0,0.696184205413267,13.265816610700101
65,101,-1.0,1.0,0.07901213511248006,17.672705302230906
65,102,-1.0,1.0,0.20796883397582122,14.365043524033076
65,103,-1.0,-1.0,-0.3810764063233452,11.630734417355022
65,104,-1.0,-1.0,-0.07649103637702183,11.715795187770583
65,105,-1.0,1.0,1.3922146557529933,14.83480221946847
65,106,-1.0,1.0,0.4334986685134609,15.957118522570006
65,107,-1.0,-1.0,-0.10992700791176009,17.16590302135487
65,108,-1.0,-1.0,-0.4497782773668971,17.509597856215667
65,109,-1.0,1.0,0.03873632929704367,13.058456678140471
65,110,-1.0,1.0,1.2314222303804288,16.701643512770488
65,111,-1.0,1.0,0.11895759860786934,14.949060947908002
65,112,-1.0,1.0,0.37646326988556733,18.83144104908969
65,113,-1.0,1.0,0.31933946158444493,14.777346406365325
65,114,-1.0,1.0,0.1471977599824637,17.198297438971252
65,115,-1.0,1.0,0.27428981360635696,17.660305169538105
65,116,-1.0,1.0,1.3094035150155152,16.66609104895145
65,117,-1.0,-1.0,-0.33617434357441695,15.477632569419905
65,118,-1.0,1.0,0.9358136103075594,14.380629893195072
65,119,-1.0,-1.0,-0.32232979817523666,13.572467678479459
65,120,-1.0,1.0,0.7524278958422292,15.368950994986646
65,121,-1.0,-1.0,-0.3729742857298421,16.03019850032882
65,122,-1.0,1.0,0.46761853300394873,18.60176296644758
65,123,-1.0,-1.0,-0.899330764094523,16.252957599309212
65,124,-1.0,1.0,0.6789397086753206,16.41168815619082
65,125,-1.0,1.0,0.6190902560262881,14.82462388051726
65,126,-1.0,-1.0,-0.0008002776785463322,14.818589106794676
65,127,-1.0,1.0,0.8791713181478792,17.380831685502596
66,0,1.0,1.0,0.20760041535592583,15.339377721996337
66,1,1.0,-1.0,-0.421871276950871,16.056895643684108
66,2,1.0,-1.0,-0.2809742164719218,18.170312434289443
66,3,1.0,1.0,0.6653317519533036,15.5933222809727
66,4,1.0,1.0,0.5648892823177567,15.450189363804345
66,5,1.0,1.0,0.09794123133435029,16.044763036231853
66,6,1.0,-1.0,-0.7067730491632306,17.969330888609274
66,7,1.0,1.0,0.9399743664024389,12.462582607909901
66,8,1.0,-1.0,-0.6843037937779866,14.119723509728757
66,9,1.0,-1.0,-1.5648393644528371,13.251845513297242
66,10,1.0,1.0,0.17550052156896892,12.492703607217848
66,11,1.0,-1.0,-1.785715043563671,15.33209669741746
66,12,1.0,-1.0,-0.30427102573694587,14.718967296395073
66,13,1.0,1.0,0.9112627555216266,10.898028231639108
66,14,1.0,-1.0,-1.0495517086046289,12.50208490499209
66,15,1.0,1.0,0.20037100179742146,15.063027883247695
66,16,1.0,-1.0,-0.8660724734523001,15.100985903961126
66,17,1.0,-1.0,-1.8637214243559397,17.603221509352245
66,18,1.0,1.0,0.15179129443542347,17.05759337581625
66,19,1.0,1.0,0.8473831318546031,13.662531083122879
66,20,1.0,-1.0,-0.9781332003311182,19.012773182946475
66,21,1.0,-1.0,-1.2135304539667255,15.469531324873833
66,22,1.0,1.0,0.25195214642525776,17.106350978967203
66,23,1.0,1.0,0.11013276753128287,15.693649603977118
66,24,1.0,-1.0,-0.8517772952371974,15.58990115716449
66,25,1.0,-1.0,-0.5284093499543763,17.050951218043018
66,26,1.0,1.0,1.103189159215304,14.889645377703712
66,27,1.0,1.0,0.38505223065390226,18.19990630133315
66,28,1.0,1.0,1.1184706249623684,12.505551600741303
66,29,1.0,-1.0,-0.7964704999812874,18.06195928755717
66,30,1.0,-1.0,-0.9020939406191895,18.82654511657755
66,31,1.0,1.0,0.8458326486739713,15.195451969280505
66,32,1.0,-1.0,-0.7318624048000233,17.41375025504942
66,33,1.0,-1.0,-0.732816054902974,16.786004623525734
66,34,1.0,1.0,1.1356880359112873,12.556760030195749
66,35,1.0,-1.0,-1.4599054677970358,15.849358518912506
66,36,1.0,-1.0,-0.8267778875960721,16.76385980329292
66,37,1.0,-1.0,-0.6819926012744113,15.740069555732868
66,38,1.0,-1.0,-0.5632775528171178,18.215153159188812
66,39,1.0,-1.0,-0.7899488566311038,17.079325220027766
66,40,1.0,-1.0,-0.9491687154412336,16.379656744457737
66,41,1.0,1.0,0.0817303842629344,15.20235016475211
66,42,1.0,-1.0,-0.6050667546913622,16.593546330444482
66,43,1.0,1.0,0.6209296638654735,12.447140728557082
66,44,1.0,1.0,0.25231123515527687,12.446363617803456
66,45,1.0,-1.0,-0.16374912792874935,14.853725361844024
66,46,1.0,-1.0,-1.5084057508251214,15.77716909643914
66,47,1.0,1.0,0.3364344705134232,15.952945421531009
66,48,1.0,1.0,0.546637027125514,13.66801374159852
66,49,1.0,-1.0,-0.27010326244804733,12.261786493246749
66,50,1.0,-1.0,-1.056204026903395,16.064269078315522
66,51,1.0,-1.0,-1.059326105023383,14.15528582310119
66,52,1.0,-1.0,-0.7091027959520925,13.658552786999381
66,53,1.0,-1.0,-0.02405625301992087,12.770304596228096
66,54,1.0,1.0,1.0165043724132619,15.915662713153306
66,55,1.0,-1.0,-0.017544483188767862,18.420977216146273
66,56,1.0,1.0,0.7292983999798828,14.349346787799291
66,57,1.0,1.0,0.4588208014358153,14.321299640222746
66,58,1.0,-1.0,-0.6620372336087804,15.729666096905008
66,59,1.0,-1.0,-1.7972929800223807,14.272784840306237
66,60,1.0,1.0,0.05694712486817885,15.508546875924647
66,61,1.0,-1.0,-0.39580174233671017,18.43151178956841
66,62,1.0,-1.0,-1.0712916338088994,15.83902211753321
66,63,1.0,1.0,1.1193415151463617,15.259423848231192
66,64,-1.0,1.0,0.9590374462326393,16.721519015076797
66,65,-1.0,-1.0,-1.1936918304038389,14.294303617002733
66,66,-1.0,-1.0,-1.0423463592892472,13.001548977687314
66,67,-1.0,-1.0,-0.08483775928417767,18.0600485123708
66,68,-1.0,1.0,0.18117954396027802,14.641720778846475
66,69,-1.0,1.0,1.3588702713444796,15.770741435691082
66,70,-1.0,-1.0,-0.670007365069984,18.238518888991035
66,71,-1.0,1.0,0.36972911884120596,17.439476229598743
66,72,-1.0,1.0,0.316487797113674,14.588781899709732
66,73,-1.0,-1.0,-0.8336446668258647,15.817062694990717
66,74,-1.0,1.0,0.02019840821164058,13.715509866665204
66,75,-1.0,-1.0,-1.1669173087989437,15.723088102004242
66,76,-1.0,-1.0,-0.7978994955115557,14.388302017200212
66,77,-1.0,1.0,0.012592283946672861,14.913800567363602
66,78,-1.0,-1.0,-0.1433054557573141,14.235699075209526
66,79,-1.0,-1.0,-1.5310622115268926,16.632934757047988
66,80,-1.0,1.0,0.8297496706814242,17.36433889283095
66,81,-1.0,1.0,0.5001352394684127,18.566634748923985
66,82,-1.0,1.0,0.34095250187582643,12.696661248349548
66,83,-1.0,1.0,0.8413486445430339,19.002740780106446
66,84,-1.0,-1.0,-0.1800431425279255,17.447656710516885
66,85,-1.0,-1.0,-1.08951044914147,13.533785948336789
66,86,-1.0,1.0,0.4544817161940611,12.344922694203028
66,87,-1.0,-1.0,-0.022167377129198862,12.364831833031108
66,88,-1.0,1.0,0.1372352972010913,18.412784739552123
66,89,-1.0,1.0,0.2137281007642209,15.561674059138335
66,90,-1.0,-1.0,-0.2041055885030267,14.722570935325084
66,91,-1.0,-1.0,-0.5082282427156687,17.51523674658199
66,92,-1.0,-1.0,-0.3179174984093001,18.7449584238477
66,93,-1.0,1.0,1.1661575623484368,15.7818839602812
66,94,-1.0,1.0,0.18795687505137182,14.59887687652605
66,95,-1.0,1.0,1.8750681920376904,16.06016655720288
66,96,-1.0,-1.0,-0.18089754536257413,12.366036904026712
66,97,-1.0,-1.0,-1.2262231553042118,14.629658806184072
66,98,-1.0,1.0,0.010347234879730757,15.56621796963772
66,99,-1.0,-1.0,-1.15602943368181,17.540959244901405
66,100,-1.0,-1.0,-0.32397462251846615,12.773182422767853
66,101,-1.0,1.0,0.8763068335066189,17.145977078709507
66,102,-1.0,1.0,0.13702710827963605,13.073879176912678
66,103,-1.0,-1.0,-0.8153093768651397,12.823661428598253
66,104,-1.0,-1.0,-0.21846887512086482,18.135936281384684
66,105,-1.0,-1.0,-0.1658363444415115,15.253039858406831
66,106,-1.0,1.0,1.9350541548422515,15.220217951273264
66,107,-1.0,1.0,1.5950621888138072,14.869720981496432
66,108,-1.0,1.0,0.18644226191245195,18.4088626421759
66,109,-1.0,1.0,1.0501977631680064,14.669893757909128
66,110,-1.0,1.0,0.6213027721380067,17.99367767979823
66,111,-1.0,1.0,0.32522665239003223,16.022586072235935
66,112,-1.0,-1.0,-1.032621467994315,16.042099985184052
66,113,-1.0,1.0,0.02063383957196009,12.693168915487002
66,114,-1.0,1.0,0.25763968839880236,16.68079670534591
66,115,-1.0,-1.0,-0.7732096176955006,14.1218579543593
66,116,-1.0,1.0,0.3609332859059456,17.83409995192766
66,117,-1.0,-1.0,-0.29231779386975754,13.390467089170535
66,118,-1.0,1.0,0.7786085304262921,18.15145603003956
66,119,-1.0,1.0,0.11968341469638578,15.020036294306616
66,120,-1.0,1.0,0.10677784787629314,13.080108095135103
66,121,-1.0,1.0,1.393972498825949,16.64222009274972
66,122,-1.0,1.0,0.07611575657677967,15.744295833319269
66,123,-1.0,1.0,2.0450777731413443,17.33189297948808
66,124,-1.0,-1.0,-1.166610979744275,16.02740714521063
66,125,-1.0,1.0,0.12010585644226524,16.03355611871476
66,126,-1.0,-1.0,-0.37039150738756665,14.094357723560474
66,127,-1.0,-1.0,-0.30862340514183073,16.86901912062826
67,0,1.0,-1.0,-1.045289438567885,16.225859275498916
67,1,1.0,-1.0,-0.13183499970121687,15.61072208226925
67,2,1.0,-1.0,-0.3571270466990365,13.90350073143669
67,3,1.0,1.0,0.29130096516696097,14.117598146603939
67,4,1.0,-1.0,-0.03946615683924713,16.768400637449915
67,5,1.0,1.0,0.18589113045545658,14.81356561872938
67,6,1.0,-1.0,-0.36227862864940297,16.50251830645328
67,7,1.0,-1.0,-0.6348137892573309,14.685159063893162
67,8,1.0,1.0,0.08035237197914642,17.31008110365545
67,9,1.0,-1.0,-1.1516247144923835,14.560436965103364
67,10,1.0,-1.0,-1.1182315976107364,16.569261301275642
67,11,1.0,-1.0,-0.6955801545911099,14.197367933373942
67,12,1.0,-1.0,-0.11616848894968594,15.533078637153356
67,13,1.0,1.0,0.11396702552087813,12.400428757523976
67,14,1.0,-1.0,-1.0535052316741482,17.0964100962277
67,15,1.0,-1.0,-0.64229691588771,12.656760141744924
67,16,1.0,-1.0,-0.5257561720451494,15.486182748955395
67,17,1.0,1.0,0.5364820158120087,17.3471776096025
67,18,1.0,1.0,0.1425534077624687,16.474358413542458
67,19,1.0,-1.0,-1.0240550609191978,13.015467805768854
67,20,1.0,-1.0,-0.12065713169543299,15.387553647560566
67,21,1.0,-1.0,-0.34467982384709234,16.58522177633949
67,22,1.0,1.0,0.16845471348859875,14.341734704796725
67,23,1.0,1.0,0.18770807296676334,15.426584219186829
67,24,1.0,-1.0,-0.9392841428671316,16.801036382525876
67,25,1.0,-1.0,-0.9791397147263844,15.316098822609927
67,26,1.0,-1.0,-0.2941720348337231,16.972173313278983
67,27,1.0,1.0,0.5189243214120389,13.518747922141488
67,28,1.0,1.0,0.2848359288660425,16.33742861197504
67,29,1.0,-1.0,-0.4321516751065196,10.683379087737373
67,30,1.0,-1.0,-0.962234869835225,15.4555856586876
67,31,1.0,-1.0,-0.6161592435141852,16.40903691287618
67,32,1.0,1.0,0.45650177185339225,15.067270011750376
67,33,1.0,-1.0,-0.828384293717941,11.79003202755642
67,34,1.0,-1.0,-1.0246247730382136,13.419162543645644
67,35,1.0,-1.0,-0.48875149438762505,16.597001791495238
67,36,1.0,1.0,0.5484675022469326,16.388409414119415
67,37,1.0,1.0,0.443397692193341,14.760586955627856
67,38,1.0,1.0,0.27774695716303405,13.88049715428923
67,39,1.0,-1.0,-0.36356847177933554,15.299511935403011
67,40,1.0,-1.0,-0.7628428163751421,13.563162334485524
67,41,1.0,-1.0,-1.2623574648587523,14.321517925539316
67,42,1.0,-1.0,-0.8045750787382812,15.446951750593149
67,43,1.0,1.0,0.6978093925311618,14.9457991086795
67,44,1.0,-1.0,-0.9460105473557017,13.825078917208634
67,45,1.0,-1.0,-0.18808715982363305,12.934091267201936
67,46,1.0,-1.0,-0.38804094845410875,10.182176683913118
67,47,1.0,1.0,0.5214911008500057,16.056305990970177
67,48,1.0,-1.0,-1.5872402025606418,16.559042942532663
67,49,1.0,-1.0,-0.001820778497785211,13.093583422664643
67,50,1.0,-1.0,-0.1559921355468895,13.816852404043999
67,51,1.0,-1.0,-0.4962130728068972,17.149998692224532
67,52,1.0,-1.0,-1.5283795414826664,17.43548785071713
67,53,1.0,-1.0,-0.607919983371792,17.73014163101074
67,54,1.0,-1.0,-1.9432287168561884,18.717459506736382
67,55,1.0,-1.0,-0.6343299888616101,17.73454115526535
67,56,1.0,-1.0,-0.8369526924000094,13.394438942175867
67,57,1.0,1.0,0.048338419076716,13.26401220774538
67,58,1.0,1.0,0.5034035913301409,17.112994539214682
67,59,1.0,-1.0,-0.0707279808510317,11.663672049623935
67,60,1.0,-1.0,-0.9986041426800921,15.1297080155379
67,61,1.0,-1.0,-1.3079895720430965,15.807494921105267
67,62,1.0,1.0,0.4802035408288342,14.429547068763393
67,63,1.0,-1.0,-0.4059015633856845,11.320766672513772
67,64,-1.0,1.0,0.2293855324261779,16.814253422130776
67,65,-1.0,-1.0,-0.7445335370891252,15.406823054235064
67,66,-1.0,1.0,0.29856865417235523,12.22311926093587
67,67,-1.0,-1.0,-1.169522163640518,19.046093183518824
67,68,-1.0,1.0,0.708348401407244,12.168491358861413
67,69,-1.0,1.0,0.04994752450100931,13.637615381647308
67,70,-1.0,1.0,1.2039965438005036,14.733183827391127
67,71,-1.0,1.0,1.2395065847720603,13.646571873425238
67,72,-1.0,-1.0,-0.5230393237783324,12.429142429531582
67,73,-1.0,-1.0,-0.6662120096689953,17.068739630217564
67,74,-1.0,1.0,0.4919883560954953,11.698288916677626
67,75,-1.0,1.0,0.4874378576902899,17.557701968009088
67,76,-1.0,1.0,0.8339374946383152,12.642716435859468
67,77,-1.0,-1.0,-0.5979994198583893,13.691084390652975
67,78,-1.0,1.0,0.4726739887948457,12.522763379144097
67,79,-1.0,-1.0,-0.037081123740279526,13.148944562796776
67,80,-1.0,-1.0,-0.6094837215871287,17.540312762108442
67,81,-1.0,-1.0,-0.09377943277036252,15.052459391384504
67,82,-1.0,-1.0,-0.7072216165328358,16.955871654854075
67,83,-1.0,1.0,0.04646529911369818,14.607876429990695
67,84,-1.0,1.0,1.232196295626945,13.941430808288343
67,85,-1.0,-1.0,-0.37577854427476,12.770145640886877
67,86,-1.0,1.0,0.9792848978493695,17.084568346234523
67,87,-1.0,1.0,0.6299001742127668,12.982569095997302
67,88,-1.0,1.0,0.7550785745613734,17.47532395343183
67,89,-1.0,1.0,0.23386912305170718,15.423124416324105
67,90,-1.0,1.0,0.7345002115272461,11.980241809681644
67,91,-1.0,-1.0,-0.5764282942380814,15.55470848275758
67,92,-1.0,-1.0,-0.3430475036483118,13.89640339260658
67,93,-1.0,-1.0,-0.718798903428409,17.23527425203929
67,94,-1.0,-1.0,-0.14701798365531232,13.954812870887784
67,95,-1.0,-1.0,-0.669036191637878,18.829318925291727
67,96,-1.0,-1.0,-0.2848269992606153,16.781739825189636
67,97,-1.0,1.0,0.26462876362884813,13.044619792707786
67,98,-1.0,1.0,0.5336082705063694,14.89049711089669
67,99,-1.0,1.0,0.8064259939190338,15.561085659892546
67,100,-1.0,-1.0,-0.24347380609069935,14.214517817903555
67,101,-1.0,1.0,1.540967381654979,15.285076245800992
67,102,-1.0,-1.0,-0.8324844392791033,18.62592008355652
67,103,-1.0,-1.0,-0.5319844254469075,18.656685332076858
67,104,-1.0,-1.0,-0.22573970737458465,17.46017254582073
67,105,-1.0,-1.0,-0.5063148718820727,18.791629152138043
67,106,-1.0,1.0,0.7901422790067482,14.946767955733272
67,107,-1.0,-1.0,-0.6483061522757914,14.795437093218819
67,108,-1.0,-1.0,-0.8983971480657555,17.07492285842967
67,109,-1.0,-1.0,-0.18930996988011162,16.99186875405885
67,110,-1.0,-1.0,-0.5456028796515628,18.535454613725342
67,111,-1.0,1.0,0.9407896456100006,16.391595656325038
67,112,-1.0,-1.0,-0.38593956349241765,14.293106609084305
67,113,-1.0,1.0,0.06256262810696807,13.189563733666906
67,114,-1.0,1.0,0.7368001467973104,14.664967650645258
67,115,-1.0,-1.0,-0.3737348135420472,17.243322355527297
67,116,-1.0,1.0,0.3757531034804592,17.977737862213953
67,117,-1.0,1.0,1.210663282410158,12.050904898755928
67,118,-1.0,-1.0,-0.6216948728942486,14.301616740754133
67,119,-1.0,-1.0,-0.545496460263841,14.670691784558482
67,120,-1.0,-1.0,-0.2655047345494702,14.281740751125556
67,121,-1.0,1.0,0.2587231597769922,12.186799757278619
67,122,-1.0,1.0,0.47098736670069496,13.928577830423231
67,123,-1.0,-1.0,-1.433483521119341,19.448566545945507
67,124,-1.0,1.0,0.40652590669362504,18.513572880682748
67,125,-1.0,-1.0,-1.2982529004394452,19.355137431141923
67,126,-1.0,-1.0,-0.22182064943646815,16.82864696599757
67,127,-1.0,1.0,0.04318368697107752,16.337015752924195
68,0,1.0,-1.0,-0.23803613076340902,14.897561437400984
68,1,1.0,-1.0,-1.0489754645230072,16.078652343828566
68,2,1.0,1.0,0.567601408655347,14.190139715940917
68,3,1.0,-1.0,-0.6717460130535234,14.168768081419719
68,4,1.0,1.0,0.16744608060700802,15.540469836871805
68,5,1.0,-1.0,-0.11217649947096406,15.143261438872315
68,6,1.0,1.0,0.7598448413482592,13.733397420433494
68,7,1.0,-1.0,-1.9904814878733714,17.736489572267313
68,8,1.0,-1.0,-0.4424114844037169,12.180524320728873
68,9,1.0,-1.0,-1.242553273937729,15.71836242684572
68,10,1.0,-1.0,-0.5308346095684158,16.825555847971838
68,11,1.0,1.0,0.5580698899647408,13.974194217644419
68,12,1.0,1.0,0.13465686292466186,18.818014208109403
68,13,1.0,-1.0,-0.026953102052515082,14.05957894084393
68,14,1.0,1.0,0.8340678509013553,15.398280102570478
68,15,1.0,-1.0,-0.27857996436560967,17.80704520814751
68,16,1.0,-1.0,-0.645013752808846,14.293111102493016
68,17,1.0,1.0,0.186229208947374,13.4640838888334
68,18,1.0,1.0,0.48336547072301195,12.875608942184106
68,19,1.0,-1.0,-0.05797728309997298,15.753366940429954
68,20,1.0,-1.0,-0.34244940850372363,11.288827070160204
68,21,1.0,1.0,0.2477506317106159,11.933135566542065
68,22,1.0,1.0,1.2590959668049904,13.875094862404875
68,23,1.0,-1.0,-0.21746995517890852,15.165395954897411
68,24,1.0,-1.0,-0.12936625005020336,12.962102180658107
68,25,1.0,-1.0,-0.04090954572379957,12.353317009074035
68,26,1.0,-1.0,-0.3514868833190007,18.468657562088108
68,27,1.0,-1.0,-0.14835737578061545,15.015288526039534
68,28,1.0,1.0,0.26815876286413454,13.9530668607391
68,29,1.0,-1.0,-0.6543449348927188,14.95983081719044
68,30,1.0,-1.0,-0.2653722504549051,17.833340744780696
68,31,1.0,-1.0,-0.17640251217033268,19.849017614235684
68,32,1.0,-1.0,-0.5078466742811145,19.785923747522865
68,33,1.0,1.0,1.0630905751089401,14.087685331462058
68,34,1.0,1.0,0.14526112610019482,18.626137101172908
68,35,1.0,-1.0,-1.627817978263291,11.751492632737687
68,36,1.0,-1.0,-0.2739685490673047,11.588798489879341
68,37,1.0,-1.0,-0.5053873667419023,16.18316425555261
68,38,1.0,1.0,0.45749220946508873,15.843689197463272
68,39,1.0,1.0,0.3143180930275049,17.46935347034161
68,40,1.0,-1.0,-0.3123787430720643,19.0470312129276
68,41,1.0,-1.0,-0.5641221309294165,13.817172662078187
68,42,1.0,-1.0,-0.3898301758323369,16.230443426035876
68,43,1.0,-1.0,-0.38960947876205093,17.84158398136466
68,44,1.0,1.0,0.21958645866651627,16.623268808136192
68,45,1.0,-1.0,-1.6550076742032,14.189899748286766
68,46,1.0,1.0,0.24202873839947298,14.504524484857559
68,47,1.0,-1.0,-0.41745726472366285,11.83550147430484
68,48,1.0,-1.0,-0.9145307790409026,18.41777297402378
68,49,1.0,-1.0,-1.0759225699845625,16.175536171643895
68,50,1.0,-1.0,-0.33764444134631644,13.526220679392948
68,51,1.0,1.0,0.20544487735415362,13.131681462971844
68,52,1.0,-1.0,-0.5897940463506146,14.945663764447865
68,53,1.0,1.0,1.5407690585765226,13.49724287684286
68,54,1.0,-1.0,-1.5299612435076972,18.690508093384214
68,55,1.0,-1.0,-0.9041472503405097,18.637570175625452
68,56,1.0,-1.0,-0.7613736275254198,14.088291983118664
68,57,1.0,1.0,0.7308406751044252,14.360492536174876
68,58,1.0,1.0,1.2600511699675327,13.23390521011659
68,59,1.0,-1.0,-0.21398019761277004,16.311444067835104
68,60,1.0,-1.0,-0.04711962789734547,17.376455955967813
68,61,1.0,-1.0,-0.0913636683188333,14.743455278990215
68,62,1.0,-1.0,-0.9311668126192434,18.84318391937744
68,63,1.0,-1.0,-0.8444636898733857,16.94851283361351
68,64,-1.0,1.0,0.7389323903819602,15.489576804155611
68,65,-1.0,1.0,0.6160180299978898,13.786452488820306
68,66,-1.0,1.0,0.3408811932506949,11.663174459408548
68,67,-1.0,1.0,1.4272314909320214,18.082515823827517
68,68,-1.0,-1.0,-0.6675703834894808,16.14134728518474
68,69,-1.0,-1.0,-0.088965920968779,11.203619240872
68,70,-1.0,1.0,1.1497236834161653,15.34936734919128
68,71,-1.0,-1.0,-1.303356468486967,13.572258548358421
68,72,-1.0,1.0,0.27420178183783556,13.474299469620712
68,73,-1.0,-1.0,-0.9829909550629421,17.351525002179816
68,74,-1.0,-1.0,-1.0442393218964046,13.38813445490278
68,75,-1.0,-1.0,-0.5997442898978509,14.67963752147209
68,76,-1.0,1.0,0.4596884325313378,18.107724328821227
68,77,-1.0,-1.0,-1.032985351561846,17.057564031005988
68,78,-1.0,1.0,0.9299954617288407,15.019866869441545
68,79,-1.0,1.0,0.4501226681770497,15.898968298662464
68,80,-1.0,-1.0,-0.1821023633369074,18.512328703284798
68,81,-1.0,1.0,0.7184948502022137,12.71636391506686
68,82,-1.0,1.0,0.057794656037070596,15.506396148583898
68,83,-1.0,1.0,0.4422235197284341,13.919866729284692
68,84,-1.0,-1.0,-0.8603053240546958,12.0852468985982
68,85,-1.0,1.0,0.3623235789472995,17.705032998389093
68,86,-1.0,-1.0,-0.9601668273278704,13.655209987746828
68,87,-1.0,-1.0,-0.17291399025152193,12.288181565076883
68,88,-1.0,1.0,0.001104055483468605,15.812733839580385
68,89,-1.0,1.0,1.4585524806692818,18.89347138091642
68,90,-1.0,-1.0,-0.8950899799222309,12.892861343199577
68,91,-1.0,1.0,0.03084351882404475,18.66131957212486
68,92,-1.0,-1.0,-1.260054290394622,15.977244656705988
68,93,-1.0,1.0,1.2563290679873411,13.312813446155358
68,94,-1.0,-1.0,-1.3326755041153315,15.53956113715837
68,95,-1.0,-1.0,-0.026973402497329477,15.255754342180477
68,96,-1.0,1.0,0.06836455251950732,14.940857576196816
68,97,-1.0,-1.0,-1.1412553284452505,16.189441419439596
68,98,-1.0,1.0,0.39821040569009136,18.095239640030986
68,99,-1.0,1.0,0.15334550761163018,16.717793826765686
68,100,-1.0,-1.0,-0.6066998284508985,16.149701445892596
68,101,-1.0,1.0,0.17991873712007908,16.131209687641764
68,102,-1.0,1.0,0.11745315017986059,18.235870375730258
68,103,-1.0,-1.0,-0.008975526581960894,12.622749328514857
68,104,-1.0,-1.0,-0.3751698163704327,15.301293092210175
68,105,-1.0,1.0,0.6877208448407752,17.51270339194392
68,106,-1.0,1.0,1.264229145185665,15.54617354616475
68,107,-1.0,1.0,0.2902747911211368,18.841377297085515
68,108,-1.0,1.0,0.6986106367707816,14.561676366747028
68,109,-1.0,1.0,0.5721876176656446,14.776426295403349
68,110,-1.0,1.0,1.6101952957653045,14.011985670011333
68,111,-1.0,-1.0,-1.1266766027142174,14.661379344122128
68,112,-1.0,-1.0,-0.06084111847451079,17.832067690009513
68,113,-1.0,-1.0,-0.43806980880926355,15.915971885957127
68,114,-1.0,1.0,0.4247178872133237,19.06801835986083
68,115,-1.0,-1.0,-0.25965046521546353,15.349076798029442
68,116,-1.0,-1.0,-0.5279405352086571,13.88709347601911
68,117,-1.0,-1.0,-0.7617158816920855,12.21307388845587
68,118,-1.0,-1.0,-0.024501057457046505,15.425673583611617
68,119,-1.0,-1.0,-1.0965071004141609,15.056923327019023
68,120,-1.0,1.0,0.9165098769382126,14.885662153554438
68,121,-1.0,-1.0,-0.13596100170967412,18.8621305446986
68,122,-1.0,1.0,0.2996973112840096,12.854904663953723
68,123,-1.0,1.0,1.0032473684376524,16.455126654324754
68,124,-1.0,1.0,0.6743593298295542,19.55782445028532
68,125,-1.0,1.0,0.8203828708909043,15.464549544489374
68,126,-1.0,1.0,0.541196139057885,16.199290132796698
68,127,-1.0,1.0,0.13485083342345566,15.599252171552507
69,0,1.0,-1.0,-1.0878941569097558,17.02691607449841
69,1,1.0,-1.0,-0.004463481649780193,16.586509770521655
69,2,1.0,1.0,1.5772152508062123,14.824140644771177
69,3,1.0,-1.0,-1.1932007465805134,16.237610901260346
69,4,1.0,1.0,1.152668028366679,16.76946229323917
69,5,1.0,-1.0,-1.049928755416775,18.135662853696335
69,6,1.0,-1.0,-0.29217650199055695,21.71552287203799
69,7,1.0,1.0,1.0883982966518375,19.81264919821158
69,8,1.0,-1.0,-0.6049433075456215,18.59409330126987
69,9,1.0,1.0,0.24276635257248036,20.909249599950503
69,10,1.0,-1.0,-0.06631033806831803,14.35687995038596
69,11,1.0,1.0,1.4079219965269663,17.870649227986053
69,12,1.0,-1.0,-0.9334157124165138,20.463779561028147
69,13,1.0,1.0,0.886825032412321,15.962881722438597
69,14,1.0,-1.0,-0.5188352191041807,17.28074955417321
69,15,1.0,1.0,0.900641047224366,12.48853893983341
69,16,1.0,1.0,1.4270704205683333,13.567474309648757
69,17,1.0,-1.0,-0.8291749688021459,12.790906146349494
69,18,1.0,1.0,0.5159889784947701,21.35165086084266
69,19,1.0,1.0,0.511968962753849,16.95803364321988
69,20,1.0,-1.0,-1.1484056345210802,16.229659539649177
69,21,1.0,-1.0,-0.5462987522414182,11.477203794233466
69,22,1.0,1.0,0.601118734123706,14.118238788473901
69,23,1.0,-1.0,-0.44118859226094714,21.190067893256952
69,24,1.0,1.0,0.9239213450824105,16.74750996685879
69,25,1.0,-1.0,-1.2376506305982493,14.711314426587093
69,26,1.0,-1.0,-0.16150834878462947,20.109028710583292
69,27,1.0,1.0,0.13616731537217155,14.829373687900244
69,28,1.0,1.0,0.47486038150341026,12.578653249182024
69,29,1.0,-1.0,-0.7006015879238687,17.4246293986425
69,30,1.0,1.0,0.743011903540635,18.037765783886226
69,31,1.0,-1.0,-0.4498729027682025,17.26610797556569
69,32,1.0,-1.0,-0.3058731618712616,18.571500751581357
69,33,1.0,1.0,0.007133601033742665,18.664930950148673
69,34,1.0,1.0,0.6040847785407144,12.62862035981599
69,35,1.0,1.0,1.1515344220514294,16.198683268182773
69,36,1.0,1.0,1.1359999904782507,14.933055373794106
69,37,1.0,-1.0,-1.5239400011049267,14.914123414572446
69,38,1.0,1.0,1.2795239378612753,16.540950420362
69,39,1.0,1.0,2.2330651443199625,17.492235242144247
69,40,1.0,1.0,0.14865804049287837,16.144851063682854
69,41,1.0,1.0,0.11765294161538054,15.88913702017161
69,42,1.0,-1.0,-0.3290571320343344,20.512304731605326
69,43,1.0,-1.0,-0.1812839907648808,20.371020344206375
69,44,1.0,1.0,0.5756153787841573,15.49308056100428
69,45,1.0,-1.0,-1.35435211957071,16.245263026935085
69,46,1.0,1.0,0.12388097162493275,17.139577969658347
69,47,1.0,-1.0,-0.47707636602709996,13.320672525293265
69,48,1.0,1.0,0.2772099380474812,18.070886479824306
69,49,1.0,-1.0,-0.7913606103342186,14.347473518003655
69,50,1.0,1.0,1.1870784356572106,17.015750793224452
69,51,1.0,-1.0,-0.6127117078222077,15.229647160954748
69,52,1.0,-1.0,-0.024925269019437243,16.547960976282717
69,53,1.0,1.0,1.7640254465840841,17.38492008071221
69,54,1.0,1.0,0.6377382069936873,11.871029540999585
69,55,1.0,-1.0,-0.6496841975089838,12.986085101954549
69,56,1.0,1.0,0.10356325217516188,14.376409192850886
69,57,1.0,1.0,0.8809957015862235,15.945220381838269
69,58,1.0,1.0,0.6239154689284766,14.292464714106918
69,59,1.0,1.0,0.6620681642204813,13.370808306081157
69,60,1.0,1.0,1.3938000374530972,15.833915444460501
69,61,1.0,-1.0,-0.11799332212201487,17.202777925821003
69,62,1.0,-1.0,-0.025795636300084565,16.346093867813895
69,63,1.0,1.0,1.9143150759582186,15.495243851900375
69,64,-1.0,-1.0,-1.1832548106338592,15.626319359773463
69,65,-1.0,-1.0,-1.0871780204734256,14.169180128849641
69,66,-1.0,1.0,1.0138800983780043,15.727399399314377
69,67,-1.0,-1.0,-0.4132891257664295,12.265370714429183
69,68,-1.0,1.0,0.3466342527531164,11.982949498097081
69,69,-1.0,-1.0,-0.3781783583919219,18.149317226904255
69,70,-1.0,1.0,0.6864367741883084,20.86105733610715
69,71,-1.0,1.0,1.3684378178865935,19.323356431723596
69,72,-1.0,-1.0,-0.8310357860309081,13.865286401265589
69,73,-1.0,-1.0,-0.08372331708913118,15.344911168106774
69,74,-1.0,-1.0,-0.6240984779156906,13.415024714091004
69,75,-1.0,-1.0,-0.4986771175183237,14.31017614364431
69,76,-1.0,-1.0,-1.037689591732853,13.198802553530069
69,77,-1.0,-1.0,-1.005642258157172,12.71901152040112
69,78,-1.0,-1.0,-0.49317067715368745,12.428719889784784
69,79,-1.0,-1.0,-0.4983719728039988,15.118396795461322
69,80,-1.0,-1.0,-0.5230215652168847,13.723690235686126
69,81,-1.0,-1.0,-0.07703485995379862,14.442111085141732
69,82,-1.0,-1.0,-0.3912478157135948,16.33513030849388
69,83,-1.0,1.0,0.8057145617352515,21.070647789115682
69,84,-1.0,1.0,0.6033100716681647,18.191921155691922
69,85,-1.0,-1.0,-0.14016794003339508,17.453122886699255
69,86,-1.0,-1.0,-0.9069723368186955,15.455896288998051
69,87,-1.0,-1.0,-0.05350248466967612,12.144237820608838
69,88,-1.0,1.0,1.6360213945607234,13.040417761791996
69,89,-1.0,-1.0,-0.39935508006078185,16.629597602875545
69,90,-1.0,-1.0,-0.15682495816834427,16.052762000037283
69,91,-1.0,1.0,2.961810478253823,15.94186291955189
69,92,-1.0,1.0,0.33043133260694757,17.338746855999034
69,93,-1.0,1.0,1.3691161622659562,14.94709076716056
69,94,-1.0,1.0,0.6628968849956013,18.999145540690254
69,95,-1.0,-1.0,-0.8106795361537265,14.542764530962675
69,96,-1.0,-1.0,-0.41545656314816937,13.282014483241383
69,97,-1.0,1.0,0.942606464643504,19.550511460024534
69,98,-1.0,1.0,0.23250062845177466,17.1515750551061
69,99,-1.0,-1.0,-0.16060434155076636,16.7500510496589
69,100,-1.0,-1.0,-0.6808345677146277,12.533653477851733
69,101,-1.0,1.0,1.3907763348158184,18.5631599112609
69,102,-1.0,1.0,0.5067545664076122,13.926155111606294
69,103,-1.0,1.0,2.7469860678676383,18.41045139662446
69,104,-1.0,1.0,0.7976860908669189,19.64085218236006
69,105,-1.0,-1.0,-0.4978542012439554,14.8047529434613
69,106,-1.0,1.0,0.9220828617894766,22.05522505613885
69,107,-1.0,1.0,0.029686638856863276,15.978911938932034
69,108,-1.0,-1.0,-0.4496305166574035,17.073615146160133
69,109,-1.0,1.0,0.9529557075478856,17.22911812395352
69,110,-1.0,-1.0,-0.4520356037065388,15.593727683938559
69,111,-1.0,1.0,1.51874285544771,21.729537166158547
69,112,-1.0,-1.0,-0.22302677662786946,14.957887660880353
69,113,-1.0,-1.0,-0.4813260099793409,16.677840604574804
69,114,-1.0,1.0,2.0045772097602033,14.547297417477877
69,115,-1.0,-1.0,-0.8526627404944556,14.590912517324927
69,116,-1.0,1.0,0.7137231220498528,19.222116038922607
69,117,-1.0,-1.0,-0.5963457114677513,14.991793300546343
69,118,-1.0,-1.0,-0.24780052659295249,16.555120586064305
69,119,-1.0,-1.0,-0.17701665310848128,16.86506541918009
69,120,-1.0,1.0,2.6562656783459833,19.25711737641378
69,121,-1.0,-1.0,-0.13113437678902892,14.231736114724729
69,122,-1.0,1.0,1.9843082085606925,16.050916156563105
69,123,-1.0,-1.0,-1.3218818970676534,14.362186875460434
69,124,-1.0,-1.0,-0.2743553045567828,17.917775711624387
69,125,-1.0,-1.0,-0.6052614201634735,14.503522537924626
69,126,-1.0,-1.0,-1.3381881868790144,13.945613237801329
69,127,-1.0,1.0,0.7177850125399972,20.878894809836982
70,0,1.0,-1.0,-0.32069491313498477,13.457498484506708
70,1,1.0,1.0,0.32746853624063055,14.870250513353973
70,2,1.0,-1.0,-0.5342580954900951,17.56837419131898
70,3,1.0,-1.0,-1.1231785356727537,18.795916837588948
70,4,1.0,-1.0,-0.39128675130333335,15.740344967996458
70,5,1.0,1.0,0.006580224634076259,16.55775445146821
70,6,1.0,1.0,0.08148757208587931,16.338785642787084
70,7,1.0,1.0,0.19914439852299282,9.787197839212746
70,8,1.0,-1.0,-0.5018633080171214,11.69609769652195
70,9,1.0,-1.0,-0.4804370359967586,19.098821771992757
70,10,1.0,1.0,0.5198062231849135,14.13807709269223
70,11,1.0,-1.0,-0.53919293051784,14.270043155011154
70,12,1.0,-1.0,-0.6235369633088574,13.759498417245046
70,13,1.0,-1.0,-1.2941727171969601,15.050493103636777
70,14,1.0,-1.0,-0.4750964830348896,14.466538705997205
70,15,1.0,-1.0,-0.42329013919272035,14.116507113758423
70,16,1.0,-1.0,-0.8171859922772685,15.82726251322887
70,17,1.0,-1.0,-1.516099833314234,17.55010572714836
70,18,1.0,-1.0,-0.8610958827119513,14.800834709827681
70,19,1.0,-1.0,-0.14415886012761772,13.026174024948862
70,20,1.0,-1.0,-0.9656312976592765,18.899964968515178
70,21,1.0,1.0,0.7043226701151502,12.569420412935305
70,22,1.0,-1.0,-0.26870192308834545,17.195418196881036
70,23,1.0,-1.0,-0.4819959589712187,12.887941805363846
70,24,1.0,-1.0,-0.7616821614827566,15.053345392085594
70,25,1.0,1.0,0.7804308436172098,14.398906569373633
70,26,1.0,-1.0,-0.32174916324522945,14.603377265728607
70,27,1.0,-1.0,-0.3965532156361137,12.636027101783428
70,28,1.0,-1.0,-0.6404691581498546,15.576851221833214
70,29,1.0,1.0,0.2955078958172186,14.507846183254937
70,30,1.0,-1.0,-0.502902467636136,14.576447142210698
70,31,1.0,-1.0,-1.1918532194845175,18.59364390705234
70,32,1.0,-1.0,-0.5153779557788739,13.50200166776116
70,33,1.0,-1.0,-1.1800624394469306,14.849896746409124
70,34,1.0,-1.0,-0.26983990620793474,11.878754094346451
70,35,1.0,1.0,0.8596264134570284,15.079730184586863
70,36,1.0,-1.0,-1.9848010708729094,17.031933996194784
70,37,1.0,-1.0,-0.9402230646185069,17.111372344607386
70,38,1.0,-1.0,-0.565680784474618,14.881554796083083
70,39,1.0,1.0,0.1717964703233802,16.242013035722085
70,40,1.0,-1.0,-0.02447780408115119,16.864231437812688
70,41,1.0,-1.0,-1.249143658801885,13.616764648995693
70,42,1.0,-1.0,-0.6180437471271164,17.09206459739361
70,43,1.0,1.0,0.006303063282358759,16.374101488276082
70,44,1.0,-1.0,-1.124018703195396,16.91221886603412
70,45,1.0,-1.0,-1.2141761715295725,15.402072164180638
70,46,1.0,-1.0,-0.6012283122283268,17.7196723029804
70,47,1.0,-1.0,-0.3280254256571492,18.915954589824103
70,48,1.0,1.0,0.08612685927549227,13.531415955777009
70,49,1.0,-1.0,-0.4100268499296036,11.413670452350509
70,50,1.0,-1.0,-0.6091930612305837,16.949570469125796
70,51,1.0,-1.0,-0.05003243291429291,12.99131339979268
70,52,1.0,-1.0,-0.1640472486426638,17.503178492690378
70,53,1.0,-1.0,-1.1038427749345492,16.156768530828987
70,54,1.0,-1.0,-0.5728667462441204,14.84177507205995
70,55,1.0,1.0,0.9970229490344287,16.028053588759466
70,56,1.0,-1.0,-0.23540545826789683,14.322495121180564
70,57,1.0,-1.0,-0.4088670484420406,12.914769257648514
70,58,1.0,-1.0,-0.11391071839532109,12.566580919259502
70,59,1.0,1.0,0.4939025460800588,14.198430430291111
70,60,1.0,-1.0,-0.720358402052857,12.680862991250216
70,61,1.0,-1.0,-0.6861473481612732,12.619498426633983
70,62,1.0,-1.0,-0.09860221958508181,17.182671373856824
70,63,1.0,-1.0,-0.8544467835118379,15.22488568457373
70,64,-1.0,-1.0,-0.8280975375668191,13.909760491329369
70,65,-1.0,1.0,0.3905074539588277,14.12667266612243
70,66,-1.0,-1.0,-0.1023502519348243,15.158277897570363
70,67,-1.0,-1.0,-0.49061493181021,14.70170279042973
70,68,-1.0,1.0,0.10198282195520211,18.096650996710025
70,69,-1.0,1.0,0.12139096461145833,16.331402640052875
70,70,-1.0,-1.0,-0.6156652522104631,14.35931545269627
70,71,-1.0,1.0,0.4854946014414688,14.682306785518623
70,72,-1.0,-1.0,-0.5243433133514224,17.785921631839138
70,73,-1.0,1.0,0.4258301566771366,17.435855469407
70,74,-1.0,1.0,0.2059791706683914,11.748427754464082
70,75,-1.0,-1.0,-0.1289029557516217,13.149332040669135
70,76,-1.0,-1.0,-0.21427261237683867,17.53495882266466
70,77,-1.0,1.0,0.6431021927685996,12.559416856135375
70,78,-1.0,1.0,0.5858457069351273,15.67884477430942
70,79,-1.0,-1.0,-0.6751313137419119,16.186593086986115
70,80,-1.0,1.0,0.5084814349756636,11.110373476367842
70,81,-1.0,1.0,0.6047597878462362,13.162635170085522
70,82,-1.0,-1.0,-0.11355499978698186,15.24628112011748
70,83,-1.0,1.0,0.2812294629585023,15.072098164672957
70,84,-1.0,-1.0,-0.43441820042215157,13.506938995294117
70,85,-1.0,-1.0,-0.2953897324778241,16.846787442795495
70,86,-1.0,-1.0,-0.13113325140645088,14.018039524540434
70,87,-1.0,-1.0,-0.5754117533357166,17.747704698407386
70,88,-1.0,-1.0,-0.3151255619351719,16.80336096037979
70,89,-1.0,1.0,0.023251992014658482,12.909329615779676
70,90,-1.0,1.0,0.44836714970580727,14.306456323193352
70,91,-1.0,-1.0,-0.11529043011789097,11.928865438992313
70,92,-1.0,-1.0,-0.5575001796240788,17.064620434323995
70,93,-1.0,1.0,0.8127942192364157,11.523574726021232
70,94,-1.0,-1.0,-0.09727507892566548,14.18778184577226
70,95,-1.0,1.0,0.32530767973591457,15.714137903720287
70,96,-1.0,1.0,0.13534206753856703,11.993028087897695
70,97,-1.0,1.0,0.44666349063301536,14.78618378604258
70,98,-1.0,1.0,0.347280502057768,16.09514522527697
70,99,-1.0,-1.0,-0.085097591617185,15.15187003046876
70,100,-1.0,-1.0,-0.4518571011705035,15.400179124855736
70,101,-1.0,-1.0,-0.14883550183712507,14.783446501838927
70,102,-1.0,1.0,0.26829958314462565,14.952857797698092
70,103,-1.0,1.0,1.2058428558494527,18.109499250486355
70,104,-1.0,-1.0,-0.2540592546466729,12.43093589691386
70,105,-1.0,1.0,1.021237244900932,17.494978071329662
70,106,-1.0,-1.0,-0.5469065085668778,17.810356203500646
70,107,-1.0,-1.0,-0.4052602124209417,14.711437666534337
70,108,-1.0,-1.0,-0.17545889491423677,17.194198695837784
70,109,-1.0,1.0,0.6719978715802077,16.780953816961954
70,110,-1.0,-1.0,-0.04384841485867863,12.555861473710738
70,111,-1.0,1.0,0.6552185765422142,15.90478601869758
70,112,-1.0,-1.0,-0.114460735232497,18.200886183957
70,113,-1.0,-1.0,-0.18805991083063744,18.461042039476673
70,114,-1.0,-1.0,-0.14347535417681145,15.66715874415605
70,115,-1.0,1.0,0.5315357208182218,11.80908536014456
70,116,-1.0,1.0,1.0495906456093853,18.410056096916176
70,117,-1.0,-1.0,-0.43412909119361515,16.663882489782104
70,118,-1.0,1.0,0.2182300673196373,18.681330133246462
70,119,-1.0,1.0,0.14018950398172686,16.243286232269725
70,120,-1.0,1.0,0.4419846984158782,15.698009839242076
70,121,-1.0,-1.0,-0.20050848987922887,18.905466536919658
70,122,-1.0,1.0,0.2945909659187552,17.362480917527233
70,123,-1.0,-1.0,-0.3587278000951599,16.13405325741658
70,124,-1.0,1.0,0.07381935574978103,17.81802178955485
70,125,-1.0,-1.0,-0.08484691672260387,15.295633631465535
70,126,-1.0,-1.0,-0.35721146596337666,17.800763900944624
70,127,-1.0,-1.0,-0.2212642819228537,16.76748687069596
71,0,1.0,1.0,1.0783001547479432,17.856741680208177
71,1,1.0,-1.0,-1.1248320397639153,15.486963901604419
71,2,1.0,-1.0,-0.8367450502426386,13.685440185884728
71,3,1.0,1.0,0.7673702262019477,18.558385460558952
71,4,1.0,1.0,0.061795856064811694,14.14176722454451
71,5,1.0,1.0,0.309141015744693,13.411095319024453
71,6,1.0,-1.0,-0.5526979461858066,16.527610352309825
71,7,1.0,-1.0,-0.5496341234443574,18.230148878457502
71,8,1.0,-1.0,-1.2856542299552145,11.559440166795063
71,9,1.0,1.0,0.02191252323602992,19.293535297963405
71,10,1.0,1.0,1.052087498097051,13.620098226831676
71,11,1.0,-1.0,-0.11073584477282425,14.787481388694314
71,12,1.0,-1.0,-0.9422413825641636,14.15431988308132
71,13,1.0,-1.0,-0.8558209130678948,18.007010099991472
71,14,1.0,-1.0,-0.03771317348199965,15.99911812385735
71,15,1.0,-1.0,-1.0271765168279234,19.606058616035973
71,16,1.0,-1.0,-0.7265273465602956,17.84341784468438
71,17,1.0,-1.0,-0.8764215438830534,12.79125676122901
71,18,1.0,-1.0,-0.6762333417687765,13.746044067250786
71,19,1.0,-1.0,-0.12284522140019699,14.59149001028306
71,20,1.0,-1.0,-0.22370198485233783,16.84107860072141
71,21,1.0,1.0,0.9115582916311656,14.895933102424632
71,22,1.0,-1.0,-0.4615139206458905,12.876983186701246
71,23,1.0,-1.0,-0.054823722872213446,15.293301248572417
71,24,1.0,1.0,0.3863770632002499,13.846779708971727
71,25,1.0,-1.0,-1.1964261845680353,16.87510516094411
71,26,1.0,-1.0,-0.40931971349516094,14.430843459854941
71,27,1.0,-1.0,-1.9261910788894072,17.52642882709763
71,28,1.0,-1.0,-0.3358322638237963,14.985906155515613
71,29,1.0,-1.0,-0.8036509381973553,15.60483748511234
71,30,1.0,1.0,0.14552700626382986,14.169395100599418
71,31,1.0,-1.0,-1.2061075160545924,15.893946082042048
71,32,1.0,1.0,0.700269573904573,17.135434538252873
71,33,1.0,1.0,0.8648722051632562,16.814743798524905
71,34,1.0,1.0,0.699298889905373,15.022948876857082
71,35,1.0,-1.0,-0.35676111896791235,13.095271152526204
71,36,1.0,1.0,0.5598140072713743,18.29727931407592
71,37,1.0,1.0,0.2016329642274216,15.390992786665786
71,38,1.0,-1.0,-0.4727531669396411,16.707818049328868
71,39,1.0,1.0,0.06121516907761311,19.36911519163649
71,40,1.0,-1.0,-0.8557446145871808,17.183839170149323
71,41,1.0,1.0,0.18076236332146361,17.398645047596652
71,42,1.0,1.0,0.30686316866009755,14.898849051221168
71,43,1.0,1.0,0.4283348497111858,16.614308760584287
71,44,1.0,-1.0,-0.9475690929039768,18.393607990041996
71,45,1.0,-1.0,-0.28319710411376575,13.032103354559515
71,46,1.0,1.0,0.30017010646664055,11.600008118367645
71,47,1.0,-1.0,-0.1566461891478252,18.266318770331186
71,48,1.0,-1.0,-0.12747483177246421,18.99353601669643
71,49,1.0,1.0,0.41169560409334,12.437977652779155
71,50,1.0,1.0,0.7100527507967643,12.679664014861181
71,51,1.0,-1.0,-1.2390195735075156,14.205296534994618
71,52,1.0,-1.0,-0.5031221270968063,11.967066865648835
71,53,1.0,-1.0,-0.6230922944837336,14.20859615344613
71,54,1.0,-1.0,-0.9766332840599047,17.64095689958541
71,55,1.0,-1.0,-0.603375962774298,17.322594134429732
71,56,1.0,-1.0,-0.5892197498472178,16.126492408430114
71,57,1.0,1.0,0.08219234798666342,15.062068365424583
71,58,1.0,-1.0,-1.1108544601972943,15.019126424236818
71,59,1.0,1.0,1.1795946762485363,15.77981125903553
71,60,1.0,1.0,0.44520141208043545,12.312908623027901
71,61,1.0,-1.0,-1.39463880012945,15.771159129747176
71,62,1.0,-1.0,-0.23225515529018892,13.464688862681498
71,63,1.0,1.0,0.21743346344548248,18.90993998601811
71,64,-1.0,-1.0,-0.5516538667673039,16.682189132548437
71,65,-1.0,-1.0,-0.38039905476774705,12.12651524702955
71,66,-1.0,1.0,0.41552284838609793,14.934714195893172
71,67,-1.0,1.0,0.5818267494250017,12.673136203375362
71,68,-1.0,1.0,0.2493593534544351,17.80619445991705
71,69,-1.0,-1.0,-0.1792748936225128,18.5407583868824
71,70,-1.0,1.0,0.19325728117506896,15.778412506166918
71,71,-1.0,-1.0,-0.9795510436449171,16.007983138587214
71,72,-1.0,-1.0,-0.1661615415871004,19.170391549257886
71,73,-1.0,1.0,0.24760143685243005,14.853403277568592
71,74,-1.0,-1.0,-0.18959738048414476,17.278361137354175
71,75,-1.0,-1.0,-0.28719246698908896,18.278704031624883
71,76,-1.0,-1.0,-1.2518646417068064,15.451632475617318
71,77,-1.0,1.0,1.6939010503292529,16.8337601429026
71,78,-1.0,-1.0,-0.012252882097963491,14.826458577503173
71,79,-1.0,1.0,0.3087092785774943,13.846310628266735
71,80,-1.0,1.0,0.1730251564595751,12.270658451405799
71,81,-1.0,-1.0,-0.17878238755136505,14.376181531471685
71,82,-1.0,-1.0,-0.3428477147558113,14.122493905592782
71,83,-1.0,-1.0,-0.29152611257867733,17.936364070520014
71,84,-1.0,-1.0,-0.04133384490759966,14.641763603716683
71,85,-1.0,1.0,0.19306820933932373,16.17044570391945
71,86,-1.0,1.0,0.41562327569834834,13.677011383861045
71,87,-1.0,1.0,1.662314191000165,19.5474884609638
71,88,-1.0,-1.0,-0.9400588958868231,15.9164351959329
71,89,-1.0,1.0,0.22354677171005105,15.441854860547513
71,90,-1.0,-1.0,-0.8515436264528045,16.101510662226076
71,91,-1.0,1.0,0.11000180819577116,15.383517948291942
71,92,-1.0,-1.0,-0.08887927625497678,13.817461380457244
71,93,-1.0,1.0,0.4651853368288552,17.571001440714607
71,94,-1.0,-1.0,-0.003753744784888491,10.638748057382626
71,95,-1.0,1.0,0.058920874176774676,13.2161196996986
71,96,-1.0,1.0,0.3549868677587233,16.609929183844944
71,97,-1.0,-1.0,-0.9314348747045311,16.782848001887956
71,98,-1.0,1.0,0.4016556449731811,16.433013352353093
71,99,-1.0,1.0,0.762718205149247,14.824116650807179
71,100,-1.0,1.0,2.0518381753153068,17.285571611676435
71,101,-1.0,1.0,0.20284400858807988,13.805665448492778
71,102,-1.0,-1.0,-0.007318885408479026,18.559597845725555
71,103,-1.0,1.0,0.1592721696710012,17.51670892112036
71,104,-1.0,-1.0,-0.32835603186455875,14.614983335609438
71,105,-1.0,-1.0,-0.3445849793807071,18.669102220218676
71,106,-1.0,1.0,0.6194574623547155,14.76803572107226
71,107,-1.0,1.0,1.6352937442312803,18.803917647162717
71,108,-1.0,1.0,0.4225118935771728,18.83677608160856
71,109,-1.0,1.0,0.7453196030331573,14.320203189052622
71,110,-1.0,1.0,1.5762772942722572,20.080569200383913
71,111,-1.0,1.0,1.188130959247727,15.875726010360806
71,112,-1.0,-1.0,-0.32985608840882363,16.8145289998571
71,113,-1.0,-1.0,-0.46108717888599454,14.903453329397681
71,114,-1.0,1.0,1.4746079059676362,15.878465512148987
71,115,-1.0,-1.0,-0.4187461917092472,15.990137330821273
71,116,-1.0,-1.0,-0.4640979464703916,16.761130419376958
71,117,-1.0,1.0,0.2131713439120118,18.91072595445851
71,118,-1.0,-1.0,-0.17365786070256967,12.160899599930728
71,119,-1.0,-1.0,-0.054651064410967815,18.607554787914147
71,120,-1.0,1.0,0.22003472438374094,11.821264428455708
71,121,-1.0,1.0,0.9692454867399114,15.181694002769662
71,122,-1.0,-1.0,-0.7410857658615027,13.602862016506998
71,123,-1.0,1.0,0.24141783451636803,11.831528321394778
71,124,-1.0,-1.0,-0.38451064221318804,12.882171261199431
71,125,-1.0,-1.0,-0.272810385035966,13.308455191440896
71,126,-1.0,-1.0,-0.041879033415624475,17.259985508128064
71,127,-1.0,-1.0,-1.2948326207197896,16.128192691556368
72,0,1.0,1.0,0.45985722466756457,15.540145204555607
72,1,1.0,1.0,0.2733321138093664,19.322672063281424
72,2,1.0,-1.0,-0.517448191733854,14.530322516271106
72,3,1.0,1.0,0.6406101688534435,16.197052272859484
72,4,1.0,-1.0,-0.3191750889928726,17.986481043118896
72,5,1.0,1.0,0.9574933486030007,17.603457384535815
72,6,1.0,-1.0,-1.3739292793785949,18.479989967895193
72,7,1.0,-1.0,-0.11447244231121297,15.729239921822884
72,8,1.0,-1.0,-0.8736727079655767,15.246755328590172
72,9,1.0,1.0,0.4106214740109786,15.337608998677906
72,10,1.0,1.0,0.10896198896737991,15.927121187089279
72,11,1.0,-1.0,-0.742575846516939,14.197890295143779
72,12,1.0,-1.0,-0.40601340948855,14.620098631106925
72,13,1.0,-1.0,-0.3974383176938369,16.895815111409796
72,14,1.0,-1.0,-1.0897827961626072,13.866257676082164
72,15,1.0,-1.0,-1.2662730847715626,17.708972818614377
72,16,1.0,-1.0,-0.8408515928554143,17.166089986435384
72,17,1.0,1.0,0.12170961387307483,13.77973574625196
72,18,1.0,-1.0,-0.09580967518147511,14.503984842578305
72,19,1.0,1.0,0.24325483527618663,14.707922943360453
72,20,1.0,1.0,0.49710055920951834,15.786281274123295
72,21,1.0,1.0,1.272272040993038,15.937603900613844
72,22,1.0,1.0,0.2515718593410314,16.03008163083216
72,23,1.0,1.0,0.9959793536007404,18.021115852405668
72,24,1.0,-1.0,-0.721852311084717,16.93215953766732
72,25,1.0,1.0,0.38030441435871476,16.352156657633504
72,26,1.0,-1.0,-0.40547147294542984,15.79759400471431
72,27,1.0,1.0,0.23756633043241596,15.396447187408322
72,28,1.0,1.0,0.6945836465201195,17.510428021615013
72,29,1.0,-1.0,-0.637655885759466,14.02340550677176
72,30,1.0,1.0,0.757052216541287,15.57909176383984
72,31,1.0,1.0,0.4871742941751032,15.306561391252059
72,32,1.0,1.0,0.29545749410065303,17.12253912085527
72,33,1.0,-1.0,-0.227771186364168,18.163478991349297
72,34,1.0,1.0,1.2256191264070473,11.391433398329621
72,35,1.0,1.0,1.5268582199688587,17.051912694211538
72,36,1.0,1.0,0.08612857997105101,17.695043937607828
72,37,1.0,1.0,0.2970941833362207,15.206011704082357
72,38,1.0,-1.0,-1.7283526911424905,15.661819664631134
72,39,1.0,1.0,0.7403064603448777,13.963193640513213
72,40,1.0,1.0,0.48389629095302167,12.399453786095888
72,41,1.0,1.0,0.45406444178856264,18.259951801911328
72,42,1.0,-1.0,-0.3634282380445142,15.432305441771723
72,43,1.0,1.0,1.1133234587754268,13.494835455076705
72,44,1.0,-1.0,-0.6068033971755883,18.006657257856837
72,45,1.0,-1.0,-0.7436339437824864,14.400540031951106
72,46,1.0,-1.0,-1.039594462795135,13.449739173907906
72,47,1.0,1.0,0.604480843646591,15.189663414425597
72,48,1.0,1.0,1.5237415050636303,13.460622386090307
72,49,1.0,-1.0,-0.6611124975157745,16.56842340151113
72,50,1.0,-1.0,-0.17554604334297075,11.642170711555906
72,51,1.0,-1.0,-0.620305834065785,12.965706966025087
72,52,1.0,1.0,0.6565254577789714,18.866846101300787
72,53,1.0,1.0,0.06491209542568274,11.898758919686095
72,54,1.0,-1.0,-1.089771844422054,15.54091786122222
72,55,1.0,1.0,1.2105964995671774,17.507748723020367
72,56,1.0,1.0,0.570596903532366,18.23342145570294
72,57,1.0,-1.0,-0.3485451598995106,14.255092940926032
72,58,1.0,1.0,0.8996208818918494,13.891610849659319
72,59,1.0,1.0,0.006764407237785208,11.999577819659772
72,60,1.0,1.0,1.6556436274779476,13.669229304376541
72,61,1.0,1.0,0.9778476234775622,14.167697217827415
72,62,1.0,-1.0,-1.788325370756359,16.944504144073186
72,63,1.0,-1.0,-0.6783082331858784,13.715666103318377
72,64,-1.0,1.0,1.1674051306280835,14.549071245151682
72,65,-1.0,1.0,1.485526817097796,18.20528520209687
72,66,-1.0,1.0,0.33844066523927685,18.86568240561831
72,67,-1.0,-1.0,-0.12685512269758295,14.507843515962463
72,68,-1.0,1.0,1.408571797151928,15.879128558330208
72,69,-1.0,1.0,0.5641348575839494,13.81326326431485
72,70,-1.0,-1.0,-1.4225209403054049,11.950127593747718
72,71,-1.0,1.0,1.8233014762785231,15.652137433477831
72,72,-1.0,-1.0,-1.7694258581091198,13.742856982290489
72,73,-1.0,1.0,0.019777591925593446,13.320997856584048
72,74,-1.0,1.0,1.5068134110349012,16.64254365019049
72,75,-1.0,1.0,0.5390198709393897,14.88270124044322
72,76,-1.0,1.0,0.038287070545243676,14.935107523217644
72,77,-1.0,-1.0,-0.08330797543022904,13.79385094991913
72,78,-1.0,1.0,1.2217353075997943,12.592879421414489
72,79,-1.0,1.0,1.4002036987344226,18.670385513551945
72,80,-1.0,1.0,0.5446764469365546,16.735559709324896
72,81,-1.0,1.0,0.13816589812950658,14.38010089280129
72,82,-1.0,-1.0,-0.23020073686386866,15.43675605381362
72,83,-1.0,-1.0,-0.2397017810965847,16.97293396869914
72,84,-1.0,-1.0,-1.7166149792045364,14.197510864288933
72,85,-1.0,1.0,0.8954173890881959,15.709432713344457
72,86,-1.0,1.0,0.5896777868974391,14.05022648176579
72,87,-1.0,-1.0,-1.2033860366077174,15.309756750718575
72,88,-1.0,-1.0,-0.9879073952483086,14.837889373725512
72,89,-1.0,1.0,0.08692719929269975,15.277539093585746
72,90,-1.0,1.0,0.677259288421754,18.17346541111715
72,91,-1.0,1.0,0.1986611131629501,12.225054647612474
72,92,-1.0,1.0,0.7740819543637878,13.752438628528234
72,93,-1.0,1.0,0.683641840643158,14.957937830043354
72,94,-1.0,1.0,0.0898457674215431,14.622586325740155
72,95,-1.0,1.0,0.8448444859854126,16.588900691619532
72,96,-1.0,-1.0,-1.4132121080241977,16.35664416856118
72,97,-1.0,1.0,0.18347802789212356,19.258486559745023
72,98,-1.0,1.0,0.3310966692634656,17.602758038429343
72,99,-1.0,1.0,1.5267730240767587,16.251389556700193
72,100,-1.0,-1.0,-0.39765579224797715,18.824280735820345
72,101,-1.0,-1.0,-0.6641384529520113,11.491122522688277
72,102,-1.0,1.0,0.9131548349935241,14.63739945781392
72,103,-1.0,-1.0,-1.2742964661554879,16.068017759257877
72,104,-1.0,1.0,0.6159805321349586,12.996072176113465
72,105,-1.0,-1.0,-1.1383703472164357,13.508285991180855
72,106,-1.0,1.0,0.5372655614550848,16.256075524915886
72,107,-1.0,1.0,0.42581748683915255,14.107040744682145
72,108,-1.0,-1.0,-0.07008611604416332,16.775183825451215
72,109,-1.0,-1.0,-0.5231890528632557,18.551057496048
72,110,-1.0,-1.0,-0.12288482105477182,13.067694535505556
72,111,-1.0,1.0,0.9107753342152769,15.15192062305429
72,112,-1.0,-1.0,-0.8990005746931238,15.130559982396688
72,113,-1.0,-1.0,-0.6118799946676616,17.946302683650174
72,114,-1.0,1.0,0.8681511173446133,14.96464882473818
72,115,-1.0,1.0,0.12406050719458706,11.862659897878862
72,116,-1.0,1.0,0.27980842928354016,16.8158811791827
72,117,-1.0,1.0,1.1997641428282173,16.412870494630383
72,118,-1.0,-1.0,-0.7543901909920466,12.51858400702623
72,119,-1.0,1.0,0.7692981784231963,13.235100777289263
72,120,-1.0,-1.0,-1.0917884639075424,17.52382180507377
72,121,-1.0,1.0,0.41140239973331666,14.019302173654962
72,122,-1.0,-1.0,-0.7985991941033863,17.004903375537037
72,123,-1.0,1.0,0.1691903044819862,13.678010801089277
72,124,-1.0,1.0,0.6303904940798779,12.097506753474498
72,125,-1.0,1.0,0.6235541168580614,16.006357280570107
72,126,-1.0,1.0,1.8896838570469785,17.450978988255887
72,127,-1.0,-1.0,-1.1006707747304452,17.319263268960807
73,0,1.0,1.0,0.04253895375175021,18.116191716806277
73,1,1.0,1.0,0.49377972699935424,18.31774539911723
73,2,1.0,1.0,0.3164165040831526,15.834351373180883
73,3,1.0,1.0,0.3471923516702028,17.854703579682877
73,4,1.0,1.0,0.34734745669930667,14.829894333004143
73,5,1.0,-1.0,-0.2854354849524571,15.193683445090972
73,6,1.0,-1.0,-0.36769498403239737,11.0197751149881
73,7,1.0,1.0,0.3249897512712552,13.058090460668742
73,8,1.0,-1.0,-0.326117162838451,14.247276646851788
73,9,1.0,-1.0,-1.3474643098396455,12.035263568864636
73,10,1.0,1.0,0.42018737922816696,14.5427371980391
73,11,1.0,-1.0,-0.7028455680603085,17.145191931471214
73,12,1.0,1.0,0.5082426684862256,16.295897697879614
73,13,1.0,-1.0,-0.2147362165547143,16.9098355408075
73,14,1.0,1.0,0.11196017711742062,15.43643050075061
73,15,1.0,1.0,1.4838190361368016,14.066776794235727
73,16,1.0,-1.0,-0.16333183520874162,15.972855874630575
73,17,1.0,1.0,0.014204343504402084,18.11928607924472
73,18,1.0,1.0,0.8905098262774829,12.518043422245263
73,19,1.0,1.0,0.4746986587134725,12.331416691577662
73,20,1.0,-1.0,-1.3757414142396769,14.760469179395978
73,21,1.0,1.0,0.31552218292085743,14.87150209965569
73,22,1.0,-1.0,-0.2633888182132955,16.37766617761931
73,23,1.0,-1.0,-0.4275550700959915,14.522286690030771
73,24,1.0,-1.0,-1.6389829095064208,15.853798843408537
73,25,1.0,-1.0,-0.04047123310223387,14.419161114589222
73,26,1.0,1.0,0.12317091172539045,18.836629216262764
73,27,1.0,-1.0,-0.05486813882122503,18.02033384973471
73,28,1.0,1.0,0.5058602476571628,13.355473210294539
73,29,1.0,-1.0,-0.7837895657836564,17.054113523566457
73,30,1.0,-1.0,-0.7285809479059473,14.392080206193949
73,31,1.0,1.0,0.355686839386136,12.741865348581113
73,32,1.0,1.0,1.0285920587425768,16.495512507898393
73,33,1.0,-1.0,-0.5255196144478121,16.769603440309428
73,34,1.0,-1.0,-0.09950730343933982,16.118513297098342
73,35,1.0,-1.0,-0.10277519985100478,13.824617545634899
73,36,1.0,-1.0,-0.3479404799582706,14.585450943443853
73,37,1.0,-1.0,-0.7133224212228513,17.401470558963616
73,38,1.0,1.0,0.04625888494248688,14.274272237445217
73,39,1.0,1.0,0.11744071266906075,15.643932711324672
73,40,1.0,-1.0,-0.2674055678753824,14.645914536131002
73,41,1.0,1.0,0.2651410469989731,15.15585576100016
73,42,1.0,-1.0,-0.7362181223618393,14.251245734465591
73,43,1.0,-1.0,-1.0608328026788785,12.106389210385514
73,44,1.0,1.0,0.06970446260587404,13.309156106717039
73,45,1.0,1.0,0.5096447263044602,12.083169006609081
73,46,1.0,-1.0,-0.31790764305134733,14.125536979121893
73,47,1.0,-1.0,-0.4043964890755644,15.807648210541196
73,48,1.0,-1.0,-0.35576051190149455,13.98959792364047
73,49,1.0,1.0,0.49968648583812236,16.233497040755264
73,50,1.0,-1.0,-0.13148634653110217,18.07965379776473
73,51,1.0,-1.0,-0.1132131000398228,13.875354506343136
73,52,1.0,1.0,1.155002144771516,14.08725814498055
73,53,1.0,-1.0,-0.8673521719420868,13.561968397511668
73,54,1.0,1.0,0.47144741469148255,17.197341196546446
73,55,1.0,-1.0,-1.031418203483708,12.154286075547931
73,56,1.0,1.0,0.8399653977174789,16.720832404406906
73,57,1.0,1.0,0.6899413059899066,18.482223662159452
73,58,1.0,1.0,0.8165344069444715,17.110287287386697
73,59,1.0,1.0,0.08505710824316419,14.565953907140969
73,60,1.0,-1.0,-0.6050591685971023,18.65784796675836
73,61,1.0,1.0,0.7901044509706739,15.808596880737111
73,62,1.0,-1.0,-0.13901276611172686,15.192669251437675
73,63,1.0,1.0,1.4367047881396342,12.896361677043098
73,64,-1.0,1.0,0.4387253543773454,16.111904387711117
73,65,-1.0,1.0,0.25581115961247103,14.294972190195821
73,66,-1.0,1.0,1.45044033143686,15.812327353298642
73,67,-1.0,1.0,0.8454614007858114,15.060907885262393
73,68,-1.0,-1.0,-0.034245614549820724,14.23363409154679
73,69,-1.0,-1.0,-0.2650583469331189,14.059145667250032
73,70,-1.0,1.0,0.28113690425435844,12.817950779666011
73,71,-1.0,-1.0,-0.48749442642918966,13.952756917687434
73,72,-1.0,1.0,0.07376335707223611,13.908194152008422
73,73,-1.0,1.0,0.7545418818741715,15.56325544695075
73,74,-1.0,1.0,0.6928719918214016,15.360316419675783
73,75,-1.0,-1.0,-0.4224583844061496,12.451757674988302
73,76,-1.0,1.0,0.15572530013948688,14.46600839489299
73,77,-1.0,-1.0,-0.3718464220194273,10.88656172256939
73,78,-1.0,1.0,0.05542182378804136,16.61997525381494
73,79,-1.0,1.0,0.16458861417751186,15.40648684755999
73,80,-1.0,1.0,0.511344600549318,13.491307450034293
73,81,-1.0,1.0,0.016072734028758126,14.391926662042993
73,82,-1.0,1.0,1.1157149276993779,18.714941416779013
73,83,-1.0,1.0,0.8073119161444847,18.20733159758231
73,84,-1.0,1.0,0.6133591931142639,13.090218512883643
73,85,-1.0,-1.0,-0.4849823582199785,12.997216779945097
73,86,-1.0,-1.0,-0.2114529196920515,15.02928534995263
73,87,-1.0,1.0,0.8479399065875353,16.320614363452346
73,88,-1.0,1.0,0.7506657343978844,15.040023116208634
73,89,-1.0,1.0,1.494021695724207,13.62376757064583
73,90,-1.0,-1.0,-0.2022292822623619,14.159600321289345
73,91,-1.0,1.0,0.9739967077711393,17.78526506727196
73,92,-1.0,1.0,1.7383687704557207,15.657742952292912
73,93,-1.0,1.0,1.8418647226897582,14.247551757654845
73,94,-1.0,1.0,0.8620979084760647,16.757983868717666
73,95,-1.0,-1.0,-0.8427724964439967,15.642800778839211
73,96,-1.0,1.0,0.41255709984324146,14.732349175380499
73,97,-1.0,1.0,0.7394939388821902,13.739095259530044
73,98,-1.0,1.0,0.46672616110840864,12.267080808428
73,99,-1.0,-1.0,-0.45453982256218955,11.974720491812924
73,100,-1.0,1.0,1.4158849749354516,14.606957553274775
73,101,-1.0,1.0,0.01023880690478729,17.39852280243241
73,102,-1.0,-1.0,-1.0764871509338407,14.019560346684782
73,103,-1.0,-1.0,-0.29324173139780496,16.007884734862426
73,104,-1.0,1.0,0.9615108382896134,18.130017484987473
73,105,-1.0,-1.0,-0.6937707066824403,12.739506722030267
73,106,-1.0,1.0,1.1786260982296823,17.735461104555718
73,107,-1.0,-1.0,-0.05100221305593511,17.82608323365524
73,108,-1.0,-1.0,-0.675991265117619,14.17553391618232
73,109,-1.0,1.0,0.9231482708994577,18.0954202204479
73,110,-1.0,1.0,0.16971132425346264,14.534764630720385
73,111,-1.0,-1.0,-0.2991331366687569,14.460844789291425
73,112,-1.0,1.0,0.7903985503521875,18.87811451318352
73,113,-1.0,1.0,1.8439961398808233,15.183691265394998
73,114,-1.0,-1.0,-0.29129057829957994,12.865125411320143
73,115,-1.0,-1.0,-0.2595162305723274,13.112366942145004
73,116,-1.0,1.0,0.22676875356897946,15.381652809670262
73,117,-1.0,1.0,0.3243957895866485,14.547301165746672
73,118,-1.0,1.0,0.7856529673311289,14.990802776995464
73,119,-1.0,1.0,0.5878394166377303,16.902271955580673
73,120,-1.0,1.0,0.35678481302403264,16.73636355951146
73,121,-1.0,1.0,0.24904866554869526,13.859970369063703
73,122,-1.0,1.0,0.29861248638238314,15.53967315496849
73,123,-1.0,-1.0,-0.36177595652040495,12.998985726174755
73,124,-1.0,-1.0,-0.6479978280529627,15.786577737193133
73,125,-1.0,1.0,0.10236249757296945,11.127513752249875
73,126,-1.0,-1.0,-0.37985433684028175,13.564374602964701
73,127,-1.0,-1.0,-0.32640905903768447,15.371848865623921
74,0,1.0,-1.0,-0.5406434702592153,14.23450557672013
74,1,1.0,-1.0,-0.5114678861259268,16.664336870738463
74,2,1.0,1.0,0.1449637609002705,18.04517642322491
74,3,1.0,-1.0,-0.5139323752916518,14.557603440166211
74,4,1.0,1.0,0.7853856750958303,14.871004307825668
74,5,1.0,-1.0,-0.22065339022779412,12.482149266696338
74,6,1.0,1.0,0.28663970330708727,13.866139861271963
74,7,1.0,-1.0,-0.3926829699673533,16.285335773170583
74,8,1.0,-1.0,-0.37436028209470956,16.14392026015177
74,9,1.0,1.0,0.7868013286072819,13.973112536676615
74,10,1.0,1.0,0.41109132784819113,13.916102375378465
74,11,1.0,1.0,0.5022173431452636,17.80592755792047
74,12,1.0,1.0,0.3753307465405378,14.995062143921563
74,13,1.0,-1.0,-0.30756120994388153,18.660813409241193
74,14,1.0,1.0,0.25593477856170077,15.354072921425702
74,15,1.0,-1.0,-0.5839930110346249,15.630681464765743
74,16,1.0,-1.0,-0.09059924067983736,14.039939534724486
74,17,1.0,-1.0,-0.8657294910654124,17.983787164676936
74,18,1.0,1.0,0.24988685824969203,14.606920657719401
74,19,1.0,-1.0,-0.5032077956400994,14.283328956106017
74,20,1.0,-1.0,-0.7768625579429871,16.088468338974813
74,21,1.0,-1.0,-0.6618535971918336,13.913095008382928
74,22,1.0,1.0,0.6990010099895725,16.317218409159285
74,23,1.0,-1.0,-0.6201349483323312,11.687704644149507
74,24,1.0,-1.0,-0.02031200238839337,16.239228087092943
74,25,1.0,-1.0,-0.37614120750116564,17.32413769702401
74,26,1.0,1.0,0.34541775899273586,13.14015061163662
74,27,1.0,1.0,0.5030575453235866,13.081736992486187
74,28,1.0,-1.0,-0.022864416161310352,17.37627803216965
74,29,1.0,-1.0,-0.5117938226247918,15.519001170188796
74,30,1.0,-1.0,-0.06724905994919249,12.176956171114124
74,31,1.0,1.0,0.16230378776880564,14.944537691582378
74,32,1.0,1.0,0.003832720587391758,17.43825386040358
74,33,1.0,-1.0,-1.0494995803790537,12.78970084725643
74,34,1.0,1.0,0.464054163685909,15.62948670528097
74,35,1.0,-1.0,-0.4906823992206522,17.666127869697245
74,36,1.0,-1.0,-0.4373988310084193,14.164322393268005
74,37,1.0,-1.0,-0.09316801157503896,17.08073208208808
74,38,1.0,-1.0,-0.17374393628675322,15.615924987684611
74,39,1.0,1.0,0.3711981557465936,15.947907054520412
74,40,1.0,1.0,0.0038496969179651064,16.160974759427685
74,41,1.0,1.0,0.39186129535907155,10.821650244256166
74,42,1.0,-1.0,-0.24301332203355785,16.03524387731569
74,43,1.0,-1.0,-0.41875917590695017,17.502964490644395
74,44,1.0,-1.0,-0.9006774354148815,12.834732628409737
74,45,1.0,1.0,0.42966476332849124,14.401103146274377
74,46,1.0,-1.0,-0.07170230869405061,12.167616073000303
74,47,1.0,-1.0,-0.8281531139254921,16.540440514513325
74,48,1.0,-1.0,-0.45142052218640527,14.242280923930634
74,49,1.0,-1.0,-0.19704737512256015,17.289808061038382
74,50,1.0,1.0,0.17702187651902446,14.986986801512321
74,51,1.0,1.0,0.19054622164266405,15.664591275060813
74,52,1.0,1.0,0.6673355077448223,15.864090913769454
74,53,1.0,1.0,0.5673363346950019,14.072745215136901
74,54,1.0,1.0,0.3220344594325925,13.463664606558677
74,55,1.0,-1.0,-0.2926404651739323,15.261696978195713
74,56,1.0,-1.0,-0.4533664131289828,16.228400492521995
74,57,1.0,1.0,0.45089143130573883,16.061460225199543
74,58,1.0,1.0,0.0608178314207351,13.102975429266204
74,59,1.0,1.0,0.24668177679656694,15.597357857313211
74,60,1.0,1.0,0.07961767039380971,14.91266997309032
74,61,1.0,1.0,0.3899567888906973,14.354535069483111
74,62,1.0,-1.0,-1.2613744735747525,18.894802547745233
74,63,1.0,-1.0,-0.19388114329536815,15.171794523647925
74,64,-1.0,-1.0,-0.43182942318196893,18.707556873171644
74,65,-1.0,1.0,0.24709963532530793,11.09007193418086
74,66,-1.0,1.0,0.1406750888194398,14.609137574382324
74,67,-1.0,1.0,0.48340099264140346,16.3831508537698
74,68,-1.0,1.0,1.6629841743209746,15.501290406013824
74,69,-1.0,1.0,0.43587018692419266,14.515661240412571
74,70,-1.0,1.0,0.8795666477341042,14.12538780063263
74,71,-1.0,1.0,0.08385721710157344,12.452426242292397
74,72,-1.0,1.0,0.39115168046496185,16.369086683469128
74,73,-1.0,1.0,1.5118311807213585,16.54597727758991
74,74,-1.0,1.0,0.1669443352039042,12.6795594943079
74,75,-1.0,1.0,0.3776849171707705,12.08215803061233
74,76,-1.0,-1.0,-0.006346416873587321,12.629618429438523
74,77,-1.0,1.0,0.7999066384138003,18.436741288996604
74,78,-1.0,1.0,0.07425130438194909,16.00277131006077
74,79,-1.0,1.0,0.5158065889035418,14.063501439720051
74,80,-1.0,1.0,0.5723911486894,11.871070484805045
74,81,-1.0,1.0,0.7231222208873763,15.246811922126163
74,82,-1.0,1.0,0.2172281957182337,14.796538420068764
74,83,-1.0,1.0,0.18231829086639947,12.522958688129007
74,84,-1.0,1.0,0.10491483126682793,15.774325439935996
74,85,-1.0,-1.0,-0.036803495506662474,11.670774815580824
74,86,-1.0,-1.0,-0.10045004052139261,12.724081570750213
74,87,-1.0,1.0,0.662344862306802,14.737293027475719
74,88,-1.0,1.0,1.1694625792823556,16.77268842649606
74,89,-1.0,1.0,0.3521461005254713,17.926992919223615
74,90,-1.0,-1.0,-0.43949980344533296,15.208417938648232
74,91,-1.0,-1.0,-0.25613090706526975,12.733262337761875
74,92,-1.0,1.0,0.5424947405748107,15.916246913432984
74,93,-1.0,1.0,0.17188173562280562,15.434182469183202
74,94,-1.0,-1.0,-0.32164923356584296,16.5814176095525
74,95,-1.0,1.0,1.0609379153788545,17.883388197927417
74,96,-1.0,-1.0,-0.57035373871533,15.97376272402177
74,97,-1.0,-1.0,-0.38464361390645907,16.131456228490546
74,98,-1.0,-1.0,-0.11979946737967473,14.38464135675414
74,99,-1.0,-1.0,-0.09202103684333404,17.247444789931325
74,100,-1.0,-1.0,-0.14958983489648597,14.393058985345135
74,101,-1.0,1.0,0.6775312613671456,17.39576448878583
74,102,-1.0,-1.0,-0.004437388082738358,13.92361317199606
74,103,-1.0,1.0,1.2290849514520474,12.981429594152743
74,104,-1.0,1.0,0.8680161966730648,13.932178508198291
74,105,-1.0,-1.0,-0.12466615536983347,15.9426205429161
74,106,-1.0,-1.0,-0.22048461198670483,15.049649880714231
74,107,-1.0,-1.0,-0.2031423094983953,14.291585414058824
74,108,-1.0,-1.0,-0.6084887092759506,16.55850971118819
74,109,-1.0,-1.0,-0.24993164398836218,14.257691104836269
74,110,-1.0,-1.0,-0.46175160746460275,15.713197352188946
74,111,-1.0,-1.0,-0.3417454886946177,16.249979287179066
74,112,-1.0,1.0,0.4490075240961823,11.841498107606256
74,113,-1.0,-1.0,-0.07960544713892206,12.74803041180582
74,114,-1.0,1.0,0.3834170861084684,18.30093507866301
74,115,-1.0,1.0,0.20433347161719226,14.717559808565099
74,116,-1.0,-1.0,-0.0720001346353318,13.121770965221865
74,117,-1.0,1.0,0.21666676753385702,19.086565818848218
74,118,-1.0,1.0,0.05259019041093696,18.7112839655881
74,119,-1.0,1.0,0.7165383078410812,12.766928091156863
74,120,-1.0,1.0,0.6801660664104077,15.802472596626773
74,121,-1.0,1.0,0.29295631812564743,18.148390771445225
74,122,-1.0,1.0,0.3597295223950367,16.63603395762991
74,123,-1.0,-1.0,-0.5648366382888128,14.234394925416046
74,124,-1.0,-1.0,-0.38624338531126434,18.006144661092474
74,125,-1.0,-1.0,-0.12884736766337204,10.865645292360766
74,126,-1.0,1.0,0.8575180231308218,15.914901100818305
74,127,-1.0,1.0,0.9245648432654302,14.95853211242225
75,0,1.0,1.0,0.819924053971393,14.112109898283382
75,1,1.0,1.0,0.8169681620503961,16.38475321810754
75,2,1.0,-1.0,-1.5485379983573517,17.55514015501695
75,3,1.0,1.0,0.7460911728737785,15.82321002169832
75,4,1.0,-1.0,-0.1815280135233049,14.364735365539374
75,5,1.0,-1.0,-0.5384088077454972,13.715158480954116
75,6,1.0,1.0,0.7197988059427272,13.442575084752315
75,7,1.0,1.0,0.2577163224096053,15.05055964658267
75,8,1.0,-1.0,-1.2654058029477744,13.858392912776784
75,9,1.0,-1.0,-1.3775580654065558,12.886116496889858
75,10,1.0,1.0,0.7462371925842435,16.387703604863336
75,11,1.0,1.0,0.0066828308451774565,13.884270900981898
75,12,1.0,-1.0,-0.07564670969364057,12.619537348941767
75,13,1.0,1.0,1.0182349784815363,13.488995722597299
75,14,1.0,1.0,0.66238625864858,13.082922434865603
75,15,1.0,-1.0,-0.4419947859861954,17.119704959635754
75,16,1.0,-1.0,-0.37116938451589987,13.032926135425846
75,17,1.0,-1.0,-1.1631146020979009,14.52249524371638
75,18,1.0,-1.0,-1.7265359546143513,17.362286241766295
75,19,1.0,1.0,0.3940940123346379,19.060794112726875
75,20,1.0,-1.0,-1.475139714986916,15.567186952013406
75,21,1.0,1.0,0.3692212022588133,16.55240572990477
75,22,1.0,1.0,0.7774172028650799,18.721600575557307
75,23,1.0,-1.0,-0.2723875848299177,18.167300774173018
75,24,1.0,1.0,0.46453817777941037,14.237636088174973
75,25,1.0,-1.0,-0.8422676708942298,16.985591141802185
75,26,1.0,1.0,0.8928963453545411,17.395070418813994
75,27,1.0,1.0,0.43302829765745404,15.168025307623367
75,28,1.0,-1.0,-0.3086447145958534,18.624891178010653
75,29,1.0,-1.0,-1.31564770467066,16.23070476946732
75,30,1.0,-1.0,-0.544390933405479,15.507770908561117
75,31,1.0,1.0,0.4123805313648575,15.446668187027502
75,32,1.0,1.0,0.14423808765377738,17.349403739280923
75,33,1.0,-1.0,-0.0904081916546142,11.62630889720021
75,34,1.0,1.0,0.08223476970908904,14.10363498501706
75,35,1.0,1.0,0.8979225093128314,14.165692267378677
75,36,1.0,1.0,0.3441546626250258,18.609386221543264
75,37,1.0,1.0,0.7132347963207362,13.291849264090187
75,38,1.0,1.0,0.5233924439668032,15.012789070615996
75,39,1.0,1.0,0.6648944995355162,17.07613765804496
75,40,1.0,1.0,0.08245075656652424,12.924239728843764
75,41,1.0,-1.0,-0.3277504816924438,17.721929964391627
75,42,1.0,1.0,0.8168470754342417,12.979914167451609
75,43,1.0,1.0,0.5883416024701402,18.114064068049405
75,44,1.0,-1.0,-0.2708040644662631,14.839306995451135
75,45,1.0,-1.0,-1.4536807354701784,16.115137994243995
75,46,1.0,1.0,0.6904689748696332,14.204512761661958
75,47,1.0,1.0,0.7947116448265017,18.526927812470802
75,48,1.0,1.0,0.43685333741174054,13.71562063951261
75,49,1.0,1.0,0.11981802093523733,16.488017640608962
75,50,1.0,1.0,0.022338100498933727,18.73690736667177
75,51,1.0,1.0,0.3261881170934155,15.465130888793105
75,52,1.0,-1.0,-0.14479124213702188,15.105206098790552
75,53,1.0,1.0,0.2296118043140331,15.765688508761995
75,54,1.0,1.0,0.44481031010424305,13.898777736358594
75,55,1.0,1.0,0.8944990037371647,14.809585651667655
75,56,1.0,1.0,0.7685244259701877,14.541519241811095
75,57,1.0,-1.0,-1.3758603968165908,16.127385659356257
75,58,1.0,-1.0,-0.07392803301258577,17.184217461293
75,59,1.0,-1.0,-2.2256346846454296,13.962404409564476
75,60,1.0,-1.0,-0.7232745028433135,14.870038309232234
75,61,1.0,-1.0,-0.10818401603626568,18.273613620684646
75,62,1.0,-1.0,-0.04263259964679076,10.675723391419806
75,63,1.0,-1.0,-0.26166596985838697,11.60197250284448
75,64,-1.0,-1.0,-0.3269465062987217,13.460018883910719
75,65,-1.0,1.0,0.053485337008321504,13.935348319383056
75,66,-1.0,-1.0,-1.3887708403868706,13.364817864318768
75,67,-1.0,1.0,0.764240653041602,17.482374263475023
75,68,-1.0,1.0,0.7981670951868093,16.466681926978374
75,69,-1.0,1.0,0.9796141360976726,13.319428867919692
75,70,-1.0,-1.0,-0.2938732032498005,13.593704286059623
75,71,-1.0,1.0,0.01929921053260937,14.62693791646869
75,72,-1.0,-1.0,-1.5624462367051413,15.036007780761185
75,73,-1.0,1.0,1.4203077905747181,16.58241820345467
75,74,-1.0,1.0,0.518059716879325,18.927104947417142
75,75,-1.0,-1.0,-0.4039363327386755,11.791795253894948
75,76,-1.0,-1.0,-0.026952679722652848,14.74761581339815
75,77,-1.0,1.0,0.2818538364037886,14.266513719318622
75,78,-1.0,-1.0,-0.7992317055981031,12.005752309433413
75,79,-1.0,1.0,0.9526083608606797,13.47709650325592
75,80,-1.0,1.0,0.25368855109363697,16.71668166155619
75,81,-1.0,1.0,0.8874506113870984,12.989732490439554
75,82,-1.0,1.0,1.011513278947823,13.88049358464044
75,83,-1.0,1.0,1.0103620496193528,16.392039796689616
75,84,-1.0,1.0,1.8525970675934234,16.286762032422256
75,85,-1.0,1.0,1.322478770215367,15.379256964485334
75,86,-1.0,-1.0,-1.0060485104912775,15.632715422317645
75,87,-1.0,1.0,0.057668747739453984,13.016357684156091
75,88,-1.0,1.0,0.5285028008491068,15.511361952811233
75,89,-1.0,1.0,0.6584523584121917,17.082460076095508
75,90,-1.0,-1.0,-0.712381264038958,15.921133326313806
75,91,-1.0,1.0,1.0361899319945,15.427198022264207
75,92,-1.0,-1.0,-0.7197051126641959,14.278649752646883
75,93,-1.0,1.0,1.2698690071065568,18.292936563645675
75,94,-1.0,1.0,0.5404414728746746,15.226176570347642
75,95,-1.0,1.0,2.1397676037666002,15.468128375761488
75,96,-1.0,1.0,1.0594410238037226,14.429871779074547
75,97,-1.0,1.0,0.9801237438568557,15.810040467930468
75,98,-1.0,-1.0,-0.11964441570238488,13.728843808409643
75,99,-1.0,-1.0,-1.6239904371628877,15.204081748333506
75,100,-1.0,1.0,0.4478638937715282,18.32933367945418
75,101,-1.0,1.0,0.5278719632278511,18.27598394777621
75,102,-1.0,1.0,0.6856892052946331,17.384143051301923
75,103,-1.0,1.0,0.47897236513922337,16.994649274644463
75,104,-1.0,-1.0,-1.0909065154873203,14.438278573740737
75,105,-1.0,1.0,0.6086062089528976,13.166779756619347
75,106,-1.0,1.0,0.003387397369196868,14.6550681351005
75,107,-1.0,1.0,0.9419632228717749,15.634956986298828
75,108,-1.0,-1.0,-1.2379923629777476,14.92208890931621
75,109,-1.0,1.0,1.5661114379110235,18.29137482374129
75,110,-1.0,-1.0,-0.24425413608807756,13.958129181867209
75,111,-1.0,1.0,0.0326245858443298,17.30469872546784
75,112,-1.0,1.0,1.5255955765228986,17.440894162356223
75,113,-1.0,-1.0,-0.7226446787694084,14.381578773679975
75,114,-1.0,-1.0,-0.38128412262627986,15.214124727906817
75,115,-1.0,1.0,0.34879389923501414,16.0228543680158
75,116,-1.0,-1.0,-1.2990557063238943,15.369433429322468
75,117,-1.0,1.0,0.1713437336898051,15.422326305529221
75,118,-1.0,-1.0,-0.4349998064149454,14.001786055021475
75,119,-1.0,-1.0,-0.6193176248014378,14.809886748699855
75,120,-1.0,-1.0,-0.338613005046729,17.977378213656035
75,121,-1.0,1.0,0.6510821076547109,12.362791100530806
75,122,-1.0,1.0,0.8714741080273334,16.610861273620948
75,123,-1.0,-1.0,-0.5524934860622992,12.335324795780148
75,124,-1.0,1.0,0.5946551339204711,12.875836792865817
75,125,-1.0,-1.0,-1.2105275600119338,16.82396931389499
75,126,-1.0,-1.0,-1.264276468926515,16.70642660099364
75,127,-1.0,1.0,1.40487031045677,11.319835381700434
76,0,1.0,-1.0,-0.49777061189595406,16.699401297498774
76,1,1.0,-1.0,-0.08385713494142477,12.52579993749797
76,2,1.0,-1.0,-1.2119658497632897,13.387516599182762
76,3,1.0,-1.0,-1.6834181570719238,15.14255746147246
76,4,1.0,-1.0,-1.2148825422928848,17.010985472320325
76,5,1.0,-1.0,-1.0009666774957877,14.147561489559989
76,6,1.0,1.0,0.211103817304631,13.064140250015955
76,7,1.0,-1.0,-0.9721647577331421,17.29010232406361
76,8,1.0,-1.0,-0.5527459651401342,13.525312711384561
76,9,1.0,-1.0,-0.639213964118939,14.20779097758368
76,10,1.0,-1.0,-0.9555495913288591,14.166425753744802
76,11,1.0,1.0,0.07562460636402779,15.000421813560463
76,12,1.0,1.0,0.055367704119812164,10.368009384767682
76,13,1.0,-1.0,-0.001756771765050541,14.426783943876783
76,14,1.0,-1.0,-1.1961409778458199,16.748963816103053
76,15,1.0,-1.0,-0.29999853503236296,15.97862776344549
76,16,1.0,-1.0,-0.4197600584742403,14.98234346061933
76,17,1.0,-1.0,-0.2817735833372628,15.629966837396369
76,18,1.0,-1.0,-0.24641587454314717,16.43422617265115
76,19,1.0,1.0,0.2912626133568291,14.83900399493834
76,20,1.0,-1.0,-1.3778360598242239,15.09911539686878
76,21,1.0,1.0,0.15933709993973078,15.1929404073896
76,22,1.0,-1.0,-0.3323674978750593,13.98373168599737
76,23,1.0,-1.0,-0.9345905007606828,16.437949352953943
76,24,1.0,-1.0,-0.02072570454038976,14.141331813566012
76,25,1.0,-1.0,-0.8820467558881798,16.06550024228077
76,26,1.0,-1.0,-0.2244262451129898,14.023449217525615
76,27,1.0,-1.0,-0.6714525092246504,17.400714783756
76,28,1.0,-1.0,-0.16122732248577065,13.32559335859053
76,29,1.0,-1.0,-0.7591993193919959,16.596035461003048
76,30,1.0,-1.0,-0.1407599748876921,12.82755960068085
76,31,1.0,-1.0,-1.7900241231483371,14.797028360975462
76,32,1.0,-1.0,-0.06405111101516937,13.641234187149806
76,33,1.0,-1.0,-0.3185442930043079,15.393171127734155
76,34,1.0,1.0,0.040377891355007425,15.989619733834019
76,35,1.0,-1.0,-0.7097798596930878,12.904013087313826
76,36,1.0,1.0,0.14942277333149867,11.56285591894665
76,37,1.0,-1.0,-0.41517739845942236,13.925822858879247
76,38,1.0,-1.0,-0.4071814221609099,17.34028447333403
76,39,1.0,-1.0,-0.580467015439116,17.474878751504555
76,40,1.0,1.0,0.17518470239361497,14.860225879372926
76,41,1.0,-1.0,-0.25310252328128324,13.777519489292581
76,42,1.0,-1.0,-1.309782866920334,18.16698883809024
76,43,1.0,-1.0,-0.32917688341147466,15.605740831280299
76,44,1.0,-1.0,-0.5193160414073699,11.515119364423963
76,45,1.0,-1.0,-0.4049692243750032,17.49677459616583
76,46,1.0,-1.0,-1.319447872498607,16.238869800269566
76,47,1.0,-1.0,-0.9061385742610064,18.56668147352429
76,48,1.0,-1.0,-0.6401424264001334,17.709316114776435
76,49,1.0,-1.0,-0.43553997581966736,15.918975834135551
76,50,1.0,-1.0,-0.7093486890187133,13.152854501480936
76,51,1.0,1.0,0.1509121188843932,13.55630815668292
76,52,1.0,1.0,0.08512540066872623,13.381591119159424
76,53,1.0,-1.0,-0.44330203445289884,15.997464162666985
76,54,1.0,-1.0,-0.32793130045180624,16.943861837893106
76,55,1.0,-1.0,-0.6967817822033273,14.758882888128827
76,56,1.0,1.0,0.11142250708699318,16.25145564263051
76,57,1.0,1.0,0.10410216004961596,14.170268360234667
76,58,1.0,-1.0,-1.145199867063814,14.900506200127028
76,59,1.0,-1.0,-0.0358130837746724,13.776932258161022
76,60,1.0,-1.0,-0.7788656812797805,15.865855965560982
76,61,1.0,-1.0,-0.5068627104442452,17.092188260297743
76,62,1.0,-1.0,-0.9555577227669156,16.449072744781798
76,63,1.0,1.0,0.18294581926317174,11.97244922832904
76,64,-1.0,-1.0,-0.1978087329008064,14.175869207176122
76,65,-1.0,-1.0,-0.1850172726968627,15.27640203031366
76,66,-1.0,1.0,0.05128884424656732,13.20418661781689
76,67,-1.0,-1.0,-0.9159289543069639,14.861558016801398
76,68,-1.0,1.0,0.7744594031944936,12.906904605488526
76,69,-1.0,-1.0,-0.15915428807314413,12.968831447269663
76,70,-1.0,1.0,0.4609366025740006,12.60827656638482
76,71,-1.0,-1.0,-0.05658267878106961,16.79054306718435
76,72,-1.0,1.0,0.333833267550845,13.967885121225233
76,73,-1.0,-1.0,-0.01433530429422962,14.864233378325709
76,74,-1.0,-1.0,-0.8895790647914771,14.835600411707043
76,75,-1.0,1.0,0.5364785415425195,13.769728093115106
76,76,-1.0,-1.0,-0.8232427525807355,16.239073367813855
76,77,-1.0,1.0,0.5563839688510333,15.381689192182192
76,78,-1.0,-1.0,-0.052683207594179604,14.026158377520746
76,79,-1.0,-1.0,-0.2940174202764728,18.719542577747827
76,80,-1.0,1.0,0.7944701972764124,11.772850522467188
76,81,-1.0,-1.0,-0.6514368094830885,14.638781025776485
76,82,-1.0,1.0,0.9665168959125575,14.285947181323563
76,83,-1.0,-1.0,-1.4476908882186916,17.821868414248467
76,84,-1.0,1.0,0.08633576032584536,16.99400061426804
76,85,-1.0,1.0,0.4671554167994054,16.28960809780274
76,86,-1.0,1.0,0.727224568246731,17.55160296166887
76,87,-1.0,1.0,0.6696966928239616,14.186748552692565
76,88,-1.0,1.0,0.025886337542518664,16.426037143872747
76,89,-1.0,1.0,0.9608031416853161,16.75526165122032
76,90,-1.0,-1.0,-1.0708034692113573,18.356605324993673
76,91,-1.0,1.0,0.38406772757047963,14.763329867383792
76,92,-1.0,1.0,0.5450637160543716,14.022966406795993
76,93,-1.0,1.0,0.13315343497631327,18.368161383840263
76,94,-1.0,-1.0,-0.169211583281333,14.367777874989653
76,95,-1.0,1.0,0.4504232200972643,16.330428700096412
76,96,-1.0,-1.0,-0.09452367759344912,13.859581467987244
76,97,-1.0,1.0,0.04888603848476522,14.179848639422007
76,98,-1.0,1.0,0.23449328583697082,15.866821525311275
76,99,-1.0,1.0,0.12589281630261218,14.454156466041297
76,100,-1.0,1.0,0.10492346023378746,12.628159908307579
76,101,-1.0,-1.0,-0.5929969928205135,17.960222622772402
76,102,-1.0,1.0,0.7247118115614691,15.450815150779073
76,103,-1.0,1.0,0.6516109455986543,14.309080177882764
76,104,-1.0,1.0,0.7391629304533587,16.12249082727421
76,105,-1.0,1.0,0.6470210356587268,14.54649195456003
76,106,-1.0,-1.0,-0.1296915795483396,17.82894072554606
76,107,-1.0,1.0,0.32763970064776304,14.785693717909068
76,108,-1.0,1.0,0.536249215169782,15.941147056444493
76,109,-1.0,1.0,0.5031159936328605,17.57940735236857
76,110,-1.0,-1.0,-0.28286770348545354,15.22743912776685
76,111,-1.0,-1.0,-1.0730325109034982,17.21311843699365
76,112,-1.0,1.0,0.35507029323535777,12.76261250843604
76,113,-1.0,1.0,0.5467089957150123,14.821853223559794
76,114,-1.0,1.0,0.4250058364796069,13.99470928955079
76,115,-1.0,-1.0,-0.760620932244797,17.794396480173454
76,116,-1.0,1.0,0.42826788131974114,18.238744296300926
76,117,-1.0,1.0,0.5448757301315561,11.932719818338976
76,118,-1.0,1.0,0.2789566135285786,16.007587789005672
76,119,-1.0,1.0,0.38121031089948687,15.112259549962173
76,120,-1.0,-1.0,-0.14682872527862662,14.841593700042145
76,121,-1.0,1.0,0.9930505167205861,14.204485173589116
76,122,-1.0,1.0,0.12114053889277968,18.067864313678555
76,123,-1.0,-1.0,-0.7413560032162307,16.412634910619136
76,124,-1.0,1.0,1.361764402635069,16.6537008965947
76,125,-1.0,1.0,0.5340926254741046,14.57640223030844
76,126,-1.0,1.0,0.45502732864705914,17.996551907960363
76,127,-1.0,-1.0,-0.41795825118097246,15.072326752070909
77,0,1.0,1.0,0.004157240004594512,15.141478901187325
77,1,1.0,1.0,0.18454553702191978,13.211892970682996
77,2,1.0,-1.0,-1.0785727966367964,17.961007973977708
77,3,1.0,1.0,0.3889617382863433,17.325396172879305
77,4,1.0,-1.0,-1.0413848529448146,16.324196064728845
77,5,1.0,-1.0,-0.45805582932285405,17.39712030478915
77,6,1.0,-1.0,-0.2807556590305296,14.969918095263132
77,7,1.0,-1.0,-0.08015479398235138,14.384730870367763
77,8,1.0,-1.0,-0.9389620025116221,12.838794809247402
77,9,1.0,-1.0,-1.0632951249404379,17.75964821420859
77,10,1.0,-1.0,-1.225508785235354,15.990457655360592
77,11,1.0,-1.0,-1.0354127759773466,16.029880129204045
77,12,1.0,-1.0,-0.5549614076704765,16.276013497292727
77,13,1.0,1.0,0.09716091936036436,14.12893047852893
77,14,1.0,1.0,0.566644851104838,14.134863137027232
77,15,1.0,-1.0,-0.38684723638593205,17.037524364937465
77,16,1.0,1.0,0.5468517633156851,12.939653187401944
77,17,1.0,-1.0,-0.21172446619043353,14.549265290393254
77,18,1.0,1.0,0.4315884735605202,14.0612908797011
77,19,1.0,-1.0,-0.8063554516611856,17.191425336332728
77,20,1.0,-1.0,-0.8100372493069072,15.880352054620364
77,21,1.0,-1.0,-0.12396599358511276,15.037998197332882
77,22,1.0,-1.0,-0.019173923524911082,13.84702770508479
77,23,1.0,-1.0,-0.5417202513631103,17.68435372358197
77,24,1.0,-1.0,-0.9597511602135345,15.668848945068579
77,25,1.0,-1.0,-0.708603753542275,14.293545625846269
77,26,1.0,1.0,0.4965062579896372,11.338248098678742
77,27,1.0,-1.0,-0.738205727200356,15.384575520443088
77,28,1.0,-1.0,-0.3736269628850767,12.975185172089473
77,29,1.0,1.0,0.06881358443567447,15.26877520784478
77,30,1.0,1.0,0.5961236506393209,14.318388267249045
77,31,1.0,1.0,0.5085028700491186,13.609766396063847
77,32,1.0,-1.0,-1.4865389559120332,17.153605301199434
77,33,1.0,-1.0,-1.1937789982146476,17.65980638740467
77,34,1.0,1.0,0.6529592246928938,13.083958881309133
77,35,1.0,1.0,0.4319344416183276,14.675506261937795
77,36,1.0,1.0,0.16503756194856967,16.920426471767538
77,37,1.0,-1.0,-0.08047536714191823,16.085739280889975
77,38,1.0,-1.0,-1.4601283732391972,13.444775634743046
77,39,1.0,-1.0,-1.6947805117031136,16.44879697395433
77,40,1.0,1.0,0.29844266118748053,13.732483849077868
77,41,1.0,1.0,0.12972319991165834,17.091864948628075
77,42,1.0,-1.0,-0.7075566945566412,14.510686013852798
77,43,1.0,1.0,0.5185632948655604,14.748379453905834
77,44,1.0,1.0,0.28979940123460873,14.262857953010164
77,45,1.0,-1.0,-0.5779306297222985,14.246895012066563
77,46,1.0,-1.0,-0.2803148611233737,17.544006838115628
77,47,1.0,-1.0,-0.710651999675553,12.214747705515114
77,48,1.0,-1.0,-0.040876450783605384,15.685350329898965
77,49,1.0,-1.0,-0.5841509525500034,15.048862031841868
77,50,1.0,-1.0,-0.6596886834486064,16.472223994931117
77,51,1.0,-1.0,-0.7938234457827709,11.533431378388983
77,52,1.0,-1.0,-0.6913994453594309,12.202562611514841
77,53,1.0,1.0,0.4382281984687452,12.325302411645712
77,54,1.0,1.0,0.25940707464081836,13.956184894823394
77,55,1.0,-1.0,-0.7426151650317127,18.079161603127826
77,56,1.0,-1.0,-1.7250999467089065,17.122127928991926
77,57,1.0,1.0,0.13446765883012388,15.434972119811194
77,58,1.0,1.0,0.16291912637801156,13.37301921991188
77,59,1.0,-1.0,-0.5220025104234887,15.135381300981491
77,60,1.0,-1.0,-1.6933024222076987,15.250724251310716
77,61,1.0,1.0,0.38820788917169274,12.827469293143304
77,62,1.0,-1.0,-0.8252609672789074,17.963086553860204
77,63,1.0,-1.0,-0.03815981054144857,15.153448797475171
77,64,-1.0,-1.0,-0.9135607884286783,14.644507512611728
77,65,-1.0,1.0,0.8455519998626534,11.944722144932213
77,66,-1.0,-1.0,-0.11468164600556816,14.931472401284427
77,67,-1.0,1.0,1.4212772822045339,12.309774357383716
77,68,-1.0,1.0,0.4483382634330193,15.15798422733869
77,69,-1.0,-1.0,-0.551137516408001,14.532416025473118
77,70,-1.0,-1.0,-0.5908466834078457,14.667626288306279
77,71,-1.0,-1.0,-0.4373782449040189,15.62010326676266
77,72,-1.0,-1.0,-0.6635047340800995,12.946229682531726
77,73,-1.0,-1.0,-0.8412977978000633,15.528713244142429
77,74,-1.0,-1.0,-0.25230654705542527,14.346569234315702
77,75,-1.0,1.0,0.5203346496160284,17.266956115430805
77,76,-1.0,-1.0,-0.2453595474021713,15.344196467781718
77,77,-1.0,1.0,0.327491478873509,14.964832156517478
77,78,-1.0,1.0,0.739388693877506,14.891976773795307
77,79,-1.0,-1.0,-0.29650007524873023,17.38374521206111
77,80,-1.0,-1.0,-0.7655974949170146,15.762918732344154
77,81,-1.0,-1.0,-0.11070494603441453,13.081029733381262
77,82,-1.0,1.0,0.9191956980194633,15.524521721072187
77,83,-1.0,1.0,1.0478882523686877,13.560466005360507
77,84,-1.0,-1.0,-0.4639428457898759,14.507507041208259
77,85,-1.0,1.0,1.5529310193222647,16.324589626579446
77,86,-1.0,1.0,0.9568339691576994,14.649061645116689
77,87,-1.0,1.0,0.9058936398385956,17.533960110125417
77,88,-1.0,1.0,0.14142726012174156,16.69801327074412
77,89,-1.0,-1.0,-0.6639381657833506,13.139400818360055
77,90,-1.0,-1.0,-1.0665730635196664,14.81324953323659
77,91,-1.0,1.0,0.4031750211358847,18.04720669394863
77,92,-1.0,-1.0,-0.5408855718369325,14.21988013283762
77,93,-1.0,1.0,1.0689466716620466,13.134039172380696
77,94,-1.0,-1.0,-0.7127563445498067,13.515902504767167
77,95,-1.0,1.0,0.0533132544614134,15.041605860561338
77,96,-1.0,1.0,0.29985505748240066,13.856453631341935
77,97,-1.0,1.0,0.026636522468237826,14.349100378950146
77,98,-1.0,-1.0,-0.6252796154290239,15.753147534740839
77,99,-1.0,-1.0,-1.12679221852413,15.702202308207436
77,100,-1.0,1.0,1.0894993031261255,16.054607987558587
77,101,-1.0,1.0,0.616669817850232,16.38617885174322
77,102,-1.0,1.0,0.32126738817355244,15.203504389819766
77,103,-1.0,1.0,1.5003158729443604,16.607713881722272
77,104,-1.0,1.0,0.008023795722128371,11.335780343247821
77,105,-1.0,1.0,0.4086582183348398,16.073271112432483
77,106,-1.0,1.0,0.17343460315691717,18.62986879618906
77,107,-1.0,-1.0,-0.4519463132134949,15.401352855322273
77,108,-1.0,1.0,1.0723738889832963,16.813545642530645
77,109,-1.0,1.0,0.16058341689501443,14.39148396917266
77,110,-1.0,-1.0,-0.17830002393065036,18.039390283578328
77,111,-1.0,1.0,1.4509231142158807,14.359227680103889
77,112,-1.0,1.0,0.5890899035905843,16.09380914895739
77,113,-1.0,1.0,0.2256452357373174,16.3227205941282
77,114,-1.0,-1.0,-0.7873910279207728,15.571280807173258
77,115,-1.0,1.0,0.3581620898314748,16.673842257418695
77,116,-1.0,-1.0,-0.7213557812218927,14.58177743276592
77,117,-1.0,-1.0,-0.6017212581130761,16.993481158627
77,118,-1.0,1.0,0.34803016586705404,16.706162649696502
77,119,-1.0,1.0,0.23736164359729756,15.910504001767617
77,120,-1.0,1.0,0.5897490792573029,17.605312127866235
77,121,-1.0,-1.0,-0.8754630601283133,17.529280477247948
77,122,-1.0,1.0,0.7043461540654987,17.312550940131757
77,123,-1.0,-1.0,-0.6498355684364828,15.190298912489446
77,124,-1.0,-1.0,-0.9027715331464246,17.39569340817856
77,125,-1.0,-1.0,-0.13744387457457974,14.510845783706529
77,126,-1.0,1.0,0.9277118771663712,15.376318370026166
77,127,-1.0,-1.0,-0.4060331577319407,14.003560426838565
78,0,1.0,-1.0,-0.41494827026005504,12.792767095059446
78,1,1.0,1.0,0.42932336649595476,14.181449324093022
78,2,1.0,-1.0,-0.11345808031353667,14.561389233344272
78,3,1.0,-1.0,-0.08738543841157811,15.591233872536893
78,4,1.0,-1.0,-1.784840568392606,18.666473274289075
78,5,1.0,-1.0,-0.7054415119839972,15.944770893775328
78,6,1.0,1.0,0.2897117008141875,15.942610856144533
78,7,1.0,1.0,0.8702552455786612,15.191939018086204
78,8,1.0,-1.0,-1.6369045120755157,15.513162898442836
78,9,1.0,-1.0,-0.8676900690596993,12.742830594540653
78,10,1.0,-1.0,-0.06416844670688451,15.312686477290743
78,11,1.0,-1.0,-0.6663686793250545,14.468292677898042
78,12,1.0,-1.0,-0.3912337131242102,12.629173062353992
78,13,1.0,-1.0,-1.3589210417091597,12.630892600447398
78,14,1.0,1.0,0.10095271713144968,17.87099517818693
78,15,1.0,-1.0,-0.17769518514757207,15.664807764649977
78,16,1.0,-1.0,-0.5013911565316853,14.632130062614891
78,17,1.0,1.0,0.30093875912030765,15.230536569646532
78,18,1.0,-1.0,-2.203562841648914,17.757221254762946
78,19,1.0,-1.0,-0.7977943347054564,17.188433145297388
78,20,1.0,1.0,0.6896668245458806,14.38306370139077
78,21,1.0,1.0,0.3199430208478039,16.716926049822366
78,22,1.0,1.0,0.09846770405107097,15.408081650224593
78,23,1.0,-1.0,-1.1801921262314368,14.117343280377153
78,24,1.0,-1.0,-1.8202066374993124,18.839194855434833
78,25,1.0,-1.0,-2.1549994387719598,18.85383048893889
78,26,1.0,-1.0,-0.49701572986534587,12.375688613355084
78,27,1.0,-1.0,-0.3187289581336816,13.947729562446606
78,28,1.0,-1.0,-0.0406728167290806,17.962015167481876
78,29,1.0,-1.0,-1.0621059140678781,14.89195317940292
78,30,1.0,-1.0,-1.974656759466348,15.64535143357712
78,31,1.0,-1.0,-0.065933196793042,16.225063584921365
78,32,1.0,-1.0,-2.090476324335442,17.855053579664823
78,33,1.0,-1.0,-0.870626398961501,17.164626488210338
78,34,1.0,-1.0,-0.48548179495688726,12.147859854830296
78,35,1.0,-1.0,-2.0771786494158806,19.6836803840668
78,36,1.0,1.0,1.2656243950219128,15.375423320889794
78,37,1.0,-1.0,-0.019852946353287784,12.494147677490892
78,38,1.0,-1.0,-0.4820870265193822,15.976662680177908
78,39,1.0,-1.0,-0.18703549676929915,15.758161650155207
78,40,1.0,-1.0,-0.6274661576758332,16.3218036360166
78,41,1.0,1.0,0.6158515229698434,10.622612334369352
78,42,1.0,1.0,0.017186202763131778,12.180217058618336
78,43,1.0,1.0,0.3732001068483466,12.11607364925991
78,44,1.0,-1.0,-0.9488283296039339,15.362253288743734
78,45,1.0,-1.0,-1.7722763669709662,17.23019038311547
78,46,1.0,-1.0,-2.0777790681474713,18.251827924424386
78,47,1.0,-1.0,-0.9159173691619757,14.336448132302188
78,48,1.0,-1.0,-0.18286888948606644,17.684494486144054
78,49,1.0,-1.0,-0.43048840410705214,13.85657986338162
78,50,1.0,1.0,0.03006741441665739,13.79318062342309
78,51,1.0,1.0,0.3989702334060782,13.63629506581287
78,52,1.0,-1.0,-0.8667560996255849,16.286990068961632
78,53,1.0,1.0,0.0033939376844343006,13.328441289251783
78,54,1.0,1.0,1.1441491780277961,14.257006410716107
78,55,1.0,1.0,0.40374840533816214,15.42578587539503
78,56,1.0,-1.0,-0.1772989069705861,14.838190953831555
78,57,1.0,1.0,0.679181389427945,13.067078707710175
78,58,1.0,1.0,0.15348213516356723,16.361004409486522
78,59,1.0,1.0,0.25478645635699154,15.868223942164201
78,60,1.0,1.0,1.0537259835045716,15.59246556248948
78,61,1.0,1.0,0.695768638007658,16.766729655060562
78,62,1.0,-1.0,-0.7609213151979841,15.735414082841332
78,63,1.0,1.0,0.06405019576607901,14.66900347228078
78,64,-1.0,-1.0,-1.1984514638249295,15.202017403211041
78,65,-1.0,-1.0,-0.019656127094467124,18.095980466565948
78,66,-1.0,-1.0,-1.0677404047214267,19.90831640989412
78,67,-1.0,-1.0,-0.3961416591929693,14.501313679216691
78,68,-1.0,-1.0,-0.2114988466792009,18.858400068443085
78,69,-1.0,-1.0,-0.5758715491587147,16.762968052218724
78,70,-1.0,1.0,1.0423849805084344,15.158333341749048
78,71,-1.0,1.0,0.8232049965485689,17.191535749244224
78,72,-1.0,1.0,1.0330781278693897,17.383563518545785
78,73,-1.0,-1.0,-0.11480933661898655,13.245825884829985
78,74,-1.0,1.0,1.0899396727916995,14.958366689014493
78,75,-1.0,-1.0,-0.590468243988421,18.627498855135855
78,76,-1.0,-1.0,-1.247245771701409,17.308271758232006
78,77,-1.0,-1.0,-1.2872585958841951,18.56296106887399
78,78,-1.0,-1.0,-1.6319351423389512,18.887583324394548
78,79,-1.0,1.0,0.5343345030533633,13.679456139178756
78,80,-1.0,-1.0,-0.6204413736004739,17.13651054586694
78,81,-1.0,1.0,0.31277479656183566,10.646509002755929
78,82,-1.0,-1.0,-0.04147911206479635,15.775905714535824
78,83,-1.0,-1.0,-0.5408757221535033,18.894769909250268
78,84,-1.0,-1.0,-0.6051620217594339,14.803068446276091
78,85,-1.0,1.0,0.586720193257251,15.525854992014478
78,86,-1.0,-1.0,-0.28262976510060045,16.203781696418876
78,87,-1.0,1.0,0.3967154027691132,14.689533623963714
78,88,-1.0,-1.0,-0.558659908982158,19.501243679938806
78,89,-1.0,1.0,0.9937426513438009,16.1714491518573
78,90,-1.0,-1.0,-0.6157077634473344,14.983357919892981
78,91,-1.0,-1.0,-0.43507206678220806,19.295049783426247
78,92,-1.0,1.0,1.3470168923634707,14.627772025620756
78,93,-1.0,1.0,0.7780766404154751,13.446082926956125
78,94,-1.0,1.0,0.8356458235990332,17.53278611805117
78,95,-1.0,-1.0,-0.5255643125833633,13.630793129197263
78,96,-1.0,1.0,1.313859583511499,15.986279897384156
78,97,-1.0,1.0,0.8617240642585989,12.840224185715694
78,98,-1.0,-1.0,-0.8330585999780219,19.31375588413225
78,99,-1.0,1.0,1.3261749393025932,13.243590941369956
78,100,-1.0,1.0,0.7538850987690543,18.62873139771042
78,101,-1.0,-1.0,-1.3228606928205395,17.926818991435084
78,102,-1.0,1.0,1.0308994100733193,15.58327739433407
78,103,-1.0,-1.0,-0.6844450306252824,13.043029906624863
78,104,-1.0,-1.0,-0.5435724304609235,17.517439987585313
78,105,-1.0,1.0,1.6513359850778628,12.820829929973993
78,106,-1.0,1.0,0.6795862521810414,13.309490322198231
78,107,-1.0,1.0,1.7591539537905847,15.734133315761586
78,108,-1.0,-1.0,-1.2191967393826948,16.42353734761603
78,109,-1.0,-1.0,-1.1569562483001337,16.500440601669357
78,110,-1.0,1.0,0.9678458100540057,13.580300974090049
78,111,-1.0,-1.0,-0.9173850098133732,15.570141824428351
78,112,-1.0,-1.0,-0.5958472330858171,12.47378817074795
78,113,-1.0,-1.0,-0.13713584845728924,16.421261720569067
78,114,-1.0,1.0,0.4459377702065634,14.627219266470117
78,115,-1.0,-1.0,-0.9361018473848512,14.993231539061988
78,116,-1.0,-1.0,-0.49172927078880635,14.720811763244813
78,117,-1.0,-1.0,-0.6630426347635183,11.711638361223809
78,118,-1.0,-1.0,-0.5017651354900072,15.568151032100468
78,119,-1.0,-1.0,-1.3976946937347643,16.80898951874082
78,120,-1.0,1.0,0.5197949469790646,15.661879206043158
78,121,-1.0,-1.0,-0.46948097955766754,16.100586805207595
78,122,-1.0,-1.0,-0.5158638510737638,14.147058953461269
78,123,-1.0,-1.0,-0.7131026228230937,12.524404628806893
78,124,-1.0,1.0,1.1681398166278931,13.95266192381612
78,125,-1.0,1.0,0.10768917544235199,12.191983840951986
78,126,-1.0,-1.0,-0.17639163749240513,18.194989191285924
78,127,-1.0,-1.0,-0.3889406051433527,18.08521228301171
79,0,1.0,1.0,0.2877538962949422,18.926718813326172
79,1,1.0,1.0,0.01301658553007945,15.403288653770606
79,2,1.0,-1.0,-0.5302895239811466,12.45612016390911
79,3,1.0,-1.0,-0.31594740462274734,15.829964154992524
79,4,1.0,1.0,0.39219917661468856,17.08295352361054
79,5,1.0,1.0,0.4032762884075119,16.267560481835343
79,6,1.0,1.0,0.5864617509581664,16.699420410673337
79,7,1.0,1.0,0.24711704090849496,14.928693987726257
79,8,1.0,1.0,0.7277673168665246,12.367961538388569
79,9,1.0,1.0,0.2139821613745726,12.09831416527964
79,10,1.0,-1.0,-0.3636418401281335,16.089632566944257
79,11,1.0,1.0,0.10246043005095365,16.990731540723708
79,12,1.0,1.0,0.3409239850896456,16.261177537675998
79,13,1.0,1.0,0.6857029676807244,17.73842062918144
79,14,1.0,-1.0,-0.25094196613339803,16.76422460343144
79,15,1.0,-1.0,-0.3315086253456478,13.858435890495922
79,16,1.0,1.0,0.17558044039583443,14.531799714576326
79,17,1.0,-1.0,-0.5605201932158559,15.353004154092394
79,18,1.0,-1.0,-0.7807283284908134,14.954503972734688
79,19,1.0,1.0,0.26995705998140723,15.374059709488302
79,20,1.0,-1.0,-1.3393028817462669,14.847390342885403
79,21,1.0,1.0,0.0688536583201061,14.09887257722201
79,22,1.0,1.0,0.6542077262265595,17.108664443944452
79,23,1.0,1.0,0.31901614078530777,15.417445892439321
79,24,1.0,-1.0,-0.3947654285962584,10.482815202081968
79,25,1.0,1.0,0.7458357079883622,17.787460200942586
79,26,1.0,1.0,0.7567219588738434,15.44604377053539
79,27,1.0,1.0,0.5197151367724122,17.8714064573615
79,28,1.0,1.0,0.6924753097473366,15.4065686628453
79,29,1.0,1.0,0.06464794540105603,18.01857951158684
79,30,1.0,1.0,0.5344952027360919,14.081468580386366
79,31,1.0,-1.0,-0.06359748305615565,14.600350018678574
79,32,1.0,1.0,0.16971639105752845,15.987095933852899
79,33,1.0,-1.0,-0.2349563961054303,14.580580970646228
79,34,1.0,1.0,0.6062206988228112,18.010780486712587
79,35,1.0,1.0,0.5533471926438366,14.29314572150072
79,36,1.0,1.0,0.07842700943086822,16.610478170662805
79,37,1.0,1.0,0.5793516743592177,18.632268063926155
79,38,1.0,-1.0,-1.868687221627106,16.513459024071544
79,39,1.0,1.0,0.009018579060264972,14.895589911916758
79,40,1.0,1.0,0.0075345854287346,17.01624447511819
79,41,1.0,1.0,0.1980191527009571,16.439850280535875
79,42,1.0,-1.0,-0.5965013449364372,16.372300481629342
79,43,1.0,-1.0,-0.6530630724158376,14.591472849440096
79,44,1.0,-1.0,-0.029065839938193297,13.951987624022271
79,45,1.0,1.0,0.6574834801431246,10.598034352566518
79,46,1.0,1.0,0.15719226760265353,14.08863957816131
79,47,1.0,1.0,0.22833039307022626,13.352660976670435
79,48,1.0,1.0,0.5892053916438948,11.699068308772683
79,49,1.0,-1.0,-0.5224791463418256,15.259978539597821
79,50,1.0,-1.0,-0.8681214350217761,16.242716073754455
79,51,1.0,-1.0,-0.6218457566416086,14.79376976873779
79,52,1.0,-1.0,-1.0838741092201174,16.062750732400954
79,53,1.0,1.0,0.21635474352144374,15.804839168588588
79,54,1.0,1.0,0.5689977507832309,13.43980932577415
79,55,1.0,1.0,0.04937234476754905,16.522261520273993
79,56,1.0,1.0,0.23030421295772208,12.012443226631419
79,57,1.0,-1.0,-0.5040551028558515,12.22448971856448
79,58,1.0,-1.0,-0.3248354924167282,11.362164790303959
79,59,1.0,1.0,0.7423819293421146,17.885289957770137
79,60,1.0,1.0,0.4268926857670674,18.169612010726492
79,61,1.0,1.0,0.8697852514175524,18.416169762837505
79,62,1.0,-1.0,-0.07435134765428879,18.84976825814656
79,63,1.0,1.0,0.3348229409653405,15.935717805307986
79,64,-1.0,1.0,0.4198102190907382,15.638582567182056
79,65,-1.0,1.0,0.04415188967816419,13.520033367126059
79,66,-1.0,1.0,1.4396877311614278,17.818823016818175
79,67,-1.0,1.0,0.36048813243721134,15.317713004191448
79,68,-1.0,-1.0,-0.2614091622395618,13.01107506305905
79,69,-1.0,1.0,1.4540634570137543,16.79926337266072
79,70,-1.0,1.0,1.358891769349853,18.30055330362341
79,71,-1.0,1.0,0.1510763368244772,12.476240670661806
79,72,-1.0,1.0,1.8252163026082298,15.77946969625008
79,73,-1.0,1.0,1.073468302952079,16.037621970109885
79,74,-1.0,1.0,1.3083163752454134,17.870087892352455
79,75,-1.0,-1.0,-0.22138324698067835,15.056409807628436
79,76,-1.0,1.0,0.6178055614094257,13.297585923949512
79,77,-1.0,1.0,0.9490427416579872,15.329421127234765
79,78,-1.0,1.0,0.2636214729021334,11.131218383901263
79,79,-1.0,-1.0,-0.03686274442054974,13.065174309047283
79,80,-1.0,1.0,0.4924850483535022,14.123789964701983
79,81,-1.0,1.0,0.8484236496882188,13.754544060576881
79,82,-1.0,1.0,0.2752390330896286,15.759523496602293
79,83,-1.0,-1.0,-0.07003140927143564,14.69409598459728
79,84,-1.0,1.0,0.5869029681872087,13.596280255098039
79,85,-1.0,-1.0,-0.012582706928627174,13.073491988045363
79,86,-1.0,1.0,0.9883809396560166,18.461482481124456
79,87,-1.0,-1.0,-0.07131987041045923,12.167250055918062
79,88,-1.0,-1.0,-0.21703765696510657,14.384361516076595
79,89,-1.0,-1.0,-0.9159402332784188,13.951422743738245
79,90,-1.0,1.0,1.2898478368957251,13.277835379045865
79,91,-1.0,-1.0,-0.16878026375356098,13.463810016944029
79,92,-1.0,-1.0,-1.1144784069458238,14.245677253845402
79,93,-1.0,1.0,0.34295981049686053,12.573240345567129
79,94,-1.0,-1.0,-0.22134391384416305,11.768095600858832
79,95,-1.0,1.0,1.2067650212902878,16.295285522413995
79,96,-1.0,-1.0,-0.03577121855464516,16.061729154234012
79,97,-1.0,1.0,0.23372054564972755,12.997142721902451
79,98,-1.0,1.0,1.260066673335269,17.118435952790765
79,99,-1.0,1.0,1.0207914699566174,16.573802181625982
79,100,-1.0,1.0,0.7067640196483878,17.208941695227548
79,101,-1.0,1.0,1.3650847158623554,13.452139614214504
79,102,-1.0,1.0,0.48179707717435216,13.567211547019774
79,103,-1.0,1.0,0.8942880130577475,14.832419753566326
79,104,-1.0,1.0,1.7703704934831073,18.332649687117435
79,105,-1.0,1.0,0.7656510113978238,16.71360687822275
79,106,-1.0,1.0,0.26604405468834064,13.951696250619642
79,107,-1.0,1.0,0.46349715643177647,14.539717807162587
79,108,-1.0,1.0,1.306768496242229,17.908343028624145
79,109,-1.0,1.0,0.7328659979565053,16.682976842313284
79,110,-1.0,1.0,1.0384805019131995,18.57416563927682
79,111,-1.0,-1.0,-0.5003424868579835,14.74006722701986
79,112,-1.0,1.0,0.04182753735974412,16.843923790207732
79,113,-1.0,1.0,0.005085496930759423,13.76374802483504
79,114,-1.0,1.0,0.4572117591054882,16.488383122015772
79,115,-1.0,1.0,0.26921536303618887,14.386936435418038
79,116,-1.0,1.0,0.5406672293850127,13.176799019156064
79,117,-1.0,1.0,1.5139134472160183,16.220233431225797
79,118,-1.0,-1.0,-0.14954837020096176,11.38584698748342
79,119,-1.0,1.0,0.4378826479232618,15.176320485698241
79,120,-1.0,1.0,1.8187320875828878,13.533567137698473
79,121,-1.0,1.0,0.11510240766480902,13.93333622216032
79,122,-1.0,1.0,0.1481518255929358,13.56318385288522
79,123,-1.0,-1.0,-0.6935415320565053,16.429450490888982
79,124,-1.0,-1.0,-0.31720096379933554,15.285712098055983
79,125,-1.0,-1.0,-0.7316955649918437,15.868574053322085
79,126,-1.0,1.0,0.3625404096304705,12.24206395304167
79,127,-1.0,1.0,0.13761567812377884,14.69354693057081
80,0,1.0,-1.0,-0.42138806367607784,18.180134149934823
80,1,1.0,-1.0,-0.49792632790295,16.339033138941655
80,2,1.0,1.0,0.5022182661327688,16.163060527285342
80,3,1.0,1.0,0.6341821972252583,12.039740545362747
80,4,1.0,-1.0,-0.764629924304987,16.513962338818775
80,5,1.0,-1.0,-1.251181602654715,17.355285794460453
80,6,1.0,-1.0,-0.6912876006664351,14.563776971588364
80,7,1.0,-1.0,-0.23540016220889107,17.45991777813082
80,8,1.0,-1.0,-0.5467390402294747,16.227986969428137
80,9,1.0,-1.0,-1.204048069142968,14.601286134768728
80,10,1.0,-1.0,-0.7109633953272422,17.901018428187946
80,11,1.0,-1.0,-0.21911229514065667,15.41494663767791
80,12,1.0,1.0,1.1836929978567585,15.162318819687
80,13,1.0,-1.0,-0.3207201741067555,11.458481357212941
80,14,1.0,1.0,1.212116528788727,13.34605986195459
80,15,1.0,-1.0,-0.4718746342636766,16.015633727187165
80,16,1.0,-1.0,-0.4599410436388937,16.02220885287563
80,17,1.0,1.0,0.02179022537864278,14.723183693564016
80,18,1.0,-1.0,-0.9033569179400281,15.243569139784844
80,19,1.0,-1.0,-0.47360899349205676,15.02379284966367
80,20,1.0,-1.0,-0.43178470645673955,13.919038704571868
80,21,1.0,-1.0,-0.723776386785006,15.076196901821604
80,22,1.0,1.0,1.0168137797200723,11.954635245740729
80,23,1.0,1.0,1.5397627790163135,16.197732200137338
80,24,1.0,-1.0,-0.9904527866426623,18.667146542081106
80,25,1.0,-1.0,-0.7112799391101707,14.087843509343962
80,26,1.0,-1.0,-0.7505504281903947,17.72409324816691
80,27,1.0,1.0,0.011257556511942629,15.918376946481441
80,28,1.0,-1.0,-0.29548379531444713,12.500702674656427
80,29,1.0,-1.0,-1.0220123083890957,17.294346795287268
80,30,1.0,-1.0,-0.8336488192710605,13.007993586029768
80,31,1.0,1.0,1.1355855253088003,14.659456205305597
80,32,1.0,-1.0,-0.7850957931148805,16.559836486878172
80,33,1.0,-1.0,-0.566622228776881,18.573106088828986
80,34,1.0,-1.0,-0.6636163184629341,12.169743697257044
80,35,1.0,1.0,1.1483406060337238,16.043308689228148
80,36,1.0,-1.0,-0.23638692596496574,14.036643020880454
80,37,1.0,-1.0,-0.7419699045813303,18.838533055102147
80,38,1.0,-1.0,-0.6609911083423784,13.526705362739653
80,39,1.0,1.0,0.6006477493115573,13.337591962058669
80,40,1.0,-1.0,-0.07865669878146153,15.013297120459216
80,41,1.0,1.0,0.060422611397801695,15.527362556105764
80,42,1.0,-1.0,-0.8367245355440637,12.351484122982303
80,43,1.0,-1.0,-1.2331837388807887,19.61020601107395
80,44,1.0,-1.0,-0.681552059917122,16.830959467019692
80,45,1.0,-1.0,-0.7820465394744375,15.72260058038
80,46,1.0,-1.0,-0.7546864334930513,15.336861792429135
80,47,1.0,1.0,0.28477853279661236,17.716104665747135
80,48,1.0,-1.0,-0.6333778361486115,14.25403947621481
80,49,1.0,1.0,1.0756196713985169,13.92676927854125
80,50,1.0,-1.0,-0.9625580731858648,16.517777115356616
80,51,1.0,1.0,0.3796441110703954,10.629576574211326
80,52,1.0,1.0,0.022469348182801246,16.916593896838336
80,53,1.0,1.0,1.270575197057016,15.25581091512285
80,54,1.0,1.0,0.4320877969927888,16.502666963859127
80,55,1.0,-1.0,-0.8180205466283758,17.598352379224234
80,56,1.0,-1.0,-0.7135494404084866,13.002232690850198
80,57,1.0,-1.0,-0.20464302664865885,12.68738308300741
80,58,1.0,-1.0,-0.9183656436569587,18.738096720318527
80,59,1.0,-1.0,-1.2656761362123359,14.766872600506723
80,60,1.0,1.0,0.185247332224034,14.581116601619819
80,61,1.0,-1.0,-0.7689794622138459,15.825403200205384
80,62,1.0,-1.0,-0.12381578492986851,17.574490343820344
80,63,1.0,-1.0,-0.5455497556518507,13.24731677257317
80,64,-1.0,-1.0,-0.7750156176834359,17.223625548524293
80,65,-1.0,-1.0,-0.7742144201281322,13.330237060639455
80,66,-1.0,1.0,0.04203606263958885,13.577485359803827
80,67,-1.0,1.0,0.2846628068000983,15.724393773890196
80,68,-1.0,1.0,0.17331341832583716,14.651876754614108
80,69,-1.0,-1.0,-0.27995659700368364,17.033870667678727
80,70,-1.0,-1.0,-0.2539720379910142,15.951176609589613
80,71,-1.0,-1.0,-0.3251342915647517,18.50917293049376
80,72,-1.0,1.0,0.03053288724554455,13.90955138501316
80,73,-1.0,-1.0,-0.004822101066694673,15.927837780239745
80,74,-1.0,1.0,0.3886119787774382,15.085525893162743
80,75,-1.0,1.0,0.12720109600089013,11.990508936336324
80,76,-1.0,1.0,0.1590353994212444,16.518316734725428
80,77,-1.0,-1.0,-0.20288556176985406,17.741033628312046
80,78,-1.0,-1.0,-0.1100883875644192,17.47933655608493
80,79,-1.0,1.0,0.5573033747207591,18.903931078225487
80,80,-1.0,1.0,0.08791327563329221,12.733676343804971
80,81,-1.0,-1.0,-0.3793861625082219,11.209006760696422
80,82,-1.0,1.0,1.753310429620699,15.435913892678228
80,83,-1.0,1.0,0.7495948261015805,16.77528912575519
80,84,-1.0,1.0,0.24950568282454846,16.114142606043252
80,85,-1.0,1.0,0.023760615404702867,18.10900510123408
80,86,-1.0,1.0,0.2996140716487288,16.63739816421342
80,87,-1.0,1.0,0.18423284492261016,14.308699218511968
80,88,-1.0,1.0,0.15602736396470973,16.080650186162785
80,89,-1.0,1.0,0.38024865668995955,16.848801874242096
80,90,-1.0,-1.0,-0.34447716950300505,14.258101445223142
80,91,-1.0,1.0,1.586215883163701,13.624973872307697
80,92,-1.0,1.0,0.6904488414081221,16.93612538887113
80,93,-1.0,-1.0,-0.11408126729676264,11.666963950703664
80,94,-1.0,1.0,0.8649570192600566,15.996183910095866
80,95,-1.0,1.0,0.5869777088751711,15.004235044860712
80,96,-1.0,1.0,0.2701730298913221,18.81052686347606
80,97,-1.0,-1.0,-0.03716910044799898,19.649959712611572
80,98,-1.0,-1.0,-0.697353192175675,16.20767329885748
80,99,-1.0,1.0,1.0742871975663904,12.775412263041432
80,100,-1.0,1.0,0.050484412098245016,15.417591152168063
80,101,-1.0,-1.0,-0.03543770044100897,15.759683289819842
80,102,-1.0,1.0,0.4839355495231542,18.487960457423007
80,103,-1.0,1.0,0.8810301762112422,15.678318362387165
80,104,-1.0,-1.0,-0.30170676798050733,11.783599591585547
80,105,-1.0,1.0,1.0587163457889048,17.44386628712532
80,106,-1.0,-1.0,-0.3045133646857109,12.83397302017397
80,107,-1.0,1.0,0.10176725953846347,17.604176984175282
80,108,-1.0,-1.0,-0.968496426804399,15.222310882529777
80,109,-1.0,1.0,0.8501366130715353,14.821543362750507
80,110,-1.0,1.0,0.5463385338475517,12.893931257863438
80,111,-1.0,1.0,0.3668584555675768,17.01379919417744
80,112,-1.0,1.0,0.1199257831637087,13.82781811200656
80,113,-1.0,1.0,0.24189369496036306,17.51018002507361
80,114,-1.0,1.0,0.3857815667978989,17.803548553811396
80,115,-1.0,1.0,0.032431446888309456,14.285798654033693
80,116,-1.0,1.0,0.7339007358923484,17.923098081984175
80,117,-1.0,1.0,0.6823847910716757,15.487862524825134
80,118,-1.0,-1.0,-0.5950955343337313,14.654556072192007
80,119,-1.0,-1.0,-1.1084091328961494,15.977465313419364
80,120,-1.0,1.0,0.34507106214942207,14.07014417869637
80,121,-1.0,-1.0,-0.8049168289523086,17.622897075977473
80,122,-1.0,1.0,0.007076052890937226,12.274216102646493
80,123,-1.0,1.0,0.3010183725510379,18.94466712575602
80,124,-1.0,1.0,0.45677038056719216,11.400444613818133
80,125,-1.0,1.0,0.3176264373678304,14.998385736886359
80,126,-1.0,-1.0,-0.19067391084682364,11.09992604100423
80,127,-1.0,-1.0,-0.5858885205364027,16.099986339341047
81,0,1.0,-1.0,-1.1813284349471505,16.016453517978952
81,1,1.0,-1.0,-0.5672480313341393,12.043254965602724
81,2,1.0,1.0,0.7209334218956799,16.13134557510265
81,3,1.0,-1.0,-0.7938128202641497,17.682623207820654
81,4,1.0,-1.0,-1.040958053219211,16.875580337223614
81,5,1.0,1.0,0.2707867374578727,17.71679944521498
81,6,1.0,-1.0,-0.7643561747620526,14.87670896587227
81,7,1.0,-1.0,-0.5930885511846512,16.34953200215677
81,8,1.0,-1.0,-1.161916269481618,14.163987187617836
81,9,1.0,-1.0,-0.3477476227650682,11.57808786069954
81,10,1.0,1.0,0.7106355651264759,15.378933326828818
81,11,1.0,1.0,0.28793986793113463,16.257750859654006
81,12,1.0,-1.0,-0.03073252637930171,17.78904050243525
81,13,1.0,1.0,1.0388932850697206,17.35913219583555
81,14,1.0,-1.0,-0.20144293922168968,15.410719814676353
81,15,1.0,-1.0,-0.8148948414394893,11.9620046960155
81,16,1.0,-1.0,-1.0376237312359642,17.403839841001123
81,17,1.0,-1.0,-0.71008223068542,13.952582561946294
81,18,1.0,-1.0,-0.13626088354633065,13.21197432412366
81,19,1.0,-1.0,-0.14988319077168982,14.89033979895132
81,20,1.0,1.0,0.797745215381378,14.517070000294389
81,21,1.0,1.0,0.6399255342140844,16.552303892368364
81,22,1.0,-1.0,-0.3254818405624942,17.526926827960544
81,23,1.0,-1.0,-0.31103944918612814,11.236532999859731
81,24,1.0,-1.0,-1.1220255779466861,19.103768058030504
81,25,1.0,1.0,1.2991201600857103,14.488916225184509
81,26,1.0,1.0,0.7808299486584396,13.17411457230689
81,27,1.0,1.0,1.532614002729909,15.072103596610852
81,28,1.0,1.0,1.3630438335038382,14.099434289197545
81,29,1.0,-1.0,-0.8566353439903958,17.75432593366165
81,30,1.0,-1.0,-0.9115235733504476,14.725694980196494
81,31,1.0,-1.0,-1.4480258623749962,16.112483941100574
81,32,1.0,-1.0,-1.7160875152311974,19.218843664443565
81,33,1.0,-1.0,-0.44251324094778693,19.69924072629542
81,34,1.0,-1.0,-0.9445298868035819,14.144166666728564
81,35,1.0,-1.0,-0.3637171288873848,17.399992024162014
81,36,1.0,1.0,1.5986081504103604,14.36512548362423
81,37,1.0,-1.0,-0.38339408905997585,15.337580350369947
81,38,1.0,1.0,0.9351765157910187,14.637084434068825
81,39,1.0,1.0,1.0444820299891167,16.791879078834526
81,40,1.0,-1.0,-0.9797764313070456,15.391661043643165
81,41,1.0,1.0,0.5214966656021207,15.267764942625783
81,42,1.0,1.0,0.9681537253827934,15.464706492003799
81,43,1.0,-1.0,-0.6556814395497159,16.860530747510467
81,44,1.0,-1.0,-0.9174505254916379,14.578306190544096
81,45,1.0,1.0,0.49648100459967526,13.820209876828145
81,46,1.0,-1.0,-0.2708848854596482,19.67245283647939
81,47,1.0,1.0,0.22424002033383808,18.886242944912166
81,48,1.0,1.0,1.0972200400307615,14.078725563076851
81,49,1.0,-1.0,-0.15922784276911928,14.901552804688283
81,50,1.0,1.0,0.47113653001394157,15.227535495854799
81,51,1.0,1.0,0.5025589562814798,12.4332878398249
81,52,1.0,1.0,0.8339537818212266,15.27958534455088
81,53,1.0,-1.0,-1.1695543780217743,13.889762090466245
81,54,1.0,-1.0,-0.31211208103252236,13.317032361372002
81,55,1.0,-1.0,-1.0041598813651516,14.400808551808286
81,56,1.0,1.0,0.09841050710056498,13.715244465150194
81,57,1.0,-1.0,-0.3198527177502789,16.032118693573103
81,58,1.0,-1.0,-1.1299870565163876,15.614020130557016
81,59,1.0,-1.0,-0.56333875446543,15.324485651494783
81,60,1.0,1.0,0.721313849434564,17.230511490151347
81,61,1.0,-1.0,-0.4427334230187264,15.741904349583802
81,62,1.0,-1.0,-0.1376729449696732,18.533010079859203
81,63,1.0,1.0,0.14760970154985703,14.168441035798388
81,64,-1.0,1.0,0.20432963181483182,12.782173720240007
81,65,-1.0,-1.0,-0.6794881560715316,13.380184028117728
81,66,-1.0,1.0,0.23524803544894812,15.81278234594966
81,67,-1.0,-1.0,-0.018006466647643285,15.528245534092187
81,68,-1.0,-1.0,-0.43306201969252345,19.28053098962688
81,69,-1.0,1.0,0.4632601199975775,13.758677780584094
81,70,-1.0,1.0,0.16355502088304458,15.548831576334074
81,71,-1.0,-1.0,-0.0729492429845343,17.320564010161867
81,72,-1.0,1.0,0.19034833966313353,16.927704427245548
81,73,-1.0,-1.0,-0.8604553319415456,15.972443043230312
81,74,-1.0,1.0,0.021687144866685035,14.70656093540225
81,75,-1.0,1.0,1.6758554712046871,17.60021233704407
81,76,-1.0,1.0,0.4308997448907921,11.919368253358854
81,77,-1.0,1.0,0.7237690591765862,11.760068998466881
81,78,-1.0,-1.0,-0.532955062112214,16.120544581120278
81,79,-1.0,-1.0,-0.2206203491009121,15.641468244344976
81,80,-1.0,1.0,2.3780001982673347,15.76300999465673
81,81,-1.0,-1.0,-0.32450741352865525,16.243111633766482
81,82,-1.0,-1.0,-0.21957349599888526,15.279846667788277
81,83,-1.0,1.0,0.3762980773319075,13.991604454000997
81,84,-1.0,1.0,0.4078266592064369,14.492936093868032
81,85,-1.0,1.0,0.8381030744500824,16.689460827088602
81,86,-1.0,1.0,0.6634922792660447,20.01474751450471
81,87,-1.0,1.0,0.7437772910029934,11.691312273987561
81,88,-1.0,-1.0,-0.7015633897115052,13.395866827471723
81,89,-1.0,-1.0,-0.8496255548393773,13.460559676280178
81,90,-1.0,1.0,0.45120129273069615,12.744384854791248
81,91,-1.0,1.0,0.30999449896031284,13.188657542783789
81,92,-1.0,-1.0,-1.094545408707917,16.800843013316303
81,93,-1.0,-1.0,-0.19319525526652026,16.427944430756234
81,94,-1.0,-1.0,-0.22141450694137182,18.54588618955451
81,95,-1.0,-1.0,-0.25937220112098414,14.768308776030757
81,96,-1.0,1.0,0.7714605028509334,14.644263194236556
81,97,-1.0,-1.0,-0.9116162573859721,18.92421803602603
81,98,-1.0,-1.0,-0.14368948268499657,17.961498970244328
81,99,-1.0,1.0,0.09936042850671818,14.004634375160697
81,100,-1.0,1.0,0.18178576781102282,13.021880915487365
81,101,-1.0,1.0,0.07760384911526463,17.64938361233205
81,102,-1.0,1.0,0.9745109652830917,19.002637979270773
81,103,-1.0,1.0,0.4052815339407842,15.5854602950211
81,104,-1.0,-1.0,-0.9881739154360788,14.225452804371141
81,105,-1.0,-1.0,-0.38631508668770975,15.191734688491643
81,106,-1.0,1.0,0.258667639389647,11.18678616147531
81,107,-1.0,1.0,0.43206938505406906,15.538850817328528
81,108,-1.0,1.0,0.7339434987751201,16.721854973568743
81,109,-1.0,-1.0,-0.5061225071007505,14.632243432568982
81,110,-1.0,-1.0,-0.02450240603850265,16.996728925999022
81,111,-1.0,-1.0,-0.35145000360179146,14.70179313420086
81,112,-1.0,1.0,0.18472759296217897,16.53578525967986
81,113,-1.0,1.0,0.3777027461076378,12.866446679950167
81,114,-1.0,-1.0,-0.9929509998880445,17.588441793364634
81,115,-1.0,1.0,1.4502183214559206,17.792599640263244
81,116,-1.0,1.0,0.2647595744918181,16.033836701352335
81,117,-1.0,1.0,0.12079213729081123,13.135775041112877
81,118,-1.0,-1.0,-0.218268416089684,19.22017233352049
81,119,-1.0,1.0,1.1805837251473537,14.18947387131104
81,120,-1.0,1.0,0.1848451307248825,18.11055899479422
81,121,-1.0,1.0,1.2732271852703692,17.537799808744715
81,122,-1.0,1.0,0.0854780244734318,15.212812642085176
81,123,-1.0,1.0,0.10438803054581011,13.478169635416414
81,124,-1.0,-1.0,-0.5760770820140529,17.65238918105521
81,125,-1.0,1.0,0.2596808331610781,15.320908870843574
81,126,-1.0,1.0,0.07214729182940546,15.502768434373463
81,127,-1.0,-1.0,-0.5011478594649134,14.93821786340745
82,0,1.0,-1.0,-1.0977677735151432,18.37967318119697
82,1,1.0,-1.0,-0.5985720547482455,13.443566999497564
82,2,1.0,-1.0,-1.2217575818587445,12.639827559086926
82,3,1.0,-1.0,-0.7575685620968442,16.515539518144756
82,4,1.0,-1.0,-0.9776467088941794,14.537073120412494
82,5,1.0,-1.0,-1.9405627237766034,17.339877093022658
82,6,1.0,-1.0,-0.5497430808243217,11.438986227056102
82,7,1.0,1.0,0.2200545826331839,15.694108991489973
82,8,1.0,-1.0,-0.31475998087002244,14.6042669113748
82,9,1.0,-1.0,-0.5707353855973516,13.243228874675912
82,10,1.0,-1.0,-0.11052474392453587,15.526743435322583
82,11,1.0,1.0,0.1700351108686371,14.9954069465382
82,12,1.0,1.0,0.1894933420937317,11.585143385070095
82,13,1.0,-1.0,-1.0639317819087328,14.907816566764845
82,14,1.0,-1.0,-0.23632614152191783,13.525205822375439
82,15,1.0,-1.0,-0.07000574126629447,15.05816505855446
82,16,1.0,-1.0,-0.5576169496107032,12.668477631619266
82,17,1.0,-1.0,-0.4764595352054405,13.709991309122955
82,18,1.0,-1.0,-0.7823483250180084,15.247423457908662
82,19,1.0,-1.0,-0.12665735738182277,16.143904189320548
82,20,1.0,-1.0,-0.9903513522254983,15.6953938257661
82,21,1.0,1.0,0.29920313990233166,14.2545534314911
82,22,1.0,-1.0,-0.81709911140218,17.70334393030781
82,23,1.0,-1.0,-0.1672074414396624,15.18680932982315
82,24,1.0,-1.0,-0.5750728073321099,14.401507032709624
82,25,1.0,1.0,0.4637436974371026,14.689512660334135
82,26,1.0,-1.0,-0.6443517738843199,15.87491986064514
82,27,1.0,-1.0,-0.5944644762760067,14.639256117120276
82,28,1.0,-1.0,-0.48610567953310296,13.864396415681995
82,29,1.0,-1.0,-0.6878795715341812,17.176999404447212
82,30,1.0,-1.0,-0.9885084709184251,16.61496272120527
82,31,1.0,-1.0,-0.6989093004702243,13.89098015758045
82,32,1.0,-1.0,-0.9855477746874097,15.806084221027561
82,33,1.0,-1.0,-1.0385835638618819,17.52335671546001
82,34,1.0,-1.0,-0.6234759397381268,14.993396017581636
82,35,1.0,-1.0,-0.7328909115702938,16.980384482097293
82,36,1.0,-1.0,-0.10057559505116842,15.53631290553843
82,37,1.0,-1.0,-0.3884362822813243,12.675305861312191
82,38,1.0,-1.0,-0.3010868250775265,14.349737515607483
82,39,1.0,-1.0,-0.7321914427381732,14.50967585989371
82,40,1.0,-1.0,-1.376176842657019,17.503693248269208
82,41,1.0,-1.0,-0.7416036619473276,13.503183185889194
82,42,1.0,-1.0,-0.7050027332079637,14.740362541863904
82,43,1.0,-1.0,-0.842267699526295,12.236832578564723
82,44,1.0,1.0,0.5013518653840211,13.457582835252845
82,45,1.0,-1.0,-0.6499818298855634,16.772444289764753
82,46,1.0,-1.0,-0.3453999087771703,15.267614132409562
82,47,1.0,-1.0,-1.6342243868726214,18.66975590394906
82,48,1.0,-1.0,-0.40254087324753873,17.64806753975551
82,49,1.0,-1.0,-0.8249413177450048,16.841114681221796
82,50,1.0,-1.0,-0.5030202476189537,17.5999531902999
82,51,1.0,-1.0,-1.4623670416526817,17.0364893336655
82,52,1.0,-1.0,-0.5650589804285622,14.412871255784456
82,53,1.0,1.0,0.392633373937402,14.37797223689742
82,54,1.0,-1.0,-0.6688506614068737,13.764573389486907
82,55,1.0,-1.0,-1.2343491727898204,15.06778035606972
82,56,1.0,-1.0,-0.4678022956875149,14.916690249920634
82,57,1.0,1.0,0.3043973715237319,12.87476951244559
82,58,1.0,-1.0,-0.2560377256843752,13.613794225184309
82,59,1.0,1.0,0.011604218382620518,14.687363314437679
82,60,1.0,1.0,0.3471991028936263,13.20475234014563
82,61,1.0,-1.0,-0.13695837488209806,15.677895997634653
82,62,1.0,1.0,0.2996348980594037,13.785978358959841
82,63,1.0,-1.0,-1.039486232427274,17.80366042428804
82,64,-1.0,1.0,0.6088636490707771,16.356660059589103
82,65,-1.0,1.0,0.30483759031223107,11.471490478488752
82,66,-1.0,1.0,0.46785414277547305,12.749304908880907
82,67,-1.0,-1.0,-0.09462582836026641,14.95810810931629
82,68,-1.0,-1.0,-0.09748413329818467,15.606079222029916
82,69,-1.0,-1.0,-0.7388599012219941,14.047315225378684
82,70,-1.0,-1.0,-0.4299195701546838,17.314795409324795
82,71,-1.0,-1.0,-1.1051383843236755,18.75152080221477
82,72,-1.0,1.0,0.6465614347295171,15.031813193546567
82,73,-1.0,-1.0,-0.8020175067909157,17.78162825605187
82,74,-1.0,1.0,0.11075753205824035,15.860518926673768
82,75,-1.0,-1.0,-0.5951479411235738,14.36854881380078
82,76,-1.0,-1.0,-0.5000847627769742,17.787366562723626
82,77,-1.0,1.0,0.9377402418749248,13.221972719376287
82,78,-1.0,1.0,0.2101057096079348,15.661127242614358
82,79,-1.0,-1.0,-0.12619252477556375,14.173841837944625
82,80,-1.0,1.0,0.2023810136359897,17.905276365302505
82,81,-1.0,1.0,0.3734503293513395,14.898992298169937
82,82,-1.0,1.0,0.44782419500835624,16.9922266951353
82,83,-1.0,1.0,0.7259500474717965,14.105300284672783
82,84,-1.0,-1.0,-1.0523406391957197,16.098927647673015
82,85,-1.0,-1.0,-0.29849698592355944,16.100021497904343
82,86,-1.0,1.0,0.11388111652553401,17.131585192284486
82,87,-1.0,-1.0,-0.7980637065888372,17.50715037033701
82,88,-1.0,1.0,0.24233862913225018,15.226790684056962
82,89,-1.0,1.0,0.5354999401218941,15.547822413406717
82,90,-1.0,-1.0,-0.050212149404449624,16.97778604221637
82,91,-1.0,-1.0,-0.2653816562371901,13.798328881529686
82,92,-1.0,1.0,1.044102827003773,12.357071962447433
82,93,-1.0,-1.0,-0.6390182645451711,15.593433466357814
82,94,-1.0,1.0,0.2693586405486621,15.414203085413273
82,95,-1.0,-1.0,-0.8248384802805853,18.887507341636056
82,96,-1.0,-1.0,-0.274374005414491,16.906033791542633
82,97,-1.0,1.0,0.21983660115652476,15.165732826729101
82,98,-1.0,-1.0,-0.5357924721438685,15.655490019413504
82,99,-1.0,-1.0,-0.11743187064678207,18.80293044922533
82,100,-1.0,1.0,0.7188630265852047,13.095528791173377
82,101,-1.0,1.0,0.3290763599902201,11.092966818011847
82,102,-1.0,-1.0,-0.8713854850019704,15.825345268263545
82,103,-1.0,1.0,0.45194880073967914,15.395592988840857
82,104,-1.0,-1.0,-1.0523317646233725,18.604430766644125
82,105,-1.0,-1.0,-1.2636326989829374,19.08247813892731
82,106,-1.0,-1.0,-0.41487428785176644,17.152448033324003
82,107,-1.0,-1.0,-0.8262235510910221,17.58684692660847
82,108,-1.0,1.0,0.4547715070832319,16.75990572835221
82,109,-1.0,-1.0,-0.3633568728979266,18.104407084253666
82,110,-1.0,1.0,0.601044986345239,14.602184917099025
82,111,-1.0,1.0,0.35136765277362325,17.54581671285695
82,112,-1.0,-1.0,-0.8398976475939207,14.297374351732682
82,113,-1.0,1.0,0.5900266789418634,16.853507800839033
82,114,-1.0,1.0,0.05744786717231788,11.916872933208664
82,115,-1.0,1.0,0.6010584779184895,12.928666803552046
82,116,-1.0,-1.0,-0.48774757937115465,16.050275018716704
82,117,-1.0,1.0,0.6473117062222182,15.190834107504006
82,118,-1.0,-1.0,-1.0728062315364613,14.817943925709374
82,119,-1.0,1.0,0.2979622030067124,14.484513518485628
82,120,-1.0,1.0,0.5057062750349446,14.154090300686196
82,121,-1.0,-1.0,-0.6174174950408864,15.238117396000453
82,122,-1.0,-1.0,-0.37664121040819315,14.620953742403787
82,123,-1.0,1.0,0.4059727681528952,14.684994170480481
82,124,-1.0,-1.0,-0.0482271410369635,16.211898006160524
82,125,-1.0,1.0,0.42984783340872224,16.699474750395417
82,126,-1.0,1.0,0.6539762485873373,14.40108165465799
82,127,-1.0,-1.0,-0.31939093407248353,16.427325809785902
83,0,1.0,1.0,1.360466833379479,17.93549153622163
83,1,1.0,-1.0,-0.8011606967410614,16.12523903775669
83,2,1.0,1.0,0.24601946797307217,18.564053703372203
83,3,1.0,1.0,0.11879460668042072,15.421864003437989
83,4,1.0,1.0,1.6137725321007879,18.002426987955122
83,5,1.0,1.0,0.8363597502367215,15.934005406490904
83,6,1.0,1.0,0.41272422070167314,15.166739667409797
83,7,1.0,1.0,0.39614650598576584,13.721181849491549
83,8,1.0,1.0,1.381785367070061,18.98201413446891
83,9,1.0,1.0,0.02091205096420687,17.69553850430046
83,10,1.0,1.0,0.3929308719456344,14.198976664235694
83,11,1.0,1.0,0.8853503579738035,12.976892839372997
83,12,1.0,-1.0,-1.35291871488682,12.580124990803391
83,13,1.0,-1.0,-0.6659622139650386,18.215410488659597
83,14,1.0,1.0,0.3234131107967156,14.271650236684868
83,15,1.0,-1.0,-0.0037916686692984897,15.640259070584838
83,16,1.0,-1.0,-1.2535078738291496,15.154306505881978
83,17,1.0,-1.0,-0.16859958283304846,18.74543390786852
83,18,1.0,-1.0,-1.4141758409950356,15.998820598948829
83,19,1.0,-1.0,-0.06527257903673907,15.238569057723042
83,20,1.0,1.0,0.020814146731974695,13.590816039759634
83,21,1.0,-1.0,-0.5137614882915907,14.262497236259374
83,22,1.0,1.0,0.30539543602300456,13.475925584464077
83,23,1.0,1.0,0.8691915308821291,13.200246840719206
83,24,1.0,1.0,0.7587461083418758,18.214923189565038
83,25,1.0,-1.0,-0.4008725451147831,14.134050862474538
83,26,1.0,1.0,0.8633230865223054,13.902775135164388
83,27,1.0,-1.0,-0.8546894420169697,14.320200976254418
83,28,1.0,-1.0,-1.2881984367928718,13.091597450601643
83,29,1.0,-1.0,-1.2940788394262166,16.214790465800625
83,30,1.0,1.0,0.9707320217475389,17.02291477621777
83,31,1.0,-1.0,-1.0271130104825366,14.926819685559297
83,32,1.0,1.0,0.10355965299921074,16.165238828234592
83,33,1.0,1.0,0.29125509109257375,16.89135559381312
83,34,1.0,-1.0,-1.1873962885869298,18.367299070796943
83,35,1.0,-1.0,-0.9872405960025971,15.724010593277518
83,36,1.0,-1.0,-1.110191540187134,15.918898767728269
83,37,1.0,-1.0,-0.9187740268622534,17.110342274374148
83,38,1.0,-1.0,-0.5428907183777476,15.328761985723576
83,39,1.0,-1.0,-0.018586493755241268,13.113118074978743
83,40,1.0,1.0,0.6495809916151525,19.302114772347547
83,41,1.0,-1.0,-0.10216548443405675,13.980555283462733
83,42,1.0,-1.0,-0.9728024915740939,13.778115563924526
83,43,1.0,-1.0,-0.8334330479907077,15.81858211955074
83,44,1.0,-1.0,-0.35495261553311913,13.836356016231896
83,45,1.0,1.0,0.47599034142861335,15.803955690413934
83,46,1.0,1.0,0.8117565499912197,17.379913377719177
83,47,1.0,1.0,0.850501566808092,17.63881086021057
83,48,1.0,-1.0,-1.2321142210064233,12.248029295297698
83,49,1.0,1.0,0.9796613536265307,14.403720235531328
83,50,1.0,-1.0,-0.19997162438784513,16.815073350114993
83,51,1.0,-1.0,-2.2440230429890664,16.993429852459386
83,52,1.0,-1.0,-0.10247671525836338,12.320465764682366
83,53,1.0,-1.0,-0.15952827972429867,12.800275633188061
83,54,1.0,1.0,0.5065926579047573,12.55521101918322
83,55,1.0,1.0,0.16716339227276908,19.04077306015545
83,56,1.0,-1.0,-0.3574396395708353,17.6745773461884
83,57,1.0,-1.0,-0.46189068361014546,19.63135844078885
83,58,1.0,1.0,1.339272935419274,16.492528240481803
83,59,1.0,1.0,0.7106308620125824,14.100808784529574
83,60,1.0,1.0,0.730722438775254,16.43195186227878
83,61,1.0,-1.0,-0.3695595047756575,13.253517760931336
83,62,1.0,-1.0,-2.1584764968372556,14.868292292152173
83,63,1.0,-1.0,-0.011497540295246203,14.610871715167582
83,64,-1.0,-1.0,-0.23622881060871098,14.740904216218171
83,65,-1.0,1.0,1.5018376746618156,14.317414992016728
83,66,-1.0,-1.0,-0.9699327760680968,17.45043338986829
83,67,-1.0,-1.0,-0.3897373108514919,18.646643424440448
83,68,-1.0,1.0,1.4392311600745982,13.838374157183214
83,69,-1.0,1.0,1.409774201839105,17.839911331536612
83,70,-1.0,1.0,0.73924463479911,16.595459635623577
83,71,-1.0,-1.0,-0.2793629484740772,12.640841277223142
83,72,-1.0,1.0,0.3105004055274546,15.370329953968
83,73,-1.0,1.0,0.5447518893415766,18.400316325783407
83,74,-1.0,1.0,0.7026458545577569,13.83989053003869
83,75,-1.0,1.0,0.2689884775843594,17.25796955332364
83,76,-1.0,-1.0,-0.19629141998859923,18.061011575027088
83,77,-1.0,-1.0,-0.0275311718114251,13.360988822540783
83,78,-1.0,-1.0,-0.25080107329035517,16.205104138224115
83,79,-1.0,1.0,0.5058567065245233,16.904063346647046
83,80,-1.0,1.0,0.8732312122391441,14.971967256590602
83,81,-1.0,-1.0,-0.3517298409974251,17.439188299145762
83,82,-1.0,1.0,0.12406641893765939,15.594857193818703
83,83,-1.0,-1.0,-0.14561184901164656,19.182468706786835
83,84,-1.0,1.0,0.6501085201025236,12.570905630318041
83,85,-1.0,-1.0,-0.7641595367374755,18.597732952617935
83,86,-1.0,-1.0,-0.7026102818180173,16.177889574282563
83,87,-1.0,-1.0,-0.8615483150927321,13.962976455791875
83,88,-1.0,1.0,0.26749169228875075,17.12377141593277
83,89,-1.0,-1.0,-1.4184792097148509,15.350312921198672
83,90,-1.0,-1.0,-1.2733677679141508,18.35896854379875
83,91,-1.0,-1.0,-0.1302495616770709,12.358731822609988
83,92,-1.0,1.0,0.3658688198249682,16.548428060620935
83,93,-1.0,1.0,1.8580014113166665,16.881671598978624
83,94,-1.0,1.0,0.9528727420802362,16.679331458830642
83,95,-1.0,1.0,0.18132334143782036,11.833613845292636
83,96,-1.0,-1.0,-0.7240899391286777,15.307749494191427
83,97,-1.0,-1.0,-0.40753370099875164,15.412871978668958
83,98,-1.0,-1.0,-0.19456923997659406,15.333361157663726
83,99,-1.0,1.0,0.7807767588618384,18.053889928583395
83,100,-1.0,-1.0,-0.6701879559047268,13.679151532303306
83,101,-1.0,-1.0,-0.3921391063180506,12.474370282446795
83,102,-1.0,-1.0,-1.3624104755808386,16.072209032879087
83,103,-1.0,1.0,0.009691319996270986,13.350528597077231
83,104,-1.0,-1.0,-0.8966373210497034,17.97974872661108
83,105,-1.0,1.0,0.48911056909501344,14.183053731990173
83,106,-1.0,-1.0,-0.8121271831001666,16.714671715219236
83,107,-1.0,-1.0,-0.540689380195575,14.200749304240777
83,108,-1.0,-1.0,-1.3375709573934178,15.704082286106198
83,109,-1.0,-1.0,-1.3573506651922564,15.078768691345468
83,110,-1.0,-1.0,-1.3769023862290801,17.151878747539964
83,111,-1.0,1.0,0.7939824590684869,17.80857623953886
83,112,-1.0,1.0,0.05259834447458629,16.084288860061122
83,113,-1.0,-1.0,-1.910371827504593,19.064461623905494
83,114,-1.0,-1.0,-0.6950370633863737,12.91905993725862
83,115,-1.0,1.0,1.6413996670299147,17.683908346345465
83,116,-1.0,1.0,0.6427885889531976,15.220469225574927
83,117,-1.0,1.0,0.17936303046999338,13.251906465718864
83,118,-1.0,1.0,0.07116509358980283,15.188121410515384
83,119,-1.0,1.0,0.2376187009595576,15.566259068970664
83,120,-1.0,-1.0,-0.32035307334668806,12.18486918167804
83,121,-1.0,-1.0,-0.9613395172628363,13.46258163121789
83,122,-1.0,1.0,0.8543965212210174,17.907492856142348
83,123,-1.0,1.0,0.5574444813037325,13.601984145246282
83,124,-1.0,-1.0,-0.9225677279340188,19.77397750944913
83,125,-1.0,1.0,1.774652802191554,15.700695325183904
83,126,-1.0,1.0,0.4024190695325759,11.701816685321045
83,127,-1.0,-1.0,-1.4257016961164268,19.562811500781198
84,0,1.0,1.0,0.5323706192626673,14.59176375989729
84,1,1.0,-1.0,-0.1135595445090019,12.460260525010083
84,2,1.0,1.0,0.565613208047927,16.828069814601555
84,3,1.0,-1.0,-1.5788254922186111,15.092577998323081
84,4,1.0,-1.0,-1.705883504849895,14.289496681995297
84,5,1.0,-1.0,-0.23159721813666104,13.976473546346433
84,6,1.0,1.0,0.21327191840462217,13.015031726601972
84,7,1.0,-1.0,-1.6940749778222188,17.625864687108166
84,8,1.0,-1.0,-0.1762292735612616,12.587439085048418
84,9,1.0,1.0,0.18059077143920232,18.02706064286828
84,10,1.0,1.0,0.31831298616024134,16.484068669987384
84,11,1.0,1.0,0.5016374452395571,17.693486907529188
84,12,1.0,1.0,0.8397149937957524,16.122273781649564
84,13,1.0,1.0,1.0287187485921152,12.10095146672536
84,14,1.0,-1.0,-0.08413446752893293,15.182725372796813
84,15,1.0,-1.0,-0.708585145916676,19.75147863588439
84,16,1.0,-1.0,-1.4788962899809106,16.211047889593
84,17,1.0,1.0,0.712667097846986,14.564310937983207
84,18,1.0,-1.0,-1.9450578198670714,17.334494470936708
84,19,1.0,-1.0,-0.2670412487501064,14.426444372987634
84,20,1.0,-1.0,-1.1311430114596184,11.745036488031174
84,21,1.0,1.0,0.2539559206494638,11.503513327146699
84,22,1.0,1.0,1.1247110686287034,13.517272531125291
84,23,1.0,1.0,0.19414614944917752,17.62215310450823
84,24,1.0,-1.0,-0.8112123262954185,15.94641359320293
84,25,1.0,1.0,0.37698649199132406,13.780251900171304
84,26,1.0,1.0,0.028306395581302213,15.568768565955242
84,27,1.0,-1.0,-1.7909028006042287,16.217379338942703
84,28,1.0,-1.0,-0.9143827299647254,17.823365417676467
84,29,1.0,-1.0,-0.5921199697378037,20.795014749128256
84,30,1.0,1.0,0.02691481196004128,18.00367312262475
84,31,1.0,-1.0,-0.2725529390994412,17.413252299888878
84,32,1.0,-1.0,-1.4411300196985142,13.777602947306363
84,33,1.0,-1.0,-1.7249118519251814,14.205838261047836
84,34,1.0,-1.0,-0.5286376892579956,13.372908353415307
84,35,1.0,-1.0,-1.6324317625009053,20.24013293393576
84,36,1.0,-1.0,-0.618142379868033,14.723457823536506
84,37,1.0,1.0,0.07835219625157816,19.837258017047432
84,38,1.0,1.0,0.10800379514703562,20.690563863403067
84,39,1.0,1.0,0.4075167639369273,17.26421359742869
84,40,1.0,1.0,0.08014356223534286,15.776481303642708
84,41,1.0,-1.0,-1.204950383819852,15.536113483613333
84,42,1.0,1.0,0.7691207800640328,11.310525030546565
84,43,1.0,-1.0,-0.23850500777542688,16.189855264895083
84,44,1.0,-1.0,-0.008241059105603396,13.295609767203947
84,45,1.0,-1.0,-0.5340849786851174,13.788585267112222
84,46,1.0,-1.0,-1.182465392592505,16.691450580662185
84,47,1.0,-1.0,-0.9926097548174653,13.29210446367376
84,48,1.0,1.0,0.18722488780706015,19.597748623614013
84,49,1.0,-1.0,-0.13462925514513652,13.929295918838227
84,50,1.0,1.0,0.34741299907163814,20.716538088156316
84,51,1.0,1.0,0.20937767324819792,13.325726827909797
84,52,1.0,1.0,0.8284317090503791,16.027447540944728
84,53,1.0,-1.0,-0.2854368499689029,14.54385688236694
84,54,1.0,1.0,0.027767543040137593,19.0846411484871
84,55,1.0,-1.0,-0.23047356789779327,20.236823937170996
84,56,1.0,-1.0,-0.31173473054020684,13.60373803080853
84,57,1.0,-1.0,-2.54291856175128,16.863870136724316
84,58,1.0,1.0,1.0277776241944763,13.990175068764716
84,59,1.0,1.0,0.258335475705443,17.423713190996683
84,60,1.0,1.0,0.16822990315040753,10.775524641204175
84,61,1.0,1.0,0.7081754659297379,15.392133395401567
84,62,1.0,-1.0,-0.6950452767792956,14.44078500380486
84,63,1.0,-1.0,-0.6614227186514707,13.1137233664888
84,64,-1.0,1.0,1.267196543033853,12.908551573321832
84,65,-1.0,1.0,0.9515025993440046,18.165435783620392
84,66,-1.0,1.0,0.5847332026949905,12.39641233498762
84,67,-1.0,-1.0,-0.814239998119605,15.288612253106947
84,68,-1.0,-1.0,-1.163006662415823,14.976208075162127
84,69,-1.0,-1.0,-1.0681259508745107,16.908817878933885
84,70,-1.0,-1.0,-1.192963584574535,18.60367560554291
84,71,-1.0,1.0,0.6385844894112982,14.227967466580928
84,72,-1.0,-1.0,-1.3540378067959713,15.668183344155647
84,73,-1.0,-1.0,-0.11372549545961153,17.908440428333837
84,74,-1.0,1.0,0.574774389396643,16.940113144064927
84,75,-1.0,1.0,0.7346602125893062,16.65782519685569
84,76,-1.0,-1.0,-1.155133144333099,15.339945174084981
84,77,-1.0,-1.0,-0.2751530245361881,18.16753556087518
84,78,-1.0,1.0,0.9211887782081238,14.652048765065388
84,79,-1.0,-1.0,-1.3178589840388524,18.744452715524094
84,80,-1.0,1.0,0.890180981315374,14.727298493253839
84,81,-1.0,-1.0,-0.5133533007008971,17.794907284861182
84,82,-1.0,-1.0,-0.24205252773429456,14.286488792133524
84,83,-1.0,-1.0,-0.15294209797228864,12.196473269028193
84,84,-1.0,1.0,0.8622857558917834,15.180200225380315
84,85,-1.0,1.0,0.28887743657091886,18.02861881314766
84,86,-1.0,-1.0,-0.11296920873286825,17.50739932466942
84,87,-1.0,-1.0,-1.4829438904916845,18.093908652530693
84,88,-1.0,-1.0,-0.24361842666336925,15.266852299646114
84,89,-1.0,1.0,0.4146369932555229,19.30160439900299
84,90,-1.0,1.0,0.10918853405391543,15.343719459401594
84,91,-1.0,1.0,1.4889731902844903,13.75026510395394
84,92,-1.0,-1.0,-0.8538741860983015,16.870211643456944
84,93,-1.0,-1.0,-0.5183176440442236,20.242299169123623
84,94,-1.0,-1.0,-1.2998801412836163,15.67571617748395
84,95,-1.0,1.0,0.7624035028642504,14.050555472447721
84,96,-1.0,1.0,0.408196538358576,18.663144428675437
84,97,-1.0,1.0,0.6794120165465505,12.504376737159737
84,98,-1.0,1.0,0.16782414227866538,14.284037864673362
84,99,-1.0,-1.0,-0.2724509092216336,20.073358484193072
84,100,-1.0,-1.0,-0.8213924014808803,14.44608114459697
84,101,-1.0,-1.0,-0.11732438692516886,17.064729729838977
84,102,-1.0,1.0,0.32748633785588444,16.325154849252268
84,103,-1.0,-1.0,-1.5453373990906947,13.652115576680279
84,104,-1.0,-1.0,-1.1380518447353436,16.955804307830412
84,105,-1.0,-1.0,-1.357858693145323,15.940451833719177
84,106,-1.0,1.0,1.077625786459285,14.984892161369094
84,107,-1.0,1.0,1.1419201674140096,15.221391126580482
84,108,-1.0,-1.0,-1.4501725751554424,18.104476495537018
84,109,-1.0,-1.0,-1.250335354903454,12.976859894080585
84,110,-1.0,-1.0,-0.05521213065687057,16.25793134479598
84,111,-1.0,-1.0,-1.2187978410021434,17.62431710964536
84,112,-1.0,1.0,1.3059169509445079,18.638236849868594
84,113,-1.0,-1.0,-1.5845645706800118,15.009190371590797
84,114,-1.0,1.0,0.0771870472488492,20.51760514190324
84,115,-1.0,-1.0,-0.8403543739377617,15.714737430349926
84,116,-1.0,1.0,0.4679682958760619,16.698962417574375
84,117,-1.0,-1.0,-0.384661366205432,15.229045564589725
84,118,-1.0,-1.0,-0.9512704624714116,13.66529803131558
84,119,-1.0,-1.0,-1.3266160313999573,19.06055519756128
84,120,-1.0,-1.0,-0.08614714693670453,18.183963500595574
84,121,-1.0,-1.0,-0.33973141789893574,13.282528639528266
84,122,-1.0,-1.0,-0.10527720156760359,16.634972123012364
84,123,-1.0,-1.0,-0.9129877440244692,15.144267886587194
84,124,-1.0,-1.0,-0.8150645134932553,14.596572491380286
84,125,-1.0,-1.0,-0.08706906844400154,15.08330697295498
84,126,-1.0,-1.0,-0.3113154878515973,18.508014482751193
84,127,-1.0,-1.0,-1.0762812372892379,18.58266143919062
85,0,1.0,1.0,0.3463386808160711,19.562055855746355
85,1,1.0,1.0,0.604310899064598,19.493406008546597
85,2,1.0,-1.0,-0.5525327997263363,19.21357986701922
85,3,1.0,1.0,0.5030237487486272,14.286697908979454
85,4,1.0,1.0,0.4078973715631713,15.010228958170208
85,5,1.0,1.0,1.1210494197078587,17.192377698994758
85,6,1.0,1.0,1.6896325087709811,15.005283717922788
85,7,1.0,1.0,0.13663623037538278,15.987268362220313
85,8,1.0,-1.0,-0.2695344166191006,19.851903465918056
85,9,1.0,1.0,0.7643451251805103,13.847872582534833
85,10,1.0,1.0,0.0803831715152241,16.989852989747703
85,11,1.0,-1.0,-0.4771188957468444,19.67699281973132
85,12,1.0,1.0,1.7329879553622936,16.556222050738175
85,13,1.0,-1.0,-1.3498861173991188,14.16753207814877
85,14,1.0,-1.0,-0.678070297964307,14.678647985726913
85,15,1.0,1.0,0.2516641252421167,13.1316653357871
85,16,1.0,-1.0,-1.7173999259000492,15.53594167228418
85,17,1.0,1.0,0.18260968532335195,14.200713577607363
85,18,1.0,-1.0,-1.832419392282657,16.4278492406945
85,19,1.0,-1.0,-0.9772174528930119,13.472764325835223
85,20,1.0,1.0,1.0890131247288428,17.182074953756242
85,21,1.0,-1.0,-1.5398345042886852,12.13210834535538
85,22,1.0,1.0,0.8392333513646926,18.07191701196639
85,23,1.0,-1.0,-0.5753263297763872,16.084607249605742
85,24,1.0,1.0,2.2703577014027627,17.143631885864984
85,25,1.0,-1.0,-0.23833010812696012,16.05233218862467
85,26,1.0,-1.0,-2.3769963420397984,15.25741896773586
85,27,1.0,-1.0,-0.6286654138678103,12.810534152461724
85,28,1.0,1.0,0.3715851424565303,14.13513506133273
85,29,1.0,-1.0,-0.6228961404016348,15.209270253861078
85,30,1.0,-1.0,-0.7154798661468507,15.060814860150758
85,31,1.0,1.0,1.1257621380959997,12.443834582964081
85,32,1.0,1.0,0.4180903161603808,14.444058389929616
85,33,1.0,1.0,0.6711407826014004,18.690739172424127
85,34,1.0,-1.0,-0.2537232431295514,19.042324739818795
85,35,1.0,1.0,1.9337676784987292,16.865576000666376
85,36,1.0,-1.0,-0.21261897419737083,19.40691685912679
85,37,1.0,1.0,0.026354003597464704,18.44576286227301
85,38,1.0,1.0,1.4748353656678808,17.32034010336866
85,39,1.0,-1.0,-0.08070651733977709,11.624017700116816
85,40,1.0,1.0,0.6428727112082642,19.144177146544962
85,41,1.0,1.0,0.7250861244504909,13.226124559646424
85,42,1.0,1.0,0.4791762085140253,15.136436906012676
85,43,1.0,-1.0,-0.09422850303844288,17.322651258534034
85,44,1.0,1.0,2.1403196323442204,18.162753933088464
85,45,1.0,1.0,1.4087084344272658,16.57928966156809
85,46,1.0,-1.0,-0.11935197532710302,10.997482256310985
85,47,1.0,-1.0,-0.2358250894916542,16.196799549494298
85,48,1.0,1.0,0.1398739409903371,15.754571661930935
85,49,1.0,1.0,0.9169087373233373,18.478775621695434
85,50,1.0,-1.0,-0.36422434169234563,18.097209092533348
85,51,1.0,1.0,0.2570375581395767,13.14949508374179
85,52,1.0,-1.0,-1.4495868654867303,13.891488027224243
85,53,1.0,1.0,1.5536358688770169,15.332188686645937
85,54,1.0,1.0,0.21057929035060485,18.262520744107572
85,55,1.0,1.0,1.5076082223007896,19.19024859942319
85,56,1.0,1.0,0.9192265359311712,14.848863681835518
85,57,1.0,1.0,0.5626399720732922,16.226764721552787
85,58,1.0,1.0,0.43531507402138747,18.69016275239859
85,59,1.0,-1.0,-0.5890275532309102,17.575315560458133
85,60,1.0,1.0,0.19730001646302991,16.503547004975864
85,61,1.0,1.0,1.7480932397939222,17.42373154474181
85,62,1.0,1.0,1.2111026148908164,14.997402493068376
85,63,1.0,-1.0,-1.1571987594263953,17.441572978627335
85,64,-1.0,-1.0,-0.9933238715473297,13.923149517383683
85,65,-1.0,-1.0,-0.7188129387890664,16.845948932980733
85,66,-1.0,-1.0,-0.6177547808515433,15.829036764934298
85,67,-1.0,1.0,1.0793696286892775,17.786356271224864
85,68,-1.0,-1.0,-0.9233446530864383,18.9339727355789
85,69,-1.0,-1.0,-1.5367718088059,16.258119051266707
85,70,-1.0,-1.0,-0.5875274075811269,13.756566458048074
85,71,-1.0,1.0,1.6834011253052683,18.572206658456974
85,72,-1.0,1.0,0.679010461912594,15.238304964060882
85,73,-1.0,-1.0,-0.9742628710186051,17.604242143477425
85,74,-1.0,-1.0,-0.4659334864514584,18.134169565266816
85,75,-1.0,-1.0,-0.6259825975834961,17.446765191897867
85,76,-1.0,1.0,0.3040813843180227,19.040023876885098
85,77,-1.0,1.0,0.8887359463642168,17.447798055577607
85,78,-1.0,1.0,2.429482463155225,16.94626200807956
85,79,-1.0,1.0,0.3958928251523012,15.45500372529754
85,80,-1.0,-1.0,-0.7477975476911822,14.932318884960095
85,81,-1.0,-1.0,-1.372556705378322,18.514347942855967
85,82,-1.0,-1.0,-1.4686765214712143,16.32908022329515
85,83,-1.0,1.0,0.08691349068472916,13.907507630313898
85,84,-1.0,1.0,0.6751430419127911,15.734275468367208
85,85,-1.0,-1.0,-1.2427502865402316,14.961280520980623
85,86,-1.0,-1.0,-0.3433764821340692,12.471531850482327
85,87,-1.0,1.0,0.25378924563741234,14.59066288462481
85,88,-1.0,1.0,0.626127938197502,17.196330718998965
85,89,-1.0,1.0,0.15611654213147802,12.249830032673199
85,90,-1.0,1.0,1.1709385317105518,19.043474309689046
85,91,-1.0,1.0,0.7251747248174301,16.699290555268608
85,92,-1.0,-1.0,-0.10459358762238143,12.79001304098728
85,93,-1.0,-1.0,-0.2640973584180971,12.867429796383602
85,94,-1.0,1.0,1.3521338076624176,13.642957291492046
85,95,-1.0,-1.0,-1.4045864658768916,15.66661627346036
85,96,-1.0,-1.0,-0.12029243632510203,12.45012003638373
85,97,-1.0,1.0,0.2946459152552603,19.52560057206474
85,98,-1.0,1.0,0.6437719455331621,13.904191719694412
85,99,-1.0,1.0,1.4805055270680374,18.227763942037324
85,100,-1.0,-1.0,-1.5307575646014187,18.44036928792643
85,101,-1.0,1.0,0.3172104506028459,13.383204360703308
85,102,-1.0,1.0,1.1676807788424182,13.578716393932435
85,103,-1.0,1.0,0.37098850194943755,12.365583097367255
85,104,-1.0,-1.0,-0.6204549399509764,14.97253170019194
85,105,-1.0,-1.0,-0.9001873807966324,14.830197178344541
85,106,-1.0,1.0,0.2921299407446586,14.686338617724683
85,107,-1.0,1.0,0.7800877026265531,15.055112754263599
85,108,-1.0,1.0,0.4884867844467866,16.595162664098787
85,109,-1.0,-1.0,-0.05378963727131336,14.656972740041601
85,110,-1.0,-1.0,-0.41258953195186787,14.470367687391217
85,111,-1.0,-1.0,-0.8099367421578616,16.829651608671696
85,112,-1.0,1.0,2.4781787540633697,19.157107934063426
85,113,-1.0,1.0,1.3172991365244082,19.138664481273484
85,114,-1.0,1.0,0.623814679494227,15.186181898134857
85,115,-1.0,1.0,1.1908303030331278,17.0259238794343
85,116,-1.0,-1.0,-0.7164115728497205,15.70308504608741
85,117,-1.0,1.0,0.6889643728063246,14.618972338611501
85,118,-1.0,-1.0,-0.6920016255455156,14.901228286909767
85,119,-1.0,1.0,0.4156033131192432,17.37310629049861
85,120,-1.0,1.0,0.8223575906653594,15.112629555419634
85,121,-1.0,-1.0,-1.1267837590211383,13.642814592974016
85,122,-1.0,1.0,1.738656105226134,20.29668596965882
85,123,-1.0,-1.0,-0.3724519879217499,12.063342538835652
85,124,-1.0,1.0,0.905728137463237,15.464744892894423
85,125,-1.0,1.0,0.3418321802440236,19.025984825753685
85,126,-1.0,-1.0,-0.5052475335893182,16.234899175391305
85,127,-1.0,-1.0,-1.2948684229783343,15.304252303533524
86,0,1.0,1.0,0.0986112730333143,14.51235536822318
86,1,1.0,-1.0,-1.3494459286197849,16.153555866483178
86,2,1.0,-1.0,-1.7568366721038704,18.00199258049655
86,3,1.0,-1.0,-1.5990594944331544,17.04766236077209
86,4,1.0,-1.0,-0.07315105166421207,14.368952110899617
86,5,1.0,1.0,0.9010932356684351,14.043995605060704
86,6,1.0,1.0,1.2873119228224827,16.336484408340432
86,7,1.0,-1.0,-0.8039191435424633,15.924685268919186
86,8,1.0,-1.0,-0.277792470649873,17.06399830515609
86,9,1.0,-1.0,-0.9005628292409141,14.980615884399615
86,10,1.0,1.0,0.6959013653379394,16.984400450373798
86,11,1.0,1.0,0.7124342195427259,15.8196307956216
86,12,1.0,-1.0,-0.4209036474791261,12.061868777644413
86,13,1.0,1.0,0.09630841693254683,16.194980658169168
86,14,1.0,-1.0,-0.8779407307908856,13.76009485273002
86,15,1.0,-1.0,-0.7564925100491513,16.910430115631268
86,16,1.0,-1.0,-0.21848143582498236,15.902591086803772
86,17,1.0,1.0,1.5256392783667445,13.94598740695111
86,18,1.0,1.0,0.10165629511254391,14.845688600763127
86,19,1.0,-1.0,-0.1583606700202992,13.638778309741962
86,20,1.0,1.0,0.7211041362544139,14.573322003398198
86,21,1.0,1.0,0.07262458924709175,15.561838696286477
86,22,1.0,1.0,0.7232549098469441,13.984835309794759
86,23,1.0,-1.0,-0.4919784188085281,14.434005759086663
86,24,1.0,1.0,1.4353929326932773,16.784813749898653
86,25,1.0,-1.0,-0.019500842216743475,16.030739507353804
86,26,1.0,-1.0,-1.2558173258523595,14.279144921408449
86,27,1.0,-1.0,-1.4549397472527885,18.499208574529636
86,28,1.0,-1.0,-1.4362937223705392,16.48969717113636
86,29,1.0,-1.0,-0.7740238500502735,15.836043356231421
86,30,1.0,1.0,0.021906806138409993,17.38374500795944
86,31,1.0,-1.0,-0.666106709728896,11.578327192509759
86,32,1.0,1.0,1.0012960334821088,12.531551748525386
86,33,1.0,-1.0,-0.15188280727791964,13.496657187751232
86,34,1.0,-1.0,-0.012959993969934927,12.818134504954676
86,35,1.0,1.0,0.0820596085457165,16.448559263646445
86,36,1.0,1.0,0.33747708361842305,14.770475343571897
86,37,1.0,1.0,0.0800936495598718,12.170001980907804
86,38,1.0,-1.0,-0.5504063210433583,16.855489200473656
86,39,1.0,1.0,0.3022247699705123,12.63958021996015
86,40,1.0,-1.0,-0.4208102144368268,14.985216090970718
86,41,1.0,-1.0,-1.7169264580059265,16.671266588530294
86,42,1.0,-1.0,-1.4684705378911471,14.446741783973488
86,43,1.0,-1.0,-1.5101980969398054,15.710088915707408
86,44,1.0,-1.0,-1.8383630610047441,15.387442452303823
86,45,1.0,-1.0,-1.0329212317246705,15.967425295799654
86,46,1.0,-1.0,-1.9678816956292127,19.04571705393261
86,47,1.0,-1.0,-0.11892894630866019,13.0572791212961
86,48,1.0,1.0,1.1065118486607488,16.278519025522705
86,49,1.0,-1.0,-1.3110465605285606,15.29669117339463
86,50,1.0,-1.0,-0.5345105087346909,17.544083353832214
86,51,1.0,-1.0,-0.8592962466674274,16.43741390563907
86,52,1.0,-1.0,-0.9337358331680348,15.854478980352818
86,53,1.0,1.0,1.8992366607154785,14.468896052370699
86,54,1.0,1.0,1.3015866548359096,12.906581936777448
86,55,1.0,-1.0,-0.975799853012582,14.36871341577964
86,56,1.0,-1.0,-0.4834979362125537,15.157036630445333
86,57,1.0,1.0,0.6664078959039198,15.122572064335507
86,58,1.0,-1.0,-1.1706827536967521,14.996913856469927
86,59,1.0,1.0,1.1674334824571446,14.577173596780991
86,60,1.0,1.0,0.16341603177494526,10.720327369889638
86,61,1.0,-1.0,-0.7593752976156392,13.031991109238717
86,62,1.0,1.0,0.8825823394564092,14.379854055188394
86,63,1.0,-1.0,-0.33583547266277114,15.813144034519134
86,64,-1.0,1.0,0.015019001240059837,14.843886405751977
86,65,-1.0,-1.0,-0.821985006202225,17.87768761554686
86,66,-1.0,1.0,0.676040993396081,17.990736449357016
86,67,-1.0,-1.0,-1.2416907083683608,17.753598583544342
86,68,-1.0,-1.0,-0.4754643978645895,16.155982146294157
86,69,-1.0,-1.0,-0.36033135480922185,14.892409152799772
86,70,-1.0,-1.0,-0.952865416887368,18.800456483168016
86,71,-1.0,-1.0,-0.9410184574434133,13.219025191212548
86,72,-1.0,-1.0,-0.30785997511990754,18.45049098842167
86,73,-1.0,-1.0,-0.9933426905316112,14.6761938599108
86,74,-1.0,1.0,0.05155887439094389,17.28312527907733
86,75,-1.0,1.0,0.41692953527739723,17.0500508425852
86,76,-1.0,1.0,1.8597066727879379,11.096672411023786
86,77,-1.0,-1.0,-0.4517535582805734,13.486598775639083
86,78,-1.0,1.0,1.058401713606664,14.78586846916509
86,79,-1.0,-1.0,-0.9866526980273544,13.80541307011169
86,80,-1.0,1.0,0.17447742007132822,14.517469194060366
86,81,-1.0,1.0,1.5956484494487213,14.876729784932737
86,82,-1.0,1.0,0.7125204606376305,11.807371228109137
86,83,-1.0,1.0,1.2175207938607786,17.477724851230956
86,84,-1.0,-1.0,-0.18813178730500218,12.563939922180941
86,85,-1.0,1.0,0.8402941288565644,17.70245818518721
86,86,-1.0,1.0,0.7669428943445644,14.518050427996137
86,87,-1.0,-1.0,-0.32767275340565394,14.165627567931537
86,88,-1.0,1.0,0.7425632017986875,13.560245251755646
86,89,-1.0,-1.0,-0.6547419480825557,12.663954028177596
86,90,-1.0,1.0,0.49172206887555575,17.054218637469702
86,91,-1.0,-1.0,-0.30532083999241366,13.098367926825913
86,92,-1.0,1.0,1.3153755980641233,16.035370793298824
86,93,-1.0,1.0,0.5003342361172192,12.860939231542403
86,94,-1.0,-1.0,-0.7928082295857939,17.904321312121724
86,95,-1.0,-1.0,-0.7873323954015788,14.68261087354627
86,96,-1.0,-1.0,-0.15880044027619794,13.36548839332501
86,97,-1.0,1.0,0.9598585942604512,12.177632888923544
86,98,-1.0,1.0,0.6272276040276032,17.098095807463206
86,99,-1.0,1.0,0.34605569019226207,11.98854916560191
86,100,-1.0,-1.0,-0.3791712632731742,13.599292677103257
86,101,-1.0,-1.0,-1.1361274334621019,15.969717842358296
86,102,-1.0,-1.0,-0.7105671801300251,13.785144205013866
86,103,-1.0,1.0,0.02900525384873963,15.737139383179768
86,104,-1.0,1.0,1.285770169947844,17.487359476616753
86,105,-1.0,1.0,0.6718424484412574,15.41987695088928
86,106,-1.0,-1.0,-0.3556508111613129,18.377047304853058
86,107,-1.0,1.0,0.7071988221296991,12.137515287063165
86,108,-1.0,-1.0,-1.3271436744031264,17.581485193963605
86,109,-1.0,-1.0,-0.40450301030011526,15.227270893792332
86,110,-1.0,1.0,1.0747150748328327,14.947058934829707
86,111,-1.0,-1.0,-0.6461642770924834,17.054172806936673
86,112,-1.0,-1.0,-0.885456344935325,18.223181302424813
86,113,-1.0,-1.0,-0.761294106707547,16.379485508850003
86,114,-1.0,1.0,1.6407578415667996,16.173598074200697
86,115,-1.0,-1.0,-0.5994353584180473,16.63276661032993
86,116,-1.0,1.0,0.6610463286838395,16.014386124154466
86,117,-1.0,1.0,0.7105368873485346,14.695807000589825
86,118,-1.0,-1.0,-0.0433548112950128,18.762126004411265
86,119,-1.0,-1.0,-0.08976893944861554,12.684932168706178
86,120,-1.0,1.0,0.016796160620894104,13.215715276708442
86,121,-1.0,-1.0,-0.3632825237017159,18.881181831787032
86,122,-1.0,-1.0,-0.47556582998656977,15.875824098731883
86,123,-1.0,-1.0,-0.469124744185057,17.689439265112433
86,124,-1.0,1.0,0.19695192696678407,11.6156762989812
86,125,-1.0,-1.0,-0.8832132816909829,16.306880714775097
86,126,-1.0,-1.0,-0.43812483666498614,13.978129109346236
86,127,-1.0,1.0,1.6927463430567617,14.872643317610768
87,0,1.0,-1.0,-0.47710721839640985,12.351461442069928
87,1,1.0,-1.0,-0.6738077587710222,12.895306817820575
87,2,1.0,-1.0,-0.570904196984134,15.741686521238458
87,3,1.0,1.0,0.4052634055798997,18.01535034704843
87,4,1.0,-1.0,-0.19876769546152956,17.01681606559656
87,5,1.0,-1.0,-0.2065036054436355,17.647430743623143
87,6,1.0,-1.0,-0.10036587149335983,13.128885261042452
87,7,1.0,1.0,0.09009051348772071,15.495064810541463
87,8,1.0,1.0,0.060315286103299504,12.099581220222706
87,9,1.0,1.0,0.4412225630985215,14.886482366607058
87,10,1.0,1.0,0.049851153383437374,14.447903870919024
87,11,1.0,1.0,0.7604934211628008,14.906969050596805
87,12,1.0,-1.0,-0.3715267778671769,16.105416375440544
87,13,1.0,1.0,1.6216325460461953,15.7931692858571
87,14,1.0,1.0,0.4534577892678696,16.808158996226208
87,15,1.0,1.0,0.06578912243367514,17.68324496194098
87,16,1.0,1.0,1.2359078530407874,16.241363224056368
87,17,1.0,-1.0,-0.5354810816373312,11.648059627852057
87,18,1.0,-1.0,-0.5169417340025396,15.344436485351437
87,19,1.0,1.0,0.31775712184224614,18.331225328251264
87,20,1.0,-1.0,-0.4923578822980593,15.168498703115683
87,21,1.0,-1.0,-0.7710921680359581,19.01500373721339
87,22,1.0,-1.0,-0.9181606699802183,17.598544215435687
87,23,1.0,-1.0,-0.09312818745364275,17.638499799154978
87,24,1.0,-1.0,-1.6046175421691866,13.78164529822546
87,25,1.0,-1.0,-0.5678036679008783,16.068031444729908
87,26,1.0,-1.0,-0.4915197289007512,11.834193745491488
87,27,1.0,-1.0,-0.2968901034169532,16.219772233664564
87,28,1.0,1.0,0.2933663770337437,14.895195967025352
87,29,1.0,-1.0,-0.2534318421042587,14.693401360541765
87,30,1.0,-1.0,-0.5724230247508648,14.685762999532875
87,31,1.0,1.0,0.19377406196217428,10.595385564791423
87,32,1.0,1.0,1.0656450451020107,15.061816262711126
87,33,1.0,-1.0,-0.16284802723523753,17.93310765031647
87,34,1.0,1.0,1.3060454677005322,16.16123121815201
87,35,1.0,-1.0,-0.6708951948046047,17.762496340693904
87,36,1.0,1.0,0.02679290629255733,14.357592605002553
87,37,1.0,-1.0,-0.16032467510732526,13.505366998836763
87,38,1.0,1.0,0.24613942974364547,17.45216848896191
87,39,1.0,1.0,2.034860035524444,17.470788509686802
87,40,1.0,1.0,0.3317359343131867,14.367807362426356
87,41,1.0,-1.0,-1.2831887986796677,15.897607884556098
87,42,1.0,-1.0,-1.1434016558786124,15.98646091392979
87,43,1.0,-1.0,-0.6961202093026947,12.038989591426315
87,44,1.0,1.0,1.4268241515028595,18.199172318360933
87,45,1.0,-1.0,-0.1332422024374395,14.127879097755386
87,46,1.0,1.0,1.3042099015986681,18.6973219751019
87,47,1.0,-1.0,-0.6990518272462612,16.686885110989895
87,48,1.0,-1.0,-1.2723433296605675,15.874528419552856
87,49,1.0,-1.0,-0.8028027920114923,13.489035045442963
87,50,1.0,-1.0,-1.0033130499033838,16.262937687782912
87,51,1.0,1.0,0.36039529233162393,13.939537144508778
87,52,1.0,1.0,0.27905809649217517,17.948843190245224
87,53,1.0,1.0,1.6101680633631281,15.84426368003336
87,54,1.0,-1.0,-0.0354538677491517,14.353692103784317
87,55,1.0,-1.0,-0.6430289340090526,15.684283539699393
87,56,1.0,1.0,0.5966708746049579,17.46024373207574
87,57,1.0,-1.0,-0.2938066590897204,16.101688415573012
87,58,1.0,1.0,0.011948171955976819,19.29095195667443
87,59,1.0,-1.0,-0.0665578222619281,15.520524228151267
87,60,1.0,-1.0,-0.13051910268987038,15.332638506417533
87,61,1.0,-1.0,-0.4753433809319929,18.60230242973802
87,62,1.0,1.0,0.9218147771202417,19.32616667220195
87,63,1.0,-1.0,-0.20270913583535302,17.731068627953732
87,64,-1.0,-1.0,-0.15012441774400553,14.654566582315127
87,65,-1.0,1.0,0.6649249443129464,18.676721144372586
87,66,-1.0,1.0,1.2312151602892434,16.98154006140029
87,67,-1.0,1.0,0.16408107120731089,16.729395586604515
87,68,-1.0,-1.0,-0.0514120582541288,15.239668292810236
87,69,-1.0,-1.0,-0.2741735418967462,12.193552527647526
87,70,-1.0,1.0,0.23338375762551122,17.901935343840904
87,71,-1.0,1.0,0.47935407037379163,12.66263828931607
87,72,-1.0,-1.0,-0.0033094582726526794,15.453283532169975
87,73,-1.0,1.0,1.29461997691728,18.670108787066333
87,74,-1.0,-1.0,-0.3529376284438361,17.016472854562547
87,75,-1.0,-1.0,-0.3248974675874355,14.869187959463734
87,76,-1.0,1.0,0.46851317596637854,15.921530599153826
87,77,-1.0,-1.0,-0.34307484509667274,14.26391998387012
87,78,-1.0,1.0,0.001299819458362439,15.345109374811956
87,79,-1.0,1.0,0.9563785285150468,12.115902216018878
87,80,-1.0,1.0,0.11702583771021406,13.00126247525089
87,81,-1.0,1.0,1.105609823765716,13.655509278349207
87,82,-1.0,1.0,0.7323169228665996,16.455322453289472
87,83,-1.0,1.0,1.0286932731278098,16.672850591483282
87,84,-1.0,-1.0,-0.42252043102470843,14.845769312819558
87,85,-1.0,-1.0,-0.27303717837091795,15.241223420711512
87,86,-1.0,1.0,0.9992311775167168,15.81590514770664
87,87,-1.0,1.0,0.9391446446352889,12.758258027589406
87,88,-1.0,1.0,0.5678644923633928,14.965056454443037
87,89,-1.0,1.0,1.0333403248945352,13.430086263523531
87,90,-1.0,1.0,0.06678931731499664,15.172529419919986
87,91,-1.0,1.0,0.4879838451856482,15.936446096735752
87,92,-1.0,-1.0,-0.08739814786148042,14.723983932654766
87,93,-1.0,1.0,0.06227591729956043,16.34980217241543
87,94,-1.0,-1.0,-0.14769960584179892,16.264632995648196
87,95,-1.0,1.0,0.6443251024679729,18.633132692921745
87,96,-1.0,1.0,0.9610358290224907,19.215369392661742
87,97,-1.0,-1.0,-0.28747090912284157,12.103792715841843
87,98,-1.0,1.0,0.5856574290561105,13.702911474647888
87,99,-1.0,1.0,0.24140584641520704,16.971925538739338
87,100,-1.0,1.0,0.8091168726338489,18.345330903133732
87,101,-1.0,-1.0,-0.01995412473286433,12.081212944034302
87,102,-1.0,1.0,0.5217249187524964,18.475364724770944
87,103,-1.0,1.0,0.41552399471944124,14.437136251155836
87,104,-1.0,1.0,1.3147006043501193,13.888398395983353
87,105,-1.0,1.0,0.3513681510719511,14.73617478537454
87,106,-1.0,1.0,0.3506243501832472,17.459501737294957
87,107,-1.0,1.0,1.8130866976687596,16.53487682992502
87,108,-1.0,1.0,0.1455036553562651,15.323880400811714
87,109,-1.0,1.0,0.2808934185797201,12.114155775473442
87,110,-1.0,1.0,0.1313789568092,17.189736026220853
87,111,-1.0,1.0,0.25077424422489364,14.197678743503555
87,112,-1.0,1.0,0.807040757816222,12.945349163520575
87,113,-1.0,-1.0,-0.323750218990301,17.508720691796285
87,114,-1.0,-1.0,-0.26102067715344446,13.132466806840474
87,115,-1.0,-1.0,-0.13496433971199273,16.81983296387064
87,116,-1.0,1.0,0.5368417220531405,16.080694526583414
87,117,-1.0,1.0,0.0604683657499266,12.441212239810788
87,118,-1.0,1.0,0.9409350094282279,14.658531182088728
87,119,-1.0,1.0,1.1499107151935037,14.916226205385247
87,120,-1.0,-1.0,-0.1483787712046472,12.93076680651761
87,121,-1.0,-1.0,-0.10048599509680495,13.94959996456878
87,122,-1.0,1.0,0.23860214671340377,15.259706816678566
87,123,-1.0,1.0,0.5146027834757395,18.196671146117502
87,124,-1.0,1.0,0.4849516048777597,17.03108764402525
87,125,-1.0,-1.0,-0.1352569006150045,17.563844100344667
87,126,-1.0,1.0,1.0350113044668834,18.02375378589639
87,127,-1.0,1.0,0.2548328538803811,14.842186385986755
88,0,1.0,1.0,0.027717031216111188,17.921024464954332
88,1,1.0,-1.0,-1.4996632426228849,15.09165113912776
88,2,1.0,1.0,0.5735584579251172,16.279482383665325
88,3,1.0,1.0,0.10242025511660849,12.059410479543898
88,4,1.0,-1.0,-0.6832786858922613,13.779043341411237
88,5,1.0,1.0,0.9266320577670255,15.487424547486953
88,6,1.0,1.0,0.23295336729682956,14.300128971403067
88,7,1.0,1.0,0.9784387164655252,14.764949790526044
88,8,1.0,-1.0,-0.2620036873182048,16.118420509629825
88,9,1.0,-1.0,-1.536453292590187,12.870782351087897
88,10,1.0,-1.0,-0.9128993128198477,12.264411160620881
88,11,1.0,1.0,0.9205480725767324,16.619864990849585
88,12,1.0,1.0,0.23218770526937804,13.617649609519399
88,13,1.0,1.0,0.22722052203885235,17.97587311441801
88,14,1.0,-1.0,-0.6184049324668552,14.993878294696655
88,15,1.0,1.0,0.0892114801423136,13.689341714814608
88,16,1.0,-1.0,-1.0348477255641186,14.070110522029621
88,17,1.0,-1.0,-0.27019866031040063,12.038771802004238
88,18,1.0,1.0,0.23000672736508798,16.555873898695527
88,19,1.0,1.0,0.18351695125978867,14.757162803917073
88,20,1.0,-1.0,-0.33866688358363617,12.643385387521107
88,21,1.0,1.0,0.46660625316679305,12.379288845757912
88,22,1.0,-1.0,-0.5631006943051778,12.33684274700726
88,23,1.0,1.0,0.18172309154757155,12.934537114629727
88,24,1.0,-1.0,-1.9026716552349878,14.720264002121997
88,25,1.0,1.0,0.8803074190019118,14.99836154827721
88,26,1.0,-1.0,-0.18561509715925584,13.453374730617705
88,27,1.0,1.0,0.0901239510394019,15.909460213289991
88,28,1.0,1.0,0.37797510509981114,14.532248015398471
88,29,1.0,-1.0,-1.674966122979752,13.82012920270555
88,30,1.0,-1.0,-0.7875958234086559,14.931892080463422
88,31,1.0,-1.0,-0.8469257687750443,13.379885014664879
88,32,1.0,-1.0,-0.5222267853468762,15.695335665795758
88,33,1.0,-1.0,-1.0280370687373246,14.812880107807505
88,34,1.0,1.0,0.5968749710135319,15.6662924666353
88,35,1.0,1.0,0.3054286942177903,14.772047581266886
88,36,1.0,1.0,0.6215051363363046,14.799194895389803
88,37,1.0,1.0,0.48281990876444036,12.52181070089688
88,38,1.0,1.0,0.5586296804967755,13.882080453351211
88,39,1.0,1.0,0.6203881650038388,11.39444646879805
88,40,1.0,1.0,0.12296603220004516,12.855573141571364
88,41,1.0,1.0,0.01333854068562991,14.335108413255327
88,42,1.0,1.0,0.5367864163795592,10.332211640020462
88,43,1.0,1.0,0.5382019940594012,13.78946451428732
88,44,1.0,-1.0,-1.1578738806924656,14.316653498732745
88,45,1.0,-1.0,-0.5965232390321878,18.083435077596487
88,46,1.0,1.0,0.30253418726705983,14.601263181654058
88,47,1.0,-1.0,-0.09082472140962655,12.369991372048066
88,48,1.0,-1.0,-1.3803417807250915,15.518336188370682
88,49,1.0,-1.0,-0.11507309637414588,11.91039816094258
88,50,1.0,-1.0,-1.0949248659987054,12.635805311642901
88,51,1.0,1.0,0.7623633001427476,17.99407196702268
88,52,1.0,1.0,0.16228371745909756,12.432694373002935
88,53,1.0,1.0,0.06983991975262097,17.47819272910749
88,54,1.0,-1.0,-0.4846434069924908,18.204674105964642
88,55,1.0,1.0,0.5059153543119205,13.828337759516726
88,56,1.0,1.0,0.048445991735489316,14.451493630145443
88,57,1.0,1.0,0.7805234719008959,17.79432409873337
88,58,1.0,-1.0,-0.6325665181898944,16.64920919398958
88,59,1.0,-1.0,-0.03457285570761599,16.04653517202825
88,60,1.0,1.0,0.11940697298553934,14.907577978320754
88,61,1.0,1.0,0.4835296505944225,17.14549228763855
88,62,1.0,1.0,0.40486299973415635,17.727588819075486
88,63,1.0,-1.0,-1.410806047483785,16.390021018058253
88,64,-1.0,1.0,1.03840497547444,14.889120086427406
88,65,-1.0,1.0,1.1649713717855912,15.812040733590747
88,66,-1.0,1.0,0.859994440837629,15.272125287697381
88,67,-1.0,1.0,0.9505988798253143,17.541124558463903
88,68,-1.0,1.0,0.8327626374394235,12.830321076195943
88,69,-1.0,1.0,0.373068548397681,12.051954501636574
88,70,-1.0,1.0,0.5271504010113648,13.383368997059907
88,71,-1.0,1.0,0.8252494517458571,14.884381526552962
88,72,-1.0,-1.0,-0.6085059287829244,16.300737636958736
88,73,-1.0,-1.0,-0.07389787470930768,12.963994980549888
88,74,-1.0,1.0,0.25691608795000137,12.188141005399974
88,75,-1.0,1.0,1.9050328214744423,18.070061407648634
88,76,-1.0,1.0,0.09284710097927003,12.253841868738196
88,77,-1.0,-1.0,-1.2941282747263223,14.319637491135984
88,78,-1.0,1.0,0.46233750894271874,12.7278145877389
88,79,-1.0,1.0,0.5621107344405277,15.315609133979823
88,80,-1.0,-1.0,-0.6228065899888433,13.691390362821659
88,81,-1.0,-1.0,-1.5142032492507265,14.742681250518407
88,82,-1.0,1.0,1.6030242707363591,15.28816807619726
88,83,-1.0,1.0,1.2389700672106867,14.45551030812141
88,84,-1.0,1.0,0.10025156427948226,14.230426679609979
88,85,-1.0,1.0,0.37739177088564024,15.278475031451189
88,86,-1.0,-1.0,-0.5968092353543056,13.812868372133664
88,87,-1.0,-1.0,-0.1992067673777936,13.782855183596656
88,88,-1.0,-1.0,-0.37122581811433425,11.16301192218474
88,89,-1.0,1.0,1.122056191264336,12.174454860924584
88,90,-1.0,1.0,1.530198959906887,13.297565438604199
88,91,-1.0,1.0,0.5465009041984025,12.481595432095574
88,92,-1.0,-1.0,-0.2790174830399694,15.944521385691628
88,93,-1.0,1.0,0.21485115630395596,13.632193820661662
88,94,-1.0,1.0,0.1410432990867534,11.940596579085488
88,95,-1.0,-1.0,-0.7705522633201745,14.05936286216326
88,96,-1.0,1.0,0.8421423803101198,12.310017854659078
88,97,-1.0,-1.0,-1.2284024602028334,14.009606641153724
88,98,-1.0,-1.0,-0.09138772924878413,17.727023211982434
88,99,-1.0,1.0,1.545227407089454,15.402706092929728
88,100,-1.0,1.0,1.0462819578943645,17.17001670387668
88,101,-1.0,-1.0,-1.0991874084729922,15.307452606774577
88,102,-1.0,1.0,0.48558041953648345,14.012982966635168
88,103,-1.0,1.0,0.08070796973945743,12.079323086511977
88,104,-1.0,-1.0,-0.7042875276068156,14.87557144895614
88,105,-1.0,1.0,0.0006259938593438513,15.089401127668472
88,106,-1.0,-1.0,-1.2827234451008698,12.944671756642368
88,107,-1.0,1.0,0.1236527596610571,14.035422275445535
88,108,-1.0,1.0,0.846763595290108,15.175391369936422
88,109,-1.0,1.0,0.5267533028618483,13.716163063936781
88,110,-1.0,-1.0,-0.24117867048316172,17.46197030659459
88,111,-1.0,-1.0,-1.2620166647585689,15.838297147709056
88,112,-1.0,-1.0,-0.8532175395802517,16.089125763709323
88,113,-1.0,-1.0,-0.646901285058131,16.22492490686421
88,114,-1.0,1.0,1.3660825507121965,18.140053478259887
88,115,-1.0,-1.0,-0.8661491782897475,16.63792663148144
88,116,-1.0,-1.0,-0.40009620627299625,17.205839166536123
88,117,-1.0,-1.0,-0.3191192683440902,13.640069079220954
88,118,-1.0,1.0,0.016480298013083504,13.126878358420782
88,119,-1.0,1.0,0.001888513246436213,17.82574939537381
88,120,-1.0,-1.0,-0.32467955693817613,14.987001867474905
88,121,-1.0,-1.0,-0.1440250476138532,14.92656854256866
88,122,-1.0,-1.0,-1.0860884533870518,14.168277851624824
88,123,-1.0,-1.0,-0.0437765621756753,14.432390482835956
88,124,-1.0,-1.0,-0.19286710358010517,14.011936480774741
88,125,-1.0,1.0,0.9856521850083191,16.371434000211924
88,126,-1.0,1.0,0.8712275149057542,16.715926512637225
88,127,-1.0,1.0,0.3172854422456145,12.439679880094596
89,0,1.0,-1.0,-0.8861374597739795,18.299445368820876
89,1,1.0,1.0,0.3902621532936822,12.934184837565738
89,2,1.0,1.0,0.1721137255943499,14.774657185470808
89,3,1.0,-1.0,-0.42266390715629176,14.737358384298622
89,4,1.0,1.0,0.07415154204809063,13.340035930753391
89,5,1.0,-1.0,-0.5620668177071191,16.822723171235165
89,6,1.0,1.0,0.14892263726278449,16.625126435989237
89,7,1.0,1.0,0.3118059218484928,12.909505331757254
89,8,1.0,-1.0,-0.07439154389577211,17.491249771139348
89,9,1.0,-1.0,-1.441830199455283,14.184024984134052
89,10,1.0,-1.0,-0.497560938482305,16.212275239981803
89,11,1.0,-1.0,-0.3030068498543749,12.684232545599844
89,12,1.0,-1.0,-0.07014015966807058,16.423316633802987
89,13,1.0,1.0,0.5194444885610656,15.535820127733297
89,14,1.0,1.0,0.3276089384892208,15.628284713242893
89,15,1.0,-1.0,-0.2259594642379108,17.69255932299759
89,16,1.0,-1.0,-2.107058924755802,16.87445031476418
89,17,1.0,1.0,0.5683506512855211,14.938097298949153
89,18,1.0,-1.0,-1.2415902687796536,15.880048743271018
89,19,1.0,-1.0,-0.2551784013526287,12.573340212806826
89,20,1.0,1.0,0.1907660164482047,16.538301488260416
89,21,1.0,-1.0,-1.2526021738819262,14.546239300561233
89,22,1.0,-1.0,-0.081759654019594,13.171891057054712
89,23,1.0,-1.0,-0.9956440789239572,15.181526065660435
89,24,1.0,-1.0,-0.45301877757359366,16.979678778884168
89,25,1.0,1.0,0.010479824679591479,15.1086250989357
89,26,1.0,-1.0,-0.10272719472450485,17.559867337181064
89,27,1.0,1.0,0.18219818111802216,15.920350947002296
89,28,1.0,-1.0,-0.93667456966734,16.66169929397794
89,29,1.0,1.0,0.4702216992962269,11.894744932438973
89,30,1.0,-1.0,-0.9985113206953248,12.212124328845862
89,31,1.0,-1.0,-1.895802212979112,13.342818974801013
89,32,1.0,1.0,0.22599030012652987,13.251147937595357
89,33,1.0,1.0,0.010100329564330962,15.145815556015798
89,34,1.0,-1.0,-0.46201658642598725,16.67067620763332
89,35,1.0,1.0,0.05694646386215563,16.953908824126493
89,36,1.0,1.0,0.12993709763610156,14.90968020987082
89,37,1.0,1.0,0.6666768600091755,15.19084544200656
89,38,1.0,-1.0,-1.0358470485689841,16.34987897961073
89,39,1.0,1.0,0.705877751918195,17.631653760168582
89,40,1.0,1.0,0.32525885469739635,15.680727721912547
89,41,1.0,-1.0,-0.2393944279680819,16.833334622560464
89,42,1.0,1.0,0.2027851371450072,14.161032207272527
89,43,1.0,-1.0,-0.028549406636644202,11.997442571406365
89,44,1.0,-1.0,-0.33533051054157686,12.516517332966947
89,45,1.0,1.0,0.2220461837428022,13.951850725190477
89,46,1.0,-1.0,-1.2940876406926765,15.243398153221232
89,47,1.0,1.0,0.5007376087619924,14.719259531359533
89,48,1.0,-1.0,-0.40849938634571853,12.3975885120302
89,49,1.0,-1.0,-1.0963799184201155,18.185877003197117
89,50,1.0,1.0,0.2247900536487522,18.427533748664317
89,51,1.0,-1.0,-0.00869325520227783,15.806374526150408
89,52,1.0,-1.0,-0.26700910428152,11.945888475494643
89,53,1.0,-1.0,-0.03197206449708348,14.106506586107642
89,54,1.0,-1.0,-0.0881686069128966,18.595941324141748
89,55,1.0,1.0,0.3583225536812351,17.500232149466747
89,56,1.0,1.0,0.22162163012877883,13.116795578098131
89,57,1.0,-1.0,-1.5457593904405824,11.982102021853597
89,58,1.0,1.0,0.4363794575485086,15.82187944254748
89,59,1.0,1.0,0.5087500475787516,14.820731039449084
89,60,1.0,1.0,0.7988196938094309,16.57864852715923
89,61,1.0,1.0,0.6635277712086693,17.799632528086548
89,62,1.0,-1.0,-0.24961335272596358,17.23145317472355
89,63,1.0,1.0,0.0045260537156636,12.23809529417521
89,64,-1.0,1.0,0.0545014450387515,13.87769212349989
89,65,-1.0,1.0,0.7233136185964549,13.687007567821091
89,66,-1.0,-1.0,-0.3013915592504717,18.97989778660418
89,67,-1.0,-1.0,-0.9171747514136798,13.404936246676812
89,68,-1.0,1.0,0.7756730715155407,16.876924697815088
89,69,-1.0,-1.0,-0.41869941529195903,16.455215423138014
89,70,-1.0,-1.0,-0.8664718245312952,17.059470133573623
89,71,-1.0,1.0,0.6931487987644595,15.991367590359012
89,72,-1.0,1.0,1.5723039493442323,14.986244513449572
89,73,-1.0,1.0,0.8070995314418552,13.37946930069703
89,74,-1.0,1.0,0.5257327885582983,12.736908957615734
89,75,-1.0,1.0,0.7239345108152245,15.300631511661704
89,76,-1.0,1.0,1.646432989675392,18.838336915147103
89,77,-1.0,1.0,0.4974001995863107,14.147767056847036
89,78,-1.0,1.0,0.29918076620941225,16.48824983611461
89,79,-1.0,1.0,1.109833984517371,18.409384911424947
89,80,-1.0,1.0,0.10106216559647002,18.05718231030717
89,81,-1.0,-1.0,-0.9805778499848081,13.492516020094548
89,82,-1.0,1.0,0.6726613402124776,15.017780463919708
89,83,-1.0,1.0,0.12060035114462389,14.353075260675906
89,84,-1.0,-1.0,-0.7564547535733223,15.026275658917998
89,85,-1.0,1.0,1.0740427459681499,15.436289143018776
89,86,-1.0,-1.0,-0.49653563612632445,18.584944226811388
89,87,-1.0,-1.0,-1.4253932378315874,15.884807763788872
89,88,-1.0,1.0,0.6612326777068446,13.716298154683209
89,89,-1.0,1.0,0.1302403275539086,16.48431413829196
89,90,-1.0,1.0,1.3143001839278852,14.941807709034983
89,91,-1.0,1.0,0.6023418472518884,14.170280803484292
89,92,-1.0,-1.0,-0.7368347590722761,18.028736692385475
89,93,-1.0,1.0,0.8541772093625551,11.920884432904971
89,94,-1.0,-1.0,-0.9450887738491469,14.384605812297304
89,95,-1.0,1.0,1.5440936882527467,16.13528380182743
89,96,-1.0,1.0,1.6524807332571352,16.828517831775073
89,97,-1.0,-1.0,-0.6504594799119005,12.124761404501067
89,98,-1.0,-1.0,-0.36841091788066305,13.436525132132816
89,99,-1.0,1.0,1.3574753638379853,14.422551872797582
89,100,-1.0,1.0,0.8118105157260405,13.859119284511447
89,101,-1.0,-1.0,-1.146777435499791,14.038079530343477
89,102,-1.0,1.0,0.18764096588090107,18.258480918734264
89,103,-1.0,1.0,0.7267393408475968,13.048056071939328
89,104,-1.0,1.0,1.5011812594531402,14.669916258509828
89,105,-1.0,1.0,0.27722689407839723,14.674864024245874
89,106,-1.0,1.0,0.750737741965999,15.15547635944361
89,107,-1.0,1.0,0.14278805370597422,16.980225702899308
89,108,-1.0,-1.0,-0.9025168729869868,13.492165007489364
89,109,-1.0,-1.0,-1.4103761028606994,14.492386856291981
89,110,-1.0,-1.0,-1.0120232838433079,18.4062613105735
89,111,-1.0,-1.0,-0.07045249970925915,17.77870307056999
89,112,-1.0,1.0,1.0496835241745763,17.124047760763172
89,113,-1.0,-1.0,-0.2527185678673618,14.566426048610635
89,114,-1.0,-1.0,-1.0729318409428703,13.38562090758568
89,115,-1.0,-1.0,-0.6985345196430484,14.91288758640641
89,116,-1.0,-1.0,-0.2508107181175518,11.475954655423207
89,117,-1.0,-1.0,-0.5244051746040321,16.862591614214335
89,118,-1.0,1.0,0.05316910423522028,16.341303246901294
89,119,-1.0,-1.0,-1.3366082615022155,15.43613479615147
89,120,-1.0,-1.0,-0.6642607302043861,11.542300017463662
89,121,-1.0,1.0,0.41185299872782394,14.854401656200821
89,122,-1.0,1.0,0.12751547576144484,19.258956590060553
89,123,-1.0,-1.0,-0.6140975431160127,11.063421710809282
89,124,-1.0,1.0,0.2231213992294492,14.735168865812556
89,125,-1.0,1.0,1.0012428610355881,18.031381255268567
89,126,-1.0,-1.0,-1.195871932467808,16.321953259291966
89,127,-1.0,-1.0,-1.1766858444289443,16.28864215165926
90,0,1.0,-1.0,-1.21762893222065,12.481468033051456
90,1,1.0,-1.0,-0.45888215699059065,15.122057575784396
90,2,1.0,1.0,0.32960812524110267,17.74490673785308
90,3,1.0,1.0,0.8981971408016209,19.65405884567562
90,4,1.0,-1.0,-0.9986146868560574,17.14766343762978
90,5,1.0,1.0,1.9746549468048156,18.267390965090406
90,6,1.0,1.0,1.4573303544902412,17.659431153442938
90,7,1.0,-1.0,-0.7295547199750094,14.994671164036667
90,8,1.0,-1.0,-0.7242887979020324,14.518213553006081
90,9,1.0,1.0,0.17810217309654364,11.19981800042437
90,10,1.0,1.0,1.9982300743176564,16.97697154806144
90,11,1.0,1.0,1.129426866388753,14.457157431220304
90,12,1.0,1.0,1.3243473594740172,18.462588502451418
90,13,1.0,1.0,0.5289779339585122,17.930874129063845
90,14,1.0,1.0,1.603199749546427,18.244947389548454
90,15,1.0,1.0,0.547487529002003,18.104496659542534
90,16,1.0,-1.0,-0.007132263717782042,13.702923622781794
90,17,1.0,1.0,0.860262830223852,15.596159096196912
90,18,1.0,-1.0,-0.6544139840168126,13.190141157672608
90,19,1.0,1.0,0.22725342481875954,12.679634452978906
90,20,1.0,-1.0,-0.012561363660517147,12.388816554952966
90,21,1.0,1.0,0.3038422435884794,13.900179881326293
90,22,1.0,-1.0,-0.8127457787109614,19.825198180136436
90,23,1.0,-1.0,-0.5214203956573956,15.454632420191682
90,24,1.0,-1.0,-0.4821009900478848,15.728968823511927
90,25,1.0,-1.0,-0.8061040513529831,14.111408269709852
90,26,1.0,-1.0,-0.12482548015068141,14.742727611834317
90,27,1.0,-1.0,-0.00578413070081385,14.857904901682312
90,28,1.0,1.0,0.06769610777284052,17.702097735707717
90,29,1.0,1.0,0.7137395395822276,14.699477129627066
90,30,1.0,-1.0,-0.8375016641554647,14.57903125365364
90,31,1.0,1.0,0.4688109416850101,12.49112305557157
90,32,1.0,1.0,0.6521485467236885,12.34326502767369
90,33,1.0,-1.0,-1.2467912114534134,18.519192972542655
90,34,1.0,-1.0,-0.009533813152928172,19.474685157567812
90,35,1.0,-1.0,-0.47554664796610013,16.473586053971417
90,36,1.0,1.0,0.11588681582613872,18.77919106948096
90,37,1.0,-1.0,-0.8204600145256122,13.69115697658965
90,38,1.0,1.0,0.9346562098967699,18.116472869368312
90,39,1.0,1.0,0.6226555912143833,19.316451741936373
90,40,1.0,1.0,1.539757933170145,17.124859287319985
90,41,1.0,-1.0,-0.8956531024682463,15.580045538038771
90,42,1.0,-1.0,-0.811277429741634,17.573199217999235
90,43,1.0,-1.0,-0.36866087172421214,18.219387676944446
90,44,1.0,1.0,0.6819127381515699,17.8019905260943
90,45,1.0,1.0,0.8556816734171823,17.922146856756452
90,46,1.0,-1.0,-1.7056749741375614,16.07148242218965
90,47,1.0,-1.0,-0.2284762632873817,17.512358415254795
90,48,1.0,-1.0,-0.06368573301377616,19.435901256608393
90,49,1.0,1.0,0.8620400163453719,17.852052719769972
90,50,1.0,1.0,0.37286418842473523,12.795743341604226
90,51,1.0,1.0,1.2557660370949368,16.327113192375545
90,52,1.0,-1.0,-0.682065329738884,13.04026923194943
90,53,1.0,-1.0,-0.7842086361089352,14.373746351087052
90,54,1.0,1.0,0.16578762808004163,12.2945194286351
90,55,1.0,1.0,1.0820726980419981,19.263977078045883
90,56,1.0,-1.0,-0.16435276211440686,18.072589539770348
90,57,1.0,1.0,0.9630964642539845,14.225166830443603
90,58,1.0,1.0,0.34421523146322475,15.190006650373089
90,59,1.0,1.0,1.4161010263611673,19.148118251503192
90,60,1.0,-1.0,-0.6447455311628376,15.317460899819531
90,61,1.0,1.0,0.9498612190020336,16.91057448753375
90,62,1.0,-1.0,-0.6577126078303875,12.56542433051971
90,63,1.0,1.0,0.2532704694070095,15.540098570546197
90,64,-1.0,1.0,1.4953613005451873,15.552074819568498
90,65,-1.0,1.0,0.5914061003981909,14.136967261367898
90,66,-1.0,-1.0,-0.3649516230667177,16.13132833274768
90,67,-1.0,-1.0,-0.204844037282575,18.988118394410733
90,68,-1.0,1.0,0.20117914679907933,16.0705373711562
90,69,-1.0,1.0,0.12835362000111517,14.713042385605386
90,70,-1.0,1.0,0.16396308940937193,13.094238037811364
90,71,-1.0,1.0,0.5090524806595284,16.096047178408774
90,72,-1.0,-1.0,-0.2777708630139095,17.970512548970564
90,73,-1.0,-1.0,-0.15623574680961572,13.778723847129218
90,74,-1.0,1.0,0.9398842912739295,20.220673063532416
90,75,-1.0,-1.0,-0.19106881336208253,18.52109820606951
90,76,-1.0,1.0,0.10061913096435565,17.044069019588378
90,77,-1.0,-1.0,-0.23419051992457962,15.982818561213946
90,78,-1.0,-1.0,-0.23146316318285198,15.111429553313618
90,79,-1.0,1.0,0.8126078107085077,12.807094034227973
90,80,-1.0,1.0,0.9009015903434813,14.07074659206644
90,81,-1.0,1.0,0.09131614068825837,18.00536337769918
90,82,-1.0,-1.0,-0.08508423048927471,12.38769503923919
90,83,-1.0,-1.0,-0.3348684600654114,18.378648002555277
90,84,-1.0,-1.0,-0.8202198676105369,14.868484389478358
90,85,-1.0,1.0,0.4420627625650829,18.66852409673437
90,86,-1.0,-1.0,-1.1976345588142436,16.658892352650227
90,87,-1.0,-1.0,-0.7949230133031809,15.514677882890043
90,88,-1.0,-1.0,-0.01937504880344093,13.849921589664842
90,89,-1.0,-1.0,-0.28394236370716097,12.211270447835886
90,90,-1.0,1.0,0.5621399628796048,15.729712324850793
90,91,-1.0,1.0,0.04660432793540269,12.537423651511602
90,92,-1.0,1.0,1.7305493125063187,16.518508308779367
90,93,-1.0,1.0,0.3400193022922962,16.499384947892416
90,94,-1.0,1.0,1.1975812079953034,16.134822836506068
90,95,-1.0,1.0,0.2392944907165352,14.598851974589568
90,96,-1.0,1.0,0.4140770403185741,16.2584333192588
90,97,-1.0,-1.0,-0.024370755122716387,12.016807695586891
90,98,-1.0,1.0,0.5288737976053767,16.469212425548353
90,99,-1.0,1.0,0.22143811225732773,16.2977295719017
90,100,-1.0,1.0,0.01835860193587255,14.392266995451985
90,101,-1.0,1.0,1.6624432982477304,20.086263949976924
90,102,-1.0,1.0,0.7093180503725417,11.311027283831859
90,103,-1.0,-1.0,-0.02623171413581013,16.126715450420413
90,104,-1.0,1.0,0.12183978734075583,17.303604266237336
90,105,-1.0,1.0,0.7040040874814533,13.588385470116815
90,106,-1.0,1.0,0.2498295208892704,16.10261589369134
90,107,-1.0,1.0,1.4405316333943292,15.88473565168097
90,108,-1.0,1.0,0.6555672005260935,11.106106374058594
90,109,-1.0,-1.0,-0.5561489536828085,14.620259214429746
90,110,-1.0,1.0,1.4382365666128878,13.835506636781778
90,111,-1.0,1.0,0.4291401779630021,18.119220371967003
90,112,-1.0,1.0,0.005748010094774603,14.571811204184884
90,113,-1.0,1.0,0.4753135025323413,13.848050081749733
90,114,-1.0,1.0,0.28808370777325887,13.434345683302606
90,115,-1.0,-1.0,-0.30853442696706473,17.240233394752952
90,116,-1.0,1.0,0.0808450613973715,15.00151448987157
90,117,-1.0,-1.0,-0.4841042327864302,18.36076587746224
90,118,-1.0,-1.0,-0.2737500181589807,13.604133449997407
90,119,-1.0,1.0,0.3666957301057735,12.143942887706473
90,120,-1.0,1.0,0.14386628764419587,14.863141372308153
90,121,-1.0,-1.0,-0.023984671569466348,17.036947070896098
90,122,-1.0,1.0,1.832085828701545,19.86538789884583
90,123,-1.0,1.0,0.14402232387877995,13.672854148878317
90,124,-1.0,1.0,2.6845123970912153,18.8770993665038
90,125,-1.0,-1.0,-0.0979556705400629,18.245375667973683
90,126,-1.0,-1.0,-0.1091645870784992,16.95395513309101
90,127,-1.0,1.0,0.9533372305123791,12.71244032819496
91,0,1.0,-1.0,-0.9682882627063754,16.35430132060157
91,1,1.0,1.0,0.0344287321980464,15.835670951859735
91,2,1.0,1.0,0.20182525790768804,15.423681346199151
91,3,1.0,-1.0,-0.7205385861294613,11.63224832317699
91,4,1.0,-1.0,-0.21498906847802624,18.274704013500287
91,5,1.0,-1.0,-0.8189249361987028,11.662037691961745
91,6,1.0,-1.0,-0.06635196626973601,12.956554325927785
91,7,1.0,-1.0,-0.22856302610367712,14.504183343272683
91,8,1.0,-1.0,-0.143969891034829,16.934223739400455
91,9,1.0,-1.0,-0.711080895305601,12.269874238472884
91,10,1.0,1.0,0.8032137469678355,17.462287020017953
91,11,1.0,1.0,0.3720252926747734,16.433756755524982
91,12,1.0,1.0,0.7890003949061055,16.628915314799563
91,13,1.0,1.0,1.2846060423285612,17.807850132278666
91,14,1.0,-1.0,-1.116254113346302,16.19421970500553
91,15,1.0,1.0,0.940445540173032,18.389234494039314
91,16,1.0,-1.0,-0.7369943722109221,15.394180037400446
91,17,1.0,1.0,1.008727994512073,14.06204097713719
91,18,1.0,1.0,1.1515304336341141,15.72872608075931
91,19,1.0,1.0,0.8035784785695251,15.993454679349366
91,20,1.0,1.0,0.9893952429769066,15.542729801763308
91,21,1.0,1.0,0.16904561133973964,15.263643691446815
91,22,1.0,-1.0,-1.2176853377041765,16.628054683698622
91,23,1.0,1.0,1.455680060821055,17.14207979013312
91,24,1.0,1.0,1.17882399548315,15.434177893150622
91,25,1.0,1.0,0.24321311782640131,12.687353897443899
91,26,1.0,-1.0,-0.28386682097299004,14.94183220580899
91,27,1.0,-1.0,-0.2689330893630335,17.189566926271205
91,28,1.0,1.0,0.9865045817730193,16.87105142915062
91,29,1.0,1.0,0.673358528555244,13.037570105109882
91,30,1.0,1.0,1.7339865904406693,16.260737319709307
91,31,1.0,1.0,1.2146056036969304,14.474896850567184
91,32,1.0,1.0,0.4574303267482382,18.409685590882322
91,33,1.0,-1.0,-0.04545282372699462,12.856111166722956
91,34,1.0,-1.0,-0.1794083393865485,15.525344873459934
91,35,1.0,-1.0,-0.08120710597275602,18.336201463795774
91,36,1.0,1.0,0.20547432257472262,13.813520394070684
91,37,1.0,1.0,0.294425935921035,16.053474474987325
91,38,1.0,-1.0,-0.5006155913404446,11.943344092071934
91,39,1.0,1.0,0.8001520808725442,16.315006714276493
91,40,1.0,1.0,1.6774002668795516,16.361478012392002
91,41,1.0,1.0,1.0863581270041816,16.328473972312555
91,42,1.0,1.0,0.6506202133084575,12.99317628559411
91,43,1.0,-1.0,-0.01254208671231552,18.63804628579072
91,44,1.0,1.0,1.0814680469704068,13.407083500140716
91,45,1.0,1.0,1.6419213598135562,17.11394221488383
91,46,1.0,-1.0,-1.8400591443406342,12.487018007993711
91,47,1.0,1.0,1.064566778601379,17.471972185951916
91,48,1.0,-1.0,-0.1504345489653974,16.191157066766834
91,49,1.0,1.0,0.7749971975700648,14.945770635861695
91,50,1.0,-1.0,-0.6417929315494801,16.57317813964616
91,51,1.0,-1.0,-0.9156719753519117,14.432044041057807
91,52,1.0,-1.0,-0.06246371316465124,12.04992008951149
91,53,1.0,-1.0,-1.0816602823674901,13.941292960249942
91,54,1.0,1.0,0.019498504120506806,13.570059059717194
91,55,1.0,1.0,0.12272057551739124,18.193221703730963
91,56,1.0,1.0,0.8484329600201665,15.01950326474118
91,57,1.0,-1.0,-0.910945209296639,15.448962326332811
91,58,1.0,1.0,0.29757311838322426,17.667413344479385
91,59,1.0,-1.0,-0.44736259780115906,11.782788298257316
91,60,1.0,1.0,1.1050765393408044,18.172510671882065
91,61,1.0,1.0,1.0256314076367077,16.057034390136014
91,62,1.0,1.0,0.4537905217654031,13.696058342174284
91,63,1.0,1.0,1.0183597916264449,17.663311092448993
91,64,-1.0,1.0,0.11098972565289984,14.819802814320457
91,65,-1.0,1.0,0.9130965345709597,17.678775370989815
91,66,-1.0,1.0,0.19843737974801628,12.54732282750538
91,67,-1.0,1.0,0.33825830042836535,17.592891436428634
91,68,-1.0,1.0,0.9648914195109204,14.162854248359826
91,69,-1.0,-1.0,-0.015002241305087413,17.165329635850505
91,70,-1.0,-1.0,-0.7366167530519585,12.291038333922224
91,71,-1.0,1.0,0.25152449892338863,13.661557526649354
91,72,-1.0,1.0,1.2925608000631887,16.540929240209405
91,73,-1.0,1.0,0.0384929756886009,14.36684911114099
91,74,-1.0,1.0,1.7675750747413108,17.548459270470897
91,75,-1.0,1.0,0.37505948555997004,17.408799948902434
91,76,-1.0,1.0,1.6789436379067328,14.004214442667552
91,77,-1.0,-1.0,-0.1259919621860463,16.038671496049037
91,78,-1.0,1.0,0.33094744615804506,16.259994850768113
91,79,-1.0,1.0,0.7171710013947843,16.84501878817804
91,80,-1.0,1.0,0.8516910685112183,17.164639746710982
91,81,-1.0,-1.0,-0.6461179357901925,13.882602387149436
91,82,-1.0,-1.0,-1.2218469095314832,15.307774718955082
91,83,-1.0,1.0,0.07054597735199523,16.519411606227386
91,84,-1.0,-1.0,-1.5720752076247286,15.209471691174006
91,85,-1.0,-1.0,-0.05442933953412897,15.054591999468265
91,86,-1.0,1.0,0.19034797000431147,13.450828234577614
91,87,-1.0,-1.0,-0.10145548486193434,14.568919769774682
91,88,-1.0,1.0,1.9375266835801448,14.781225512052846
91,89,-1.0,-1.0,-0.03157042201663877,11.179747709034483
91,90,-1.0,-1.0,-0.35625099307236163,12.136659680121902
91,91,-1.0,1.0,0.5850956322912078,17.828971527353385
91,92,-1.0,1.0,0.10048350184420318,13.575711064320338
91,93,-1.0,-1.0,-0.8104507660209906,13.746464977100272
91,94,-1.0,1.0,0.8133904858820957,16.211473027014716
91,95,-1.0,1.0,0.09667131450509561,13.978899646228466
91,96,-1.0,1.0,0.6006006669296274,17.406655786707148
91,97,-1.0,1.0,0.6154108042636915,15.214492152844427
91,98,-1.0,-1.0,-1.0606307668703443,15.80128324129949
91,99,-1.0,-1.0,-0.31180231668433467,13.981847313573548
91,100,-1.0,-1.0,-0.5168340637870714,15.716614080429647
91,101,-1.0,1.0,0.3864501970634806,15.858209723116552
91,102,-1.0,-1.0,-0.1971472638128017,17.2906223474104
91,103,-1.0,-1.0,-0.898892146646677,13.212837957140778
91,104,-1.0,1.0,0.03681806463791702,15.212661830421089
91,105,-1.0,1.0,0.27654600308261623,12.409425440334374
91,106,-1.0,1.0,0.22058449520399848,14.881854158187926
91,107,-1.0,1.0,1.4864950210004788,12.758249748101397
91,108,-1.0,1.0,0.5668473174109493,15.777584507820134
91,109,-1.0,1.0,0.1240053382187154,15.910024213182986
91,110,-1.0,1.0,0.29888817905805554,12.837635659534545
91,111,-1.0,1.0,0.9521750909589061,18.51191826201127
91,112,-1.0,1.0,2.0459284272173703,17.86123131696232
91,113,-1.0,1.0,1.6338186379440747,15.964070650193186
91,114,-1.0,1.0,0.3724726311086767,12.324877140694669
91,115,-1.0,1.0,0.45855433749718044,11.83499398593893
91,116,-1.0,-1.0,-0.13226297729527992,12.631950431050962
91,117,-1.0,-1.0,-0.2828830648419479,12.855441239402756
91,118,-1.0,1.0,0.011658045519401722,11.535296627140124
91,119,-1.0,1.0,0.5470540739046804,14.53926297080909
91,120,-1.0,1.0,0.10753028726856224,15.07687352387951
91,121,-1.0,1.0,0.9277055491529635,18.0762751426105
91,122,-1.0,1.0,0.442567959756466,12.942328935485987
91,123,-1.0,-1.0,-0.8150071424998747,13.164470528634793
91,124,-1.0,1.0,0.7585524066033147,14.472033791176083
91,125,-1.0,-1.0,-0.2774746499160995,15.676325009144197
91,126,-1.0,-1.0,-0.1748386155713113,15.534921525633107
91,127,-1.0,-1.0,-0.31405403525143505,15.937205871106565
92,0,1.0,-1.0,-0.7758614758650839,15.928712235636471
92,1,1.0,-1.0,-0.030321682528919078,12.165711802423308
92,2,1.0,1.0,0.218946735231207,18.918316644528442
92,3,1.0,-1.0,-0.26986701514012296,14.945839281487038
92,4,1.0,1.0,0.7292330809666917,16.54682055997035
92,5,1.0,-1.0,-0.03242599072227585,16.042549137524766
92,6,1.0,-1.0,-0.6279858891967013,16.984258967021642
92,7,1.0,-1.0,-0.8335209643075062,14.308550317784881
92,8,1.0,-1.0,-0.3986199646097319,15.730713445989943
92,9,1.0,-1.0,-0.8338183565271711,14.995725079269052
92,10,1.0,1.0,0.6657492701173684,12.152671349306164
92,11,1.0,-1.0,-0.25534805403579885,16.557470343599363
92,12,1.0,-1.0,-0.5405051508810683,17.930161247220628
92,13,1.0,-1.0,-1.0257889358724903,16.38234669484408
92,14,1.0,-1.0,-1.198890131665854,16.256794219203282
92,15,1.0,-1.0,-0.5092493962381645,13.418394364694468
92,16,1.0,-1.0,-0.6319228978183933,15.269022390311237
92,17,1.0,1.0,0.4723238601757116,14.266453521627138
92,18,1.0,-1.0,-0.12990187582918283,15.446649547353745
92,19,1.0,-1.0,-0.10109394803019087,15.887315528082317
92,20,1.0,-1.0,-0.2727707739693028,17.420387451311708
92,21,1.0,1.0,0.17964114843244097,18.957716984457637
92,22,1.0,1.0,0.25052662945441634,11.145240494818973
92,23,1.0,-1.0,-0.5757210431812594,10.779779211193048
92,24,1.0,-1.0,-0.04711520913630441,16.085321051612134
92,25,1.0,-1.0,-0.7523400098188517,16.258071162146816
92,26,1.0,1.0,0.7018477202364195,13.74245181298657
92,27,1.0,-1.0,-0.2052576526285304,16.752977242166605
92,28,1.0,-1.0,-0.10420609951253168,15.075216136702055
92,29,1.0,-1.0,-0.5571116720255476,13.692721961159524
92,30,1.0,1.0,0.18859158246020347,18.19699034049338
92,31,1.0,1.0,0.25572382687954176,10.29246194506074
92,32,1.0,-1.0,-0.0937522617920385,14.215191385243575
92,33,1.0,1.0,0.6208899621928893,16.415220158437396
92,34,1.0,1.0,0.6726073634860067,12.777144363977824
92,35,1.0,1.0,0.7791605935119386,14.836588602805994
92,36,1.0,-1.0,-0.2564841471711103,14.229517067627844
92,37,1.0,-1.0,-0.2318653160100605,14.550353442577933
92,38,1.0,-1.0,-0.159609458807763,15.205062329429964
92,39,1.0,1.0,0.6395647641263976,14.185909526163353
92,40,1.0,1.0,0.13037277472062458,17.956821111564985
92,41,1.0,-1.0,-0.11387827581083325,16.17100958935735
92,42,1.0,-1.0,-0.463463658600963,12.832776298138876
92,43,1.0,1.0,0.20021024452464697,14.783767232758729
92,44,1.0,-1.0,-0.04510727205795685,16.478425325393605
92,45,1.0,-1.0,-0.0808491890051985,12.577880343010612
92,46,1.0,-1.0,-0.731950489903427,13.475643609785212
92,47,1.0,-1.0,-0.2764933863895578,14.90129577846129
92,48,1.0,1.0,0.3282110203417832,13.256349709961267
92,49,1.0,-1.0,-0.7964284190431479,13.799117170225003
92,50,1.0,-1.0,-0.04051089646092046,16.377138117780802
92,51,1.0,-1.0,-0.06744652637912184,18.661452252723652
92,52,1.0,-1.0,-0.4354996505561622,15.008998341379279
92,53,1.0,-1.0,-1.276790808847141,13.063628699654668
92,54,1.0,-1.0,-0.24292095168320355,16.625129990600488
92,55,1.0,1.0,0.3176692851219765,16.10174182433525
92,56,1.0,-1.0,-0.6010408719974532,14.397559318155174
92,57,1.0,1.0,0.27326448161218286,15.753654064173206
92,58,1.0,1.0,0.4357130090500654,16.508951049082484
92,59,1.0,-1.0,-0.17508394256909926,15.634308776529718
92,60,1.0,-1.0,-0.45456525924586205,16.293545333104706
92,61,1.0,1.0,0.7397852931841985,17.497910208000732
92,62,1.0,-1.0,-0.22712688723384597,11.849476179192182
92,63,1.0,1.0,0.15315454694949582,14.805316052835831
92,64,-1.0,-1.0,-0.020882932632572453,14.945950529809208
92,65,-1.0,1.0,0.2033151249632468,17.268763176911072
92,66,-1.0,1.0,0.3132009088206038,14.898439581067455
92,67,-1.0,-1.0,-0.44773480881609196,15.95974714312706
92,68,-1.0,1.0,0.1183778907882357,12.11958868010117
92,69,-1.0,-1.0,-0.29678414472382975,14.888911844131748
92,70,-1.0,-1.0,-0.24524005328548512,16.293822420399405
92,71,-1.0,1.0,0.32975749128909326,18.14889609188734
92,72,-1.0,-1.0,-0.07179476843080333,18.512148564031857
92,73,-1.0,-1.0,-0.4236596835540951,17.286113462280913
92,74,-1.0,-1.0,-0.48973032627652613,11.829171146128107
92,75,-1.0,1.0,0.03551552987597664,16.842990188668825
92,76,-1.0,1.0,0.9604549106880258,14.571545783959003
92,77,-1.0,1.0,0.1698485182571342,14.753101767947001
92,78,-1.0,-1.0,-0.236103597558314,17.86098163574556
92,79,-1.0,1.0,0.9509586171568216,13.31116860993925
92,80,-1.0,1.0,0.5932283599131084,13.3448347057951
92,81,-1.0,1.0,0.43569487174007127,15.912201536490192
92,82,-1.0,-1.0,-0.12094993468761397,16.392331275361887
92,83,-1.0,1.0,0.12665319903968408,14.866697337430567
92,84,-1.0,1.0,0.39094851427649624,16.630767921879386
92,85,-1.0,1.0,0.40833262537890896,14.96480332527623
92,86,-1.0,-1.0,-0.28767955712397575,15.285574647816876
92,87,-1.0,1.0,0.582414645787026,14.261191616510816
92,88,-1.0,-1.0,-0.8453043947417577,12.341909919889144
92,89,-1.0,1.0,0.48894058749301356,14.84087432432741
92,90,-1.0,1.0,1.1838431004463277,14.263853039640392
92,91,-1.0,-1.0,-0.26761548198366325,12.69269550719813
92,92,-1.0,1.0,0.3967271852177616,16.994193693642966
92,93,-1.0,1.0,0.2476006696027802,17.059381261047815
92,94,-1.0,-1.0,-0.009366770156828047,13.806889975017457
92,95,-1.0,1.0,0.7730342310530601,16.859940345573534
92,96,-1.0,1.0,1.111633973514257,16.73926168689176
92,97,-1.0,1.0,0.37262963191088944,18.923441788002943
92,98,-1.0,1.0,0.2378070694573935,13.901224164128209
92,99,-1.0,-1.0,-0.15536558612414206,15.549053615336726
92,100,-1.0,-1.0,-0.3334697248894748,17.299535651543017
92,101,-1.0,1.0,0.34123666171058115,12.643884682984663
92,102,-1.0,-1.0,-0.8665299840295942,13.05706402995975
92,103,-1.0,-1.0,-0.26186507016980487,16.62099151856623
92,104,-1.0,-1.0,-0.4767029250348104,13.638679437749508
92,105,-1.0,1.0,1.3254699760164872,18.113657756584825
92,106,-1.0,1.0,0.18157775020021855,14.465280232615433
92,107,-1.0,1.0,0.063194022370766,14.642996082980012
92,108,-1.0,-1.0,-0.1656408272460591,17.527200864590576
92,109,-1.0,-1.0,-0.17841547859902493,12.78863902553356
92,110,-1.0,-1.0,-0.1349087427020837,15.888575834490563
92,111,-1.0,-1.0,-0.475847682868519,13.856132526753319
92,112,-1.0,1.0,0.17634883613140426,13.681656458984698
92,113,-1.0,1.0,0.21990540652963286,14.313842744295831
92,114,-1.0,1.0,0.5800148893192949,13.835951509999203
92,115,-1.0,-1.0,-0.6678322101480472,18.633863180122614
92,116,-1.0,1.0,0.05537012851623489,15.202664449906779
92,117,-1.0,-1.0,-0.9931038585125088,12.526334524475537
92,118,-1.0,1.0,0.8421123684288323,13.638208651347586
92,119,-1.0,1.0,1.0980851699689314,14.908834215780963
92,120,-1.0,-1.0,-0.2742222808577869,15.88344594005487
92,121,-1.0,1.0,0.21544644345348732,18.075408826339032
92,122,-1.0,1.0,0.2680034882084542,12.952857628474797
92,123,-1.0,-1.0,-0.30671793556048854,17.384304038405496
92,124,-1.0,-1.0,-0.05251547225025345,17.99320683032835
92,125,-1.0,1.0,0.40789713321709825,14.244401716612977
92,126,-1.0,-1.0,-0.00823065310009205,10.842860220118588
92,127,-1.0,1.0,0.23485855956588117,11.178855893551868
93,0,1.0,-1.0,-0.9424716620536661,16.82721902418495
93,1,1.0,-1.0,-0.9046157355299426,15.320803596003621
93,2,1.0,-1.0,-0.4765947237169352,13.48192510472197
93,3,1.0,1.0,0.6315053133992128,17.733787568672707
93,4,1.0,-1.0,-0.24468491273145948,17.405379206639022
93,5,1.0,1.0,0.1105589599995405,14.222088656260105
93,6,1.0,-1.0,-0.9998986545793631,16.614212286056365
93,7,1.0,-1.0,-0.8070653686800824,15.240134177390251
93,8,1.0,-1.0,-1.0356080241350134,14.99529590174764
93,9,1.0,-1.0,-0.6509497837108892,12.599243140342384
93,10,1.0,-1.0,-0.8728845033200775,18.917599420725903
93,11,1.0,1.0,0.6729498225804622,17.841671351477146
93,12,1.0,-1.0,-0.5865567087466145,18.853714148915046
93,13,1.0,-1.0,-0.38924590916825813,12.967371797867303
93,14,1.0,-1.0,-0.102554793652041,13.694285651350206
93,15,1.0,-1.0,-0.6296628830251909,14.244529244677187
93,16,1.0,1.0,0.28407409569435127,11.943404803880723
93,17,1.0,-1.0,-1.7931075886987673,16.87264778869557
93,18,1.0,1.0,0.6404922959011883,16.67084633764718
93,19,1.0,-1.0,-0.19347176091187906,15.759282953230558
93,20,1.0,-1.0,-0.8901964975624027,12.39030791480236
93,21,1.0,-1.0,-0.8130612251297881,17.817225120036564
93,22,1.0,1.0,0.44919537852634733,14.279280771309303
93,23,1.0,1.0,0.3306206184711642,16.10849739689615
93,24,1.0,-1.0,-0.4052584324190689,16.45212423410217
93,25,1.0,-1.0,-1.565232723864722,19.01128153003177
93,26,1.0,-1.0,-0.39953280572749805,10.457118273629419
93,27,1.0,1.0,0.095496586068868,11.075015721386887
93,28,1.0,-1.0,-0.911822812462917,17.47091810422008
93,29,1.0,-1.0,-0.7985735942021788,13.12914350019459
93,30,1.0,-1.0,-0.7708645505314506,18.36479177741195
93,31,1.0,-1.0,-0.9357436756329016,14.999529758900202
93,32,1.0,1.0,0.5649539647920174,15.823524688575898
93,33,1.0,-1.0,-0.039611731151147966,13.781097789276782
93,34,1.0,-1.0,-0.7891308085347705,17.64425527900756
93,35,1.0,1.0,0.31487239856258686,12.748442324600406
93,36,1.0,1.0,0.04437478289759167,16.751834420592953
93,37,1.0,1.0,0.23612567795741257,12.204788482193981
93,38,1.0,-1.0,-0.8479192154938597,12.016639739775563
93,39,1.0,-1.0,-1.3250643918261498,17.965087134921674
93,40,1.0,1.0,0.34601945240026494,14.819833282249522
93,41,1.0,1.0,0.37987533512651067,14.655785082684217
93,42,1.0,-1.0,-0.746776918450129,13.195388224761938
93,43,1.0,1.0,0.6117346091676985,16.34717650744721
93,44,1.0,-1.0,-0.8667102280719731,14.002996826787614
93,45,1.0,1.0,0.6682745987433906,14.129298420604265
93,46,1.0,-1.0,-0.23385713878245953,18.469043656144656
93,47,1.0,-1.0,-0.25199869102245503,15.384879250673064
93,48,1.0,-1.0,-0.5159261278875945,14.694472032225368
93,49,1.0,-1.0,-0.8209664623553413,15.522570882107608
93,50,1.0,1.0,0.43544826437737005,15.473167563881793
93,51,1.0,1.0,0.046071588869028776,14.328332279624577
93,52,1.0,1.0,0.4602589606792833,12.77523879496982
93,53,1.0,1.0,0.2253188330624017,17.173171268994484
93,54,1.0,-1.0,-0.359001504375412,16.64730023233893
93,55,1.0,-1.0,-0.7333058142695538,15.351425872533
93,56,1.0,-1.0,-0.993262448481343,13.843258274058163
93,57,1.0,-1.0,-0.40680795884181986,13.58324478326271
93,58,1.0,1.0,0.11887514094163888,13.518276962690651
93,59,1.0,-1.0,-0.13439517304561727,18.090480735135582
93,60,1.0,-1.0,-0.9328970685463577,14.108447571742111
93,61,1.0,-1.0,-0.26962501236983766,13.382078036153509
93,62,1.0,-1.0,-0.4143036424974545,13.971351594045503
93,63,1.0,-1.0,-0.43824083120212587,15.71908908451108
93,64,-1.0,1.0,0.09151884066377067,13.984272066824216
93,65,-1.0,1.0,0.2890138790209623,12.4743389247658
93,66,-1.0,1.0,0.18104115028988116,18.350426609355477
93,67,-1.0,1.0,0.07070716775039675,18.93109495862938
93,68,-1.0,-1.0,-0.4443587662090306,18.072283815270577
93,69,-1.0,1.0,0.046044901968647356,18.858031519587584
93,70,-1.0,-1.0,-0.11410399037204078,14.469055425545221
93,71,-1.0,-1.0,-0.18828909489915327,12.90360665893276
93,72,-1.0,1.0,0.10931710333805641,15.289377929408793
93,73,-1.0,-1.0,-0.17171742991378391,13.223447885504369
93,74,-1.0,-1.0,-0.2627329161713611,17.030600807388463
93,75,-1.0,-1.0,-0.11273175739735516,17.539009896020733
93,76,-1.0,1.0,0.22520327381762598,15.565568067205849
93,77,-1.0,-1.0,-0.14106975235741126,15.822337084419472
93,78,-1.0,-1.0,-0.476850024655343,17.33423568852646
93,79,-1.0,1.0,0.7550608574962316,16.89823652050292
93,80,-1.0,1.0,0.061135077106204264,12.95433080832263
93,81,-1.0,1.0,0.09685529141036178,18.151895719522365
93,82,-1.0,-1.0,-0.8482083927637909,17.503673444168136
93,83,-1.0,-1.0,-0.03422584929006689,14.23341908462988
93,84,-1.0,-1.0,-0.5484989043519533,14.660389717730135
93,85,-1.0,1.0,0.5845809102737097,15.78353223821173
93,86,-1.0,1.0,0.6270678555483813,14.402579826913657
93,87,-1.0,-1.0,-0.33096108699319104,17.0341448931509
93,88,-1.0,1.0,0.7661950722229867,14.264594327236383
93,89,-1.0,1.0,0.3492703826173783,13.970881395015597
93,90,-1.0,1.0,1.355602716651092,14.232576338517333
93,91,-1.0,-1.0,-0.19565984847794474,18.841659781145626
93,92,-1.0,1.0,1.306942882138112,14.612928481364007
93,93,-1.0,1.0,0.30443065883890386,15.625264340201824
93,94,-1.0,1.0,0.4814799824154095,13.204260258711022
93,95,-1.0,-1.0,-0.7785230182950317,17.758033588645088
93,96,-1.0,-1.0,-0.5573523277268398,16.02080662391538
93,97,-1.0,-1.0,-0.40714438192681934,15.595784914511862
93,98,-1.0,-1.0,-0.37825126796327585,13.065880021500744
93,99,-1.0,-1.0,-0.1394671516653353,14.308278369720142
93,100,-1.0,-1.0,-0.6490069769650125,13.515117694422381
93,101,-1.0,1.0,1.018745717932277,18.711734810585437
93,102,-1.0,1.0,0.05582809523705537,17.15286008878553
93,103,-1.0,-1.0,-1.1329655642731167,18.23613146556414
93,104,-1.0,1.0,0.17940453565660375,13.76082336536382
93,105,-1.0,-1.0,-0.04387008612898674,13.000696423720873
93,106,-1.0,-1.0,-0.059230669142688194,16.555140621108293
93,107,-1.0,1.0,0.49834560358383495,12.357391174318694
93,108,-1.0,-1.0,-0.1430469767667236,14.867907584135867
93,109,-1.0,-1.0,-0.6903800441259492,14.743642753497925
93,110,-1.0,-1.0,-0.38100914443633954,16.510341024673444
93,111,-1.0,-1.0,-0.1540524171610158,14.071837650579054
93,112,-1.0,1.0,0.4896980400553269,13.816319077708028
93,113,-1.0,-1.0,-0.16095481473541104,17.396973963781534
93,114,-1.0,1.0,0.26176681867371615,16.893386360991485
93,115,-1.0,-1.0,-0.48815821959510236,14.244070990221596
93,116,-1.0,1.0,1.0091009949114558,11.890749648475783
93,117,-1.0,1.0,0.04619254366560677,14.78447721644592
93,118,-1.0,1.0,0.11620178849619316,13.050317431206606
93,119,-1.0,-1.0,-0.7860452542506285,18.942957872154324
93,120,-1.0,1.0,0.14938818957931366,15.054456896216974
93,121,-1.0,-1.0,-0.2272506223058714,16.74050861324824
93,122,-1.0,-1.0,-0.024610682629548977,14.125469424901974
93,123,-1.0,1.0,1.4776613924345303,18.520412915197987
93,124,-1.0,1.0,0.3385433955495111,15.44232930200359
93,125,-1.0,-1.0,-0.3484439702177006,14.43548994349657
93,126,-1.0,1.0,0.617380547608971,12.206364983629094
93,127,-1.0,-1.0,-0.05304643682983644,16.968762007743113
94,0,1.0,-1.0,-1.2106020210596944,17.91323322441163
94,1,1.0,1.0,0.12351917852701277,19.33152156297531
94,2,1.0,-1.0,-0.925529392201462,13.51929310901239
94,3,1.0,-1.0,-0.650150244409266,14.734659215464202
94,4,1.0,1.0,1.3340554433370944,18.407776320225192
94,5,1.0,-1.0,-0.8637839590809713,14.24402587795553
94,6,1.0,1.0,0.333907219402094,14.599231892158086
94,7,1.0,1.0,0.5399668138465289,15.428635791453981
94,8,1.0,1.0,0.47834550382030067,13.558132762701929
94,9,1.0,-1.0,-1.0588568962301483,16.64081371546842
94,10,1.0,1.0,0.6201207657243314,13.950735275215182
94,11,1.0,-1.0,-0.040687504051297896,15.516811018658364
94,12,1.0,1.0,0.593440158188266,13.456151291365973
94,13,1.0,-1.0,-1.3711069422535762,14.222355336190915
94,14,1.0,1.0,0.3377835850767068,17.020839062237055
94,15,1.0,-1.0,-0.6770565694681027,15.317242497971701
94,16,1.0,-1.0,-0.7787079914941377,12.768817948177253
94,17,1.0,-1.0,-0.7095257333539193,16.260795485051613
94,18,1.0,1.0,0.3762049618474156,15.654583884818729
94,19,1.0,1.0,0.3797879746469184,13.855136572603223
94,20,1.0,-1.0,-1.7179926227961786,18.866702891412096
94,21,1.0,-1.0,-0.10308346121729267,18.54457301649992
94,22,1.0,1.0,0.14330663184348552,20.334696911086528
94,23,1.0,-1.0,-0.5928417957638115,13.366918764155995
94,24,1.0,1.0,0.6971974281968025,15.822036267490509
94,25,1.0,-1.0,-0.957148641652769,15.530909358339988
94,26,1.0,1.0,0.11045633927509096,18.97870644196269
94,27,1.0,1.0,0.6624662433745381,13.402422445416518
94,28,1.0,-1.0,-1.052804787740211,17.45997322057774
94,29,1.0,1.0,0.5361899425860747,13.524493356404601
94,30,1.0,1.0,0.5226798387504243,16.901468679480953
94,31,1.0,1.0,0.736235276195946,12.19121235258497
94,32,1.0,1.0,0.6631429805050274,15.080574959226274
94,33,1.0,1.0,0.7040183052101642,15.508698397421568
94,34,1.0,-1.0,-0.7876933970367476,14.095967017017925
94,35,1.0,1.0,0.5546565382660117,13.91745665242623
94,36,1.0,1.0,0.4303270499494642,13.924056595052932
94,37,1.0,-1.0,-0.4628140813814488,14.23483891274147
94,38,1.0,-1.0,-0.9248838951297547,13.402263875633814
94,39,1.0,-1.0,-0.22766762789294415,13.707708673186694
94,40,1.0,1.0,0.1522544974359159,15.89064482506762
94,41,1.0,-1.0,-1.1477924680091507,14.420591399487229
94,42,1.0,-1.0,-0.26612496056442503,16.760409437229544
94,43,1.0,-1.0,-0.07394556814789623,13.510354852188566
94,44,1.0,-1.0,-0.933163692672371,19.540387799870913
94,45,1.0,-1.0,-0.5204195300476377,11.20338382183391
94,46,1.0,-1.0,-0.0016012194717753003,15.73017341949973
94,47,1.0,1.0,0.3270682191976585,17.484270219712915
94,48,1.0,-1.0,-0.1582698249011143,13.912820946368603
94,49,1.0,1.0,0.5228657491150139,18.03188481334405
94,50,1.0,-1.0,-0.4301625461068549,17.903414367008256
94,51,1.0,1.0,0.7442345800677228,17.169162289036418
94,52,1.0,1.0,0.25970334696827,15.403564666732134
94,53,1.0,1.0,1.1831577501089794,19.114532274493
94,54,1.0,1.0,0.5011499925804792,15.047232821900495
94,55,1.0,1.0,1.2136439937643946,17.708286987764385
94,56,1.0,1.0,0.2956072730690967,15.41990547943652
94,57,1.0,1.0,0.6241536888541019,16.62368577802551
94,58,1.0,-1.0,-0.39202959701905377,19.80392547440663
94,59,1.0,1.0,0.11003778654459809,16.166371768470498
94,60,1.0,1.0,0.45889958459887775,14.696612327439166
94,61,1.0,-1.0,-0.9874090906858999,20.200383701297845
94,62,1.0,-1.0,-1.0482878669332052,14.300465814827577
94,63,1.0,-1.0,-0.3771784801892446,14.733515041987634
94,64,-1.0,1.0,0.683417889170705,12.323148632462654
94,65,-1.0,1.0,1.6978419079114762,16.035973666620787
94,66,-1.0,-1.0,-0.05874964341583781,13.173294759620509
94,67,-1.0,1.0,1.0280870951670953,14.751831927155797
94,68,-1.0,-1.0,-0.2610785193848669,14.63217287284426
94,69,-1.0,-1.0,-0.44467486688654395,17.023541916081403
94,70,-1.0,1.0,0.5580460303123151,14.462635942983633
94,71,-1.0,1.0,0.9428126899224707,13.941885705266198
94,72,-1.0,-1.0,-0.3241302590820128,17.57356519986885
94,73,-1.0,1.0,0.3227418430205137,12.917857550515345
94,74,-1.0,-1.0,-0.20876427574004358,20.32836576697346
94,75,-1.0,-1.0,-0.7684265006073852,13.981228786594185
94,76,-1.0,-1.0,-0.3988019403285057,12.758721170156875
94,77,-1.0,1.0,1.4995601981746796,17.360193027086606
94,78,-1.0,1.0,0.5116424667735925,15.768613995791249
94,79,-1.0,-1.0,-0.06915217107264593,18.6146157865415
94,80,-1.0,1.0,0.0007273046257338378,20.159554977149572
94,81,-1.0,-1.0,-0.106089838934351,10.695879496864965
94,82,-1.0,1.0,0.9893990751753372,17.818109531466888
94,83,-1.0,-1.0,-0.0884868125409875,17.40283960884489
94,84,-1.0,-1.0,-0.5624622539412849,13.81046769582072
94,85,-1.0,-1.0,-0.26483232563720827,17.07250960426828
94,86,-1.0,1.0,0.34997183529861525,13.977361811072004
94,87,-1.0,1.0,1.723591083095387,15.685533329999805
94,88,-1.0,1.0,0.5733613997371676,17.95317327115644
94,89,-1.0,1.0,0.9641353842571152,14.64334418648415
94,90,-1.0,1.0,0.015216779344264991,18.48744618839556
94,91,-1.0,-1.0,-0.5921537917599036,13.827231271873737
94,92,-1.0,1.0,1.3685141642743046,16.200075161782763
94,93,-1.0,1.0,1.5707385081700491,16.492881442721718
94,94,-1.0,1.0,1.2351613018078265,16.743327715090047
94,95,-1.0,-1.0,-0.20078647577227052,16.17548097259592
94,96,-1.0,1.0,1.8154001924582974,16.92614930814105
94,97,-1.0,-1.0,-0.5164878173820214,13.734974375297806
94,98,-1.0,-1.0,-0.2132236307629162,18.61454215793489
94,99,-1.0,-1.0,-0.1290385266191572,12.696980109511975
94,100,-1.0,-1.0,-0.03165619997636779,14.694990782725082
94,101,-1.0,1.0,0.47482946994211733,13.267054407511923
94,102,-1.0,-1.0,-0.5784853121602016,16.541341841642804
94,103,-1.0,1.0,0.8124018153637874,18.197754088945366
94,104,-1.0,1.0,0.6381613327692139,19.011938887460012
94,105,-1.0,-1.0,-0.27363005706362703,11.466917817829616
94,106,-1.0,1.0,0.7386691472560472,14.452651761918235
94,107,-1.0,1.0,0.8905100864415839,19.06550565361469
94,108,-1.0,-1.0,-0.6780883951738979,16.051054861504905
94,109,-1.0,-1.0,-0.5579953166071492,14.551247612970911
94,110,-1.0,-1.0,-0.49272445776298796,12.427070255065072
94,111,-1.0,1.0,0.04272642305156098,14.482288421796241
94,112,-1.0,-1.0,-0.02179181437580914,11.732341936793299
94,113,-1.0,1.0,0.4636695963633569,13.516911370993917
94,114,-1.0,1.0,1.178297331348298,14.058384489293557
94,115,-1.0,1.0,0.13283647144061309,13.953151477008642
94,116,-1.0,1.0,0.09593729733589121,16.8782607195785
94,117,-1.0,-1.0,-0.2550038648512667,14.415435837214996
94,118,-1.0,-1.0,-0.5720048035707251,15.627277720754144
94,119,-1.0,1.0,0.9918013731295087,15.894973128894557
94,120,-1.0,1.0,1.3108895463926042,13.95343975355957
94,121,-1.0,1.0,0.411178705071379,13.97028488754747
94,122,-1.0,1.0,0.614159206113539,11.345565618184974
94,123,-1.0,1.0,0.3390596502035089,14.696475165922926
94,124,-1.0,1.0,0.0026628166812044385,19.386559948593995
94,125,-1.0,1.0,0.36132515407022703,14.504815115488277
94,126,-1.0,-1.0,-0.5167277645173203,18.771981361427272
94,127,-1.0,1.0,0.12238873188405958,20.183581212847162
95,0,1.0,-1.0,-0.25013202430594694,13.99921478908838
95,1,1.0,1.0,0.3218050148563606,15.673654231088255
95,2,1.0,-1.0,-0.13553977921946414,17.437803013774175
95,3,1.0,1.0,0.32975528210023974,12.29381311614764
95,4,1.0,-1.0,-1.495048552988879,18.926882242110295
95,5,1.0,-1.0,-0.3696897389042108,14.38898397622663
95,6,1.0,-1.0,-0.4201438346972247,15.955981147687787
95,7,1.0,1.0,0.13625309636311544,15.31740984997479
95,8,1.0,-1.0,-1.5077376264172528,16.536882399983632
95,9,1.0,-1.0,-0.01040744521153511,13.448947731186244
95,10,1.0,-1.0,-1.4063994499197894,15.731558424369027
95,11,1.0,-1.0,-0.9628182237827855,14.855823563859381
95,12,1.0,1.0,0.37754641868905975,14.046640495296417
95,13,1.0,-1.0,-0.8087281691757368,17.249175017651737
95,14,1.0,1.0,0.13745532048278164,16.425993405835335
95,15,1.0,1.0,0.07032560089927324,14.832720343617055
95,16,1.0,-1.0,-0.8734163401014711,12.442309545285385
95,17,1.0,1.0,0.1495867585371548,12.912265708130654
95,18,1.0,-1.0,-0.42356889558736305,11.437326727152232
95,19,1.0,1.0,0.2337246120811858,11.926584535668447
95,20,1.0,1.0,0.5006365047845889,14.324440258918052
95,21,1.0,-1.0,-0.31568407495990214,17.27238858695472
95,22,1.0,1.0,0.07497395200521353,16.800595635934815
95,23,1.0,1.0,0.7764919502244328,13.713819820835075
95,24,1.0,-1.0,-0.13664110398463403,12.414442854065156
95,25,1.0,-1.0,-1.3196543698895211,17.354706174501562
95,26,1.0,1.0,0.13897413979518808,15.139424136465045
95,27,1.0,-1.0,-0.6338797495780444,14.376311869351948
95,28,1.0,-1.0,-1.9038114196533686,17.356335055134632
95,29,1.0,-1.0,-0.06461955678375364,13.203164150720028
95,30,1.0,1.0,0.3734565957010528,14.52223169917115
95,31,1.0,-1.0,-1.1147821991135127,12.634370012199879
95,32,1.0,-1.0,-0.7955864632927201,16.088141839383486
95,33,1.0,1.0,0.4434051301238379,13.063212642010335
95,34,1.0,-1.0,-0.14355473702605992,15.160041577776301
95,35,1.0,-1.0,-1.6602097947672527,15.11805733547156
95,36,1.0,-1.0,-0.2687333645889567,11.49419318371795
95,37,1.0,1.0,0.2146811226057797,16.456200877439397
95,38,1.0,1.0,0.3044024854218859,14.492338549178362
95,39,1.0,1.0,0.3184998454616741,11.29509800623345
95,40,1.0,1.0,0.0627016045974659,12.654481029987986
95,41,1.0,-1.0,-2.499356646970405,16.855736495436844
95,42,1.0,-1.0,-0.3661418594059569,13.54363705823846
95,43,1.0,-1.0,-0.302942961193084,16.943501260373342
95,44,1.0,-1.0,-0.5467599008831838,12.04724409013469
95,45,1.0,-1.0,-1.2372563115730835,16.72562157592669
95,46,1.0,-1.0,-0.519780883170299,11.083974823770898
95,47,1.0,-1.0,-0.8275274628736506,18.083831970761796
95,48,1.0,-1.0,-0.7115706914095815,16.12378924088137
95,49,1.0,1.0,0.196110603228571,14.818387974181988
95,50,1.0,-1.0,-1.3764754410704272,18.82930339146978
95,51,1.0,-1.0,-1.4913498560903617,13.27314506947278
95,52,1.0,-1.0,-0.9794979496529284,17.836664673652354
95,53,1.0,-1.0,-0.7160955184066381,17.967182162009244
95,54,1.0,-1.0,-2.2633300082161845,15.286284902379606
95,55,1.0,1.0,0.39122657449760695,10.193727775221252
95,56,1.0,-1.0,-1.2792727026743824,16.19478539112684
95,57,1.0,-1.0,-1.2240658369594881,13.63037563380476
95,58,1.0,1.0,0.5104429033724642,13.540110807052024
95,59,1.0,1.0,0.01855905458603173,13.779554472108403
95,60,1.0,-1.0,-0.020811139806553497,13.576677700856598
95,61,1.0,-1.0,-0.23513084771893,15.276964314781736
95,62,1.0,1.0,0.5838612799442491,14.88041168916
95,63,1.0,-1.0,-1.3453902114400103,17.542447530190433
95,64,-1.0,-1.0,-0.25395063152200337,18.07228174941109
95,65,-1.0,-1.0,-1.2159896771764043,15.806850133560905
95,66,-1.0,-1.0,-1.2358070364764333,18.285274771394633
95,67,-1.0,-1.0,-0.7164215181758888,14.023698875856267
95,68,-1.0,-1.0,-0.49305879063139413,13.23992553024338
95,69,-1.0,-1.0,-0.21586990617893848,14.718231201152307
95,70,-1.0,-1.0,-0.14916128209233284,18.94022269781618
95,71,-1.0,-1.0,-0.1536793730865131,16.792099083574005
95,72,-1.0,1.0,0.5588498053178513,13.243719730109584
95,73,-1.0,-1.0,-1.7168370987370576,17.725966786644964
95,74,-1.0,-1.0,-0.5750240410297515,18.50807085605706
95,75,-1.0,-1.0,-0.3501330147028021,14.089826437879955
95,76,-1.0,1.0,1.1423675780424805,13.549953513488417
95,77,-1.0,-1.0,-1.3980103941394995,16.74788582549995
95,78,-1.0,1.0,0.011368403599492843,13.450405099397628
95,79,-1.0,-1.0,-0.5977706563677732,14.547322026996525
95,80,-1.0,-1.0,-0.21398681915163997,12.643387871943306
95,81,-1.0,1.0,0.21146646692774007,15.099783319723265
95,82,-1.0,-1.0,-0.6363874624729087,14.493009018173572
95,83,-1.0,-1.0,-0.8480091154829769,15.078133444392549
95,84,-1.0,1.0,0.10504103119603007,15.537866330216058
95,85,-1.0,-1.0,-0.7625781231977641,16.497431717246485
95,86,-1.0,-1.0,-0.6657389489004073,16.075158097678443
95,87,-1.0,1.0,1.0753385374653426,13.153087540582206
95,88,-1.0,-1.0,-1.1717707755918283,15.130503094685288
95,89,-1.0,1.0,0.43637751172097383,11.972325448042067
95,90,-1.0,-1.0,-0.19643341179502838,19.344956808804987
95,91,-1.0,1.0,0.9355253426498723,12.498037983393829
95,92,-1.0,1.0,0.31251041700954757,17.99447181307848
95,93,-1.0,-1.0,-0.4095621101847171,18.104503504517773
95,94,-1.0,-1.0,-0.4260372339585788,12.285149359255618
95,95,-1.0,-1.0,-1.0611320880659239,18.089305486813366
95,96,-1.0,1.0,0.6885575834865739,13.497321837807128
95,97,-1.0,1.0,0.266522689126799,18.30995727005868
95,98,-1.0,1.0,0.8834432513640098,12.91353732705417
95,99,-1.0,-1.0,-1.172095239228356,16.206607337993105
95,100,-1.0,-1.0,-1.34285843090418,16.772432027276476
95,101,-1.0,1.0,1.0075732538826405,16.305321449987144
95,102,-1.0,1.0,0.5310593266938872,17.145368372744052
95,103,-1.0,1.0,0.020542884822653207,15.962277117893645
95,104,-1.0,-1.0,-1.0762902274927801,17.58278122039163
95,105,-1.0,-1.0,-0.8211341744570607,13.821915005181758
95,106,-1.0,-1.0,-1.0209075861940025,14.061610381391162
95,107,-1.0,1.0,1.4041531982534736,14.185002633970834
95,108,-1.0,1.0,0.942832392785557,15.871885949078356
95,109,-1.0,1.0,1.0903800633464489,16.242116836422277
95,110,-1.0,-1.0,-0.8250580464535306,16.42406459604937
95,111,-1.0,1.0,1.730371897602583,15.324720762856566
95,112,-1.0,1.0,1.0086354786625622,18.130925610696757
95,113,-1.0,-1.0,-1.0281899633920621,15.20321663335985
95,114,-1.0,-1.0,-0.2273977537728194,15.13606385447022
95,115,-1.0,1.0,0.3186001212203732,16.79225921645822
95,116,-1.0,-1.0,-1.1612357064884886,14.252464156086461
95,117,-1.0,-1.0,-1.4852315687290747,16.156847703127173
95,118,-1.0,-1.0,-1.3805732986186388,17.32437151456636
95,119,-1.0,1.0,0.5931597487889628,11.101193485356545
95,120,-1.0,1.0,0.8864257814775383,12.092600620879475
95,121,-1.0,-1.0,-1.1888438439171194,15.333877496497234
95,122,-1.0,1.0,0.4066743658324974,14.07463997621108
95,123,-1.0,1.0,0.42867562616825877,14.280069578056077
95,124,-1.0,1.0,0.6533065535139875,16.820824123755997
95,125,-1.0,1.0,0.935064709161007,14.280867442862291
95,126,-1.0,-1.0,-0.2987878815596264,13.25487923581835
95,127,-1.0,-1.0,-0.43990916078493747,16.85216529468511
96,0,1.0,1.0,0.0046963407578659785,13.921603334344102
96,1,1.0,-1.0,-1.6902442989886324,14.261685914475361
96,2,1.0,-1.0,-0.6191610703842116,15.68061826274779
96,3,1.0,-1.0,-0.7329294390102532,14.830386455820095
96,4,1.0,-1.0,-0.6047040491629648,18.39935173582399
96,5,1.0,-1.0,-0.3237998994492194,13.886785043007592
96,6,1.0,1.0,0.07304638746256503,15.82457877148616
96,7,1.0,1.0,0.5333669021562204,14.740600089376185
96,8,1.0,-1.0,-0.44491850769525265,14.07678396227683
96,9,1.0,1.0,0.27862033727891916,12.40635033951893
96,10,1.0,-1.0,-0.23579875932404287,17.704183446018046
96,11,1.0,1.0,0.2953625363856224,16.860616985905136
96,12,1.0,-1.0,-0.6748282537749183,17.059153341392275
96,13,1.0,-1.0,-0.5670164233316272,14.239731304419514
96,14,1.0,-1.0,-0.4022860392169992,17.37230585755437
96,15,1.0,-1.0,-0.37305078903633887,14.945128808190566
96,16,1.0,1.0,0.7744448362794739,14.114725891004122
96,17,1.0,-1.0,-0.008824533138291082,15.786151885935444
96,18,1.0,-1.0,-0.1858617705733413,13.140106969034045
96,19,1.0,1.0,0.02255372190390363,16.94370631858215
96,20,1.0,-1.0,-0.011503953569673278,17.112771243112974
96,21,1.0,-1.0,-0.5668893347522493,13.246462704352403
96,22,1.0,-1.0,-0.449492549964026,16.480348291110815
96,23,1.0,1.0,0.9148615485820263,17.094055635143196
96,24,1.0,1.0,0.5434121327794678,14.810304902573236
96,25,1.0,-1.0,-0.38001757942163267,12.008103339912553
96,26,1.0,-1.0,-0.4645577623318033,12.734205423609533
96,27,1.0,-1.0,-0.35043439490067696,18.36149208361361
96,28,1.0,-1.0,-0.3510765428770106,13.159479022832373
96,29,1.0,-1.0,-0.19215872231544606,12.305078747560884
96,30,1.0,-1.0,-0.3949959106983373,15.7104858531434
96,31,1.0,-1.0,-0.48502927509689375,12.76192462465466
96,32,1.0,-1.0,-0.5911811130338709,14.430245576652592
96,33,1.0,1.0,0.026286096862620525,15.339969219402308
96,34,1.0,-1.0,-0.8641601332546689,12.825598560974804
96,35,1.0,-1.0,-1.275736418629981,19.200873407115786
96,36,1.0,-1.0,-1.1270484928331808,15.1506880800137
96,37,1.0,1.0,0.1646126843582087,17.044445530522513
96,38,1.0,-1.0,-0.8235751083907784,19.384232884498935
96,39,1.0,1.0,0.7165322101004187,12.956700054796185
96,40,1.0,-1.0,-0.7145315177421061,18.892686082575104
96,41,1.0,1.0,0.06320981163827719,15.104470958797682
96,42,1.0,1.0,0.40145106356015714,13.95869452424539
96,43,1.0,1.0,0.0598057051776405,17.75011431043263
96,44,1.0,-1.0,-0.28672838186022087,13.48734457410344
96,45,1.0,-1.0,-0.5594599456887315,14.985758955616026
96,46,1.0,-1.0,-0.3012753514451336,17.517467751606098
96,47,1.0,-1.0,-0.8322494250377925,18.521554156085735
96,48,1.0,-1.0,-0.3271951187268669,13.567154410828357
96,49,1.0,-1.0,-1.0378996352037666,14.865422020208012
96,50,1.0,1.0,0.5187376364795,17.154039039871588
96,51,1.0,1.0,0.7822331694015902,17.14120596932542
96,52,1.0,-1.0,-0.6319491002079062,14.593920040937398
96,53,1.0,1.0,0.5176507072417668,16.750887406301008
96,54,1.0,-1.0,-0.47456846834873434,19.19154312281957
96,55,1.0,1.0,0.3567012660499388,15.125578205425358
96,56,1.0,-1.0,-1.0321712587898058,16.629629618699255
96,57,1.0,1.0,0.5338123599155805,16.140648421870218
96,58,1.0,-1.0,-0.5396974354655142,15.02552580210241
96,59,1.0,-1.0,-0.584753296560161,16.150275608574223
96,60,1.0,1.0,1.113996597372321,15.09165134290349
96,61,1.0,1.0,0.4760528030163366,11.958366453681693
96,62,1.0,1.0,0.7688870459064493,16.06035925906288
96,63,1.0,1.0,0.3304165468391588,14.330210703862793
96,64,-1.0,1.0,0.15914972281082074,19.37042319793022
96,65,-1.0,1.0,0.04145420288629151,14.897796119836393
96,66,-1.0,1.0,0.5797499372171102,14.173466669111447
96,67,-1.0,1.0,0.25467499096545754,13.12485134906613
96,68,-1.0,1.0,0.9054945164983293,12.401411472244979
96,69,-1.0,1.0,0.03234384052011845,15.30863000525242
96,70,-1.0,-1.0,-0.41749399754131944,13.0902445923082
96,71,-1.0,-1.0,-0.20715597556181187,17.537376564021567
96,72,-1.0,1.0,0.5914064743554815,13.43471958562669
96,73,-1.0,1.0,0.1655846628039361,14.19188703689926
96,74,-1.0,1.0,0.038513291714267636,19.72111951120008
96,75,-1.0,1.0,0.7924497968637794,14.55883383470605
96,76,-1.0,1.0,0.18973469786449215,18.217421448896435
96,77,-1.0,-1.0,-0.2776652341164116,14.222888726817382
96,78,-1.0,1.0,0.41523413356596434,13.595498023955283
96,79,-1.0,1.0,0.2985537124352598,19.069789049698535
96,80,-1.0,1.0,1.6899172986077355,14.710369246005746
96,81,-1.0,1.0,0.34088644887107916,19.364432294243105
96,82,-1.0,-1.0,-0.3169150172527483,15.193050232195198
96,83,-1.0,-1.0,-0.5908581027307697,17.20498773978656
96,84,-1.0,1.0,0.8815352620525327,14.22548867908156
96,85,-1.0,1.0,0.24997182230077505,17.772391872049834
96,86,-1.0,1.0,0.3911290382010939,15.660040603916771
96,87,-1.0,1.0,1.478340061147501,15.8587791576235
96,88,-1.0,1.0,0.21820409349108608,15.444959749505813
96,89,-1.0,1.0,0.040683483997020126,16.5608161035164
96,90,-1.0,-1.0,-0.612872699829207,17.650797562560133
96,91,-1.0,1.0,0.5912941262309693,14.424902078882434
96,92,-1.0,1.0,0.4780414676961982,13.421396797857529
96,93,-1.0,1.0,0.42176328949520914,14.094589245147676
96,94,-1.0,-1.0,-0.10243004885482258,15.701632010144648
96,95,-1.0,-1.0,-0.15335129474004605,16.01501236586207
96,96,-1.0,1.0,0.5923445178385622,13.006280717266748
96,97,-1.0,-1.0,-0.22074094852152548,17.084538117747773
96,98,-1.0,1.0,1.4654928572078876,13.687168977425644
96,99,-1.0,1.0,1.2125562782549455,17.644184097613458
96,100,-1.0,-1.0,-0.06628556384773228,14.070062053471583
96,101,-1.0,1.0,1.0117333164176316,12.253011052299495
96,102,-1.0,-1.0,-0.21862161238680128,13.28376398722329
96,103,-1.0,-1.0,-0.6172532663739053,16.35665597268388
96,104,-1.0,1.0,0.15545184763937733,11.558321725130147
96,105,-1.0,-1.0,-0.022118885624084705,15.93580080400389
96,106,-1.0,1.0,0.4729090655951083,13.311772806053533
96,107,-1.0,1.0,0.8554479674023091,16.836306798156393
96,108,-1.0,1.0,1.1242877401102012,16.084671684281926
96,109,-1.0,1.0,0.20467929119101347,16.214281841109244
96,110,-1.0,-1.0,-0.07685068131482248,10.30905090682189
96,111,-1.0,1.0,0.5616404531813011,12.980180829167963
96,112,-1.0,1.0,0.12735669213596704,13.23876511828359
96,113,-1.0,1.0,0.17830166545834447,18.860269622656997
96,114,-1.0,-1.0,-0.46422655506050237,17.953044972643674
96,115,-1.0,1.0,0.30104072935476445,11.6720254594148
96,116,-1.0,1.0,0.2679185370018462,13.793914946824374
96,117,-1.0,1.0,0.4394311766227179,16.57032746216499
96,118,-1.0,1.0,0.25670587850168725,11.953020683462592
96,119,-1.0,-1.0,-0.07553887065347686,17.914443802957084
96,120,-1.0,-1.0,-0.050573744212707744,16.68146190318863
96,121,-1.0,-1.0,-0.06217509602803209,15.22897066018587
96,122,-1.0,1.0,0.8385967612637071,17.95428982731885
96,123,-1.0,1.0,0.1825060430614866,16.26121463328913
96,124,-1.0,1.0,0.2701409098848174,18.921224559553757
96,125,-1.0,-1.0,-0.28950453145397825,18.072638908485384
96,126,-1.0,1.0,0.20304255810915456,15.68976437145246
96,127,-1.0,-1.0,-0.020494333251872998,11.843537827414135
97,0,1.0,-1.0,-1.0090018697201393,14.940588333735437
97,1,1.0,1.0,0.7493125198163921,17.244870151745435
97,2,1.0,-1.0,-0.8536425829398954,13.108413680907118
97,3,1.0,1.0,0.22062419493422095,15.678371004223681
97,4,1.0,1.0,0.15937682448985746,15.208847531050603
97,5,1.0,1.0,0.4036926136770249,12.666105181316258
97,6,1.0,-1.0,-0.03517575268840212,15.348977636181976
97,7,1.0,-1.0,-1.6025733668515716,17.683861161690462
97,8,1.0,-1.0,-1.9162901343780052,19.320027610392344
97,9,1.0,1.0,0.31219054647118866,14.408432911631657
97,10,1.0,-1.0,-1.2865718518972586,16.709179209611143
97,11,1.0,-1.0,-0.0406269198253985,11.428004829722624
97,12,1.0,-1.0,-1.2273737971339327,14.831630593663073
97,13,1.0,-1.0,-0.06276594035337918,14.351717084631472
97,14,1.0,1.0,0.21585908235830195,16.982145282765984
97,15,1.0,1.0,0.5886874295684801,14.923766172794588
97,16,1.0,-1.0,-1.683998392451625,16.917484578492598
97,17,1.0,-1.0,-0.5575473149285848,14.716327829674105
97,18,1.0,-1.0,-0.5555957455771618,10.711500484789108
97,19,1.0,-1.0,-0.31546358539529873,19.48589601008578
97,20,1.0,1.0,0.35368456616171656,15.659127565089973
97,21,1.0,1.0,0.32547142580107175,13.47578549278524
97,22,1.0,1.0,0.7818998349970351,14.284259703883178
97,23,1.0,1.0,0.7129916197294964,18.338042009969975
97,24,1.0,1.0,0.41655323277397704,15.294905636563213
97,25,1.0,1.0,0.9944189075454805,16.566535256803913
97,26,1.0,-1.0,-0.5234058542575553,11.623922861316945
97,27,1.0,-1.0,-0.25617353845533464,16.452870074192766
97,28,1.0,-1.0,-1.3436480209991335,15.677396376664893
97,29,1.0,1.0,0.5852831370892946,16.328395617768656
97,30,1.0,-1.0,-0.2534515205331706,13.868583174330029
97,31,1.0,1.0,0.7759726919230356,15.482293687051747
97,32,1.0,1.0,0.09416792097604273,12.95291543293639
97,33,1.0,-1.0,-1.533287470257958,18.41620227923366
97,34,1.0,-1.0,-0.9290184002224868,14.935035057221977
97,35,1.0,1.0,0.6532380232505801,13.3361146940205
97,36,1.0,-1.0,-0.6255883785982611,14.406951396767257
97,37,1.0,-1.0,-0.02902927838760183,19.579399718302017
97,38,1.0,1.0,0.34328863695574735,11.792798867976028
97,39,1.0,-1.0,-0.7614202146318745,18.300319141649105
97,40,1.0,1.0,0.6006910156351652,15.885268266889673
97,41,1.0,-1.0,-0.0751080839205871,14.520801814101063
97,42,1.0,-1.0,-0.96306315432516,15.63078195785337
97,43,1.0,1.0,0.16071210228123167,13.736383628236426
97,44,1.0,-1.0,-0.5561861115624037,13.129684188806603
97,45,1.0,1.0,0.37119807685607187,14.302210300972632
97,46,1.0,1.0,0.5675779236514087,17.99250855811515
97,47,1.0,1.0,0.7228408121291248,14.707205574449373
97,48,1.0,-1.0,-0.9251906856016758,15.334121912898222
97,49,1.0,-1.0,-1.4381067319893939,17.34662853234023
97,50,1.0,-1.0,-0.9417744348401758,17.858198563536085
97,51,1.0,-1.0,-0.35616796288212366,17.96240079405159
97,52,1.0,-1.0,-1.1961120631146622,14.878888014313102
97,53,1.0,-1.0,-0.4760903059481083,15.693383250672975
97,54,1.0,1.0,0.01857575213121758,16.120676458055886
97,55,1.0,-1.0,-0.35419748483140306,18.660206838527156
97,56,1.0,-1.0,-0.3638538294873044,11.74380695769552
97,57,1.0,1.0,0.21083164098974985,14.79711578004146
97,58,1.0,-1.0,-1.1266200493941474,15.996882359404212
97,59,1.0,-1.0,-1.094202940913409,15.765001886246015
97,60,1.0,-1.0,-0.54211837573646,17.162491305791935
97,61,1.0,1.0,0.381461570123602,15.970260240577199
97,62,1.0,1.0,0.3077948768722713,15.772110553704177
97,63,1.0,-1.0,-0.1334447140439825,16.989811530580003
97,64,-1.0,1.0,0.7043192066461803,14.804139520715788
97,65,-1.0,1.0,1.4564742495885359,14.359872050836827
97,66,-1.0,1.0,0.29169599005279323,15.531607549642056
97,67,-1.0,1.0,0.038319163642188916,14.866871135195879
97,68,-1.0,-1.0,-0.561907078447722,12.299822247351045
97,69,-1.0,-1.0,-0.7434887855521939,16.074542022513267
97,70,-1.0,-1.0,-0.31084628224239463,14.369534044753829
97,71,-1.0,-1.0,-0.6098130029460856,13.633638950234365
97,72,-1.0,-1.0,-1.3127739334951094,19.87617888714444
97,73,-1.0,1.0,0.36602741109388887,13.654601758705928
97,74,-1.0,-1.0,-0.4163101061767702,11.716138725338405
97,75,-1.0,-1.0,-1.149564562075829,18.55944034602679
97,76,-1.0,1.0,1.5932520417001568,16.429470199363898
97,77,-1.0,1.0,0.8478805122964824,12.818381144248962
97,78,-1.0,1.0,0.06547572911849141,17.31469618512354
97,79,-1.0,-1.0,-0.6704507324355968,18.591132033517063
97,80,-1.0,-1.0,-0.22289898811553888,14.449137106240912
97,81,-1.0,1.0,0.6976283501786116,16.445534161701545
97,82,-1.0,-1.0,-0.3261371669169556,19.276355657130708
97,83,-1.0,-1.0,-0.6236147581301551,16.84309061107427
97,84,-1.0,1.0,0.3818971339539672,17.351361524114466
97,85,-1.0,-1.0,-0.30318370191183974,15.125416018351029
97,86,-1.0,-1.0,-0.16160698156011244,19.854250764510315
97,87,-1.0,-1.0,-0.255856916163949,18.910533833776597
97,88,-1.0,1.0,1.0446803918797891,14.222348214720176
97,89,-1.0,1.0,0.49899018745620843,14.968169448816218
97,90,-1.0,1.0,0.27138899892631896,12.758267958188283
97,91,-1.0,1.0,1.4798969811751486,12.704900263341553
97,92,-1.0,1.0,1.0987943869613837,13.996799681344918
97,93,-1.0,-1.0,-0.4558021173178214,17.05490266088372
97,94,-1.0,-1.0,-1.0256652543009535,20.195239836188385
97,95,-1.0,1.0,0.09668338645019962,15.266076018363155
97,96,-1.0,1.0,0.1813462053098414,12.615201617497446
97,97,-1.0,1.0,0.3476217968695485,19.68608214873284
97,98,-1.0,-1.0,-0.6453621905165388,14.3313219604538
97,99,-1.0,1.0,0.20150646760459975,15.269628226528054
97,100,-1.0,1.0,1.5675063806483187,14.939413079997975
97,101,-1.0,1.0,0.5530920813974172,18.071135111114824
97,102,-1.0,1.0,1.3286174895660476,13.549199870096881
97,103,-1.0,1.0,0.8575549805984956,10.332917688405331
97,104,-1.0,-1.0,-0.4524654205717733,15.786113603416744
97,105,-1.0,1.0,0.08878741739588875,16.19565683725321
97,106,-1.0,-1.0,-0.3781558436241411,19.417786424061248
97,107,-1.0,1.0,0.14263403372488104,15.086312353288802
97,108,-1.0,-1.0,-0.1635699485474827,13.810022804182829
97,109,-1.0,1.0,0.31819205040922227,14.178945099235705
97,110,-1.0,-1.0,-1.0078945797050838,17.65754747307714
97,111,-1.0,-1.0,-0.40019711191028595,15.408999986364591
97,112,-1.0,-1.0,-0.6076867348398318,14.569434561535495
97,113,-1.0,1.0,1.0240576858838897,15.586979370964286
97,114,-1.0,1.0,1.1333663946787529,13.21969443908891
97,115,-1.0,1.0,0.6111178951793702,14.213607907065562
97,116,-1.0,-1.0,-0.2319784171015615,11.370867421464032
97,117,-1.0,1.0,0.4678354997919086,16.58156421039
97,118,-1.0,1.0,1.6545627434666799,15.024454386058103
97,119,-1.0,-1.0,-1.160382888160699,17.9390605087991
97,120,-1.0,1.0,0.025958396472952838,18.165275894936876
97,121,-1.0,-1.0,-1.1132405367926324,19.48793488652986
97,122,-1.0,1.0,0.2680906610943419,14.933681955638123
97,123,-1.0,-1.0,-0.05529953964201996,17.730013006824823
97,124,-1.0,-1.0,-0.7540203368538906,14.461999532257128
97,125,-1.0,1.0,0.8574778930386886,14.81904724570023
97,126,-1.0,-1.0,-0.04501699026731669,14.112929877573603
97,127,-1.0,1.0,0.8930117791789494,17.144489356279454
98,0,1.0,1.0,0.8728182017651415,18.441525836344688
98,1,1.0,-1.0,-0.0675920599177362,15.755738793162923
98,2,1.0,1.0,0.8961618200481913,20.242128820013804
98,3,1.0,1.0,0.25488523192804413,16.68438440382508
98,4,1.0,1.0,0.6956659964759032,12.932589738673414
98,5,1.0,1.0,0.3945252577707522,13.767653081673341
98,6,1.0,-1.0,-0.9732323293822644,13.745622958213955
98,7,1.0,1.0,0.30564512457031684,13.71126189725736
98,8,1.0,-1.0,-0.6146911262965036,14.96954051527394
98,9,1.0,1.0,0.101601291725223,17.475584291983928
98,10,1.0,1.0,0.4870486164729773,13.096637293774284
98,11,1.0,1.0,0.6248126476025915,18.26513877153212
98,12,1.0,-1.0,-0.7073859015168762,13.469719163293943
98,13,1.0,1.0,0.5266624111623343,14.092494944980968
98,14,1.0,-1.0,-0.1392970684656431,13.75499133921417
98,15,1.0,-1.0,-0.1270900910650668,12.600984965804166
98,16,1.0,1.0,0.73394667753255,19.836738778112363
98,17,1.0,1.0,0.05143526833605298,14.543369902022526
98,18,1.0,1.0,0.4375902411587199,15.579459842106786
98,19,1.0,1.0,0.7177244327411679,14.225827828038522
98,20,1.0,1.0,0.959674304405197,20.01372455869293
98,21,1.0,1.0,0.9836254340580245,19.471438722937986
98,22,1.0,1.0,0.6790726561130158,19.487887875304345
98,23,1.0,-1.0,-0.09095919877247842,14.967970397922018
98,24,1.0,1.0,0.8128374828359809,16.83866828065474
98,25,1.0,1.0,0.8655249990729935,14.330894792647637
98,26,1.0,-1.0,-1.3590427103045184,15.756685840599024
98,27,1.0,1.0,0.26391083175485075,19.344020939994678
98,28,1.0,1.0,0.002404451718837769,12.585153770690761
98,29,1.0,1.0,0.22434871471734252,18.633399055928077
98,30,1.0,-1.0,-0.3142710418233916,13.062655079012016
98,31,1.0,1.0,0.13061250787116885,13.309379761741456
98,32,1.0,-1.0,-0.65743021159791,17.948154680537854
98,33,1.0,-1.0,-0.771280891682402,11.856728900743436
98,34,1.0,-1.0,-1.2813157453979684,14.934912406555586
98,35,1.0,1.0,0.1206027785116269,14.744413012924033
98,36,1.0,1.0,0.8686788871249216,20.13575461562486
98,37,1.0,-1.0,-0.7425806941895254,13.73404295371548
98,38,1.0,1.0,0.6370726359836404,19.350174248397348
98,39,1.0,-1.0,-0.33695476998479845,16.375052550377323
98,40,1.0,-1.0,-0.2764525827215805,14.117877493856096
98,41,1.0,-1.0,-1.1251478104372588,13.201302201818622
98,42,1.0,1.0,0.7523029513962267,17.21878906785381
98,43,1.0,1.0,0.3669089509841519,19.68769464235753
98,44,1.0,1.0,0.8016151947746606,18.257589591826893
98,45,1.0,-1.0,-1.1469959341125964,15.977171531384458
98,46,1.0,-1.0,-0.8065194479027115,16.672686689591096
98,47,1.0,-1.0,-0.2885635006980727,17.908901353922683
98,48,1.0,-1.0,-0.6343550279708605,18.29017064002922
98,49,1.0,1.0,0.24115793549712888,14.42775828891898
98,50,1.0,1.0,0.09818854914076677,16.139031933899965
98,51,1.0,1.0,0.10194636178838526,14.901061535168113
98,52,1.0,-1.0,-0.7311830603574794,16.92991426895425
98,53,1.0,1.0,0.26634532124775445,18.232428924446875
98,54,1.0,-1.0,-0.24570469872708378,16.56261444794599
98,55,1.0,-1.0,-0.5955336968880972,13.061171219020878
98,56,1.0,1.0,0.4476600907166265,14.497349587033572
98,57,1.0,1.0,0.7490112554950781,20.489920991478094
98,58,1.0,1.0,0.47334355046590426,12.2886316603419
98,59,1.0,-1.0,-0.08681647029847495,15.740122439334264
98,60,1.0,1.0,0.38591049117547743,18.294242655855104
98,61,1.0,1.0,0.6449888292227313,16.597835380312336
98,62,1.0,-1.0,-0.9216907243573789,15.538328345688281
98,63,1.0,-1.0,-0.09526028404419785,12.340830920168733
98,64,-1.0,1.0,0.3181382505866739,14.801082109636429
98,65,-1.0,1.0,1.018052528181469,15.085861608407216
98,66,-1.0,1.0,0.02594045699996106,17.540739454773128
98,67,-1.0,1.0,1.7417823129802326,19.116465536425352
98,68,-1.0,1.0,0.35951854320784143,16.958454321643497
98,69,-1.0,1.0,0.255418468245438,13.08821265571618
98,70,-1.0,1.0,1.2555236137068775,16.089030839056548
98,71,-1.0,1.0,0.5601326318137021,16.72751022040565
98,72,-1.0,1.0,0.48690858780504725,11.431031052568937
98,73,-1.0,1.0,1.4867683259060422,16.076176623158137
98,74,-1.0,1.0,0.5706006002289177,14.803344495810341
98,75,-1.0,1.0,0.38696513421365974,17.98794831811127
98,76,-1.0,1.0,0.14015678506317508,14.045820412436274
98,77,-1.0,-1.0,-0.8179056539625679,12.430383913331326
98,78,-1.0,1.0,1.2655930226290169,13.690234375958108
98,79,-1.0,1.0,0.5264920834302254,14.295325950421027
98,80,-1.0,-1.0,-0.21294538841708954,13.941290540125673
98,81,-1.0,1.0,0.872135441483856,18.355892647882392
98,82,-1.0,-1.0,-0.1302378349135314,11.620905215353238
98,83,-1.0,-1.0,-0.19117081361944366,13.086105201382198
98,84,-1.0,1.0,0.48101480632361837,16.648501193279767
98,85,-1.0,1.0,0.7546970065672819,16.45662656937103
98,86,-1.0,-1.0,-0.28934760288245565,14.671699266509597
98,87,-1.0,-1.0,-0.7944421649425786,14.993341641003022
98,88,-1.0,1.0,0.21878370155991267,13.508915746841586
98,89,-1.0,1.0,0.36801756319566453,15.963654166145806
98,90,-1.0,1.0,0.5331513020330831,13.282110006091157
98,91,-1.0,1.0,0.36307454642580206,11.466796015880693
98,92,-1.0,1.0,0.290597914259748,13.622247553837473
98,93,-1.0,1.0,1.0611832148014448,12.62944054867514
98,94,-1.0,1.0,0.0420489737678085,14.555335127182307
98,95,-1.0,1.0,0.5611220984447534,17.343669279006086
98,96,-1.0,-1.0,-0.21323251352346523,13.739018889809747
98,97,-1.0,1.0,0.013738081062166133,17.100716822093695
98,98,-1.0,1.0,0.4569788068142808,16.814669842955215
98,99,-1.0,1.0,0.6139120951156369,11.681907920830575
98,100,-1.0,1.0,1.0059056847405388,15.473866843543963
98,101,-1.0,1.0,0.44736054853125734,16.710707199225535
98,102,-1.0,1.0,1.199642200037527,17.07994829680254
98,103,-1.0,-1.0,-0.43054733864606076,11.19655206757055
98,104,-1.0,1.0,1.0520201467772725,15.033237775048674
98,105,-1.0,1.0,0.07183179254553723,15.91459880894182
98,106,-1.0,1.0,0.895228222756524,14.873532391684005
98,107,-1.0,1.0,1.9476154183241667,18.742364139573777
98,108,-1.0,1.0,1.785137183599408,19.097273928341863
98,109,-1.0,-1.0,-0.761221107560435,13.796157161788045
98,110,-1.0,1.0,1.798302561386718,19.075433094534898
98,111,-1.0,-1.0,-0.4601541748261911,14.041921765183103
98,112,-1.0,1.0,0.3371516457810084,15.610716189310532
98,113,-1.0,1.0,1.1886033313511202,12.788101902509336
98,114,-1.0,-1.0,-0.023393962499646842,14.220763678470828
98,115,-1.0,1.0,1.1664732809672431,17.005498293702892
98,116,-1.0,1.0,1.0562886677169623,16.89615988299659
98,117,-1.0,1.0,0.6889586944083071,14.11519098030192
98,118,-1.0,1.0,0.6141235816665495,14.855287751308143
98,119,-1.0,1.0,0.3345330909599604,13.476195676886762
98,120,-1.0,1.0,2.4775285513203125,20.842632461873713
98,121,-1.0,1.0,1.7116289453551212,19.321470091821976
98,122,-1.0,1.0,0.2766030208560943,14.995595509345822
98,123,-1.0,1.0,0.9934352532965145,17.575229200460623
98,124,-1.0,1.0,0.12265660744042942,15.971270580213076
98,125,-1.0,-1.0,-0.06144326108659945,12.760499907226748
98,126,-1.0,1.0,1.0168431473003492,18.66111631187339
98,127,-1.0,1.0,0.5089097253362972,16.484035759976628
99,0,1.0,1.0,0.15509369597362554,17.786145600555365
99,1,1.0,-1.0,-1.2208551918308217,13.952537728828814
99,2,1.0,1.0,1.5207661886566077,12.134618164331286
99,3,1.0,-1.0,-1.019740444888878,13.230775563487608
99,4,1.0,1.0,0.5164141551357722,15.925013452656616
99,5,1.0,-1.0,-1.6827792113081914,15.62380824808023
99,6,1.0,-1.0,-1.8771378686867546,13.997636956850176
99,7,1.0,1.0,1.2205732985618218,16.614834497612485
99,8,1.0,1.0,0.0791333343019672,15.620506969019171
99,9,1.0,-1.0,-0.401875418447846,12.491456394798389
99,10,1.0,-1.0,-0.22267466191102137,15.161320450518858
99,11,1.0,-1.0,-0.3577768489853044,11.070340446170587
99,12,1.0,1.0,0.22091276477604005,15.05960998131298
99,13,1.0,1.0,0.3126380957201117,13.133915654283875
99,14,1.0,-1.0,-0.019038575694589013,18.787161064287947
99,15,1.0,1.0,0.2871311787717659,12.948927917924355
99,16,1.0,-1.0,-0.04499872820298956,17.218832006111356
99,17,1.0,1.0,1.674629262188196,14.61033535467332
99,18,1.0,-1.0,-1.0461841869345216,14.81756690403889
99,19,1.0,-1.0,-0.1192215639016227,14.206016621135735
99,20,1.0,-1.0,-0.12360168842285264,15.28672392976081
99,21,1.0,-1.0,-0.5425666521575734,16.676404531291787
99,22,1.0,-1.0,-0.7726987431025747,14.939189018116016
99,23,1.0,-1.0,-0.14987264100155406,12.345039110140329
99,24,1.0,1.0,1.7024510729280091,13.228265818852245
99,25,1.0,-1.0,-0.4254739230773096,15.556317990985004
99,26,1.0,-1.0,-1.1250034599622873,16.769618111366984
99,27,1.0,1.0,0.7593288709950642,14.58765069032961
99,28,1.0,-1.0,-1.8465341592963143,16.546774942281445
99,29,1.0,-1.0,-0.3220995618775647,15.08576956702682
99,30,1.0,1.0,0.17854057368953716,17.95507204564276
99,31,1.0,1.0,1.3461593139780437,14.039586999684843
99,32,1.0,-1.0,-1.5580189566268823,18.076251777570686
99,33,1.0,-1.0,-0.8218254133757894,14.446224622609131
99,34,1.0,-1.0,-0.2744756618270683,18.143656977509373
99,35,1.0,1.0,0.17630271011683596,14.023355801039793
99,36,1.0,-1.0,-0.4518019716836959,17.25277430741482
99,37,1.0,1.0,0.6721996958718661,16.67091151460476
99,38,1.0,-1.0,-1.014604183901087,19.057206039623196
99,39,1.0,-1.0,-0.6010334429512869,15.270903614072928
99,40,1.0,1.0,0.7031554131581674,13.814178893359788
99,41,1.0,-1.0,-1.0150647912950888,14.392589120843585
99,42,1.0,1.0,0.19762900120073273,13.940466635507905
99,43,1.0,1.0,1.353882512837123,13.318303151011088
99,44,1.0,1.0,0.8660885439755842,12.922279938060992
99,45,1.0,-1.0,-1.5833987174688902,14.58260546497411
99,46,1.0,-1.0,-0.04891115399729572,16.478958673894418
99,47,1.0,1.0,0.35550290368995063,18.88736500592702
99,48,1.0,-1.0,-0.0664380434687656,13.08866250858984
99,49,1.0,-1.0,-0.28775705073318236,13.39892120664705
99,50,1.0,1.0,0.6554545958704031,19.593538868067007
99,51,1.0,-1.0,-0.214375976362487,17.070946060228927
99,52,1.0,-1.0,-1.6955213301612881,14.238956491499092
99,53,1.0,-1.0,-0.9884319374269661,13.667980061881565
99,54,1.0,1.0,1.2714049708640764,12.04575403149714
99,55,1.0,1.0,0.34626607019918004,14.40777318009287
99,56,1.0,-1.0,-0.4029621173964013,17.876863409234108
99,57,1.0,-1.0,-0.6025320175600437,16.251125481170547
99,58,1.0,-1.0,-0.31661295924003413,18.603041132073116
99,59,1.0,-1.0,-0.4079289772988431,14.703057683694574
99,60,1.0,1.0,0.4379763658988778,12.800526683598909
99,61,1.0,1.0,0.6568603515112763,18.99228241468165
99,62,1.0,1.0,0.4061475954979096,13.720161161920695
99,63,1.0,1.0,0.28216627200337185,16.371068044251793
99,64,-1.0,1.0,0.9850532833904563,12.23060696222309
99,65,-1.0,-1.0,-0.6809760300461621,11.856544154775857
99,66,-1.0,-1.0,-0.7932447676926275,16.645437359996624
99,67,-1.0,-1.0,-0.09654969978394781,17.923779979878628
99,68,-1.0,-1.0,-0.3265004787155904,15.287778087543922
99,69,-1.0,-1.0,-0.12441266921100216,14.326781559173774
99,70,-1.0,1.0,1.3113242987890221,15.31524767387584
99,71,-1.0,1.0,0.34797079109623935,15.173779074855517
99,72,-1.0,1.0,0.17652808924355018,11.239382342952615
99,73,-1.0,-1.0,-0.5704675902817283,18.45986372721436
99,74,-1.0,-1.0,-0.8889025358241891,16.86518540326216
99,75,-1.0,1.0,1.0337098118195536,15.092162287202703
99,76,-1.0,1.0,0.2804288589804813,13.518271787983183
99,77,-1.0,1.0,1.6225760334172585,12.762762112538102
99,78,-1.0,1.0,0.21447892106668398,15.22294761246997
99,79,-1.0,1.0,0.1449412752607726,14.10076798007763
99,80,-1.0,1.0,0.8724799497329008,17.35943715741369
99,81,-1.0,1.0,0.11096468224915551,16.54964042294613
99,82,-1.0,1.0,0.388421458512043,14.713711885299993
99,83,-1.0,-1.0,-0.5091779870691447,17.464886703786167
99,84,-1.0,1.0,1.2553802306182105,17.268411472172975
99,85,-1.0,-1.0,-0.722090734264286,14.645469051415786
99,86,-1.0,1.0,1.1420549486460614,16.533152848553236
99,87,-1.0,-1.0,-0.04367637425978778,15.141075673882233
99,88,-1.0,1.0,0.4862778974510984,19.244873310179255
99,89,-1.0,-1.0,-0.05627949283581265,12.218314738205084
99,90,-1.0,-1.0,-0.4076451398457246,12.252928327924144
99,91,-1.0,1.0,0.972167900666446,15.493501923175161
99,92,-1.0,1.0,0.47454008097902955,17.375335275413878
99,93,-1.0,1.0,0.40240217332213307,17.271750965075242
99,94,-1.0,-1.0,-1.0083669739708296,16.536357364821278
99,95,-1.0,1.0,0.006792482606324507,14.956483882994858
99,96,-1.0,1.0,0.8040682043884615,16.007206657701907
99,97,-1.0,-1.0,-0.616366433595368,14.175332319026383
99,98,-1.0,1.0,0.5513791255623459,13.559994140961791
99,99,-1.0,-1.0,-0.6122736556561524,12.185734431937203
99,100,-1.0,1.0,1.5698883613438241,15.013418665404666
99,101,-1.0,-1.0,-0.4452162274171292,17.52568619733709
99,102,-1.0,-1.0,-0.03844836227776466,17.695264512103304
99,103,-1.0,-1.0,-0.152746458720822,14.098294007526672
99,104,-1.0,1.0,0.9410717480792671,17.661061353423502
99,105,-1.0,-1.0,-0.8267865342157972,15.624267193537866
99,106,-1.0,-1.0,-0.28393230098953376,15.827201619618007
99,107,-1.0,1.0,0.1393136880071675,13.033703040684538
99,108,-1.0,-1.0,-0.6706028743440808,15.550958982318756
99,109,-1.0,1.0,0.7273475863856409,18.281200653852
99,110,-1.0,1.0,1.9267817120299304,17.404368886602
99,111,-1.0,1.0,0.0030893078924221218,14.436653873126511
99,112,-1.0,-1.0,-0.6338355739685303,16.476529434401833
99,113,-1.0,-1.0,-0.5933546836390579,14.234849740353772
99,114,-1.0,-1.0,-0.9183789028628984,17.796101349805756
99,115,-1.0,-1.0,-0.030894725266256945,14.71226974230812
99,116,-1.0,-1.0,-0.45850771003468527,12.620074368732542
99,117,-1.0,-1.0,-0.598570673000655,15.28798483389572
99,118,-1.0,1.0,0.6138096142250836,17.084512095539854
99,119,-1.0,1.0,0.2458727140726245,12.659176929167199
99,120,-1.0,-1.0,-0.9087693212713228,18.102506450653646
99,121,-1.0,-1.0,-0.6635784512086451,12.806219097251505
99,122,-1.0,-1.0,-0.35083488030643584,12.304985540628193
99,123,-1.0,1.0,0.14794028090443978,16.210354232388912
99,124,-1.0,1.0,0.8848099117539489,14.716912536066388
99,125,-1.0,-1.0,-0.13625037023935574,12.391025342404392
99,126,-1.0,-1.0,-0.5433414741130987,15.818053427034355
99,127,-1.0,-1.0,-0.5762610020904728,15.988327014851741
