frame,track_id,gt_id,score
0,1,0,0.16968177636122
0,2,1,0.2820624734367203
0,3,2,0.16239552213269645
0,4,3,0.33573061251496217
0,5,5,0.22783711793329509
0,6,6,0.22084303055089483
0,7,7,0.16676004400121525
0,8,8,0.3629396819456371
0,9,12,0.13519387687729134
0,10,13,0.12197432961820724
0,11,15,0.2392534859554568
0,12,17,0.2720854988846204
0,13,18,0.23550854128204196
0,14,19,0.17801237860519398
0,15,20,0.9
0,16,21,0.2788642058470877
0,17,22,0.24106105087120994
0,18,23,0.3402064089959012
0,19,24,0.32041702257845184
0,20,25,0.29513205274187176
0,21,26,0.3348202266883062
0,22,29,0.19152766757418715
0,23,30,0.3970302776849376
0,24,31,0.13610817005649478
0,25,32,0.27545119266698637
0,26,33,0.3347427033851057
0,27,35,0.12781510138299157
0,28,37,0.261445912423099
0,29,38,0.15012291513876283
0,30,39,0.18450767383960454
0,31,40,0.18648328322082097
0,32,41,0.12204778963258861
0,33,42,0.19666963181590302
0,34,43,0.3159670341501267
0,35,44,0.2208449376658865
0,36,45,0.1462822871413229
0,37,46,0.2510372839976575
0,38,47,0.3120711925327506
0,39,49,0.18769998852394368
0,40,50,0.39510379370307114
0,41,51,0.3020715367843305
0,42,52,0.27275295173676606
0,43,53,0.13958541048936957
0,44,55,0.35556226298632587
0,45,57,0.3705025247042819
0,46,58,0.23735165378857878
0,47,61,0.15363976059178103
0,48,64,0.12573671499063385
0,49,65,0.21358943042924589
0,50,66,0.2704893386784863
0,51,67,0.9
0,52,68,0.12796140327182268
0,53,69,0.20781553231343847
0,54,73,0.22421589448162657
0,55,74,0.32830102375415676
0,56,75,0.24362253268007714
0,57,76,0.21500558425035682
0,58,77,0.2808149934752724
0,59,79,0.34682721077119505
0,60,80,0.20394205223734568
0,61,81,0.29336987129927966
0,62,82,0.29278101411707497
0,63,84,0.17596205219390004
0,64,87,0.22443451879428983
0,65,88,0.2434641841740006
0,66,89,0.13100396998584413
0,67,91,0.22732402327944456
0,68,92,0.25277784564495837
0,69,93,0.2534300281951699
0,70,94,0.2611422036465135
0,71,96,0.3782614546327461
0,72,98,0.39661170859018513
0,73,99,0.20426964573241577
0,74,101,0.3825283319906353
0,75,102,0.37384470689807914
0,76,103,0.3005899541241648
0,77,104,0.13484894238299897
0,78,106,0.3737126950089621
0,79,107,0.32179286212420044
0,80,108,0.1880379880018605
0,81,112,0.39060201671153794
0,82,113,0.16656531709611966
0,83,115,0.2591190930018987
0,84,116,0.2425270640651552
0,85,117,0.36198234423636466
0,86,118,0.12292243077469245
0,87,121,0.32252554385020193
0,88,122,0.25282606968677734
0,89,123,0.17904291046300477
0,90,126,0.30394409122684174
0,91,127,0.3262889366466467
0,92,129,0.13625081658906357
0,93,132,0.17179611219487112
0,94,133,0.3944826870979191
0,95,134,0.27151230792120373
0,96,135,0.35287422217690256
0,97,136,0.3862629064041845
0,98,137,0.34348068090733075
0,99,138,0.17411117240046198
0,100,140,0.1367453387871837
0,101,142,0.13651482024965106
0,102,143,0.24566398726469343
0,103,144,0.2217848694198126
0,104,145,0.3350820583784381
0,105,146,0.3203238492169738
0,106,147,0.2213246462287101
0,107,148,0.3222518623847676
0,108,150,0.3945217893070617
0,109,151,0.37914623411124493
0,110,152,0.2650554710084849
0,111,154,0.3009474543104493
0,112,155,0.26824454469370573
0,113,156,0.39944355130524634
0,114,158,0.36873600347068525
0,115,160,0.267645920441368
0,116,161,0.9
0,117,162,0.23786755057343154
0,118,163,0.1885800148959474
0,119,167,0.13729739680073175
0,120,168,0.29703218986040925
0,121,169,0.12105634575680221
0,122,172,0.3920942323168466
0,123,173,0.36203373207722334
0,124,175,0.18659786299743425
0,125,176,0.24134868749382193
0,126,179,0.24223005796774053
0,127,181,0.19373086145399754
0,128,182,0.35334936132449823
0,129,183,0.25013183978637415
0,130,184,0.39362630565578505
0,131,185,0.3424120758826788
0,132,186,0.3262079359174903
0,133,188,0.14851084145335583
0,134,189,0.15576653658687203
0,135,190,0.3725290240633651
0,136,191,0.21146319779993905
0,137,192,0.31286546894204825
0,138,193,0.3184094123486635
0,139,194,0.3809217359101612
0,140,195,0.23855432408960417
0,141,196,0.21758263640701953
0,142,198,0.2062882774198757
0,143,199,0.3067827140474044
1,99,138,0.39733775437443697
1,15,20,0.30398745057943655
1,87,121,0.3958965161517034
1,9,12,0.3123283342793477
1,122,172,0.3091946839059879
1,51,67,0.9
1,98,137,0.37924633984162426
1,101,142,0.3784587099740918
1,132,186,0.33806140944920116
1,116,161,0.9
1,66,89,0.305479798100641
1,117,162,0.37847495108250995
1,63,4,0.3729854207348754
1,14,19,0.3148896998081764
1,22,86,0.9
1,85,117,0.30677428199071133
1,30,127,0.3151433526097265
1,1,0,0.3014303641971668
1,11,15,0.33881295621148866
1,76,178,0.30569782977440896
1,5,5,0.37246536682954134
1,36,45,0.315865099259094
1,119,167,0.3652456155704472
1,139,194,0.3988053342826816
1,131,185,0.34843363552040457
1,134,189,0.39832958881591307
1,83,115,0.332579395476835
1,94,133,0.3793804162328108
1,2,1,0.3064658703769017
1,86,118,0.35639302459206157
1,10,13,0.3592069109571756
1,42,52,0.3608347741729243
1,20,25,0.3160511257292825
1,24,31,0.3486602884288716
1,104,145,0.3113836180566528
1,44,55,0.350823356652018
1,40,50,0.3980804410665284
1,55,74,0.30470093813499166
1,50,66,0.3663504562360105
1,12,17,0.3352046567190782
1,112,155,0.33085171752940623
1,75,102,0.32400803077565465
1,140,195,0.3621150592871255
1,59,79,0.31882559952384404
1,56,75,0.34673389304632085
1,115,160,0.35390949747973577
1,128,182,0.36362107771829233
1,54,65,0.3217286946485469
1,124,175,0.3917107417531611
1,137,14,0.3137860271705659
1,60,80,0.3068795316762471
1,37,114,0.3778613993945553
1,143,177,0.36837853234828766
1,33,125,0.31964637019948194
1,65,56,0.35105504069944327
1,57,63,0.31521665389593767
1,110,97,0.3190589356196267
1,105,165,0.3252841288370528
1,73,48,0.342488460258194
1,69,141,0.3427557499435311
1,111,100,0.3468969613597647
1,82,131,0.37000771056532866
1,102,59,0.3201630177975618
1,68,28,0.3460607836692683
1,27,35,0.2085644195095328
1,95,134,0.14746071222665044
1,74,101,0.21731481415147433
1,84,116,0.2199724425057786
1,90,126,0.2962929976007594
1,70,94,0.23965243745453849
1,16,21,0.1406843889817027
1,6,6,0.1062795694252921
1,88,122,0.2765259506012834
1,120,168,0.128048469418024
1,77,104,0.23266275014018498
1,93,132,0.1866647048937497
1,3,2,0.19327046540762083
1,79,107,0.20320219266114273
1,78,106,0.20481778023792485
1,32,41,0.1068607178321524
1,64,87,0.25737699536495096
1,121,169,0.23265104939251538
1,126,179,0.11739801697210867
1,108,150,0.2796071684511539
1,100,140,0.26978603553303204
1,67,91,0.1344118333014332
1,118,163,0.28575137024977254
1,80,108,0.29145200126104065
1,23,30,0.295245798571959
1,62,82,0.10411179833028374
1,26,33,0.21412308952800757
1,106,147,0.15138404477764195
1,38,47,0.25789657586786985
1,46,58,0.2615472383801618
1,43,53,0.1220822080498871
1,4,3,0.12135725213221307
1,7,7,0.2663745134586788
1,39,49,0.18412206869748732
1,35,44,0.1054943567587407
1,17,22,0.2072924347485532
1,52,68,0.2888215861053164
1,130,184,0.17598232368505345
1,89,123,0.28839899895244325
1,113,197,0.12323106272459587
1,28,27,0.22894445859875734
1,25,32,0.10724839496987543
1,142,198,0.25107918284895026
1,45,57,0.2954923975616133
1,136,191,0.14735787207247117
1,138,16,0.20284866736702464
1,91,39,0.23804474389581082
1,72,110,0.1692252990847662
1,61,81,0.20382009804262358
1,13,18,0.10264672754969172
1,92,129,0.23189869297315788
1,129,183,0.10011962252893236
1,133,99,0.1226968548959155
1,31,40,0.14818706604582285
1,49,73,0.25588264224192986
1,127,85,0.10873298266153576
1,141,11,0.25538275882786676
1,8,111,0.1496013315854781
1,29,38,0.17726262527048134
1,97,42,0.16676260204710408
1,47,166,0.15528404461638928
1,21,153,0.21671087304731607
1,53,180,0.22371043343742986
1,135,120,0.27780867557981515
1,123,187,0.24918920773768474
1,41,71,0.20127188660920145
1,114,109,0.12555562554601504
1,96,124,0.2053763611814257
1,19,149,0.10976359891088511
1,81,34,0.22468449816508168
1,34,152,0.10398633640103606
1,125,88,0.21242228001611344
1,58,113,0.2065136370253585
1,48,143,0.1267044754221378
1,107,93,0.13112902093950424
1,18,157,0.2178170506204928
1,109,199,0.1978761510882196
1,71,83,0.16446553365171324
1,103,72,0.2157021639195924
1,144,10,0.12473595592369069
1,145,60,0.14951114978178034
1,146,76,0.2599616057209416
1,147,78,0.15270247467629605
1,148,95,0.21222715016568175
1,149,98,0.2587280626391081
1,150,128,0.13693914724414477
1,151,130,0.12077696435403565
1,152,154,0.19571147562933666
1,153,164,0.24331730257604736
1,154,170,0.14349593431409838
1,155,171,0.13351661457480743
1,156,192,0.2683380735841483
2,22,86,0.9
2,134,189,0.3274393656659881
2,41,71,0.3985663619774483
2,24,31,0.3007301260473375
2,69,141,0.31292509888544073
2,43,53,0.31925975061089995
2,147,78,0.36833049906669424
2,25,32,0.3822655237730177
2,74,43,0.3566504505243726
2,51,67,0.9
2,108,150,0.3680218946141204
2,23,30,0.32717280500346013
2,9,12,0.3074982289025531
2,136,191,0.33964932653388324
2,131,185,0.3392130812079124
2,3,166,0.34508104812079327
2,142,198,0.3264199429701228
2,16,21,0.372844878480757
2,101,142,0.3761111217861879
2,144,10,0.38045524011949006
2,37,114,0.39642502629459053
2,31,13,0.3810235967366882
2,145,60,0.32480487902757715
2,52,68,0.3179816880034563
2,126,179,0.3325219538251107
2,14,19,0.31586848902266224
2,26,33,0.3063611354742581
2,106,111,0.3882368389768466
2,116,161,0.9
2,129,183,0.3375413961232674
2,20,25,0.32747542843284894
2,89,123,0.36534626214484456
2,94,144,0.37040757956912274
2,50,66,0.33281841562751346
2,77,54,0.3807440703986048
2,96,72,0.38229613871362644
2,113,113,0.32794650505727163
2,115,160,0.39480444962700834
2,138,193,0.32874561555964615
2,38,46,0.33518286525726904
2,73,131,0.37069019457046004
2,97,42,0.3737210057307292
2,149,98,0.34855773641277454
2,80,124,0.3756996532057095
2,53,180,0.34261502074194283
2,110,97,0.34763305821463747
2,44,90,0.3281625235800455
2,104,61,0.363803183535382
2,135,40,0.3942759387851814
2,1,88,0.38331098310534906
2,130,139,0.3426025793475502
2,92,129,0.3935790424170704
2,65,159,0.3591596154299447
2,39,112,0.3940547982602699
2,117,7,0.1712295779085251
2,27,35,0.257036294657241
2,139,194,0.13240473040727627
2,46,184,0.1494126776733266
2,85,117,0.28900663416974925
2,87,121,0.2493449809513715
2,62,82,0.10493317217552116
2,11,15,0.2791880720390618
2,84,116,0.2901371611098056
2,67,91,0.20070935084207825
2,63,4,0.21668766000708534
2,148,95,0.11215748763348538
2,55,74,0.27312454641762585
2,76,178,0.19742723581692184
2,156,192,0.13826962313013827
2,79,107,0.1327347690993348
2,70,94,0.29095741805968256
2,49,101,0.15729660287361308
2,30,127,0.12459047617292576
2,155,171,0.25286818230335495
2,86,118,0.12053797167142358
2,42,52,0.21720344584414414
2,105,165,0.1867093205948385
2,4,3,0.10510669281812382
2,121,169,0.1445227380613124
2,146,76,0.25323580358420317
2,6,6,0.1908057755474239
2,95,29,0.26751301623694623
2,36,45,0.23156401790693731
2,119,167,0.1060269791363225
2,78,106,0.19056203824874335
2,2,140,0.21050414636202058
2,45,57,0.13626469520738932
2,122,172,0.16379443590186665
2,91,39,0.25498914816343915
2,13,18,0.10191898804177148
2,93,132,0.12664766712518175
2,98,137,0.18923196764572875
2,153,28,0.27813852798603217
2,72,110,0.15287871766302025
2,90,126,0.23465969787427868
2,35,44,0.23257007165864738
2,152,154,0.10664447231650084
2,151,130,0.2226950565115223
2,137,14,0.24082946515373882
2,112,155,0.2466390447549921
2,124,175,0.2789530309969832
2,59,8,0.17527971808293275
2,12,17,0.2350322030000484
2,128,182,0.104445762134198
2,47,92,0.28981042586981187
2,100,1,0.18769739246059103
2,83,69,0.24496854142124247
2,127,85,0.19744671558238117
2,99,138,0.19607464838765895
2,58,156,0.11589659519336362
2,133,99,0.24063586970441428
2,125,58,0.23476876638915337
2,10,120,0.29850978615391155
2,150,128,0.192347259071195
2,114,81,0.2512669716006687
2,57,63,0.2600522895780389
2,140,108,0.14251457286553149
2,28,96,0.16040773207808876
2,54,188,0.18238987622862599
2,123,181,0.2402030013533618
2,88,148,0.23004793169946272
2,68,136,0.16600868402208846
2,103,177,0.10875509253615555
2,8,147,0.1848056788376269
2,143,199,0.23755487489931326
2,81,146,0.279833408653986
2,141,196,0.2588134130791627
2,132,119,0.2733306412814556
2,18,100,0.11154441283177832
2,32,48,0.23785626178537206
2,66,104,0.2744205562745699
2,64,143,0.1802239810347078
2,40,149,0.29387604084193397
2,61,109,0.17891161256392096
2,7,24,0.27855340581231924
2,17,49,0.20342021381641479
2,33,125,0.24789030151185706
2,102,26,0.11388943018641245
2,19,197,0.19169066391536613
2,5,152,0.22234085916195656
2,107,47,0.1267355138605217
2,118,103,0.2071914662976891
2,82,174,0.27489007283279104
2,60,51,0.10540594733368164
2,120,145,0.24090463104649631
2,29,135,0.16411969402762874
2,75,56,0.20203691300832455
2,15,62,0.21063146882687328
2,111,83,0.2320159465398743
2,21,151,0.18177346677604822
2,154,34,0.1083680413542693
2,56,133,0.11290588485942295
2,34,36,0.13458845095162375
2,71,11,0.19313707084390935
2,48,77,0.1819611865954911
2,109,55,0.2913774657858674
2,157,2,0.25887076219303373
2,158,84,0.15522085401663244
2,159,158,0.1742488043414479
2,160,190,0.1391769701099988
3,55,74,0.35033359694292954
3,147,78,0.30273423314190095
3,53,180,0.3953337639127483
3,140,108,0.31482371271297455
3,43,53,0.3930202620216182
3,139,194,0.35270303470786835
3,126,179,0.3111277968038978
3,151,130,0.3059388581836864
3,51,67,0.9
3,105,165,0.38612055443397775
3,148,95,0.30159367624045164
3,85,117,0.3922992713248339
3,131,185,0.35046555735484786
3,141,196,0.3833811932407257
3,156,192,0.3621072026704568
3,74,101,0.3650424970862489
3,76,103,0.3934131497324608
3,35,44,0.30736669641972675
3,98,137,0.39995471121313697
3,114,27,0.3180476638550199
3,42,52,0.3538015763275699
3,24,186,0.3938610940512587
3,97,42,0.38561169786756266
3,117,65,0.3163510946492186
3,137,14,0.3728895134676432
3,38,72,0.38399714190181955
3,68,26,0.33104647261888376
3,132,188,0.379294534001279
3,88,75,0.35659843282354153
3,70,94,0.350620734888617
3,102,187,0.35291689626675127
3,138,16,0.3459134900333079
3,152,154,0.38593523605181623
3,124,5,0.3723390827950245
3,83,115,0.3487809390943405
3,155,171,0.3936827764297105
3,78,87,0.3189358769142957
3,106,62,0.3177871043854473
3,65,139,0.3860889890558338
3,40,24,0.38637059481129754
3,37,173,0.31861836897255347
3,73,197,0.3254893469567829
3,133,193,0.3490490391567388
3,3,92,0.3672654271603446
3,20,149,0.39103345706426895
3,14,40,0.32406222590901557
3,10,37,0.38462359693407444
3,110,152,0.3965210274309773
3,94,176,0.32429366656183956
3,134,156,0.37094568405566075
3,108,131,0.3422731740174185
3,59,8,0.378483641926605
3,157,2,0.11831843526225469
3,67,91,0.2946441718657478
3,119,167,0.2941822519440386
3,25,32,0.13819389358138082
3,4,3,0.2505948817518333
3,30,127,0.2654664463269421
3,2,168,0.10012138141052912
3,26,33,0.1551460863832711
3,52,68,0.23700493300058958
3,111,15,0.2891535896223114
3,28,96,0.15056396586237264
3,57,63,0.26716317237194176
3,93,132,0.29338459637589154
3,145,60,0.17527234528483204
3,62,82,0.2664984825463996
3,72,110,0.24988916902002242
3,16,21,0.12440250334178025
3,45,57,0.16514435104150788
3,6,6,0.21202181800996617
3,84,116,0.10393983388454155
3,69,141,0.2668755931852649
3,113,138,0.28527060957280853
3,23,30,0.1417462130600815
3,112,155,0.16858817479085425
3,27,35,0.23726825795921694
3,36,45,0.11979784500407115
3,128,182,0.174396952310161
3,87,121,0.15200278639096204
3,91,39,0.1447392193323603
3,50,66,0.2284432179703365
3,116,161,0.2355173200334232
3,142,198,0.2720371808972025
3,100,1,0.22654764990147214
3,46,184,0.26565539694625917
3,63,4,0.23473703405973712
3,29,88,0.23805089801179455
3,159,158,0.1467476832887801
3,34,190,0.2575974902511352
3,122,172,0.265845844025011
3,158,84,0.23014146351968892
3,79,107,0.23446707159300542
3,121,169,0.23831893156357212
3,41,71,0.19475109592114032
3,146,76,0.2186694980981306
3,96,181,0.10152494972286774
3,101,142,0.1621477719392509
3,13,18,0.20666501617362934
3,150,128,0.15629399075583753
3,99,189,0.14020106575783747
3,154,61,0.17900471051431566
3,1,56,0.25303457317428335
3,120,166,0.25217420408786273
3,92,129,0.22089213329960616
3,136,191,0.1569728482561052
3,149,98,0.23257420165049078
3,144,10,0.22828819020052207
3,33,125,0.12592127224822416
3,11,140,0.13427867449260503
3,118,0,0.2731346977203448
3,54,48,0.20269025392440748
3,89,123,0.175881175185281
3,81,159,0.19745775925047418
3,49,43,0.1546788645761792
3,66,151,0.18944088056135822
3,8,51,0.2544205668341145
3,9,120,0.2991055028324372
3,80,105,0.24962482148812176
3,22,20,0.15655577565723183
3,160,157,0.23606311358677665
3,31,13,0.29803229424695893
3,125,90,0.2953976457019085
3,47,122,0.2699341598670868
3,44,9,0.18953549702665914
3,135,19,0.19572815088633475
3,75,160,0.24410263550730438
3,143,143,0.19192712233667186
3,60,55,0.2675471985564714
3,15,195,0.12968291220105338
3,104,22,0.27094682966766026
3,77,73,0.10125915359096307
3,90,112,0.16048030820206027
3,5,31,0.2961247762644753
3,127,114,0.13621680114323584
3,71,83,0.17963119974855996
3,129,136,0.1822320062398918
3,12,36,0.24136847227828528
3,64,64,0.1842426884441558
3,130,93,0.2033979517098059
3,32,119,0.1452431640240194
3,7,7,0.20078928764245274
3,39,146,0.12729013830150235
3,21,81,0.17493224369473598
3,17,100,0.24186808669906215
3,107,79,0.17279549804650302
3,115,144,0.2800974352166515
3,123,47,0.13266826853185296
3,95,147,0.2314364093106831
3,153,145,0.21368894209529116
3,58,174,0.23699621908164206
3,86,175,0.17779092848339384
3,61,162,0.25285996501560115
3,19,41,0.21245841006571053
3,82,153,0.14577843754603032
3,56,135,0.22177846508952787
3,109,178,0.29715674027146244
3,103,50,0.14961092931056502
3,18,69,0.17035996863097624
3,48,97,0.22953538426143383
3,161,38,0.25367156881491626
3,162,46,0.2617235098739728
3,163,59,0.2459794941404316
3,164,102,0.24106402872433585
4,131,185,0.31666517489313684
4,44,9,0.3099821894378649
4,91,39,0.30854811549724115
4,51,67,0.9
4,4,3,0.3463219352776178
4,45,57,0.31620420538972593
4,77,65,0.3192212422990798
4,83,173,0.34426158434197685
4,76,103,0.387478915920484
4,105,165,0.3471201369273107
4,128,182,0.39709598490162057
4,74,101,0.37849562697682604
4,157,2,0.32403153425457576
4,63,190,0.3291981284953194
4,2,140,0.39946959435777807
4,138,16,0.348776503724069
4,62,72,0.32585736157913336
4,7,162,0.35663712381508583
4,137,14,0.3557588571662642
4,156,192,0.3977565892850802
4,161,38,0.34504912620122985
4,31,13,0.37788895911943865
4,5,186,0.32681359912581776
4,61,199,0.38184656073438594
4,110,152,0.3173927058048345
4,158,84,0.32372126497250275
4,23,145,0.34794790371143564
4,89,104,0.3178951486766243
4,30,86,0.9
4,50,187,0.35592948880697395
4,37,93,0.3254678258351966
4,106,147,0.3212335839774332
4,20,50,0.3449819252132873
4,54,131,0.3694944262510721
4,48,85,0.321645576657288
4,3,148,0.3616311738821043
4,75,160,0.3266074132066253
4,19,149,0.37654010300847673
4,104,12,0.3585175113695954
4,154,22,0.39145552842013975
4,120,34,0.35537450989698793
4,38,163,0.3799057843567102
4,129,191,0.3880155388162121
4,132,48,0.3121712128551801
4,69,146,0.342357552778619
4,160,70,0.3626140533554666
4,117,99,0.3729178264248705
4,55,41,0.3276748481100207
4,78,106,0.3669800669504276
4,130,28,0.32353722855407674
4,108,174,0.3193821659947709
4,12,123,0.3723850002091954
4,126,179,0.20043082381479266
4,41,71,0.20217013599361588
4,71,83,0.10632832763287692
4,162,46,0.2878591623191679
4,116,161,0.23928435255557
4,24,52,0.14269521207378455
4,35,44,0.2721478470994577
4,141,196,0.22112536173317282
4,70,94,0.11410770434506351
4,152,154,0.11940000904709694
4,96,143,0.26521094872639994
4,121,169,0.11845094254768437
4,46,184,0.2341539398970392
4,145,60,0.2205714815006787
4,87,121,0.2853307929682994
4,64,47,0.24885549043153118
4,53,180,0.12747351013767755
4,6,6,0.27513527868915144
4,67,91,0.19184361223102556
4,43,53,0.12200105584179285
4,133,189,0.12176455757598795
4,153,168,0.24440468083191116
4,28,96,0.17192673526084168
4,82,69,0.20214496292674494
4,93,132,0.21912820312962017
4,13,18,0.256355611599128
4,142,198,0.2724319193485236
4,122,172,0.22755485244307494
4,97,42,0.25146546977444306
4,85,117,0.18118642562224252
4,164,102,0.1331248987272592
4,25,32,0.10356867407768616
4,15,88,0.10995921262734316
4,57,63,0.16534260661168543
4,124,5,0.22771660937246646
4,49,43,0.27910971058877604
4,42,153,0.2929738604008938
4,111,49,0.24778889670573007
4,147,78,0.14812145506103858
4,26,127,0.1995121077012067
4,79,107,0.1420761711072244
4,8,51,0.19429074660518203
4,29,133,0.2680021342969294
4,112,155,0.23940672499308843
4,139,194,0.26524699976940747
4,33,125,0.18763553810908606
4,22,20,0.2643175605274609
4,143,26,0.24002196790400446
4,99,113,0.2491059472241212
4,150,128,0.1747086722288117
4,52,68,0.23729775103864428
4,114,27,0.16353595791566256
4,95,178,0.29753791098763194
4,98,137,0.1628100836527091
4,113,77,0.23552401383033997
4,125,79,0.13662373034946676
4,65,135,0.14845924525290916
4,9,120,0.13562336180810045
4,109,58,0.24284900922019392
4,155,80,0.13992943255101417
4,136,114,0.10048251052004177
4,36,0,0.15660330681626933
4,163,59,0.1959654980284626
4,66,151,0.12370955112281125
4,80,170,0.13213842015077928
4,10,37,0.2286708163089039
4,140,124,0.1280716824322688
4,72,90,0.10371277323259359
4,148,197,0.15454844428885756
4,94,176,0.29708439366956185
4,127,82,0.27690504601315724
4,92,75,0.1109656362794007
4,84,89,0.11196921806447473
4,144,10,0.1271179470251752
4,40,81,0.15454570854613833
4,11,30,0.1400361004556804
4,146,29,0.20704837456698624
4,151,181,0.22642914512148649
4,86,177,0.16264205339422863
4,159,109,0.29820410920392315
4,59,8,0.28712620640222775
4,39,139,0.15068190185083113
4,102,98,0.291781187686589
4,123,115,0.17983791661416143
4,60,55,0.18741350834530568
4,32,31,0.24772669410686535
4,14,40,0.29464206263100884
4,119,11,0.2476522453963189
4,56,64,0.29080570539088
4,90,112,0.22926995721322588
4,47,166,0.1973037116007178
4,21,23,0.2805343826313101
4,134,74,0.18274558900660376
4,68,87,0.15798715395679414
4,101,141,0.23936247851802528
4,16,62,0.1716316391702961
4,149,66,0.26950604025851477
4,34,157,0.16504224698457165
4,58,193,0.11509892687672253
4,73,150,0.1322333211762794
4,100,118,0.22522582994551116
4,135,126,0.29134149868247283
4,107,111,0.11521067591696646
4,103,7,0.2854546167528956
4,88,164,0.20105619955797227
4,17,24,0.276246340497571
4,1,54,0.23024964992149166
4,81,188,0.12844776486951298
4,165,25,0.22516836661510603
5,121,169,0.3396968622863682
5,116,161,0.3674982496514857
5,27,35,0.3005626266674666
5,124,5,0.344256623798727
5,162,46,0.3564839557340995
5,91,76,0.39002565580019266
5,46,184,0.3480928965231739
5,26,127,0.3908931356499108
5,6,6,0.39759993975269614
5,51,67,0.9
5,43,53,0.30301919586071513
5,158,84,0.3740512470986834
5,75,160,0.3270370839316649
5,128,182,0.3023685595741942
5,67,91,0.3727089731321035
5,60,55,0.33873663639202745
5,107,62,0.34598655884644014
5,82,133,0.37014394509632553
5,24,52,0.36099143709887993
5,3,75,0.3819129332186423
5,87,195,0.36947312137048105
5,5,186,0.37901275463164186
5,114,12,0.34235807414418373
5,22,86,0.9
5,93,15,0.30063278303403357
5,80,146,0.3138895702279375
5,45,57,0.3875890607666862
5,163,59,0.35720531323291993
5,47,34,0.30011340601278946
5,71,167,0.3358413162323897
5,112,155,0.38065432024749346
5,62,82,0.30035560589041627
5,55,50,0.3484637420577569
5,10,81,0.31971524284634145
5,88,123,0.3589279722392341
5,127,110,0.34823543240624166
5,157,166,0.380035583404863
5,52,126,0.3889989575148206
5,154,22,0.3336933195792856
5,64,163,0.3108896502462217
5,97,164,0.3505835911660443
5,14,40,0.3208750180073
5,109,88,0.39011020339476654
5,129,187,0.3388749175860193
5,42,26,0.3074468789901374
5,105,141,0.35185673403123774
5,84,118,0.37701478617735984
5,57,79,0.3747041619063878
5,23,92,0.30313910548473144
5,48,171,0.3178058933827991
5,155,80,0.37210003610129494
5,104,109,0.3167919241938022
5,83,173,0.2136843822900151
5,131,185,0.12458276026895773
5,49,43,0.2591797995134565
5,126,179,0.21169148446913785
5,110,152,0.12881260936799885
5,99,74,0.28257884228969876
5,41,71,0.21510703438811907
5,70,94,0.14156931702676856
5,138,99,0.18542263925254787
5,35,44,0.29145069013915437
5,28,96,0.27493252657360545
5,156,192,0.2399123872377848
5,4,3,0.28663986140855346
5,2,140,0.20199577752290937
5,13,18,0.21416970798894375
5,85,117,0.23997308484287552
5,53,180,0.193956857884731
5,111,61,0.121615200789359
5,137,14,0.1873325045617844
5,122,172,0.15762607360712527
5,36,0,0.15052721732420132
5,8,51,0.28486487904469415
5,44,90,0.16670159989191288
5,34,157,0.25308696180339785
5,74,101,0.10511776419970134
5,76,178,0.15667721210356766
5,21,23,0.21413290303226126
5,65,135,0.28360651954087746
5,68,131,0.16580884030099086
5,106,147,0.23616374515686278
5,151,85,0.11522351505011974
5,66,151,0.11499743546484222
5,90,112,0.12214275947904787
5,139,194,0.1382398828490899
5,77,193,0.1107577043891543
5,9,13,0.13524247741366652
5,164,102,0.18835614972425138
5,147,78,0.24306377988346886
5,98,33,0.15595209207516625
5,143,136,0.14188870798798556
5,25,105,0.12127012579953066
5,150,128,0.20648038553503273
5,11,148,0.16198727880156136
5,165,25,0.1249645273299799
5,39,103,0.1509131540380548
5,63,27,0.108747068037374
5,100,153,0.14517413217454198
5,40,4,0.11035702993929149
5,96,177,0.27970163523356684
5,7,65,0.1278789207721216
5,161,38,0.20587535616894895
5,33,125,0.11153010554639523
5,141,196,0.10157619581671079
5,149,54,0.278558544900992
5,12,119,0.11890737479163337
5,69,142,0.12895075242224452
5,20,41,0.29407046000630366
5,50,181,0.2713265969071741
5,72,9,0.12529503135727993
5,59,8,0.29668203191289383
5,140,93,0.2023102758888951
5,135,129,0.23439551618796198
5,134,48,0.2472556162857048
5,145,137,0.209106589635053
5,89,97,0.29289950453158464
5,54,95,0.20334181918058844
5,148,197,0.17807781550219406
5,113,77,0.1670889760613447
5,146,20,0.18018860228642142
5,142,174,0.14106497176635835
5,118,56,0.10867015001658753
5,73,149,0.10646190230899888
5,123,165,0.1995534200702001
5,160,70,0.22184014708193633
5,38,108,0.23310232280423265
5,32,175,0.273893393150908
5,94,144,0.14068187565489554
5,136,72,0.25755256259249504
5,115,176,0.23735800237801402
5,130,145,0.1736341761767205
5,95,159,0.1597678430240275
5,117,106,0.17615670869409822
5,133,189,0.11079941405497179
5,144,21,0.2628933190222829
5,152,132,0.163944665608185
5,132,113,0.2401519052331165
5,31,190,0.11091596332589865
5,58,17,0.20711650347992988
5,120,42,0.1268907251895826
5,125,39,0.10611406976149224
5,103,138,0.26922092067247794
5,153,168,0.19644917746345997
5,37,28,0.23438171892641527
5,101,66,0.13536281715924353
5,78,87,0.27895973971318433
5,19,158,0.21730589897077804
5,16,121,0.20983669123391432
5,102,45,0.25175915457883263
5,119,19,0.2595515138877327
5,17,156,0.20672730557293106
5,92,122,0.10905620228748794
5,79,191,0.22488175549392758
5,30,111,0.1313941889423789
5,61,63,0.27758478635327555
5,56,150,0.19528055961892277
5,15,124,0.2731781941820234
5,159,49,0.1939960871851707
5,29,139,0.19670099614358466
5,86,64,0.16156410585729777
5,18,98,0.10639620210088196
5,108,130,0.1821467219723006
5,166,1,0.17368080142997672
5,167,30,0.12905227882935297
5,168,47,0.13687901384817103
5,169,68,0.1833126204634259
6,49,43,0.36577868643721057
6,133,189,0.367751012909755
6,72,9,0.3908715112526179
6,116,161,0.3295465512631953
6,24,52,0.39779905335425825
6,77,74,0.3855531513514763
6,42,57,0.328731270244355
6,36,0,0.3101473032296944
6,25,105,0.32755083977411936
6,21,23,0.3596090975274814
6,127,110,0.31908519206677355
6,167,30,0.3704318552928735
6,93,132,0.3658707389995184
6,53,180,0.3788853694597357
6,67,21,0.3235534636728734
6,22,86,0.9
6,51,198,0.9
6,137,117,0.36780976201894655
6,35,44,0.3917387595967252
6,41,71,0.3596019474180667
6,34,157,0.3881035883161602
6,44,90,0.32049025514118246
6,38,58,0.3404919954219434
6,130,140,0.3747938823336503
6,66,151,0.3369801194547755
6,91,39,0.3468209346138681
6,138,99,0.3527444139936543
6,74,104,0.3735197987093206
6,23,122,0.3497001138292921
6,33,125,0.38785404692949355
6,97,92,0.3578942664100082
6,28,27,0.346652407679569
6,154,120,0.3862462145959048
6,129,66,0.3781036119105259
6,26,29,0.3370479911220493
6,80,148,0.3492963068719479
6,10,37,0.32202935947604516
6,52,126,0.38144853222756214
6,143,165,0.3158341379782994
6,85,199,0.3394045821327716
6,40,83,0.3903114917113927
6,157,166,0.38005931185169317
6,158,4,0.32074272279009103
6,99,131,0.3034979406141399
6,134,16,0.36496581092705394
6,37,145,0.3229635940638952
6,47,89,0.36757365091775207
6,125,33,0.33688742546652617
6,105,164,0.3712781784609951
6,65,139,0.3687466133125493
6,111,116,0.37879391240889115
6,144,60,0.3625300366791473
6,15,64,0.37376182504353905
6,109,142,0.3827777158241036
6,165,158,0.37775200699713796
6,5,54,0.35321231331557534
6,114,12,0.2929232003818522
6,162,46,0.2923443754802907
6,6,6,0.25311475775257053
6,27,35,0.18216888266664902
6,43,53,0.23806936858225625
6,153,168,0.2902462145803507
6,106,147,0.23456009080608797
6,168,47,0.10410792632228738
6,71,167,0.20859205992623778
6,112,155,0.21810440268213582
6,148,156,0.10759599074369125
6,160,70,0.2519969304568864
6,122,172,0.20267553543143219
6,79,108,0.2852144794068431
6,131,185,0.103515247273784
6,136,173,0.22792040883561646
6,60,55,0.23132925783593547
6,139,194,0.1315178998015941
6,101,85,0.17613682720544205
6,46,184,0.20684931545605018
6,8,51,0.2028779787883451
6,147,78,0.2683028493746616
6,87,195,0.13889523035166396
6,166,19,0.13690471801958837
6,119,22,0.1803887124384166
6,124,5,0.27172701952886275
6,48,137,0.29108902955960825
6,29,187,0.2757602798537123
6,86,93,0.14730595721304607
6,98,134,0.24984575963228242
6,117,177,0.26522438978757934
6,62,82,0.19574893720169362
6,103,138,0.2502940247851043
6,146,20,0.1399895412095481
6,107,111,0.17911888689439825
6,161,38,0.2917430300080006
6,59,8,0.18070092363016882
6,83,72,0.21036912779163797
6,90,112,0.23820240707956666
6,16,88,0.11932623344787119
6,11,102,0.23429508004797703
6,75,160,0.15791752250587202
6,113,25,0.19405417954592136
6,152,49,0.2988130826228209
6,121,14,0.23732408885594428
6,110,97,0.21034933878079004
6,30,121,0.10013126658930749
6,45,181,0.24102170144076146
6,20,197,0.2947456668823223
6,12,87,0.17010522458509592
6,163,59,0.12826870650849137
6,151,143,0.2729654038793824
6,58,100,0.2250177145807598
6,63,36,0.26106899772697584
6,120,42,0.2951626751024995
6,7,65,0.19397307482555048
6,126,63,0.2540504024538396
6,141,1,0.14970760656968451
6,89,26,0.13203846361724006
6,69,159,0.269578476637763
6,140,146,0.21141684857043
6,149,81,0.21152632905444327
6,73,149,0.18655737612092327
6,145,79,0.11172566540212878
6,13,154,0.2957533836806581
6,135,133,0.12294561410771793
6,132,113,0.10384517294522276
6,54,95,0.11794659882701372
6,156,10,0.25626470740820917
6,78,186,0.1823684473246144
6,84,2,0.1502236999149112
6,142,174,0.23499979685596556
6,123,28,0.13941438186759147
6,118,176,0.22447712458859298
6,64,124,0.22131885551067204
6,88,41,0.16304531170705644
6,76,98,0.2099991183602171
6,3,129,0.17147106484983626
6,32,107,0.14254412762045937
6,55,7,0.16485749873188307
6,102,45,0.25497856229619975
6,31,84,0.2716773477966966
6,155,191,0.18540013110878895
6,128,193,0.1767135449916158
6,92,34,0.1391849525529703
6,150,135,0.21398415483739286
6,9,17,0.182655484412467
6,14,118,0.20349158905046533
6,4,48,0.2493720876938321
6,169,141,0.28666362685711644
6,100,115,0.24508224903069367
6,2,11,0.2650200715896843
6,19,109,0.28876317308714117
6,68,162,0.1309208677138216
6,50,136,0.26619912650232236
6,96,101,0.11305480242506782
6,104,96,0.2881794265322384
6,17,123,0.26527805182779796
7,41,71,0.36587553991349553
7,147,78,0.30967770604448686
7,22,86,0.9
7,114,12,0.3928079679962696
7,160,70,0.3227712864528223
7,116,161,0.36737118759517884
7,138,99,0.31269836253712896
7,100,159,0.34537250099167116
7,87,195,0.3806277141288711
7,162,72,0.33988898499775655
7,51,198,0.9
7,30,135,0.35286554167893236
7,27,35,0.32904817181546836
7,35,44,0.3514741761739516
7,71,167,0.3074626823257228
7,54,156,0.32101947957729693
7,25,124,0.33056387553159294
7,107,111,0.3327031325541419
7,78,104,0.35781214761226077
7,146,20,0.3102081335101351
7,63,123,0.30804345033570335
7,91,127,0.3117065907479981
7,32,54,0.32189170183972343
7,99,131,0.3410589082788966
7,134,188,0.3880658607220051
7,50,28,0.3482145519957688
7,109,148,0.3909043146439697
7,120,136,0.3516244830655517
7,92,119,0.39474560424533645
7,77,95,0.30880443270158775
7,42,85,0.32571421565700437
7,67,60,0.33030201395625336
7,106,63,0.3360631761515831
7,72,121,0.30627287797741315
7,17,164,0.3275942674256692
7,104,89,0.39094182223187557
7,28,81,0.3524227846837299
7,68,22,0.32577617946923104
7,75,160,0.3287416967392084
7,8,62,0.3565933435562112
7,93,196,0.38195921647795095
7,3,129,0.3378259657746475
7,94,144,0.3596186015800553
7,49,175,0.35659009818487963
7,139,182,0.3525195521888006
7,45,80,0.32647767569744335
7,167,68,0.360411213206424
7,23,75,0.3483962420206108
7,55,17,0.34536392130009985
7,57,179,0.3809319398366209
7,31,11,0.3363013541521612
7,144,137,0.3536470567490152
7,89,91,0.32038150403395316
7,157,166,0.20695187194902057
7,21,23,0.26056911473878674
7,133,189,0.29897195774066665
7,53,180,0.19855824224294358
7,131,185,0.10065551205375327
7,154,4,0.24931711308857119
7,168,47,0.12871853196026378
7,128,101,0.22423639425534275
7,24,52,0.12156583830053029
7,122,172,0.14257124772125174
7,33,125,0.13062780260323664
7,59,8,0.21500656212444008
7,153,168,0.1776173303473645
7,70,94,0.2299352061590475
7,132,74,0.13807856142470376
7,83,114,0.14464297984881672
7,60,55,0.16047785295214012
7,156,10,0.21215458011481775
7,6,6,0.16560255515985942
7,103,138,0.25666851375568867
7,137,177,0.16419820424315984
7,98,134,0.2051607968135542
7,90,112,0.24459396551727794
7,7,7,0.25755429232491467
7,46,58,0.20681988364791637
7,26,29,0.26884592956746
7,102,45,0.2369775726195928
7,166,19,0.2722037674617332
7,158,190,0.22925146151288459
7,124,5,0.15123326082413155
7,10,37,0.20855585468373206
7,85,199,0.1608689280492847
7,73,149,0.14301842931713638
7,62,108,0.1043232011344753
7,79,178,0.2636457248032952
7,96,15,0.13634220737409375
7,136,115,0.22013585149176135
7,155,42,0.23355383559114506
7,126,147,0.27728948296901856
7,9,36,0.16577281663090976
7,129,66,0.1677556085023108
7,110,107,0.12257271082429683
7,47,16,0.10509977472258472
7,127,110,0.16411384135414797
7,150,142,0.2695907503684199
7,36,0,0.272623787569705
7,113,25,0.2983094191829057
7,119,118,0.1946046696831868
7,15,3,0.13662644993661538
7,74,65,0.25059806086076575
7,64,88,0.16241450648113095
7,152,126,0.21426902638241055
7,69,56,0.23285495438465142
7,86,102,0.25587364555450365
7,161,38,0.20879255952528156
7,4,113,0.22828681666948164
7,169,46,0.13262671731790024
7,140,146,0.23537862456155006
7,65,165,0.23259181935984596
7,34,84,0.14409023029811877
7,37,140,0.161618765165924
7,141,1,0.20048250498252368
7,151,106,0.2079793032577179
7,105,34,0.1976757219214224
7,13,154,0.13159793558569402
7,101,192,0.14397902797466366
7,14,153,0.26360568385207056
7,164,133,0.16204432674630012
7,80,122,0.11688310278486969
7,97,92,0.26976831103778964
7,84,30,0.20109404994314733
7,112,155,0.12461795181518155
7,111,193,0.2607301894006819
7,66,73,0.2874612458818553
7,121,117,0.275568168183145
7,5,61,0.16123266488050558
7,44,163,0.15451664803819654
7,163,59,0.22260942021552302
7,145,51,0.26619615033668975
7,142,67,0.2541320742521359
7,29,169,0.276703778185992
7,149,109,0.21455453117780748
7,43,103,0.1366974093785111
7,118,176,0.10564670038118427
7,12,31,0.14985192024542937
7,143,170,0.14461423777279675
7,52,49,0.1673570457556101
7,40,83,0.24032396383746082
7,148,41,0.24771215917170833
7,48,39,0.2380766531758411
7,130,100,0.1276525704577703
7,165,158,0.27544956555917643
7,38,105,0.23195531343714185
7,20,150,0.11556404419920728
7,117,194,0.23650664269169586
7,125,21,0.2653036419554543
7,123,141,0.11277067619425662
7,19,96,0.2919305116846764
7,76,69,0.24618105855961248
7,159,132,0.22992622114554334
7,39,187,0.2911902089697477
7,2,18,0.18255641088422725
7,95,191,0.27269471219531527
7,88,48,0.18065951371101022
7,18,181,0.13038072413868204
7,16,130,0.20737924332209498
7,56,162,0.21390063332118173
7,1,24,0.21486367730527675
7,61,26,0.20419880720802858
7,58,13,0.24014982871466173
7,81,116,0.2808703936873051
7,108,43,0.27625485084115753
7,170,40,0.17658389394307827
7,171,120,0.27978404827229775
7,172,143,0.28187762997428467
7,173,152,0.2993742638013097
8,114,12,0.3536535388706674
8,122,172,0.39716747211705006
8,124,5,0.33785065412029547
8,140,146,0.3004643089499243
8,33,125,0.35271164279706746
8,128,61,0.3397538646609488
8,133,189,0.34434282162674734
8,26,29,0.3082557961084005
8,172,143,0.359384111121114
8,22,86,0.9
8,62,32,0.3395209882059723
8,103,138,0.33291472769150604
8,5,49,0.3922564052536116
8,159,100,0.33563688725260754
8,162,47,0.323863020806056
8,160,70,0.3259262377650665
8,46,58,0.313218788352078
8,127,90,0.38470323620920177
8,53,180,0.344981519669472
8,157,166,0.37316831373861203
8,12,107,0.3829691959908331
8,118,176,0.31281888836651195
8,55,19,0.3741130136592016
8,17,75,0.3684518561639454
8,88,119,0.3038529423046503
8,38,82,0.39653995917530716
8,80,122,0.36337031897291805
8,141,1,0.32805638938815473
8,153,140,0.3072193790605
8,41,71,0.33701062344945915
8,99,131,0.3757202468007004
8,78,73,0.3019244093322874
8,81,118,0.3280409279769715
8,101,60,0.32688367090369536
8,64,102,0.344044720320129
8,8,137,0.33508175395446615
8,111,95,0.37261093590061034
8,132,74,0.3258168956611303
8,155,145,0.3089673481642703
8,120,136,0.3720267899641374
8,74,150,0.31349601398294447
8,20,65,0.3816536972557518
8,91,127,0.3430799467659886
8,13,11,0.3193296601222984
8,90,126,0.3554551738938412
8,19,89,0.3726745504200212
8,87,103,0.35034480843105675
8,123,173,0.3473065874042486
8,47,155,0.30428841557535213
8,171,13,0.37429228522223434
8,136,165,0.3907912731995825
8,24,87,0.37034318944936806
8,49,59,0.3718921949381717
8,129,183,0.3242180165372224
8,6,6,0.29636392109951853
8,85,199,0.28148439698730054
8,35,44,0.16065165605396506
8,131,185,0.19412353434535667
8,137,117,0.14434280617598647
8,72,121,0.20706915265846645
8,173,152,0.1560850751608998
8,107,111,0.23725403246506174
8,146,20,0.25631516108058827
8,113,25,0.24983707104037545
8,147,78,0.177346665018153
8,48,39,0.2922937814993784
8,25,124,0.10687701729553777
8,27,35,0.1485158074149713
8,121,169,0.21339463482288953
8,7,7,0.2505447717753334
8,71,167,0.19750702708517914
8,76,164,0.16966520793922688
8,97,92,0.24432437260530776
8,116,161,0.17617600812029277
8,89,134,0.28888261914864755
8,158,190,0.1799697737159336
8,165,158,0.29656227597443197
8,138,99,0.24645523557650686
8,94,144,0.1985124841062167
8,169,79,0.220271409721515
8,134,162,0.2862912153777022
8,44,130,0.11519945240891043
8,106,63,0.28989019239704245
8,66,43,0.22580625104798313
8,54,197,0.24346212873026876
8,170,40,0.22649228283444459
8,10,27,0.1628339478131231
8,28,81,0.14548706771574454
8,30,142,0.2120867901420178
8,60,55,0.1566639485648435
8,144,76,0.10011079955289726
8,70,94,0.20330782652648705
8,3,129,0.28912861182680694
8,161,38,0.11048388154417649
8,145,9,0.10456150436944978
8,105,34,0.2487358000617761
8,125,85,0.24071971774675896
8,36,0,0.15140505565687898
8,156,10,0.1292382185117839
8,57,33,0.2098963533923421
8,152,28,0.22523091258086642
8,52,15,0.21927455496603554
8,154,84,0.26282762898155554
8,73,149,0.26503672636637093
8,56,101,0.2285337902121899
8,83,114,0.28858712553508226
8,75,160,0.2021486436989917
8,40,83,0.19899880375308593
8,2,18,0.22350443470089412
8,110,54,0.18473327653116406
8,63,186,0.2448093828229077
8,168,191,0.15094536243796378
8,39,188,0.10668408243790217
8,108,151,0.2577095483788632
8,43,195,0.15606331361839673
8,142,67,0.21610959749192896
8,14,106,0.2957430037616242
8,102,45,0.16758467872315264
8,61,36,0.14229106030149122
8,45,62,0.1697768981645315
8,143,88,0.2537652217455378
8,69,56,0.2565529803047546
8,148,50,0.212406489504253
8,104,66,0.22261070981996844
8,42,91,0.21573147253561553
8,100,133,0.21148236895646705
8,95,3,0.26480193762700044
8,16,177,0.2404115926914554
8,68,168,0.28310397153029243
8,112,113,0.1164047932934761
8,84,30,0.1487911570894954
8,163,175,0.1715197247593906
8,119,187,0.14086774616047557
8,9,16,0.1896453898845327
8,18,14,0.20242761611980498
8,58,24,0.20751917333857123
8,34,157,0.2577159422234081
8,65,42,0.16095868941308716
8,4,41,0.2091180377634293
8,166,4,0.27529915785497644
8,79,178,0.12075353511622937
8,151,193,0.12827405277414866
8,21,109,0.11807171707144104
8,109,112,0.18122804343233107
8,32,116,0.21993451901866456
8,98,179,0.2439096278255696
8,67,21,0.23188355147806497
8,126,110,0.10556315511319533
8,150,93,0.20742248586772483
8,1,77,0.1469821507593898
8,15,48,0.26083010730971756
8,92,52,0.27911500685342017
8,167,115,0.21163145947167247
8,164,53,0.22042538952362783
8,59,51,0.24280966120149033
8,51,31,0.21260375063738857
8,117,153,0.2842637865225418
8,23,139,0.2839797488077907
8,50,72,0.14832769343269067
8,93,17,0.2577589879034121
8,11,108,0.18514769386991334
8,77,97,0.27649034142542545
8,115,163,0.28899411379044304
8,139,57,0.16574730455020742
8,29,26,0.12088841646753826
8,86,46,0.14561041823576734
8,135,128,0.1695210554872586
8,174,80,0.29799608793270654
9,97,92,0.3703410155117537
9,25,124,0.36785799587422185
9,141,1,0.3833405054234581
9,7,7,0.31130286624734393
9,106,63,0.32693052465050854
9,120,136,0.3303221386255939
9,90,126,0.32797666368313794
9,22,86,0.9
9,5,168,0.39640822424135425
9,147,78,0.3909240408897262
9,79,103,0.32419727169603635
9,160,70,0.34741383161022554
9,137,117,0.39368955216977397
9,48,39,0.3286193441758408
9,94,144,0.37354033724481717
9,50,62,0.3862232888247722
9,62,58,0.37605361648467384
9,54,95,0.3401386694649642
9,131,49,0.3050776911418831
9,105,34,0.316267671560412
9,40,18,0.3725058039168454
9,168,173,0.34582545259759795
9,6,167,0.339072742062133
9,32,153,0.37484323831652344
9,33,125,0.34638741347404245
9,75,160,0.36692861153475986
9,157,141,0.3335240846683286
9,134,162,0.37727547252655147
9,127,9,0.3926377032041062
9,3,129,0.3791179529305475
9,125,97,0.37039082109650046
9,93,150,0.39681202937190174
9,41,91,0.3215062011485431
9,98,192,0.349941638535179
9,23,51,0.36428476552372213
9,11,60,0.9
9,80,148,0.37317987098557137
9,118,176,0.3225839742119767
9,34,120,0.36908822332077773
9,20,186,0.3763760741730734
9,142,198,0.9
9,42,171,0.3292321995926535
9,145,32,0.334679288101709
9,57,134,0.3420726273430994
9,87,98,0.32182636832638234
9,109,61,0.38048882460250355
9,73,24,0.31228818453246904
9,116,177,0.32904277923328085
9,102,53,0.38476700378899675
9,27,102,0.3926553543551897
9,138,193,0.32501140056367384
9,152,170,0.3547592692197392
9,150,82,0.34537479309352465
9,9,194,0.3320015861725758
9,144,8,0.3777386291395062
9,146,20,0.28486863246722827
9,69,56,0.29685202505322544
9,117,166,0.1922801590778035
9,85,199,0.2429011465747782
9,38,130,0.25917141200108584
9,91,127,0.26866157724894446
9,63,52,0.23983394652375767
9,60,55,0.12935342297787675
9,36,0,0.22752347205478524
9,13,11,0.1671294009373792
9,113,25,0.1745367981798982
9,133,189,0.10765551544427143
9,107,111,0.15097989529376057
9,53,180,0.1192352310624462
9,103,138,0.298942018903618
9,165,158,0.12350309598812649
9,84,30,0.13563469663387273
9,173,152,0.2878370538720668
9,83,114,0.10480154969067312
9,132,113,0.20134094080345427
9,51,145,0.278589698490395
9,71,6,0.2907352707306616
9,74,41,0.18375675636267763
9,66,175,0.14063575384057914
9,70,94,0.16349851661624148
9,162,181,0.15268807987639388
9,28,81,0.1489206421352913
9,56,116,0.26734690371346304
9,52,100,0.22092054981797904
9,124,119,0.11478920540673693
9,12,54,0.13964722332788537
9,76,19,0.2246806212709621
9,95,174,0.21133702692301515
9,128,185,0.2039015749226375
9,43,195,0.2602802299750009
9,156,10,0.25552788191225423
9,30,122,0.1937095191705222
9,59,66,0.16666598217049472
9,24,48,0.14830033000718054
9,161,38,0.2756807182059271
9,10,27,0.1748647311528699
9,99,131,0.22963888484406397
9,2,15,0.1298185956226789
9,78,101,0.1619904194882695
9,110,118,0.1718731621389247
9,122,187,0.2547402045528545
9,148,50,0.24782136562130944
9,104,110,0.1765984710893366
9,121,106,0.15562193302547433
9,88,57,0.15101571251791368
9,29,69,0.11177729058202993
9,126,105,0.2986789164587129
9,136,142,0.2079756981794138
9,170,40,0.11799490192738799
9,172,161,0.10169535441171429
9,67,21,0.1773022103391742
9,46,135,0.1631609336271883
9,158,4,0.12346096601018237
9,8,33,0.2754986859704409
9,174,163,0.2953811879000266
9,129,183,0.11576446005226518
9,65,43,0.21651493606974181
9,81,28,0.17155666975990835
9,123,147,0.12386516699894969
9,44,59,0.23579039581608127
9,77,93,0.23856769897412342
9,19,64,0.10274731217046512
9,72,108,0.14992258308215883
9,140,115,0.16461190217099003
9,139,45,0.19066598809168112
9,64,35,0.27110759271988244
9,166,109,0.29164869028252727
9,45,179,0.23356442007522454
9,92,16,0.14554848474932136
9,143,133,0.12099697961522048
9,47,182,0.22603484974216823
9,119,80,0.1548473599149465
9,114,17,0.18462699582368836
9,167,191,0.1444928536421661
9,159,154,0.1798915040188388
9,31,196,0.11467797107193303
9,86,14,0.2152348037006169
9,153,112,0.1809239493097036
9,15,149,0.28190066985509576
9,155,68,0.12150978543842893
9,101,137,0.2735337965245892
9,151,65,0.17617429785984462
9,163,89,0.13917042902442647
9,154,132,0.10865755319178234
9,58,99,0.1845070085148569
9,49,72,0.2863451066126397
9,4,87,0.25159949187766206
9,112,123,0.25565268209537373
9,164,178,0.101201680210342
9,108,36,0.15097492323442965
9,1,104,0.1062974762288634
9,17,75,0.252302794012912
9,100,88,0.2884016127386333
9,26,128,0.20898569791942287
10,36,0,0.35005499534949336
10,78,101,0.38518498498016507
10,6,15,0.35208345921281115
10,69,56,0.3149033945961196
10,120,136,0.33643033993255655
10,7,7,0.3855413099702766
10,118,176,0.37866405278069526
10,20,152,0.3301869496985816
10,50,86,0.9
10,84,30,0.38748457216131904
10,43,195,0.3799633972536348
10,91,127,0.32048259307138816
10,40,167,0.3251567463404681
10,13,11,0.38003873600764837
10,28,81,0.311871418860294
10,32,43,0.3050991756251279
10,97,112,0.375554987813709
10,168,173,0.3879615691515824
10,107,111,0.3631503414305677
10,145,159,0.3178289712337359
10,148,150,0.32291770316487434
10,124,186,0.3298562383987178
10,121,3,0.34728033582863627
10,92,48,0.39157257520015665
10,128,140,0.3649772253465974
10,98,161,0.3743190109137987
10,122,187,0.3499253003643248
10,67,179,0.38821708493692475
10,41,192,0.3015676004472471
10,93,198,0.9
10,4,26,0.3230972959699247
10,87,45,0.37636748335941994
10,24,41,0.3049986095860435
10,150,71,0.3971568735795409
10,129,183,0.3521901762393256
10,153,42,0.37824417551814227
10,53,165,0.39913384066624713
10,54,156,0.39809363607215076
10,100,115,0.3738203522482064
10,125,151,0.34291816325600766
10,109,22,0.3783273416453079
10,73,37,0.32216915251592704
10,127,121,0.30938724917235066
10,45,60,0.9
10,105,2,0.3520053793385647
10,101,8,0.31187156172305786
10,119,62,0.3008785392066273
10,71,84,0.3263189464564429
10,65,155,0.3347988851456234
10,103,138,0.24914456829574153
10,83,114,0.11856199677556176
10,138,74,0.2542672498810578
10,146,20,0.13637313123384634
10,141,1,0.23869453769477886
10,33,125,0.2441940239177127
10,133,189,0.2550802386329362
10,22,134,0.1936779825554184
10,70,94,0.20173431578954015
10,137,117,0.17975541830739708
10,90,126,0.25433424305572355
10,46,124,0.19285002792923805
10,131,49,0.18474504983271386
10,49,58,0.29082695546469145
10,160,70,0.23947183568148334
10,17,75,0.2724767023167176
10,165,158,0.18022658048944984
10,75,160,0.256496674167478
10,106,63,0.14782268810413113
10,61,23,0.290623673603989
10,85,199,0.2827594346897292
10,140,72,0.13567465485375257
10,60,55,0.14433079559806952
10,35,44,0.11389228270628621
10,170,40,0.27035458979819305
10,62,88,0.14323651957807743
10,152,184,0.24685499551707016
10,108,36,0.2967501282263405
10,162,143,0.1662141146844297
10,94,133,0.11704076353778867
10,58,169,0.22997731304236038
10,158,120,0.14218879553264324
10,126,170,0.26263064769122413
10,123,29,0.1171253642643528
10,167,130,0.1581356180634998
10,136,142,0.19310558638460612
10,157,69,0.11401314831145787
10,110,118,0.14090824055668238
10,154,168,0.1811890528778169
10,113,77,0.2697692525516113
10,48,76,0.1578292420412417
10,1,66,0.2517011725285191
10,174,82,0.230615932360818
10,56,107,0.20325599159105315
10,76,83,0.2090344246595692
10,66,181,0.22983981434978257
10,12,34,0.11934844800064401
10,161,105,0.2847155239804683
10,151,65,0.17128710205044312
10,88,51,0.1483909225645526
10,63,52,0.29757142360864086
10,25,108,0.17763370655753175
10,172,177,0.279490039834922
10,80,122,0.16573855730065684
10,132,193,0.10059807290350163
10,134,188,0.17139864827848678
10,72,180,0.21797907665566899
10,173,31,0.10556812667685622
10,21,109,0.28481324000073965
10,38,85,0.13397366896192692
10,2,196,0.17822628509257293
10,102,53,0.18324023314758076
10,164,90,0.2531483100572809
10,171,4,0.10455099485283015
10,163,123,0.16453077684317519
10,112,164,0.16877137592130065
10,77,144,0.12392017401200801
10,10,12,0.18497774041701148
10,99,95,0.22073817165181758
10,142,182,0.17922330177171597
10,29,146,0.28003398520934586
10,159,190,0.28650063427583705
10,26,28,0.102006927043942
10,59,89,0.10709110749455113
10,74,197,0.23544836012649348
10,19,79,0.29379415753614335
10,79,98,0.27090472564497003
10,30,92,0.26154113509213117
10,44,119,0.2343497709122581
10,52,6,0.24819129776389356
10,42,21,0.15826627523799558
10,34,157,0.14132533451660448
10,116,194,0.2532245182894213
10,156,14,0.2446753211150821
10,15,149,0.24937264537546727
10,130,154,0.24333701033434396
10,114,104,0.16461863616152247
10,81,166,0.263717252266842
10,18,174,0.2676091926867739
10,147,19,0.1236649640346191
10,9,67,0.19493212727366283
10,27,135,0.13113193280724794
10,23,91,0.26025173789682055
10,3,141,0.11016807643829167
10,115,16,0.23778445549678903
10,117,139,0.2988156877768787
10,14,57,0.22028601028672803
10,8,80,0.2395719830759486
10,39,87,0.13247670432451863
10,57,163,0.16555183404950635
10,37,13,0.15323709957613543
10,135,47,0.1700749611257888
10,169,191,0.1389977875266177
10,104,38,0.11304353805323229
10,155,64,0.23454987907321143
10,16,59,0.13228225710876185
11,70,94,0.3785187762944294
11,17,75,0.3854673830313088
11,146,20,0.3500272365020465
11,48,76,0.37732443396353044
11,56,107,0.35681903985369934
11,53,165,0.325764785274547
11,141,1,0.306567472431692
11,10,12,0.3693216334532492
11,63,52,0.3964893814852086
11,165,158,0.3166418791805461
11,84,30,0.3266942074365231
11,110,118,0.32662777183874586
11,108,123,0.3112981655006887
11,36,0,0.3196655893504981
11,105,168,0.385506607573883
11,43,195,0.3894410772422865
11,91,86,0.9
11,22,134,0.3115150863426407
11,92,113,0.3646347686099678
11,102,53,0.3082279044291357
11,42,192,0.3682995375684863
11,162,14,0.3477391909269261
11,168,135,0.36008070316890717
11,90,112,0.3014054770156277
11,6,132,0.3030108215612113
11,34,190,0.3056005873649885
11,132,99,0.3786289934844267
11,142,95,0.3646855190063486
11,28,96,0.36712493285209014
11,106,63,0.34643364831576784
11,150,171,0.35643668894368497
11,33,180,0.38552674134451836
11,114,85,0.38813070035864916
11,81,141,0.37787903492861463
11,127,9,0.3195388700784201
11,134,186,0.31604865910775115
11,94,133,0.39079470023546237
11,109,22,0.39319056311156997
11,169,42,0.31630291900306595
11,23,60,0.9
11,133,193,0.3106461699612366
11,46,124,0.3575337974801336
11,72,68,0.3937870574771981
11,32,89,0.3731026898140213
11,44,87,0.3969305513773751
11,83,57,0.3222760586865516
11,161,38,0.3945900785439749
11,7,50,0.39941506331053034
11,62,129,0.3639699679747447
11,173,119,0.11108174119434033
11,103,138,0.15582301638011378
11,122,187,0.2087087897848695
11,85,199,0.2033345664330866
11,136,142,0.11135456165614493
11,148,48,0.18148423521760415
11,40,167,0.23155363440394422
11,107,111,0.11095546378032081
11,21,109,0.2462280254465877
11,69,56,0.13057040281195134
11,131,49,0.10545125928637115
11,124,101,0.11091389214240521
11,35,44,0.2117216964643985
11,78,162,0.11859111964652572
11,3,172,0.28637052786683126
11,54,156,0.27468287025657995
11,67,179,0.14153029017870264
11,171,4,0.24912506369861473
11,60,55,0.11289787669416496
11,59,151,0.12392384435106893
11,12,2,0.2798051681977002
11,147,84,0.11147318967334725
11,118,176,0.2677464371107263
11,163,149,0.12553172866824056
11,160,70,0.15633426034291123
11,13,11,0.29091906502300363
11,137,177,0.27507533830652287
11,174,82,0.17382288119939687
11,66,21,0.1515855433972635
11,157,72,0.20504130205824897
11,135,43,0.14317893911439808
11,9,155,0.22651868884904186
11,88,147,0.13426321687503312
11,154,140,0.162536455108939
11,159,23,0.21491298267042852
11,29,148,0.2665326526157803
11,167,143,0.2758805946133348
11,156,169,0.2652658171506954
11,140,163,0.1432475645427821
11,121,106,0.17600452440141984
11,25,90,0.24135332823739264
11,87,98,0.2785756299382686
11,18,182,0.2686680188331202
11,98,3,0.2501673922767109
11,113,77,0.16602941861529108
11,52,6,0.25065427551968833
11,138,74,0.2820949016622961
11,1,32,0.29128005507707505
11,27,91,0.1669866711417865
11,153,47,0.13109321593070986
11,20,114,0.2691846258984901
11,57,146,0.21444508129616438
11,97,126,0.20196769614067783
11,49,159,0.2513830168077618
11,19,29,0.22856362559825927
11,120,115,0.17701493173442745
11,164,80,0.13858510711749877
11,30,78,0.2608424799911545
11,145,102,0.1002107918824899
11,4,191,0.10384266265418622
11,151,36,0.24640278118398373
11,38,5,0.2214034419811563
11,100,116,0.12908082364731768
11,79,58,0.19632415519235125
11,104,93,0.22007576907634163
11,8,125,0.10259512569829449
11,2,196,0.20900179932722956
11,152,103,0.1991886801495835
11,158,120,0.15539998821333972
11,125,37,0.2930607474166662
11,119,79,0.21521942196497365
11,14,46,0.16501332134330637
11,39,131,0.28052564603796076
11,41,10,0.17434401638781594
11,126,166,0.2497422903851658
11,75,144,0.2890761549527785
11,155,33,0.111023832438803
11,15,104,0.2795291741613216
11,115,41,0.2133377914459824
11,170,61,0.13381810799318936
11,71,13,0.1920334265371016
11,116,194,0.2191559870540556
11,144,8,0.2103457463974749
11,129,54,0.2575195287951157
11,16,64,0.21293763458885973
11,73,7,0.15472040735115586
11,74,67,0.2804545370857051
11,117,173,0.16421665849357794
11,55,15,0.26014386665740563
11,76,83,0.20269081175798903
11,80,28,0.13626552927208652
11,130,154,0.27689473388740793
11,123,127,0.1918683565726773
11,24,25,0.13807418158248247
11,31,19,0.1890899007331231
11,5,18,0.17594533978437787
11,112,170,0.23157905004864374
11,86,174,0.17003936561917288
11,45,130,0.20608923252711256
11,128,34,0.23693275650949616
11,58,62,0.24446365443650916
11,61,27,0.23940749543018738
11,172,31,0.14192260853979635
11,37,24,0.16616355390320853
11,51,88,0.22686992926461186
11,99,153,0.17085444431251434
11,64,184,0.14740826065492288
11,166,17,0.22989863096400676
11,143,108,0.17578354646302063
11,65,26,0.28659146438804106
11,93,152,0.1788135154246901
11,101,128,0.2355339584258812
12,52,6,0.3015280866848477
12,127,90,0.3358681886525695
12,63,5,0.3594277898450723
12,171,4,0.3728259649972494
12,56,107,0.35727794951082414
12,31,120,0.3581119252537791
12,69,56,0.32891960116716445
12,99,146,0.31277335558796493
12,80,164,0.3602206193528149
12,166,118,0.395670169763797
12,66,86,0.9
12,137,177,0.35353805015229967
12,146,127,0.35119481788611406
12,148,150,0.38533358531751805
12,131,49,0.37498460415061186
12,130,154,0.39007274276230264
12,42,192,0.396152092578022
12,15,43,0.3868799331488708
12,134,31,0.3807145869124765
12,118,176,0.33931985653064556
12,53,180,0.3501409044897137
12,13,11,0.3594520879448362
12,126,2,0.38975777817644053
12,79,170,0.30406809319266853
12,43,178,0.34118776521292127
12,9,155,0.3166127904879804
12,153,91,0.32984296716437866
12,21,109,0.35084247622674847
12,157,163,0.3294604274305754
12,81,173,0.3413092811427393
12,150,137,0.34611757375293484
12,169,92,0.3927973893324672
12,142,95,0.31809511249018757
12,6,19,0.35371492771087965
12,168,93,0.38232052497296554
12,12,168,0.3135333037422251
12,85,169,0.315566482650981
12,86,182,0.3797141109604496
12,128,153,0.33978872211362365
12,14,105,0.33967214354082503
12,143,14,0.3324501567688848
12,110,34,0.35855783398702434
12,161,184,0.37512044332517025
12,23,60,0.9
12,97,185,0.3678648458168544
12,41,10,0.3162522785346732
12,120,136,0.3123243394614743
12,2,78,0.35108067280484967
12,164,181,0.34330570649782816
12,109,13,0.38106134768485445
12,35,198,0.9
12,83,57,0.3346590347651338
12,4,38,0.3897287733197228
12,122,175,0.3912758898610027
12,65,47,0.37074982720210126
12,64,59,0.3561453804668936
12,140,80,0.38829735272408084
12,151,54,0.3441681530391107
12,78,162,0.13034981795809406
12,165,158,0.10980541015389671
12,138,74,0.19831852969263142
12,170,61,0.22260932243216103
12,114,179,0.26275417722831895
12,132,99,0.1064918654851166
12,70,94,0.26198934659978823
12,107,111,0.12986197907698155
12,141,1,0.21819165916103567
12,103,138,0.1526963616783769
12,136,142,0.2238577808529249
12,10,12,0.1566264815222393
12,40,167,0.11161547548450616
12,123,39,0.10677550629754774
12,76,83,0.2427056510985353
12,135,101,0.2058731915760189
12,87,98,0.18412924187097174
12,48,76,0.2893134014725284
12,174,82,0.14458425359119847
12,160,70,0.10018052234703717
12,49,133,0.21958718567585975
12,102,53,0.26448817076193804
12,74,199,0.26483280624646777
12,113,77,0.24412437142513221
12,20,121,0.1566007779637153
12,112,160,0.2928289836288612
12,100,7,0.2461351565071033
12,162,117,0.20578167675056733
12,51,0,0.1450850441190633
12,94,144,0.22936197766729718
12,8,122,0.21245228302876712
12,144,29,0.28252488598652403
12,133,193,0.24122157824778456
12,124,151,0.13238729455330422
12,119,147,0.15892734875034054
12,121,3,0.14759215973094997
12,38,52,0.2989992561676824
12,28,24,0.25372380275116035
12,67,21,0.21743114187881574
12,30,196,0.12880285949402653
12,44,131,0.1371897006139434
12,25,79,0.21607765244912716
12,84,28,0.15667416728276992
12,117,191,0.1284945512948569
12,45,166,0.13325390485549712
12,156,67,0.10303277945157051
12,73,48,0.10770451264435099
12,108,149,0.2728653417580318
12,60,103,0.14204959914775114
12,173,119,0.13760744484674647
12,32,36,0.10428045859827942
12,46,135,0.2631041993356924
12,59,37,0.21040261563816745
12,92,41,0.2594997611198068
12,172,17,0.2061766764144113
12,34,190,0.29463112338998504
12,22,33,0.27758574498211674
12,36,159,0.20357986384898485
12,129,89,0.13684289936523875
12,55,100,0.25012440293793303
12,158,157,0.1758160381007961
12,33,88,0.20942082330083517
12,98,87,0.18655570951624934
12,16,125,0.2842225634752342
12,90,145,0.2154523655178793
12,167,161,0.22531240432207925
12,24,23,0.12473175106333281
12,61,123,0.21272996443248665
12,106,62,0.2529549440271762
12,116,174,0.21803702458157634
12,75,102,0.2759911168833842
12,3,65,0.26171988210613634
12,163,188,0.21197879373777073
12,154,68,0.2471563356568834
12,93,129,0.27896210312285485
12,104,165,0.14172834996234043
12,105,15,0.19944533817732918
12,5,18,0.13503082624403134
12,39,186,0.27005249449790003
12,101,69,0.15662504385479709
12,57,126,0.18223290711973672
12,26,132,0.2712118027472059
12,88,110,0.10662332320797252
12,1,58,0.10616987984369182
12,159,104,0.17269606442498558
12,37,26,0.25869981178072954
12,27,143,0.1155904112129214
12,71,97,0.1817025089409024
12,29,73,0.18378625491981498
12,91,9,0.2653495448761571
12,54,85,0.22028813001372893
12,17,72,0.17321799149703332
12,11,114,0.1405324085065168
12,7,187,0.2696237595004039
12,152,46,0.21816521115759585
12,68,40,0.22761430902767413
12,62,64,0.1814484279342662
12,89,130,0.2658312337330669
12,58,66,0.28881761528452066
12,19,128,0.15277982826954728
12,111,152,0.169126340110002
13,56,107,0.32512509124205613
13,63,5,0.3815386090558013
13,10,12,0.36061953944281355
13,74,161,0.3887259095625828
13,103,138,0.340746602184262
13,127,90,0.30089827919914036
13,165,158,0.36859599349870775
13,20,195,0.32116653792626504
13,131,49,0.3471582861050199
13,156,197,0.37704519421679716
13,32,123,0.36302468348458394
13,85,169,0.3763283549144477
13,171,4,0.3088879317700586
13,34,190,0.38504333301085036
13,166,141,0.3356119702629512
13,120,136,0.35719369251121613
13,39,73,0.39049511450919827
13,174,82,0.35149689640903403
13,146,29,0.3307124481078859
13,113,77,0.37011919109893765
13,23,60,0.9
13,91,145,0.3091984989648049
13,71,91,0.32081333442733995
13,161,88,0.3021998447227665
13,126,132,0.3440432070623266
13,158,27,0.348978194442653
13,167,106,0.32331383667698677
13,15,114,0.3666230899440561
13,101,118,0.32888967510060885
13,152,116,0.3309938798876262
13,168,93,0.39448955916477124
13,78,153,0.3492879434275388
13,157,191,0.34158925009958135
13,117,46,0.3763826949545823
13,142,182,0.391267511196547
13,33,159,0.38475280997578065
13,141,120,0.3552213424583309
13,144,20,0.3045525880855687
13,45,122,0.3568763647148244
13,67,51,0.34390485627964984
13,134,66,0.3080290909075626
13,99,102,0.33118232775467193
13,118,133,0.35155306407879805
13,29,198,0.9
13,88,128,0.34253812214652485
13,2,78,0.3528750420884075
13,173,97,0.32136625042797157
13,84,68,0.3077676819908032
13,52,13,0.3975093670722639
13,170,61,0.12533105763288868
13,132,99,0.2034414250803963
13,107,111,0.2785978689463665
13,48,76,0.1578690169566304
13,133,193,0.2753585597996666
13,130,154,0.28136536469483403
13,9,155,0.2598425595525135
13,138,74,0.2445372841290023
13,90,166,0.29385956118591644
13,76,83,0.18434685388494693
13,70,94,0.2557230689010116
13,83,57,0.11423884129239434
13,13,11,0.2700848487787319
13,5,18,0.235389720454093
13,41,10,0.13285141673427986
13,46,58,0.22758021238641415
13,87,98,0.2680274508568018
13,69,56,0.15403102723120468
13,124,151,0.19855923998810915
13,148,48,0.15121901912819585
13,123,21,0.23344767578201128
13,136,146,0.14326171080794903
13,153,137,0.1798142938135494
13,129,188,0.18982944924205516
13,37,39,0.17288816476020571
13,38,16,0.15638064992982342
13,135,7,0.2322359386848872
13,43,103,0.24874521425826038
13,55,100,0.12065310002538876
13,61,119,0.13559911604554123
13,128,199,0.23094047248196076
13,73,67,0.13586543106568807
13,97,185,0.15229441828437665
13,60,45,0.20086412012542382
13,163,104,0.27648553424124667
13,27,3,0.2364454226065311
13,104,165,0.2850530900407442
13,57,15,0.1456519249882511
13,49,35,0.10636882932601371
13,65,184,0.2896510161040379
13,122,152,0.13702116317079582
13,6,1,0.23485837702560106
13,98,149,0.25425292525279364
13,80,54,0.23420919141427335
13,24,84,0.17028041117190063
13,92,41,0.1875901666070024
13,31,17,0.2904431604953048
13,81,110,0.2954478539947488
13,119,147,0.23319134513017317
13,58,40,0.2479970083267786
13,121,14,0.1681896879021862
13,94,144,0.2707676020074912
13,25,179,0.1564599196164728
13,11,30,0.12372255713991318
13,16,170,0.24137924138203057
13,3,189,0.2568244937521133
13,42,85,0.17599803048697504
13,164,175,0.17637126612401213
13,106,181,0.2831677128323737
13,159,130,0.16537521503003644
13,44,131,0.16409686091633022
13,108,50,0.28731990006987507
13,53,69,0.23217487697527026
13,28,37,0.20606292361284295
13,110,89,0.107388435251811
13,116,44,0.15825350317580394
13,1,129,0.2926353624088248
13,64,194,0.2637350683900259
13,14,32,0.2085500374168498
13,109,23,0.16510868481639523
13,140,171,0.10938163959368163
13,79,125,0.20135368675238874
13,89,92,0.18994599971891263
13,68,186,0.27354551479456757
13,12,196,0.18111645590076622
13,7,105,0.2234774487070728
13,169,140,0.16401119325765415
13,151,139,0.18317767311556088
13,111,135,0.1931031366298243
13,40,22,0.1617631286209699
13,22,62,0.14337742763145808
13,36,75,0.11560172122630694
13,19,28,0.1628106368547877
13,154,124,0.21072340155257577
13,114,8,0.2854688776821308
13,150,63,0.28387749303821
13,4,173,0.2529153286094252
13,54,121,0.2398233031610559
13,172,157,0.2054148691434295
13,137,59,0.18873231748003289
13,17,47,0.2977006268200606
13,62,43,0.26187973392575326
13,100,162,0.15538520916459503
13,75,108,0.18020986149943508
13,102,9,0.1440682085194389
13,105,101,0.2587983276703204
13,162,172,0.12747082128510054
13,160,81,0.18007126690339081
13,51,38,0.17856116560798846
13,21,36,0.20297454529478404
13,35,187,0.2027733198916366
13,66,64,0.13709817507291583
13,72,183,0.28089379983745016
14,133,193,0.31283333611576347
14,113,77,0.3691973514613168
14,174,82,0.39902023387355334
14,94,144,0.36021449381326154
14,9,155,0.34566003377056415
14,107,111,0.3094364218169573
14,158,24,0.3752803117554421
14,76,83,0.3141602345114196
14,23,60,0.9
14,129,48,0.3541840501560811
14,170,61,0.38682720097769696
14,127,90,0.39004753560808303
14,168,58,0.3612799649870948
14,130,154,0.39893099025776924
14,171,4,0.3493623259263844
14,97,2,0.3137544235047097
14,131,49,0.3741402568683001
14,62,188,0.33380774496729104
14,4,121,0.38818352805364087
14,117,163,0.3807778090362647
14,55,15,0.39525180221872147
14,146,86,0.9
14,92,41,0.3243422842396836
14,110,16,0.38057718478680125
14,54,195,0.39288070024405475
14,80,97,0.3314735202987079
14,163,43,0.3898795393709643
14,148,150,0.33484853796322855
14,21,9,0.39239825718307497
14,46,159,0.35281334250366847
14,132,65,0.31920495114291614
14,104,139,0.30547234336524365
14,5,18,0.3130745228909203
14,40,123,0.35100624821530413
14,17,114,0.36957748595492657
14,136,166,0.36273050482506153
14,85,199,0.39919490865306706
14,157,124,0.3274536448690155
14,165,158,0.366211036178829
14,160,59,0.30800576735278273
14,87,98,0.3263560232784261
14,14,45,0.36302936516374484
14,79,64,0.33849501380011937
14,53,66,0.38076199509089825
14,141,17,0.31767558100512916
14,100,153,0.33540200863515196
14,56,104,0.3183674132734893
14,105,174,0.37353935972575547
14,22,173,0.3311720582521348
14,60,93,0.3382135811451593
14,142,182,0.3140281870291568
14,39,118,0.36554747447964875
14,12,196,0.32707125291335365
14,159,63,0.31393244759615707
14,2,168,0.3546934832359836
14,123,171,0.3118630852197161
14,48,179,0.3812265748104887
14,16,170,0.36829988113009926
14,124,162,0.3438076422312589
14,101,40,0.33545915931298975
14,88,38,0.3196238849434275
14,169,140,0.39264459646178873
14,74,51,0.38238733664928004
14,83,143,0.3440366165919133
14,172,6,0.3857990223639265
14,147,70,0.34578142446752813
14,138,95,0.3593009172220052
14,73,198,0.9
14,166,105,0.32575213908510336
14,31,81,0.35518884369906
14,162,30,0.2340943828454203
14,69,56,0.16453797116141006
14,43,103,0.21378134587400527
14,119,147,0.11306225271580836
14,103,138,0.2788027039532966
14,6,1,0.28102466387863345
14,75,106,0.2961054933468008
14,70,94,0.20665729424160567
14,140,33,0.1968932520541573
14,34,190,0.18632074967795487
14,90,141,0.12429900162247398
14,78,172,0.2848618624872155
14,61,161,0.28698481949794563
14,167,117,0.2843223528832103
14,144,20,0.16923349276733646
14,118,102,0.1771232589951815
14,156,156,0.2756645804888779
14,152,7,0.25360550261968806
14,44,131,0.11087586759446239
14,121,14,0.17192014596197808
14,161,88,0.15731796053514713
14,122,152,0.2208838637637806
14,10,96,0.2003587059940459
14,13,11,0.2114572684905113
14,120,42,0.2495982958126061
14,15,91,0.1008064759912943
14,151,0,0.2336189425635716
14,173,54,0.20869065855543717
14,38,87,0.25044922247350715
14,59,109,0.27773395124221123
14,116,44,0.14477922375429314
14,84,122,0.27809201584039644
14,67,72,0.2247198234016612
14,27,169,0.11119979813612801
14,102,119,0.2569730270125806
14,33,176,0.25035322028022367
14,111,160,0.2753563651633279
14,32,151,0.16570615531351834
14,24,100,0.11239073279603433
14,42,181,0.2439087738094941
14,135,25,0.18520130170739785
14,106,73,0.20127381178641268
14,134,108,0.25196218892509636
14,3,113,0.24262322946894743
14,153,134,0.29557593392275
14,154,39,0.23179876288504173
14,164,183,0.12035245339448603
14,51,115,0.2942741774187409
14,28,23,0.13902309303993837
14,145,35,0.26823528513360917
14,98,101,0.16347768905919777
14,35,129,0.17195127180176456
14,66,185,0.1953855963371524
14,71,127,0.27119801539584415
14,58,167,0.13155694276992927
14,41,177,0.19943933179561563
14,52,13,0.11394908036475491
14,30,132,0.22270671649161317
14,108,197,0.2857857463429151
14,137,125,0.14893877794700777
14,25,76,0.10210104322688895
14,63,116,0.28290867255981716
14,68,74,0.26580518523444197
14,150,128,0.22400489251182515
14,45,75,0.1643525775077771
14,109,22,0.12886267490228137
14,65,165,0.19161514833792115
14,81,184,0.29509284678937064
14,126,84,0.27614784279750687
14,125,189,0.1529442992280616
14,72,89,0.14478499114865243
14,91,34,0.26162980877117825
14,1,146,0.26058719099573946
14,128,71,0.20685878412055964
14,20,135,0.16781694051186424
14,18,50,0.20267991331109642
14,36,145,0.13618446375007603
14,57,120,0.1597849398852608
14,26,157,0.29322263235460466
14,19,164,0.18973287411229545
14,37,130,0.2499154136518865
14,143,175,0.2047215400587932
14,50,80,0.2085987131980779
14,115,36,0.2843017868985577
15,94,144,0.39728504275109233
15,32,27,0.3674027382823132
15,131,49,0.37929973722590193
15,107,111,0.38271533327486784
15,124,153,0.35159185039259333
15,144,20,0.30694393826231836
15,23,60,0.9
15,130,154,0.3671620216717305
15,148,150,0.3815628827436225
15,110,199,0.3745258132266649
15,168,93,0.31643139549149246
15,79,130,0.33652075565296113
15,3,197,0.3316722955105547
15,117,163,0.3127483663981563
15,97,2,0.3117316679786404
15,1,73,0.3800940597243099
15,91,12,0.3932485078284331
15,171,4,0.3494083630752428
15,165,158,0.3145786459897294
15,153,134,0.3562850018192234
15,62,74,0.35806619733966716
15,38,48,0.3217138688418169
15,72,151,0.3795075875557664
15,30,6,0.3759034794234223
15,121,14,0.3566689108867792
15,174,72,0.3436229089805795
15,138,198,0.9
15,61,192,0.37238940422606026
15,56,116,0.37621263627927737
15,134,45,0.35321945861940274
15,53,26,0.3357110828273181
15,63,22,0.33803334514768035
15,42,47,0.35038638393693755
15,4,91,0.34878244823479504
15,109,185,0.3123827844371894
15,41,106,0.35563257402206816
15,17,175,0.3239468325342112
15,142,182,0.30860393276920406
15,40,52,0.3924649902903641
15,127,121,0.3092445848048899
15,118,102,0.38010646807377124
15,39,28,0.3192335489640059
15,83,143,0.3419343081265312
15,116,174,0.37634272713224803
15,169,92,0.35800355506348547
15,13,11,0.3211703009775261
15,74,105,0.3971094503381851
15,51,164,0.3188657995255467
15,46,159,0.3596334928555136
15,20,148,0.3323972584118866
15,48,85,0.3360206237673171
15,137,129,0.3499432637069801
15,78,181,0.36207096806102357
15,69,176,0.3712061232434246
15,25,8,0.3177016210027236
15,170,126,0.38388934710688927
15,60,68,0.32676942973465983
15,161,88,0.14267521558503604
15,43,103,0.2702079940384383
15,119,147,0.2948144684625357
15,34,190,0.1614137095788774
15,98,101,0.28138493334305364
15,100,43,0.24457321841400934
15,92,41,0.17517911241891415
15,136,115,0.25988678780399854
15,6,1,0.1261385531852282
15,44,131,0.14768385478671273
15,12,196,0.15452428191941794
15,113,25,0.2785020299349432
15,18,24,0.20868306840720716
15,90,135,0.27398616746483007
15,67,136,0.17843512392216626
15,16,170,0.27024566315265175
15,104,141,0.24234576447589254
15,52,13,0.18352468017732093
15,21,55,0.16401266560735578
15,156,156,0.28644388700923784
15,122,152,0.25566766516424866
15,132,65,0.18923350943939976
15,10,96,0.26590150602186946
15,101,157,0.19257643067343247
15,129,113,0.1412992056304718
15,2,168,0.16755137433416006
15,65,180,0.14105244461875177
15,14,0,0.18351145610652259
15,19,81,0.1639877825494772
15,27,194,0.16602653096378578
15,76,83,0.10277439734167705
15,141,123,0.28637090525938325
15,133,189,0.23591034717576492
15,85,169,0.23586112313974153
15,163,69,0.2718497513873398
15,45,122,0.254294950004448
15,167,117,0.2359173764117202
15,5,167,0.29021302303743046
15,15,137,0.1277181767774874
15,22,58,0.22784332013919337
15,80,119,0.11365375028582636
15,28,23,0.29062127808936933
15,115,142,0.11555932475208894
15,84,75,0.18474456441455678
15,81,166,0.126975099567454
15,36,66,0.24422349898392504
15,50,40,0.20021928338904815
15,157,125,0.13598943504967106
15,106,61,0.26209726931431143
15,70,177,0.18247882886650912
15,55,132,0.13993684789473798
15,102,50,0.11812862096768686
15,123,179,0.2558721881272471
15,158,37,0.19819959465175385
15,120,30,0.21885805446431422
15,7,160,0.23039720799726468
15,128,178,0.24900208349136327
15,160,76,0.27789029372985996
15,37,187,0.24297568972119524
15,143,124,0.12504694054552523
15,125,95,0.2773409009636722
15,150,184,0.17785035402237445
15,57,186,0.25404519056144237
15,9,87,0.160126306393083
15,26,149,0.2534167958651873
15,146,127,0.14860612759844113
15,147,70,0.2212577118513596
15,49,35,0.12963228456975798
15,164,183,0.21720843775415893
15,172,19,0.24584838577111842
15,31,17,0.11759589000958653
15,166,63,0.1645297403029642
15,140,33,0.12267347340231315
15,88,32,0.20704755387181595
15,103,109,0.2977494878711967
15,54,56,0.1848702295707258
15,75,44,0.17356529169164747
15,145,133,0.1758514884654802
15,173,114,0.18464407211481693
15,159,21,0.21901403659065138
15,87,90,0.192021222774578
15,68,16,0.1645228796470526
15,105,3,0.19719822872796922
15,154,171,0.15663901598464858
15,71,79,0.22730570960066585
15,135,172,0.10591923185676407
15,108,5,0.28532845074885305
15,152,107,0.10869136595732976
15,155,62,0.2000091558463516
15,151,191,0.21572792441909217
15,24,46,0.2675546554064441
15,73,57,0.18245870872405417
15,162,64,0.13391655397432053
15,114,51,0.2221782103827153
15,8,71,0.16772560681774346
15,175,59,0.2863897393690677
15,176,80,0.2822304485429612
15,177,128,0.13998756848101687
16,49,35,0.30194301301715787
16,1,65,0.3455682653355497
16,97,2,0.346044060245954
16,175,59,0.37931626774486193
16,2,168,0.361918748062542
16,121,14,0.329948080536304
16,92,41,0.3544000998033867
16,56,162,0.35498950205471
16,46,159,0.31894678636061413
16,152,9,0.3548097154432742
16,153,134,0.9
16,51,19,0.3165598536528861
16,107,111,0.31063303282632015
16,41,106,0.33743783785403286
16,84,122,0.32706702497339324
16,61,39,0.3910624091427669
16,122,152,0.3266644551497445
16,146,63,0.33438378801227037
16,159,192,0.35487928254603673
16,147,70,0.3258465460227189
16,132,188,0.3261376635282177
16,155,82,0.37069305238662964
16,32,23,0.3425285748297515
16,124,43,0.3356261986738474
16,78,171,0.32271431804778117
16,157,125,0.3535994730339487
16,104,115,0.32454863847159554
16,48,119,0.37293402612128934
16,23,177,0.3694096343944815
16,90,105,0.30771668377479444
16,38,189,0.38970368502869035
16,83,91,0.39795109676005236
16,67,118,0.3755620825503021
16,9,149,0.30062124118556854
16,117,108,0.37063854322850465
16,27,198,0.9
16,123,76,0.3201645443463056
16,22,129,0.3460239223130555
16,173,62,0.3163874124877284
16,110,44,0.3732668816919117
16,87,57,0.3454609260262982
16,108,110,0.3405305891295317
16,45,68,0.31586557450121927
16,167,94,0.34274806979461314
16,91,109,0.33433382965179004
16,164,54,0.30041744929599445
16,144,8,0.30726341363491083
16,116,174,0.3872348329322892
16,114,40,0.3119864970386553
16,131,49,0.10950274630569025
16,12,196,0.17854556169517372
16,130,154,0.2621939255050231
16,148,150,0.12364025061401918
16,161,88,0.2755024440080182
16,94,144,0.10037650990397372
16,176,80,0.20935715131866295
16,34,190,0.21341753951273668
16,43,178,0.2038165596794297
16,6,4,0.14948304999092732
16,156,156,0.289402899319246
16,55,132,0.16041476784654585
16,85,169,0.2724312960100782
16,52,13,0.1417208414452728
16,76,83,0.10378267779015764
16,163,165,0.2423707883761186
16,165,158,0.13303033794252955
16,37,36,0.1622216490651224
16,106,6,0.17658490262116772
16,17,175,0.15996101481799935
16,140,33,0.15878501967083788
16,68,181,0.23928110169152803
16,174,72,0.20891651327764393
16,98,101,0.10307385215051044
16,44,131,0.2881696499964706
16,100,47,0.23826400750941543
16,57,199,0.14393201361316155
16,39,75,0.2804813729365647
16,42,69,0.1434792418117457
16,118,102,0.11363693189622782
16,129,197,0.2957583573080542
16,14,160,0.2981699238735652
16,10,96,0.17961126008295905
16,65,145,0.13987216627085128
16,79,71,0.2501991873994746
16,40,3,0.12231966144484477
16,127,191,0.2979762845645962
16,16,170,0.2340281760405636
16,31,22,0.11070117558780253
16,170,92,0.2704992463400163
16,71,163,0.19893228921827322
16,135,32,0.10172624548413928
16,133,7,0.2246744557286819
16,169,185,0.2990718686831412
16,74,0,0.21301488084642253
16,150,146,0.2717098408408878
16,80,52,0.23924043355951582
16,105,143,0.24504605029701623
16,81,30,0.15875491919229623
16,168,38,0.227541505118795
16,72,24,0.1845698929157823
16,134,53,0.14663683419255863
16,36,117,0.24786312081343312
16,136,66,0.15206109988745312
16,151,26,0.10387414063050128
16,88,173,0.22089407012343076
16,109,148,0.10687758845172497
16,4,179,0.2129651375328533
16,162,127,0.2509196210078656
16,120,78,0.14104707707757252
16,171,27,0.2636318165096086
16,154,10,0.16206362240171812
16,166,86,0.2931590312639882
16,141,99,0.20215077888571203
16,119,195,0.2813750372024232
16,113,50,0.29720847267686623
16,19,48,0.2058526752844246
16,53,67,0.215004076287308
16,145,133,0.25638052937973554
16,69,176,0.25200819440513234
16,5,15,0.1196023288052192
16,3,194,0.23822652743200723
16,63,18,0.10743487078751823
16,25,20,0.16958308609336542
16,177,90,0.18572427091191723
16,70,114,0.1553606488370041
16,73,98,0.16567288124920543
16,143,166,0.22416625860409017
16,30,17,0.12154166460743436
16,15,29,0.2108734012263298
16,54,56,0.29821037196996525
16,26,155,0.28297263006715173
16,101,151,0.29377066455975964
16,172,34,0.1107898525773337
16,115,142,0.1158854489071871
16,62,87,0.23193775978470124
16,20,112,0.25162641124989993
16,28,153,0.1461069088981704
16,18,116,0.2334036895486914
16,60,28,0.22087528456029143
16,158,123,0.1819326700226459
16,128,103,0.21165380163086975
16,24,21,0.23562711722560414
16,138,89,0.22226350521784038
16,126,186,0.19638896605155326
16,58,164,0.2786486156766016
16,125,104,0.1590596961826694
16,11,73,0.12850768634051674
16,8,79,0.29503921429666746
16,160,121,0.1076933861570677
16,142,107,0.21273893164266883
16,66,42,0.26006699139249223
16,137,184,0.2570406703228626
16,7,139,0.18383555373632823
16,13,136,0.15882533862599144
16,75,187,0.15616903001686833
16,21,51,0.2819162707511853
16,178,46,0.20744597190595723
16,179,124,0.2822651522595299
16,180,183,0.13603623724140576
17,97,2,0.384087860935716
17,124,114,0.37496746062809005
17,161,88,0.39655399302341166
17,130,154,0.34378517233922745
17,131,49,0.3193133337810694
17,136,26,0.3972584509834818
17,174,82,0.39893496000147477
17,132,188,0.3855691327378654
17,46,159,0.31172966944219527
17,68,110,0.30258119973375774
17,157,125,0.35860677678314723
17,54,56,0.3633712263742337
17,56,162,0.3041363380467473
17,45,28,0.388411232229775
17,4,137,0.3929115921688967
17,153,76,0.32081129029227573
17,43,53,0.345361121929856
17,165,158,0.35392884455872065
17,148,87,0.3364262422154335
17,41,161,0.37005720701833555
17,83,79,0.32446480670926275
17,147,70,0.3782158524391791
17,107,39,0.38032775272695407
17,40,10,0.38474240492367096
17,11,119,0.31045072750060054
17,37,17,0.37262845849703674
17,66,105,0.36624661634335964
17,38,74,0.32964476522272423
17,70,139,0.3976969729794618
17,146,147,0.3735256981432199
17,53,198,0.9
17,172,172,0.38080071648736824
17,137,130,0.3085674567247393
17,55,19,0.32915658237408896
17,169,120,0.36014866698642256
17,100,90,0.34710131932384286
17,128,195,0.3618122889277565
17,20,112,0.32504292774263077
17,119,0,0.3186790645485413
17,180,183,0.3586984073045233
17,176,80,0.3579581993708518
17,5,18,0.3824256125284954
17,65,68,0.37528702666935465
17,133,138,0.3135522664306327
17,177,62,0.376488397401041
17,61,8,0.32255184186216357
17,6,84,0.3177179701871675
17,9,40,0.3877619903564008
17,90,98,0.30858481225182377
17,79,171,0.31622827449454616
17,69,176,0.11413162291589352
17,179,124,0.2776436932528201
17,2,168,0.2274274438847156
17,84,122,0.2582486911138487
17,160,145,0.1177199136989199
17,121,14,0.1639259448961185
17,85,169,0.1798583779192076
17,76,83,0.24502658901126378
17,88,173,0.15092066577580485
17,126,177,0.29288471746436906
17,44,131,0.20527955211552534
17,178,191,0.25195977959316795
17,127,163,0.18861172895045336
17,26,95,0.12963452486616012
17,80,52,0.18397967199373944
17,117,184,0.12772398085309425
17,34,190,0.1810846875914862
17,17,47,0.17421084291984273
17,25,20,0.2636582724965604
17,171,101,0.21573515946766547
17,152,103,0.19160657917985977
17,13,55,0.1431091523956819
17,42,166,0.2532909432563393
17,12,196,0.15053486062625396
17,7,36,0.1775906687663822
17,156,197,0.24637869658965283
17,30,149,0.11650516450799445
17,48,65,0.16005206358281981
17,58,69,0.1744477754922848
17,104,115,0.18987137784911207
17,31,22,0.17651450772116783
17,168,128,0.2589227782845166
17,158,187,0.2972082376143361
17,125,180,0.10082088714268553
17,115,146,0.17322953091250654
17,150,148,0.23219491807001683
17,140,33,0.18879320384045783
17,23,117,0.10314227325628773
17,18,181,0.189055612059156
17,32,23,0.2101918348900934
17,24,86,0.1064239356417127
17,138,140,0.11536245104437098
17,101,48,0.15929696639437144
17,10,12,0.21689222380411968
17,122,152,0.2333408804748646
17,141,189,0.21745708090917334
17,98,151,0.19694870829829042
17,21,150,0.1193137013065054
17,173,127,0.17711133678813812
17,175,51,0.11698062521247427
17,159,3,0.19551994562210573
17,3,44,0.10928980531178194
17,164,42,0.20824584545316427
17,163,93,0.1291879483852299
17,1,113,0.12420021651278051
17,28,72,0.17066689343515534
17,62,104,0.20035941507317823
17,151,67,0.23192910407450923
17,154,94,0.2765219805944927
17,67,34,0.20219428664121278
17,105,21,0.20787714026201026
17,123,29,0.2520889883119921
17,144,63,0.14556718620895828
17,129,182,0.1171044218235594
17,16,141,0.2561944499708373
17,81,78,0.2576846921877035
17,71,136,0.16403165671538456
17,72,7,0.1783617211196059
17,92,77,0.10443120594683351
17,94,160,0.15609905458303028
17,52,37,0.2128417472614414
17,170,92,0.21989056184116704
17,114,15,0.21000795926145552
17,109,129,0.18801405181034353
17,120,100,0.28190019792708754
17,87,5,0.2598071785071927
17,167,106,0.24127141486485953
17,143,75,0.14320567381329036
17,8,32,0.2995023611593023
17,142,135,0.2749179939937817
17,108,178,0.20354566377825334
17,106,167,0.26798600013996865
17,116,174,0.2865574775199368
17,50,132,0.18474420708135952
17,78,179,0.21397446134426132
17,155,165,0.1533127008873471
17,60,73,0.24831147552320923
17,103,109,0.17460097670951932
17,75,58,0.11866783051598451
17,19,25,0.14993809683749215
17,113,89,0.16311533400115535
17,57,192,0.29181350103005976
17,166,111,0.15348591850440282
17,145,38,0.15842820370482336
17,51,61,0.22085600090967009
17,110,31,0.29965468471861345
17,89,126,0.2473789813749201
17,15,91,0.2420415796343625
17,36,43,0.21982055668326936
17,27,153,0.20948684384433908
17,39,64,0.14545732399133185
17,102,57,0.28657420192896416
17,118,71,0.20505109214889086
17,74,143,0.2154961673405495
17,59,123,0.17299301316421184
17,64,107,0.2680577576184373
17,181,97,0.2576033617342685
18,97,2,0.3127018019056939
18,76,83,0.33074340430923577
18,100,147,0.3384471129920085
18,130,154,0.33826790291926045
18,121,14,0.3612033111450579
18,49,35,0.3884683698001914
18,113,142,0.3054181092964176
18,161,88,0.3557618002508607
18,43,53,0.3303451472465539
18,1,156,0.3200447521427876
18,5,18,0.35409655945120644
18,150,140,0.37539346076626523
18,132,149,0.35586122089438543
18,4,33,0.34356905349912026
18,51,116,0.3447330405772149
18,55,84,0.34291158432762037
18,128,195,0.3313632886090993
18,80,16,0.3498308461380997
18,122,152,0.31724385402767863
18,41,161,0.3669601454191159
18,174,108,0.3057920594314597
18,167,3,0.3398608010500106
18,58,110,0.3668637655212761
18,72,7,0.3749620392079134
18,25,20,0.33315870707913886
18,92,138,0.3226557768585462
18,44,131,0.35274809740619606
18,106,132,0.3800204249429894
18,31,22,0.3963804820081104
18,145,59,0.30587194408391283
18,62,66,0.37575149340520686
18,119,133,0.3653997595434162
18,169,13,0.39251106969530225
18,172,85,0.3707491986129008
18,107,21,0.3944508054154442
18,79,134,0.9
18,66,55,0.38445719142787904
18,17,130,0.3602423197280432
18,164,180,0.3755712602356075
18,59,181,0.38579615543940915
18,7,25,0.3528827920692149
18,137,106,0.32547069194098976
18,105,63,0.37981786267502204
18,15,187,0.3413849160158511
18,151,198,0.9
18,2,78,0.3638522312777197
18,156,197,0.34086739949335443
18,179,135,0.373079995331697
18,83,111,0.3286976290029907
18,98,151,0.39062894566570217
18,163,0,0.3157490790019789
18,177,60,0.39998700384002117
18,124,80,0.3497162405316164
18,84,148,0.38185284491308025
18,181,36,0.36992688591236333
18,87,5,0.33888923069469745
18,153,8,0.36153003095241476
18,56,123,0.3840384701303575
18,127,71,0.39574999609680916
18,78,10,0.3482772157016464
18,68,178,0.22956082811749184
18,71,30,0.27645293781446006
18,46,159,0.23039334155831231
18,120,15,0.11160222329644211
18,157,125,0.23157993113774258
18,54,56,0.29598193214021495
18,104,115,0.29470354530324716
18,165,158,0.15645234997123292
18,85,169,0.14714550446563554
18,67,12,0.2668268035328867
18,166,163,0.10954269229803197
18,131,49,0.1600046028666809
18,20,112,0.2254592786199071
18,60,52,0.2687804871689591
18,18,39,0.20386558957156262
18,171,65,0.12708412327309182
18,117,170,0.10151715400426779
18,178,46,0.2542460628882862
18,110,118,0.19683136412099422
18,115,145,0.10004401194913277
18,10,61,0.2827569517095645
18,148,87,0.23684572778119348
18,38,77,0.2370258805988793
18,28,32,0.2846198180050272
18,69,176,0.28399727959338855
18,141,189,0.2824402261853408
18,16,124,0.20687260328634866
18,48,50,0.24333074531187163
18,23,44,0.2993043345983757
18,37,157,0.1557098167942297
18,158,51,0.24905557263860342
18,88,90,0.16533460892520263
18,170,168,0.1579705124313652
18,89,120,0.11647094515292761
18,26,182,0.23987052437799575
18,3,117,0.13561159584131055
18,42,166,0.20539271688598357
18,11,199,0.15780389474593937
18,101,67,0.222555476613384
18,180,183,0.1422758320020792
18,12,100,0.28051296856909
18,123,127,0.2400044205315216
18,146,45,0.266879811920701
18,116,94,0.22871555134676252
18,103,109,0.20926468667691206
18,175,64,0.1740375545417087
18,34,11,0.118471695833756
18,155,93,0.2755414835172817
18,64,42,0.18186944584906123
18,144,79,0.24218116286839647
18,70,129,0.2985634528683434
18,32,24,0.18962487354089885
18,140,137,0.29677512628602365
18,52,37,0.19939563000054822
18,36,185,0.10693400469025678
18,30,119,0.28738361207359076
18,45,28,0.17783809094581507
18,8,98,0.12690637403285182
18,159,174,0.28890530800179537
18,6,167,0.10784443838993432
18,176,91,0.11840410111539743
18,57,105,0.1624453953472172
18,142,144,0.28216122318756387
18,39,171,0.2905534672695097
18,21,41,0.14543240743938107
18,27,68,0.10618072209037388
18,24,86,0.25921757295702474
18,102,192,0.2689107583161492
18,129,95,0.24391959779516192
18,136,31,0.11111928767238238
18,173,76,0.2500752962594165
18,133,48,0.22426952045145587
18,147,6,0.17711274154767637
18,9,73,0.12742986851471755
18,168,72,0.2570504293323664
18,160,1,0.18484207474879238
18,154,99,0.18104180077420712
18,94,165,0.12439867747064207
18,40,143,0.29568191971792307
18,81,4,0.18638956767155807
18,74,101,0.2575883826712234
18,108,139,0.22320817160771722
18,65,89,0.12805956913724548
18,125,38,0.2766489490888403
18,63,27,0.24025043514920166
18,14,136,0.20139155066255
18,126,47,0.22558509882750838
18,19,188,0.15606105007947257
18,53,104,0.17752266642400188
18,118,186,0.18736688343120006
18,50,153,0.24297605352443713
18,114,17,0.23345592727583483
18,143,82,0.27744029505972645
18,135,57,0.2456383904717512
18,152,172,0.2332473705806165
18,22,175,0.24351343156897481
18,91,107,0.16850921433114566
18,182,54,0.2512167063819026
18,183,81,0.2709907077532214
18,184,97,0.16206139365910718
19,97,185,0.30131261538940457
19,60,67,0.3199499603304812
19,130,154,0.36684687873343924
19,136,104,0.3813792843558802
19,42,166,0.3018430298011814
19,178,46,0.3349952673792243
19,24,86,0.3997340636821468
19,115,142,0.3875841912878776
19,123,29,0.3970743931885966
19,45,28,0.3015149372251531
19,181,186,0.33715333083509846
19,173,134,0.9
19,168,116,0.3392748632575163
19,63,155,0.3610745133974741
19,14,96,0.3743908117749444
19,131,49,0.3989856502782466
19,103,109,0.32420472889210616
19,146,93,0.35629440575565785
19,122,47,0.3727161279052271
19,89,157,0.31408865654116236
19,69,176,0.3878836009940613
19,17,130,0.3398563922628859
19,84,30,0.3076361040714566
19,170,168,0.3607000062624226
19,30,85,0.3817340808245694
19,144,143,0.30875152227827746
19,143,10,0.30382030434243135
19,16,82,0.395617788836211
19,78,94,0.3683986767507882
19,102,76,0.38927685265591405
19,156,198,0.9
19,126,145,0.3689433561289668
19,110,122,0.35690324219633174
19,155,0,0.37316307900908385
19,124,62,0.31228795466629844
19,51,26,0.3605546073582453
19,9,114,0.30869679596003863
19,104,124,0.3322810324179891
19,41,119,0.3321839019920548
19,98,151,0.337765326420541
19,44,150,0.3612358755217028
19,166,42,0.30560944974696413
19,137,174,0.3301710308385215
19,125,98,0.31756229939855174
19,108,120,0.3696813501346484
19,55,11,0.30806784355955563
19,94,40,0.3662374331353533
19,62,175,0.34248139330107213
19,6,167,0.21812297618669896
19,161,88,0.1305689387070152
19,107,111,0.25068650298058065
19,121,14,0.18561725946078322
19,43,53,0.12379539323192604
19,83,21,0.2692933101031459
19,184,97,0.26895777648083985
19,52,37,0.12723964668289586
19,81,24,0.2488363183772622
19,157,125,0.11188459259124363
19,3,106,0.27551887397899866
19,25,20,0.23250709102279046
19,132,107,0.15026356705995705
19,141,74,0.18285389991660989
19,114,131,0.29824758849661365
19,49,35,0.29562852655497823
19,179,135,0.25971978119793926
19,72,138,0.21858803492582007
19,87,5,0.10726073962776012
19,120,83,0.27403372742349075
19,19,115,0.21814418157027882
19,174,64,0.2989232760070259
19,10,61,0.10219128843400585
19,88,110,0.1618725972081974
19,106,100,0.16381445850486626
19,80,52,0.18002096569767634
19,91,91,0.27561312373295355
19,85,199,0.1828699415071553
19,148,48,0.2143405149116113
19,176,171,0.2341551070317286
19,129,197,0.12982454765124227
19,175,184,0.18971977244367
19,8,160,0.29452548085698704
19,48,41,0.1430541006517917
19,53,146,0.13562796976757008
19,40,9,0.28094942730636585
19,5,15,0.14939791711740463
19,12,19,0.14862304650398137
19,127,177,0.15040616316941163
19,180,183,0.18553446250800187
19,183,81,0.19383966019186905
19,65,95,0.29645092749701296
19,133,169,0.22941365176202855
19,172,33,0.19723039023700106
19,31,23,0.24141147549173037
19,128,178,0.27917475360567945
19,59,63,0.23970063741079659
19,171,193,0.1753489079645369
19,140,137,0.10223580217970468
19,2,196,0.29277730239210836
19,147,164,0.10579036664733146
19,20,112,0.2164514073025639
19,56,188,0.2312283692706471
19,46,133,0.1555168117273776
19,18,127,0.21909414537502658
19,76,70,0.23104983798665196
19,57,144,0.2059623269403211
19,182,136,0.1799833753190959
19,15,27,0.1350629378565109
19,165,25,0.16088299639960413
19,37,84,0.10939362106471774
19,71,92,0.18970426064193316
19,38,77,0.2041598189480167
19,167,57,0.21316022635934315
19,28,103,0.1652291838682623
19,164,180,0.11647233900244612
19,22,194,0.27473869805325174
19,154,6,0.27789124549669975
19,158,191,0.2627109242396459
19,135,189,0.22690910036888495
19,150,140,0.21351448109743396
19,1,156,0.1531881633256653
19,32,99,0.26339453197019813
19,113,129,0.26086844900193706
19,153,8,0.27968916335588895
19,50,71,0.10867429609809788
19,58,147,0.16482866270114233
19,67,4,0.15745505386812675
19,64,75,0.2973156155501293
19,152,50,0.2961662296647475
19,117,38,0.1702316839371057
19,54,45,0.2527939944642865
19,4,192,0.20183353975752272
19,92,153,0.2718269719965012
19,105,32,0.2535411089893055
19,36,126,0.2090293592561246
19,34,1,0.258605865194718
19,11,87,0.22986965474428794
19,100,90,0.1179467463900952
19,101,89,0.1637318163693543
19,118,123,0.17197370802825385
19,145,181,0.1298261177794548
19,116,80,0.11974930307461654
19,163,173,0.10375988492086358
19,169,149,0.10131219994448144
19,119,148,0.19359776451844296
19,177,121,0.18581719295773214
19,79,105,0.15440753267517543
19,159,172,0.20805981949176203
19,90,139,0.2963767891104566
19,27,68,0.22662359300309343
19,39,108,0.10096571262049701
19,23,72,0.1371707986208486
19,74,187,0.23103002717466484
19,68,118,0.217621221321057
19,134,66,0.10875177093751187
19,151,36,0.14850967442335483
19,75,128,0.14184240525953246
19,61,51,0.18846295410305358
19,185,59,0.15837142551483369
19,186,152,0.21185203118155782
20,10,61,0.3019061473759159
20,20,112,0.38364839409149565
20,81,25,0.30816965635795424
20,16,82,0.3797001159052438
20,87,5,0.34524691116545864
20,150,140,0.35531566277194104
20,92,88,0.35604211554626897
20,129,95,0.38577180948116796
20,141,74,0.32854208370003934
20,97,185,0.3165939824794105
20,148,48,0.35761669428400866
20,123,127,0.3828080087790797
20,32,16,0.38420461873901535
20,153,8,0.30926943806958307
20,164,180,0.3706772972293859
20,158,32,0.3825293400495232
20,43,53,0.36381947063515474
20,88,110,0.3078561859138952
20,103,109,0.3669084283872798
20,83,39,0.39648879612628973
20,41,107,0.35563681935007163
20,128,178,0.3926930424669447
20,168,138,0.31395929413231904
20,50,134,0.9
20,105,170,0.3077858423168424
20,161,184,0.37485871536335225
20,1,197,0.36655926809130857
20,17,181,0.3750115186298514
20,145,57,0.38435643361434635
20,134,158,0.3391698936102656
20,119,132,0.30721814985720897
20,19,159,0.30460106615360266
20,147,139,0.30440566458078316
20,67,1,0.34918590584741305
20,107,192,0.335778092186681
20,84,118,0.37634787318513485
20,144,3,0.3798440413944989
20,171,113,0.32468866074570485
20,36,2,0.3941897104441474
20,62,163,0.3173420247305775
20,90,153,0.3290850981904081
20,34,164,0.3440729863550628
20,89,12,0.30290470180697926
20,72,7,0.37066829167712256
20,44,155,0.35592577872981057
20,165,41,0.3748623628033344
20,56,123,0.3148062666890946
20,115,146,0.36122070627651104
20,133,94,0.39274273378798474
20,31,23,0.3943581527263582
20,117,45,0.39285387890082146
20,163,85,0.3490807228066671
20,52,24,0.3828002966523463
20,174,191,0.3679296332164388
20,155,160,0.38762147598285757
20,61,34,0.3298231932423942
20,159,30,0.31853446779009886
20,54,143,0.32789555289677835
20,4,51,0.38901663817804877
20,136,36,0.3180678053162893
20,170,196,0.3400622763716131
20,157,38,0.3670115215849604
20,181,189,0.3707566452617963
20,60,198,0.9
20,118,27,0.3799682608843299
20,85,174,0.35660538582470613
20,130,11,0.3800571627975631
20,183,40,0.32099224013979294
20,24,86,0.2625669416954891
20,179,135,0.2538264733300526
20,25,20,0.21039215633089434
20,38,77,0.20737918628342406
20,80,52,0.23055463273891996
20,5,15,0.17676766145178513
20,6,167,0.12034786930566693
20,186,152,0.26116641848557653
20,121,14,0.29916745409345014
20,140,137,0.19460931344879528
20,42,141,0.1675766790192214
20,27,68,0.2081059576070295
20,122,47,0.2827213964050961
20,132,119,0.29006117594754643
20,167,66,0.14360623102662015
20,176,33,0.21384950852846604
20,46,102,0.19258776706505665
20,45,28,0.15820166385815446
20,104,64,0.295003374657934
20,180,183,0.18713735011629617
20,37,18,0.2988090761858431
20,74,90,0.15406167481392324
20,68,154,0.2880840912122031
20,116,125,0.2599901274838762
20,69,176,0.1721918182061155
20,131,148,0.24210876626253441
20,100,69,0.18586530528131978
20,3,71,0.12876866170755086
20,169,106,0.1933362400090351
20,114,44,0.13019585501869851
20,178,121,0.11384652401269585
20,124,171,0.13580920541898775
20,98,151,0.1742618786531746
20,106,100,0.2813601081983817
20,182,136,0.17641868747693285
20,58,103,0.2624554862819133
20,101,92,0.17248418323749748
20,146,58,0.1785994650178543
20,184,73,0.1434954871398441
20,51,177,0.2967631993134495
20,11,96,0.15650639321864684
20,40,166,0.2945454454081089
20,12,6,0.17774651659807938
20,120,83,0.2673337863605564
20,9,60,0.18042147292528887
20,30,62,0.27455184655338105
20,39,75,0.21495827378673799
20,185,80,0.15349395568185972
20,8,56,0.17605631076042028
20,94,13,0.2811076755889706
20,175,145,0.25465932493798243
20,18,29,0.28170880168876183
20,177,93,0.2940708165271086
20,63,194,0.10511490791631373
20,75,91,0.1923621561238661
20,109,144,0.12137140853267295
20,173,76,0.20149790987085842
20,166,168,0.18061691461109583
20,127,10,0.1033022763311746
20,78,199,0.2820976736123939
20,23,133,0.25890373951433177
20,71,19,0.29737714243133406
20,91,63,0.1784257613320841
20,55,190,0.10116629547533151
20,137,169,0.1284935214489158
20,28,195,0.19595200706574206
20,126,142,0.18355604209035595
20,135,50,0.1982247593729162
20,79,105,0.15552535672674428
20,2,120,0.1787892325715617
20,125,98,0.17410976546913198
20,156,193,0.12274564280124303
20,151,124,0.11295218356302607
20,172,21,0.26808594071711733
20,49,0,0.14146665211572046
20,48,101,0.16955803169306383
20,102,111,0.13822351657108878
20,76,4,0.16339223143676568
20,53,173,0.2959227187822417
20,26,150,0.24890430775000139
20,15,188,0.24732911208540678
20,154,157,0.1309330170365332
20,143,161,0.1044823052870488
20,64,115,0.12293069952663367
20,110,108,0.17924881701862835
20,14,116,0.19652889345246138
20,21,131,0.20282681410388326
20,160,186,0.26567759742892805
20,59,9,0.14893269071746565
20,138,89,0.25005584826034555
20,66,172,0.13823091459044679
20,162,114,0.1318917839696972
20,187,26,0.1539379729578162
20,188,72,0.20899728963087477
20,189,81,0.25294243276171147
20,190,128,0.21525598946181457
21,31,23,0.34550726637583096
21,98,151,0.336361155880315
21,89,12,0.3508530971165539
21,148,48,0.30176536911004126
21,140,137,0.310511312244402
21,143,89,0.3335784458814549
21,43,53,0.3487481579871534
21,10,61,0.35548289309529757
21,128,178,0.3673245272983052
21,150,140,0.3846916572583454
21,5,15,0.32945266899487236
21,90,7,0.3727400980808748
21,71,190,0.37232114475617617
21,129,197,0.3839192517330189
21,186,152,0.3759511242262017
21,180,183,0.3703387419211024
21,124,33,0.3228892425584584
21,20,112,0.3952961518825092
21,160,199,0.33809294014896096
21,185,175,0.35910786277522244
21,14,43,0.3759437108306132
21,117,32,0.34288137427132453
21,181,156,0.3318590892566749
21,92,159,0.3057757275663579
21,78,189,0.38803991916276526
21,24,76,0.3157734619075979
21,87,16,0.3998834474375753
21,184,115,0.304701661720239
21,156,162,0.37606034128749555
21,106,132,0.30032040765696943
21,6,6,0.3504319706397998
21,121,14,0.39415152006140874
21,164,145,0.3022539325398344
21,85,94,0.36572507670655807
21,15,131,0.3323737864445264
21,146,58,0.32504283575688747
21,46,35,0.37473094073893876
21,137,99,0.36124249135233766
21,67,84,0.3635175182356444
21,132,161,0.3601433396875652
21,107,192,0.32635914187646964
21,138,198,0.9
21,52,24,0.3129353441412881
21,125,160,0.35556239285714875
21,154,153,0.3520234132815181
21,104,90,0.3021287274060414
21,1,95,0.34529068223663845
21,17,143,0.3891625789522307
21,44,155,0.3107181197787202
21,80,150,0.3570124232963936
21,188,172,0.35455292963948104
21,36,168,0.3604272572748871
21,159,75,0.3377290221459257
21,175,49,0.3078162156893484
21,59,40,0.3726008482551879
21,190,128,0.3336290242791442
21,122,66,0.3624024929308912
21,176,134,0.9
21,97,92,0.35985870984064217
21,151,133,0.30905044956530736
21,123,127,0.23641465921949087
21,18,29,0.13220127788296007
21,141,74,0.1494326013125727
21,182,136,0.16991329887979395
21,42,135,0.2982947880534917
21,161,124,0.14354605810960602
21,187,26,0.2764697203153334
21,25,20,0.17547733623284112
21,83,39,0.2530167701460778
21,38,77,0.13037350686372834
21,41,149,0.27887226746905924
21,153,8,0.2034811993276617
21,172,147,0.2970527043464044
21,64,3,0.20651553525404276
21,79,105,0.19949023595234217
21,3,46,0.25599634530552734
21,62,64,0.2450019580898437
21,158,195,0.23370268921199638
21,115,146,0.23000080551783658
21,16,108,0.2703701190401725
21,34,73,0.13427171946530142
21,54,174,0.2498783596931691
21,56,188,0.11006094188387952
21,167,97,0.23786619475300233
21,88,110,0.20057709768677456
21,32,71,0.16481453689389886
21,105,122,0.15525308770622256
21,45,148,0.1756487926575473
21,49,63,0.2077838190369571
21,126,30,0.21740033996165986
21,48,34,0.10088395225456033
21,102,9,0.179403988695982
21,189,81,0.24519073171178635
21,84,72,0.18992702016340385
21,179,141,0.16698988446713592
21,8,144,0.20405253338625534
21,30,21,0.21426136603058135
21,28,0,0.29862617545865267
21,163,117,0.2384010852980134
21,72,101,0.20425582874844336
21,162,22,0.18917899824130757
21,76,42,0.19819511669540535
21,21,181,0.19203545606828334
21,170,196,0.11871768782477532
21,100,164,0.29895059535945356
21,119,70,0.26812033977551875
21,110,177,0.14041566876584885
21,135,25,0.16036855428380417
21,75,171,0.16332811903924144
21,81,41,0.2790852926511882
21,145,104,0.19355016614841733
21,2,186,0.2546845501634214
21,69,176,0.226139648561708
21,4,139,0.11451799005192582
21,144,169,0.17473951047534425
21,165,182,0.21869610240934373
21,136,36,0.2310146301400275
21,55,167,0.1543702317070252
21,37,18,0.18533387247938024
21,26,118,0.12885681386609127
21,178,80,0.21939410205508286
21,118,37,0.25700672976817734
21,157,93,0.2648390029780473
21,171,50,0.24887507380439897
21,116,170,0.14756072515819044
21,40,166,0.20370477809378446
21,174,179,0.13421781964714474
21,11,1,0.13802241548370478
21,127,106,0.2772110344133889
21,66,138,0.2561569442328738
21,131,184,0.14719017786195415
21,12,4,0.16373517940338297
21,183,2,0.20087126257374185
21,147,38,0.2992921616406967
21,166,100,0.23019533393848746
21,63,194,0.1873105576573379
21,61,19,0.17627564137766744
21,168,158,0.25769458252132527
21,51,62,0.15901351520724244
21,27,126,0.2506214933489508
21,177,129,0.20082322593277754
21,173,85,0.20750707646684244
21,114,67,0.2903575839938194
21,120,78,0.27142883203726
21,130,17,0.1428283128171774
21,9,130,0.243092719676552
21,60,193,0.2694297528896719
21,53,59,0.20076652537566925
21,169,114,0.17221449210730194
21,74,125,0.16860114077480637
21,133,47,0.2735878562661397
21,103,116,0.28696533957624715
21,65,65,0.2585282959372265
21,91,187,0.13250872941205832
21,101,157,0.12681705090639286
21,58,107,0.27553139209460503
22,129,197,0.36138842962336315
22,78,7,0.31746039186069136
22,52,24,0.3809274262680906
22,25,20,0.33980598864541567
22,146,58,0.3463710025759262
22,141,74,0.31967611133254714
22,187,26,0.3389227763527941
22,37,15,0.30423412790144333
22,45,148,0.3052506901970993
22,56,188,0.360472453105277
22,88,110,0.3483871598371888
22,98,151,0.3462829443628114
22,79,32,0.3880952948614308
22,42,135,0.3503881783677377
22,87,31,0.37177887505058516
22,83,111,0.30043176288893764
22,24,134,0.9
22,28,159,0.3562385275532174
22,136,36,0.3254958520685899
22,60,34,0.3717665679848925
22,114,65,0.395571153041839
22,1,198,0.9
22,137,27,0.31008368063793335
22,154,52,0.3089101010988057
22,143,6,0.3165490594872249
22,156,185,0.3179270485456638
22,130,66,0.3702712180417954
22,167,40,0.30352891815849004
22,128,195,0.37156647560897915
22,182,139,0.3835592454878295
22,41,149,0.34961596364945496
22,178,130,0.3180063092599878
22,148,101,0.3137583735248934
22,126,30,0.37021048085316066
22,145,123,0.37571707685861266
22,8,102,0.39751837782268007
22,140,33,0.3939717053633659
22,69,144,0.3947398036874237
22,127,117,0.30475045637760084
22,132,85,0.3306592746375663
22,100,154,0.35685592914614395
22,63,44,0.9
22,3,170,0.3203286096800111
22,168,158,0.3036782279215869
22,46,35,0.30791483520795304
22,43,55,0.353551939684582
22,157,133,0.36298159042108535
22,34,51,0.3142968506673234
22,59,4,0.30352141315662157
22,85,10,0.38980197880925904
22,12,120,0.38403647271403707
22,15,174,0.3403231566104493
22,107,192,0.13903681251409156
22,115,146,0.14520647701313255
22,5,18,0.17399053991446467
22,20,112,0.1812568025293335
22,38,77,0.23968453005453014
22,31,23,0.1565845548917024
22,164,145,0.25694425383743014
22,18,29,0.1281690217868276
22,121,14,0.27208300361018134
22,10,61,0.16886116429354087
22,40,166,0.17705413685571808
22,189,81,0.29278654704695506
22,166,100,0.22412769314807474
22,153,8,0.2671369831500044
22,101,87,0.18458294826781838
22,14,121,0.2581683533268091
22,161,82,0.19439475388205857
22,150,140,0.2769228028915316
22,2,67,0.22805821642487942
22,44,155,0.240665773930094
22,188,116,0.23510195826019153
22,144,113,0.13461739760252278
22,123,86,0.17551189263646438
22,169,73,0.22745591390450431
22,72,99,0.23604883675106172
22,9,124,0.22869990701954793
22,170,196,0.1503799073223237
22,89,96,0.158258828216535
22,117,147,0.15839226286842317
22,179,88,0.22949032288011262
22,186,152,0.21440644338526704
22,180,183,0.11797090051056222
22,48,49,0.29453373002984096
22,184,118,0.2939068638022172
22,65,162,0.22973010761658674
22,172,0,0.15573599942066513
22,122,187,0.14237072460241545
22,4,180,0.10797784171888586
22,185,175,0.10317889413994742
22,62,125,0.1385509677803083
22,84,181,0.2498388978586604
22,76,93,0.156499465334697
22,103,90,0.15780607446995343
22,27,167,0.22042311706365333
22,120,75,0.21074255438313322
22,16,9,0.18664111479409967
22,51,173,0.10109909564486118
22,80,189,0.15711789382559588
22,133,68,0.285441736627298
22,183,78,0.16570648472373473
22,106,19,0.1760431946976742
22,36,168,0.12362823855729178
22,32,179,0.20567708333511125
22,53,3,0.11475343007792767
22,190,128,0.12314007495945783
22,125,56,0.1620443066647666
22,55,84,0.2899129554105123
22,131,39,0.22662674155166931
22,173,48,0.2682181189369145
22,147,98,0.16749831528632642
22,92,176,0.15349475172064925
22,91,109,0.18249979200729347
22,102,136,0.279775878715375
22,171,50,0.16017457003576394
22,6,22,0.12739139751042167
22,118,138,0.2404812473569329
22,158,53,0.15399631714623221
22,21,45,0.2565155148775261
22,116,129,0.16693917324135016
22,30,103,0.29053515714738515
22,163,194,0.18295650838842542
22,104,105,0.17895374970102418
22,17,137,0.28569413182569703
22,160,94,0.1031377721684772
22,67,1,0.25253368671056353
22,81,41,0.19280471984785819
22,74,141,0.28261127086120763
22,75,177,0.17931672108861044
22,174,60,0.2723326860188501
22,162,83,0.10120597693922899
22,64,199,0.2091739017170268
22,175,164,0.2040557815778743
22,71,11,0.24265425212959998
22,155,178,0.24309269963389538
22,110,106,0.11919573637318906
22,11,153,0.13327075571705907
22,54,169,0.12401067664556141
22,97,89,0.13893167336859621
22,124,71,0.12648932721770698
22,90,13,0.1063715587056007
22,109,165,0.1449972162085377
22,176,64,0.24409033911242306
22,26,38,0.14377114228568846
22,49,114,0.265250046126844
22,181,150,0.2949028944400992
22,105,47,0.25110171296491735
22,159,72,0.1191155040998465
22,165,161,0.297681703634757
22,135,172,0.11833401613273556
22,19,69,0.2940843245899733
22,58,57,0.24898671850018633
22,50,5,0.11124373624450855
22,39,43,0.11708076505419872
22,94,104,0.12069305366467642
22,191,59,0.16484692652091637
22,192,80,0.16056741695073068
22,193,97,0.20188442888904767
22,194,119,0.23267882023697822
22,195,163,0.21317956711643837
23,18,29,0.36169443647309896
23,75,117,0.35443615599812983
23,20,112,0.3151284758022721
23,37,15,0.30842029234789603
23,45,148,0.38349217436507266
23,146,58,0.331652445274474
23,115,146,0.35027911515955124
23,74,141,0.3710890581486974
23,52,24,0.3519335357246747
23,79,32,0.31510119980009127
23,88,110,0.35025333086799615
23,87,114,0.39711611152278636
23,83,111,0.39433533144383137
23,185,80,0.35287260945620313
23,11,161,0.3919757786602869
23,36,168,0.3764493048088594
23,16,9,0.34550613074573266
23,54,48,0.34587385147911437
23,19,189,0.335165959681218
23,189,81,0.3683625533624698
23,122,107,0.315560333838823
23,10,34,0.34499309725146876
23,72,65,0.32131205595209233
23,179,124,0.3451348802071389
23,154,5,0.3571111547715664
23,56,116,0.36136511932627435
23,127,44,0.9
23,32,134,0.9
23,110,60,0.39653411534914784
23,172,176,0.33203499681089366
23,163,182,0.9
23,195,130,0.39239397286871214
23,194,131,0.391187428227589
23,161,115,0.3184611123507102
23,64,67,0.30065092993578313
23,182,139,0.3063642744936449
23,181,152,0.3414343993834169
23,107,91,0.35851612857630355
23,14,191,0.327812386189448
23,69,133,0.3896386986475767
23,130,39,0.39802768602350735
23,141,193,0.38404530086137756
23,159,10,0.3022244666064878
23,65,164,0.36790881915430196
23,165,38,0.3843045987064605
23,97,169,0.30658112760808703
23,63,174,0.3654696687878307
23,193,97,0.2633468351049679
23,129,197,0.20535808129060532
23,40,166,0.2526537681119653
23,25,20,0.24314885867886218
23,55,84,0.27419757754870117
23,164,145,0.23716933739607537
23,81,41,0.29143182914858157
23,150,140,0.2183767759329277
23,171,50,0.17054242702653435
23,80,74,0.171380293082261
23,58,85,0.25119933471563927
23,5,18,0.24364133835319993
23,102,30,0.15916364675835354
23,41,149,0.27548141868908016
23,166,100,0.10488399745779642
23,98,151,0.24101784260620798
23,187,26,0.21050813303378035
23,31,23,0.1710159483959135
23,71,11,0.19758612949431242
23,148,27,0.23914328578555102
23,169,49,0.10237852854585211
23,157,35,0.28460808728294923
23,38,25,0.13152268881806348
23,123,76,0.17140400058891736
23,128,195,0.14035607665388697
23,136,172,0.2983118101572463
23,101,95,0.2641391413628259
23,116,102,0.23269015116412353
23,62,170,0.19614556983628212
23,188,188,0.22272334848223513
23,124,89,0.14885074392535724
23,125,56,0.25390479734379745
23,59,190,0.16729463949564255
23,153,8,0.12144993333931214
23,43,63,0.21479062021989492
23,89,101,0.10452276256213983
23,176,122,0.1491172781049004
23,42,64,0.1204273756109549
23,184,180,0.17373774318876545
23,178,181,0.13975301449477723
23,114,12,0.16424163699597893
23,27,154,0.20608164689211134
23,145,96,0.2141253525849827
23,60,92,0.1733240042310868
23,51,159,0.15214587713883693
23,135,0,0.11275578098792263
23,24,33,0.14358009110111086
23,109,36,0.10650369289471512
23,44,155,0.13647391972999484
23,67,1,0.26590121870684524
23,175,123,0.2894794121283022
23,1,198,0.2583153449663622
23,12,126,0.14233744879216936
23,126,142,0.1218661137717125
23,34,143,0.29711905597359045
23,186,163,0.1004441689287102
23,170,78,0.15734943721431766
23,49,37,0.1277260242049146
23,106,19,0.23202535471475905
23,155,55,0.2097335947689576
23,132,192,0.2211815620562777
23,4,68,0.21444867517452043
23,84,62,0.23551451127886738
23,144,156,0.24583657943779827
23,192,175,0.20023825846940785
23,117,147,0.1659834199378808
23,90,167,0.23159340577064777
23,190,125,0.22037861615409443
23,85,137,0.25116990918520377
23,121,31,0.16044567476508614
23,104,45,0.18298515115638753
23,108,70,0.29693096375966377
23,103,103,0.12870141699186222
23,158,178,0.1533374389023407
23,94,177,0.28637175556365113
23,167,40,0.21383122699771473
23,28,93,0.1760068114158267
23,191,46,0.1938993084856902
23,143,83,0.15207265029416078
23,174,94,0.2551979504828644
23,21,144,0.21908714460766415
23,6,61,0.15085447737754032
23,160,106,0.20411863365349392
23,78,109,0.24416564347167669
23,180,104,0.1067043957266273
23,9,184,0.2583663969892443
23,50,87,0.18969594113472626
23,2,194,0.14674257547750322
23,137,13,0.2502156592578094
23,156,185,0.2882344360754724
23,118,113,0.19946015083068666
23,3,129,0.14016976356234695
23,48,28,0.10881387744211699
23,53,16,0.10749945370126013
23,140,71,0.25839354738095577
23,39,3,0.176653027310201
23,183,2,0.22588201246151504
23,168,99,0.2852988658295869
23,17,21,0.26064313356647373
23,26,173,0.1965023515298793
23,105,150,0.2990610646081267
23,120,88,0.22004776231298986
23,8,105,0.21079836830318116
23,15,47,0.10027357491334539
23,30,165,0.12806600461254658
23,173,17,0.2658898462037288
23,131,79,0.17552543824539618
23,61,4,0.20958251264140204
23,46,118,0.1640369783305142
23,76,90,0.12782954709927705
23,100,153,0.20283510338035338
23,162,162,0.25088454302921437
23,133,108,0.23438097091060509
23,147,121,0.19693186593412987
23,177,136,0.20937573904371892
23,66,57,0.17758383843635744
23,68,120,0.2773097922643665
23,196,69,0.16970938331779467
23,197,72,0.14960958965833454
23,198,82,0.1484291553197406
23,199,186,0.16726144824362138
24,79,32,0.37870402134796144
24,25,20,0.3029656600678913
24,31,23,0.35376345526220676
24,199,186,0.3659140494147005
24,17,147,0.3680529474777229
24,71,11,0.3301784679121159
24,192,175,0.3794946173026691
24,179,124,0.39266642304804045
24,37,15,0.33889256720712224
24,164,145,0.32060905988550437
24,106,19,0.3996423267024577
24,5,18,0.30127721640682414
24,150,140,0.30851975126180653
24,72,193,0.30620487083385883
24,187,14,0.3664874816006294
24,194,169,0.37411952504254
24,18,29,0.37487836124373497
24,168,114,0.32225977598252287
24,55,84,0.318228511953239
24,161,142,0.392346314078191
24,36,92,0.3842326131856164
24,122,131,0.32174306996574487
24,4,75,0.3831822665859691
24,180,52,0.37270356804833593
24,97,44,0.9
24,24,10,0.34869632774018144
24,85,127,0.3380344629193245
24,8,33,0.3586903828466622
24,20,112,0.3777833748001088
24,155,63,0.36859112401004857
24,38,77,0.34100813573442035
24,197,163,0.32643814111126607
24,28,38,0.35875769901076215
24,61,17,0.3807805322302713
24,110,94,0.3718478481855473
24,146,125,0.3484774053846186
24,84,171,0.3566264321248036
24,170,78,0.3514193464588994
24,198,54,0.37566173056970986
24,42,46,0.3214647704022604
24,115,180,0.3422198442666665
24,148,22,0.36153052869986346
24,196,152,0.37354884170543123
24,167,40,0.3735428540058868
24,141,104,0.31996722080575
24,63,106,0.3091412343344384
24,10,164,0.3827661095833865
24,125,159,0.307419965304088
24,177,189,0.35089111739391476
24,41,183,0.3805873486820823
24,178,71,0.3313165601074357
24,160,85,0.36971316703838
24,51,102,0.3023537063543892
24,181,133,0.38640533169378866
24,124,190,0.3989559002798888
24,16,51,0.34001518557032556
24,87,57,0.3169661877873454
24,2,182,0.9
24,154,26,0.34348260135430364
24,128,160,0.3753143220865742
24,165,176,0.3559604553267154
24,50,109,0.3168139499143777
24,182,139,0.28028759158604544
24,45,148,0.2864540768598205
24,40,166,0.2409574865140999
24,6,162,0.17911678025659183
24,52,24,0.24341764270245628
24,88,110,0.27968303450716736
24,121,43,0.15558101110410472
24,81,41,0.1084327184841578
24,129,197,0.24685174478251884
24,104,45,0.24079549066414643
24,53,89,0.28140866723533503
24,102,49,0.17460913623799504
24,156,2,0.1249977789805075
24,98,151,0.1358596321715725
24,89,155,0.11348399427067736
24,48,68,0.1369799140289531
24,120,143,0.1653137506295289
24,136,36,0.26251329333370776
24,107,91,0.15916547627445543
24,12,168,0.1801505217072693
24,67,4,0.15012275509997208
24,26,39,0.2668143326693566
24,80,7,0.27795056698936643
24,14,173,0.28919020040878707
24,64,67,0.2485502985839771
24,126,72,0.10348908681368715
24,46,48,0.18571934823907849
24,74,165,0.21791147895473598
24,65,185,0.1360699384598063
24,189,81,0.18652289764525562
24,1,95,0.2804205541142595
24,147,113,0.2875913249914591
24,132,21,0.23370802455419273
24,34,137,0.2740943989349419
24,56,116,0.1832386537654751
24,183,34,0.1343680564223969
24,68,30,0.14488222294563313
24,174,117,0.12446405047397131
24,185,130,0.20319449365665027
24,188,27,0.22045750674860465
24,54,138,0.20095761977814844
24,117,105,0.2477481470592186
24,123,86,0.27825946358139425
24,140,107,0.28207386531533074
24,190,170,0.17142144996423414
24,9,118,0.20979474696786632
24,11,177,0.10665782447113997
24,100,62,0.13602126208970342
24,114,132,0.28726386999912135
24,44,65,0.1862878566373679
24,191,128,0.25792206846942556
24,69,58,0.19739915612620285
24,173,126,0.29655185356881564
24,195,3,0.2969994868103703
24,193,69,0.2936474094478334
24,158,53,0.13014998045764972
24,131,59,0.25509390433272805
24,15,146,0.1302629020367776
24,105,156,0.25171445938411674
24,27,154,0.18141718268481513
24,83,191,0.21731249576331735
24,145,37,0.17765152445731874
24,109,74,0.19846313075851402
24,137,6,0.28074191451738084
24,166,196,0.2916290801495701
24,118,199,0.20352588957549955
24,30,28,0.16483957951831063
24,3,35,0.24594458751461332
24,186,108,0.12520846992832801
24,184,122,0.1546523059031501
24,62,93,0.2522986940868127
24,90,83,0.2915015944820815
24,19,25,0.2747960451226137
24,162,16,0.16490012347542668
24,76,161,0.22480470577988707
24,175,150,0.25212428094651557
24,171,158,0.26187514464817385
24,66,55,0.10237304489993763
24,58,174,0.2461132630792254
24,116,144,0.2790237659887031
24,133,66,0.12839069275061826
24,151,56,0.23045863433315963
24,75,119,0.1630817382100927
24,43,0,0.2985438140386317
24,169,12,0.29824668959162426
24,60,73,0.11629201186854671
24,103,98,0.23692436856356436
24,59,61,0.14522648601010565
24,39,82,0.26000962313312415
24,144,96,0.1581356261535786
24,157,129,0.10003423637466863
24,127,123,0.29181245542472817
24,143,157,0.13313878317090222
24,176,42,0.19902285387557628
25,179,124,0.3391586640363966
25,123,29,0.3427653613452627
25,121,108,0.3842487932086084
25,156,2,0.31534795985424213
25,38,77,0.3098827121924994
25,79,32,0.3140316543097187
25,98,151,0.38080798041311836
25,140,96,0.3936470936673512
25,87,26,0.3229482336080943
25,10,120,0.37807070951998545
25,195,60,0.3921257689920268
25,186,73,0.3083807394750121
25,137,15,0.3940604031372631
25,9,30,0.31816804779654123
25,132,63,0.3918201228419892
25,18,86,0.37362918669514744
25,76,113,0.3278234361129656
25,6,172,0.33346668993658757
25,117,45,0.3068515504780398
25,146,128,0.31278799923627165
25,183,188,0.37298174763772207
25,65,168,0.3937208702637739
25,107,91,0.3630161763212506
25,24,94,0.369688872705233
25,26,134,0.9
25,17,0,0.3133411650010578
25,168,192,0.35772468448902206
25,187,14,0.39819261275553675
25,128,176,0.3178541580071892
25,162,106,0.3648380562236113
25,129,194,0.3123984307670878
25,167,97,0.36400151586345764
25,59,119,0.39548675140110334
25,178,3,0.3382245406093751
25,122,150,0.35010428213455
25,174,199,0.3026492893588837
25,197,163,0.3433300193315682
25,44,189,0.3359061104750633
25,143,47,0.3492858797370758
25,158,53,0.3534003154409462
25,153,8,0.3659191725186425
25,125,58,0.3421094106875649
25,190,170,0.3848371177467067
25,53,34,0.3321063754324761
25,148,167,0.369446781701976
25,103,144,0.311456484985725
25,56,162,0.33847761780898333
25,193,90,0.31326384735107016
25,80,7,0.3952727151184645
25,185,85,0.3170966250602003
25,31,27,0.31212502348043714
25,84,33,0.3393255990836822
25,155,39,0.3333630159177664
25,25,55,0.31954052404593575
25,89,87,0.30722334212841773
25,177,182,0.9
25,43,133,0.3362576166713932
25,88,110,0.24195527046925844
25,40,166,0.18416780767641722
25,164,145,0.1605753395223521
25,182,139,0.2540012080402515
25,69,184,0.2762640269311021
25,27,154,0.18737450361817437
25,55,84,0.235515637744184
25,71,11,0.1613952950596131
25,160,181,0.27103176341223634
25,115,180,0.20451682810634098
25,198,42,0.16511031139260585
25,74,165,0.23075486201996864
25,150,140,0.12051835002100642
25,67,4,0.163850287285351
25,133,107,0.2804460134013351
25,154,131,0.20353827003554262
25,199,186,0.2930355513214305
25,60,62,0.12739247202387463
25,161,142,0.27422283075591974
25,61,123,0.1751257372809125
25,106,19,0.16669705738605695
25,1,197,0.10009780839136628
25,126,121,0.13976257560193212
25,180,169,0.22231037713760438
25,118,177,0.1782769308668991
25,192,46,0.1816112494021272
25,45,28,0.14392517718361603
25,42,143,0.15756841510755493
25,72,193,0.18615047593895154
25,141,114,0.22647663884134514
25,116,160,0.2973200551561534
25,64,67,0.2617060461983546
25,157,125,0.12533146120538424
25,36,196,0.20431938260376298
25,39,75,0.2969754745434904
25,14,173,0.11807627376583239
25,136,69,0.2663602090674626
25,191,38,0.1760097110231595
25,176,187,0.12456012972198002
25,175,5,0.15878458909439688
25,196,175,0.10274962860445758
25,52,22,0.14995803253307616
25,41,183,0.25717730827069446
25,104,105,0.22916974416884556
25,48,68,0.12899083875510262
25,68,141,0.13634091935142686
25,171,109,0.24924330218944846
25,131,59,0.24894742195058875
25,83,191,0.12429206556758828
25,16,66,0.2611356518567989
25,90,70,0.25451748690836573
25,37,6,0.22480620443229882
25,15,122,0.20906984857041855
25,62,195,0.2061277944493239
25,75,115,0.1191788141992623
25,81,25,0.2805733125796666
25,130,20,0.1987500350526262
25,20,112,0.1703913634949634
25,151,98,0.1391416482855401
25,28,64,0.21912434884303725
25,110,174,0.25675990395852666
25,188,23,0.24727751544222557
25,170,126,0.2223934003283523
25,194,95,0.10196027764574539
25,169,101,0.209161525740859
25,63,171,0.18520384982996368
25,100,127,0.11158347013252902
25,189,40,0.12341810154770846
25,120,137,0.2919181485242842
25,12,185,0.2881545361100628
25,51,35,0.11099889789817173
25,5,190,0.2272088287716019
25,11,10,0.29848318532398443
25,85,103,0.16401964055393312
25,101,198,0.13248673391678722
25,127,83,0.16205895883862226
25,144,12,0.17540454678332879
25,32,21,0.1818090221988496
25,102,164,0.14793277624063647
25,58,161,0.21310950094098674
25,145,155,0.17492814188100256
25,173,153,0.21464942303127346
25,54,13,0.1558758187615514
25,94,71,0.2093404583583617
25,109,99,0.10960890362856102
25,4,118,0.1114699199193455
25,66,178,0.21119996488905765
25,166,89,0.11188921681613406
25,34,147,0.2824328731192672
25,97,16,0.1740141723647265
25,184,129,0.2095583210289101
25,159,130,0.2959518979390865
25,19,116,0.12531526968135973
25,114,88,0.1517557065134357
25,147,57,0.1704748766111347
25,30,72,0.28484303576075465
25,200,9,0.23622676023506464
25,201,17,0.22694831037182078
25,202,51,0.1391248145463423
25,203,54,0.22128014014833464
25,204,82,0.20849538579764992
25,205,136,0.15280347219784995
26,179,124,0.3735556638525087
26,85,160,0.38144673729392553
26,197,163,0.3519536750740956
26,150,140,0.373559142305257
26,204,82,0.3303531491900681
26,71,11,0.3419838024808325
26,154,107,0.31848076954067517
26,126,192,0.3875378047984891
26,107,79,0.38198119865792
26,164,118,0.3072838741177818
26,18,86,0.3939742498859584
26,67,4,0.38127845535724614
26,32,105,0.32036365639340747
26,103,35,0.38203432900030476
26,16,187,0.3145841769437036
26,201,17,0.3101018125483349
26,158,178,0.3918239754363485
26,132,20,0.32433783121740234
26,187,5,0.30842758474936427
26,40,145,0.36812197564067417
26,199,116,0.36912904471646635
26,118,134,0.9
26,94,114,0.3418651434959328
26,12,34,0.3374746704774467
26,97,115,0.3910800731071563
26,52,23,0.338706487342998
26,101,95,0.3375630176613437
26,156,168,0.3488733414085282
26,133,87,0.3075582321197895
26,174,67,0.3689914099389463
26,17,144,0.3753229494737882
26,188,6,0.30275288517682397
26,106,132,0.32350135219101916
26,114,55,0.3614212489994887
26,41,183,0.31061096382046227
26,60,33,0.39997285735238197
26,196,91,0.39853580210299855
26,194,182,0.9
26,110,174,0.35153177568654326
26,69,172,0.30564984267378165
26,37,24,0.31265307184490254
26,6,16,0.3403081647123587
26,56,153,0.39479462698387446
26,175,71,0.32586354362815273
26,131,59,0.30504621334244875
26,168,21,0.3118862033906341
26,160,80,0.3430667499510385
26,51,102,0.32124049855194126
26,27,83,0.3433357341076651
26,170,157,0.30686892488216555
26,191,129,0.30563875733291257
26,98,151,0.2613166221692529
26,182,139,0.26487823108819153
26,72,193,0.18880920903675233
26,205,136,0.24703925819966965
26,38,77,0.2913139094845372
26,48,68,0.18754401263110565
26,89,48,0.1613288652628109
26,83,191,0.2360039885661437
26,80,7,0.10796799077537252
26,44,189,0.1599587019281857
26,115,180,0.15875875446285975
26,87,26,0.28660127150294606
26,200,9,0.29471313047662506
26,203,54,0.14110007595779148
26,123,63,0.11227808825677146
26,19,135,0.21114365509987817
26,53,185,0.10271734103835058
26,190,170,0.22146801051818152
26,102,27,0.17080998902245403
26,74,141,0.21976769326515141
26,122,150,0.2336296114826637
26,45,28,0.22351219267944183
26,14,173,0.13143599603350545
26,79,32,0.15138380079987307
26,173,65,0.1498949898739011
26,1,197,0.16346709183049463
26,141,121,0.10826863184587897
26,28,175,0.20134945061137088
26,11,10,0.23643191260623894
26,178,106,0.13530678892042095
26,153,8,0.1954097967831987
26,183,169,0.13997576583316468
26,148,18,0.22053988859214463
26,25,0,0.1356236706292857
26,75,146,0.22339616393837874
26,121,184,0.2690820658219456
26,68,147,0.1535475241207333
26,42,179,0.2523945925826474
26,198,30,0.2586821589848637
26,144,164,0.28352336093636
26,10,126,0.24837200888137792
26,54,1,0.20212439275850713
26,55,84,0.12815368782831865
26,4,46,0.148585734791842
26,58,162,0.2190276719369805
26,66,195,0.23933499739733918
26,192,90,0.2548630847037317
26,109,149,0.18670746862532883
26,104,45,0.1949731671566422
26,155,143,0.2920197602006164
26,180,113,0.25420985499671056
26,202,72,0.16842297488325447
26,31,188,0.2639336618263555
26,161,73,0.20917574096585134
26,64,117,0.2894736449766274
26,129,194,0.12922443323092572
26,117,125,0.23793112452184267
26,30,3,0.1955084401939684
26,169,50,0.11528582532099607
26,167,69,0.19650320908471744
26,76,41,0.22945662220950072
26,81,25,0.26544775657797226
26,65,196,0.2770644789897968
26,61,99,0.2475372970731351
26,90,70,0.16340386900760645
26,9,49,0.25249523469856683
26,185,60,0.2368189221333272
26,189,42,0.298825748119376
26,34,56,0.1043323980198887
26,88,111,0.19663198821925756
26,143,137,0.2864863430615153
26,147,39,0.25803816618255404
26,151,98,0.19635525626678532
26,125,166,0.2521704503411586
26,157,62,0.2985757639263391
26,145,198,0.2967797904323756
26,159,36,0.13373742726248486
26,5,154,0.25020822850539326
26,176,155,0.13346515105496415
26,146,128,0.2801609611617326
26,59,85,0.21308010848724568
26,186,81,0.20880230420213758
26,136,43,0.2144642738243626
26,62,29,0.10171651079772993
26,140,109,0.2923279391222716
26,43,133,0.18614639627230356
26,166,52,0.2495925751647528
26,137,19,0.1497602753085492
26,15,122,0.2755813701300971
26,36,2,0.1834052205591561
26,193,93,0.23585485216449228
26,195,119,0.22421145287379496
26,24,74,0.22579923448095002
26,78,138,0.11108046853726464
26,162,130,0.21188837310577052
26,171,190,0.2170035682983153
26,20,89,0.2789032165137645
26,84,181,0.19160389081299523
26,46,101,0.2502788507318101
26,63,57,0.10754346177668009
26,124,167,0.2528659354210949
26,163,61,0.19325868722367268
26,105,96,0.20419825089915608
26,26,131,0.18969268007793016
26,39,120,0.2997021309994814
26,206,13,0.27614684195288486
26,207,123,0.19083898323276166
27,66,195,0.39000080203710685
27,38,77,0.3216280248906026
27,80,7,0.37029850181547463
27,18,86,0.39439224450224364
27,207,123,0.3704842227527514
27,36,153,0.30273370358034213
27,81,25,0.3970136619916732
27,125,135,0.3667425013513249
27,129,194,0.39107253174811574
27,202,88,0.3053361997723992
27,79,173,0.36242302075829746
27,61,65,0.37407043080554736
27,124,2,0.32123000703184146
27,71,11,0.30848258109010473
27,203,54,0.38400678084816553
27,122,150,0.360203689082647
27,167,121,0.38093652520729093
27,136,161,0.34024673044319287
27,87,26,0.38389005107263197
27,161,108,0.3953892103344133
27,151,98,0.3101223721716249
27,83,110,0.3987320791630935
27,155,130,0.3808314091690056
27,187,14,0.30434729720560105
27,74,145,0.3920537969942405
27,107,46,0.3355776542200518
27,115,146,0.3320814102270706
27,52,1,0.325098049905145
27,69,104,0.3945391770835742
27,51,102,0.36495166461890716
27,183,117,0.34553514669158203
27,195,157,0.3454295203618912
27,14,32,0.3483519232339509
27,72,155,0.31156493178873995
27,6,71,0.3206543894784854
27,31,119,0.38401322389109327
27,173,113,0.34498632485891473
27,19,0,0.35209851980644646
27,200,36,0.3914940048690999
27,85,176,0.38242780068074544
27,4,134,0.9
27,141,166,0.3351126607107594
27,102,37,0.3942964968440549
27,197,51,0.375042411975702
27,28,80,0.3615093902973273
27,67,164,0.3340817029173163
27,109,40,0.39915326745724045
27,205,141,0.31597878610072605
27,20,50,0.3542684025137369
27,169,182,0.9
27,26,109,0.3448245319054588
27,43,133,0.20121521109270146
27,44,193,0.16473617814750963
27,179,184,0.11548062967335103
27,12,99,0.2815721805915261
27,15,122,0.2777931339104184
27,168,63,0.2855053630403869
27,206,13,0.28914208737781455
27,46,101,0.10537350761718642
27,45,28,0.1521123373018011
27,58,185,0.1742854180522646
27,204,82,0.2524055244292515
27,162,124,0.2196035229578393
27,156,100,0.15786536025096895
27,54,126,0.1317152391354239
27,166,199,0.2891183209108824
27,5,154,0.22333717710288686
27,199,116,0.17271735912407787
27,106,132,0.17239742527720367
27,32,93,0.21639790399567171
27,56,12,0.19065574076469305
27,98,151,0.20954124311428593
27,104,45,0.12715807138950072
27,78,48,0.2624731380383324
27,164,118,0.14301434493419013
27,39,24,0.18076828700919995
27,117,58,0.28817031837439916
27,175,62,0.2380050926450534
27,10,168,0.16387289887703888
27,198,30,0.2523785541944914
27,192,90,0.1186014851384572
27,188,15,0.262616413578057
27,186,183,0.2680492034133436
27,201,17,0.19788295156100555
27,131,59,0.2602471581327072
27,146,128,0.2651372068111564
27,101,95,0.19711686468264317
27,90,190,0.11683997462872062
27,137,92,0.18125239590314837
27,158,178,0.15080015158813054
27,89,96,0.10712675940333148
27,88,179,0.12599726822045987
27,154,187,0.2501678686166029
27,94,162,0.1541321538802441
27,105,78,0.1829009365422301
27,84,142,0.26940652231761053
27,16,188,0.13248959103697083
27,182,69,0.2992337618698969
27,11,10,0.1816459857813716
27,184,160,0.20745263006328726
27,123,29,0.11234046280765042
27,150,49,0.13763685458750094
27,110,106,0.18609202808557754
27,37,74,0.28077509281439916
27,34,35,0.1296843628523585
27,9,196,0.1443745384875741
27,64,94,0.2785647151685242
27,174,67,0.27105551177761883
27,40,42,0.2579801768621327
27,48,180,0.2113463090291235
27,176,41,0.1996609378844184
27,1,198,0.10763416371647996
27,25,159,0.10193461345928673
27,63,27,0.13524866923250137
27,170,189,0.11934819256480117
27,178,177,0.25916667005001703
27,159,81,0.17683248091629256
27,160,163,0.25178623514292553
27,132,127,0.1566196577377956
27,116,53,0.17451310231888592
27,126,111,0.20036278888852738
27,193,144,0.18463196073690952
27,55,167,0.27025425471326614
27,196,192,0.10472043043926316
27,121,73,0.16953671223176403
27,157,174,0.29925553624469653
27,153,76,0.1051287850388671
27,97,148,0.15585784563387894
27,148,18,0.17492210570874422
27,147,55,0.25215989887405
27,41,149,0.12475128903656198
27,68,103,0.10591384113200965
27,133,87,0.1068748098425894
27,144,34,0.14303405736492653
27,190,165,0.26110908257634086
27,59,85,0.24816828436473748
27,53,6,0.2662004598054783
27,180,169,0.14584736570556153
27,42,3,0.1113085852974245
27,189,64,0.2893802349924844
27,17,56,0.23987289053515923
27,75,115,0.1272438705646327
27,24,22,0.2853594356370607
27,185,52,0.16267652379035802
27,30,31,0.22955373584613015
27,163,89,0.29037733046793046
27,120,91,0.2658055333014544
27,171,23,0.18668044652668103
27,62,105,0.10684841073463444
27,60,143,0.20984969684010762
27,65,72,0.1477477568187648
27,118,79,0.21828255082550288
27,145,43,0.27957969453853554
27,130,9,0.2674138231605284
27,76,131,0.13711264657155917
27,8,47,0.21862001266367512
27,100,181,0.269309400554002
27,27,172,0.22696234977291194
28,66,195,0.3535007949759752
28,94,185,0.3893808325758805
28,190,90,0.3629616293588299
28,178,177,0.3360277887244628
28,36,193,0.3677194238367929
28,201,17,0.314482837197143
28,106,132,0.30901746370127026
28,121,115,0.30019281629618116
28,100,96,0.3057709428322065
28,46,101,0.34479614209454923
28,101,95,0.3265049202759548
28,175,91,0.3592830802570127
28,179,184,0.39352513173975756
28,173,198,0.31695436159008983
28,10,168,0.3371332911318161
28,87,26,0.3573969697171785
28,78,169,0.33773106841849876
28,122,104,0.3019981207639375
28,6,3,0.3056476518327676
28,84,100,0.39204456229176377
28,164,118,0.38860291103956635
28,123,29,0.3452629949188316
28,14,55,0.3424847035652173
28,51,102,0.3752022853151741
28,126,143,0.39425311136975805
28,115,146,0.3939377470518698
28,31,62,0.32917146948601417
28,83,39,0.3013583866149132
28,80,138,0.3733017532583557
28,187,57,0.30638132942159524
28,65,33,0.379529699106685
28,20,182,0.9
28,161,47,0.3057835753688099
28,180,131,0.3598888190640098
28,205,165,0.3604644973508374
28,166,44,0.9
28,117,58,0.3570458747016392
28,72,155,0.3419427297208302
28,156,196,0.36328043583990854
28,120,166,0.30575230254078556
28,88,137,0.3521323231330874
28,45,112,0.3750464432496393
28,145,93,0.3954529019577102
28,154,183,0.3694952970856028
28,25,144,0.3722130155878618
28,198,40,0.3576330046523589
28,199,116,0.19907244484343917
28,104,45,0.26172158691865116
28,5,154,0.14429306961541138
28,81,25,0.11576994582855793
28,38,77,0.23262982665293655
28,170,197,0.2842161133698088
28,8,126,0.2875428676661258
28,43,133,0.2111359309193076
28,197,51,0.298869513318171
28,148,18,0.21303890578392545
28,55,6,0.22495562849666906
28,118,54,0.2056538371371665
28,204,88,0.13375202720817395
28,15,122,0.12979781628413728
28,151,98,0.2812603998127625
28,174,67,0.16717563967509852
28,196,111,0.22192107815035908
28,185,61,0.2221826433695458
28,89,23,0.2840827639923557
28,124,148,0.10217694415012259
28,27,76,0.1462031267766833
28,44,65,0.191299092795082
28,132,20,0.2511609664863005
28,160,163,0.19319076386770387
28,144,153,0.10239907102620205
28,16,27,0.22592411018724023
28,98,151,0.24512757314940556
28,30,172,0.14158761692075034
28,48,42,0.17271404416123226
28,182,66,0.13941279305298906
28,163,161,0.2569997198850838
28,189,147,0.24629456055066068
28,71,11,0.13976741495802086
28,158,103,0.21173963993343148
28,41,187,0.17233945613067
28,125,121,0.23478493935987046
28,1,156,0.25905169018428187
28,146,128,0.2971337692923133
28,195,84,0.16494274141761822
28,155,114,0.19721750637904972
28,136,52,0.13713682385919185
28,79,173,0.13637398637009335
28,137,49,0.14475919805698725
28,171,89,0.19483002046896103
28,162,180,0.2774415667428191
28,207,123,0.19396019120199048
28,67,162,0.2582165031660425
28,206,24,0.12664548904996817
28,107,135,0.20612409547356414
28,17,0,0.23139411915011165
28,11,10,0.25282289963034366
28,64,94,0.1936098368594293
28,131,79,0.2863049854074632
28,56,22,0.19840200445925177
28,203,124,0.1608357944812936
28,202,136,0.12554276739462122
28,60,152,0.14906923619474585
28,133,48,0.18616197291823472
28,141,159,0.21518566179096585
28,40,30,0.1585227058535201
28,74,145,0.19160597820812253
28,42,5,0.19435452645175355
28,76,32,0.23019408612209885
28,52,4,0.23068190660738924
28,53,190,0.2537356078177724
28,37,74,0.1437195212134427
28,102,158,0.1836705589482377
28,59,71,0.19179955257078357
28,75,16,0.2737631127780744
28,150,92,0.14409431910355538
28,58,78,0.20122295899957682
28,28,43,0.2557659569752099
28,69,150,0.2765243959562386
28,109,82,0.17915044527731025
28,192,141,0.1416126482102887
28,200,69,0.2797886579201768
28,188,15,0.1716829082425712
28,130,1,0.11856237110166744
28,18,21,0.19166413376951907
28,167,181,0.13064592594818014
28,159,157,0.20656434409598706
28,32,56,0.18246790853042671
28,110,171,0.21050334081026936
28,183,60,0.24021015526174636
28,97,75,0.2797837868563266
28,147,160,0.15490387332577535
28,54,28,0.2954711229751179
28,39,7,0.13423537922754858
28,90,83,0.254643407081928
28,62,170,0.25845375808267723
28,61,14,0.15531409589203865
28,157,117,0.18062239384915085
28,24,34,0.1762030202761355
28,168,105,0.15952885309199322
28,12,37,0.10811579349366825
28,153,191,0.1698920440924448
28,186,142,0.10439905822101209
28,9,140,0.16518101203810454
28,63,13,0.14687820985368416
28,68,38,0.24337130204254998
28,191,125,0.10909054497547382
28,116,64,0.29869761435040376
28,129,108,0.2832927499902549
28,4,175,0.14161289511452674
28,105,81,0.2974841489803713
28,19,139,0.2184393570364447
28,208,9,0.2871561356907115
28,209,80,0.20822409332678554
28,210,97,0.15344418289945733
29,132,20,0.3043888207660411
29,136,65,0.3910703653696338
29,160,163,0.3970113707205415
29,88,134,0.9
29,79,191,0.3384236912173946
29,10,168,0.388973449052065
29,38,77,0.3413964158033105
29,182,131,0.3419701524306037
29,210,97,0.30507205777815527
29,121,115,0.34507130470739367
29,202,136,0.3042426389942214
29,174,199,0.35355316952543947
29,106,132,0.3369394327331807
29,199,116,0.36631149154930354
29,126,143,0.35396152663174585
29,37,74,0.38220996694611675
29,64,94,0.3871337850078269
29,74,166,0.34967611177571434
29,178,106,0.3920586081822077
29,205,165,0.3300453456962572
29,61,85,0.33333631170565525
29,161,130,0.330896740654424
29,115,146,0.3763733410353608
29,206,24,0.31064767788909287
29,71,11,0.3929028040209739
29,28,47,0.3901003051900648
29,89,167,0.3813824762115129
29,196,192,0.30076734633888025
29,144,89,0.3746630728555964
29,123,127,0.39800339640540205
29,44,52,0.3048518137285203
29,69,169,0.3944398473353363
29,17,0,0.3893098456770958
29,155,150,0.333125918924844
29,18,173,0.3886425843573954
29,118,75,0.3955978876004763
29,43,133,0.31514245002800484
29,133,27,0.3355538841152357
29,197,51,0.39663594499079247
29,53,70,0.37229085486542146
29,208,172,0.3408583259902147
29,150,19,0.3421053694333383
29,1,156,0.3772443594439244
29,146,128,0.34134953880459296
29,117,170,0.3059211397475333
29,87,14,0.30560708261050734
29,56,22,0.36164630216444327
29,32,56,0.3141807474373065
29,175,32,0.34436032959728713
29,83,21,0.3144493836842299
29,75,117,0.35322622455084907
29,5,83,0.3525627767894721
29,52,120,0.3393761918526892
29,168,38,0.3300871531328601
29,110,76,0.3984735476159078
29,186,49,0.30792610913041607
29,66,147,0.3602084685769664
29,157,44,0.9
29,192,125,0.37759483324395815
29,4,148,0.3126834522765502
29,12,109,0.30628830091179615
29,11,33,0.3195913659117808
29,6,179,0.309847188706202
29,14,86,0.3741356598099762
29,173,182,0.9
29,24,126,0.35250289156321435
29,156,100,0.35701229709769644
29,46,101,0.25621369782356984
29,148,18,0.1953461208213908
29,201,17,0.11935080833416045
29,204,88,0.25979852701260797
29,122,119,0.14151102124372036
29,59,71,0.11301861380212282
29,42,67,0.18002809822987093
29,209,80,0.2496207978112744
29,188,15,0.1758574461040961
29,107,145,0.15826508689697216
29,164,118,0.1967628585027686
29,109,124,0.2081691507697636
29,54,122,0.2861102872101524
29,36,197,0.20776473599020917
29,60,180,0.2606588370215472
29,81,25,0.10737690980473236
29,159,23,0.18413407626489492
29,171,114,0.13863698270715963
29,124,140,0.2936484573135395
29,191,175,0.12531928299962386
29,78,5,0.1352006548617423
29,163,3,0.2633112311370832
29,200,69,0.2844235170360512
29,185,6,0.26529967735461923
29,51,102,0.15573896747874957
29,101,198,0.11397875680573406
29,151,160,0.1987104981556443
29,207,183,0.2911405228535713
29,125,31,0.14264674491840057
29,183,177,0.26349749102952713
29,48,82,0.1434555248460705
29,187,181,0.2674860115559746
29,180,121,0.2962021637706309
29,158,55,0.141908473696636
29,67,162,0.27872986635711283
29,98,188,0.1344344491780304
29,190,111,0.2670095680772395
29,167,57,0.19135941177116766
29,41,104,0.15062504133440963
29,9,58,0.28577050803429777
29,19,48,0.1656160384999798
29,80,37,0.1989225912627044
29,25,176,0.147992523552821
29,131,46,0.16379355077544178
29,179,54,0.2406711330286189
29,40,30,0.26476082030324943
29,68,68,0.1526145143069878
29,198,149,0.1721696075059861
29,203,108,0.19745568943811742
29,72,87,0.15103893864227358
29,104,105,0.18669668797958539
29,154,186,0.23577021860146882
29,31,137,0.29965078726562333
29,141,144,0.293132201494073
29,153,141,0.14535711362104797
29,94,92,0.18306613435729774
29,116,40,0.23010512173532024
29,55,1,0.11155668806681103
29,30,73,0.2503573369638493
29,129,35,0.11400951479557653
29,102,41,0.14568947904228188
29,16,96,0.2941351586385043
29,189,195,0.2418152638558067
29,105,10,0.23601552437175866
29,170,194,0.16774140289435985
29,120,159,0.1955802418743866
29,63,13,0.16604378966003658
29,58,84,0.2782978750485461
29,137,152,0.2341014390485339
29,84,196,0.12131988809565554
29,45,72,0.1716230449605648
29,166,60,0.2581748159633468
29,39,50,0.12475329206031444
29,195,185,0.27598250461966817
29,15,64,0.20026972657984804
29,143,29,0.27041995702115423
29,76,53,0.27413188173976666
29,193,129,0.13347310837163184
29,90,61,0.2398182786920346
29,103,93,0.27033705987756196
29,162,81,0.10572734429880705
29,97,153,0.2684296386304025
29,62,90,0.14077661127399077
29,8,164,0.19260871209441996
29,184,110,0.2774230721710541
29,100,66,0.20911507479262387
29,65,174,0.25617408182062446
29,211,36,0.18542424469660662
30,104,105,0.3569144511422937
30,32,56,0.3668030261035192
30,178,106,0.9
30,206,24,0.3669070875561794
30,16,96,0.3013533656151775
30,17,0,0.3149215766610117
30,196,192,0.3932939367854993
30,37,74,0.3413126473547241
30,1,156,0.3848318176987263
30,61,179,0.3758899036797061
30,48,108,0.3838253579134413
30,126,143,0.3205390250465673
30,81,25,0.33085862814669087
30,121,142,0.38755259226059
30,78,177,0.37079495027627385
30,11,134,0.9
30,69,113,0.35592971498818804
30,122,31,0.36881732158486413
30,208,149,0.36516663571022845
30,133,12,0.386092594738095
30,124,122,0.35852814628789875
30,190,137,0.36644360189654246
30,158,55,0.3118765163253721
30,180,90,0.3547168957993879
30,8,123,0.38584855784514127
30,154,27,0.3359411182245792
30,43,133,0.34288550659148853
30,30,146,0.33431338380174336
30,157,44,0.9
30,100,91,0.3400436713968302
30,41,71,0.3381343153678717
30,203,66,0.33235562464971835
30,53,70,0.3431243143886802
30,155,189,0.3897926158541879
30,45,174,0.3724062296816686
30,187,175,0.35813866575956843
30,156,148,0.31443343887980235
30,80,138,0.3325040235899763
30,153,180,0.3202519595063614
30,136,48,0.3572396101845109
30,9,93,0.3293896755824665
30,55,23,0.31057202748266416
30,161,181,0.31674123615154204
30,101,182,0.9
30,115,49,0.3486369660514623
30,205,128,0.33727623752071034
30,159,154,0.36454064802448205
30,60,28,0.34818719668950393
30,192,159,0.3790264383609706
30,51,129,0.362511085326524
30,210,97,0.26737619563495346
30,211,36,0.20951920863474396
30,201,157,0.14494921843754588
30,67,162,0.2745521784996674
30,200,172,0.17740599875808916
30,74,166,0.16747454126139383
30,87,150,0.2695720121492001
30,164,118,0.1104685349418289
30,64,94,0.21293157673412724
30,174,199,0.28121659331090954
30,202,136,0.1663218250271326
30,106,132,0.17164992074130195
30,109,124,0.2900017353609664
30,132,127,0.29487258323983834
30,79,191,0.1251815419355948
30,71,11,0.29413776156929605
30,10,92,0.11828548782181866
30,83,63,0.28699404249888594
30,42,197,0.2238959180050123
30,40,30,0.22531830529465646
30,66,173,0.18014880379631754
30,209,80,0.24376644022125485
30,125,14,0.15868478839834302
30,72,87,0.29804813175388534
30,44,52,0.15481308850652656
30,98,188,0.1934254847244567
30,188,15,0.1701175197560798
30,123,20,0.17169076614080853
30,204,73,0.18003060685325767
30,117,170,0.14148959436277264
30,191,3,0.1411353091300954
30,18,45,0.20615707894397903
30,199,99,0.20109066230353873
30,170,194,0.28625040723178263
30,89,19,0.21033789191247979
30,63,151,0.20356799688988256
30,14,76,0.2947942229733562
30,46,155,0.12723921404612895
30,207,183,0.27419039002194856
30,5,83,0.20575216548692182
30,198,187,0.1139499016455325
30,28,47,0.13710447124631694
30,195,185,0.24954598745405418
30,131,152,0.15112094652260197
30,103,110,0.21592749069682543
30,107,58,0.24465664639133272
30,166,85,0.11703904255927255
30,151,160,0.14018873543443436
30,197,16,0.2727236897414735
30,94,100,0.2637330855105404
30,90,57,0.21543054306864085
30,144,186,0.23345686581585826
30,183,111,0.13661604296391558
30,97,50,0.2575606907585251
30,58,167,0.21548584738243567
30,52,2,0.16284279791636372
30,179,184,0.14291809428907637
30,59,104,0.20054351846304208
30,150,190,0.16164666688033621
30,56,61,0.159687370682769
30,184,10,0.2077510078407276
30,160,135,0.2067504078652546
30,116,17,0.20558321099773866
30,146,165,0.24764300567597206
30,120,176,0.16758296827866148
30,162,131,0.11743653785421543
30,39,95,0.152861204665647
30,182,193,0.23818643033286507
30,175,103,0.1213564545840148
30,171,79,0.2261617570352502
30,137,39,0.1354338191539858
30,189,98,0.23636587876714565
30,38,158,0.19318084068268
30,24,126,0.28481718816012147
30,186,75,0.2510699376319053
30,6,29,0.24369043520935485
30,168,125,0.20040762997072753
30,15,32,0.29089393604952085
30,36,198,0.22223524562965696
30,76,147,0.23246042273202178
30,185,1,0.26273668373106107
30,54,102,0.24102932723354098
30,193,145,0.11630635141338311
30,88,8,0.11994231313936699
30,19,7,0.2995672132656754
30,167,72,0.2821717077284608
30,163,59,0.12529229728535485
30,68,140,0.19434101908989415
30,148,34,0.1404046072598643
30,84,4,0.2663088886872746
30,65,153,0.21735366922908222
30,62,115,0.21192988301028692
30,130,109,0.1678610243969733
30,141,141,0.2950302488008911
30,102,37,0.14950480318188744
30,4,164,0.11763186475353163
30,118,68,0.2829294748486495
30,143,64,0.11051344882970321
30,75,9,0.19100852094823317
31,1,156,0.9
31,132,127,0.37294803142742217
31,32,56,0.35589768167108926
31,161,181,0.33498908744645717
31,24,126,0.3902078464653064
31,196,192,0.3462071766271524
31,193,172,0.32622584061352844
31,211,36,0.3430763959415656
31,103,33,0.38975236267377333
31,44,52,0.39756010850186674
31,204,73,0.3169542279967922
31,156,146,0.315032058503101
31,81,77,0.3251780845833165
31,75,122,0.3919156867697099
31,178,106,0.9
31,51,38,0.3287442523127022
31,16,27,0.3419190754671789
31,30,140,0.33747307264143844
31,126,91,0.3512434004991851
31,79,173,0.39326431172201226
31,131,54,0.3300782624902129
31,179,82,0.39212001297928745
31,167,42,0.33393841273294217
31,48,108,0.351319822296566
31,58,1,0.3394615466613362
31,203,57,0.30647192348387164
31,94,75,0.3585980657898138
31,52,168,0.3801201391058535
31,162,117,0.9
31,66,46,0.379576240293904
31,78,137,0.37539168677876034
31,71,11,0.3952326554143917
31,166,79,0.3291864430586906
31,170,95,0.31539447634611684
31,69,198,0.3927297924761558
31,171,21,0.3724702819549922
31,55,23,0.33944226627996155
31,122,62,0.3114875955365904
31,141,119,0.30151554290981125
31,187,128,0.3661232356630022
31,43,159,0.3655331992078118
31,200,69,0.3195616218969479
31,151,98,0.3068521651116592
31,28,121,0.3961679137330818
31,46,189,0.3903484809921325
31,62,12,0.37072521071684483
31,210,40,0.3787682767187124
31,155,193,0.31346105967733545
31,10,84,0.3111752040652398
31,197,66,0.39157517226272076
31,143,49,0.3066019474866642
31,115,196,0.3881642616358155
31,80,158,0.3675605269485943
31,121,148,0.30081806261543653
31,36,41,0.30855038252415773
31,107,129,0.35617337430516427
31,180,59,0.3356566935141545
31,37,74,0.19668005650144404
31,67,162,0.2963121824141078
31,206,24,0.14963018303036751
31,183,32,0.2780565278199827
31,195,185,0.23200112218686245
31,64,94,0.2203401208267582
31,164,118,0.15178068404475184
31,160,145,0.22348516212967337
31,188,15,0.2024844584062997
31,53,70,0.11187154081267398
31,146,165,0.2512736175495299
31,72,87,0.1890674901311486
31,123,20,0.2561600142790181
31,137,76,0.2089140837470062
31,100,63,0.2994785870971412
31,209,80,0.16098002468285805
31,117,170,0.23144574008140567
31,17,0,0.20393461123715234
31,5,83,0.1295611734756944
31,136,96,0.14986757948844592
31,59,116,0.25584948254400813
31,202,136,0.21043409383467784
31,18,141,0.14052085326981079
31,87,131,0.1255307835061234
31,201,157,0.2459930882426091
31,106,19,0.28827550319350514
31,199,61,0.24309712353033278
31,175,103,0.24505028454599678
31,185,164,0.21188816468693386
31,4,13,0.2551762795822138
31,198,107,0.20254582344518582
31,208,187,0.24516633573397392
31,158,53,0.28915417180106817
31,41,174,0.2527492783590312
31,76,105,0.15292019499796292
31,104,178,0.24743785227661466
31,207,183,0.2717528055069146
31,40,97,0.18117464870848704
31,84,123,0.25618189074889586
31,63,151,0.10736925056540492
31,148,5,0.28479610802069116
31,56,34,0.1063586053519385
31,189,144,0.2071782742337655
31,8,169,0.2707354859778461
31,109,135,0.2997976379517462
31,182,50,0.21110163742369603
31,90,171,0.2425974874940257
31,153,100,0.2288800472512402
31,133,120,0.2822553717656411
31,38,37,0.2686491474045932
31,9,195,0.25878123635242245
31,174,113,0.20767511132354557
31,68,112,0.26866019704856325
31,97,182,0.11559494479771278
31,168,152,0.258937236504854
31,89,18,0.2811330603305575
31,144,48,0.17709732815216223
31,61,179,0.12593720060153304
31,191,60,0.29054240444192403
31,125,26,0.25001740629333236
31,42,197,0.16232626186961535
31,11,8,0.26404331401918735
31,74,191,0.13764699782016623
31,98,142,0.12688209458048522
31,192,35,0.16939276781253165
31,163,93,0.27634321331107903
31,19,109,0.23230373345722666
31,159,190,0.205311107862475
31,60,92,0.19570950227039635
31,205,90,0.14356882361973328
31,186,68,0.15773451599878827
31,190,177,0.22375399581332495
31,102,78,0.1950667250744153
31,25,102,0.1768416185592965
31,118,180,0.17348160950930303
31,15,110,0.19107677420858638
31,176,25,0.17832243794579367
31,157,114,0.10858526148972093
31,116,115,0.14434023806291854
31,83,111,0.23314007385717414
31,39,161,0.1003275332040869
31,14,85,0.17999272251267578
31,154,149,0.11100299195834204
31,45,10,0.10302691814306066
31,124,163,0.13894348313424815
31,31,16,0.22268505180125758
31,184,3,0.18567808369639582
31,110,31,0.11543826370127994
31,65,9,0.20705857698158672
31,212,43,0.2632308243369501
31,213,47,0.16677671938468913
31,214,51,0.1293789802967594
31,215,104,0.18053873774727733
32,64,94,0.3650775489242103
32,204,73,0.33704827924246744
32,188,15,0.3617346051928144
32,133,196,0.3597653718442413
32,179,81,0.3755977730173483
32,178,177,0.3612431874797064
32,87,131,0.3716230628435665
32,126,46,0.3475679854270999
32,48,108,0.36732051037044067
32,71,11,0.31155019235515
32,155,189,0.30968404845829045
32,43,0,0.30336894626201827
32,24,126,0.3586424668617446
32,196,91,0.37000942395363745
32,200,69,0.321057462518444
32,59,186,0.32329360516152134
32,168,163,0.32912163184874066
32,123,63,0.33539854151574516
32,189,35,0.3709750600893077
32,207,183,0.3579062574327383
32,118,42,0.31441408424255424
32,46,67,0.33283553722937953
32,55,1,0.3046117136422007
32,37,101,0.3658212670659462
32,215,114,0.30741018211511795
32,210,9,0.3507396987031254
32,185,4,0.3784205519009224
32,141,113,0.33586389571768954
32,31,99,0.32504886584136583
32,151,144,0.3593709793612393
32,42,198,0.365274951738199
32,79,147,0.356823969573938
32,16,96,0.314314974152312
32,8,117,0.9
32,40,149,0.38537401612601585
32,38,37,0.3583152706495746
32,78,76,0.34664399547837726
32,98,30,0.3699467714652158
32,61,171,0.3771210053456222
32,156,152,0.3837784340508421
32,94,112,0.3969616476588773
32,157,124,0.36597436128800176
32,45,106,0.9
32,199,167,0.36365295690826593
32,187,129,0.3238799348127869
32,74,134,0.9
32,32,38,0.37004601825184724
32,68,28,0.369963609415063
32,195,92,0.3192371041258326
32,170,194,0.36171759723656827
32,115,78,0.3370098284267274
32,83,85,0.33506395790357535
32,69,182,0.34595903509377135
32,161,3,0.3535960703437616
32,122,137,0.327754274964029
32,148,33,0.3774404912281827
32,209,80,0.16580768732559786
32,146,165,0.16995381114549485
32,206,24,0.20855726390782642
32,63,27,0.2879446724156126
32,52,168,0.2836746525704522
32,166,45,0.12970447957579362
32,202,136,0.14374503633618665
32,164,118,0.2288733927203049
32,66,43,0.2956348143032674
32,182,77,0.2757086656548895
32,201,157,0.16406399410836664
32,193,169,0.19868853976401757
32,53,70,0.1520113662310846
32,1,156,0.15795145972182684
32,190,60,0.1197469232720295
32,39,145,0.28296372774938716
32,167,122,0.24175541425637784
32,117,170,0.2864427774119642
32,58,23,0.10797470133209955
32,132,20,0.21369715254684826
32,15,143,0.19259380684374183
32,5,83,0.1528303035623358
32,106,19,0.2985118772667126
32,109,141,0.18312140494832163
32,44,193,0.2134588198387502
32,212,36,0.20244952846591613
32,131,146,0.28653914510572975
32,104,178,0.2729344866806276
32,175,103,0.20895867374176685
32,154,79,0.18929225060709653
32,211,139,0.22570521935485907
32,17,93,0.1484117839534695
32,56,164,0.12470525001658439
32,159,190,0.24129093481805536
32,76,105,0.2302670993953987
32,121,75,0.2806115334955105
32,197,172,0.1878887133649457
32,213,31,0.25350250626028414
32,191,44,0.2536047404933647
32,110,138,0.15671364825171513
32,65,192,0.12086523094865824
32,125,5,0.24307360074532394
32,184,181,0.2521465557594713
32,183,195,0.2539068385018276
32,160,166,0.2733926458843893
32,67,115,0.1872025468928803
32,214,72,0.1185221017796724
32,51,64,0.14986625258104708
32,144,74,0.27667540436933324
32,18,54,0.23673290145765355
32,10,18,0.1782139001770539
32,203,71,0.22516279553475207
32,208,65,0.2068683562942698
32,62,7,0.2846924455440402
32,158,55,0.18991627936888683
32,14,48,0.281020186096031
32,60,154,0.22323597238438864
32,28,62,0.21168296007977966
32,107,176,0.28487764394096715
32,4,109,0.14301008530761627
32,198,107,0.19406458305188407
32,153,132,0.29527050085010487
32,180,39,0.2548133947591119
32,171,29,0.10263814770888532
32,205,175,0.1858132327646173
32,30,140,0.10951549479635202
32,136,6,0.12718068255122503
32,116,82,0.2941063868113185
32,124,174,0.2086193619201523
32,41,10,0.2177188141096268
32,72,188,0.24928543528054015
32,84,187,0.20184729690859732
32,25,102,0.16925600357690243
32,186,68,0.19892247524571158
32,9,8,0.26239394079313094
32,120,98,0.1466949720813349
32,89,84,0.1973343995720769
32,143,100,0.12282824318075934
32,174,89,0.20800678378982268
32,163,133,0.2956725297082271
32,100,173,0.22389973357430554
32,90,191,0.24916527695868604
32,81,57,0.14101866112650124
32,88,32,0.18784310393154685
32,103,179,0.2619595076262473
32,162,150,0.18172640132058543
32,150,2,0.25628981339728885
32,102,49,0.13771639386578602
32,80,123,0.1992217127411906
32,6,110,0.18481230119158615
32,75,148,0.22543865589858797
32,176,120,0.14894909171038617
32,137,59,0.14794301986266192
32,216,40,0.2920613866464251
32,217,97,0.19809507686269606
33,53,70,0.3316744807983574
33,117,170,0.31919387541603705
33,160,166,0.3813839386762735
33,155,189,0.38554383449696883
33,188,15,0.38300343105112744
33,48,108,0.36781969985760765
33,84,57,0.33224420579522845
33,64,94,0.35011390885719174
33,59,12,0.3698595854880584
33,212,40,0.3062739942233529
33,132,20,0.3921042898573591
33,118,184,0.3945534314578507
33,210,149,0.31615506114738634
33,125,5,0.38495791112526934
33,198,107,0.3134371642552272
33,58,23,0.36060000473438136
33,17,93,0.35131802143527513
33,24,126,0.377604485946878
33,131,112,0.373810002714261
33,168,119,0.3766018760327321
33,215,16,0.3067144275079474
33,126,90,0.3020185303829832
33,89,4,0.3163241046587429
33,123,63,0.39232721910067236
33,28,62,0.3550562443093652
33,146,145,0.3780795207080798
33,201,157,0.38214989843925695
33,65,127,0.3913660567975503
33,56,92,0.36699526499976853
33,68,100,0.35973385193012253
33,83,67,0.39978276509160937
33,63,99,0.37212823431079667
33,67,30,0.325973816972583
33,170,194,0.3708540754526717
33,179,51,0.30184106619425755
33,46,117,0.35709534002114773
33,61,134,0.9
33,213,31,0.3960615331595585
33,16,48,0.37312763052323805
33,207,187,0.35905185368065884
33,185,185,0.34906301086250496
33,158,110,0.32705808150019655
33,159,154,0.3874045483221956
33,52,148,0.3240778402750806
33,209,181,0.3776351427172069
33,190,197,0.9
33,171,8,0.3634142298053473
33,76,45,0.3366574476065768
33,144,158,0.31762121205439686
33,206,61,0.3738376202414909
33,203,26,0.3009621870348395
33,183,98,0.3145887146351889
33,75,89,0.38178737961451215
33,78,76,0.30424956674109244
33,66,161,0.2880968294986186
33,184,36,0.18221108085423438
33,1,156,0.1841964135655479
33,200,69,0.1697207959064359
33,150,146,0.19809424679314303
33,178,177,0.20391072021519152
33,116,124,0.2716988700743542
33,87,131,0.16948644244134992
33,217,97,0.19402471261375182
33,202,136,0.22435237454786103
33,104,178,0.28075815952640676
33,214,88,0.28677841200201376
33,186,68,0.1684250995726586
33,196,91,0.21054972597872562
33,106,19,0.11569046323780925
33,25,102,0.11350954791869945
33,204,73,0.15082332694544398
33,40,104,0.14993953074956723
33,88,125,0.25707091345595423
33,37,101,0.24029348622330274
33,154,21,0.13948865889775466
33,199,18,0.11380000233358462
33,71,11,0.2606773651209334
33,208,113,0.29229231988290033
33,72,142,0.18092543868671496
33,175,55,0.19900798681277138
33,98,42,0.13615769996934252
33,109,165,0.27916340279956675
33,197,72,0.2793680759543593
33,5,83,0.1257397033030067
33,6,79,0.1836657189678122
33,45,3,0.24647818733750634
33,39,35,0.18446449403036425
33,100,141,0.23860746392737847
33,18,180,0.2594763432307292
33,180,29,0.2803469684338031
33,156,59,0.1442298767602339
33,55,1,0.11753261461320891
33,90,159,0.11030378779601388
33,136,132,0.26002124396640797
33,157,122,0.19700447956457418
33,143,196,0.24476598020486118
33,44,169,0.12791064406547156
33,103,192,0.16954585107072082
33,32,128,0.23986259695224096
33,38,155,0.29215873938342896
33,141,182,0.2300129844888234
33,41,33,0.12052155165275127
33,79,195,0.19646893650018699
33,43,160,0.2882622467474276
33,31,22,0.26776232746188633
33,15,179,0.27361308961430336
33,211,139,0.18022511508808134
33,174,2,0.12507079292379877
33,193,41,0.16538163604707423
33,216,9,0.21156278919535287
33,162,172,0.26334890160831403
33,205,111,0.12205442219225174
33,161,174,0.1663367178239875
33,81,32,0.23938235253401202
33,164,54,0.1708103230245414
33,51,152,0.2520586783803252
33,42,95,0.23800155992405148
33,30,49,0.2266300481054237
33,195,84,0.19933152012226124
33,166,105,0.12235053980679934
33,182,25,0.1121716943992989
33,121,75,0.10538074142880313
33,191,44,0.2930403973827517
33,151,144,0.16688538852010854
33,163,133,0.1024483091310991
33,153,6,0.1379574750099266
33,115,78,0.22580228027642305
33,80,47,0.2993825663659484
33,8,60,0.2459495094382547
33,36,77,0.176906600183179
33,133,28,0.11631731910154171
33,10,167,0.18296204943431738
33,122,137,0.20446993421400486
33,137,114,0.21964266021322573
33,102,173,0.1741872234954426
33,148,171,0.19240504935704025
33,94,80,0.1675881435130719
33,60,24,0.16193068381462344
33,62,37,0.1502206483230435
33,14,96,0.14425197200472922
33,120,191,0.24492799901399
33,124,71,0.29086608889984755
33,74,130,0.22792750096718867
33,101,50,0.23791882737401357
33,173,87,0.1780225299110901
33,19,153,0.2863656553950087
33,167,120,0.15031147051092084
33,11,85,0.19154934938237217
33,110,116,0.25345079104729795
33,69,151,0.2250809339021082
33,9,143,0.1404337538694374
33,97,52,0.2268805851658617
33,12,164,0.2800325387018344
33,218,14,0.21162544732830324
33,219,27,0.19768461678848864
33,220,123,0.22179093742913356
33,221,150,0.14827824122364566
33,222,183,0.27643933785370256
34,1,156,0.9
34,132,20,0.3285250306017228
34,222,183,0.36851725020425663
34,197,88,0.3605647923345644
34,200,69,0.339210472801991
34,9,36,0.31861110650144653
34,206,188,0.3146775614000387
34,210,51,0.32862666527988527
34,28,130,0.35854250843461755
34,123,63,0.34604226816320083
34,120,106,0.9
34,151,144,0.35399544235978686
34,115,78,0.3138954207775544
34,175,110,0.3146325414487524
34,79,195,0.3839714694931198
34,41,134,0.9
34,211,139,0.30791720874913353
34,185,2,0.3440299935802309
34,83,197,0.9
34,87,131,0.32684015366462593
34,204,73,0.33565174395344455
34,201,157,0.35666456589979656
34,60,48,0.3163872981193504
34,186,68,0.3276453587263052
34,146,118,0.3514337034925151
34,216,172,0.30364080587348236
34,218,57,0.32672418375303514
34,14,151,0.3635160366934841
34,104,147,0.3346936176910985
34,195,19,0.3865433535263263
34,32,152,0.3835170814752522
34,163,129,0.37604117396677283
34,196,111,0.3673922489442155
34,144,25,0.3695642472660763
34,76,175,0.31871641561586395
34,6,43,0.3298338151911614
34,58,12,0.30122871593620193
34,153,22,0.3981390702112916
34,24,126,0.3416486723906086
34,18,49,0.35494339265022923
34,110,121,0.3008865278505201
34,15,33,0.3457194419033513
34,64,117,0.38202362494607056
34,137,50,0.30116867112122553
34,209,3,0.34647930558697515
34,16,155,0.31895368544393776
34,62,87,0.3366368630249734
34,52,140,0.37032886770286
34,203,199,0.34897326916719706
34,30,148,0.37141411905152333
34,205,179,0.3305326407219209
34,106,132,0.3471005391018306
34,173,4,0.33048738216852347
34,89,162,0.3787913534635925
34,78,8,0.38872360353638225
34,215,163,0.34682115778780426
34,166,21,0.36501889772160123
34,167,24,0.3675733032934345
34,25,176,0.3139606312006564
34,94,10,0.31713897240215283
34,36,7,0.32958336146558315
34,68,120,0.3063790082974647
34,103,55,0.38960368920481714
34,156,86,0.3688996597029275
34,31,109,0.31447941928151246
34,207,187,0.15396232263180193
34,44,169,0.19306824631974046
34,188,15,0.2764845211854342
34,155,189,0.27850785214194473
34,170,194,0.27574507301087514
34,213,31,0.16850841948717138
34,178,177,0.15642155095074972
34,220,123,0.11459441277752762
34,219,27,0.18717417886324167
34,221,14,0.24111690400667474
34,10,61,0.21046615313789088
34,48,72,0.2520772818461442
34,160,166,0.15391659223323634
34,37,101,0.1660214542361167
34,40,5,0.26278245699318437
34,191,44,0.25518606670335586
34,55,164,0.2812727595942197
34,202,136,0.24032127394821415
34,117,58,0.2570042974333976
34,66,65,0.27514030214259355
34,198,107,0.13860455040761893
34,74,186,0.19300817376315718
34,71,11,0.23892329064745524
34,148,171,0.13333552808599458
34,126,90,0.2603571154802128
34,59,1,0.1639280094342942
34,121,100,0.25440456364520714
34,214,184,0.29539117843892015
34,184,124,0.24349281149353835
34,12,180,0.2952918020486551
34,63,116,0.1259050840810394
34,97,145,0.14539160486914027
34,143,196,0.25187760534705095
34,80,192,0.28769480337128095
34,84,85,0.13527432869515274
34,118,82,0.18795016907514298
34,116,135,0.1361441245373281
34,53,190,0.10737350396936801
34,208,198,0.2833506548690856
34,159,154,0.22510857088038785
34,45,62,0.16404672738046217
34,125,26,0.2273519019028674
34,179,66,0.2560217655036694
34,5,83,0.11465471361122953
34,158,143,0.10938301804829002
34,72,146,0.1163454733678318
34,168,67,0.11879339326859417
34,88,122,0.13868250584050754
34,101,96,0.1684479028268121
34,75,113,0.20068538069978886
34,190,41,0.16943017975512142
34,17,159,0.1672726778221387
34,133,112,0.2419623794474156
34,171,76,0.18794099358426347
34,46,60,0.23091307756422305
34,109,64,0.1795495459272502
34,212,81,0.18131187248045116
34,150,133,0.1647673843468711
34,131,28,0.19193587387557337
34,8,174,0.1641624519516654
34,69,168,0.2924320295721833
34,56,84,0.16790216478440007
34,187,35,0.1554533250381965
34,217,40,0.1158243608735867
34,124,153,0.10916966259654776
34,107,98,0.26271068473109005
34,182,77,0.20557574279278254
34,180,127,0.10756494815482631
34,11,37,0.1541807712120006
34,199,18,0.19920729526087444
34,154,29,0.15872297099111132
34,38,34,0.12309800943283107
34,19,149,0.2877112831793145
34,51,79,0.2389699982054863
34,122,39,0.22927643028911168
34,100,170,0.2794753625179379
34,162,47,0.22805191296378652
34,43,178,0.2965883910698324
34,164,46,0.10510629906927796
34,61,191,0.2756161442684353
34,67,128,0.12468022447524761
34,161,71,0.1593120844251445
34,136,6,0.1933159307839355
34,90,0,0.1414252383078451
34,98,125,0.16798641131216668
34,65,32,0.2899571234168622
34,42,104,0.10559030130184366
34,174,23,0.14054416000845163
34,102,103,0.27496418670755385
34,189,105,0.1902409043883176
34,81,53,0.2992322240251316
34,157,38,0.13822905773566418
34,183,45,0.15221825118365112
34,223,13,0.1450567725404615
34,224,59,0.18939844525920407
34,225,91,0.1502101921853785
34,226,181,0.23471758663199735
35,216,172,0.3214616813278085
35,213,31,0.3309183585329991
35,64,117,0.3529767677922985
35,80,63,0.38397775105296594
35,160,166,0.3405032509026661
35,209,106,0.9
35,202,136,0.3951911355085086
35,188,15,0.35162450000640666
35,109,125,0.348322159962823
35,132,127,0.3764364730617302
35,178,177,0.3879773044198308
35,155,52,0.31760443264958305
35,55,164,0.32358944447953164
35,45,163,0.35367276857121166
35,219,151,0.32852832153555533
35,123,29,0.3691012788813218
35,40,60,0.335625387518859
35,63,161,0.39452968241189346
35,37,74,0.3953969587798297
35,163,129,0.3601845400340602
35,17,159,0.37565446185217866
35,30,168,0.3185214048120636
35,200,149,0.3959772666818303
35,218,104,0.3436635038579543
35,110,191,0.3901986992989377
35,14,22,0.3236975785100227
35,44,65,0.38874761812151737
35,61,56,0.3686853262779819
35,42,135,0.3815975204982155
35,5,83,0.39023029477606797
35,197,82,0.3910414676288869
35,6,119,0.3158637042835606
35,226,43,0.34606879296260296
35,143,75,0.3161414343357998
35,225,192,0.35119551867053267
35,98,160,0.34822690238012055
35,222,183,0.3789400213922186
35,101,23,0.36729540351794554
35,59,6,0.36145687833557916
35,56,84,0.36940850114206125
35,58,89,0.390057249852942
35,174,37,0.31264536618706673
35,183,85,0.3996220401561822
35,182,77,0.3188337152082688
35,208,182,0.39172915323030777
35,16,155,0.349134585590697
35,162,16,0.30414135563446665
35,146,180,0.30461906882218404
35,221,71,0.3380515512572587
35,205,174,0.3305458803104648
35,117,118,0.3021535412525739
35,153,158,0.31730150870584795
35,136,61,0.3782822673087568
35,12,133,0.3795634348051723
35,215,54,0.3018867130123531
35,65,38,0.35679632430862784
35,15,10,0.3350318006595374
35,224,59,0.2023220723224442
35,1,156,0.2178764966508579
35,220,123,0.1929553493350979
35,151,144,0.1523830644401365
35,185,2,0.15414867292347423
35,79,195,0.21496463905484725
35,126,90,0.27247472557271546
35,170,194,0.2272859629779756
35,115,78,0.1716769083046909
35,89,115,0.2584644682325615
35,48,72,0.12926043444269253
35,198,107,0.287113370404249
35,204,73,0.2427948620956921
35,28,130,0.29432193962202857
35,106,132,0.11053745915439712
35,211,139,0.10780131783984916
35,207,116,0.24514248036027567
35,210,51,0.20795944520003093
35,203,197,0.12515387308334994
35,87,131,0.29479594512798507
35,84,179,0.19173367497154853
35,43,110,0.2230802698431238
35,72,122,0.22285243736576382
35,131,28,0.21816293334351378
35,104,147,0.2964155504174813
35,175,143,0.21481850427036753
35,164,137,0.1415871787968659
35,60,169,0.21116470520144331
35,24,126,0.21728583017386474
35,38,92,0.21774134584701554
35,166,20,0.17599650577765175
35,18,100,0.17303901391016496
35,206,142,0.24624641321268312
35,116,141,0.26221207197151364
35,81,103,0.10541988068843944
35,214,124,0.16599146246894103
35,19,46,0.2052462111915832
35,199,18,0.20722575761521117
35,46,5,0.24178683718368874
35,66,101,0.1614001666114618
35,9,17,0.17090962126500134
35,223,13,0.23680007980343534
35,25,0,0.19154994108819862
35,186,68,0.21345119200522789
35,122,165,0.2764300263917743
35,179,114,0.13314986915909527
35,118,9,0.28465076828312885
35,212,108,0.18135958521339912
35,53,190,0.11180346620212343
35,68,12,0.21046259339838017
35,125,67,0.23110787897155494
35,8,33,0.2657984080967377
35,62,113,0.28034069548231466
35,201,162,0.1440620007746536
35,121,196,0.19055624249464392
35,133,140,0.1819970600778923
35,36,70,0.2798250192116681
35,184,30,0.10139466504947343
35,10,189,0.29613677737972555
35,180,8,0.26826263170018383
35,196,39,0.26286053393312436
35,52,58,0.2900090477509293
35,161,187,0.12554977774301312
35,90,178,0.16668363601950226
35,51,3,0.17169489074109234
35,191,94,0.2920004924350537
35,102,21,0.2406197059004851
35,83,198,0.26161811011466907
35,217,121,0.22038510646992454
35,158,91,0.28014676628570867
35,168,199,0.14703810131946943
35,124,19,0.22193575858439174
35,74,167,0.17174409539831686
35,32,69,0.22099657090979263
35,69,49,0.191083059934461
35,167,109,0.2488093091931083
35,100,170,0.2349806278297785
35,76,181,0.2937745318707299
35,173,112,0.22565929157405545
35,103,53,0.10410197900030002
35,97,176,0.2535292067919417
35,159,34,0.1354390782052984
35,144,41,0.19034329965490632
35,189,173,0.24494252410129005
35,71,138,0.18014480909656694
35,148,175,0.23121576693746343
35,195,185,0.24100492562935055
35,190,25,0.2350665710625981
35,157,55,0.23978280656256648
35,75,50,0.23791605157215054
35,41,45,0.21159123867895896
35,88,184,0.12161437249663819
35,137,87,0.14237554519467874
35,120,186,0.14572336840552771
35,171,62,0.2597000866420958
35,154,152,0.19323033180231558
35,193,153,0.23392130632410285
35,176,88,0.21210626564695165
35,227,4,0.18899320377816436
35,228,27,0.26992230150968444
35,229,40,0.23820202922006645
35,230,97,0.14827254920363328
36,185,2,0.3403512944455398
36,123,29,0.394348293825031
36,230,97,0.37235051825144805
36,131,28,0.31016999683971513
36,53,83,0.3997309120095939
36,37,7,0.3020475805580633
36,195,115,0.3878494967448176
36,168,199,0.32488206851380935
36,146,75,0.3041096968254875
36,226,121,0.3507180165032744
36,182,25,0.33143095690663604
36,115,78,0.38383471361408783
36,90,55,0.38909927657643617
36,87,66,0.3573519896886994
36,132,86,0.33108479537178903
36,102,20,0.33428504224760613
36,186,180,0.32853515560699503
36,46,71,0.351412283907122
36,222,183,0.34906244550850063
36,225,91,0.33709101177477196
36,43,179,0.3660029403152327
36,214,81,0.35736508873525175
36,179,114,0.3910364602082391
36,44,169,0.3136716185233397
36,81,53,0.3088977601530237
36,207,187,0.34983102622003076
36,64,94,0.37497162490622105
36,118,69,0.38121502009062913
36,19,63,0.30218653988834676
36,62,197,0.38053538940108966
36,171,34,0.3881530472166055
36,176,79,0.3314789163876538
36,196,173,0.36997999555544747
36,180,76,0.9
36,170,95,0.9
36,213,43,0.30620273904111944
36,104,105,0.3024360862997147
36,199,18,0.36687439377741893
36,201,142,0.3074621170719657
36,178,106,0.9
36,229,163,0.3205713926962205
36,136,113,0.37558939579038675
36,106,19,0.3708748080553763
36,151,176,0.32160128616298167
36,188,70,0.38487044922479663
36,76,26,0.3605348703562198
36,17,93,0.37008466975522314
36,154,148,0.36589861477862085
36,189,191,0.3216579470850841
36,204,54,0.3627469713130488
36,67,160,0.34149447811510686
36,14,11,0.3671120183902792
36,16,87,0.31146487000006584
36,71,37,0.38426515696155317
36,69,112,0.3058516091154491
36,1,156,0.2985332051224928
36,227,4,0.26759143406983943
36,202,136,0.11112674303583861
36,197,82,0.2650463599040187
36,55,164,0.1448080936532152
36,10,117,0.16528294092786683
36,24,126,0.1421827623882906
36,52,133,0.2669163241538255
36,219,151,0.19729871238072832
36,58,52,0.1394148105198853
36,56,84,0.2738382547773094
36,45,124,0.239921988726974
36,126,90,0.18256448960571287
36,211,139,0.2770735932300976
36,83,77,0.22703131967541473
36,160,166,0.2646434702012465
36,121,196,0.1328221739079868
36,162,31,0.16358932057989678
36,18,100,0.18906557199748236
36,158,46,0.14382851131426266
36,228,27,0.23147381869274442
36,63,47,0.19058480573139946
36,74,15,0.21355814563159609
36,89,88,0.18991491751160086
36,32,189,0.2429365853100939
36,198,107,0.11166367788114259
36,109,38,0.19127294796089084
36,100,170,0.27270446294343204
36,137,48,0.1703097656816165
36,116,56,0.2561258084315535
36,103,103,0.1417003905659846
36,59,6,0.16774317140573713
36,216,9,0.11044139376719202
36,155,116,0.16508894370671545
36,218,150,0.2780714790589273
36,184,30,0.2935273533085103
36,175,111,0.16660966563804264
36,166,127,0.20141376555869328
36,30,92,0.14415022638986014
36,117,135,0.17856560057110893
36,144,198,0.24995291959249485
36,148,58,0.15756340301674238
36,200,149,0.28845992077614224
36,221,5,0.18211039675535906
36,217,16,0.27684540370875543
36,161,23,0.14249114710016905
36,84,137,0.1888651158646072
36,191,60,0.10404182614221463
36,68,61,0.1016725464065647
36,79,32,0.23898036978210552
36,224,110,0.25741076748574504
36,203,194,0.23324036151282504
36,220,89,0.14146710757504105
36,223,13,0.24669880968378297
36,215,122,0.19898262862962734
36,42,159,0.13275366587046256
36,206,162,0.10078626579119777
36,163,129,0.2574436803109535
36,6,57,0.13237986788461184
36,209,33,0.18916814734879706
36,159,131,0.16988685438765158
36,60,193,0.23586610699419336
36,28,3,0.19725002278407422
36,25,21,0.11183763530402403
36,101,12,0.2381659449021843
36,133,140,0.2805777709492042
36,5,190,0.1454483035053249
36,210,157,0.1741577942937288
36,122,118,0.17424373243949376
36,8,171,0.12355113418156265
36,78,8,0.16273919943110426
36,153,41,0.27566767140487847
36,9,24,0.2722971440211317
36,51,174,0.10702647328152774
36,48,40,0.19973132599012933
36,187,102,0.25563847814948787
36,66,109,0.20898534331956137
36,75,101,0.10469785764557063
36,61,35,0.20469229365457958
36,88,188,0.17465668539542184
36,15,10,0.13286595000056833
36,143,168,0.29993736272168936
36,107,98,0.16558632042041613
36,157,39,0.1681313011178316
36,212,80,0.13610356890994943
36,38,120,0.19238774134042191
36,110,0,0.23939670940074065
36,125,99,0.10362843331427068
36,41,125,0.25636829575667636
36,193,73,0.11885432749799069
36,205,177,0.12229447170281535
36,173,64,0.11557090315309797
36,190,22,0.1534705661148471
36,174,50,0.2340434113294456
36,72,145,0.20693086455178333
36,40,186,0.2340536344512707
36,65,141,0.23372794393011956
36,120,1,0.14643750257468335
36,80,45,0.22117373727844938
36,164,175,0.21924038349626657
36,231,152,0.2270439191646533
37,202,136,0.37337057561672393
37,63,163,0.3086374290408782
37,59,6,0.3531634770556694
37,185,2,0.3142015696324547
37,64,94,0.39442232473639893
37,28,106,0.9
37,228,27,0.3712907302616987
37,231,152,0.35345138899311757
37,201,142,0.33961862687076355
37,45,146,0.31149419886265084
37,211,69,0.3211344694691143
37,221,60,0.34251678323599244
37,123,29,0.34423671365936037
37,225,192,0.3111005561531669
37,132,127,0.3511491364850847
37,144,95,0.9
37,175,111,0.38887842653712246
37,220,188,0.3403016739306405
37,100,58,0.34679773507235345
37,223,13,0.388522773700833
37,52,144,0.3367821779720882
37,197,184,0.3856901642373549
37,205,179,0.37858374904170977
37,81,53,0.31290116410509405
37,216,72,0.3696530643402882
37,78,8,0.305050532667262
37,162,130,0.3249572489095608
37,104,32,0.38337071550514235
37,125,167,0.3019464520573214
37,161,70,0.3053698890617421
37,151,176,0.3571419461212598
37,166,63,0.3358164732297997
37,160,165,0.3259803731101486
37,207,116,0.3373777796177024
37,37,138,0.36360736826207984
37,80,73,0.395301856627274
37,200,9,0.30197852639265527
37,65,36,0.34725475222680957
37,180,76,0.9
37,214,40,0.3024732617902912
37,218,57,0.320790386905423
37,219,22,0.31535475287911807
37,184,42,0.316884505471427
37,222,123,0.3489201355756548
37,163,129,0.33048205111400686
37,18,49,0.3749064640397659
37,153,194,0.3403834039252178
37,206,115,0.30323328936142124
37,196,45,0.36870613783714323
37,116,56,0.32867780577635897
37,41,170,0.3826717898544726
37,109,125,0.3986574148901397
37,1,182,0.3041865590642087
37,204,128,0.39793761654414916
37,137,24,0.3583421577305126
37,9,109,0.32601687721142514
37,226,121,0.1588311672825075
37,44,169,0.24351787177992068
37,40,18,0.2500346960706915
37,6,26,0.16533578941791727
37,60,189,0.22228402032574668
37,133,140,0.13050113144085965
37,187,102,0.18134772216633482
37,179,114,0.11394203511044124
37,217,16,0.18340154519358448
37,8,137,0.23232803650677603
37,227,4,0.1425138682362681
37,126,90,0.1549618825032443
37,24,126,0.10133751903474615
37,170,197,0.292810642843378
37,56,84,0.21332844664173772
37,106,19,0.10292370426684441
37,58,67,0.21392834858803725
37,55,23,0.11574149307739862
37,101,12,0.27432309582722963
37,230,30,0.11860213539001284
37,102,86,0.2933081139465826
37,115,78,0.21043096844882406
37,87,66,0.20351626590205968
37,131,28,0.2152279204286065
37,103,103,0.2622435553184618
37,16,158,0.2592260235768361
37,229,80,0.1327151335894778
37,79,20,0.15323126308280705
37,209,33,0.2614516647734022
37,76,44,0.2163159624237484
37,193,0,0.2584377782597099
37,90,110,0.2604447723914164
37,118,31,0.20193999713688723
37,38,148,0.22926824353772302
37,191,5,0.20577932305841107
37,32,198,0.2047193729658619
37,107,98,0.26282056107245844
37,121,196,0.1583382202755593
37,143,17,0.12185359545016324
37,178,10,0.21260001350968039
37,46,71,0.14626431210668683
37,182,25,0.16176139874189008
37,53,83,0.1370395062641389
37,89,139,0.2793471477854177
37,158,46,0.21549594665346367
37,75,48,0.2899844344848178
37,17,93,0.12491561071591065
37,155,161,0.26261295954817165
37,168,117,0.17536144462513814
37,195,135,0.13175351129930715
37,122,180,0.15068768139193092
37,159,171,0.2145160524570262
37,198,14,0.15355311609649347
37,190,92,0.19078149397592395
37,88,87,0.13572312678426204
37,164,118,0.10841859903469252
37,189,21,0.21084106831011348
37,69,68,0.11682906084868558
37,117,62,0.2554181891637843
37,71,37,0.1292321273040985
37,213,149,0.17886564793967819
37,174,156,0.2543832666221645
37,68,151,0.1057580109072028
37,72,91,0.2088030936047725
37,120,154,0.23885628665694184
37,43,177,0.26357061216696165
37,188,190,0.12658006099240177
37,224,59,0.26000955346494525
37,5,15,0.2784329948562995
37,210,157,0.2583389875466194
37,212,85,0.17892282395246728
37,48,124,0.27320258966975375
37,30,1,0.18819406616052464
37,146,75,0.21939545141268474
37,15,3,0.14510657108625913
37,83,77,0.1081764639675424
37,62,113,0.13828823573301507
37,157,105,0.14797457564436992
37,110,159,0.2788640445630366
37,186,168,0.1711310831457441
37,173,195,0.10502835714409717
37,215,122,0.1868545244006903
37,199,153,0.2529037607337861
37,176,178,0.2744641695489066
37,203,41,0.20056296143274255
37,136,65,0.15285621829629303
37,183,104,0.2910055518581084
37,154,34,0.12286977350109576
37,25,166,0.13059075596370065
37,10,47,0.17927593732450742
37,98,147,0.10007966423038182
37,84,175,0.2071666082275144
37,148,145,0.2408910262998102
37,51,150,0.20531352916203072
37,171,99,0.13382791136777333
37,12,141,0.20339043954646752
37,74,186,0.28389666121494184
37,36,120,0.11725361452423949
37,14,164,0.20876267519905914
37,167,187,0.2760797971510389
37,124,89,0.2144854566027844
37,156,131,0.23400143256348263
37,94,119,0.1974151848834827
37,19,172,0.2293238238504356
37,232,51,0.13483964347547364
37,233,97,0.17072173459512952
37,234,108,0.2164087450154004
37,235,183,0.19819614400176838
38,180,76,0.9
38,217,16,0.3123988621867491
38,74,5,0.33427276174055887
38,132,127,0.3679191939712517
38,232,51,0.30971360903782386
38,197,184,0.3876535453320813
38,201,142,0.3112330546645219
38,160,165,0.3029222460088191
38,179,114,0.3243086079078319
38,226,69,0.367201067224482
38,60,189,0.38465412085592365
38,233,97,0.3954680404730796
38,158,91,0.3661776217559517
38,115,78,0.37462011991372257
38,51,17,0.39987784171025076
38,221,117,0.9
38,210,157,0.39347408741179524
38,89,121,0.3836237676600529
38,104,191,0.35976315017447924
38,55,1,0.39909332836393285
38,64,94,0.38369739274390047
38,68,61,0.38949776683374315
38,131,28,0.3743271201705328
38,43,106,0.9
38,225,46,0.38548694523942184
38,162,130,0.38483485113420457
38,24,92,0.3288580100716363
38,48,73,0.33426140695103124
38,81,32,0.38649801654369653
38,223,13,0.34918473906745573
38,63,36,0.3271302933821341
38,106,18,0.36886614226938186
38,216,172,0.3412501516454346
38,171,65,0.3824473583081359
38,46,67,0.35780741666394666
38,214,40,0.3860399471438928
38,14,82,0.33731018771999877
38,151,129,0.3697445152292468
38,146,100,0.3514165994940317
38,148,39,0.32652641915191216
38,200,115,0.32142559692859574
38,224,59,0.3205704975209013
38,8,134,0.9
38,56,132,0.36191061350693965
38,25,118,0.3655611653650661
38,219,22,0.3366233059952654
38,107,98,0.39668350132938734
38,62,113,0.37727690883963383
38,98,105,0.34388356727013353
38,45,112,0.30401923906496114
38,178,10,0.3470046642470742
38,227,162,0.38015796009411096
38,174,194,0.9
38,110,35,0.3535620993931311
38,186,167,0.27844935851472563
38,101,12,0.11108691414295896
38,166,63,0.15937558093180226
38,116,56,0.23163834419355736
38,234,108,0.19761710661348064
38,44,169,0.2864430968353235
38,136,89,0.2739261871822114
38,121,196,0.18353515286721453
38,207,116,0.2578347071941838
38,228,27,0.14866576872238316
38,53,83,0.2207361942337606
38,78,8,0.11681203694826311
38,30,96,0.2819981180781095
38,87,66,0.13109821803395616
38,103,103,0.2387669235736341
38,65,150,0.20949804361473737
38,37,138,0.1969224661251704
38,71,37,0.2244484624056755
38,100,58,0.2138060841415276
38,189,29,0.18505592044000685
38,220,188,0.1428274128478256
38,90,143,0.23073089368104555
38,209,33,0.13914792553851396
38,184,68,0.2335224393959466
38,157,0,0.2662277274593959
38,143,187,0.16217817374025928
38,185,185,0.2815457090963324
38,83,77,0.17976508140479636
38,211,131,0.21579295697226228
38,80,148,0.23326981124623594
38,229,163,0.12934504872403418
38,38,180,0.14440737003131482
38,122,75,0.12884390008468666
38,206,124,0.2750510724643275
38,118,85,0.1285547903562119
38,94,4,0.292355696970657
38,187,102,0.15446930965207362
38,102,86,0.12030989082809788
38,155,47,0.1941720942388953
38,133,140,0.2973568144368006
38,109,64,0.26404976851153306
38,17,144,0.29994148945301913
38,5,15,0.10593446788239064
38,75,99,0.27901998520182636
38,213,88,0.2975080064721134
38,196,141,0.2734146248695897
38,195,45,0.22489655622658436
38,198,104,0.1993362311974558
38,10,42,0.29669912162907314
38,79,20,0.13613629452623247
38,218,57,0.20730259233029572
38,191,31,0.22713477341809074
38,188,190,0.14279116277769363
38,163,176,0.22728252264298454
38,235,123,0.18559261005046004
38,36,54,0.1272002719569722
38,170,199,0.15815194321917828
38,222,186,0.12313728726740837
38,231,145,0.1358924934537321
38,199,107,0.2735842296107353
38,154,158,0.2225422722355647
38,204,125,0.11447240704572519
38,12,79,0.2623706282310735
38,125,70,0.25188468254313595
38,156,7,0.24389578131404532
38,123,21,0.15119408833024942
38,59,164,0.15393991915797078
38,175,110,0.18902285009636688
38,126,139,0.2899520160363085
38,212,174,0.1766475231453446
38,41,170,0.2553295297557645
38,6,71,0.2628996801692974
38,15,3,0.24200838345247208
38,28,177,0.2995990562136186
38,173,160,0.2675403348559412
38,182,198,0.1931525589105035
38,144,95,0.2614641549630493
38,32,182,0.11092092036080481
38,230,72,0.10722808425858567
38,19,11,0.13225551166850183
38,202,9,0.2891721562614675
38,167,175,0.14066454461733582
38,205,55,0.264344726492858
38,88,156,0.23888928557852357
38,183,48,0.2603925451037584
38,117,62,0.26634564175517084
38,84,166,0.2417407469325292
38,203,74,0.29234738345061434
38,176,159,0.27721956846420703
38,190,168,0.1131558423601404
38,137,24,0.22247193670900023
38,72,173,0.2507394176129806
38,16,87,0.22939480427599906
38,124,119,0.1430049635257643
38,164,133,0.16523266881994136
38,52,195,0.19854822248870177
38,18,128,0.14196681129974764
38,215,38,0.17097527114281125
38,58,80,0.23680015939375446
38,76,50,0.2152380569407712
38,120,153,0.2193792994486729
38,67,147,0.22703446403803018
38,69,149,0.2907280923199732
38,161,84,0.1360101392781105
38,193,178,0.1745134843419489
38,168,155,0.20030659394391903
38,159,53,0.2817728145846493
38,40,151,0.2594535721944944
38,236,23,0.2824152764178759
38,237,120,0.2235375458556203
39,227,115,0.31000935154983467
39,132,127,0.3366659190687289
39,87,66,0.35904858602619516
39,151,129,0.30010418760369095
39,60,52,0.39400621982036643
39,217,16,0.3340640784716612
39,75,89,0.327342531556508
39,232,51,0.3714428505644609
39,226,139,0.32138787667870805
39,123,173,0.323222745283679
39,46,117,0.9
39,24,2,0.3450201524000638
39,218,57,0.32459896434012425
39,234,108,0.3207192889519684
39,41,170,0.3864301099844769
39,109,64,0.36302663931717405
39,180,76,0.9
39,195,21,0.3078096187477203
39,209,106,0.9
39,64,94,0.3238783912568903
39,14,152,0.39548269589057083
39,89,43,0.32930850637760467
39,179,104,0.3665122030496284
39,158,91,0.33274529673757214
39,101,153,0.3714115542343229
39,83,41,0.35025627300200557
39,137,24,0.35565383943938234
39,207,187,0.30077599552778345
39,104,191,0.33163244400025405
39,187,102,0.3139568018898705
39,17,144,0.3258611767987323
39,193,143,0.32281280874164675
39,214,81,0.37879527687056014
39,171,199,0.3824458039347455
39,28,179,0.3321224915035873
39,8,134,0.9
39,224,59,0.38781208882617046
39,71,37,0.3195660656129349
39,155,80,0.335796910033073
39,59,17,0.3485739977264266
39,163,176,0.3466710149624148
39,30,50,0.38573817824041134
39,205,147,0.31418546071234477
39,63,79,0.37317773828210865
39,84,133,0.3554772268396088
39,216,121,0.30950623685879586
39,52,111,0.37649607549649966
39,186,11,0.3244826168685624
39,178,174,0.35001023555757016
39,80,84,0.338002394110389
39,117,131,0.37494352867239744
39,190,146,0.3840668618191313
39,162,85,0.30358703709426227
39,225,175,0.3753582760525245
39,196,128,0.3891270021428195
39,37,158,0.307276102422369
39,44,25,0.3718195673116218
39,201,142,0.10178335927460863
39,98,105,0.2832847463846997
39,68,61,0.20539348185941103
39,121,196,0.2143447293644597
39,160,165,0.21107420959031342
39,210,157,0.12596935091829967
39,116,56,0.20283115717051856
39,175,103,0.14938225540370054
39,6,71,0.18071725437002356
39,102,86,0.12641903715241515
39,237,120,0.12963059790287035
39,131,28,0.26369772812304076
39,144,95,0.23530587096269037
39,219,22,0.25815800235942954
39,120,88,0.28333252893602034
39,79,20,0.2101975872856485
39,78,8,0.1831768540874784
39,223,13,0.29278986782598393
39,12,130,0.2647033380027201
39,185,185,0.2648915144013748
39,188,190,0.10609294103247463
39,231,145,0.18964094495875858
39,222,12,0.17300075222771832
39,81,32,0.19545268413950584
39,36,160,0.29278495854427533
39,161,75,0.234555686885752
39,38,140,0.20039679101255936
39,229,163,0.28860472191596487
39,115,78,0.13679812597965132
39,236,164,0.16812017838304075
39,202,116,0.22695511959365214
39,197,184,0.2833543885322173
39,67,178,0.13187231067545224
39,220,99,0.11291054171246011
39,233,97,0.17614216669910665
39,198,31,0.29717975038085254
39,203,6,0.11452721459805837
39,170,5,0.23844713147163407
39,206,135,0.25293556750707524
39,213,72,0.2667509284783286
39,221,44,0.11209216106851035
39,228,151,0.13212727063709628
39,107,93,0.26399772133651805
39,15,3,0.19552487616067746
39,69,26,0.2531060779826637
39,230,114,0.1216189563075937
39,211,150,0.1269583036955937
39,235,123,0.24364979182747518
39,184,122,0.2967396532415866
39,118,177,0.2834179504670151
39,55,34,0.11750916985429624
39,143,193,0.1643844625394692
39,204,38,0.16284874224735182
39,200,168,0.22715495958718132
39,146,49,0.10820137257768447
39,103,110,0.1707203631883391
39,136,4,0.1575521294728355
39,25,180,0.14212466967618723
39,191,36,0.15743294106909791
39,48,136,0.22900449048755153
39,157,159,0.1579142093398901
39,176,35,0.23375026595495987
39,45,112,0.16748532354698525
39,62,65,0.28712419588879606
39,53,154,0.1876949595554418
39,43,33,0.2950351539998331
39,148,137,0.26712632076528653
39,56,92,0.10490942974105244
39,16,169,0.2644193710604724
39,133,118,0.12822854200902165
39,126,172,0.27779360701310135
39,90,192,0.27201802017516247
39,40,198,0.13323885073102887
39,51,167,0.23485766271692923
39,182,156,0.2237734174752765
39,65,107,0.26677449113859664
39,58,141,0.10009682369277852
39,124,46,0.28603935786461526
39,1,182,0.23844678183623272
39,122,126,0.1963488267148471
39,168,7,0.10762683917487313
39,72,166,0.1473650702710323
39,212,171,0.23582352703779083
39,199,67,0.2521720794022348
39,183,109,0.21184223180574605
39,100,42,0.22099761380422958
39,166,45,0.13486305304488078
39,76,87,0.14982729548627677
39,106,155,0.10124606924447527
39,10,124,0.16617864597938523
39,5,96,0.23691399850489522
39,94,186,0.1742389095667854
39,215,90,0.17814631992687002
39,74,47,0.23510185531004138
39,174,14,0.26119064303501077
39,125,9,0.19116709091650158
39,153,119,0.14319439987754348
39,88,183,0.1141892853866982
39,189,149,0.21728425540729787
39,238,82,0.2205481300653231
40,102,86,0.9
40,163,176,0.3786908878830233
40,185,185,0.33952698042575546
40,8,134,0.9
40,87,66,0.3290508125428381
40,132,127,0.3789595337656593
40,209,106,0.9
40,137,24,0.3924216987939364
40,121,196,0.32455058150199884
40,230,117,0.9
40,16,14,0.3736271022482336
40,180,76,0.9
40,101,153,0.36541100591325837
40,64,44,0.33469672577390874
40,120,46,0.3825806461544844
40,68,99,0.3499224841439942
40,143,113,0.3185903608806913
40,81,32,0.3016181324650884
40,37,41,0.33307191919709034
40,160,166,0.3943186023551394
40,60,193,0.3314278205946971
40,109,64,0.34576041047146944
40,236,167,0.3419806445297619
40,123,192,0.3610385648146577
40,104,53,0.3878140624330888
40,144,197,0.3823282757025358
40,62,116,0.3162627910817635
40,71,37,0.3296490318845329
40,215,150,0.3581880268316432
40,203,132,0.3995878446827461
40,166,30,0.3158295354799815
40,43,33,0.3205000382448998
40,217,62,0.3937521432801857
40,218,107,0.3859129593929519
40,107,147,0.3585174954537451
40,76,138,0.382735343198751
40,65,65,0.3511734169531815
40,136,75,0.3432674174163831
40,67,178,0.32692628904468757
40,195,29,0.307603733999702
40,235,188,0.378267813648987
40,103,143,0.35896830270974667
40,58,93,0.3891542869056127
40,151,98,0.3162402863512842
40,98,103,0.3844151099047869
40,174,54,0.37669662276880767
40,224,59,0.30437251045636804
40,207,183,0.3336956532548061
40,158,110,0.37232162636265786
40,83,25,0.36199127720227253
40,41,170,0.2760053854726088
40,231,145,0.13848342404052036
40,219,22,0.22368377007166831
40,74,82,0.25573880342853283
40,216,31,0.19085766424424794
40,226,149,0.215947444984303
40,232,51,0.2839309357833473
40,6,71,0.11635887884901822
40,79,63,0.10052290489689245
40,115,78,0.19129634471892526
40,210,157,0.18630825441791496
40,187,102,0.26354094156975993
40,24,2,0.20500862853056112
40,48,136,0.1334205220626993
40,213,108,0.10944340729043812
40,78,8,0.2422821806240036
40,238,184,0.18301997894186872
40,179,67,0.2089334890360099
40,89,16,0.1130398952154036
40,237,120,0.1626851692873584
40,5,95,0.14946715327404572
40,175,21,0.2610048457113706
40,63,111,0.13377996883500293
40,182,156,0.23073843952184844
40,14,160,0.18344243113036585
40,189,154,0.24951249900083064
40,55,151,0.24247187315428037
40,126,88,0.1328966553800791
40,131,28,0.26624590012154925
40,188,190,0.25568291784880365
40,214,81,0.1945511427503296
40,51,83,0.15050980473170444
40,117,139,0.10189739151552764
40,118,171,0.15952234455983363
40,199,5,0.2180801490289614
40,229,80,0.17137383539733503
40,133,141,0.20666348083307207
40,15,3,0.18096923185884872
40,220,61,0.19166164859198
40,124,105,0.1462750557878265
40,56,164,0.2135501674161971
40,153,38,0.20599866646297396
40,211,114,0.2658931363501719
40,200,84,0.1863284265885104
40,94,155,0.19022553657531352
40,228,13,0.15992652663235585
40,170,85,0.19816684567930562
40,90,175,0.2636529424304138
40,155,79,0.2554185310863499
40,100,162,0.12219222032802943
40,201,89,0.2495042067764913
40,233,124,0.16971500690030053
40,227,69,0.17098777667950932
40,157,159,0.25139174133438935
40,193,137,0.2022144890563547
40,171,60,0.20404651474411278
40,222,6,0.12766821748565207
40,202,169,0.11408494559627409
40,146,140,0.2053770016729817
40,206,135,0.2124833968727963
40,80,18,0.2547560476245907
40,116,125,0.2842440136109089
40,45,68,0.2606170668819977
40,10,121,0.24733210262682206
40,12,26,0.14708609964566474
40,53,11,0.23213397386352655
40,84,35,0.2416501926494222
40,38,122,0.2717175719493135
40,198,181,0.11951285681564391
40,52,130,0.19887266053390804
40,191,73,0.2295393800704084
40,234,119,0.2537886170459258
40,190,152,0.26271483239867754
40,197,148,0.23699943417478223
40,25,100,0.2545718815020733
40,46,199,0.1524407207090443
40,75,187,0.17066203933775537
40,28,39,0.23732602862124783
40,225,165,0.10564137865595678
40,223,7,0.17223632847485093
40,88,146,0.16617861666996867
40,125,20,0.22739405207042215
40,168,74,0.18187307825189453
40,30,77,0.1134470912810846
40,59,17,0.20281076074880647
40,122,15,0.20094336251300915
40,212,191,0.12073556786775738
40,161,42,0.25039655331801586
40,162,104,0.12263222224406914
40,72,55,0.2837000294854135
40,1,101,0.29857590835439785
40,18,173,0.1941096136255468
40,221,52,0.23611667752904203
40,178,57,0.13518665483368653
40,106,27,0.2996635489157645
40,196,91,0.21901982163823358
40,44,158,0.23823716061777003
40,156,48,0.1907897340124633
40,205,90,0.10800408118834193
40,186,96,0.14614198483043386
40,184,168,0.11242827786958473
40,204,36,0.14601270494549368
40,69,92,0.19530436900177728
40,239,1,0.24683657454645866
40,240,40,0.2971486548824551
40,241,123,0.2450274404407302
41,185,2,0.3137924199562465
41,186,107,0.3022303466162164
41,237,120,0.30541119011991624
41,180,76,0.9
41,87,66,0.34457290511472966
41,43,33,0.3074857065964476
41,81,21,0.3152598203000488
41,55,96,0.3781817954290523
41,8,134,0.9
41,1,34,0.33630916503647323
41,15,3,0.3439813330391779
41,101,6,0.36403979980341505
41,137,24,0.32860625332724525
41,229,80,0.34243117324063643
41,227,31,0.3420098601089738
41,198,181,0.37396055926052363
41,37,194,0.9
41,231,141,0.3532914374453403
41,188,190,0.3701777899423402
41,213,88,0.3318001426787349
41,68,99,0.3311598942564483
41,206,135,0.3290592361377792
41,215,113,0.3863377074811628
41,179,117,0.9
41,109,64,0.3120382633412423
41,238,184,0.39615547465749446
41,240,40,0.396702160767317
41,132,20,0.31416048289116183
41,45,68,0.329549163925948
41,133,55,0.3595328089341896
41,56,27,0.30280979629113514
41,126,72,0.3534309438804012
41,168,155,0.3545434978761939
41,204,26,0.3918014211693066
41,115,132,0.39365527686870205
41,64,94,0.3435187005698708
41,219,138,0.34339764285786456
41,48,97,0.34363391461950277
41,236,167,0.3665104155972969
41,71,158,0.3263700840183796
41,233,163,0.34701065810450615
41,89,121,0.32248168297341306
41,16,150,0.3796131035481336
41,123,36,0.3817383532556068
41,90,45,0.3802939415145228
41,222,70,0.3103800536597249
41,6,57,0.3373133345841559
41,117,69,0.38200519683805356
41,205,131,0.3802171384299653
41,207,183,0.36025410507942524
41,62,162,0.3124710037821987
41,214,73,0.3281012201634447
41,74,146,0.3698506101941287
41,220,7,0.16286748181970578
41,182,156,0.2635148580196606
41,241,123,0.2648018306019584
41,235,23,0.18917354790226407
41,163,176,0.26481217087148745
41,67,178,0.2804071728519334
41,187,102,0.18378943404802037
41,232,51,0.23948522121665622
41,223,74,0.261603424868703
41,211,114,0.16167157402358823
41,228,13,0.18293665716587343
41,98,143,0.2970922749251129
41,104,53,0.1442728672676872
41,217,62,0.2953868701311453
41,162,116,0.20829701865896938
41,131,28,0.22409239317461271
41,24,185,0.20486568842988193
41,94,25,0.2448272626816726
41,52,71,0.2244348952320844
41,79,29,0.26965453465127837
41,78,8,0.16768514517909516
41,158,127,0.24088530769538366
41,144,199,0.10721580524992465
41,209,177,0.2531524531416537
41,210,9,0.1860155922300853
41,106,186,0.2743306375706098
41,143,95,0.2534494211228149
41,59,17,0.18761541397537917
41,216,130,0.1480436559520038
41,226,172,0.19211159664799493
41,151,93,0.16079381534908568
41,75,169,0.178637482793486
41,155,46,0.172473200795805
41,221,188,0.23719706051976328
41,107,191,0.22280580335350036
41,160,165,0.27567557093145173
41,212,0,0.13881129830282918
41,191,122,0.19661417349262217
41,161,145,0.11665480591057584
41,46,189,0.22781144773117717
41,190,32,0.11724704149806431
41,30,77,0.2118265534231104
41,156,187,0.11920615509702431
41,12,44,0.17258465040691828
41,146,56,0.13327978967956633
41,38,58,0.2179738193141657
41,80,83,0.20723357461813732
41,121,100,0.2921854633677081
41,196,171,0.20959411382952725
41,171,60,0.1191542240490299
41,116,38,0.21768583670253097
41,60,52,0.2826113842923479
41,157,98,0.11422755556058868
41,166,126,0.21094798486702926
41,44,37,0.24381453390616095
41,239,151,0.15603673891711214
41,202,101,0.10582345429692466
41,184,154,0.2157748774379322
41,178,48,0.216145934528795
41,53,109,0.21174228995767336
41,224,103,0.2949870737484763
41,10,67,0.12365526108992235
41,103,192,0.2043507877176607
41,200,19,0.1558692446819099
41,234,104,0.16587609132603348
41,17,129,0.23000843152950687
41,197,148,0.18076651329562093
41,218,14,0.27586285489391527
41,83,87,0.23159635958825586
41,76,22,0.29507890433833694
41,164,35,0.24802866913151467
41,225,128,0.13519751162140553
41,25,49,0.25251139954409496
41,65,198,0.28058274203219663
41,28,175,0.24290991536056994
41,170,43,0.25365146266830385
41,100,115,0.14504523532026203
41,63,79,0.2522835915479601
41,201,161,0.20573974912646245
41,199,119,0.2617383201184748
41,203,84,0.20429242216198065
41,41,152,0.1699856031256783
41,193,174,0.23466685506071464
41,88,140,0.18189510062407604
41,154,182,0.23457177235652923
41,72,139,0.2771629186945473
41,230,41,0.20113960726917068
41,136,42,0.26598198051580013
41,69,18,0.21048721005371315
41,51,78,0.11906915829024711
41,102,30,0.17309051354417737
41,175,54,0.11095712192450534
41,120,136,0.21390085100215878
41,18,149,0.17058946207035036
41,118,81,0.1335742525768258
41,148,47,0.2670824829197028
41,242,4,0.20126225122575753
41,243,124,0.19370788044365478
42,87,66,0.34939103312420416
42,182,156,0.3092072293770295
42,171,117,0.9
42,238,184,0.3417348097744718
42,67,178,0.3284786204883076
42,24,185,0.38140140568205394
42,115,132,0.3402247150603359
42,132,20,0.3466925526878448
42,232,51,0.38051793474215634
42,163,176,0.3067057138247359
42,180,76,0.30409859420451857
42,229,80,0.3322361028070644
42,151,0,0.3506429631779332
42,81,29,0.33298977553960407
42,30,77,0.3130083421143169
42,216,130,0.3095719642691225
42,59,17,0.3167537740740912
42,236,153,0.36681659753343543
42,131,28,0.3208284732086565
42,83,22,0.34973767405168943
42,214,140,0.3498624092482189
42,201,119,0.3482440594069917
42,219,138,0.37305996382299955
42,209,179,0.38599497214327216
42,43,106,0.36856384310400503
42,123,149,0.30208023097446735
42,109,56,0.34502666571510765
42,102,19,0.39086394125608015
42,220,74,0.3718572396535913
42,157,144,0.3226126552752948
42,6,150,0.3046112910978579
42,200,15,0.371974253341117
42,63,40,0.3209565685832664
42,173,93,0.3563222480380732
42,158,86,0.9
42,160,166,0.309364863208513
42,64,44,0.32314959178709246
42,38,170,0.301834685663231
42,8,171,0.3171005590042666
42,223,37,0.3137010665756136
42,116,38,0.31054537826454365
42,199,136,0.3232657878449231
42,74,122,0.3871871967029643
42,10,95,0.9
42,217,163,0.32491320994965117
42,146,147,0.31614520977687355
42,205,107,0.3663032444876456
42,225,118,0.36240090092021704
42,227,10,0.9
42,137,11,0.3063715472623643
42,215,41,0.3110686099987606
42,243,124,0.15994818264255217
42,185,2,0.2558374338200415
42,242,4,0.2075441440601839
42,211,114,0.2465952433131354
42,68,99,0.23810685459101358
42,15,3,0.20336311013696218
42,203,84,0.11689963990546412
42,104,53,0.193681001342712
42,210,9,0.15193688851195952
42,198,181,0.2863809855165748
42,90,45,0.10679374030868287
42,213,88,0.1353984437615565
42,117,69,0.15344726212528575
42,231,145,0.26093993012670413
42,187,102,0.27432722079373706
42,144,67,0.1453796554027224
42,226,172,0.25972500606866455
42,60,161,0.22092738784026125
42,206,135,0.10338700522163541
42,161,21,0.1223077565319347
42,162,61,0.10878161755398669
42,237,120,0.2782870907393528
42,188,190,0.28944504132318183
42,207,183,0.10514270979131674
42,224,103,0.279174882184659
42,46,89,0.2623551928089348
42,78,8,0.24430024200660752
42,235,167,0.12921182872103532
42,28,175,0.10169596088936829
42,155,55,0.13910687559569507
42,16,31,0.10574992031205087
42,233,62,0.21255027211967958
42,234,26,0.227467568795394
42,89,47,0.1989977450883862
42,62,100,0.1600460368448144
42,76,151,0.2455386340765756
42,72,188,0.24806992724630897
42,45,68,0.29239105961888506
42,120,196,0.14683534278850685
42,218,116,0.17468529024208568
42,170,30,0.12226618569452782
42,156,14,0.18801038086164007
42,103,192,0.2185294938933173
42,126,139,0.18328862566683152
42,18,164,0.28178197981946507
42,168,96,0.26711201848471156
42,106,142,0.24751144859874155
42,221,92,0.12775927871855275
42,107,137,0.12431622955369412
42,121,180,0.17130314194280302
42,143,194,0.16913100559822605
42,56,169,0.2873897318559093
42,71,25,0.18118020238932458
42,133,127,0.2569192550248796
42,179,94,0.2538309268136123
42,101,24,0.23673397587729506
42,240,81,0.23024498571778107
42,197,168,0.2111375131368312
42,136,90,0.26811921088137436
42,100,162,0.2501936785200004
42,241,186,0.1312236071847855
42,25,112,0.22800494075143324
42,239,7,0.29276215692626595
42,55,101,0.10060584640291066
42,1,126,0.10360467435516157
42,52,199,0.21040065345685774
42,75,50,0.24080691069222496
42,88,58,0.2557061183215481
42,69,70,0.24247833633869628
42,118,75,0.24344932410208883
42,98,110,0.2923161858763562
42,41,91,0.28982431389190005
42,148,18,0.14047005319434314
42,159,159,0.21207034612134176
42,94,182,0.18531674488909602
42,17,98,0.24880434206039895
42,228,34,0.10269614307028763
42,186,174,0.1044706262889227
42,79,63,0.2905264377154993
42,166,83,0.19879436049391208
42,48,42,0.12278527760309704
42,222,78,0.2851712805651846
42,12,60,0.14310597493859417
42,195,173,0.20945455473227423
42,44,198,0.26643185847903994
42,193,104,0.15419917145942258
42,212,133,0.1778738737597711
42,196,177,0.1941556702750031
42,190,32,0.14191508612725431
42,124,165,0.25734227577047564
42,191,64,0.24062144084164108
42,202,27,0.23382728520757087
42,175,73,0.2115497432569923
42,51,12,0.2696105518974475
42,178,23,0.10667686489210661
42,53,187,0.17729325872766716
42,58,195,0.2425092824402599
42,167,39,0.21172144888213015
42,174,125,0.2929535308856933
42,80,1,0.24657293102993566
42,204,33,0.2715181138003485
42,65,57,0.2027701651013963
42,37,16,0.2437107102026401
42,110,54,0.2844153985381676
42,176,152,0.29108744414871984
42,125,143,0.2028990537412471
42,230,131,0.2321391988470504
42,244,59,0.20212757679324284
42,245,128,0.22552472340805343
43,182,156,0.3775457529526196
43,103,192,0.3133989320164624
43,211,114,0.3982687539086587
43,220,74,0.3392993297698351
43,206,135,0.3377330740324279
43,213,172,0.3752956992728782
43,171,60,0.9
43,231,145,0.3643756608189411
43,117,121,0.30427410463770094
43,98,110,0.324769342597224
43,89,47,0.328380228802272
43,229,80,0.34670827682138816
43,241,186,0.3627495906735888
43,100,168,0.3942857546202816
43,190,173,0.37818815410999473
43,87,66,0.3051753787942699
43,30,198,0.3593769345044743
43,218,142,0.3575864968265252
43,238,82,0.31580167158889383
43,132,39,0.39138213091265395
43,233,5,0.33137339211349476
43,244,59,0.3562012278617622
43,207,183,0.35757790392902844
43,6,62,0.3440207136240322
43,168,27,0.3168815616134322
43,28,175,0.33423330535455176
43,43,177,0.3057259326344576
43,125,111,0.39119137617457345
43,60,115,0.35514648044698705
43,188,83,0.32842072755988094
43,68,34,0.33295731644117277
43,170,146,0.35625298437318165
43,203,84,0.3338478404738384
43,158,86,0.9
43,235,6,0.3774409103506048
43,51,107,0.3296273455061612
43,48,112,0.3821079211337526
43,219,109,0.3907182443852324
43,239,48,0.3863874642615579
43,156,57,0.31654965138950464
43,151,147,0.3210263804834792
43,196,85,0.36973723686215243
43,193,116,0.3561930631119198
43,176,163,0.3129702815948633
43,52,95,0.9
43,17,129,0.3265675074964728
43,41,134,0.9
43,76,1,0.358826853103304
43,69,15,0.35358359868861644
43,109,64,0.3843440143429874
43,223,87,0.3510747244525414
43,56,155,0.37125619709520696
43,228,13,0.39438792742404827
43,216,130,0.2552439653754027
43,104,53,0.14015500233644543
43,243,124,0.1942626026510658
43,15,3,0.10330834349402689
43,245,128,0.16434022826375583
43,242,4,0.15703547767522502
43,160,166,0.28859767408790066
43,185,2,0.14151130854108346
43,67,178,0.26942090408461394
43,187,102,0.27671113965085753
43,234,94,0.11872333476809041
43,180,76,0.2936610527222561
43,8,171,0.21218590044047436
43,167,63,0.1333690233170291
43,198,31,0.17592868855821137
43,126,131,0.15690816226250978
43,115,132,0.1759440154757464
43,59,17,0.25146180466311874
43,157,144,0.21037817197234682
43,236,23,0.1997482690378375
43,224,103,0.2741758265538141
43,237,120,0.18110139343706078
43,155,191,0.19689969378959365
43,131,28,0.15286987133358507
43,71,77,0.22451163669024307
43,64,44,0.20666166657132296
43,226,72,0.2889145689311008
43,106,88,0.2322214583962978
43,45,68,0.1778696141797808
43,201,43,0.29785844951042323
43,12,67,0.2510496900302729
43,232,51,0.1936143245670301
43,163,176,0.1724457040550476
43,124,141,0.28489678346480235
43,205,41,0.18179614849198275
43,81,29,0.16208310967856204
43,46,188,0.2847130060912275
43,240,81,0.2924253314184905
43,25,73,0.23267702333354337
43,162,138,0.12342097080250318
43,174,93,0.10373646654991564
43,110,108,0.2842737329179119
43,83,154,0.1902423290742558
43,175,136,0.10230653420408196
43,191,21,0.17657953634556386
43,199,122,0.2385516050360707
43,37,159,0.20763890516532024
43,79,127,0.2796854448933563
43,121,180,0.11199544480548643
43,65,91,0.27815317947502793
43,209,16,0.24152557569010016
43,123,184,0.10671822857992744
43,44,194,0.2956104403653721
43,101,22,0.1122077370821486
43,16,179,0.1707381955338649
43,144,150,0.2533582940382337
43,225,118,0.24712180945057172
43,210,157,0.16761798795236654
43,72,24,0.16653410791633583
43,24,92,0.2039186070360295
43,221,19,0.2558998091730419
43,80,52,0.2772648614691806
43,217,149,0.15951021322466544
43,230,0,0.16764175184175062
43,197,153,0.2009939077579429
43,222,78,0.21619564003558897
43,90,165,0.11210738107830373
43,178,148,0.11254565529791978
43,195,195,0.29371321043440796
43,58,90,0.10294537249188215
43,179,199,0.18530471635056872
43,55,158,0.20686882902482467
43,202,99,0.11011306361686118
43,173,98,0.15673687872650888
43,53,119,0.12741098335565448
43,63,97,0.22659884629415597
43,136,106,0.10396965012672908
43,88,54,0.15796132290342382
43,133,32,0.2468093846387197
43,62,100,0.1460851887042463
43,1,126,0.13332043929644416
43,107,174,0.18125947745770646
43,214,42,0.18730500594903515
43,212,152,0.17916834256488745
43,215,37,0.13187742706058503
43,200,70,0.16982703389232917
43,204,33,0.1761554727675516
43,137,7,0.2710077331269702
43,18,167,0.14500095324755294
43,75,61,0.10527997876105422
43,143,65,0.20019449290002944
43,122,18,0.2828815956712737
43,10,193,0.17610187758887544
43,120,196,0.15589091011765105
43,5,189,0.17118603774473817
43,94,169,0.2361655148081006
43,184,96,0.2177239180874784
43,166,151,0.25293757827899266
43,116,69,0.17784718417765333
43,246,40,0.25303401685911997
44,171,60,0.9
44,155,86,0.9
44,67,178,0.3742354564134901
44,235,6,0.337535709998787
44,121,180,0.37808253909819456
44,103,55,0.351906229557299
44,220,74,0.38335008781109636
44,143,108,0.3483488617538685
44,59,17,0.3681371107938036
44,203,84,0.3095439551315889
44,117,121,0.35090197486957997
44,239,61,0.3745816733438547
44,224,39,0.37764799371373037
44,89,47,0.31348354745537793
44,98,143,0.39121640704752436
44,43,177,0.3051690357528222
44,10,142,0.3882534928546383
44,237,120,0.31957447310949916
44,5,88,0.3928035243981094
44,12,104,0.30750038157139425
44,202,186,0.37833138540330935
44,16,134,0.37317381700718966
44,190,191,0.36775695522199014
44,137,89,0.3997549167367407
44,64,197,0.31759905934466315
44,204,106,0.3644690280047672
44,122,70,0.37986223974885414
44,211,67,0.35002654797552135
44,179,199,0.32318839167687063
44,110,96,0.33109385023366555
44,151,160,0.3401181630507072
44,75,164,0.3377830667201924
44,225,133,0.3643064298422627
44,244,59,0.3624776648390017
44,158,32,0.37297236625902186
44,81,21,0.36998580344486065
44,197,24,0.3417903088454315
44,17,35,0.3550462562977844
44,219,138,0.319734462671142
44,157,93,0.32302768516294655
44,212,79,0.31636552087068215
44,198,85,0.31860170940524873
44,101,101,0.3769663325045407
44,245,54,0.32171819319416683
44,8,10,0.9
44,45,42,0.3378761510849698
44,241,123,0.3161765998883548
44,48,140,0.3618962771700621
44,229,80,0.19190538857545514
44,1,126,0.10609806263055856
44,226,72,0.19841758085055788
44,104,53,0.17362356189025221
44,182,156,0.10744518505042444
44,231,141,0.19857711425952004
44,46,23,0.2593093466118715
44,79,127,0.2278957695188333
44,53,111,0.29636859616743444
44,160,195,0.19879968662289846
44,131,28,0.22888286936354107
44,206,135,0.288241558538448
44,125,43,0.28923620579223436
44,236,12,0.15544372015672142
44,120,196,0.18475850117541592
44,15,3,0.24494917167870742
44,242,4,0.2408464771041941
44,188,83,0.11590407455679032
44,213,172,0.19641667489406445
44,243,124,0.10123638069129373
44,80,5,0.2760498513496341
44,87,66,0.2560807970895407
44,216,130,0.22606932099331725
44,132,192,0.1177239805203242
44,185,185,0.10357676599079835
44,193,99,0.15887151247742903
44,58,139,0.18948647489830078
44,18,167,0.20612563955291263
44,238,184,0.25534440800240027
44,116,198,0.274861684310018
44,156,26,0.10096218714408937
44,223,87,0.19272452207757643
44,6,16,0.252853845187839
44,175,136,0.2466125532219052
44,94,115,0.19562593392174102
44,163,176,0.29440972181117714
44,106,149,0.2750352230239247
44,187,102,0.1955462631054507
44,115,132,0.1474860005188776
44,246,40,0.21890868203816868
44,168,27,0.24950759847558895
44,30,41,0.2209159336633535
44,133,105,0.2061009147775702
44,222,78,0.22005267773813544
44,126,119,0.235823999765991
44,184,107,0.2464872830693451
44,207,183,0.20579150090974282
44,78,8,0.2686985669784755
44,63,75,0.27556386787862835
44,176,189,0.28661649288604085
44,38,38,0.1393251381064428
44,68,34,0.10904316543699294
44,201,46,0.12190937476832676
44,214,82,0.21406316107743006
44,210,157,0.14366530397488797
44,24,92,0.2034557120691635
44,196,57,0.2098561158888543
44,173,98,0.2918519958779927
44,166,65,0.23271124764599188
44,109,125,0.15363633194326387
44,232,9,0.2323639437149586
44,195,64,0.15223765090048286
44,83,15,0.25170974426599124
44,228,48,0.14528153995100018
44,56,37,0.1058785251580306
44,144,131,0.27600218066748683
44,90,145,0.11394857579672822
44,25,90,0.11019961206819334
44,71,182,0.23640016232152472
44,124,152,0.18729907260624967
44,60,146,0.12937660026161074
44,28,175,0.21632157122764806
44,170,112,0.25077582752157057
44,240,36,0.10198062500997562
44,178,68,0.27888474223659765
44,167,20,0.21598908130814828
44,215,109,0.2361493834163814
44,233,117,0.18857730194010056
44,76,1,0.17920322740862274
44,88,73,0.1116142708065872
44,55,158,0.2550101630282343
44,209,69,0.17305418193039201
44,218,161,0.18994387870401827
44,74,170,0.13177639027577898
44,200,18,0.20593841449062586
44,162,22,0.2851712829100611
44,234,94,0.10158558299675097
44,52,25,0.10601503478356311
44,72,154,0.13183087297789295
44,65,159,0.29289805636041816
44,180,137,0.24508136331142025
44,51,44,0.22325986269126163
44,217,62,0.18243405969932164
44,107,179,0.27786644602012117
44,199,122,0.29616945869156897
44,159,129,0.22245676043979457
44,146,173,0.20622354751574856
44,44,113,0.1958225896705034
44,136,174,0.23680172928877652
44,205,50,0.26501454945826985
44,123,116,0.22847274249755134
44,62,118,0.2715256497879025
44,100,193,0.22531117468752648
44,186,171,0.23873825122130346
44,41,33,0.1978712211109081
44,164,144,0.2818894564701171
44,191,110,0.24763265775627183
44,69,151,0.2408220185105301
44,161,165,0.1578771955229982
44,221,155,0.11862600956806643
44,227,114,0.12098930412704134
44,154,52,0.10338038338819883
44,84,128,0.12476098225009268
44,247,14,0.25005959466948824
44,248,45,0.15040887781504875
44,249,71,0.25785075524238726
44,250,150,0.17349574140649787
44,251,169,0.22085353966152027
45,68,34,0.31894739242691716
45,79,127,0.3280574882590502
45,187,102,0.3390988968045756
45,103,55,0.3244639658300485
45,251,169,0.34393482073200676
45,231,141,0.37534759289211295
45,171,60,0.9
45,18,153,0.38183718806376254
45,238,82,0.3834253747482892
45,24,92,0.3904620196376253
45,126,150,0.3234741181799866
45,67,178,0.36265742221307795
45,69,197,0.34365091388816665
45,44,114,0.3545300720089435
45,115,132,0.36817420337635376
45,175,136,0.3403517409618908
45,246,79,0.39730507311568564
45,223,87,0.39744426352445383
45,76,1,0.35887535457483466
45,222,19,0.3379785396252573
45,89,47,0.31738135139298757
45,120,196,0.3827846087178228
45,58,116,0.3629006991318039
45,30,95,0.9
45,226,72,0.3335824838303116
45,224,192,0.37128492437167504
45,163,38,0.3457343626730076
45,250,62,0.3295680564470744
45,1,126,0.37789330219798123
45,193,24,0.39979772674074965
45,121,49,0.3133719970058615
45,217,5,0.3012444867404835
45,182,198,0.33887006286377763
45,199,140,0.3893250857135364
45,106,40,0.35182559696076554
45,6,36,0.3989417493255957
45,55,158,0.38277789596949907
45,209,123,0.322461664767412
45,161,73,0.38701024076355595
45,211,26,0.3541856977762283
45,185,2,0.3761485043503384
45,124,152,0.3392422920425551
45,170,112,0.36839507330577803
45,229,163,0.37955569040476933
45,43,171,0.35562742494019584
45,155,86,0.9
45,101,182,0.31627883679985347
45,237,75,0.3218013677256363
45,249,107,0.3537648089826503
45,205,37,0.35935469607103177
45,16,76,0.9
45,221,194,0.3652378662091098
45,190,29,0.31787709911306167
45,188,15,0.3351574787543746
45,59,17,0.17071703286897474
45,160,166,0.2534928300151803
45,234,94,0.17851205869555425
45,117,121,0.10753499543764831
45,151,160,0.136328042916208
45,204,177,0.21021563422360903
45,236,12,0.1217071631852248
45,167,20,0.20638248388273187
45,213,172,0.2927138081079351
45,239,61,0.10047440177814038
45,210,157,0.11312084027899255
45,219,22,0.135436590565639
45,206,135,0.2615803516919005
45,10,168,0.1215558120784683
45,247,14,0.259990300733679
45,195,170,0.29787218799169046
45,243,124,0.21645528234126243
45,228,96,0.23881417298013394
45,248,45,0.2532411829967492
45,90,145,0.11840164082390389
45,164,147,0.2747587765902266
45,162,48,0.13945383114082183
45,220,138,0.1856581629755018
45,214,188,0.13285392740481403
45,5,146,0.16617000034585055
45,216,31,0.13962265081190475
45,12,181,0.2192188278776528
45,45,97,0.27917047785816507
45,157,93,0.19070351875811764
45,87,66,0.2505989964165848
45,104,110,0.19881183989844173
45,125,69,0.19711504624850312
45,166,117,0.21397672100214488
45,88,42,0.22340989172912043
45,227,7,0.1450454223540897
45,53,63,0.22904839423084966
45,235,6,0.10635671381468717
45,75,78,0.19908711671262294
45,232,115,0.2397569828522324
45,60,58,0.2498758719162596
45,133,105,0.2021133291743343
45,137,119,0.27480082586571497
45,28,175,0.15638676151776654
45,46,167,0.2274829485893281
45,186,134,0.11960850998064129
45,132,46,0.2254089038412566
45,81,32,0.2967486850217044
45,242,4,0.12781607522443938
45,78,8,0.26746846373910443
45,107,16,0.24115069277835963
45,179,67,0.19482597932088752
45,225,159,0.11570112865659239
45,109,125,0.20614863818108378
45,168,99,0.2817688317450917
45,143,180,0.22105090267105681
45,212,104,0.16051525682977372
45,158,173,0.20400744440759222
45,136,174,0.24069114158016316
45,201,59,0.2777512311011295
45,240,111,0.1682256338198181
45,123,77,0.18632610706198338
45,245,54,0.27275220236648334
45,196,65,0.17710187600519156
45,233,44,0.29750036965149323
45,180,179,0.1539463525508345
45,202,51,0.10639697955678566
45,48,176,0.11216029105383094
45,144,139,0.2414768461867912
45,62,0,0.1455139303505331
45,198,33,0.2738041651895469
45,218,88,0.16322061286198514
45,176,25,0.24955538647903494
45,203,84,0.2725046125048836
45,154,30,0.13305896730472824
45,15,106,0.20420270584499467
45,74,144,0.24137409248994748
45,94,68,0.2763100892828356
45,241,89,0.27444583183290094
45,25,43,0.2848912138103684
45,52,101,0.2138635383376523
45,98,103,0.13126438397762802
45,72,154,0.27528962062286777
45,84,90,0.256399249990533
45,122,185,0.17720968882117172
45,64,193,0.17251981283685494
45,178,118,0.1224599933938148
45,244,39,0.18439632584988908
45,71,156,0.15122820981202234
45,156,71,0.24645939838630612
45,207,52,0.12936648537800383
45,41,130,0.10303239191951626
45,200,164,0.167630274016264
45,173,64,0.2224265361128257
45,38,165,0.10912668581639488
45,197,109,0.13210084027683242
45,131,120,0.2434420521192411
45,184,189,0.29920536617630406
45,191,131,0.16314411248233118
45,100,50,0.16350675304315138
45,215,151,0.25513761563150883
45,63,162,0.2939390314885929
45,51,57,0.2459358922700021
45,146,81,0.13435096311447764
45,56,155,0.2433854688460188
45,80,80,0.10699179323206294
45,83,142,0.2062703507824038
45,110,186,0.15027221242001326
46,171,60,0.9
46,160,166,0.34841579492361996
46,158,20,0.33697771679404687
46,68,34,0.3033085508109402
46,232,115,0.3106662626773464
46,207,114,0.3617736628415755
46,117,121,0.3572505194166524
46,219,48,0.3092388757412343
46,78,8,0.3472932770799728
46,234,94,0.3147351879296009
46,155,86,0.9
46,238,82,0.3522218894887468
46,212,117,0.3232608092594863
46,71,156,0.33219353176680544
46,48,93,0.3228720842335343
46,103,45,0.3947932713595873
46,184,189,0.3257958062772277
46,17,102,0.3721738003669389
46,121,49,0.3667958245396019
46,12,43,0.3860033463774589
46,120,196,0.38833826594087284
46,107,30,0.35825998496949907
46,154,118,0.33291191204906834
46,25,31,0.37300747828703684
46,163,38,0.37390792807464945
46,133,105,0.3873561301595497
46,182,198,0.3562243715516711
46,109,125,0.38762180194332896
46,88,146,0.39954009703936666
46,224,91,0.31372779915347176
46,231,178,0.36700195466395535
46,84,62,0.3749019343617058
46,98,103,0.3791162109092794
46,30,95,0.9
46,106,36,0.3017137517713053
46,186,76,0.9
46,226,108,0.3267683845140703
46,110,168,0.308764538743433
46,80,42,0.3148261187723692
46,76,164,0.31423050310968614
46,223,101,0.3421849104696394
46,236,23,0.3984552874430586
46,115,78,0.34116886174170746
46,196,25,0.300041275967661
46,187,35,0.3366631960534371
46,125,51,0.3534378109321815
46,43,134,0.3836598830586727
46,211,199,0.3420560551005344
46,206,81,0.3388599709426855
46,243,97,0.3436848184099359
46,156,107,0.37177446458400343
46,170,68,0.3193530292031669
46,126,57,0.3345520914066931
46,209,109,0.39175084797527704
46,100,182,0.3165076689935695
46,90,145,0.12379137796543338
46,24,92,0.21135206749750737
46,210,157,0.12216489964044171
46,18,153,0.208291306472218
46,245,54,0.2773054852449814
46,213,172,0.21267543303866165
46,239,61,0.1901806106957979
46,235,6,0.2696500282926896
46,59,17,0.23698643462027294
46,51,139,0.28355589873051595
46,136,174,0.25589899786600245
46,168,99,0.1088514836008457
46,204,177,0.2749459005137915
46,81,32,0.10582408160594946
46,67,192,0.13286083196134355
46,244,55,0.1343326808990167
46,104,110,0.11812587177323447
46,216,181,0.2137028046955312
46,241,89,0.20936360426519718
46,63,88,0.1416260411897683
46,185,2,0.2813518994522659
46,28,175,0.12700849843537046
46,250,150,0.18818672098977307
46,132,16,0.1629870729591246
46,89,47,0.14617696788836085
46,237,75,0.1863704306123572
46,179,104,0.2820506234108749
46,162,151,0.1891381355690051
46,203,84,0.2567635194161654
46,178,144,0.2396971115081599
46,200,27,0.14153650771168003
46,124,152,0.27441310449577877
46,44,163,0.2780400105620031
46,191,123,0.21826713478508591
46,214,7,0.209375895295567
46,161,100,0.16609830688204152
46,137,111,0.28357837026767585
46,251,187,0.11005907062461691
46,173,56,0.17810612027786238
46,15,171,0.2115025164481936
46,167,39,0.23501799706829354
46,218,124,0.22015572071957237
46,247,52,0.2512809403994237
46,199,140,0.23005588918236303
46,64,12,0.25216573313719104
46,225,0,0.268465439435962
46,220,74,0.24650862195177126
46,6,141,0.26438950411772744
46,228,155,0.17601026895405716
46,180,130,0.2816984029826544
46,233,197,0.2466711858615678
46,249,193,0.12163027162930927
46,41,161,0.23082293406885895
46,46,167,0.13665682164370052
46,222,19,0.28774877413826805
46,10,28,0.18846989772855102
46,38,53,0.16239304555194473
46,242,184,0.15658814651253714
46,175,73,0.18942634102776051
46,164,21,0.22173585998215908
46,122,162,0.17148419580620716
46,151,195,0.2432335046304492
46,188,15,0.11918705389803194
46,5,58,0.21413294987762524
46,144,131,0.23417426212744066
46,83,33,0.28050633617651366
46,58,116,0.16497030472850377
46,202,80,0.16306008946522577
46,240,137,0.2778253719934617
46,55,87,0.12761948259005773
46,56,183,0.2179421178283674
46,246,46,0.25966078574533996
46,1,70,0.1614302445585258
46,205,11,0.2677059683820685
46,193,83,0.17491004031730406
46,52,22,0.21430898124176684
46,87,67,0.14857464379531707
46,195,122,0.192356267724207
46,79,59,0.244611350987599
46,8,5,0.17287153495370144
46,60,133,0.23086371796954808
46,215,1,0.21550346331451484
46,45,135,0.2636022447454998
46,197,77,0.173290022262153
46,248,64,0.2527893045938465
46,72,13,0.18723649859415642
46,159,98,0.17010763109613788
46,198,3,0.1616537574048433
46,75,132,0.10630808742038772
46,229,179,0.1194981040924877
46,94,176,0.18895771893114743
46,143,112,0.18438515504243527
46,166,41,0.2833004818711613
46,146,180,0.22465939598345344
46,131,40,0.13986078867304358
47,120,196,0.37472679532526554
47,235,6,0.38870061775182385
47,179,150,0.36652182326506244
47,185,2,0.3729581642564873
47,245,54,0.348588618996804
47,171,60,0.9
47,75,132,0.3308987278445691
47,89,47,0.3762960058520507
47,124,152,0.37194911620104754
47,81,32,0.34652760697572993
47,182,198,0.36563701405493176
47,249,193,0.3995302719948629
47,43,76,0.9
47,238,82,0.3943626029871182
47,168,186,0.3426114083815265
47,109,64,0.34727033376983263
47,59,17,0.3460082287860111
47,251,187,0.3458110689061933
47,167,192,0.3213057413826176
47,175,73,0.3498722893349771
47,98,53,0.3962253982849685
47,223,101,0.3330938851552493
47,117,119,0.35308109547084787
47,162,27,0.3921731102186701
47,68,151,0.38082840610739344
47,6,125,0.39245185283165784
47,207,104,0.35658943655991815
47,126,107,0.3439215421959267
47,52,24,0.367328404733544
47,136,171,0.36832265892425575
47,87,5,0.31705477302817753
47,132,62,0.3969538646256596
47,187,159,0.37025834624857223
47,239,96,0.38080450621054196
47,206,81,0.3508868138398161
47,199,122,0.3406513037663643
47,90,160,0.39241833529801795
47,241,123,0.30700247233020317
47,12,16,0.361410918582849
47,1,19,0.31145398261180124
47,234,117,0.32442744703378523
47,242,163,0.31539713159019056
47,110,28,0.37536688751940706
47,71,194,0.3026124384391292
47,204,3,0.32488393246552466
47,219,99,0.3209159869623712
47,51,149,0.34424163683635234
47,125,1,0.36910277020987003
47,236,188,0.39472025257529164
47,170,58,0.35246915655161126
47,72,183,0.3800126698201134
47,55,87,0.3641820810211198
47,166,50,0.38161698571046876
47,198,179,0.30252066260225263
47,244,40,0.34279021480799965
47,25,10,0.9
47,18,153,0.2527954303298807
47,158,20,0.29242426891372386
47,24,92,0.2127497538444407
47,17,102,0.22418267911146542
47,232,115,0.11199370554253303
47,137,191,0.12378107744948962
47,121,49,0.18597495077095172
47,214,74,0.2671649959587873
47,203,84,0.24848410888437542
47,228,155,0.257195945017246
47,103,91,0.2175685664270686
47,46,167,0.16367563058692236
47,233,197,0.22838283166791834
47,94,93,0.18478858651667857
47,213,172,0.22428596829139696
47,45,55,0.1329948276455422
47,226,108,0.2602748050078745
47,231,178,0.2963805022203199
47,67,103,0.2699603948078184
47,173,135,0.2970172923061832
47,216,181,0.1753319807766543
47,224,46,0.24522292493550582
47,218,42,0.15547720905755236
47,211,113,0.2573015932198829
47,8,71,0.19873161565467282
47,115,18,0.29932391958124416
47,84,199,0.12746725153466062
47,41,185,0.21495406995823588
47,160,165,0.28370772149303464
47,163,38,0.2210573574199985
47,133,29,0.17895342043268414
47,188,190,0.17735605768529827
47,220,34,0.2438285865946332
47,106,45,0.2345809486145278
47,156,57,0.27967056762988146
47,222,78,0.15296462141418526
47,104,143,0.14567647755166124
47,151,56,0.1450136836685604
47,210,72,0.13865800645326803
47,63,66,0.16212114530427296
47,195,68,0.12021650193856384
47,122,136,0.16576463911774614
47,247,65,0.1120234200638994
47,159,176,0.22206222001546816
47,107,97,0.21957242768577592
47,58,169,0.2041228066588025
47,15,137,0.1726578373796286
47,76,164,0.20656863790607718
47,155,21,0.2146905946981938
47,191,11,0.11736465473125467
47,246,39,0.24917703519787535
47,144,131,0.1669432094854128
47,250,31,0.12040367042187886
47,38,177,0.2838489397207985
47,88,180,0.29140780303752223
47,202,111,0.17756955806928343
47,237,120,0.10934180495100317
47,30,94,0.17591401429428297
47,196,182,0.2767593155703239
47,215,23,0.24579147141527835
47,243,112,0.1592484961195489
47,180,69,0.14147078328400797
47,44,90,0.2855961551289793
47,184,161,0.10396385985485214
47,157,129,0.1518537792716987
47,28,195,0.25917856508161385
47,200,41,0.22797555629784266
47,164,127,0.20338003443251024
47,201,173,0.2957182044179405
47,79,145,0.15195266552195993
47,227,154,0.2433492802792385
47,248,133,0.2736327802426882
47,64,126,0.22003375950328194
47,56,89,0.22392353417301386
47,143,118,0.20774132173965026
47,212,77,0.2838278443823551
47,74,144,0.17332733500790848
47,229,33,0.10010305505460229
47,225,63,0.12327600763750544
47,217,44,0.25865915945477347
47,240,106,0.2149042071270877
47,161,162,0.10209028962884152
47,53,59,0.23371406526767116
47,176,158,0.2777760218627521
47,197,25,0.1619462750857512
47,60,141,0.14995299190349215
47,5,128,0.1574535510456209
47,100,37,0.1670669036195025
47,193,7,0.11533678674111904
47,69,26,0.10344151300193999
47,131,85,0.11455820326999402
47,205,138,0.23617327129150636
47,80,124,0.16480730529150278
47,209,22,0.12662627782933605
47,146,168,0.261497359244497
47,101,61,0.10333542284939111
47,186,174,0.18243419941009414
47,190,36,0.23644639840132603
47,16,43,0.16777492636045943
47,123,142,0.24909147884498373
47,154,30,0.17418147566629183
47,10,4,0.18562257916617428
47,252,79,0.23547803008034887
47,253,80,0.19391034221633335
47,254,88,0.1398473648543232
48,201,86,0.9
48,103,45,0.3824970129199996
48,249,193,0.31159309891997433
48,205,96,0.3087643669615011
48,12,16,0.35016844476611975
48,223,101,0.3382926195570284
48,45,127,0.379893874958639
48,228,155,0.3242120128111651
48,55,87,0.37111606535257835
48,182,198,0.353661501321726
48,168,186,0.3431253764738455
48,16,23,0.3275940178385196
48,59,9,0.30073400337387945
48,163,98,0.3789658405031012
48,146,7,0.31165857343177183
48,209,48,0.3433265186061425
48,158,39,0.3123662544584938
48,104,143,0.38647854533955694
48,74,125,0.3427644937089964
48,193,65,0.34159934145090026
48,238,184,0.3242649996741711
48,67,110,0.3736937122551077
48,227,15,0.34690006983583827
48,211,77,0.35676209638369993
48,87,5,0.9
48,132,114,0.39386082474636486
48,225,134,0.35895241586090054
48,68,34,0.3717334418777629
48,224,55,0.31380427800894434
48,90,105,0.3337222745586709
48,240,10,0.9
48,173,69,0.3593364015637708
48,217,95,0.3871198471444405
48,10,51,0.31855498635200374
48,241,123,0.38786443956008343
48,231,195,0.3753138181335972
48,234,199,0.3448876618755772
48,51,136,0.3645612899666075
48,245,118,0.31465390889182043
48,58,61,0.39364876801958015
48,166,158,0.3385136692098001
48,236,188,0.322470598297877
48,121,100,0.3657368265397858
48,179,43,0.37297039886876127
48,167,91,0.3747331348431904
48,162,183,0.3913184793721586
48,151,42,0.3832557373785912
48,213,30,0.39100814180288446
48,100,109,0.38929996137806455
48,60,46,0.3018018335984926
48,88,28,0.3979741960230798
48,136,106,0.31746424868182976
48,237,82,0.3862743486391882
48,239,74,0.35770170316903105
48,43,76,0.9
48,125,11,0.35593092339969346
48,171,71,0.3487330805649603
48,6,129,0.3811037311886847
48,53,59,0.38377145779699173
48,244,124,0.3916367297242427
48,84,194,0.33544812460781415
48,196,156,0.9
48,124,152,0.2762665854309344
48,144,131,0.20364667251434176
48,203,84,0.20740989477415842
48,216,181,0.26245988979874507
48,24,92,0.2127913837634075
48,226,108,0.2597550925843023
48,117,119,0.246819525578158
48,235,6,0.11573361069280955
48,232,115,0.1313369426719671
48,233,113,0.2545933543722134
48,101,2,0.20899738728469544
48,18,153,0.2591874673342135
48,81,191,0.19176966010817503
48,46,167,0.20199514272063715
48,75,70,0.21167498263225032
48,89,47,0.23444077250531528
48,210,72,0.2543283099728695
48,154,14,0.22988793857785586
48,215,168,0.2511312092018549
48,80,88,0.10047585727303561
48,120,196,0.13673626347478982
48,219,161,0.2813470252650223
48,115,83,0.2480652965221584
48,222,78,0.27105427253146275
48,185,185,0.1158673311367375
48,69,85,0.1099960163788767
48,253,163,0.11124642182100093
48,156,57,0.21998529026120145
48,204,3,0.1243662453305953
48,56,12,0.2713889723814177
48,76,164,0.10793298644660448
48,220,99,0.272366385323318
48,246,29,0.11221115044074376
48,44,141,0.22072071408886082
48,160,145,0.2582757552530396
48,198,179,0.18460770217112094
48,143,144,0.23218660221387982
48,17,102,0.2866045501466684
48,195,146,0.2947052327359966
48,250,31,0.24525506661335642
48,123,162,0.17117225458932284
48,63,26,0.19842145656677346
48,98,53,0.2542639700472932
48,15,137,0.1761488440360699
48,251,116,0.2440676251665447
48,64,19,0.24543429513656087
48,161,142,0.1651361746492287
48,79,140,0.27841713059373463
48,180,17,0.2291678135639874
48,252,90,0.2871727380656064
48,187,159,0.2111049936902408
48,122,56,0.18754050203905726
48,170,170,0.13231604885196596
48,254,139,0.1920489444439649
48,242,130,0.25407999063386205
48,155,21,0.1651409218109865
48,133,32,0.1921696068248867
48,199,122,0.2699443343571599
48,202,63,0.1315593580201473
48,248,35,0.17553962607598694
48,107,180,0.2839803817633816
48,106,20,0.2900373146280557
48,52,18,0.23385911472538642
48,109,64,0.15784493961326576
48,5,160,0.2745662396100319
48,72,52,0.15468437048379746
48,206,135,0.22547839564733846
48,218,68,0.12916680468055836
48,190,172,0.20157720515085453
48,197,50,0.2982347050649324
48,28,166,0.26457905175531327
48,214,22,0.13783568637099342
48,8,169,0.28297611918006127
48,30,117,0.2195179530140644
48,186,67,0.16458523812725412
48,247,197,0.18744820378502264
48,207,150,0.23289943385432052
48,184,4,0.21908046915907464
48,38,33,0.1466143989585944
48,164,171,0.2941936489516008
48,178,93,0.2722422561647081
48,175,112,0.1461778624665712
48,176,37,0.13033639081830178
48,229,174,0.12231832152262156
48,41,126,0.18897568631961137
48,126,189,0.14031859606437685
48,188,24,0.24540050643016573
48,71,182,0.22088176758144437
48,159,176,0.26696973663712165
48,157,38,0.1708651827036144
48,131,94,0.1712187128013562
48,212,138,0.1970212058763898
48,243,36,0.2309211225320469
48,1,154,0.26511146473825514
48,137,103,0.12440807752034155
48,110,75,0.25520156490615714
48,25,111,0.1282976562396397
48,200,27,0.1513097668616394
48,255,13,0.186345957257824
48,256,40,0.2738088584353947
48,257,66,0.19052559223521254
48,258,157,0.19420805411452619
49,212,15,0.33235334350781987
49,18,153,0.35239169200028186
49,224,55,0.31393208285005103
49,167,91,0.3938119276007791
49,87,5,0.9
49,12,43,0.38250680265268944
49,76,164,0.3214653313894721
49,236,188,0.39629374053105704
49,156,57,0.30543556385636583
49,206,135,0.3735140266671536
49,43,76,0.9
49,257,66,0.36127942591489426
49,68,34,0.39821255951391965
49,210,72,0.3920130928252237
49,158,192,0.34457134796174993
49,249,193,0.3848986272726693
49,132,65,0.3295047938219383
49,133,32,0.35021072781510143
49,256,40,0.3887769741627395
49,222,19,0.3603375920317099
49,100,24,0.32289019811377184
49,137,111,0.39823095657138075
49,233,113,0.394131299220031
49,121,100,0.3178403797445817
49,193,60,0.9
49,195,162,0.36272478932271635
49,154,25,0.36538325077899747
49,51,68,0.35240297642390106
49,190,23,0.3323398736798455
49,226,88,0.35907024375235475
49,75,132,0.39422961587358163
49,72,67,0.35338100245298176
49,255,151,0.3793378801024888
49,106,86,0.9
49,243,171,0.3528573997929646
49,232,108,0.35389712228745374
49,104,63,0.30646824147682766
49,136,177,0.32310988236213956
49,155,105,0.36824949967511034
49,170,102,0.39246235680704167
49,245,118,0.3583343774410491
49,74,125,0.3205761249861411
49,231,195,0.3553229621992453
49,182,50,0.3289384089814593
49,56,12,0.313487497223536
49,103,39,0.35468191074396904
49,238,184,0.33682146212843156
49,209,1,0.322144459274574
49,157,128,0.3895243996470854
49,217,182,0.39609735597726314
49,252,81,0.3568749798172052
49,223,158,0.3133293405593124
49,247,94,0.30051132334614694
49,215,4,0.3352242100234397
49,187,144,0.31103571025364785
49,8,154,0.3177502395027846
49,205,27,0.36972781350298445
49,176,109,0.31965718467642823
49,213,30,0.3617121051680251
49,239,11,0.3902969561888189
49,218,112,0.3591029209872867
49,199,73,0.3351187109613718
49,81,191,0.2869017467387462
49,58,74,0.23907532548481747
49,235,6,0.14470050961863604
49,59,9,0.24638235408270856
49,24,92,0.19550038009372828
49,122,145,0.14641153394533998
49,203,84,0.16899445162353083
49,253,163,0.11434525562694217
49,78,8,0.2069029600961068
49,216,181,0.22749362516974414
49,220,142,0.299894792579827
49,89,121,0.10500998231362302
49,250,31,0.10474080017094549
49,188,96,0.12473632575258493
49,159,176,0.23916012529409425
49,109,64,0.10900087196316269
49,160,141,0.24596401312516472
49,124,152,0.24537390491766037
49,185,185,0.18383997215172398
49,80,116,0.29524352375453766
49,200,2,0.20068113705184043
49,120,196,0.24679459583874486
49,98,110,0.25234465408286644
49,146,101,0.26179975004344513
49,234,199,0.17801733404450404
49,184,28,0.23091656408068317
49,60,3,0.23847538092510573
49,168,186,0.18167181346064024
49,173,107,0.10057397545672436
49,41,18,0.12485975179643327
49,228,61,0.2763970814430463
49,115,83,0.2134561602072899
49,15,137,0.12652475563627624
49,123,49,0.2933642371227042
49,117,150,0.277289951689379
49,196,198,0.2131165080278958
49,44,0,0.2544291252336963
49,53,59,0.19345163704823512
49,17,35,0.2748318081549228
49,126,189,0.21351012702156005
49,90,21,0.266025128574673
49,254,69,0.13394306144185084
49,28,166,0.14268823389658067
49,219,172,0.17380917307043375
49,171,14,0.1292961574247824
49,186,169,0.2371333410110381
49,244,168,0.2957798273155376
49,251,161,0.120913140164318
49,237,124,0.20967991687819554
49,179,46,0.2987525154877473
49,214,48,0.16411250744327732
49,67,143,0.11557765026540416
49,30,114,0.1296502121810428
49,258,80,0.18739140022421463
49,198,85,0.25021828266064444
49,175,180,0.18623852263371882
49,110,148,0.13613953189384007
49,5,173,0.2235317972819988
49,161,77,0.167359505582108
49,180,126,0.247587543789773
49,10,71,0.1822563211976891
49,163,38,0.1213795831608471
49,46,7,0.11617646997759347
49,241,51,0.13282659525521157
49,25,54,0.13635736661485326
49,144,16,0.1245038870251435
49,229,134,0.2556832381479841
49,207,62,0.15990124424765206
49,151,120,0.25199066305484197
49,211,194,0.2829982359815928
49,52,70,0.25184830024543237
49,79,58,0.25343095563870804
49,162,187,0.17500413490101063
49,16,190,0.11969141187061533
49,45,20,0.29616552055772316
49,1,13,0.2972746401743086
49,242,130,0.11323454973626784
49,69,53,0.25712320290975255
49,204,104,0.24570112446017778
49,63,117,0.11952121294932697
49,240,26,0.14702503239952092
49,201,165,0.2891080291459652
49,71,41,0.20528287811110466
49,64,78,0.2564538731078474
49,107,146,0.14991454158431
49,202,160,0.25480093694283995
49,197,95,0.2939656903251707
49,101,82,0.15988880744916567
49,38,103,0.2673867399868326
49,248,170,0.10958552535228633
49,131,197,0.28877022684327786
49,88,115,0.17549026666464818
49,143,178,0.15806283536421253
49,55,17,0.11927811762024824
49,246,175,0.23534783475827434
49,164,47,0.14931302771870614
49,62,136,0.21397556874007567
49,225,149,0.1958022363790854
49,178,122,0.299067582451564
49,259,42,0.1774363099373822
50,233,113,0.39587722676317116
50,126,189,0.30057574998666114
50,104,127,0.3978973583733586
50,235,6,0.3936695687402504
50,43,76,0.9
50,133,86,0.9
50,213,149,0.3458086720590604
50,202,64,0.3036062508312564
50,226,88,0.37055093929641214
50,78,8,0.9
50,87,5,0.9
50,81,32,0.372733756612741
50,254,69,0.33819441040869114
50,250,31,0.3595469972553158
50,204,114,0.3075652413747831
50,136,177,0.3546856471340759
50,30,108,0.3235145988324174
50,182,50,0.3885960990238745
50,234,197,0.38905998781543805
50,56,12,0.3897268407675093
50,28,145,0.32884790635650235
50,18,153,0.3770108049232891
50,45,39,0.374443916231345
50,220,116,0.3344856963406619
50,214,1,0.3818529998565555
50,144,55,0.332538663976046
50,46,169,0.30185254207585266
50,51,58,0.3890796002688204
50,253,80,0.3719026304001396
50,98,63,0.35307614451371017
50,224,36,0.38497448749585284
50,131,107,0.31992195772785403
50,167,46,0.3497634604431844
50,64,78,0.34603402088742463
50,132,77,0.3065660910954109
50,179,175,0.3641145611978769
50,162,14,0.3904005849730119
50,115,18,0.382746740879515
50,247,94,0.3440106931428017
50,88,67,0.3570874589113642
50,160,165,0.39367198597730657
50,228,27,0.34330115869742206
50,38,160,0.3210859284126585
50,143,3,0.3877679498321682
50,198,26,0.3611293323592939
50,41,190,0.3299725443218875
50,166,87,0.3776280805262694
50,68,109,0.39984304104508284
50,15,174,0.3088073906605707
50,196,156,0.9
50,159,170,0.34537936510733036
50,72,33,0.31657138964660525
50,216,181,0.22533203372814897
50,203,84,0.26889443690888315
50,75,132,0.28943096235024335
50,206,135,0.13909085697469636
50,24,92,0.11304675390041397
50,242,130,0.1691445732443728
50,245,118,0.19099590685921175
50,257,66,0.16032029003330853
50,249,193,0.1780460679534473
50,110,168,0.2058983843618048
50,222,19,0.19092405246496408
50,259,42,0.20541486900573963
50,156,57,0.13858867802521355
50,187,144,0.23569877737311784
50,210,72,0.15575358792069818
50,231,195,0.2280742009782122
50,236,188,0.13935896446571977
50,251,115,0.12201169352182979
50,120,196,0.24593196431410885
50,205,89,0.1559172785973037
50,185,2,0.12052641174403977
50,171,17,0.2519305895690903
50,89,121,0.18063826997680088
50,158,192,0.15841952462252215
50,67,143,0.2439291442357801
50,12,16,0.2829534927478674
50,232,161,0.18159327396812625
50,223,158,0.108671406207991
50,55,68,0.28388018992682107
50,103,20,0.13747406446617988
50,219,30,0.16341352325746827
50,168,186,0.11974170120677435
50,90,29,0.24293560821122828
50,76,164,0.12713637649429232
50,121,180,0.24305794617172263
50,59,9,0.2666325258883897
50,207,47,0.10526502230613423
50,256,40,0.16536005036906648
50,100,83,0.20980930307664747
50,188,25,0.2494477141858556
50,63,95,0.2548337316379945
50,71,44,0.17873580646645146
50,124,176,0.11188240771323345
50,122,105,0.23085017460109925
50,117,150,0.2820418377445464
50,173,194,0.21342771903392574
50,151,70,0.2520789986098687
50,163,38,0.2756935998291578
50,190,24,0.2724261272153939
50,209,23,0.15093387296329885
50,218,146,0.17264293201465664
50,17,159,0.1791176119356291
50,58,74,0.1141015163934136
50,80,65,0.185624530759325
50,62,167,0.2879759705632091
50,255,48,0.1854502071629484
50,258,119,0.148028709170436
50,215,162,0.2755715366638122
50,238,184,0.28031378955858816
50,201,56,0.18072047399111305
50,237,157,0.19432672551251073
50,195,82,0.10605265595398299
50,241,172,0.10770614307092474
50,155,166,0.17316176600019256
50,53,191,0.23104125726145205
50,107,97,0.19607407705385516
50,248,122,0.17569649171392082
50,109,98,0.18860542127746463
50,74,147,0.15994351400404905
50,240,71,0.16848180965296483
50,199,79,0.23031949784711805
50,246,91,0.27261583709964793
50,8,15,0.10121515803335851
50,137,131,0.1527220450285816
50,197,117,0.2140962436113234
50,252,73,0.12314783658055833
50,229,134,0.29151796292052445
50,244,148,0.21879947492385804
50,101,112,0.25588336372538634
50,164,99,0.16960550863770452
50,1,183,0.26587808363237586
50,69,0,0.16731071436071354
50,217,101,0.24648897894443295
50,186,22,0.18386535747950067
50,10,199,0.2280910355310025
50,170,129,0.1728108016803296
50,176,138,0.11163118556508962
50,5,103,0.29122907414180194
50,211,182,0.10905598315697194
50,79,140,0.1451524520407584
50,157,178,0.16229419725666772
50,60,106,0.25418659069853256
50,193,41,0.2999659767240825
50,52,4,0.17704781743170211
50,178,124,0.2225708681192965
50,106,93,0.12852676446133285
50,123,54,0.13033522538195044
50,239,7,0.20571727327995754
50,154,37,0.12875802238593917
50,200,142,0.2958509162306026
50,180,155,0.1388919089772565
50,146,96,0.28169132022672405
50,243,171,0.13210449953554032
50,48,141,0.2823540177930275
50,25,128,0.23720382577633345
50,175,62,0.2426168446585452
50,225,51,0.24599490553090753
50,227,13,0.2766849526913065
50,44,45,0.22188197754676026
50,84,104,0.2733179353738133
50,260,53,0.2138317716963623
50,261,111,0.15851287030769828
50,262,139,0.2721604388659473
51,58,74,0.36511760593948284
51,104,127,0.35998372327455086
51,187,144,0.3485366464899756
51,126,114,0.3961229719125876
51,215,162,0.308469284544698
51,257,66,0.37374182262117417
51,261,111,0.37360867186038593
51,158,192,0.3977277966936993
51,87,5,0.9
51,98,173,0.9
51,229,134,0.30472553278769315
51,30,148,0.3192864836625323
51,28,141,0.35833382501402944
51,5,43,0.3467502266536005
51,238,184,0.399163616224391
51,24,126,0.3704089471549503
51,234,60,0.9
51,254,121,0.35407193452455876
51,214,23,0.35578442569623403
51,110,115,0.37823254143051166
51,17,147,0.310626554148065
51,76,164,0.3508516382374709
51,249,116,0.33471989367071053
51,180,156,0.9
51,207,108,0.32044097865107357
51,78,8,0.9
51,201,146,0.34266987498502866
51,256,40,0.33523570279737125
51,244,75,0.32038782450110015
51,220,189,0.3592014022741705
51,250,179,0.3218932767399274
51,228,89,0.37336550550668035
51,155,145,0.37790490541317323
51,63,182,0.37795061349670456
51,123,0,0.3666200600846883
51,233,77,0.39766519522611476
51,163,64,0.3075783345991381
51,167,46,0.3091879078706136
51,38,129,0.3094614145881541
51,200,107,0.3037247234859103
51,255,61,0.3951123169706343
51,259,112,0.393858985677511
51,210,124,0.3563838966965869
51,74,105,0.395864455551177
51,202,98,0.3720708558467618
51,121,100,0.3796305085111982
51,235,154,0.3241674981276139
51,176,96,0.3648615604038783
51,67,59,0.34254022994375305
51,252,49,0.35512243453092374
51,225,11,0.39834395223532615
51,117,181,0.13343577404554482
51,216,150,0.2180403444905722
51,222,19,0.16794174695121594
51,245,118,0.16622095415326943
51,213,149,0.2435476196828778
51,12,16,0.1115098204646678
51,262,69,0.11819794296068602
51,247,94,0.12026542701882008
51,81,32,0.10032490402336883
51,168,186,0.19256497494706704
51,56,12,0.28235121727641965
51,75,132,0.14745143807794137
51,203,84,0.1446372976950394
51,90,191,0.2709429145620638
51,231,195,0.26521134662567303
51,136,106,0.2678975904483798
51,236,188,0.1665233321473058
51,182,50,0.260264352594461
51,185,2,0.1017381361239177
51,209,168,0.13143290628344473
51,205,161,0.11777229361477869
51,223,158,0.14725708861865922
51,197,67,0.17612716657266142
51,239,88,0.11986903793733902
51,80,197,0.15521579020687307
51,60,177,0.21253588043315216
51,144,39,0.2276056590236161
51,241,30,0.2237460986330173
51,59,9,0.18935313538282944
51,198,41,0.29373863286306967
51,18,153,0.17423546731634287
51,260,103,0.19710684634593945
51,109,102,0.15747755432882393
51,253,80,0.14582154119345964
51,246,36,0.2148010552315892
51,103,20,0.24614623055575827
51,120,196,0.21557775037359025
51,53,29,0.18244280943841007
51,146,7,0.10831449955938707
51,124,170,0.26541756825735396
51,151,15,0.20273263699713473
51,226,72,0.1782936245461953
51,84,175,0.13690491448442296
51,89,119,0.14705799888427
51,219,56,0.18704155503821035
51,160,166,0.16459785378509278
51,211,198,0.23495730276117016
51,258,104,0.25699370430711654
51,137,172,0.28570648479885297
51,204,65,0.18528680206017603
51,251,82,0.2469929597475002
51,68,22,0.2185974708362318
51,115,18,0.2933794079898538
51,162,47,0.12839397962121402
51,243,137,0.17258604147706885
51,101,176,0.2995731783267653
51,79,152,0.21799176309012455
51,178,169,0.28692967448154644
51,107,97,0.15776361402353128
51,242,31,0.12063425448459766
51,64,70,0.19509993631512884
51,45,160,0.10022174857357145
51,232,51,0.11749527884346417
51,248,68,0.2544141790113851
51,15,33,0.2942320629541568
51,10,71,0.12903956798660082
51,193,25,0.19912989363947425
51,196,194,0.15282488945217745
51,227,95,0.1038067220429008
51,217,87,0.14391420641938368
51,171,120,0.25348760999210573
51,131,52,0.1333307472832096
51,133,21,0.1559971554450764
51,52,131,0.2767315352595755
51,240,193,0.26815380066441186
51,25,54,0.2031633703554766
51,218,180,0.17714873197139291
51,166,37,0.19618136504356365
51,195,4,0.29911383068194264
51,157,110,0.18629568685583436
51,164,24,0.25913577289386236
51,46,101,0.18124213636669567
51,237,163,0.20063953753191888
51,156,62,0.11024321444328666
51,199,10,0.18484008201286378
51,179,159,0.21509874002080429
51,100,92,0.10748027549387762
51,206,73,0.11138187054651644
51,186,48,0.26842493606645734
51,159,133,0.10884116309708242
51,106,35,0.25733408915586065
51,51,128,0.27605349826960746
51,1,99,0.15238539251181626
51,154,34,0.22203824920225856
51,43,143,0.12774411761115861
51,224,42,0.2662466435781822
51,184,28,0.26981295789400617
51,8,6,0.21110438146602667
51,62,167,0.2695114963494332
51,132,155,0.1779183445191202
51,170,125,0.17377503733881294
51,188,151,0.25237296178988256
51,71,183,0.21557111919313302
51,190,13,0.24816525485929772
51,48,1,0.25392522018270736
51,41,109,0.286140186054448
52,185,2,0.37322806151521737
52,58,74,0.37514163775977916
52,168,186,0.3889697707152896
52,136,177,0.3245278806395137
52,182,50,0.3651505705412965
52,223,158,0.3589067161332895
52,12,16,0.37486452538070714
52,158,39,0.37999061816950186
52,78,8,0.9
52,104,63,0.30057023746498457
52,215,162,0.3827856293090648
52,120,196,0.39673154663526045
52,239,135,0.34350576836333835
52,18,92,0.38820674848376524
52,5,119,0.31912035179341336
52,235,154,0.3683192267376456
52,237,47,0.3388292988450118
52,159,147,0.388969189260849
52,10,71,0.32913709413607095
52,213,149,0.3199355588279712
52,234,60,0.9
52,90,173,0.9
52,226,72,0.32011918818918905
52,240,116,0.37809743966981557
52,260,45,0.3123822134975102
52,186,1,0.37007125719000755
52,233,194,0.34763117426046586
52,187,64,0.3965225711135201
52,1,185,0.309389972159655
52,255,61,0.3583786875384738
52,15,33,0.3076622339969992
52,251,148,0.30291336265035557
52,76,164,0.3713183599577292
52,246,79,0.36960389011291495
52,259,42,0.39980523442524196
52,232,123,0.3426869239544442
52,107,146,0.3080363397731659
52,176,183,0.38540877578713206
52,60,171,0.3212959482109471
52,126,57,0.3358872216702482
52,253,163,0.34693424004746154
52,68,87,0.356862641774495
52,131,27,0.31265588654604054
52,109,102,0.3271510399566073
52,247,117,0.3834640715862506
52,231,91,0.36700874496985036
52,144,175,0.364548632377226
52,261,53,0.3465475540507823
52,163,159,0.32440160389103945
52,121,58,0.37396312233121576
52,248,180,0.3916699048110346
52,204,169,0.3388849878439261
52,132,190,0.31861283655400996
52,211,13,0.32256636612048584
52,71,109,0.36773898669322513
52,245,118,0.21271068307364535
52,56,12,0.23745599613477467
52,117,150,0.10763806604310756
52,262,69,0.11903130192327763
52,236,188,0.17518111647835177
52,103,20,0.1340007142556222
52,238,184,0.17106075545626306
52,257,66,0.2082957814409024
52,98,86,0.14331864546463166
52,24,126,0.12156731867357298
52,59,9,0.10593869890243127
52,155,141,0.1497147875205676
52,62,167,0.1852416053238635
52,75,70,0.28497010857904026
52,222,19,0.12551475188040412
52,254,121,0.23376095401566083
52,197,31,0.11662968453751518
52,110,88,0.2636365224511084
52,228,108,0.24176788152062947
52,100,23,0.2144670605094921
52,220,67,0.29875259073906374
52,44,130,0.2529158083500511
52,166,37,0.23291774487558745
52,167,55,0.2338079726222859
52,52,179,0.22670690586153727
52,28,195,0.1371040720081174
52,81,32,0.21442385218950702
52,203,84,0.2927070213623071
52,202,170,0.17802828374264174
52,229,137,0.1957426820778771
52,210,124,0.12102011176848707
52,241,56,0.25894937182710753
52,217,22,0.20243392577359048
52,133,166,0.20001271349475513
52,256,40,0.20410560870218677
52,195,4,0.2785250610898348
52,25,54,0.21457686044269153
52,53,105,0.10133940015165027
52,184,28,0.2416737006826481
52,205,172,0.2588812199460704
52,17,29,0.1380031644253624
52,8,14,0.14932176679542494
52,154,6,0.2408296440679609
52,193,198,0.2966545603407716
52,201,120,0.17673632956130136
52,101,93,0.17354877844947192
52,188,78,0.299418656734956
52,160,0,0.17724309554970735
52,219,152,0.21757473472642325
52,162,131,0.2960961014781581
52,67,59,0.2753183893629805
52,209,97,0.12024285166072238
52,156,157,0.12448780909307516
52,80,199,0.1248033083704153
52,250,106,0.10694722540975761
52,244,75,0.13414677579172848
52,206,122,0.18978456116633713
52,207,17,0.13907680989798887
52,249,52,0.29106554036830645
52,216,104,0.20555222989792896
52,41,41,0.17593543573457132
52,196,77,0.19585114421431077
52,170,176,0.2802572668072756
52,79,144,0.14802516083260178
52,51,160,0.23731786737081245
52,242,103,0.10583818076188345
52,89,139,0.2934376566014519
52,45,125,0.22663396012484865
52,146,51,0.1671450521883906
52,258,85,0.11731883858304609
52,74,191,0.1499218290127778
52,115,15,0.26178005851569486
52,190,193,0.29006889014745696
52,87,189,0.280907077882978
52,124,35,0.11775183083791116
52,252,49,0.19444331775833007
52,243,110,0.12615602067642973
52,43,192,0.21653837067709597
52,179,129,0.27645765775113296
52,198,95,0.2483265751769771
52,157,127,0.10391450151955466
52,137,136,0.24157013893283347
52,200,44,0.23870663960563385
52,106,38,0.14165978030908213
52,143,10,0.17143224835141513
52,214,30,0.2561533817907824
52,72,174,0.1643985162924126
52,164,24,0.2125077880606785
52,64,34,0.19515381188792996
52,227,65,0.12662267251973874
52,178,96,0.2584664127336762
52,30,68,0.2742118339545806
52,88,62,0.19900951999446498
52,63,155,0.14885090915938423
52,46,48,0.23603307647656405
52,151,11,0.18191932970470115
52,175,107,0.1128620449268675
52,180,151,0.18722491986794715
52,55,128,0.2633565373403839
52,122,178,0.19591214248201133
52,218,80,0.24417245409402152
52,123,36,0.2877668839444439
53,236,188,0.38214939026319983
53,168,186,0.3783591132143844
53,262,69,0.37588499901698247
53,249,65,0.31920102339304485
53,15,33,0.3838453896664389
53,12,16,0.340981035152322
53,64,156,0.9
53,81,191,0.37050911293384026
53,245,118,0.3233280628039365
53,10,71,0.3358532342968279
53,220,5,0.9
53,117,150,0.3766765057004159
53,195,4,0.36190879429081446
53,80,117,0.30626330507695876
53,46,83,0.3671114367813708
53,78,8,0.9
53,157,127,0.3663951212897055
53,63,18,0.3836823662398212
53,107,146,0.3074568389570368
53,242,21,0.39014944093420956
53,213,90,0.30666435241536194
53,215,162,0.3036414262713838
53,205,135,0.3746751417138712
53,185,185,0.3343129312097272
53,56,23,0.3859010671701243
53,234,60,0.9
53,197,103,0.3166454547454004
53,259,112,0.34827880461263394
53,133,145,0.38109248012016206
53,227,14,0.38413675420645
53,144,175,0.37532516524085424
53,58,22,0.343865123972426
53,243,165,0.3909883482195612
53,254,47,0.37337253529101866
53,250,134,0.9
53,28,56,0.3653318046297924
53,166,37,0.3084290352942721
53,87,89,0.3850559652283052
53,137,122,0.36014990536388247
53,200,94,0.3379805643363848
53,175,194,0.340477700381169
53,136,3,0.3590723984583698
53,209,73,0.354251908786001
53,163,147,0.34976642434493294
53,182,101,0.35070203274568945
53,247,26,0.3825581288321619
53,251,120,0.30271012022884275
53,162,79,0.3934019893686199
53,167,43,0.3564393906994564
53,258,10,0.36774960350982255
53,186,123,0.3265864166801931
53,126,107,0.3435274995836183
53,232,27,0.353301168935352
53,131,13,0.39477493774144334
53,231,53,0.3707266993332856
53,255,183,0.32517973610397255
53,178,109,0.34929695111623515
53,8,130,0.34632629565320694
53,123,31,0.39529269370171327
53,184,28,0.2364963986300456
53,252,49,0.1777860912997266
53,88,163,0.15414305108610415
53,222,19,0.2965971346390599
53,76,164,0.23978282809469065
53,198,77,0.25977680683787796
53,158,39,0.19725161958079762
53,238,82,0.21508161750262322
53,120,196,0.17589416921647633
53,62,167,0.1965801122982766
53,59,9,0.21469711875069108
53,164,24,0.285384141155129
53,210,124,0.22016790575506717
53,18,92,0.17243774748787688
53,43,195,0.21855672010591903
53,109,102,0.21889345216160763
53,110,121,0.16434392357902122
53,122,172,0.1858925349951348
53,223,158,0.2697022169919293
53,154,2,0.1466835739480554
53,196,113,0.23451572893665554
53,239,141,0.24967980048939487
53,121,170,0.2974847507286142
53,51,143,0.16224800838266773
53,98,32,0.2824922299683123
53,235,154,0.24154450959839674
53,216,67,0.2932577136233332
53,246,157,0.2725406819694437
53,89,139,0.10024386429278637
53,256,40,0.22757133573986235
53,229,177,0.2958136298442049
53,240,161,0.18533466562226703
53,217,11,0.17493137932283415
53,79,0,0.2827092826785354
53,104,110,0.17815899518801337
53,5,88,0.11893812507645007
53,72,171,0.1765579923106608
53,30,35,0.21891235746710022
53,67,59,0.2199804181508678
53,55,144,0.2936051135053831
53,106,152,0.2639615707693598
53,214,29,0.13203347106061702
53,25,140,0.2083565031660293
53,244,75,0.10930183758167444
53,260,45,0.2500992180733025
53,151,50,0.2293832041891739
53,90,86,0.16263926281555083
53,187,64,0.22778256442013195
53,204,138,0.1280352675485061
53,190,57,0.20769179661446965
53,124,159,0.1267456742913637
53,237,114,0.1848843412488781
53,257,62,0.11037564411474693
53,170,68,0.10713826251500201
53,44,44,0.10824620990672754
53,226,168,0.22879355117701394
53,115,190,0.2580536749084552
53,211,6,0.28086448951871024
53,155,81,0.24469329626039366
53,156,136,0.2004356341540181
53,53,166,0.23011822374482993
53,68,87,0.21953926644630212
53,207,51,0.21056745832973692
53,176,193,0.21850291689176352
53,52,76,0.211438764661613
53,103,111,0.2539045225244161
53,1,148,0.1150303415023617
53,253,119,0.1520195679038292
53,219,38,0.12412411709708987
53,180,78,0.21102504646503506
53,241,128,0.24067307986824915
53,206,58,0.1492808831314309
53,60,106,0.21721446868687241
53,261,137,0.17265726760971567
53,100,116,0.23950576038032992
53,228,30,0.2178277905463883
53,71,48,0.18936188652052838
53,224,180,0.19053672582568243
53,233,182,0.24007886540737386
53,24,99,0.11835235719798493
53,75,15,0.17351971541001915
53,218,104,0.10472967167856745
53,193,169,0.10021841366620982
53,143,85,0.14341368393663084
53,146,131,0.11695344708729748
53,41,199,0.2901347737833433
53,171,42,0.14356919184613895
53,161,95,0.20971995238662341
53,201,34,0.18211775502805527
53,173,25,0.13921521693404976
53,159,149,0.2310352176696734
53,203,1,0.2097063712088006
53,199,197,0.28518062772781116
53,248,151,0.22022692862720047
53,212,155,0.2407203429115566
53,263,41,0.19054244117310323
54,117,181,0.3915959704012698
54,262,69,0.3393345095759428
54,109,102,0.34110338187165035
54,260,45,0.3320163982079761
54,245,118,0.35898629069613686
54,80,117,0.3091628000665068
54,12,16,0.31304271488474245
54,209,159,0.3167699744595446
54,259,112,0.3249802823411582
54,157,127,0.3364138640773093
54,98,173,0.9
54,10,71,0.33729042142697185
54,59,9,0.38013414988595395
54,133,141,0.3753649477716371
54,176,189,0.3992768872723381
54,164,24,0.3701240503384412
54,199,198,0.3465553651843176
54,254,47,0.3928868855726655
54,78,8,0.9
54,202,170,0.3381718022718062
54,205,178,0.33455933849573916
54,100,197,0.36313258016676253
54,122,7,0.39876019141090413
54,68,87,0.3571122903848257
54,124,0,0.3429012427446081
54,240,168,0.30456496870012806
54,226,75,0.34163129009732623
54,197,21,0.32702582169899835
54,253,31,0.34091719137567966
54,72,134,0.9
54,71,48,0.33682636308254743
54,187,133,0.337511049366838
54,167,150,0.33793631260931545
54,89,121,0.3856769764982899
54,5,12,0.33346333549677454
54,227,88,0.3550911720410882
54,204,74,0.34433968429321365
54,87,1,0.37082073063289367
54,159,51,0.3721439646318273
54,247,26,0.33601561208371966
54,28,136,0.3797117909791262
54,162,135,0.3495335531385421
54,231,177,0.36023821366205
54,144,166,0.30525563515441945
54,213,55,0.3472817094307328
54,15,10,0.3563172610293147
54,107,97,0.3603644060668485
54,255,52,0.3451050963653475
54,211,18,0.3991062226110923
54,196,44,0.3129781417096849
54,246,161,0.36426576607976113
54,186,116,0.33160023406866795
54,136,43,0.35276946262153375
54,1,42,0.30456883399258916
54,25,98,0.3186898859160916
54,243,129,0.32486601359375555
54,58,13,0.3367912525776239
54,81,32,0.19964306178685004
54,62,167,0.2258849667801786
54,158,39,0.17997969770194325
54,235,154,0.2528716374501001
54,210,124,0.29142964334143673
54,76,164,0.15976065401264133
54,185,185,0.25206888057663995
54,56,23,0.2428854328948743
54,223,158,0.155926838298781
54,263,41,0.16772955389215854
54,222,19,0.10328079743310342
54,90,86,0.1461911547750156
54,215,162,0.12470579248561775
54,238,82,0.16119842996892889
54,18,153,0.2904291955326602
54,115,190,0.20247007568270076
54,182,101,0.2567694446091575
54,41,67,0.14235181718820086
54,184,28,0.1448196272103683
54,198,77,0.14009864380429443
54,237,113,0.22716846573718638
54,173,65,0.1930293891109
54,233,25,0.2727359353827707
54,170,180,0.10524576230489491
54,229,3,0.27547360855479164
54,203,156,0.23524017340737904
54,228,192,0.21143527809467633
54,250,76,0.10246701356066354
54,43,73,0.29225798364882216
54,216,199,0.2822192911800005
54,156,58,0.22770210668756125
54,60,53,0.24198654929414462
54,24,193,0.12024995003905536
54,8,171,0.22800063066075904
54,53,165,0.2066540816525829
54,146,63,0.2439845453258825
54,166,37,0.22310379518085183
54,126,107,0.1531909483430558
54,104,110,0.21521103242740258
54,257,163,0.1972743178395514
54,249,95,0.25916868682609684
54,178,11,0.17314241332423408
54,110,66,0.13387474259959364
54,67,59,0.1326984373580778
54,88,172,0.2189375059677838
54,232,183,0.1273422835617805
54,195,184,0.22259214225045715
54,44,194,0.12069940288575837
54,171,54,0.12501706477378566
54,154,70,0.2939863681507551
54,120,146,0.14351073555593094
54,155,90,0.2878653157288591
54,106,195,0.27707823492739797
54,55,147,0.1122740448566539
54,74,143,0.19354795661419516
54,103,131,0.24187890611955962
54,236,115,0.2864388747100738
54,168,6,0.13203888151782633
54,143,179,0.29636364959010997
54,45,35,0.27038798706317624
54,17,191,0.21069047827995466
54,252,68,0.27673434941975306
54,193,2,0.11961004529673644
54,256,81,0.1463093850944406
54,241,38,0.25667650251616325
54,123,57,0.22269658403785053
54,217,138,0.1038870741677139
54,160,93,0.2163347096846443
54,207,14,0.2920875478762264
54,46,132,0.2891504313693203
54,75,15,0.26586530982367595
54,212,182,0.13243779962243798
54,244,84,0.2508440820484039
54,190,62,0.2957600436261349
54,239,125,0.2570450985352513
54,206,122,0.19570857670608183
54,163,144,0.2931620160459898
54,51,20,0.14509998374063895
54,131,34,0.2451233652003537
54,137,64,0.12196210769258332
54,63,78,0.2556190333994524
54,261,106,0.19685930748144317
54,251,72,0.2369731502437368
54,234,50,0.10891021825785735
54,79,175,0.22396028592017309
54,161,108,0.1444096862087865
54,258,103,0.12159473261474876
54,242,160,0.17830449155897737
54,201,96,0.19504530075102067
54,220,80,0.20214491466165996
54,180,92,0.23828912202108032
54,224,56,0.22245798483527796
54,200,155,0.21526341630640744
54,188,126,0.22807126487863413
54,218,157,0.19659223451907626
54,151,151,0.23970373920768798
54,219,176,0.13821472127984438
54,132,83,0.18459905638536017
54,52,46,0.21103955577554045
54,121,128,0.18368170597181416
54,101,30,0.20786956766391068
55,184,28,0.3040201205680979
55,18,153,0.3579774450004434
55,262,69,0.33649934137120463
55,198,77,0.32552160525001284
55,78,8,0.9
55,81,32,0.38091064675913866
55,158,192,0.328486414407414
55,80,117,0.3450090030816074
55,157,127,0.3319457117794148
55,90,86,0.32334820289323585
55,187,133,0.3211942393125662
55,255,189,0.3530964865937529
55,126,107,0.33699605922170117
55,71,48,0.33529044757820525
55,68,87,0.37958620797850984
55,56,23,0.3620219413328988
55,10,197,0.3412290349544864
55,242,81,0.31622871443548484
55,17,191,0.3451547527304501
55,222,78,0.3556273723839535
55,263,60,0.9
55,224,63,0.323841597172818
55,238,168,0.34615348594804396
55,133,195,0.33327435062494626
55,52,42,0.39269068527912965
55,160,38,0.3221776650861486
55,104,110,0.33891919593765385
55,233,65,0.3910304103912533
55,254,62,0.31916729590136644
55,182,156,0.9
55,136,149,0.31774891829885005
55,98,29,0.30946230546658593
55,60,40,0.3514815054974829
55,217,169,0.34946544911893856
55,131,22,0.351954793969382
55,89,88,0.32119922152866787
55,168,18,0.38291436036262294
55,173,116,0.3144679312011258
55,247,5,0.9
55,205,175,0.3378092822440528
55,245,159,0.37523752133024213
55,144,166,0.3100699882794914
55,186,193,0.34417367514026
55,232,183,0.3602306215957187
55,101,61,0.35968484548931556
55,72,174,0.35764405700231194
55,253,10,0.3913880146458485
55,180,13,0.378339267659733
55,76,164,0.15907822433602495
55,115,190,0.2571161579173151
55,246,186,0.1372749964300888
55,215,162,0.1774486906397334
55,109,102,0.21139822531968322
55,164,24,0.24676160289734847
55,62,167,0.22351778623285184
55,259,112,0.15369064701926433
55,235,154,0.25142078440568405
55,162,135,0.2929560095067448
55,12,16,0.14231074813603678
55,59,9,0.18060382587449128
55,190,80,0.2963820798672392
55,202,170,0.1882434022639231
55,223,158,0.1948767935331554
55,53,39,0.2181453703266997
55,213,103,0.29278026430357873
55,117,181,0.13051614028860115
55,41,31,0.2800846655237528
55,227,115,0.17318068836650222
55,218,97,0.29723514893857
55,51,20,0.22991458890616906
55,257,124,0.294607251709159
55,204,74,0.19272362904370316
55,195,184,0.1661349674897849
55,211,19,0.14813058045998648
55,151,126,0.2236867043612055
55,5,2,0.10253722206752851
55,74,143,0.26413405225430125
55,166,37,0.20487485805961644
55,110,57,0.21866713039735294
55,216,95,0.2886849449400817
55,260,91,0.2909601007752437
55,220,196,0.12649676103199323
55,251,114,0.18792628303567271
55,106,111,0.2819536448152341
55,123,182,0.10195831730992144
55,206,118,0.2743156577617719
55,196,26,0.1670538367940022
55,155,157,0.22895975706370297
55,24,199,0.21692663511073396
55,28,146,0.182532669854966
55,120,136,0.20847843376265557
55,176,104,0.15472283776049306
55,258,145,0.1936641903953661
55,1,176,0.11268042434460253
55,240,120,0.25212644366450354
55,167,130,0.14454821981962512
55,143,43,0.2510336465084053
55,124,105,0.1392026087898176
55,43,49,0.2412311227240731
55,185,188,0.28369184896138555
55,207,71,0.20025448671179508
55,231,171,0.14653602108183011
55,58,1,0.2349014303233698
55,237,194,0.23587298657944444
55,87,34,0.27345501546580997
55,79,46,0.27297115426350105
55,161,180,0.16302807163211708
55,201,187,0.15074711966071042
55,15,85,0.25976011583975156
55,132,7,0.15622005979051126
55,210,82,0.27659707790132937
55,256,56,0.2018645808121563
55,154,132,0.17284582501480245
55,122,138,0.1991640354868116
55,163,152,0.29247760304034975
55,171,35,0.24637192810288738
55,188,99,0.1808392549228763
55,226,75,0.1857103591637728
55,261,106,0.2810725972086544
55,236,17,0.1617175494910302
55,25,64,0.18251259109988205
55,249,25,0.17848050404226523
55,103,47,0.1272301243972218
55,100,94,0.14069987244575
55,46,70,0.10145838832692325
55,55,125,0.2701524464500027
55,241,129,0.2884404000473862
55,229,177,0.10499087105865362
55,219,100,0.2923770613933531
55,121,90,0.19705699286265332
55,75,83,0.16443990980298534
55,88,108,0.19351614923749022
55,67,141,0.2484759067605893
55,45,98,0.21346635458998614
55,137,144,0.292980378950893
55,234,198,0.17030847556090012
55,63,92,0.23734712714277525
55,250,137,0.2300108286707757
55,252,178,0.18339092397562104
55,107,79,0.28382779959247506
55,178,151,0.12932788735395548
55,228,160,0.24592590550576834
55,212,113,0.263009504780576
55,44,50,0.1816268905205497
55,146,36,0.22892815359001334
55,8,33,0.24364455466580978
55,193,89,0.23515679420208296
55,159,51,0.2623122783662291
55,200,109,0.15922415022703135
55,170,121,0.11400835926891446
55,64,66,0.25389237330621894
55,199,14,0.13408151013911335
55,175,67,0.2931227251277929
55,156,139,0.2871219921852338
56,132,189,0.30504159361933925
56,10,117,0.3211198812581557
56,62,167,0.3408548617987459
56,81,32,0.3700673590818885
56,78,8,0.9
56,235,154,0.39239734073166477
56,187,64,0.32352386845019687
56,59,9,0.37914266008528597
56,198,77,0.3794968013185208
56,71,48,0.35643585816353884
56,167,5,0.9
56,144,21,0.3180104074834619
56,193,60,0.9
56,117,181,0.30044528151646055
56,68,87,0.35978778221076857
56,184,28,0.3547477941289683
56,233,114,0.3060379317287583
56,259,112,0.36636749406442215
56,98,145,0.3080392741393
56,227,148,0.34270456523256043
56,186,65,0.3189234077269629
56,79,150,0.33985250197719763
56,64,178,0.3640517908317472
56,217,187,0.3971790138252156
56,182,156,0.9
56,260,195,0.3277064906240704
56,215,146,0.30782299939569446
56,238,115,0.394191080358805
56,18,126,0.32431348912088565
56,53,46,0.3509016540393445
56,188,193,0.34922654944790565
56,45,122,0.3288206325952441
56,212,57,0.39140138304295335
56,175,36,0.31999947093803527
56,180,101,0.3867614624432031
56,223,198,0.36663010460511325
56,155,163,0.3831424546914405
56,195,184,0.31706668925850023
56,24,26,0.31051507753423313
56,131,61,0.31266297324757647
56,257,4,0.34324190105823704
56,28,196,0.3057641188851622
56,246,11,0.3968405318509093
56,90,105,0.37898942095142873
56,229,76,0.37785225223274144
56,56,168,0.363165160452381
56,143,40,0.3928562956179503
56,162,157,0.3023606802035301
56,63,109,0.37750838594627734
56,226,82,0.35850231290801216
56,109,98,0.3254546975069003
56,202,170,0.26221663436068193
56,164,24,0.17403111990413672
56,261,106,0.14967889534010284
56,157,63,0.18218431142287606
56,51,20,0.2677737380034141
56,104,110,0.19822750155379132
56,126,107,0.14659718552441706
56,262,69,0.10406310947916997
56,159,51,0.18617719882874612
56,12,16,0.16266544609649897
56,136,42,0.225258236116885
56,133,56,0.2569521931664447
56,185,88,0.258102359335597
56,89,161,0.22747111968267447
56,232,183,0.22096679359410196
56,166,37,0.23977547272818558
56,160,102,0.2597173965195655
56,154,132,0.22268178225731206
56,25,93,0.29069866474387207
56,245,147,0.2877629174139037
56,46,70,0.2941901971694874
56,256,136,0.12758355361709287
56,103,52,0.1857943263492673
56,76,164,0.23898989975062332
56,249,182,0.14324019446351907
56,236,17,0.247058252280082
56,80,197,0.23674434198016603
56,176,85,0.2216375530223508
56,263,41,0.17312060023430886
56,255,62,0.17151942485734317
56,146,90,0.2718975046581473
56,88,89,0.13121780845726508
56,252,177,0.16867661478652662
56,199,149,0.22130446296758094
56,55,38,0.10194282187954799
56,44,96,0.18094672037294757
56,178,142,0.28182459662352183
56,163,144,0.14028621054729182
56,173,12,0.1816840756383855
56,222,18,0.15310127812568042
56,210,75,0.2120396685572776
56,15,104,0.19237245266460115
56,87,155,0.2505923836054411
56,158,91,0.10489685642974034
56,17,86,0.1974530726660973
56,106,31,0.21025922760804847
56,204,138,0.2686343354778687
56,168,19,0.22713109949448113
56,137,159,0.15040174594063033
56,228,160,0.22852400971284342
56,1,129,0.2852014915289002
56,216,194,0.16243604513710014
56,58,188,0.22763039374129693
56,254,67,0.14735686527877803
56,74,143,0.2716623254335897
56,107,179,0.1407238697347056
56,43,180,0.2562480162356536
56,75,2,0.2619281539195332
56,72,33,0.12118198536273615
56,251,95,0.15893309309621603
56,234,158,0.13000383711854552
56,206,133,0.22202273678283102
56,41,111,0.25950743480194094
56,242,79,0.2958669753326592
56,121,47,0.19585179464902358
56,207,71,0.2874182732076434
56,67,176,0.11113597051170848
56,122,22,0.2649529412055228
56,231,137,0.20354955546754377
56,120,81,0.17379022605708772
56,258,0,0.2839776022669825
56,218,49,0.27136407274505464
56,201,14,0.14311392965133768
56,124,29,0.2587056479907358
56,200,99,0.12147543526519823
56,190,30,0.11149573534348217
56,213,43,0.2994729693858357
56,110,25,0.2145242711582922
56,5,153,0.15874976198513208
56,240,120,0.1909599333597538
56,60,55,0.2964011199724069
56,197,165,0.16456388526678345
56,205,166,0.2299532228348039
56,151,92,0.1551016065579522
56,123,50,0.12757702884073324
56,171,54,0.14432107157194643
56,224,59,0.28979493843670756
56,115,6,0.1151202030697334
56,219,97,0.23131289171604957
56,247,80,0.2900677921584426
56,209,175,0.1763023157980617
56,244,7,0.24719116416191392
56,250,131,0.13173554887533623
56,52,124,0.17578746474329546
56,220,68,0.2685607597470048
56,239,128,0.1306295135830526
56,101,169,0.2281635780191034
56,8,72,0.10964426115794378
56,156,13,0.23470528007233704
56,170,123,0.19483952555920336
57,51,20,0.3360735076280662
57,182,156,0.9
57,89,12,0.3527224212956883
57,178,52,0.3073691487451732
57,154,132,0.3992490370303542
57,235,154,0.361366368280312
57,254,5,0.9
57,81,173,0.9
57,223,50,0.3907915225197588
57,157,127,0.3561545001548606
57,195,82,0.3643491307569471
57,205,166,0.31232455794496916
57,74,143,0.3576144395096127
57,240,120,0.30879591491586855
57,45,58,0.3663028747482945
57,185,62,0.32800889754834467
57,238,108,0.34279116084606276
57,87,155,0.3485159340137778
57,64,147,0.36106924926903516
57,25,0,0.3093447771269412
57,198,113,0.3994278845500362
57,200,188,0.33894563732118344
57,15,66,0.32087066218735716
57,71,74,0.30276757928395537
57,126,44,0.30915775087939257
57,101,27,0.3106457272515273
57,255,119,0.3266650770590763
57,115,88,0.33952594464866753
57,10,117,0.3566285123271148
57,75,75,0.36026116272499265
57,213,150,0.35472488895614895
57,155,72,0.35221397510850183
57,52,89,0.315790740138255
57,88,96,0.3138865355945126
57,222,92,0.3736191333684866
57,104,63,0.32285700297415665
57,79,67,0.3595160508273888
57,59,7,0.3373634207434134
57,80,57,0.33617400436349765
57,103,187,0.3116580716895927
57,231,134,0.9
57,56,146,0.340840967170038
57,78,8,0.9
57,220,54,0.3305314502572886
57,190,149,0.31138313556634467
57,53,31,0.337842986821097
57,122,13,0.3708122827871009
57,261,174,0.376187453159882
57,159,51,0.16997275207052503
57,117,181,0.23228668146837325
57,186,71,0.16140764271369476
57,144,29,0.22153009069040275
57,259,112,0.2976488635657131
57,12,16,0.15175152040466666
57,17,21,0.18379189989346617
57,62,167,0.13774754136255932
57,164,24,0.127136900147533
57,46,70,0.17688172701018195
57,187,64,0.21441829606273305
57,204,99,0.18183892192517886
57,184,28,0.2991951019223241
57,58,168,0.10286593993531487
57,263,41,0.2584610001985339
57,206,133,0.22145229410355563
57,210,84,0.17368878960278938
57,76,164,0.1949046288882007
57,233,189,0.11510343456746575
57,18,83,0.29574370949478834
57,41,39,0.29048966641215745
57,215,42,0.10426093601704217
57,163,144,0.11880381068350358
57,176,33,0.10006638151034263
57,262,139,0.22806008642065465
57,260,195,0.21676964904273316
57,202,102,0.25187235409744024
57,207,25,0.11869840256905632
57,137,159,0.17523110810237139
57,226,124,0.28258448772977973
57,98,141,0.10960661400557041
57,256,97,0.14720688224894435
57,158,178,0.18365526564758494
57,166,37,0.186268384397059
57,162,80,0.28743280799537396
57,131,61,0.15067443799367622
57,151,6,0.17832759725435976
57,228,160,0.19496806041359377
57,106,104,0.2938629384279181
57,244,95,0.284278432693511
57,171,73,0.2655256517518352
57,199,125,0.17227333530127398
57,44,1,0.24479191634909564
57,201,47,0.17246029532616713
57,242,163,0.11238624289424987
57,234,198,0.17854206466207367
57,124,175,0.28784331972530475
57,109,176,0.15275176951134908
57,55,38,0.1456207247341699
57,188,26,0.2048545851359122
57,173,148,0.1256768820128294
57,209,110,0.19607984736890455
57,239,68,0.2190942587883986
57,249,182,0.12787655261992625
57,247,196,0.2850209146630648
57,60,55,0.1544245301487686
57,250,162,0.14619676036178164
57,132,85,0.12154941666035761
57,68,169,0.24952720729573225
57,121,193,0.23411365571089934
57,72,10,0.20616779652596812
57,133,56,0.1803275782912983
57,8,19,0.29265339225140696
57,236,23,0.2783565460848002
57,160,98,0.28832893124241066
57,218,100,0.16074729366705764
57,212,121,0.271689588114301
57,197,192,0.2057191128675776
57,146,135,0.20572463835102103
57,217,142,0.11527979299161409
57,258,129,0.24055442823790574
57,90,165,0.1328284994706215
57,143,46,0.24472107418947273
57,219,4,0.1758864407519557
57,5,18,0.2048288288066048
57,107,177,0.26481334304636983
57,170,185,0.28327568789952773
57,241,93,0.17867531475722426
57,24,130,0.23513909559227586
57,257,115,0.11955182629276204
57,196,199,0.2091221079635879
57,224,32,0.13145417956712072
57,120,36,0.11909195491284284
57,245,191,0.12065597498381618
57,167,197,0.22304004041029613
57,211,78,0.21725042570773573
57,229,137,0.10312255370613142
57,67,140,0.16530767831156296
57,227,2,0.219160242535135
57,232,109,0.19022864540486314
57,28,136,0.12439523276535482
57,175,118,0.23162197152837163
57,253,106,0.23047573622916895
57,168,126,0.22519546144223004
57,63,107,0.28969927834563963
57,100,114,0.20412036166876457
57,252,3,0.1304712726542591
57,243,170,0.22040934797163075
57,43,161,0.2854352562250276
57,123,186,0.2698601832162
57,180,14,0.17611848402782143
57,136,30,0.28835501643693673
57,1,152,0.1295613777650603
57,110,123,0.13703030047111406
57,193,179,0.19394249547095982
57,264,45,0.19335585087877472
57,265,53,0.29058732257032616
57,266,90,0.2250450770478617
57,267,111,0.12276143978465047
57,268,131,0.2439929860167938
57,269,157,0.21681083494180434
58,265,53,0.3695088045638356
58,182,156,0.9
58,157,127,0.38026378438832686
58,267,111,0.3552201141707666
58,133,56,0.34206062925849934
58,260,195,0.3296168734843721
58,18,83,0.34062101254268035
58,12,55,0.37694365824009546
58,160,122,0.343218909533003
58,198,199,0.316921843105478
58,187,64,0.3665116595721438
58,126,44,0.39851032758243066
58,262,139,0.32252217490156254
58,196,65,0.37234412330915445
58,269,157,0.3492419307069929
58,268,30,0.31416326454074284
58,228,160,0.36262487514542296
58,103,87,0.36155088819391956
58,89,188,0.3428998854227372
58,68,1,0.3629299376077726
58,257,7,0.3857798619200895
58,90,192,0.3718943402515932
58,101,52,0.33759218086877973
58,166,37,0.3162395982268731
58,41,0,0.37184880117185737
58,217,89,0.3654280831225465
58,266,79,0.31053478479247776
58,10,113,0.37143226588511014
58,186,25,0.3499901564379772
58,238,108,0.32744212826560004
58,136,31,0.3787247603517435
58,58,162,0.3686911241481877
58,233,189,0.39899374036461854
58,72,85,0.32720105059325666
58,122,109,0.39656997249588954
58,25,147,0.30483316893297574
58,195,148,0.3890695602389235
58,51,39,0.3311482694403797
58,137,118,0.34148096297036556
58,252,3,0.34107764814428987
58,110,75,0.3287454052625063
58,219,168,0.33408795456764573
58,184,180,0.34166780585741674
58,60,103,0.36686599384924967
58,5,153,0.36831585599901473
58,171,136,0.3180817795200084
58,263,94,0.3416435355893065
58,176,171,0.9
58,226,80,0.33911724210832694
58,121,95,0.3966803578722047
58,78,8,0.9
58,215,176,0.30224316254078465
58,239,97,0.38329523395017806
58,53,10,0.38540157774732087
58,131,61,0.19563635949088676
58,202,102,0.2631002695344562
58,164,24,0.28898025581675424
58,62,167,0.24735921327498223
58,76,164,0.21994183535631495
58,264,45,0.16375138371219627
58,117,181,0.17429152771077894
58,71,74,0.2170074259675069
58,218,100,0.19602294699659342
58,17,141,0.25349486454304826
58,154,132,0.13521809270931553
58,56,49,0.29043867606480905
58,163,144,0.2634472263863442
58,206,133,0.2195870584252294
58,223,50,0.2912738089859347
58,59,99,0.1538673761692358
58,201,119,0.12469152528736377
58,75,28,0.27388760890091146
58,151,138,0.2617607371317186
58,240,120,0.15665472154843185
58,185,130,0.15256023399184862
58,104,20,0.27217451169001383
58,144,29,0.17239680337227953
58,159,123,0.25790130713444004
58,229,177,0.26892647944058135
58,209,76,0.12246660389796502
58,55,38,0.28405227487506723
58,43,101,0.17760086873648734
58,155,184,0.18500883261190115
58,158,90,0.14184237552847617
58,249,182,0.2625772138356395
58,197,91,0.17572000591605588
58,120,63,0.20401076161841747
58,236,185,0.17588674691955664
58,123,84,0.13615450658648381
58,100,88,0.2455438591371145
58,178,197,0.198311832218316
58,67,152,0.2877212665982497
58,212,172,0.14360816480177713
58,235,6,0.19229775012662115
58,213,69,0.10206343533821541
58,255,131,0.26029412511637284
58,115,104,0.11122183388845333
58,207,77,0.23720415387350263
58,253,110,0.17101182779496005
58,15,116,0.25721837562565086
58,242,14,0.2702334920996198
58,231,137,0.1061818137296739
58,79,117,0.17846581336760675
58,211,78,0.11680429767321632
58,200,115,0.11906707237666644
58,167,187,0.26745524043205404
58,87,34,0.2768057374800672
58,162,47,0.22205119913217283
58,124,21,0.2653853733154732
58,234,158,0.20470674232121208
58,143,36,0.14449842868477003
58,24,43,0.15056891881512507
58,204,12,0.21567357930414333
58,80,67,0.2523606001499251
58,106,26,0.11619865466689466
58,28,178,0.2918727394291133
58,241,125,0.2696057506051823
58,74,59,0.15815719525945882
58,45,42,0.21960419351918944
58,259,68,0.1758419566697539
58,170,2,0.18573610285860792
58,256,196,0.2254368965230419
58,1,128,0.1880943060489734
58,205,105,0.1573129365627973
58,222,92,0.2540020246035814
58,52,96,0.2070810489235235
58,227,18,0.25048884494854146
58,146,163,0.2971307469984721
58,44,9,0.2727977120022756
58,180,124,0.2770356309353012
58,168,126,0.22536131697966266
58,98,46,0.12858014529788075
58,88,169,0.2888620078450238
58,173,82,0.1380869318759347
58,220,35,0.29904137996720515
58,109,16,0.19338881442865596
58,132,33,0.215029853328298
58,258,170,0.110345412799102
58,107,106,0.16546054348568884
58,46,19,0.21784440855221926
58,243,54,0.14596788471091138
58,251,41,0.22917364346313138
58,232,11,0.10611869917592054
58,254,193,0.2386981759841865
58,81,40,0.2507002788467623
58,250,161,0.2885932574061027
58,190,17,0.2542992882483298
58,246,142,0.28175718393415305
58,244,71,0.28471692705022866
58,188,121,0.23962529372553504
58,216,183,0.13067834984963722
59,182,156,0.9
59,154,132,0.31654544384223227
59,157,127,0.327107250220167
59,126,44,0.3205042228402496
59,223,50,0.31650938811339246
59,173,82,0.33503071842554755
59,268,30,0.3689615228944395
59,117,150,0.3533843410757045
59,262,139,0.35240945574013793
59,163,144,0.37314374964477537
59,131,61,0.3863107647672801
59,252,3,0.3646704974121896
59,78,8,0.9
59,267,16,0.3440407051491922
59,87,34,0.3814261325527487
59,251,41,0.3004530006622853
59,206,159,0.3401505163225621
59,89,188,0.34208748691847835
59,136,33,0.3913229832259675
59,25,0,0.3587558367197158
59,71,74,0.36688945796725336
59,204,124,0.3401241703696277
59,228,36,0.39016721246173136
59,160,176,0.31047869819370244
59,10,77,0.38051129287404073
59,220,118,0.3356324179623832
59,144,175,0.33039839143753524
59,98,31,0.30953612773815464
59,263,60,0.9
59,202,170,0.36703488343378254
59,5,18,0.3171416716570291
59,100,17,0.3431552711269177
59,44,4,0.37510183037130707
59,62,185,0.3070039868522527
59,170,2,0.3322084486405521
59,186,95,0.3315320946750639
59,265,103,0.3014224754281344
59,184,180,0.3700476410338346
59,244,65,0.31372207652788675
59,216,9,0.3186191404246387
59,101,66,0.3466418812366998
59,250,101,0.381492047581243
59,185,10,0.35262417349076225
59,55,129,0.3776869490538258
59,231,177,0.36558402590679606
59,180,42,0.3950465912805132
59,68,51,0.3901410224884727
59,198,113,0.35620098171234893
59,72,104,0.39821976972430784
59,80,130,0.31361414159501844
59,151,13,0.3865189761203378
59,211,15,0.35487534794825126
59,210,70,0.3248898520134601
59,176,171,0.9
59,243,122,0.3126202133151804
59,178,5,0.9
59,133,112,0.3968168988682721
59,195,84,0.3893113844693735
59,235,6,0.256606258634569
59,164,24,0.17113972703601255
59,218,100,0.23731403363373915
59,104,192,0.26029508250872124
59,264,45,0.19453542382808098
59,236,153,0.13408295175341678
59,269,157,0.22149620336104783
59,238,161,0.19954200339552097
59,260,195,0.2961187263361431
59,233,189,0.26532148248650933
59,188,168,0.13756339707673815
59,266,79,0.274740609916754
59,213,116,0.11025898036650783
59,88,22,0.2840569883786807
59,241,125,0.2410018441808456
59,215,152,0.27771169673861473
59,219,23,0.13773184693253973
59,201,43,0.1316269876766587
59,15,142,0.18125599729880573
59,90,39,0.10411264647162549
59,242,187,0.18900810136552523
59,222,92,0.26369638833148823
59,124,29,0.14900320320161092
59,166,37,0.17875426205648282
59,12,55,0.2825386514142559
59,217,88,0.15527288183770763
59,167,48,0.17913583456426732
59,107,106,0.203715529531867
59,246,121,0.1969258630403658
59,257,99,0.28157937892080265
59,234,158,0.2595669730732312
59,207,94,0.10028967491883083
59,197,178,0.10049811565915093
59,255,90,0.19642707355824923
59,249,182,0.23099503315898984
59,168,126,0.25907666392681417
59,256,196,0.1426108169606809
59,24,91,0.2741338316769892
59,1,68,0.2572005175888693
59,254,169,0.1887351715525718
59,253,86,0.24023025735146117
59,146,108,0.18916726893985197
59,240,120,0.16411590950942162
59,28,63,0.1313454689796244
59,196,27,0.2944271912092217
59,259,58,0.20972697775388077
59,193,32,0.1344377478523266
59,226,181,0.13600862089781843
59,155,75,0.2912155560689338
59,67,64,0.2592476301050216
59,120,110,0.18254364990439625
59,59,151,0.2579162725215078
59,46,190,0.19005965528143565
59,122,1,0.10211321336668222
59,81,163,0.11928516274911657
59,200,115,0.21117443776569328
59,229,179,0.24364596545586523
59,190,154,0.2104372811568789
59,212,97,0.10095590649192476
59,137,98,0.23088194104180018
59,143,20,0.2519954004582885
59,109,85,0.23845343771862026
59,45,136,0.26325295610743055
59,51,145,0.16301016546136016
59,224,191,0.19642571166098863
59,159,7,0.16529681218169634
59,205,105,0.209707330810464
59,162,193,0.1609188106891759
59,60,53,0.2958991572812534
59,17,81,0.213967120147068
59,74,59,0.2672882265166253
59,79,194,0.17293718103748734
59,158,56,0.12162139285364817
59,187,38,0.10260077532161903
59,232,11,0.23509642602511596
59,52,198,0.12464736580198371
59,76,167,0.2829167268788275
59,58,28,0.14199205656373365
59,261,174,0.17114323261030756
59,209,134,0.10438300633385506
59,258,102,0.15772892611908243
59,18,19,0.26226034451548486
59,41,147,0.20038322991515106
59,239,148,0.2603319456904064
59,106,199,0.1304002262844376
59,103,96,0.12631388253920955
59,56,128,0.15343196640942414
59,171,47,0.2727415798966737
59,121,25,0.2563348024284198
59,53,26,0.27133598942780707
59,63,117,0.1799383644514673
59,227,12,0.24624833775194968
59,115,111,0.23306902833470797
59,132,46,0.1342575835552277
59,110,184,0.1781101720811584
59,64,133,0.2596831733337652
59,175,93,0.13576786592891418
59,75,54,0.1680130516118086
59,237,52,0.215348117118438
59,43,183,0.2675779010873204
59,245,131,0.2394970066968935
59,270,14,0.14551580253504814
59,271,40,0.15836566029043683
59,272,62,0.12126536328214607
59,273,69,0.13758708832484118
59,274,71,0.1243751228361957
59,275,107,0.1731482230111265
59,276,109,0.1551718977395697
59,277,119,0.14798202221154214
60,182,156,0.9
60,275,44,0.30259361487786196
60,260,195,0.36523112565483007
60,222,92,0.3612668850210784
60,263,60,0.9
60,159,115,0.3742574811434298
60,273,69,0.30408081394665326
60,184,180,0.3992181632530045
60,267,16,0.38407067513932613
60,249,182,0.33473600325398123
60,74,59,0.37169316300255906
60,238,108,0.32409731552890997
60,124,29,0.3839543744364322
60,213,142,0.3721561598040213
60,256,196,0.37753906403541704
60,143,20,0.3704938974893187
60,233,189,0.3355857729351235
60,271,40,0.3333637909742597
60,232,11,0.37535990826528964
60,223,50,0.39469687623066074
60,235,167,0.3438446801533881
60,10,77,0.33177868609590916
60,228,46,0.3334473751515671
60,200,168,0.39920526412041435
60,219,186,0.3214598164297461
60,224,191,0.34887212225817776
60,272,62,0.35388554604699574
60,274,65,0.36675421201012304
60,244,193,0.34241516965782537
60,104,192,0.38608739799487946
60,98,5,0.9
60,243,122,0.37337857030117394
60,63,197,0.37013312775338303
60,90,91,0.3357343712160633
60,255,149,0.3841255624469483
60,158,136,0.3633594008509339
60,60,179,0.3035722997369389
60,122,27,0.33185175708460257
60,76,12,0.37087158491247163
60,258,98,0.3257921741505111
60,144,145,0.3416546269266107
60,217,47,0.38006373289207296
60,253,166,0.3425708921120355
60,185,33,0.31241247523761806
60,196,1,0.35797333682963783
60,264,36,0.37930516592124874
60,268,178,0.3756026924594661
60,55,152,0.31405897800236804
60,237,124,0.3913893732884913
60,89,51,0.3453941054794284
60,15,96,0.3773917234825622
60,270,116,0.39142066646204987
60,236,78,0.31776268223018567
60,110,161,0.3125646046692927
60,72,114,0.3466955223806899
60,52,194,0.3694957727637873
60,227,80,0.38803875919354736
60,28,173,0.9
60,103,89,0.33880387932142364
60,51,86,0.36685085202021905
60,64,128,0.3532462879236531
60,160,81,0.3715366615861804
60,252,3,0.2574357071790624
60,157,63,0.17218289300894918
60,220,118,0.27103381912825364
60,206,159,0.17772974124026603
60,170,2,0.21901111528567282
60,218,100,0.18223819207724978
60,164,24,0.23637410437109288
60,168,126,0.2939080589983104
60,5,18,0.14598675600807792
60,241,125,0.22497514402432534
60,25,0,0.1683296058938849
60,154,132,0.22034125354557912
60,269,157,0.13305085201618866
60,262,139,0.278356117326649
60,12,111,0.2548994549794533
60,126,107,0.13038797367927113
60,87,155,0.2000987194849316
60,240,120,0.240926940914027
60,234,158,0.2825106618396226
60,251,41,0.24857517100808932
60,198,113,0.15889306446738224
60,88,22,0.23455517818063606
60,197,79,0.18100394172256196
60,162,101,0.1728196502436094
60,176,134,0.14223038921369777
60,166,37,0.13983145215518242
60,261,174,0.1058633499839969
60,229,181,0.11520636042865506
60,163,140,0.14476110649700408
60,146,99,0.12429736933615557
60,117,150,0.13794877083865606
60,226,85,0.22919277968500543
60,239,83,0.23364655738111823
60,173,148,0.2759603066952094
60,265,43,0.10219585635831896
60,131,61,0.20955059764754144
60,276,109,0.12388422019981299
60,68,17,0.1443110827131242
60,62,185,0.1212975241572624
60,44,49,0.1607118675890417
60,121,117,0.11479829745975033
60,107,106,0.29499891719979304
60,132,133,0.24579189549855468
60,101,104,0.25331940904320893
60,245,188,0.1915030816164259
60,210,70,0.1896675940142939
60,257,164,0.17200154392459452
60,188,84,0.18369412082467035
60,201,127,0.19889165410406112
60,41,64,0.1676843927158301
60,186,71,0.19964126007955876
60,133,68,0.2685465487955623
60,115,39,0.13208718087607554
60,211,15,0.21953066967651072
60,266,131,0.16813519343470867
60,246,31,0.17088411055530323
60,106,52,0.23224728696260938
60,205,105,0.2809282631857364
60,71,154,0.23618952372625235
60,17,90,0.15643413321501085
60,209,137,0.12192281365664573
60,259,73,0.2963056598668363
60,24,21,0.15653308479764377
60,56,129,0.25776926518227
60,120,110,0.20486776180601265
60,100,82,0.1139333438847014
60,187,54,0.17438463474920363
60,231,53,0.22840345752239546
60,1,97,0.19437218482853044
60,43,169,0.27682044772765685
60,277,55,0.207446542507289
60,45,172,0.14267599581011461
60,67,35,0.2572909641434422
60,151,13,0.13343427759919374
60,204,112,0.24530142316366713
60,178,10,0.18471501787657785
60,207,199,0.295133525444223
60,18,190,0.1612759184987067
60,81,123,0.19755864806892193
60,175,165,0.22342847135313437
60,80,67,0.18156496534622824
60,167,153,0.14785502628594646
60,78,32,0.16941955639690914
60,216,184,0.21166722942201424
60,171,57,0.10191352180244723
60,53,26,0.1317646200218058
60,46,19,0.278848070983459
60,155,23,0.284254970345313
60,58,4,0.1310291123893047
60,242,14,0.290783098691923
60,215,143,0.23949574463820555
60,254,88,0.18992875874994183
60,202,160,0.202806775822376
60,190,72,0.17663344597263303
60,109,121,0.17326135562479494
60,136,103,0.1120025003106448
60,59,66,0.22743487892339156
61,233,189,0.3246351618510484
61,25,0,0.3611792984908574
61,256,196,0.3639864439678504
61,224,32,0.9
61,182,156,0.9
61,263,60,0.9
61,144,29,0.3548207396448313
61,220,118,0.3750774646261599
61,109,6,0.3309167546016856
61,87,155,0.36524691595086656
61,273,69,0.3011867432204147
61,51,173,0.35139792333622255
61,238,161,0.35101307367317813
61,104,192,0.3229429680533268
61,72,142,0.3570282270695545
61,131,61,0.30021861473605166
61,124,145,0.3934643426284612
61,158,97,0.3610304268872563
61,276,109,0.329293404359897
61,219,99,0.39496560476534104
61,110,89,0.39372390130221857
61,198,95,0.32327030193795464
61,159,168,0.37927140094273126
61,269,30,0.3395598853995173
61,209,137,0.3210589488720409
61,45,121,0.3030437265036597
61,10,77,0.3051505077781844
61,126,199,0.37255866085850753
61,261,134,0.9
61,180,98,0.30246691040999485
61,240,28,0.39850244237852905
61,101,10,0.3036392653468377
61,232,11,0.3550258350720574
61,63,66,0.3382757584994014
61,43,151,0.36265201658172874
61,78,165,0.3825441199311188
61,60,179,0.3684853937467628
61,274,71,0.31977715886953056
61,216,162,0.315642380514339
61,106,7,0.338476399943029
61,223,101,0.3424428648104857
61,173,75,0.3158361469807442
61,53,5,0.9
61,255,176,0.3957354709681279
61,242,80,0.3484159059912024
61,200,184,0.34875332318609376
61,253,175,0.3745013102448549
61,213,183,0.3356583399333464
61,162,194,0.39341151473407143
61,12,111,0.19105043145996203
61,62,185,0.26583330906261604
61,170,2,0.1000063986904101
61,267,16,0.10604709735102114
61,275,44,0.11655248669005489
61,265,43,0.2821710560169059
61,235,167,0.24875329310812175
61,143,20,0.24789795851047247
61,262,139,0.29876199441424756
61,218,100,0.23186356778040768
61,206,159,0.2348553467659207
61,260,195,0.24229076842081262
61,222,92,0.16040723239064908
61,251,41,0.1192985585496498
61,168,126,0.10274144049743737
61,154,132,0.10668124636408767
61,184,180,0.11557903307785171
61,210,70,0.2950813563344586
61,157,63,0.24995217905209283
61,241,125,0.28172733376323433
61,186,117,0.2529268266200281
61,243,122,0.20353043404177873
61,41,170,0.18817483177367855
61,117,181,0.1873949228473337
61,234,158,0.2273550552205264
61,146,74,0.11927495504184785
61,76,172,0.16620430102051864
61,211,15,0.13208862812442546
61,271,40,0.1241920113972899
61,121,197,0.2730010038253716
61,254,135,0.2593319871756983
61,88,22,0.2740121378705901
61,176,76,0.2699737644018868
61,67,35,0.2945957792625713
61,107,106,0.15674696351761186
61,59,33,0.2659792758213114
61,155,88,0.257237559869
61,5,153,0.28603485952958485
61,71,83,0.11134165406301605
61,249,182,0.12890485611768715
61,272,62,0.17430186892624383
61,268,91,0.16310724339935656
61,190,79,0.19681850127881773
61,264,36,0.2894175699426478
61,217,119,0.22003952966426765
61,270,114,0.1922193385194756
61,90,81,0.17450300790943193
61,231,55,0.26704991251052423
61,277,46,0.10046526200378053
61,196,154,0.2822109334258842
61,228,103,0.2589330487513821
61,163,140,0.1423562931948278
61,122,65,0.27984418379600107
61,187,128,0.10810615890486586
61,24,166,0.10016392491978833
61,103,17,0.10705875455462077
61,178,177,0.12213178088286668
61,15,87,0.1283070824416227
61,151,13,0.10646117929998816
61,204,102,0.11255494622869572
61,55,133,0.24880305151134624
61,68,124,0.10425663245060723
61,81,164,0.10810613027252046
61,266,90,0.24713864398084395
61,207,57,0.2802453558009973
61,259,73,0.11208124597559171
61,17,163,0.262570312260767
61,160,45,0.14822270437639984
61,89,27,0.17672032957833317
61,166,37,0.1458829295878007
61,171,26,0.19007044064983508
61,115,147,0.18811482387387207
61,100,84,0.23782463631468495
61,227,53,0.29307283052163857
61,136,56,0.24628403387612594
61,80,104,0.19785620185144742
61,244,108,0.24191161884413023
61,1,42,0.2888565297704543
61,98,113,0.28513201803581295
61,205,141,0.10752612315865719
61,197,157,0.18187522450687343
61,201,39,0.12239786593127434
61,252,174,0.20667242603456368
61,164,34,0.26262022942940544
61,229,115,0.26208917357053685
61,58,136,0.22960351498968648
61,44,64,0.24547072250712842
61,46,148,0.2951075740076724
61,237,120,0.29551692596475665
61,226,130,0.1734223114428995
61,250,50,0.20412653814329332
61,56,129,0.10465350646079988
61,258,144,0.1641134184680545
61,167,186,0.15949063092713223
61,52,25,0.19402835251389616
61,257,169,0.12624155988715152
61,79,198,0.19332179740463162
61,195,82,0.1254222438529909
61,239,188,0.10224883189184862
61,132,152,0.24039756279274693
61,188,12,0.14374576180341736
61,245,9,0.14898168034569767
61,236,23,0.28836499911807834
61,185,107,0.2724451202641641
61,18,96,0.2815476660471236
61,175,187,0.1877479791977807
62,224,32,0.9
62,104,39,0.3829424013046675
62,270,199,0.3246222924510811
62,235,167,0.3123047672280507
62,273,69,0.3554066089968939
62,170,2,0.38896000580789714
62,190,36,0.3456138073475545
62,261,134,0.9
62,182,156,0.9
62,87,155,0.3609698122545252
62,186,197,0.3530723750140431
62,275,107,0.3864809715201024
62,241,125,0.3195006825190303
62,238,115,0.36978536645081206
62,234,50,0.3474590080420397
62,268,29,0.3098947165091017
62,157,63,0.33264093689598145
62,10,77,0.9
62,207,66,0.3657936831428913
62,12,111,0.33614447668059033
62,209,137,0.3562804212234969
62,110,27,0.3682964195872641
62,67,35,0.37519419906930174
62,244,75,0.3775757365840846
62,254,192,0.3276654815155855
62,228,31,0.326135993689211
62,257,101,0.3756321381421329
62,167,88,0.38864549080549526
62,45,113,0.3972806375223571
62,46,135,0.3300615175317523
62,160,3,0.30348362196942835
62,107,177,0.3641299708021054
62,202,171,0.3835367565789167
62,15,187,0.39357927666877557
62,103,4,0.3293007396441845
62,43,151,0.3346515481366783
62,200,161,0.3671884531682844
62,219,48,0.31569873862747433
62,218,49,0.31240992311451077
62,56,38,0.3044782294998579
62,120,110,0.3780058617064156
62,251,26,0.3439457424089061
62,88,142,0.37449773905030015
62,217,55,0.3135445902911985
62,187,176,0.3800594088460748
62,151,13,0.35815971557494375
62,106,82,0.32357821145895577
62,124,175,0.3127980064298401
62,80,10,0.3174235283861053
62,195,17,0.3807894352437212
62,17,14,0.32820755761006604
62,211,190,0.394961649927029
62,271,160,0.33748932784928176
62,222,99,0.39730553055964957
62,132,129,0.348650891379089
62,5,24,0.37610512820150954
62,90,91,0.35791581108520154
62,231,172,0.3865375456268666
62,206,54,0.3793574952700103
62,176,8,0.9
62,227,174,0.30242119554931557
62,259,73,0.2843171919039944
62,267,16,0.23521591358623137
62,154,132,0.22546234707555424
62,62,185,0.24283021057462928
62,265,43,0.21297596045618133
62,74,59,0.21570014432700788
62,262,139,0.16870730370203885
62,143,20,0.1928862305340105
62,25,0,0.29175707040559473
62,131,61,0.23084387916173188
62,184,180,0.2584151674657641
62,260,195,0.22341728182090353
62,144,86,0.28770433699755055
62,256,196,0.19101056334227873
62,163,140,0.21810283986897394
62,188,193,0.10274240892388017
62,245,9,0.11724169182237501
62,269,30,0.2681209400894058
62,263,60,0.22800686864898073
62,79,169,0.11882783078192803
62,1,42,0.2992507572685642
62,60,179,0.21123312167869854
62,55,93,0.13942837425762422
62,236,119,0.14332146027665457
62,255,98,0.22820418421248823
62,196,83,0.21882780645180772
62,72,34,0.20186555213878282
62,159,168,0.28994138299251054
62,136,146,0.1666505597195433
62,168,18,0.24708414813479615
62,155,114,0.14047707597042286
62,126,117,0.14041269762608344
62,249,182,0.23795294324126667
62,76,131,0.2919140772763541
62,258,165,0.1828603366760772
62,240,28,0.13203148103872236
62,272,62,0.149624596203085
62,51,173,0.24008071806880119
62,274,95,0.29674430376021504
62,78,144,0.224450333324395
62,122,25,0.11901220443285027
62,220,64,0.1824713759565597
62,229,153,0.26518493939091337
62,276,109,0.18826323323739347
62,226,104,0.23962771388082102
62,121,57,0.20944703388107916
62,253,21,0.17121347136247023
62,239,72,0.18197459671362937
62,24,166,0.21894005100076924
62,246,76,0.17954037224102204
62,201,159,0.21621190610846838
62,243,128,0.277061149948172
62,216,100,0.15586357565151995
62,250,158,0.24755029401102738
62,223,65,0.2395019742958828
62,232,1,0.2498881694206342
62,266,178,0.17079560012451553
62,101,33,0.16325379894876385
62,53,85,0.11000326851456381
62,198,94,0.2326145098132866
62,164,96,0.22132252981456163
62,63,163,0.10866271019182258
62,41,102,0.1316557199992577
62,205,81,0.21894150027642298
62,264,45,0.10985881010359524
62,210,84,0.21568257980260291
62,117,103,0.2883046475679948
62,68,97,0.16232849654688258
62,277,143,0.190237384215196
62,146,74,0.10968173979878121
62,58,136,0.12857662119885166
62,233,80,0.22486087120578255
62,158,120,0.27078181241350807
62,64,112,0.2602395396021596
62,89,183,0.2327544425692697
62,178,191,0.15578871332841063
62,71,184,0.1974651053085242
62,109,78,0.23555031886437788
62,98,52,0.11222898720312889
62,180,170,0.29916899380242956
62,197,53,0.24712998160616637
62,173,6,0.16385463690996854
62,52,44,0.1912348374813581
62,166,138,0.2481903987957061
62,81,164,0.239775284903391
62,28,141,0.15027011547193814
62,242,46,0.1737169839180886
62,204,152,0.22956437372254318
62,213,89,0.1817515009163142
62,100,12,0.28142914728378965
62,185,186,0.25736063344252547
62,237,7,0.14959891189029545
62,162,108,0.23554116245459947
62,123,188,0.15173116904124764
62,278,51,0.2534444845940664
62,279,123,0.26330114246620107
62,280,154,0.12483821987669101
63,143,20,0.3671458856653299
63,279,123,0.36649549156344985
63,235,167,0.38024394119232297
63,163,140,0.3836413311527186
63,170,2,0.34167393038570093
63,131,61,0.3509946857155116
63,154,132,0.3231663816880932
63,184,180,0.3282877206314967
63,62,185,0.31118909540094486
63,269,30,0.38422589219307834
63,107,134,0.9
63,126,117,0.3157075543070895
63,43,155,0.3477127840372952
63,238,184,0.3552054624454897
63,261,76,0.3526401612884219
63,274,95,0.3005033388879443
63,17,96,0.38982481286265547
63,224,32,0.9
63,60,179,0.32479098316472554
63,24,29,0.3228023389405808
63,273,189,0.38394428514797685
63,58,136,0.3237536107083636
63,213,115,0.3842873399035508
63,267,45,0.3764037978880881
63,256,97,0.31240066780877584
63,151,13,0.399496536613836
63,155,113,0.39528398345716953
63,275,41,0.3639454446444964
63,100,65,0.31405310250005347
63,74,105,0.3474503090369751
63,260,178,0.3903756613720827
63,228,10,0.38386870718059796
63,71,172,0.3090900266752511
63,220,152,0.36874005539220867
63,89,158,0.37431833543476767
63,253,160,0.3042347549839468
63,56,38,0.3904705586510222
63,245,188,0.3484060375808926
63,168,153,0.3974844441012114
63,195,88,0.3194715160186889
63,110,87,0.3924489019719887
63,250,37,0.34579520896736027
63,53,53,0.3092984326863064
63,226,181,0.38248385046374334
63,215,8,0.9
63,266,157,0.3341286179555397
63,239,119,0.3985781749859174
63,63,79,0.39043646903787266
63,25,0,0.2838836185267367
63,263,60,0.19856158970161747
63,12,111,0.2476267598863826
63,265,43,0.25299765891129256
63,278,51,0.2743209675587287
63,1,42,0.28825666326364197
63,159,168,0.11733699670122742
63,55,93,0.18112413374801137
63,78,98,0.2762229385421371
63,240,28,0.1789538976496272
63,280,154,0.13828523738551043
63,259,73,0.17676719474965294
63,51,173,0.1974641369707153
63,157,127,0.24073460271300898
63,236,177,0.2687501860388998
63,241,125,0.12065954994934736
63,146,6,0.11889688040835136
63,262,69,0.2008089727538809
63,132,129,0.2742080361574723
63,104,39,0.20066433760386004
63,124,175,0.19541974276672974
63,10,94,0.27575940739317045
63,210,120,0.16409311000556814
63,217,16,0.143495058609735
63,98,108,0.2693067163040318
63,88,52,0.29313121555198507
63,186,197,0.23877487536512612
63,207,139,0.2276940249658339
63,120,110,0.16054831554228752
63,144,86,0.17506661322735212
63,249,71,0.12980963441753426
63,231,82,0.28156161103348243
63,117,63,0.26246547327592895
63,218,49,0.1873487484110476
63,197,171,0.19857239426707107
63,90,36,0.12663916175828366
63,81,164,0.17307536091975406
63,272,62,0.1874280617680753
63,270,199,0.10997021154316793
63,209,137,0.17199273503268248
63,28,159,0.11088872692771828
63,234,50,0.2905380388574544
63,222,99,0.23236317495667
63,243,128,0.1340962530762261
63,123,142,0.1780194313724836
63,79,74,0.13220068041670385
63,67,54,0.11974892244575433
63,182,194,0.25075744177696413
63,233,4,0.10764645977820494
63,190,191,0.17100432140115684
63,106,84,0.272971044769391
63,41,122,0.11249920842962974
63,237,101,0.10488565234057835
63,122,26,0.23457036298888392
63,15,187,0.2529861927613225
63,158,70,0.15060054435132422
63,264,103,0.20223331011061932
63,271,21,0.10864411266679717
63,52,107,0.25674026993956367
63,87,169,0.22318347398163496
63,187,112,0.1030220467165781
63,80,33,0.21656493641654811
63,232,1,0.20838120568718999
63,180,118,0.26795905205707427
63,268,145,0.243708878642171
63,206,170,0.20213900665988704
63,205,195,0.25929191338544966
63,121,44,0.28021152125489346
63,200,12,0.12168844408000075
63,166,83,0.15728947226114035
63,258,143,0.21818438646487964
63,167,121,0.10178387127841998
63,46,106,0.12651766655572405
63,5,24,0.22987537041870446
63,164,114,0.22549713752478878
63,103,146,0.18479868904890395
63,136,162,0.17962011910206693
63,185,15,0.19311599852909295
63,76,192,0.20958737839037353
63,223,116,0.28419207835052873
63,173,22,0.25283417636539285
63,204,166,0.1191580694691242
63,252,174,0.18776873604967387
63,64,135,0.1591961952034655
63,242,59,0.28962484487340745
63,211,78,0.243356069992323
63,251,104,0.14995842582050162
63,276,151,0.23965406905458508
63,254,165,0.2517261302769259
63,133,176,0.19716015969182132
63,196,148,0.2316488615839536
63,72,18,0.22782252020939017
63,162,124,0.15242711518974175
63,201,144,0.11037568764902982
63,219,11,0.1355167475577519
63,229,19,0.219814494607044
63,257,198,0.10263502668029952
63,188,47,0.2913235153740624
63,160,55,0.10202941488752394
63,277,141,0.1004086769707606
63,244,23,0.1290036945933067
63,45,183,0.1633072631793754
63,137,90,0.1931738222708289
63,216,131,0.11104845404310489
63,101,80,0.2845029628572941
63,198,72,0.20091901905840492
63,68,17,0.26004778480454205
63,281,9,0.27953448959181026
64,51,173,0.3767200962879186
64,120,110,0.3395943967900201
64,260,55,0.35899296239112843
64,43,155,0.3779814392866677
64,170,2,0.33224621286195044
64,224,32,0.9
64,143,20,0.35325032372493825
64,87,96,0.3570675083311976
64,271,141,0.38618908698923404
64,104,192,0.3830359192373062
64,234,50,0.31859219921791826
64,52,107,0.3336896856703583
64,71,135,0.38368863437191136
64,235,186,0.34224612777016716
64,265,43,0.3784792239526771
64,74,105,0.37646048113942987
64,270,199,0.31663069426923507
64,164,5,0.30022388869418204
64,272,47,0.339030260806418
64,267,63,0.3716299561809303
64,263,60,0.31887519295264355
64,216,33,0.9
64,209,134,0.9
64,123,156,0.9
64,200,161,0.33487025107415
64,274,65,0.3598537926584988
64,251,150,0.33051702443885633
64,64,67,0.3316473605708965
64,98,75,0.30656980191574235
64,186,57,0.36485587177953227
64,269,178,0.3688927979559936
64,205,90,0.3760757835066455
64,159,17,0.38790385366457025
64,249,182,0.3156250225728259
64,207,80,0.34852296752071554
64,126,25,0.3622631019926593
64,241,147,0.36132111332281935
64,168,78,0.3054337580182642
64,79,18,0.3772019362803454
64,211,19,0.35026421634469707
64,180,64,0.3459269876610934
64,196,146,0.32542359878175453
64,144,165,0.3022374433113107
64,160,172,0.360353178712263
64,232,142,0.3026050027251532
64,121,71,0.3071012220263203
64,279,89,0.324429462736179
64,187,195,0.3768071404319192
64,252,174,0.3089396572628865
64,223,163,0.3658967084705078
64,173,158,0.36830007804563547
64,264,10,0.3421026064894842
64,213,124,0.32606824541755897
64,204,8,0.9
64,28,98,0.36260986516336813
64,136,84,0.32603390753048234
64,62,126,0.32957325133805504
64,273,189,0.23262176908588642
64,163,140,0.24876581261250624
64,262,69,0.20553091325196082
64,124,175,0.20420855008005373
64,281,9,0.29081705926032925
64,10,94,0.26517762074809953
64,146,185,0.12206757715916142
64,5,24,0.2942417444756906
64,154,132,0.15603774804614506
64,218,49,0.15271986767061452
64,25,0,0.28658870932090585
64,222,99,0.22776927137626876
64,58,136,0.1490122270132335
64,24,21,0.1375599698393995
64,195,52,0.13736010086389247
64,268,145,0.18913718572709826
64,12,111,0.2760885803508528
64,275,26,0.2319084400626032
64,60,179,0.17008315634119875
64,220,129,0.26598834483980494
64,88,197,0.2790223962671145
64,256,97,0.19195336821410885
64,243,128,0.2509617425437527
64,240,120,0.1053953131802195
64,278,51,0.25290378814513603
64,238,148,0.28973965016176784
64,210,196,0.1267151704965921
64,81,164,0.13440904813417928
64,226,30,0.2867615106143427
64,259,73,0.2551985559392618
64,245,188,0.20389945734099077
64,15,187,0.1120005168444031
64,239,3,0.1745312173328391
64,55,144,0.19002503184613317
64,276,48,0.22740942416931476
64,157,46,0.27357331038818106
64,132,35,0.10289488189469398
64,261,137,0.12513699143773396
64,206,170,0.2522911120347493
64,167,62,0.20244786039859275
64,244,88,0.28790895587199794
64,117,86,0.22669714396362486
64,258,191,0.18874565099769275
64,67,54,0.2305703566055757
64,254,59,0.1798247698388008
64,217,39,0.22772458673328672
64,253,131,0.1846118313256669
64,151,169,0.14301815514562177
64,131,37,0.1748680475228422
64,137,104,0.13362977617191904
64,101,70,0.1917961621519952
64,266,119,0.15850346088709213
64,228,85,0.26550688809167644
64,133,149,0.10688316263752591
64,257,34,0.2623348041147883
64,277,93,0.2788395926941447
64,56,118,0.11399091596656623
64,53,31,0.22784612268698334
64,219,1,0.14470873905630227
64,201,81,0.17879034380906078
64,107,171,0.23312362930264663
64,280,74,0.22879429623925196
64,231,15,0.15099914322439786
64,162,112,0.16971928037020098
64,90,143,0.14014081123262662
64,41,176,0.27737073561037584
64,63,160,0.1490398789313294
64,182,101,0.23155912208144358
64,229,190,0.19304938392998477
64,110,183,0.12788188843288836
64,68,109,0.14321224002330643
64,103,4,0.13042684730191095
64,155,95,0.13354432179065953
64,188,157,0.2105231767261417
64,76,125,0.1915221452291127
64,72,153,0.16764868226809687
64,122,41,0.10569767397517213
64,80,177,0.25104071490140106
64,100,114,0.2956917770690315
64,171,130,0.18891650278429045
64,166,184,0.12032138156247693
64,184,168,0.22574074963658308
64,17,92,0.1968388689183084
64,46,106,0.11753366365589271
64,18,44,0.16275963571868318
64,1,115,0.28773715504534114
64,115,152,0.1314035784981707
64,233,7,0.2083755707487218
64,106,12,0.1560853116669988
64,158,23,0.18112182065693355
64,237,193,0.17804508385690024
64,198,72,0.1559062898805081
64,185,108,0.27096930066778535
64,45,121,0.1677214568170451
64,255,91,0.18975020712086899
64,197,181,0.2635709012080769
64,250,123,0.21706726257126616
64,89,66,0.21686982940023836
65,224,32,0.9
65,278,51,0.3670997228386925
65,170,2,0.35386208268040764
65,222,99,0.3587342385998956
65,10,94,0.3828707199147817
65,133,131,0.33871515450105716
65,5,24,0.38887735533480383
65,198,72,0.3428321452794554
65,143,20,0.38837933634589583
65,270,117,0.32007533609470395
65,53,103,0.3075414729872664
65,281,9,0.37824751893551745
65,273,189,0.3654607356398397
65,279,27,0.3418908697445918
65,263,60,0.9
65,15,198,0.3690093908291163
65,261,137,0.3438110017152124
65,158,121,0.32556160255223143
65,104,141,0.3806172822732514
65,260,181,0.32422569599224543
65,24,39,0.38385491160223173
65,106,193,0.3340430790166256
65,167,47,0.38799381414665224
65,43,155,0.36853015521106613
65,186,57,0.3281780955321959
65,56,118,0.3439971316446462
65,126,25,0.33990829961049923
65,255,76,0.3791973062337166
65,88,5,0.35460059932927857
65,249,182,0.3992069894132533
65,55,144,0.38570974838452565
65,72,153,0.3204448417520093
65,196,58,0.3255575670171475
65,151,169,0.3748606497371634
65,171,31,0.3994889869494537
65,244,65,0.34916189641834317
65,115,54,0.34886394281425104
65,45,30,0.35302989475763047
65,71,46,0.3276830874338085
65,155,95,0.35691048451811014
65,266,119,0.3314527643611517
65,51,191,0.35974996411921445
65,157,45,0.3777936166499051
65,60,53,0.35114015931063003
65,253,172,0.3689989148033399
65,1,61,0.3158493022565174
65,164,33,0.9
65,185,67,0.37045097142308536
65,228,85,0.31009488241743866
65,256,196,0.3036645368401251
65,210,176,0.30088739153639477
65,81,48,0.3723822234171368
65,271,166,0.3371400208607134
65,250,146,0.32808610493328805
65,107,171,0.3981776529773001
65,144,29,0.39593652497459797
65,180,64,0.3360692437343611
65,160,184,0.3112719444521097
65,262,139,0.30662790038189125
65,52,113,0.35803021788708134
65,188,91,0.38648600060971905
65,240,28,0.3271052896100216
65,103,124,0.34999645478371944
65,110,183,0.37492480934890515
65,79,126,0.343581041720205
65,235,6,0.37127092499493464
65,25,21,0.39671907315805355
65,226,112,0.3081751785397152
65,268,59,0.3788941177184526
65,122,77,0.3777143875082838
65,245,154,0.36584934042472783
65,46,3,0.3903279152640041
65,206,38,0.3815647356906118
65,131,37,0.3117888039586575
65,201,36,0.3068950311971753
65,120,110,0.16813855835802732
65,211,19,0.27817111395864347
65,154,132,0.11850752962649225
65,265,43,0.11688907428586953
65,163,140,0.14363899126050436
65,218,49,0.20884961343964342
65,182,52,0.29189485161044326
65,274,114,0.1371045869786252
65,124,175,0.12319976583599233
65,166,163,0.19468282173875645
65,87,187,0.13011685203519346
65,200,161,0.17840514983690003
65,12,16,0.2871869821772473
65,280,34,0.16052074353999238
65,269,178,0.2778191297071425
65,234,50,0.170681814071338
65,197,7,0.13044897518483
65,159,17,0.1960115475428388
65,17,190,0.2670894686778925
65,220,129,0.23635861382807602
65,205,79,0.28618476914440993
65,272,62,0.16850448858062678
65,232,101,0.1836274656563816
65,241,133,0.15395517533407727
65,184,116,0.2703754793958403
65,267,127,0.10264562692654056
65,100,197,0.14664056624809033
65,162,93,0.2949150983164378
65,233,142,0.17280150120966092
65,223,56,0.17520624479400826
65,132,159,0.26423226088239393
65,195,71,0.10641303824218278
65,187,195,0.2302475939186822
65,238,82,0.2569827923040219
65,63,165,0.18231397890468903
65,146,185,0.202104537820047
65,74,86,0.12128597109163217
65,219,123,0.136038729843892
65,209,177,0.12380563125469105
65,213,4,0.2454346665203672
65,257,164,0.16350958072061464
65,217,192,0.20967149659242193
65,67,170,0.10515195049798509
65,259,98,0.12719404565139628
65,89,106,0.1372551958539976
65,68,96,0.24550316311168355
65,237,66,0.16121694221029592
65,243,128,0.1935832854386204
65,41,90,0.1975326595200839
65,207,135,0.2667070401789722
65,251,40,0.18461075902719112
65,276,92,0.2315368794999517
65,136,15,0.28147690382946977
65,58,149,0.17615094330483633
65,78,100,0.18878984807684904
65,98,84,0.10142238161545293
65,64,107,0.29845786035756905
65,264,130,0.13533374122883413
65,62,18,0.20837838270473416
65,121,13,0.25729607188616666
65,117,125,0.11835302412573455
65,18,104,0.2871768026507706
65,229,74,0.2586063591501222
65,275,44,0.1876150847517793
65,168,83,0.13046357339723716
65,277,81,0.1539754030845634
65,28,180,0.17006274331296095
65,252,111,0.2740268324884362
65,137,10,0.1642520881353342
65,231,188,0.13236372301975435
65,123,88,0.12599528176266145
65,80,55,0.1464801139149235
65,109,115,0.13514491330134504
65,101,162,0.11109295991488317
65,239,157,0.1438124808751887
65,173,11,0.24920012738202602
65,282,1,0.23336736558320406
65,283,14,0.12591193992868502
65,284,23,0.26891567430074714
65,285,80,0.29600398339600603
65,286,97,0.16745788884274673
65,287,108,0.16853021504258225
65,288,109,0.2694024531172208
65,289,148,0.14189713886571848
65,290,168,0.15573901161811154
65,291,186,0.13715955327980212
66,289,148,0.3928216242622372
66,222,6,0.30052595847225916
66,287,108,0.3205553580942119
66,265,43,0.3938536842977206
66,56,118,0.34402037551304915
66,284,23,0.31453555996632787
66,238,82,0.3255950606045259
66,232,60,0.9
66,163,140,0.3406193242042921
66,278,51,0.34971660602846544
66,274,193,0.37646758288699833
66,5,24,0.374755680193828
66,104,141,0.3159388740675102
66,151,169,0.3719336341377064
66,261,137,0.35891102009720954
66,235,74,0.37090045734428256
66,211,19,0.39488008777681194
66,87,198,0.3012775041477009
66,290,168,0.39094730039975634
66,81,48,0.30193242796171277
66,270,114,0.3612290838276875
66,133,55,0.3514631122356029
66,126,77,0.3763977003682979
66,260,67,0.33185689799799145
66,224,191,0.3167419008544383
66,144,21,0.392225474034103
66,200,184,0.3483338271622151
66,271,86,0.38764385520979905
66,241,35,0.35266710305209537
66,205,56,0.357110746376718
66,269,30,0.30159210898299293
66,158,41,0.32341121796270267
66,209,3,0.3330911606687823
66,218,100,0.3339282906586464
66,217,166,0.3878091808833448
66,53,103,0.35378025614355846
66,272,139,0.383112436627311
66,245,164,0.3660143159375392
66,107,134,0.9
66,171,40,0.35925736149504195
66,291,138,0.35255928831757644
66,180,147,0.3990603777493511
66,226,98,0.3068372009516366
66,88,130,0.39036516687938616
66,137,33,0.9
66,74,165,0.3703760233501747
66,100,26,0.3410463513584737
66,240,120,0.3337818432416809
66,101,176,0.3139980422224592
66,246,8,0.9
66,120,110,0.2590828046393711
66,198,72,0.2858075837803985
66,157,45,0.27715371522588517
66,143,20,0.13296079486640847
66,124,175,0.18521230637532504
66,155,95,0.23855449056161757
66,186,57,0.22139793856532336
66,146,185,0.26065066447520324
66,170,2,0.14742544976254462
66,187,195,0.21900626085228445
66,273,189,0.2827141474710111
66,228,85,0.1892289601610777
66,159,17,0.1572764926140549
66,43,155,0.22650934723137736
66,154,132,0.23392690534459404
66,283,14,0.17420916522679025
66,285,80,0.1106077977078441
66,276,18,0.13727583341011035
66,253,115,0.26100376372429024
66,52,113,0.1688378204733469
66,239,4,0.24836300208159573
66,45,192,0.23805428723257083
66,288,109,0.1561393425545694
66,60,53,0.17768500180290192
66,262,121,0.2588516000351301
66,132,159,0.28364538090859265
66,249,182,0.2974274408162341
66,24,39,0.2728102894491018
66,18,106,0.16205035008645463
66,71,173,0.28565646075241985
66,79,126,0.2944848676120701
66,281,154,0.2976383906071456
66,282,1,0.2361692625833874
66,12,16,0.22007557413847242
66,173,83,0.14498870762942323
66,256,196,0.24155147145840725
66,15,156,0.13920661470723375
66,279,27,0.19482957015558638
66,51,143,0.1432393401105922
66,131,37,0.2254167082358206
66,103,12,0.1675191989021272
66,206,38,0.1496506897079095
66,213,146,0.21973751695077764
66,196,54,0.2865727441652942
66,184,194,0.23884849700735658
66,167,47,0.19496307429495213
66,234,158,0.17336208861429486
66,229,142,0.11735118231733407
66,266,119,0.27060130760949225
66,25,46,0.24352861272063184
66,182,88,0.2962517748041825
66,58,160,0.27203453795083155
66,68,61,0.20399591010708124
66,168,7,0.14947274725939536
66,263,71,0.25426698976994977
66,264,5,0.24527190334030335
66,220,129,0.13089882284976145
66,286,42,0.2455054752142828
66,207,111,0.2571107280769618
66,123,172,0.2855526362003395
66,41,69,0.27754706907730764
66,67,64,0.20848911175745943
66,231,163,0.2583808409714048
66,98,180,0.1377589644160045
66,166,31,0.2572206577404589
66,275,52,0.2748589748902659
66,62,99,0.11322225256518972
66,28,70,0.13882700213146854
66,223,112,0.19848533227720808
66,109,179,0.17728072419279145
66,78,49,0.20874346111519415
66,160,186,0.19582465394452658
66,106,107,0.24679537268820975
66,258,105,0.25086887445084033
66,110,187,0.27546373103591115
66,210,91,0.18704954809786484
66,244,101,0.10527628236518544
66,46,177,0.27963489843307227
66,237,197,0.11169246066550198
66,63,59,0.25100450457232415
66,80,28,0.23909263914964138
66,197,75,0.2765454101065844
66,251,145,0.11279671497108418
66,219,161,0.29171078204615164
66,243,102,0.16371419102325507
66,115,170,0.2497399601044172
66,252,79,0.27558595976260236
66,122,65,0.2762925314621887
66,55,133,0.22427666247139405
66,164,174,0.10458574199312581
66,188,0,0.10783489906402377
66,10,117,0.10120411987658479
66,280,22,0.19299965578623757
66,72,167,0.16727224616939082
66,162,152,0.15933964744062198
66,267,150,0.1675964007789535
66,277,131,0.15171898999588102
66,257,151,0.10731245408414676
66,250,68,0.17789689311126958
66,185,104,0.13381714555420338
66,233,87,0.25934518187316297
66,195,89,0.14491672644801423
66,136,188,0.13896496554531135
66,201,135,0.10296997265061639
66,64,62,0.2911285728220371
66,121,11,0.16583478886541952
66,1,123,0.13115108723958935
66,17,84,0.26888524062050323
66,259,178,0.1385102724718721
67,131,37,0.39715057773697304
67,56,118,0.3348480338935813
67,155,95,0.3179493815499451
67,170,2,0.35272126020295513
67,146,185,0.39722091722502517
67,266,119,0.3313680051167831
67,198,72,0.344946704733175
67,104,141,0.31651182337198225
67,187,195,0.3452532281610153
67,132,159,0.38403922541526925
67,52,77,0.3003478251436549
67,222,74,0.33543078131425574
67,43,155,0.3511482803151842
67,24,39,0.3096134973100849
67,143,16,0.33213763308874056
67,261,134,0.9
67,262,121,0.39100692549666627
67,284,23,0.3244123210081695
67,186,44,0.3525745542114528
67,163,133,0.3893019736252026
67,224,191,0.3111293760227468
67,237,197,0.30186428713535984
67,234,50,0.3434539499578381
67,41,199,0.38130346631792456
67,229,60,0.9
67,286,58,0.371276288192961
67,243,102,0.31552925993531056
67,123,136,0.3315487549662472
67,157,46,0.33908707627299906
67,55,125,0.3156317302338105
67,160,92,0.35474337713934323
67,272,69,0.3393605667462626
67,211,19,0.345337486130671
67,291,151,0.31928663387127754
67,12,111,0.33974856418034777
67,18,32,0.9
67,110,96,0.3625029030578757
67,273,67,0.3533493776976534
67,46,174,0.3012529568329816
67,17,49,0.32262928265230495
67,264,41,0.38135124850846336
67,269,135,0.3947731883719072
67,219,188,0.34710275089459836
67,265,150,0.3093216209650327
67,10,66,0.3215503152829464
67,241,73,0.3835968157007552
67,228,33,0.9
67,180,147,0.35744973111615774
67,279,142,0.3666244647248601
67,106,26,0.9
67,209,3,0.32126849731793594
67,126,107,0.3761856509167928
67,185,130,0.32904041292923614
67,124,59,0.3636744903785999
67,144,149,0.3631191585514161
67,78,112,0.32878810155974625
67,236,8,0.9
67,213,176,0.3267059132869208
67,5,24,0.25547953956960484
67,81,48,0.27304567596359136
67,120,110,0.17211310499777766
67,238,82,0.22048634850185908
67,278,51,0.17501906917540977
67,289,148,0.2252052524454857
67,154,132,0.1942186958996484
67,271,166,0.29963887456621674
67,60,53,0.18026074734651587
67,151,169,0.1902526746597833
67,53,31,0.15715044583213084
67,270,52,0.18501287952439527
67,51,143,0.298778817813671
67,244,156,0.2539590321659545
67,72,88,0.10934695163949731
67,260,5,0.21367337794711083
67,240,180,0.14663739688159533
67,282,1,0.27977779562045735
67,283,14,0.21313824738705295
67,217,145,0.2437339802773205
67,133,181,0.16894862140404654
67,287,108,0.21308875721493023
67,206,64,0.12575755322486434
67,182,12,0.2514004590733299
67,253,167,0.24525460505140131
67,201,115,0.2288699518168505
67,103,138,0.14573611761958521
67,79,126,0.22162322468033538
67,285,80,0.16870606678545805
67,207,63,0.11843192544721581
67,167,62,0.16689631814930067
67,218,100,0.19953881431202658
67,68,61,0.2989354367079297
67,200,75,0.2714371775611394
67,280,116,0.10228446719149857
67,276,15,0.1639117156678248
67,281,154,0.2833690241643476
67,107,76,0.23925649044886238
67,25,179,0.18325672251570554
67,290,124,0.11508417803226684
67,115,170,0.1750562086917385
67,258,175,0.10120215037553565
67,257,11,0.2596546305823412
67,275,123,0.2536829030328981
67,195,83,0.2294479357789174
67,58,45,0.29430127797275174
67,210,173,0.10247858355462941
67,235,99,0.12254915630940474
67,252,4,0.19766857254167652
67,74,86,0.11833072368545902
67,256,146,0.17504711024259065
67,249,182,0.14668021286724023
67,168,189,0.18595444739165184
67,159,7,0.16178893654758153
67,274,139,0.17871482681839035
67,166,137,0.2017842959122524
67,171,29,0.2639785695935244
67,231,157,0.1534229422096684
67,88,104,0.29755315777163216
67,223,128,0.18945115279709596
67,250,122,0.29144212990644347
67,220,93,0.1243886038460498
67,122,114,0.2155277689819931
67,232,94,0.2749527469402392
67,87,158,0.13577526866515283
67,101,192,0.25817681175386475
67,136,161,0.11335382828612538
67,205,178,0.20520205362492114
67,28,78,0.29276438602206956
67,121,9,0.1726533316164804
67,98,97,0.24559925274632474
67,188,0,0.13078036745234017
67,239,84,0.27990561000901903
67,263,113,0.12167896609794662
67,137,171,0.12410281283550874
67,245,164,0.20447446681674203
67,251,165,0.10803271496713626
67,233,34,0.1761082835484608
67,259,57,0.2912721074516772
67,197,190,0.2110906263388457
67,267,43,0.2221054040296821
67,62,183,0.12397807748781228
67,277,20,0.17223815145160948
67,1,120,0.29468122157114063
67,100,25,0.1312659274451431
67,109,177,0.1426059567489426
67,45,21,0.15478756758147905
67,226,98,0.17032845520625656
67,67,144,0.10141347153642627
67,71,36,0.1310230586258393
67,255,106,0.18755485006444794
67,64,68,0.29725045539363343
67,162,91,0.2312539839528677
67,90,40,0.22648418206199555
67,292,81,0.26906155947485144
68,224,191,0.38796557086341843
68,237,197,0.36687622950198573
68,198,12,0.3392563454215898
68,79,126,0.3004716945214801
68,261,134,0.9
68,170,2,0.31999410180271537
68,245,164,0.38228481515399515
68,251,165,0.34733934061839267
68,155,95,0.35369024794923176
68,282,1,0.3871091691774592
68,271,86,0.35443007557532225
68,136,72,0.3943054754515505
68,211,190,0.38113654478544234
68,235,138,0.31088357479795214
68,290,124,0.3211731522278217
68,250,152,0.35744679744871677
68,159,7,0.33074845694771005
68,269,56,0.31270939099070705
68,266,119,0.3443063287654654
68,56,118,0.32593320787187885
68,162,103,0.3208504784139754
68,143,127,0.3945909320894405
68,218,100,0.3599149778721197
68,163,140,0.3155746519945237
68,122,114,0.3284131215779925
68,104,192,0.3610542424050872
68,100,65,0.37426105868943815
68,188,0,0.3119748363606654
68,283,14,0.34834185031684933
68,273,130,0.9
68,132,122,0.3557571088385947
68,260,41,0.3023876542820318
68,115,54,0.34426453872860563
68,270,27,0.3064377858321138
68,262,88,0.3391106419261246
68,258,175,0.3444197865253163
68,232,60,0.9
68,88,67,0.3838268810388984
68,109,8,0.9
68,284,115,0.30525289865460276
68,288,109,0.3332058341178501
68,123,73,0.3150400780105296
68,110,13,0.37286752728892936
68,286,58,0.38195840124473524
68,287,161,0.3495046131273267
68,60,10,0.33757428986497917
68,280,66,0.3855451695126545
68,219,83,0.3357292807001634
68,187,135,0.3823028069447141
68,228,33,0.9
68,241,49,0.33956152585398947
68,98,176,0.3206797491533871
68,51,32,0.9
68,78,112,0.3663568164995107
68,206,38,0.31528397066804964
68,15,194,0.38609869963673016
68,131,37,0.306513748056337
68,186,101,0.33066337934655665
68,289,168,0.36481932930036587
68,154,19,0.31655270155238063
68,180,147,0.19087752327436847
68,146,185,0.2523488525952646
68,43,155,0.1571319701703814
68,107,76,0.2317788965577553
68,151,169,0.1902236811443173
68,209,3,0.12582303224108604
68,182,148,0.2516734707008318
68,249,182,0.18672056663346992
68,120,110,0.2312719970719221
68,281,9,0.23689547880419623
68,24,21,0.13466834191492733
68,52,77,0.16038021214049822
68,74,166,0.17508667922176702
68,126,44,0.21663109755704407
68,238,82,0.1205273192144739
68,53,31,0.27386389062188343
68,226,98,0.24872345720973196
68,231,40,0.20295577377619362
68,12,111,0.19003462954025152
68,285,163,0.20642093995284233
68,255,63,0.12278943645505462
68,222,6,0.14070701913987277
68,133,5,0.29010175123843035
68,256,4,0.14468609814754238
68,103,34,0.22371535517378524
68,144,136,0.2957531636952393
68,67,131,0.26538562076102223
68,68,198,0.12423785271330359
68,167,62,0.16629498994805608
68,217,145,0.12815212673180953
68,205,30,0.14375122936760407
68,201,153,0.19320396760272157
68,121,75,0.14996854405129045
68,45,20,0.27760432180572897
68,220,144,0.2806755491722177
68,292,81,0.21302066670840608
68,265,150,0.14310184972884588
68,25,85,0.2883769824231499
68,58,106,0.1281593841180403
68,200,132,0.1201827461398974
68,185,104,0.2719089291564604
68,101,143,0.14453608100086326
68,213,93,0.20763810104885927
68,72,57,0.22187755927593256
68,207,16,0.11272683945288402
68,278,167,0.1712316461416737
68,243,128,0.17243606973616768
68,10,47,0.11401230243230843
68,81,151,0.1295404893192904
68,279,187,0.21125576342458477
68,277,173,0.12185295781285495
68,257,87,0.10824385050843144
68,263,113,0.2309252474517374
68,253,18,0.11769997608680197
68,244,156,0.2682372591891963
68,276,15,0.27642472506190696
68,252,120,0.1708529927321359
68,240,162,0.16284363820021308
68,272,181,0.25285780135839986
68,275,99,0.2648037708812899
68,41,94,0.22908470856353402
68,90,55,0.10277345510109623
68,223,170,0.13168947788270824
68,71,149,0.2835757306195168
68,171,141,0.25075336751695493
68,157,160,0.1457498379241056
68,291,96,0.2125952389268312
68,173,70,0.26774728227346256
68,124,59,0.28770045458005533
68,274,80,0.17693610055236686
68,234,183,0.10671274356838738
68,17,133,0.2991644307774608
68,168,53,0.18600497310809982
68,264,117,0.1460605006500639
68,5,78,0.2848262607144352
68,267,195,0.1412364922832701
68,210,105,0.10512724642641459
68,233,22,0.11256091921662836
68,195,84,0.11425985254179422
68,106,193,0.296533444713897
68,239,108,0.12026134133578856
68,196,159,0.2029002893674724
68,229,52,0.2940372790793631
68,55,35,0.13627639769711236
68,160,89,0.14605924222078182
68,1,196,0.2611566632828961
68,137,90,0.23740744984669315
68,117,129,0.2689285655377615
68,80,28,0.21104922375909144
68,197,123,0.18051141922884245
68,293,17,0.20520476475106136
68,294,172,0.26530850314766086
69,122,114,0.30059869577944487
69,244,156,0.3138158237735261
69,228,33,0.9
69,155,101,0.3027589364193184
69,43,155,0.3406804467700655
69,279,187,0.31011990524099187
69,266,119,0.3710336803456231
69,232,60,0.9
69,170,2,0.3229946788617273
69,293,17,0.35464215267005994
69,209,3,0.33548111199213115
69,222,138,0.3645509541983417
69,207,16,0.38161472656888606
69,245,164,0.3673456289447261
69,262,14,0.33405526521832596
69,261,137,0.39166917737676965
69,188,0,0.3805576136768082
69,187,55,0.3893808726806649
69,121,70,0.35234086597447045
69,224,32,0.9
69,229,161,0.3060132417826891
69,198,23,0.3935337584946229
69,182,84,0.37816748792228894
69,167,121,0.39592182359444306
69,249,117,0.30768737423261405
69,115,54,0.3811055511807927
69,289,56,0.3952045098667377
69,206,38,0.32843687032441826
69,107,177,0.3658473631098337
69,233,193,0.33460484452052486
69,258,175,0.3275633783005321
69,88,67,0.31596450621302186
69,234,96,0.332541600857555
69,270,22,0.3806161970285966
69,160,69,0.3290463914327218
69,264,142,0.3445135684403323
69,255,160,0.3847038741669989
69,58,174,0.9
69,51,8,0.9
69,124,143,0.39475301892431003
69,280,130,0.9
69,287,83,0.3470200487119885
69,162,41,0.31801554125004017
69,237,66,0.3914063607278465
69,271,173,0.3882794837763113
69,90,139,0.3795050983178593
69,163,129,0.3236076705770359
69,278,51,0.35326707189166384
69,157,195,0.36155174449564387
69,294,172,0.24157703931734226
69,290,124,0.21619300629554655
69,24,21,0.18895569526757278
69,265,150,0.10292132016067819
69,218,100,0.10827706479849518
69,74,86,0.15307000540886367
69,180,147,0.15014593239597973
69,251,165,0.10028388506717088
69,282,1,0.10514897368264264
69,185,104,0.21378786379910117
69,272,43,0.1878327648337782
69,276,15,0.17630503035458178
69,281,9,0.2405957384487304
69,146,185,0.13169758016496766
69,56,118,0.2443059094274612
69,284,72,0.271011440375417
69,292,81,0.2610229517479655
69,240,146,0.2857210985567872
69,151,169,0.2355548872968474
69,285,163,0.10463876520527327
69,12,111,0.15985498256509528
69,52,113,0.10394212864972385
69,159,168,0.14276800666471684
69,132,73,0.16864690306921187
69,171,192,0.10050548615439596
69,80,28,0.2723879446913188
69,106,167,0.28113980824852663
69,275,74,0.2503195972221307
69,110,13,0.26579504705838974
69,100,198,0.13024770096370827
69,81,151,0.14792883136267196
69,205,30,0.28709435433013625
69,253,24,0.14381461142827523
69,274,4,0.28436030954401337
69,263,199,0.1073148488410959
69,238,82,0.23100155654931365
69,104,39,0.23047628225782762
69,53,179,0.11264429866305939
69,241,162,0.21131442811201973
69,219,132,0.1660633858457824
69,55,68,0.23380032652003996
69,211,190,0.13751125574441173
69,168,134,0.1395221553576978
69,195,120,0.2851513431074133
69,286,102,0.19059327438359425
69,143,46,0.1936896745677048
69,78,112,0.20864681206016378
69,213,152,0.24107019610181524
69,235,154,0.23750341716202927
69,239,71,0.10631187154437179
69,291,50,0.19012654352067065
69,267,42,0.20505459755332076
69,186,61,0.2623262476564382
69,196,144,0.2658949234356415
69,126,44,0.2890194809334324
69,260,25,0.11343598720816205
69,60,10,0.28168045655418417
69,257,27,0.26045262798544433
69,243,122,0.2673596126389751
69,123,64,0.21918264104877583
69,217,36,0.15029207206466852
69,67,181,0.2743066580737292
69,144,97,0.19274047655531823
69,120,106,0.1634634126756077
69,283,89,0.11875270931126738
69,197,5,0.10101344078480534
69,15,65,0.10695989427282429
69,79,19,0.23772408748397492
69,1,58,0.10227859023523736
69,273,85,0.12005253567635046
69,45,178,0.1800290631496557
69,68,95,0.17590454227446667
69,136,12,0.2201676382495873
69,98,131,0.22344557082648692
69,269,90,0.20101165435393598
69,131,37,0.10049016911312375
69,117,136,0.2387143604630015
69,288,123,0.26146345010751887
69,220,20,0.2859226662821398
69,210,59,0.1398737512543645
69,10,189,0.29623359395941634
69,46,76,0.18325932933475947
69,87,158,0.11095628668234447
69,256,135,0.25963685104185147
69,71,176,0.278614018214842
69,223,170,0.2285141485656906
69,154,92,0.12875568782097974
69,103,48,0.1103983936151404
69,226,128,0.27445379847255347
69,200,75,0.22996723511142253
69,250,159,0.1823334855018819
69,133,116,0.1461840186548526
69,25,103,0.22640939069393798
69,17,140,0.140569796940207
69,5,6,0.18216592829246997
69,231,40,0.15869308705987198
69,137,188,0.28688692512492375
69,62,183,0.2179164836748936
69,201,99,0.14260722815801352
69,18,133,0.24922238653942744
69,277,93,0.21395265973077612
69,252,35,0.20415022948010436
69,72,11,0.15731121100924558
70,232,60,0.9
70,245,164,0.35579869670504494
70,244,156,0.38901778295906675
70,170,2,0.37300186696015536
70,52,113,0.39058430535571764
70,285,163,0.31310531233449485
70,68,25,0.3279269913945203
70,12,111,0.32106233393832584
70,126,44,0.30757495063276347
70,294,172,0.3293151322555747
70,209,3,0.3549701971336072
70,171,192,0.31474721432165603
70,110,13,0.34331857884688477
70,122,114,0.31557691428964685
70,269,131,0.34715711446171194
70,256,31,0.3228426637608274
70,185,104,0.3102021433823955
70,188,0,0.34602893801222856
70,279,187,0.3272339314746791
70,284,72,0.39813579141233657
70,249,117,0.39521820723513656
70,228,33,0.9
70,201,88,0.36934557971861093
70,263,199,0.3145836095748463
70,207,20,0.35067188525269644
70,231,40,0.3342123573775817
70,261,76,0.3613523962298971
70,211,190,0.3703634054093854
70,224,32,0.9
70,223,152,0.334812098655026
70,56,118,0.3990490973217964
70,283,27,0.31844206451773743
70,67,41,0.383331556205735
70,74,145,0.38410217443866834
70,146,188,0.39070655188802084
70,180,133,0.3932412614883063
70,100,34,0.3023498399272963
70,120,43,0.33544433901956483
70,53,103,0.35831370741546764
70,10,189,0.32602177258110016
70,106,153,0.3741776835942049
70,205,55,0.33991796696514226
70,240,4,0.3430005247120807
70,107,134,0.312711454632582
70,292,81,0.31163105367377464
70,5,52,0.3154851812860574
70,151,169,0.304543825088361
70,229,70,0.3799435979506235
70,163,129,0.30809217987519344
70,132,102,0.3569370484010638
70,287,132,0.318094056826836
70,270,22,0.3001535592914285
70,78,176,0.304134391446913
70,222,167,0.33610540612510986
70,218,49,0.3435853992603102
70,1,159,0.3595749847587242
70,237,139,0.3237498976599308
70,282,11,0.3821944875921529
70,103,126,0.3040566977632774
70,238,75,0.38267337293325265
70,62,183,0.37185686794628237
70,167,62,0.36986920667799605
70,275,99,0.3150959778333854
70,25,157,0.39670382144790584
70,272,110,0.39286184197632945
70,115,170,0.3026563653468677
70,71,42,0.3643356645906314
70,251,141,0.3957587312063696
70,271,174,0.9
70,286,128,0.35054420950585696
70,250,58,0.32557778810168814
70,260,26,0.9
70,168,8,0.9
70,79,78,0.3477343947073382
70,55,180,0.34071525474704645
70,195,68,0.39277594056534837
70,265,150,0.10411443664133217
70,155,65,0.2705677840527976
70,198,148,0.19826317635467222
70,24,91,0.2217440914345006
70,276,15,0.16804353911955344
70,187,181,0.2188119327930142
70,136,12,0.25887974741773295
70,266,119,0.27006466916754845
70,60,10,0.11154064335435522
70,15,197,0.27508596281412134
70,281,154,0.10546691342331936
70,235,9,0.2125081430533875
70,143,46,0.14652401727657652
70,80,28,0.25058754540586914
70,258,175,0.26503807532828005
70,278,51,0.20899608420852597
70,293,17,0.19942234107570256
70,17,140,0.21882082624484747
70,234,1,0.22815591489195974
70,159,7,0.26657008503854496
70,206,54,0.17151743894972687
70,87,50,0.1683193166452088
70,43,92,0.23765519152941703
70,220,63,0.2336516623511676
70,262,89,0.2516600974433353
70,104,21,0.19284494249155376
70,289,30,0.2668397136368489
70,160,53,0.2951697785747215
70,196,149,0.16136523287822566
70,46,106,0.2874025790174969
70,243,35,0.2240685276502335
70,241,84,0.11189358910866454
70,257,116,0.1888807063716768
70,226,147,0.29474299228584716
70,157,146,0.1900332410961616
70,133,6,0.23917168424175153
70,88,130,0.20740345234120164
70,45,56,0.23333138347059687
70,233,69,0.22785426688265648
70,288,115,0.2024656655771161
70,273,85,0.1879971767225413
70,217,16,0.1354616132968069
70,255,160,0.26167682528860864
70,90,61,0.17037145012843297
70,131,142,0.27659118017725015
70,72,24,0.13839161945785333
70,81,74,0.2330718023458932
70,124,173,0.1458080008545786
70,200,82,0.18076760888160964
70,98,135,0.11174098998747795
70,117,161,0.12782423452736782
70,264,48,0.26635120085125796
70,277,98,0.20011606551960098
70,274,196,0.2837006099158462
70,210,165,0.19421261439520865
70,290,47,0.1884764433795011
70,41,94,0.17261951245511215
70,144,120,0.17186996386265768
70,219,19,0.2088109821240119
70,291,194,0.19917791441590083
70,154,87,0.12569191680710123
70,166,137,0.1493870565509776
70,18,73,0.11657125259712336
70,186,18,0.29960009515681146
70,162,71,0.21857943226922064
70,213,64,0.28763235656961755
70,252,125,0.18199776716130595
70,182,83,0.23335881700733196
70,164,191,0.2923442467251951
70,259,101,0.21015441158878492
70,280,195,0.2648951137885067
70,63,59,0.13076248812867475
70,267,136,0.25885032824624077
70,158,77,0.12096544276548823
70,137,138,0.26787928216045265
70,253,186,0.20979779241434218
70,184,107,0.27025933957687087
70,101,86,0.16864024333113292
70,58,105,0.16260706148175763
70,239,193,0.23171990372512138
70,123,29,0.18888934568450472
70,197,66,0.2340649019474821
70,121,122,0.2007034851754101
70,173,79,0.14788469731072057
70,64,93,0.2891718306987022
70,295,14,0.2453956305138908
70,296,90,0.15960771620479952
70,297,144,0.1952127159051127
70,298,178,0.2759766553340758
70,299,182,0.15870377680175402
71,244,156,0.31131317881096304
71,136,72,0.38398489632344646
71,266,119,0.3194982325453751
71,209,3,0.3906462665466748
71,224,32,0.9
71,270,22,0.38662259397455745
71,80,28,0.3860176138990026
71,120,111,0.31805441212164554
71,155,114,0.3594454276960247
71,249,95,0.32879915516589053
71,170,2,0.3989847475143461
71,167,47,0.34987372230190006
71,297,144,0.34231546811061375
71,166,137,0.3868331630624412
71,228,33,0.9
71,284,12,0.31398118176964174
71,126,44,0.3202679517800835
71,211,190,0.3992891205490925
71,222,6,0.31197685121860363
71,292,81,0.33414900918514945
71,279,187,0.3892320753350893
71,146,115,0.3832144792628064
71,198,148,0.3296239574142691
71,258,175,0.3816298003209758
71,223,125,0.394260247005358
71,133,153,0.3833238380814996
71,278,51,0.39514577459968137
71,5,77,0.30440731177603275
71,289,63,0.31635047675024863
71,107,134,0.3737777464629566
71,151,169,0.39997531494396765
71,201,197,0.38692785760955906
71,74,86,0.37264910947452956
71,232,71,0.3770626842996374
71,260,26,0.9
71,1,147,0.38363152566630143
71,87,158,0.3885175066401777
71,132,68,0.37318694341485725
71,197,116,0.3847367830967581
71,294,56,0.34065479715816327
71,123,106,0.34462762162773675
71,200,84,0.3538966119291994
71,220,179,0.32725157019202583
71,218,136,0.32233756157591015
71,250,196,0.3075815698960267
71,160,174,0.9
71,259,194,0.32100675933317924
71,110,96,0.32082162580743523
71,213,152,0.3430214903450204
71,275,108,0.33231465425384443
71,144,70,0.36585742851935854
71,295,123,0.3497471412200017
71,137,151,0.3355703469777282
71,63,59,0.3552861256987515
71,56,73,0.36360686541583886
71,243,129,0.35643978522957986
71,263,25,0.3310645365284357
71,238,83,0.3568444966323534
71,206,38,0.3425481733664647
71,124,191,0.3394640662377645
71,272,8,0.9
71,245,164,0.12783650118918743
71,188,0,0.23210968610213048
71,285,163,0.2535344790439713
71,17,140,0.22766226649788282
71,185,104,0.17894652435092112
71,265,150,0.14976680905569478
71,52,113,0.17883218015533264
71,273,85,0.24409093581198332
71,286,128,0.15652003364868408
71,159,7,0.2358196493144003
71,264,78,0.29436462433660887
71,261,76,0.22036779641422594
71,81,185,0.16577781543523706
71,122,65,0.2718239657542555
71,24,91,0.146424056695535
71,281,154,0.1321074265421438
71,298,178,0.17643866005707665
71,182,18,0.18423139777774122
71,293,17,0.17192126074164982
71,184,41,0.1715331240148602
71,60,10,0.2461508002444951
71,41,94,0.1816364693007449
71,233,181,0.11000963923238212
71,131,89,0.2542807141109168
71,291,107,0.22699982506094532
71,187,67,0.24281726585804211
71,46,16,0.194744663737629
71,101,39,0.11100293654579946
71,143,127,0.13731388314109977
71,53,103,0.26979722797523453
71,288,23,0.193525537014616
71,45,168,0.21135240820237705
71,115,170,0.1487515482992306
71,299,117,0.2339952872534083
71,207,20,0.22310484890470417
71,240,4,0.1062483966173091
71,173,177,0.15800937003990723
71,257,69,0.1727876784491596
71,158,101,0.12539103599071122
71,283,198,0.20998773448509034
71,282,11,0.12994471475553582
71,276,132,0.18127115327845128
71,43,126,0.12479197837677684
71,88,130,0.1905698017802017
71,231,40,0.15973323535333195
71,235,99,0.24496892409522272
71,262,27,0.2667191911167667
71,210,141,0.1280061979437644
71,296,195,0.23893073584272737
71,12,30,0.18063431422408427
71,78,176,0.163948136256961
71,15,5,0.17024321841717777
71,290,66,0.29242545272671927
71,217,43,0.1073936608940099
71,274,42,0.1895659114243985
71,196,149,0.28382887691886005
71,234,138,0.28418264382283875
71,239,80,0.1794985279690789
71,157,180,0.2544061582010077
71,280,98,0.27781738864684236
71,71,120,0.2992673434092866
71,163,159,0.17322846069210607
71,62,37,0.2770073600824605
71,241,75,0.2905963577366014
71,58,64,0.20356122833888263
71,237,193,0.19276182723258023
71,171,145,0.2557811971263475
71,100,24,0.1629082498145627
71,18,58,0.17836423267059426
71,253,161,0.2639823590029692
71,195,118,0.19071671510434168
71,251,36,0.1986862525053627
71,154,52,0.1325471283326639
71,256,31,0.19383057030033024
71,267,146,0.2889501685429059
71,103,74,0.29844505781840136
71,164,173,0.2425289086974159
71,180,54,0.22214138038150913
71,55,82,0.10430015397389707
71,162,50,0.20791909204919146
71,10,14,0.1627380309802931
71,117,61,0.11162794676795511
71,98,188,0.19749833064760797
71,104,110,0.20792358367397928
71,287,184,0.2862067913449809
71,205,87,0.2967984307612723
71,219,167,0.15000454794531676
71,90,13,0.13671004519104146
71,277,97,0.10520740129330143
71,68,109,0.2595175302205233
72,159,7,0.3621178292931948
72,261,76,0.3222692367618839
72,260,26,0.9
72,228,33,0.9
72,281,154,0.3463486868173654
72,235,99,0.36934366619549097
72,219,116,0.35687871004753724
72,245,164,0.36329668853485997
72,198,148,0.38779495291114485
72,171,32,0.9
72,107,134,0.9
72,122,95,0.30375531196250155
72,265,150,0.36016390976496526
72,136,72,0.37765209159812974
72,110,96,0.34465450217942895
72,234,188,0.32625707591201447
72,209,3,0.3450910367098955
72,299,101,0.3123166674662078
72,284,115,0.3500060330023703
72,206,38,0.3230562773530305
72,18,176,0.3724984226860899
72,41,60,0.9
72,187,5,0.3692743164337011
72,87,158,0.35065275330178236
72,126,44,0.33802296115725067
72,170,15,0.3864364660717229
72,53,181,0.30172132757595654
72,262,27,0.37353976946113865
72,279,142,0.37345750629212493
72,103,108,0.30888409298529673
72,233,43,0.3216041726806499
72,210,141,0.313390285228649
72,290,77,0.3392831537409471
72,232,71,0.3279293066107357
72,241,9,0.39599322611743193
72,12,55,0.3561843665102207
72,294,56,0.3896941084445571
72,185,130,0.34071733052434655
72,286,128,0.3551840248923023
72,90,13,0.3163613809330408
72,52,107,0.3867214974936741
72,293,124,0.30913871961824
72,231,40,0.38800368153056763
72,213,64,0.32510216098791034
72,120,79,0.37412542324309794
72,197,1,0.3960145237807925
72,74,36,0.37547398414401656
72,274,68,0.310560582498818
72,217,179,0.3054255585779941
72,201,41,0.3464369768577526
72,222,167,0.30221957572527325
72,275,14,0.36010407350326434
72,63,59,0.39487738356007696
72,166,174,0.9
72,266,157,0.3063287553142585
72,211,24,0.3233172855323154
72,104,8,0.3960312807227029
72,285,163,0.12528048421616836
72,244,156,0.19997232024461847
72,238,83,0.2442746924975683
72,258,175,0.27051738336587844
72,143,127,0.23049874118892633
72,240,4,0.1614764257948256
72,196,149,0.11334863271865342
72,256,31,0.2961778478218783
72,164,173,0.2560037257899058
72,163,159,0.16790948573597597
72,298,178,0.12087530277995429
72,154,193,0.10210872870879967
72,278,51,0.10351916946071243
72,296,195,0.12771339652047325
72,255,160,0.20352088590451825
72,151,169,0.21723972732562905
72,24,39,0.23983974610787903
72,207,16,0.26673480090055746
72,273,85,0.16274626118232666
72,45,184,0.251473546634835
72,224,191,0.256194212291628
72,79,78,0.22972216398392836
72,155,114,0.10885276793606379
72,253,23,0.2728503245335572
72,267,84,0.20173029930123607
72,158,198,0.18895517986834082
72,257,67,0.17451485185086363
72,56,49,0.13767525666280017
72,188,192,0.19157828393358442
72,200,70,0.21091741721281324
72,144,132,0.2700880622401308
72,60,10,0.20658818774469734
72,243,129,0.2842808076453651
72,10,151,0.266423014019214
72,115,54,0.23838444848418067
72,237,65,0.1660744817116454
72,249,194,0.28773127596105064
72,287,62,0.2164920612414247
72,167,47,0.19943456176599364
72,132,42,0.15519440076878227
72,295,138,0.20425433573558338
72,55,74,0.27700293328723036
72,81,2,0.25500062494136944
72,269,91,0.19301788617361174
72,43,19,0.19575724224572422
72,282,11,0.23307721353109812
72,277,146,0.17871773737700503
72,46,20,0.13499099381195856
72,270,89,0.19327503499167403
72,78,196,0.1228568379462883
72,218,90,0.234181071200367
72,292,81,0.15647948928876612
72,101,112,0.1638598693669272
72,62,50,0.14184441751255525
72,283,183,0.1113104362342241
72,15,53,0.18962076586764876
72,123,171,0.20678814841186932
72,146,17,0.24986844452153045
72,289,46,0.16241022791317086
72,17,147,0.2681259306320974
72,251,145,0.11450877281768444
72,124,105,0.1549072923089596
72,223,125,0.12089118035366851
72,250,162,0.24682877162620753
72,131,121,0.10385942718372473
72,64,86,0.176964057529202
72,239,136,0.14109257463866987
72,88,189,0.20546493108105846
72,291,113,0.10693661028557862
72,80,180,0.2570018919376972
72,98,153,0.1457684349546111
72,297,35,0.16890941841480492
72,182,48,0.22483788767894747
72,25,111,0.281743981985775
72,259,94,0.16770228042757743
72,71,120,0.28044001497297133
72,137,187,0.2003046500142847
72,288,82,0.2099613482181342
72,195,118,0.2377292740965735
72,263,197,0.2762944045206408
72,68,185,0.2302798582868647
72,276,75,0.2925948258766183
72,220,57,0.10224620815611185
72,226,165,0.2806398597399081
72,271,177,0.17425818270973376
72,1,122,0.14578453927585072
72,5,117,0.28003769109246984
72,180,73,0.11913402927774336
72,157,97,0.18686612824560633
72,184,69,0.18082349156182698
72,186,186,0.13385238291358276
72,280,100,0.22221314118394353
72,117,88,0.10285128811667071
72,67,182,0.1629670449019409
72,229,58,0.21132967315110177
72,205,123,0.1702568814780739
72,162,66,0.1290291847434071
72,51,30,0.2254097404951006
72,300,80,0.1899844160888814
72,301,119,0.13150456835641428
73,151,169,0.3680880854948978
73,228,33,0.9
73,24,39,0.3181873658570453
73,279,142,0.3722323045922179
73,107,134,0.9
73,281,154,0.36749433083972305
73,235,6,0.3993155298390184
73,71,180,0.34377602346611563
73,278,51,0.35674017667009505
73,187,25,0.9
73,293,124,0.36615071648137687
73,41,60,0.9
73,206,38,0.3828299642000734
73,164,32,0.9
73,163,159,0.3648580170159763
73,251,145,0.3488782686296874
73,167,62,0.3476417851047603
73,243,35,0.327895050367238
73,245,164,0.3497721549430568
73,240,146,0.30260254003339365
73,46,20,0.3297367112760138
73,52,107,0.32007322179177977
73,286,128,0.3443648246580147
73,258,175,0.3398700927519044
73,205,188,0.3680029669851772
73,280,73,0.3998413819448373
73,122,194,0.37359373664233253
73,74,36,0.30369920819222496
73,25,157,0.35991294583078093
73,79,19,0.317557650688885
73,207,46,0.39535633385797253
73,131,139,0.38927198240236016
73,224,166,0.3203407656580599
73,56,97,0.3978640889649775
73,270,14,0.391356598322974
73,154,193,0.3816867290411541
73,188,29,0.3196743298463191
73,275,88,0.3183892069927886
73,233,191,0.32359998506118703
73,155,52,0.32626855693272266
73,291,57,0.3077388004275204
73,261,137,0.3735208430828084
73,158,1,0.3569739074504744
73,295,48,0.3537374242603737
73,238,75,0.3166927189445076
73,223,133,0.38477224641812113
73,196,112,0.32147795859876704
73,257,103,0.35684529584938596
73,297,122,0.3028118073567835
73,269,165,0.3214045894014153
73,132,42,0.384155218327066
73,180,100,0.30521488911024774
73,250,120,0.3072784134415801
73,296,131,0.337990256517001
73,186,109,0.3241906752188718
73,226,174,0.9
73,1,144,0.37426808328215233
73,126,44,0.16488379511793755
73,159,7,0.14696089271663204
73,143,127,0.2795830031749438
73,301,119,0.21120916432825956
73,255,160,0.1589934109203562
73,115,54,0.14678762193958073
73,260,26,0.20528001944605345
73,195,118,0.2004548114881129
73,170,132,0.21207991381285168
73,256,31,0.14281599947317775
73,232,71,0.10242899371702219
73,284,115,0.1592226985194393
73,273,85,0.14956910251018263
73,285,163,0.14739363929424285
73,294,56,0.19598197581023835
73,222,138,0.1863018466373969
73,45,2,0.1871822448650866
73,198,83,0.22908132013545954
73,263,47,0.11367330014114672
73,299,65,0.19904758519754856
73,51,148,0.14383778147628812
73,5,198,0.18446902574384294
73,110,96,0.2133758358973763
73,136,12,0.14064907560848583
73,265,150,0.13693637550031806
73,209,171,0.29798856188552714
73,234,82,0.18242229037465918
73,144,153,0.1080718361319441
73,90,13,0.235406152545265
73,298,79,0.15141317861771494
73,271,76,0.20231695783846887
73,184,80,0.18421782694427846
73,182,151,0.16135129299660173
73,17,170,0.15292901299939174
73,43,78,0.2209669010138077
73,253,28,0.2572360108703321
73,217,67,0.23324061118508305
73,157,102,0.29514130576508435
73,289,16,0.2455564970096075
73,60,53,0.1387557482981965
73,211,155,0.17563020718469208
73,68,190,0.12779656691389532
73,282,11,0.19613374106205236
73,237,94,0.1072823848454783
73,146,172,0.13704154960144693
73,231,106,0.15942280217600113
73,162,43,0.1564573649658818
73,244,61,0.18615108211767128
73,124,0,0.22597012937079405
73,210,81,0.15065941584200032
73,266,45,0.22758256911175595
73,219,77,0.15420506516852328
73,78,196,0.1702335944246421
73,63,105,0.13025576245672663
73,276,161,0.19812282748935967
73,262,116,0.10800944771385597
73,274,49,0.20990678376933175
73,218,135,0.11628542709648992
73,64,173,0.27550751241630334
73,101,136,0.15515478972811456
73,241,99,0.29100380833347506
73,80,162,0.17402513603691483
73,292,86,0.2514910153254032
73,103,123,0.10950864122561105
73,277,84,0.274707956227634
73,12,69,0.1519064865283182
73,249,95,0.2586575741229363
73,290,113,0.15396051707274802
73,81,74,0.14288437711950885
73,53,30,0.11247464654331074
73,18,90,0.2826007468238022
73,67,114,0.25016415465265207
73,287,197,0.23927916144296338
73,213,125,0.15210204058242507
73,62,183,0.2168922283234274
73,229,140,0.2323992359126717
73,15,63,0.11317725028337186
73,137,199,0.2551336598162707
73,288,185,0.12743526727539345
73,239,147,0.19221471184948344
73,185,66,0.24532125986803127
73,55,126,0.22088276087475822
73,171,143,0.26223318328246736
73,88,108,0.27411964965072044
73,117,182,0.20196738841371675
73,197,9,0.10015721827114193
73,120,176,0.1826197136322597
73,200,98,0.11743816695717815
73,123,111,0.2610417949762599
73,166,59,0.15164580703380248
73,252,91,0.10010684649609962
73,302,129,0.1544513267827674
74,41,60,0.9
74,281,154,0.37050127347785666
74,284,115,0.3684252063054465
74,117,25,0.9
74,285,163,0.3479471822605176
74,46,20,0.30905760304675867
74,143,127,0.3527938085925748
74,243,35,0.3333951158822882
74,228,33,0.9
74,275,52,0.3241189764122695
74,299,95,0.37559151970083526
74,15,39,0.3007008025371094
74,120,102,0.3889604101019596
74,294,56,0.36615851871733895
74,154,116,0.3381783394336523
74,12,117,0.30857354073833065
74,136,12,0.35812254140167366
74,195,118,0.3741866404250703
74,271,76,0.3327955250614202
74,206,64,0.34944497521235834
74,223,0,0.3583371183503541
74,261,174,0.9
74,218,55,0.3402381661848617
74,25,157,0.35083745528205135
74,155,88,0.37294551998548453
74,185,198,0.35837076965709846
74,298,79,0.3425738504097866
74,79,19,0.3376268151489894
74,240,146,0.36838652623464985
74,110,96,0.3507959661545519
74,1,131,0.3472935134799758
74,289,16,0.3100884806465686
74,122,156,0.36027445540943714
74,198,83,0.3147298395641259
74,197,132,0.3987099792023886
74,238,75,0.3410238197749135
74,300,80,0.3734962864760244
74,24,192,0.3819857437067484
74,207,43,0.3346865915788281
74,279,61,0.3411896188163277
74,287,77,0.3230174901645202
74,290,199,0.3258903271076702
74,293,23,0.38559511183788464
74,158,151,0.38359145699556674
74,205,15,0.3318342023938489
74,291,182,0.38614832874991356
74,18,135,0.3458226537535588
74,244,89,0.38637512403579777
74,196,112,0.3222653309630256
74,235,9,0.35488275798201985
74,252,103,0.38632592706629443
74,260,41,0.3039001814672878
74,210,81,0.3977360592861099
74,115,152,0.34841512084049986
74,163,93,0.30216278825202697
74,301,178,0.39611189281173476
74,274,68,0.3103027196644069
74,146,90,0.3210205817660059
74,184,84,0.388968375035288
74,276,87,0.3074645907584371
74,45,126,0.3783278511266335
74,224,149,0.3339303773480694
74,62,183,0.34099982602573814
74,297,122,0.20735170499860334
74,151,169,0.14193776602390812
74,126,44,0.256161410241198
74,256,31,0.1982111127043814
74,71,180,0.13533448326910263
74,245,164,0.29820323478581895
74,124,73,0.26886975802712304
74,251,145,0.2654209748668951
74,74,36,0.293133371453109
74,250,120,0.2328391575185198
74,292,166,0.21797171669167367
74,107,137,0.2589939764772494
74,270,14,0.14832513777807294
74,249,101,0.27552622280811645
74,87,50,0.1339696699839399
74,188,91,0.1652405200920477
74,262,139,0.19737249123635756
74,278,51,0.19336980149648442
74,103,123,0.257642607606291
74,232,71,0.1956247061269198
74,286,128,0.28970487682644264
74,258,175,0.14685562796425533
74,81,6,0.15929314366886457
74,60,53,0.231728479372632
74,302,129,0.10525210024448006
74,159,172,0.12796965167611293
74,80,162,0.16992628842158175
74,265,63,0.24979523350744737
74,167,62,0.1980713715134969
74,273,85,0.13206555803084763
74,123,4,0.2826121145579109
74,5,34,0.2283084472961888
74,255,160,0.10321421620799559
74,209,171,0.27836987657575374
74,222,108,0.2837631065280988
74,63,105,0.2584677023386509
74,280,147,0.12925881994458796
74,17,170,0.1407176415873794
74,263,168,0.10035887808756838
74,213,133,0.18995808166095832
74,52,113,0.2191756048140038
74,288,92,0.26849741928174703
74,67,114,0.24414482474141788
74,231,3,0.23657848115075153
74,131,66,0.2610271361879859
74,217,5,0.2740657560503102
74,257,30,0.17630397824578192
74,164,173,0.2236254302593363
74,241,74,0.16690119451172802
74,43,78,0.16037804112623685
74,277,82,0.2667543244021716
74,78,136,0.23135058782495868
74,182,142,0.2342564548037754
74,53,21,0.22040258117875766
74,55,153,0.18162717607818069
74,295,155,0.21392677529737275
74,269,143,0.28410006516221237
74,187,26,0.10530441547169317
74,282,22,0.20046874635015044
74,171,141,0.16191153275750095
74,186,47,0.12624127174724017
74,266,40,0.15772337766605074
74,101,28,0.13728047484318504
74,157,159,0.2988829469461737
74,180,100,0.1492703153185754
74,220,37,0.15748878348630876
74,200,54,0.2286990748735293
74,296,29,0.22395120569658455
74,64,177,0.21656274824978625
74,137,130,0.2944640658096603
74,132,176,0.24671137842449317
74,170,2,0.13387344293619963
74,88,190,0.20084060474692478
74,162,165,0.14313569568342518
74,234,124,0.11907583944559284
74,267,184,0.24425963019262847
74,259,65,0.15176820209344255
74,144,18,0.1438263731096127
74,90,167,0.12793873717180326
74,219,57,0.2471582207260655
74,253,195,0.14586775802218244
74,201,67,0.17856946952919947
74,166,38,0.12572959313978038
74,233,191,0.2961877176017918
74,229,86,0.27558181487570843
74,51,185,0.123657915120153
74,106,186,0.15530286913767036
74,56,188,0.1824022171735035
74,211,121,0.19269165417243383
74,239,144,0.11518797642817642
74,133,72,0.27980749130310145
74,237,189,0.19101214362416524
74,168,59,0.29775727358471066
74,173,111,0.18278998504628302
74,303,10,0.29148581585886013
74,304,17,0.15928682971315683
74,305,109,0.2233141673924575
74,306,119,0.22845157701391244
74,307,181,0.22203273155503805
75,294,56,0.38048719037361756
75,299,95,0.35343761067888924
75,143,127,0.38474004828123476
75,60,53,0.34283761925576994
75,304,17,0.3122974969978761
75,256,31,0.30607341027922214
75,233,191,0.3903522433696789
75,293,148,0.39857800355898065
75,239,131,0.3671767842644891
75,158,155,0.3606689840560293
75,195,118,0.33497404056023217
75,67,117,0.39168932807034207
75,107,177,0.36846753660459663
75,52,113,0.371685917268631
75,136,12,0.34205102335641024
75,209,171,0.3831663731381446
75,219,44,0.37825392709122585
75,167,62,0.3771681956104834
75,24,140,0.3069292533285135
75,241,188,0.36347976683865335
75,297,147,0.39816748557317605
75,259,193,0.35274098511033813
75,41,60,0.3427377951921989
75,253,45,0.3837283273391733
75,170,48,0.37407637168149976
75,62,183,0.3530493443668856
75,267,151,0.35132666013826963
75,133,67,0.31817702608117515
75,252,25,0.9
75,303,10,0.39041569494074135
75,265,63,0.39372031608014735
75,18,55,0.378169072568037
75,298,90,0.36509222756179893
75,301,195,0.30726256125404283
75,279,61,0.30631674163055944
75,291,197,0.35516909838251676
75,235,186,0.37230607254972303
75,206,38,0.3330837794366952
75,78,136,0.32322827246546904
75,238,184,0.336013506168534
75,196,112,0.3507686585962342
75,243,122,0.38304173872621006
75,240,4,0.32298317653451236
75,300,80,0.36436511723383735
75,101,132,0.37953900073815416
75,237,144,0.3705800504884267
75,159,168,0.35659861820154726
75,285,47,0.3736437912074383
75,164,32,0.9
75,122,158,0.30275598123489933
75,173,7,0.32514342420496656
75,155,11,0.3394180609005141
75,307,179,0.34840513322212585
75,292,40,0.3908619153078312
75,144,1,0.33164066397134834
75,180,98,0.35436759154219855
75,284,124,0.3802558437324116
75,263,84,0.3865068863352362
75,250,70,0.31108707047090667
75,289,16,0.27814399794090944
75,251,145,0.28994728915087975
75,46,20,0.17220364083088827
75,188,21,0.10286617156889721
75,274,68,0.19086801429962436
75,74,36,0.22808648347319582
75,306,119,0.2339891918733276
75,245,164,0.15647331283544005
75,25,157,0.10465709019812637
75,110,96,0.14665475020884622
75,270,14,0.2193616036020245
75,271,76,0.23311905664069874
75,63,105,0.12863468749627938
75,198,82,0.21913046518429968
75,53,133,0.1925989358779046
75,232,71,0.20890641408109403
75,223,29,0.12937270241723522
75,5,92,0.2272420620058992
75,154,88,0.14521266338183314
75,71,120,0.2677975152235806
75,87,50,0.2737393316571105
75,163,93,0.20586279586483763
75,275,114,0.1488381704807679
75,276,194,0.20237115051915944
75,281,154,0.13331069150340355
75,157,0,0.11059069992796333
75,255,160,0.23948918191987734
75,90,75,0.2912518256561095
75,273,85,0.18994816234022943
75,171,192,0.24614863218786406
75,218,189,0.1957809562860153
75,258,175,0.16284544480975452
75,103,123,0.12831924615431622
75,81,6,0.10160900940408146
75,211,104,0.24279847991018375
75,79,24,0.1319622251989485
75,244,72,0.1057457304414446
75,217,5,0.16723376551028257
75,12,156,0.16636973347663137
75,43,78,0.2317156600780022
75,286,128,0.21810492929467973
75,290,101,0.2735920121577482
75,282,52,0.26685058852303467
75,131,57,0.2863066365629534
75,287,26,0.22564037522023245
75,260,41,0.1832440654295166
75,132,79,0.2513486520586976
75,302,35,0.22848542439406322
75,1,30,0.12883185092868232
75,305,109,0.13231316317188394
75,222,89,0.15835261577700005
75,15,125,0.14880815012844287
75,207,150,0.15213358589620574
75,126,66,0.23937744045330678
75,201,178,0.27884020528355336
75,151,99,0.24855437051304638
75,262,139,0.22771735782290156
75,229,166,0.12418294715873633
75,17,54,0.28402253787641396
75,257,111,0.12727211731931867
75,213,39,0.19408961681633513
75,277,15,0.28674923443603106
75,168,64,0.23941864903369828
75,120,100,0.1685462030940148
75,210,81,0.298547488424872
75,80,146,0.16146603229139803
75,137,3,0.19340163711961583
75,51,18,0.2535657324073791
75,224,196,0.20123546021833522
75,249,182,0.2823084743768245
75,55,190,0.23446139559352902
75,261,8,0.13094729154123658
75,106,87,0.19777776079335352
75,278,74,0.2196087718265837
75,186,130,0.18036472629321448
75,266,165,0.27018313960933427
75,182,37,0.17819248126299383
75,124,73,0.11350674451948978
75,146,46,0.18480701274357136
75,185,187,0.2411434382171782
75,45,19,0.15678781105476125
75,234,103,0.12783951356087392
75,269,86,0.23990239292150026
75,205,161,0.11651595678061909
75,123,28,0.2701498475119152
75,280,159,0.13341730415664577
75,162,149,0.1946425822985699
75,283,22,0.1601329795215184
75,187,27,0.12121598417302518
75,117,163,0.1112167113916958
75,184,23,0.14546578232893054
75,296,58,0.19500138467896838
75,64,176,0.1653537953218686
75,197,102,0.28974347117203236
76,195,118,0.3941084309413342
76,209,171,0.3558769688325396
76,46,20,0.3122465990480296
76,228,33,0.9
76,63,105,0.328098696224068
76,67,95,0.3535208948554045
76,279,61,0.33211546537512426
76,159,168,0.3789801723368249
76,52,113,0.9
76,261,8,0.3813110923862756
76,232,71,0.38612166980879803
76,303,10,0.390645205752976
76,71,120,0.3397554190975153
76,258,175,0.3138262565215182
76,62,183,0.3237860809479979
76,277,153,0.37981493543940625
76,233,32,0.9
76,41,60,0.9
76,60,53,0.3324585426271728
76,210,81,0.3995746320899519
76,171,0,0.30955583215956883
76,285,62,0.32408904608160916
76,278,188,0.3306355429473627
76,151,185,0.3851050597210799
76,132,55,0.3085162153218006
76,74,36,0.3632146937168179
76,223,86,0.39807539039095197
76,17,54,0.34113678276251747
76,274,102,0.3083008973476875
76,126,66,0.3366807070802671
76,270,108,0.3278466633194057
76,243,122,0.3260380285009339
76,136,23,0.32866494170747146
76,298,90,0.31661893120556994
76,260,130,0.9
76,297,125,0.3713234538196448
76,87,158,0.3099431879968345
76,271,134,0.9
76,299,156,0.3823320575891991
76,302,149,0.38678802793349387
76,244,28,0.33017518544462576
76,273,104,0.37623469267534604
76,304,124,0.3830246019230368
76,154,11,0.3227618844037522
76,269,29,0.3679707590179728
76,55,19,0.3536297412765822
76,110,34,0.3719642696370531
76,12,37,0.3343565593991797
76,287,25,0.9
76,1,181,0.3694704596535392
76,253,174,0.9
76,162,98,0.3384896641656612
76,198,82,0.1311448446907003
76,294,56,0.2781600602376627
76,235,186,0.2524870703638067
76,81,6,0.12131907271425557
76,25,157,0.24166634526365022
76,245,164,0.275096337478717
76,143,127,0.2317064758586083
76,207,30,0.12692851981854597
76,229,166,0.21235857968717473
76,107,177,0.1385493862961645
76,289,16,0.2842027542070756
76,265,63,0.19559078054754453
76,43,78,0.22511458335155898
76,306,119,0.2849515755552521
76,218,197,0.299010319498113
76,290,114,0.28790312173765686
76,262,139,0.14893480803812942
76,305,109,0.17823702736522173
76,255,160,0.12291448273251564
76,291,69,0.2962659362235209
76,124,73,0.12593681539407958
76,293,83,0.17007961599517685
76,173,15,0.1415788207055374
76,281,154,0.1512755920999001
76,122,50,0.15152291504693563
76,222,52,0.255333074057297
76,184,72,0.18538925410184848
76,300,80,0.1478483227723296
76,282,121,0.18369529399031242
76,206,64,0.1726641958339513
76,79,24,0.19313467204350876
76,196,112,0.15827388137077877
76,219,117,0.2790518864961935
76,157,141,0.2696149019673995
76,18,189,0.26865326668350975
76,103,123,0.11856352134213036
76,188,21,0.16909914510856003
76,275,199,0.11432431928048108
76,224,180,0.14613968239312183
76,106,57,0.13758007618588775
76,187,126,0.27643105646198296
76,80,4,0.12991793050610886
76,296,162,0.1921585434099775
76,251,165,0.23762849250288806
76,256,179,0.22042378322731782
76,51,92,0.1509638426546115
76,238,184,0.24427807901128376
76,185,96,0.17112867999063147
76,250,132,0.15411454013434328
76,123,70,0.17349091716300552
76,240,176,0.139754848157824
76,163,129,0.2663804373653321
76,131,65,0.19368739768089602
76,239,178,0.2685108117501982
76,144,194,0.14782789501463642
76,167,116,0.12658025531321648
76,205,115,0.12051099789218676
76,53,152,0.23277738613004112
76,259,47,0.24371663667850704
76,257,150,0.11133665305715575
76,158,155,0.17908136910763073
76,301,195,0.1737573410543579
76,170,169,0.2893321926952275
76,284,7,0.19818349445141256
76,78,58,0.27160821624289516
76,120,100,0.14904222913551665
76,283,163,0.11473703245240409
76,201,146,0.15019016711863947
76,213,46,0.15807286348170357
76,164,143,0.11389440495142023
76,217,77,0.1297761832461266
76,155,27,0.1964539327339005
76,45,190,0.14465913759637056
76,276,94,0.12326221052534518
76,266,192,0.24350519626224623
76,241,138,0.13013337150131954
76,292,40,0.26460925772726707
76,231,137,0.2570256437058208
76,146,191,0.13588272289730555
76,24,147,0.27645738895431016
76,307,43,0.19259389126579313
76,280,131,0.22988889156745726
76,182,142,0.16807023773545357
76,286,49,0.12038564506100194
76,133,3,0.22284389563387128
76,237,170,0.23799718008629453
76,180,42,0.13153034931778518
76,249,67,0.15347820841209706
76,117,172,0.23651642213494053
76,5,48,0.1429691538910956
76,295,99,0.16811042567718693
76,186,41,0.13190320396473096
76,56,167,0.22409822449317074
76,68,18,0.25853860335668766
76,137,59,0.12675445695283613
76,267,198,0.22375952183194575
76,211,45,0.1618845839890949
76,90,9,0.15416734824375442
76,115,159,0.10153074694057017
76,252,89,0.2100412459976461
76,234,103,0.16157086361465997
76,10,51,0.12875261148379247
76,288,22,0.22710300566710315
76,15,35,0.2021844138661406
76,263,17,0.17614887578572755
76,101,88,0.277663102443396
76,64,79,0.1336135850413841
76,98,13,0.24221887687849425
77,46,20,0.37900900513299896
77,52,113,0.9
77,228,33,0.9
77,41,60,0.9
77,55,19,0.39173886895810384
77,79,24,0.338306251233245
77,124,73,0.3266522652385211
77,305,109,0.3121640829446451
77,232,71,0.366211049696861
77,281,154,0.3460152002348207
77,17,38,0.382719098894984
77,287,25,0.9
77,257,43,0.3927296738098074
77,158,92,0.37483455394615084
77,78,93,0.3478398588113232
77,103,123,0.3246479411520784
77,229,166,0.3664497317218919
77,284,172,0.3174538931418073
77,60,53,0.35096416726008384
77,262,69,0.37438005839357247
77,282,193,0.34269925917491506
77,218,199,0.3238348117192559
77,117,4,0.3462340276207181
77,239,47,0.35759000581096667
77,295,75,0.37101474130696843
77,260,130,0.9
77,256,179,0.31460015131825
77,307,191,0.31328731703963153
77,18,5,0.33707934923610544
77,271,134,0.9
77,269,39,0.36664213025452996
77,71,120,0.3928183371422552
77,265,45,0.37627133431979576
77,245,48,0.3451890015628529
77,261,174,0.9
77,87,37,0.3774282495902683
77,205,115,0.30524707605445456
77,252,153,0.374278343331358
77,298,178,0.3576524424207561
77,274,49,0.3412645098898406
77,126,77,0.32291485705959566
77,286,42,0.38550373154262596
77,243,35,0.35570216710413327
77,244,162,0.3995854050449379
77,136,84,0.37766368121632654
77,154,11,0.3456370027696192
77,292,106,0.36925302336088983
77,131,94,0.37236087111997984
77,279,61,0.23303196886627425
77,235,186,0.29207466975605567
77,255,160,0.12399009221369828
77,301,195,0.2751083419853114
77,198,82,0.27692771073892175
77,289,16,0.16066123073717709
77,195,118,0.2808070722144909
77,209,171,0.2866175751346033
77,159,168,0.22689126507578763
77,81,6,0.2960562600220973
77,120,100,0.17127402354906263
77,222,117,0.1481499253847327
77,278,148,0.13231423033804557
77,171,0,0.25584021310265614
77,107,177,0.21819881687433373
77,267,57,0.20741085791760616
77,43,78,0.2427921130668795
77,234,103,0.10645377232235322
77,180,196,0.16838032831432675
77,25,157,0.2616346917047647
77,62,183,0.16024769957944446
77,67,114,0.2970776296586545
77,196,112,0.1345837934469281
77,74,36,0.13464832467383991
77,306,119,0.23061743333471302
77,294,56,0.19378218327277547
77,259,163,0.19049539738485363
77,210,81,0.11195883072541926
77,206,170,0.16067690161188175
77,238,188,0.2155980670551037
77,56,169,0.21218588196292493
77,45,190,0.2577306867378888
77,270,108,0.18321656469223016
77,164,141,0.12900073349455765
77,188,21,0.17306549878673055
77,249,31,0.276267086656967
77,64,55,0.1693219253069128
77,170,34,0.16610504329259407
77,163,129,0.2502308920226613
77,283,79,0.23737871707448044
77,5,185,0.17556715562687075
77,285,62,0.27230619342834006
77,266,147,0.2069032153545985
77,110,167,0.11389915242586657
77,151,15,0.2373812609530244
77,167,116,0.13301738044531528
77,211,29,0.17170781391080525
77,143,63,0.27550492236739615
77,304,23,0.20658639969511827
77,132,67,0.2125002624473374
77,290,65,0.23307164709447012
77,63,105,0.19584186460206893
77,291,197,0.21373207261411198
77,219,156,0.10220637987406797
77,223,145,0.2737588385837102
77,302,131,0.26818046836180853
77,233,173,0.23740117858041232
77,185,96,0.1915216753518072
77,184,87,0.25759107290360345
77,213,76,0.1812359234600306
77,241,138,0.15122592500273485
77,217,101,0.2238649812074236
77,297,125,0.2911328944902355
77,155,88,0.2978692998754434
77,90,151,0.14950727429215926
77,115,90,0.18279050291978682
77,275,26,0.12403130449751018
77,12,50,0.229700727865635
77,263,189,0.22683983995374063
77,207,111,0.1513911151288831
77,68,1,0.2798781129939871
77,10,9,0.2805053553717147
77,15,176,0.29036447189191317
77,24,128,0.12267453771763012
77,251,59,0.26586116562858986
77,80,7,0.13959156355079633
77,280,150,0.15236196159712856
77,299,158,0.1253542514712359
77,186,41,0.22184032642140855
77,273,181,0.27719358369194097
77,182,13,0.20449304717923258
77,231,3,0.10450545662060856
77,250,126,0.18178818780865352
77,293,2,0.25589709809721345
77,300,124,0.22046541027131983
77,288,66,0.13162358732898594
77,51,155,0.14559093242205276
77,157,110,0.28019596976753286
77,258,133,0.2600863136903495
77,1,139,0.1400894187145425
77,240,149,0.13821519848714778
77,277,99,0.2691790286103837
77,201,146,0.26187284460425975
77,53,152,0.20222619296223893
77,122,194,0.20588440993815826
77,296,28,0.16403528821331648
77,224,74,0.21143039666635094
77,173,18,0.14065710032218942
77,168,64,0.2785609139248436
77,144,44,0.13852695087008454
77,146,40,0.14788777728776542
77,106,121,0.29497602459561534
77,162,98,0.11594264643198104
77,101,27,0.18815484605394794
77,123,72,0.23592859754809797
77,303,91,0.14075329956642688
77,137,159,0.1381593493673726
77,88,164,0.11133904268681483
77,237,122,0.24514375824552345
77,98,22,0.10001662246080208
77,187,51,0.11540132183354343
77,308,68,0.16809386947004643
78,52,113,0.9
78,271,134,0.9
78,46,20,0.36173723758324716
78,198,82,0.316616514842861
78,41,60,0.9
78,228,33,0.9
78,281,154,0.3133919376575925
78,294,56,0.3275949107236977
78,262,69,0.3734802336026102
78,43,78,0.3670680857545594
78,67,65,0.34944444989216916
78,81,6,0.3751532962365812
78,235,74,0.3457696696634589
78,195,118,0.30421107287671956
78,117,42,0.3673540174322053
78,269,39,0.37434116469826584
78,282,193,0.3911333767183406
78,79,24,0.32024726361618905
78,103,123,0.3567788651983699
78,143,63,0.36392448382475107
78,298,55,0.31049978684267754
78,297,125,0.36669266373802134
78,64,5,0.3918244411442039
78,223,106,0.3126692214479166
78,245,9,0.34035548415939654
78,209,171,0.31533879567100065
78,158,155,0.3075714534628484
78,162,97,0.357876661609664
78,289,145,0.3288450326586079
78,232,71,0.3715463269877418
78,122,77,0.38076853983586767
78,238,161,0.36149517811879683
78,304,23,0.3072020896365403
78,237,149,0.3812875343737475
78,188,131,0.3066473044341259
78,106,14,0.35904286020525533
78,71,120,0.34633381531078145
78,239,198,0.36716432553351175
78,62,183,0.3429355655163865
78,168,64,0.38395099674705047
78,74,165,0.31868242469431507
78,277,89,0.3437962700783923
78,56,151,0.3697073019113034
78,159,17,0.35827693711209685
78,180,176,0.3049767159342785
78,301,90,0.3918522404618361
78,229,105,0.31773074079851427
78,256,31,0.3220311987028146
78,295,84,0.3639277473795225
78,63,59,0.31264455723363394
78,107,137,0.35504105362909943
78,210,141,0.38307072101883644
78,10,18,0.3586647326460781
78,68,94,0.3900791054362329
78,305,109,0.37115306985787144
78,51,51,0.309283617243879
78,274,49,0.2330841974145302
78,285,62,0.14424572665468266
78,120,100,0.21370621057193395
78,124,73,0.12040375775413145
78,171,0,0.26486829784259647
78,185,96,0.2623232421982647
78,279,61,0.29352402832377966
78,167,116,0.2713044906637623
78,308,68,0.1598697339786222
78,186,41,0.23354565105952965
78,17,38,0.21004588404976032
78,273,178,0.11962854199813533
78,243,144,0.22921150204265356
78,5,148,0.2503528721629852
78,205,115,0.26275353577873417
78,234,181,0.25617518894760105
78,255,160,0.2660379701694459
78,270,108,0.22879223850621783
78,155,88,0.1932847648783859
78,60,53,0.2642039840045582
78,110,188,0.2649473545155111
78,201,146,0.20463814507313968
78,222,199,0.12644515537914297
78,15,124,0.13187043675614518
78,287,25,0.29506861062777456
78,55,19,0.10957275669526088
78,233,191,0.2830662858439676
78,300,83,0.25049188756670854
78,241,72,0.2651942002889191
78,217,95,0.18287855128550415
78,132,104,0.1883685702587979
78,25,157,0.17584847691051003
78,80,168,0.22917646049227347
78,170,1,0.13380624280412975
78,1,187,0.25348904991976445
78,206,170,0.22084624074472098
78,101,27,0.279876179904473
78,249,32,0.14760061930336832
78,123,194,0.10095797428314454
78,306,119,0.15044625129857944
78,144,182,0.15143610449863426
78,284,7,0.2057637513055613
78,283,112,0.10011201835835477
78,261,8,0.1458366020284883
78,265,43,0.10404925902890598
78,53,54,0.13932045406784646
78,12,50,0.1887836677852766
78,196,93,0.22585195370407019
78,126,26,0.18321534207511436
78,182,13,0.18200545749686164
78,154,11,0.26167363039407876
78,164,133,0.13971572992972592
78,290,117,0.25906801070883967
78,263,130,0.101135479078191
78,115,87,0.21064230511519266
78,163,129,0.27423100027282044
78,302,127,0.2154553973091305
78,291,66,0.21618101913421253
78,187,169,0.17968410190996253
78,184,52,0.17389052611882083
78,296,12,0.16420855182968394
78,146,40,0.24793201009384497
78,219,37,0.1380660484412622
78,45,126,0.16076305862059712
78,251,175,0.2583036142645118
78,78,35,0.28222726888947275
78,98,163,0.16585684639375578
78,258,128,0.2745175797952979
78,260,85,0.16809378483228155
78,87,156,0.1592468134471351
78,207,135,0.13624657804307252
78,211,147,0.21428280769419983
78,151,132,0.12652260324389658
78,218,107,0.18650412977853242
78,137,98,0.26966206478444754
78,257,45,0.2851288682696426
78,292,150,0.14161817322700196
78,286,180,0.2703525257831053
78,293,2,0.16500138337639364
78,240,81,0.11395234434972068
78,299,158,0.17415334980855046
78,280,179,0.22148250913428671
78,259,195,0.2577032782744402
78,18,57,0.11753434972263825
78,307,36,0.240083037551279
78,88,22,0.15679533570440066
78,231,166,0.1885347936159641
78,244,102,0.22448038927156028
78,267,101,0.2534156257515044
78,288,67,0.18501619790980067
78,278,15,0.11396021262605972
78,173,167,0.10130381446380882
78,213,10,0.1642737856377741
78,275,189,0.2813343829298101
78,24,58,0.27616681613368865
78,224,185,0.22176189094953788
78,133,143,0.22328857141964525
78,303,86,0.2983371676940608
78,90,121,0.11222312882539939
78,136,136,0.12367610494628004
78,157,16,0.25751124961379335
78,250,75,0.24378790576854675
78,309,79,0.19386526208464688
79,235,74,0.32203761335158676
79,281,154,0.39598495859774807
79,52,113,0.9
79,271,134,0.9
79,262,69,0.33125215795238727
79,287,25,0.32824544975319314
79,304,23,0.3810313668233224
79,282,193,0.3447531593870393
79,232,71,0.3149309617557363
79,185,96,0.37449468584401835
79,250,28,0.3210382612027449
79,269,39,0.317800796556554
79,279,142,0.3640549708213232
79,101,88,0.31247684629271294
79,87,95,0.3240366875181939
79,88,77,0.3884457727033328
79,275,195,0.3492035125985271
79,167,22,0.3456110283212891
79,103,123,0.35729339396903936
79,146,40,0.3654576552764961
79,256,76,0.38665736213507707
79,53,54,0.30199153677481555
79,79,24,0.3077765064732742
79,288,45,0.3612335548547412
79,182,13,0.3253025060362088
79,261,8,0.9
79,241,12,0.36502284125613704
79,245,9,0.3169164520807926
79,67,65,0.32529324579560653
79,173,14,0.3972614215382798
79,184,156,0.3118289751069965
79,81,167,0.31244796014814
79,207,55,0.3309256489016167
79,143,30,0.3368740392910192
79,238,188,0.36131196747765915
79,25,127,0.3814375439354267
79,233,173,0.3721995276310862
79,90,5,0.3767422138385448
79,10,18,0.34450256231112797
79,158,92,0.34257420466153043
79,41,94,0.3828125117152542
79,74,16,0.31430374383040705
79,277,139,0.3636677664460898
79,259,58,0.36767019095311826
79,234,103,0.36513246707172775
79,205,148,0.3242043067858227
79,231,140,0.3828870703257564
79,64,26,0.39565118608423777
79,303,175,0.33120064574070074
79,273,4,0.34289115216630117
79,80,109,0.33776592013922346
79,308,136,0.3025981760172656
79,124,73,0.21009551203482052
79,309,79,0.13532494318100774
79,293,2,0.2301943089754489
79,257,157,0.12945638491118946
79,154,11,0.19772392724861598
79,46,20,0.1631268492002784
79,284,7,0.1399096113117006
79,270,108,0.2806105187695107
79,291,57,0.1776009998536253
79,120,100,0.19663011655961546
79,60,53,0.11555277294133874
79,274,49,0.18671218309487866
79,294,56,0.13530937716200916
79,265,43,0.29644872334150424
79,299,158,0.16054373738342098
79,201,146,0.149642111427823
79,171,0,0.16279427118320366
79,297,125,0.23011878831629967
79,195,118,0.20487544989777837
79,157,21,0.23572682511916226
79,155,198,0.11350868018651682
79,186,41,0.13337847317726728
79,151,132,0.21991217404180607
79,285,62,0.21688043347478198
79,159,17,0.12446327879025629
79,255,160,0.1675345750934361
79,210,141,0.21551612640641155
79,107,137,0.2966994936292102
79,168,64,0.10395130180003065
79,62,183,0.279714036862166
79,244,122,0.1444166191197306
79,78,35,0.10402834122755486
79,170,1,0.2656912379605235
79,55,126,0.22385429474500473
79,12,50,0.12821409760306698
79,163,129,0.1655693981543236
79,289,165,0.2789717126214384
79,302,31,0.16501035815902665
79,43,78,0.11571923122838618
79,217,114,0.148330399186426
79,229,143,0.20284807243229097
79,290,44,0.1353579630178517
79,206,152,0.1553485929174481
79,196,93,0.13206377010436107
79,71,120,0.16016807416970139
79,122,104,0.10255052421991094
79,187,89,0.2959584477322745
79,198,15,0.23126072171102444
79,24,90,0.141380632784324
79,136,29,0.17897533856723158
79,292,111,0.11739850680758784
79,15,6,0.24033405588773848
79,98,172,0.2107403086141352
79,296,87,0.23185633275102271
79,224,161,0.2309936083949149
79,223,3,0.25979794484268826
79,164,147,0.21023049046931575
79,283,133,0.2768734447982022
79,278,153,0.28984964961918347
79,144,181,0.16894957445435047
79,298,197,0.2851829417993894
79,110,83,0.20290622979095363
79,301,135,0.20140431416657634
79,45,155,0.14711086957146874
79,162,162,0.23840296738032715
79,63,105,0.2997671258309115
79,51,169,0.14678182201673157
79,237,112,0.29452432224145275
79,280,130,0.18297033211210673
79,5,84,0.22673104945708453
79,106,99,0.13492680538276042
79,18,61,0.2139931756351043
79,56,151,0.2188112925636712
79,239,187,0.20567468879308343
79,188,91,0.12390706733760595
79,251,192,0.1677792830203404
79,243,149,0.11677180076505489
79,306,179,0.16470607092080372
79,295,180,0.22754985279816115
79,267,116,0.10462627017580393
79,213,182,0.21745237401139195
79,117,102,0.2182062710737182
79,307,81,0.2876615158896397
79,286,75,0.13128410266587315
79,305,138,0.20992253767833985
79,222,52,0.2655621000181621
79,300,184,0.20734164873230626
79,209,106,0.1664006627857599
79,266,128,0.1935688282507793
79,1,34,0.13079476272997229
79,249,32,0.20119800967358012
79,240,36,0.21072339325325923
79,180,196,0.1408133433596931
79,258,98,0.27213319132254177
79,133,86,0.15462748088755154
79,211,159,0.11914980694851296
79,260,110,0.1615494274696292
79,126,47,0.1536589963696521
79,218,27,0.24302527289092488
79,228,166,0.21268382778741704
79,219,51,0.1005575173652474
79,263,163,0.10038810601118471
79,137,124,0.2542853835482459
79,132,80,0.23233024808554362
79,253,174,0.28366279847456555
79,310,59,0.12711185857556623
80,201,146,0.3302396506151931
80,52,113,0.9
80,122,134,0.9
80,185,96,0.36531701983928455
80,262,69,0.3475507346142516
80,210,141,0.391460957857377
80,53,38,0.3406964181195712
80,281,154,0.3726533549435028
80,269,39,0.33246803001118425
80,103,14,0.31628533956659877
80,274,49,0.32642536599535577
80,110,84,0.30861490316604556
80,279,142,0.3992572889491206
80,282,116,0.3445293703491717
80,284,172,0.30972314497620484
80,155,52,0.37053206518357673
80,217,156,0.3460085974375668
80,255,111,0.39835038106973775
80,101,89,0.307374058319623
80,67,95,0.3508412542842033
80,232,60,0.9
80,55,126,0.31775416174518956
80,209,59,0.35913466964904794
80,299,158,0.30583008526098926
80,301,55,0.31317111332461833
80,256,171,0.36064927210433295
80,288,143,0.3031323892963465
80,188,140,0.33092165376387983
80,60,130,0.3313365655089464
80,245,99,0.30327447111334577
80,294,178,0.30016252865513193
80,124,147,0.3895334487132287
80,24,189,0.30997290685508794
80,224,72,0.366933619646284
80,171,192,0.30855274957415846
80,187,193,0.3406309738977197
80,308,195,0.38004546254762195
80,10,51,0.355801612179519
80,46,21,0.3863572520138795
80,206,170,0.3389223390757339
80,159,80,0.32069018567682217
80,265,76,0.3335253377380357
80,63,106,0.31018287931303257
80,196,112,0.3890073636265602
80,211,131,0.3968652559096726
80,12,37,0.3291641209189909
80,289,175,0.32261807994966907
80,293,2,0.28355183695878533
80,235,74,0.2593338124679645
80,170,1,0.12157020849598811
80,120,100,0.28759196905036166
80,25,127,0.2594194216871707
80,251,0,0.2821527337588451
80,195,118,0.1141699221965792
80,71,120,0.23747013202197567
80,186,41,0.150308921128743
80,287,25,0.18319231250513368
80,305,188,0.27584155390124665
80,81,167,0.1047784535144438
80,270,108,0.23251832886951604
80,1,6,0.26612716789396273
80,309,79,0.29640219647257043
80,146,40,0.138267810599867
80,285,62,0.18339820020171566
80,241,124,0.2501116086920311
80,157,136,0.2802195971666951
80,78,35,0.22317253230805112
80,182,13,0.26544669127463266
80,117,102,0.28522412423770094
80,259,73,0.16204503476320847
80,167,22,0.10391258258537536
80,126,148,0.18411253874328742
80,298,199,0.20474613523538643
80,218,186,0.20609069189146598
80,133,159,0.252033152095828
80,107,137,0.11520690832048609
80,263,82,0.2841560785243711
80,79,24,0.24863709923880065
80,233,191,0.2705557769017666
80,144,63,0.20122011758003122
80,213,88,0.13508163157229144
80,143,30,0.19297394812730967
80,300,18,0.21029883662859056
80,234,67,0.1657392085619625
80,43,78,0.27437111655259355
80,292,135,0.2921545007121696
80,163,129,0.23431609120215693
80,296,65,0.103206428790588
80,271,177,0.11872760280927139
80,238,161,0.2312986699174128
80,222,34,0.23321290410271886
80,275,97,0.17972851759524971
80,151,153,0.15715648866498227
80,180,68,0.2686707048115585
80,291,57,0.27141715171607134
80,162,70,0.1569032759145643
80,207,47,0.2914234196123011
80,168,152,0.18637997737246348
80,257,160,0.15508540141179847
80,17,54,0.16417161603751923
80,250,196,0.18897386756022305
80,267,123,0.27960350011782337
80,74,166,0.1859904160196364
80,277,53,0.25883683675344066
80,56,155,0.15022050738493004
80,304,28,0.19115939716448263
80,87,114,0.1413721415750243
80,98,7,0.2404129316057659
80,137,187,0.13146228915378863
80,164,128,0.13256810695754895
80,158,164,0.10431187421880822
80,243,29,0.2988986094007553
80,229,36,0.19253038959330393
80,198,75,0.299616221031445
80,106,19,0.22265093014193602
80,273,98,0.16810797029886948
80,173,109,0.139723487560307
80,310,105,0.2607069293408726
80,302,3,0.1882051604185575
80,290,77,0.2583240969394345
80,205,12,0.2615323535557039
80,51,138,0.23309397800446588
80,249,145,0.27417067921286903
80,295,42,0.17689557462940209
80,237,58,0.2899508280642259
80,90,179,0.2051085630920793
80,240,165,0.24011034617910507
80,132,185,0.295328643693103
80,286,9,0.2988527776624924
80,297,91,0.1863560709935715
80,154,163,0.27425617784540957
80,45,48,0.20672523730557396
80,136,16,0.10845055414835801
80,80,184,0.17598936059248316
80,306,181,0.16346546643784454
80,266,93,0.24564834555164364
80,223,46,0.2979376102445087
80,307,144,0.2943762859310739
80,5,168,0.1466335798055612
80,88,119,0.2678981612122735
80,258,17,0.2573341799260386
80,280,90,0.1306828013361851
81,52,113,0.9
81,291,57,0.37747129927592393
81,210,141,0.3690092271276315
81,186,41,0.3202183313116028
81,235,74,0.3458646129873454
81,67,95,0.3184445524907932
81,143,30,0.3168695048434446
81,117,102,0.31514243162074973
81,195,100,0.395351628159175
81,155,52,0.3090307730988369
81,74,16,0.39257307809307773
81,270,6,0.3304554526131138
81,305,15,0.3776608594974922
81,167,116,0.3801489818752718
81,53,54,0.31041848734710786
81,101,89,0.3886647578994613
81,267,75,0.35733646711069766
81,271,32,0.37023849144669063
81,256,134,0.9
81,302,8,0.9
81,158,48,0.3563370299502284
81,299,50,0.33906396883197
81,297,150,0.3226323399946332
81,17,64,0.3004340441255454
81,240,145,0.30091572788063126
81,45,188,0.343835814658604
81,293,153,0.36392097131190626
81,60,130,0.3614545000371757
81,154,195,0.38385004130665856
81,62,183,0.380637029240522
81,206,170,0.3169673445671233
81,245,9,0.34664216146743765
81,294,135,0.3024528800828345
81,198,186,0.34464122402629077
81,234,103,0.35628635417810184
81,78,159,0.3684516748236555
81,281,72,0.3540178510012735
81,10,151,0.9
81,238,184,0.3810984326311573
81,269,192,0.3619216176539567
81,223,131,0.34786269962922967
81,243,105,0.3609422302741325
81,262,101,0.38340322045702535
81,81,123,0.3204690913103444
81,51,148,0.39881272125885325
81,90,45,0.35067296868838005
81,146,143,0.3354001865911731
81,265,33,0.9
81,237,196,0.333238540961166
81,241,84,0.39067782768340564
81,162,82,0.35593687394080875
81,290,179,0.3933869402261362
81,5,197,0.2579474532067221
81,185,96,0.2324059193433876
81,25,127,0.2892561773111186
81,233,191,0.14080646424995974
81,87,114,0.20363330217890857
81,98,7,0.12364171384739421
81,71,120,0.27447959609317274
81,43,78,0.17867825777512752
81,79,19,0.20905353941631466
81,207,27,0.22403104803078572
81,279,142,0.2022377388976536
81,282,22,0.1235099204328763
81,292,56,0.21793733747969524
81,163,129,0.24657167612620198
81,144,166,0.1168045416937971
81,306,55,0.10219131615147091
81,224,163,0.17457666823282994
81,107,177,0.19771518910226177
81,285,62,0.11399568835721618
81,217,156,0.24416292236927647
81,110,180,0.29007942602495496
81,257,119,0.26509824146831706
81,136,43,0.29878928883506284
81,88,144,0.12954040638047554
81,261,174,0.10273185935727353
81,187,77,0.2889810519503894
81,284,168,0.18445424246044909
81,222,155,0.16372431209254085
81,1,2,0.14794669780791028
81,287,25,0.2654136826417604
81,232,94,0.107099530526689
81,46,35,0.14396706594514763
81,170,1,0.22977622341485401
81,159,80,0.1880601202045198
81,211,63,0.2741824005081738
81,182,13,0.1941611480061498
81,295,118,0.13355357624621292
81,301,189,0.15005102215810018
81,250,0,0.12024446044135095
81,157,162,0.11591285201837119
81,63,3,0.18610605228738947
81,249,29,0.14087078086866647
81,309,172,0.27780651903344855
81,251,149,0.2839188808217795
81,258,61,0.29578269764575094
81,266,20,0.14046790368639162
81,205,12,0.21105833077196262
81,307,176,0.2360055567013349
81,171,140,0.10723380870537202
81,133,42,0.22591219049689604
81,103,108,0.25405497002748745
81,168,147,0.15134445159977938
81,201,4,0.190386471469981
81,229,36,0.18922545024509266
81,310,165,0.17415531097392775
81,196,112,0.17424969214048658
81,308,178,0.2118571431543743
81,124,125,0.13807536979799198
81,255,160,0.2787480984927792
81,298,107,0.10805766278213041
81,286,18,0.24741866747807453
81,24,26,0.14718530424738366
81,304,28,0.14336446510883807
81,120,73,0.2441630721111938
81,209,81,0.21086864042953946
81,12,37,0.14138122077395573
81,126,132,0.14891930186608404
81,231,38,0.19107509059495043
81,280,98,0.19817751674568157
81,274,58,0.12290072009182929
81,277,85,0.12648896337373952
81,239,88,0.18197763813252482
81,228,152,0.1687685099693568
81,180,128,0.19684798267833248
81,18,34,0.10131688014524032
81,122,173,0.2640679787121467
81,173,17,0.2419554881417623
81,184,194,0.12060890571047038
81,296,117,0.2849193537417043
81,55,164,0.27337984481054867
81,253,110,0.22685258842301304
81,213,169,0.16632473122494218
81,151,161,0.2472267148167543
81,244,175,0.13936755818596816
81,188,86,0.12127273066770469
81,300,154,0.24357183324454432
81,115,198,0.26150835136802464
81,80,138,0.2195609697333036
81,64,53,0.2581365122627004
81,41,44,0.10904421918547035
81,164,136,0.2193298677148878
81,303,40,0.12655706197008107
81,218,124,0.12552440935272818
81,15,87,0.2588572365912387
81,137,139,0.2218095724474982
81,273,21,0.2202001839329878
81,123,69,0.10166822919702817
81,260,76,0.28330640373852456
81,132,11,0.15716097359850495
81,283,46,0.2314903107762408
81,288,31,0.18759097862605642
81,278,109,0.2575139981074998
81,68,104,0.17052662942872876
81,131,5,0.24690497999267214
81,311,10,0.23864375409238303
81,312,67,0.27493654011493873
81,313,137,0.1569386634571826
81,314,157,0.24637023879795236
82,52,113,0.9
82,235,74,0.3120614590949023
82,60,130,0.9
82,98,7,0.33351680744669876
82,314,157,0.3660390533866118
82,294,119,0.30246883516167183
82,306,163,0.3465956559123581
82,67,117,0.3660391865011581
82,78,159,0.3564540506909384
82,285,62,0.31907918345272246
82,62,183,0.37522299470089626
82,184,66,0.36542055170858345
82,240,145,0.33656653675011106
82,155,116,0.3021290325565703
82,55,123,0.32930696425182415
82,164,17,0.32354216901920596
82,233,106,0.3207540318042352
82,18,169,0.3088143821740018
82,206,152,0.31327450125524137
82,25,111,0.3693677145635992
82,282,87,0.31838438905844346
82,171,192,0.31141919779469907
82,313,134,0.9
82,270,92,0.3913594166316545
82,288,25,0.31941300978052867
82,158,2,0.35009788142684706
82,136,76,0.3032179298746738
82,131,46,0.3988171608728318
82,162,24,0.35820661368853046
82,103,18,0.37014752824621233
82,218,90,0.32824335760191226
82,284,80,0.31426067678442293
82,262,107,0.3417857846682133
82,296,44,0.3829179228965013
82,74,86,0.3548302075056049
82,10,151,0.9
82,157,70,0.33481892083638753
82,45,82,0.3840416128496711
82,253,105,0.30273974303768647
82,101,14,0.3984082357063289
82,167,197,0.3441863387125519
82,311,179,0.3103228958083172
82,107,8,0.9
82,274,20,0.33894490990284326
82,12,71,0.3884809937266477
82,271,110,0.30500467838141654
82,255,160,0.3553409679552577
82,137,69,0.35602914648828776
82,132,26,0.3828618529430269
82,281,138,0.38892586857579137
82,309,79,0.3893405332223927
82,210,39,0.37153816205784784
82,196,91,0.366305036439569
82,71,97,0.36947465095905485
82,188,29,0.3863523348414756
82,143,30,0.2084903704301346
82,279,142,0.2773011688043969
82,245,9,0.27028574165298686
82,291,57,0.1883863114605596
82,217,156,0.13765321916725914
82,205,12,0.19102946579781288
82,79,19,0.12133665372779323
82,87,95,0.12454970660886182
82,310,165,0.2008597498070201
82,287,53,0.1897432371451521
82,56,126,0.14096584518857957
82,229,36,0.20567822134336589
82,123,181,0.14873831959379746
82,312,67,0.10584060876351
82,239,52,0.1749723134648167
82,286,155,0.1443196165159919
82,186,41,0.2539038565357066
82,43,78,0.26202815275997376
82,53,54,0.2550174932093519
82,51,83,0.22416434061568158
82,304,28,0.13497643303759074
82,266,63,0.11982835864387514
82,234,103,0.139598682673616
82,251,35,0.11452422944951465
82,299,50,0.28623236487023285
82,17,64,0.18169403710416718
82,195,118,0.2454319307968044
82,117,42,0.2875283621171377
82,257,135,0.10376763486603614
82,261,174,0.23136935151907503
82,232,94,0.16244623073556286
82,301,5,0.2244931591795063
82,154,93,0.2694872547206729
82,308,189,0.17961539115020847
82,211,104,0.29682198505518
82,115,187,0.11281086760705453
82,237,4,0.13856692222802758
82,144,141,0.17855606076566788
82,273,191,0.13532177074505153
82,122,143,0.14433775489635942
82,124,122,0.29575551571002134
82,120,170,0.2586692068741254
82,238,186,0.1446108584467442
82,300,168,0.17715465624262056
82,110,146,0.22659847557147292
82,303,177,0.11665909361996857
82,269,140,0.23398091809432536
82,146,175,0.151849976508965
82,170,34,0.11955225883498498
82,223,136,0.10223137554788013
82,290,166,0.16367180674033815
82,151,47,0.24230754951364483
82,295,73,0.16800888982214407
82,198,6,0.23604434516444864
82,307,23,0.2859446863116095
82,249,49,0.13983432758289602
82,293,153,0.14309354810490352
82,256,137,0.16740902925201576
82,81,109,0.29482868527813244
82,185,1,0.1524369650092646
82,213,99,0.28740733328960155
82,41,56,0.21176257869132492
82,90,16,0.2931624271938103
82,283,33,0.20636705686671694
82,80,154,0.11840586101085836
82,207,37,0.1901715572306663
82,305,132,0.1609842462407808
82,68,32,0.1832207607522694
82,15,182,0.29848366492114153
82,292,115,0.2616531550136537
82,173,176,0.15559730676866187
82,133,120,0.1593475301626635
82,159,124,0.2900774375043549
82,163,58,0.2910518844804987
82,64,31,0.11190624043840439
82,46,100,0.29393749108363215
82,168,133,0.12022466556536116
82,224,178,0.16999600033939438
82,5,101,0.1913218041267914
82,201,195,0.11912647579439628
82,243,173,0.29253956963134564
82,182,61,0.24502023807795795
82,267,15,0.11967707647171119
82,241,84,0.10617633625555906
82,259,38,0.22267293786352116
82,297,171,0.10866621951018356
82,298,114,0.14745477681943348
82,1,161,0.2956993222035599
82,88,128,0.2431004269711555
82,222,51,0.12142470996833933
82,260,43,0.22935894877418173
82,187,193,0.19931822944889582
82,258,158,0.1659250906131296
82,63,45,0.2539950502610647
82,106,185,0.25872116990169985
82,263,184,0.234498319305848
82,209,149,0.2799062490589753
82,126,188,0.2878332649016653
82,244,40,0.17204123704600574
82,250,131,0.20541133276327628
82,275,162,0.24493192268018701
82,277,150,0.23954370690478968
82,265,194,0.28073731604067875
82,278,139,0.28284182228520555
82,280,98,0.2605981009752134
82,219,148,0.25490652196686214
82,180,112,0.2441275394049811
82,289,144,0.11559923363876122
82,24,22,0.10389457813054734
82,315,11,0.29745400008932843
82,316,164,0.14834840171444663
82,317,167,0.16864088358426207
82,318,172,0.25333014410611976
83,316,164,0.3004273271699409
83,43,78,0.37833423753194284
83,240,145,0.3431682627812803
83,52,113,0.36988469246959355
83,87,61,0.3953085265705898
83,260,166,0.30411333329699697
83,213,2,0.38739872834008104
83,317,6,0.321526013270479
83,18,48,0.39691682450331334
83,239,121,0.3415104534659184
83,17,64,0.3282394388483564
83,233,46,0.37320096258545077
83,12,60,0.9
83,257,178,0.3272418917285668
83,253,0,0.38418003334614625
83,224,111,0.3643513520532664
83,234,181,0.3645979805598727
83,293,132,0.3557577527921383
83,256,3,0.3805729686704937
83,285,62,0.35767691778691524
83,101,154,0.364878361917071
83,62,183,0.398871404646844
83,210,35,0.3439929341074055
83,159,83,0.3857618700575426
83,186,104,0.3565388955747535
83,278,107,0.9
83,10,151,0.9
83,309,79,0.3895440815020139
83,235,75,0.35047931395527154
83,195,100,0.30350464845985625
83,74,133,0.33224255863963287
83,154,125,0.38271593440219
83,223,120,0.37593603584248014
83,188,149,0.3382044383135551
83,315,198,0.36302104276461056
83,284,163,0.35817869402677405
83,63,20,0.3503817583282458
83,267,15,0.30488366600877354
83,281,148,0.389757029932409
83,110,162,0.3190701041583927
83,271,191,0.35377429824678686
83,79,24,0.3775205610026251
83,314,43,0.30621544261555544
83,98,176,0.30103903054453335
83,115,96,0.365095607571125
83,137,182,0.3741441655982193
83,311,10,0.3137579641208198
83,243,177,0.30444620553692525
83,282,109,0.30112294350674723
83,279,158,0.3743126235648412
83,217,13,0.3587486587275196
83,78,159,0.13110944686144832
83,143,30,0.1662435816934444
83,312,67,0.13619019382987504
83,171,140,0.1590403700911883
83,291,57,0.21580173877403355
83,187,34,0.11404359156771077
83,55,87,0.15075140567808268
83,304,28,0.24488305852425568
83,310,165,0.24351143298011108
83,173,93,0.21027209477319142
83,182,199,0.13171867256779274
83,155,22,0.19049396120462897
83,219,146,0.10081977612783238
83,205,12,0.19496019871083675
83,298,52,0.11537060050602478
83,126,72,0.17180355634005418
83,280,98,0.26315453149279594
83,167,103,0.29934454928480336
83,269,192,0.2752559939608359
83,124,122,0.2704974395828046
83,222,51,0.21353511080861387
83,90,141,0.10794328396538772
83,1,115,0.20398853900671624
83,266,179,0.14820509152482672
83,277,39,0.15001977689289564
83,258,94,0.18399768934574742
83,306,138,0.1702518988203549
83,60,25,0.22500584255502723
83,198,167,0.2421149002093722
83,318,7,0.22908258441889848
83,67,95,0.17507109518056346
83,184,77,0.27199450136902886
83,241,84,0.20202797326965377
83,163,196,0.12395343671734954
83,123,45,0.2821825961300121
83,209,102,0.16196662745324727
83,103,155,0.25359599562976454
83,308,5,0.16000554425326502
83,170,14,0.29368410042074106
83,218,16,0.1512421489394432
83,296,193,0.1554840700991001
83,263,92,0.1922805014133514
83,287,53,0.20199610121727288
83,53,38,0.17136515825089782
83,307,74,0.2397584555715704
83,180,31,0.2657121057183771
83,255,160,0.10725143475837612
83,245,18,0.15898949517360822
83,299,71,0.1495970070664675
83,158,153,0.18396139803417236
83,274,127,0.25495023463222966
83,117,97,0.13948049957826353
83,41,136,0.20259487024494224
83,64,106,0.19277610868748563
83,24,188,0.25197260268571786
83,81,55,0.19535419404139096
83,295,170,0.26716054616467255
83,275,70,0.25778677529441196
83,56,19,0.12496538547961779
83,201,195,0.20175025587139778
83,289,4,0.1427824526366754
83,313,171,0.19953213148116766
83,251,144,0.23277286153618829
83,196,86,0.19578136437251106
83,136,33,0.22246436852260926
83,237,180,0.2435553273145009
83,71,118,0.2566207989041319
83,80,169,0.25693377973571235
83,185,108,0.26003899579985224
83,5,65,0.28407491524710865
83,164,1,0.207886466966466
83,206,54,0.23435780300042636
83,300,90,0.20728753178608844
83,238,190,0.14092322617114522
83,301,101,0.23628209191801067
83,106,161,0.15086352466331487
83,250,21,0.145553150564148
83,294,189,0.12432033397470868
83,261,110,0.14539179377024403
83,244,137,0.10087383109087578
83,45,82,0.2278372353658647
83,168,91,0.2960125081099536
83,229,143,0.24061507918532027
83,51,23,0.19393782888865768
83,151,69,0.12977531094265593
83,232,37,0.18863219130638106
83,292,184,0.21641727130410343
83,262,26,0.17410609132624077
83,122,105,0.28926015887534084
83,25,157,0.12030842161619308
83,273,173,0.20409830589660174
83,290,29,0.28243770994421225
83,288,156,0.28882708619170216
83,157,124,0.2843154024293691
83,15,76,0.12980877207865585
83,249,128,0.24200984552968047
83,270,142,0.13507867786270764
83,146,40,0.23914753038916842
83,265,116,0.17488152023870868
83,303,150,0.18942400037607787
83,207,194,0.11226969260962613
83,46,68,0.17617717103364833
83,133,168,0.10692618858763213
83,305,56,0.25326362420619875
83,211,47,0.19346248481006834
83,297,112,0.27028005759380636
83,144,129,0.21022096226213
83,286,17,0.2824286868677418
83,319,80,0.29237316301132193
84,157,62,0.30494896481264044
84,78,159,0.33889603517879485
84,245,92,0.32261726288817427
84,298,34,0.3218969788406938
84,271,191,0.3861258923239774
84,239,121,0.3382880765079068
84,184,103,0.36502969530804485
84,45,82,0.3254745929322701
84,81,181,0.3506254498882394
84,205,12,0.3790952339035728
84,185,74,0.315123320343054
84,267,15,0.30199988081649903
84,294,197,0.3429536394204244
84,79,190,0.35306890695277293
84,106,148,0.3639075540567597
84,260,16,0.3879472437108399
84,240,166,0.3207643394879071
84,124,122,0.3129800055537568
84,60,130,0.9
84,67,95,0.3863304530079176
84,265,198,0.35828234276295967
84,224,145,0.37984997045460955
84,222,51,0.32941928722175384
84,310,143,0.3039820167177544
84,286,29,0.3193822062369235
84,87,52,0.3485668770486508
84,15,174,0.9
84,233,150,0.3592589608277993
84,280,120,0.3054299517822034
84,98,4,0.3089961872533423
84,64,36,0.3194160838443777
84,74,170,0.3888252655986475
84,309,90,0.3226265465004032
84,291,66,0.3493299521416535
84,243,137,0.3369468482176423
84,219,118,0.3899462634242329
84,314,31,0.38144879031797885
84,211,99,0.33547604293579725
84,319,163,0.3689484936688424
84,187,18,0.30014286642936466
84,56,19,0.3401754889352963
84,301,107,0.9
84,266,33,0.3437259716906592
84,188,68,0.39004736461395884
84,51,23,0.335779314874705
84,273,110,0.344668258344501
84,90,81,0.36499570038883444
84,25,43,0.30117927827189195
84,234,119,0.35460963480845853
84,110,98,0.37584873559007637
84,284,109,0.32222511845504953
84,315,187,0.3957650731076583
84,196,175,0.34838036299977704
84,253,128,0.3004371590547282
84,201,135,0.30976562237018357
84,305,41,0.3307404507464521
84,52,113,0.27386135109332843
84,317,6,0.12652736900005723
84,143,30,0.2897606649063441
84,198,167,0.2725932856256865
84,269,192,0.2466863890832868
84,43,78,0.16358043165946448
84,316,164,0.21538221723530648
84,287,25,0.11194037795210221
84,299,60,0.2302547882543398
84,17,64,0.20497313159456226
84,318,7,0.24586987455449794
84,311,10,0.22289549667684844
84,207,69,0.1066354059494829
84,5,156,0.29589644602884146
84,18,2,0.19185263021795576
84,155,87,0.2089243948712366
84,308,77,0.27038135799260676
84,210,102,0.2826445398278826
84,158,153,0.24098669673131476
84,133,199,0.18010494772487595
84,304,28,0.13135644444029912
84,101,138,0.29943282878980737
84,170,154,0.24128052015309262
84,256,177,0.1162992523087412
84,62,183,0.20104086963780482
84,241,84,0.10015318601410086
84,126,47,0.1284198074354544
84,232,1,0.21187693112367012
84,274,45,0.22087893765045227
84,306,161,0.1573931018573242
84,257,56,0.14254736412823407
84,250,21,0.16708695646432786
84,290,125,0.2459802016824914
84,151,101,0.10389871300049584
84,122,105,0.24586015020924315
84,235,75,0.20183781697837877
84,281,83,0.28031895509221805
84,1,115,0.19670255942810244
84,312,179,0.2941650070743818
84,296,139,0.2035341409891514
84,115,96,0.19347500107450827
84,123,40,0.21882781693535464
84,285,22,0.1970946798438418
84,186,104,0.1877903636101056
84,55,182,0.1381698750966009
84,137,5,0.18437949624043298
84,255,63,0.1995594839895648
84,167,76,0.2886991850099029
84,213,24,0.27378043995101664
84,63,136,0.1873808804645965
84,168,112,0.14636000431451462
84,46,35,0.14293050187835835
84,171,133,0.14236104221644674
84,71,152,0.17090733272760858
84,282,80,0.12145205843017662
84,292,186,0.11957684808484607
84,300,144,0.11046995474018012
84,261,173,0.2067850194883503
84,307,9,0.27311647525239524
84,146,32,0.27633042970955085
84,173,49,0.1241599373019144
84,12,158,0.23151834129344892
84,262,57,0.15978855419289426
84,251,131,0.11640029886617836
84,313,171,0.201875472553653
84,117,97,0.18470873703830115
84,209,146,0.28340277896274163
84,80,108,0.16315096723831524
84,163,196,0.23619718278740234
84,289,180,0.20620848107290107
84,229,46,0.11019029904389789
84,270,65,0.15671962254528854
84,303,127,0.16923567271607898
84,279,37,0.2324215385647047
84,10,185,0.23965272013651565
84,218,141,0.16717805023050608
84,182,53,0.16802998387783438
84,293,188,0.2150480891174822
84,238,184,0.2611728382846519
84,136,85,0.1806140913914128
84,275,124,0.24612820454582268
84,277,0,0.12014490503191899
84,103,48,0.19970673046467596
84,217,13,0.14298050065010204
84,107,3,0.13786102605615497
84,237,195,0.10016020277481143
84,288,142,0.12357358140482441
84,131,165,0.10491991896091296
84,159,72,0.2500671370162381
84,195,149,0.27587970736915646
84,120,86,0.2856770371456092
84,144,176,0.14200943187051768
84,263,169,0.29070212157762976
84,258,61,0.1730925032946879
84,297,91,0.24716478499829353
84,180,189,0.20621986465808628
84,24,89,0.11795707472888853
84,278,27,0.12464627318847873
84,162,14,0.20359241827787133
84,164,88,0.18269303243186405
84,223,168,0.27357714869053906
84,41,172,0.15797878360541223
84,132,116,0.1038881135938774
84,244,157,0.13154235795165622
84,283,55,0.20635978860706047
84,320,11,0.2618549248192075
85,239,121,0.319448503964181
85,271,191,0.39779537496469763
85,320,11,0.35695248344918107
85,285,116,0.34290576362734665
85,45,82,0.30740293849747125
85,186,104,0.3188463849964541
85,263,154,0.32074136287244603
85,287,25,0.38040477302486175
85,67,95,0.3770161916966369
85,313,171,0.3896629284512474
85,255,63,0.3435494623936944
85,256,177,0.3544422498206712
85,240,166,0.35279636577352314
85,137,103,0.34896519864020825
85,87,34,0.36711534072459406
85,300,133,0.3091189937789819
85,288,142,0.3282982237460024
85,80,108,0.38600194647291597
85,155,87,0.38438168010641593
85,243,134,0.9
85,217,13,0.37052458921718767
85,311,10,0.37519222647432937
85,151,101,0.3765736163280897
85,233,45,0.36546145198383684
85,277,0,0.3839765710049342
85,207,181,0.3773294439386078
85,223,65,0.3208869861635264
85,279,37,0.3234111753186786
85,269,140,0.39239190774672117
85,157,114,0.37893954512384
85,158,132,0.3400880092969304
85,122,106,0.3067379072052675
85,293,138,0.33923223188287704
85,159,88,0.3280627230119426
85,79,161,0.3271661899729719
85,164,61,0.35809039544604326
85,131,36,0.36087682510543806
85,250,131,0.301229858268602
85,124,125,0.36895843487821633
85,297,175,0.3957151307468949
85,260,86,0.3738896089040923
85,275,62,0.31533287588299463
85,278,48,0.3078655508565803
85,303,127,0.32359557805786054
85,257,168,0.3925972236224322
85,52,26,0.34572664732940417
85,188,42,0.3328410589449531
85,310,143,0.3727405244847588
85,173,118,0.3944333507233423
85,146,8,0.9
85,291,197,0.33441786828785863
85,309,90,0.30221374167591686
85,235,184,0.38196931687247004
85,78,149,0.3596817521789759
85,180,22,0.34882011611539365
85,258,47,0.36166315227206713
85,237,178,0.35773475807317057
85,98,98,0.3560126570993498
85,126,182,0.37704068876155716
85,245,151,0.9
85,270,107,0.9
85,171,170,0.38239624688289586
85,273,174,0.9
85,143,119,0.34484413631466737
85,294,187,0.3034523630101216
85,317,6,0.13443824660896708
85,306,2,0.1585573529927521
85,17,64,0.1069504726180959
85,51,23,0.12526204715974962
85,1,115,0.19625034837384397
85,62,183,0.26701803416722736
85,205,12,0.1911390161736315
85,312,179,0.19687861063267695
85,101,148,0.1657932310904191
85,267,15,0.1485849226262075
85,56,19,0.2143686096126968
85,136,85,0.14638148749239155
85,316,164,0.1561195503419479
85,296,194,0.1054145876820816
85,299,60,0.19712228208880422
85,304,28,0.2466842625852431
85,222,51,0.18328390196969316
85,167,32,0.2040892999875101
85,209,83,0.12190087296988691
85,53,38,0.16446343812851064
85,298,169,0.13565668304765635
85,195,165,0.18866519711788562
85,292,18,0.22089840867859098
85,163,58,0.20966018152779548
85,43,78,0.2439311461601417
85,120,31,0.15076842373844324
85,25,173,0.14982824454774152
85,232,92,0.1528324117974907
85,261,43,0.2880587129412574
85,282,17,0.10902910331914907
85,319,163,0.22428506474628576
85,290,54,0.1946983244518783
85,201,67,0.20754298063910426
85,162,139,0.20949777623086846
85,18,153,0.22440418413956376
85,81,76,0.10638117703273664
85,315,156,0.12089623120331328
85,318,195,0.13987764439758066
85,229,30,0.2033901161175554
85,213,24,0.28390989054381943
85,308,77,0.2141625212626091
85,251,29,0.1397329120403682
85,281,180,0.24326793605782096
85,262,117,0.17548022065529018
85,265,123,0.15270919022505242
85,234,20,0.2244844162250612
85,132,89,0.2970809631575734
85,12,158,0.29753711061124155
85,187,126,0.28015958867850926
85,103,74,0.14676140346730576
85,41,198,0.16974583422855416
85,210,162,0.1375041279578414
85,46,112,0.2546782398580567
85,238,72,0.15688784299395422
85,196,81,0.28508091449135753
85,244,93,0.21602229688953414
85,55,33,0.19545376523407615
85,307,9,0.12557035143002443
85,198,185,0.22238016931622157
85,60,41,0.10507763503705576
85,5,1,0.24694055947121335
85,24,199,0.15689184638986883
85,144,80,0.21134442105254442
85,107,150,0.2118830277352555
85,170,172,0.17240650866323284
85,219,73,0.23469527275727933
85,218,192,0.1476810835805096
85,289,70,0.25004590503970014
85,110,102,0.2365622831107265
85,274,46,0.18098894906922655
85,224,40,0.10204160952444387
85,184,160,0.16247469390855934
85,314,137,0.15986177187212428
85,168,144,0.19478798105459333
85,284,56,0.23040605259210595
85,241,146,0.20671501816641996
85,10,75,0.10316001027960225
85,185,190,0.17073979431552022
85,115,50,0.1702634333309922
85,301,113,0.16770735021639152
85,249,100,0.20539076335766115
85,206,152,0.2611701924572909
85,295,39,0.28459652233364474
85,63,4,0.14448021780438003
85,106,135,0.2427304463274773
85,117,136,0.21908665947395306
85,280,176,0.27777421476171843
85,182,145,0.16052610680588178
85,283,193,0.10908265362546271
85,211,155,0.1490581718580764
85,266,5,0.2337155383439382
85,90,16,0.29755780875919713
85,302,105,0.17744933848886313
85,133,52,0.1653613444069253
85,253,128,0.1592668107593131
85,74,91,0.2874501732955804
85,154,35,0.19208244037480598
85,71,68,0.2404236078156105
85,64,157,0.10030309452658012
85,305,189,0.2906125948282553
85,321,44,0.2052235839049104
85,322,55,0.19226643036408622
85,323,66,0.26979368506559487
85,324,69,0.26936252388036636
86,312,179,0.37019210424361615
86,151,101,0.9
86,324,69,0.325604753728145
86,307,9,0.3291183388496264
86,198,153,0.3886475686208717
86,45,82,0.3040471014876607
86,51,23,0.3727193452615817
86,271,191,0.3633587918500021
86,267,15,0.32248128226482675
86,317,6,0.39622007779893764
86,309,90,0.3893555464285159
86,240,166,0.3965152454545602
86,279,37,0.3830306298625492
86,80,108,0.31423392537402617
86,235,184,0.303783566250321
86,285,61,0.3378794778309018
86,186,104,0.3522511157528221
86,296,66,0.3449471682399018
86,62,183,0.3313795943366459
86,188,120,0.38969734746052553
86,1,115,0.37572691095752675
86,132,92,0.3344601216681097
86,299,71,0.9
86,52,26,0.34478865359302074
86,164,114,0.3742000781192726
86,303,127,0.31367106650374976
86,284,178,0.37293225946337005
86,256,177,0.32739197200536896
86,205,124,0.36251443953455764
86,316,164,0.36153904294199957
86,107,21,0.3259380156831735
86,124,147,0.31146731359626784
86,87,169,0.3039660947686814
86,238,163,0.3327109000084587
86,67,65,0.33063109708422833
86,251,39,0.34044425150287794
86,281,98,0.37231134249385156
86,318,195,0.3001641330082814
86,63,146,0.33785758064205007
86,64,5,0.3707273613637204
86,143,135,0.32325951859475177
86,301,199,0.3789898172792796
86,257,80,0.3441911182169538
86,168,196,0.3628806940802757
86,310,165,0.3779187225437928
86,269,86,0.31723663230029125
86,239,187,0.3496488521269422
86,241,162,0.328917378165254
86,320,62,0.34785656449609975
86,106,173,0.338308518304112
86,18,132,0.30963359500136955
86,133,14,0.38013674301482003
86,298,75,0.32026035294579036
86,295,145,0.3899392290680569
86,287,130,0.3974756765673214
86,17,64,0.30151406479787274
86,266,47,0.32645697983734034
86,90,150,0.33889527060074115
86,137,67,0.3856514195108115
86,210,180,0.32961602307585314
86,78,122,0.36820115324819647
86,262,34,0.3464948853323923
86,304,83,0.3560995891856935
86,195,174,0.9
86,233,76,0.32225874284724554
86,56,126,0.3997759035957079
86,261,157,0.31580207798364557
86,122,46,0.34460162759853985
86,253,128,0.30607521836612905
86,71,7,0.3098240560770557
86,173,118,0.326549855811168
86,275,107,0.9
86,81,8,0.9
86,244,97,0.3885559239952324
86,319,109,0.3583472211599168
86,274,141,0.3215248533451522
86,305,84,0.34384405202017987
86,234,42,0.31403292541790917
86,222,51,0.22167615884474595
86,249,100,0.24841111373668853
86,308,77,0.1518628735113304
86,288,156,0.20973938811166673
86,321,44,0.13229340689163718
86,292,151,0.23626573551960456
86,213,24,0.1447635506155423
86,207,30,0.24636201644584682
86,136,85,0.16867515183946005
86,255,63,0.26237229485996527
86,43,78,0.16464712977434703
86,79,148,0.16267784136871727
86,159,60,0.1782766446792579
86,263,17,0.19553367879057792
86,12,158,0.10848124007971288
86,209,188,0.23505226372020732
86,311,10,0.1643591471865548
86,229,181,0.28273477610099
86,282,172,0.29957607530908814
86,250,131,0.22568751591261624
86,184,112,0.17042115523973234
86,277,29,0.22868140628033812
86,243,31,0.22853219673785913
86,201,33,0.24545751661798162
86,110,129,0.15944989899495288
86,289,70,0.2075612917525283
86,10,74,0.160187132092937
86,115,94,0.21794218021909964
86,180,1,0.2010685297135968
86,260,140,0.18355724336754542
86,155,87,0.1629819793309551
86,53,54,0.1454594691640164
86,232,2,0.17511234011565047
86,306,19,0.2692594123986758
86,302,149,0.22361451976353452
86,315,95,0.22607515405316236
86,293,154,0.20748886491513202
86,297,36,0.24333918502240598
86,265,138,0.22344533884885992
86,74,45,0.23921874631511789
86,280,119,0.2661764477919335
86,323,139,0.23980060140366957
86,163,35,0.2895514805316388
86,313,43,0.13775049987832258
86,283,50,0.2481066059864582
86,5,167,0.2611792831285992
86,170,159,0.2900683567303805
86,101,161,0.11014404172965835
86,144,89,0.23266984875954871
86,218,73,0.22714145935017824
86,322,189,0.1840073323099295
86,196,81,0.12919244147560477
86,126,25,0.19307154165079293
86,237,193,0.10729788763073929
86,185,190,0.11593174310922215
86,211,99,0.10595207168102584
86,103,72,0.25217273748921054
86,25,137,0.2214913254034022
86,162,113,0.24939931732602078
86,154,93,0.13577399953207103
86,294,88,0.12199359323472832
86,46,16,0.213214813818677
86,206,152,0.12513925746446145
86,258,28,0.14500473594738583
86,291,198,0.2626111534746379
86,157,57,0.17832607436674197
86,120,53,0.2664824541134335
86,117,160,0.29962458568503625
86,182,133,0.19416223591208798
86,98,102,0.10580466759019189
86,41,116,0.2982686155771111
86,245,155,0.10460687056737443
86,217,52,0.16211796961529726
86,24,117,0.1154619123794103
86,167,105,0.288329521017601
86,223,27,0.1668460571421192
86,158,176,0.1043288220034504
86,325,4,0.15751870007098862
87,299,71,0.9
87,288,156,0.3086869354780828
87,80,108,0.3703848899146951
87,151,101,0.9
87,249,100,0.3826536783538924
87,324,69,0.3789623755830285
87,64,65,0.33426458292978956
87,255,119,0.388736408733776
87,206,152,0.31309014809209285
87,209,99,0.39901123137319183
87,317,6,0.3649161781488869
87,267,15,0.38703204407141156
87,325,4,0.3986737800724808
87,136,85,0.9
87,213,24,0.39990128533369296
87,235,184,0.3588333329579234
87,296,57,0.33186373210789133
87,308,103,0.3375866331067967
87,5,161,0.37335223331457235
87,303,127,0.3110186899293336
87,241,162,0.3681561655084211
87,12,158,0.39643793216200973
87,167,0,0.36218011604178035
87,307,9,0.3352249986062389
87,240,46,0.39310261090686516
87,133,75,0.3155079225500306
87,205,124,0.3308506362436766
87,217,47,0.3306287840769998
87,185,190,0.33799182981691567
87,1,167,0.34288637306701464
87,158,59,0.33137161463305426
87,229,197,0.379112744760291
87,263,79,0.38422442602345686
87,157,113,0.34814571042591536
87,277,35,0.35152253345842244
87,281,97,0.3983312851721338
87,98,159,0.3253641961346516
87,298,132,0.3483977529773787
87,238,55,0.3161826024562596
87,294,1,0.34575601583016613
87,67,107,0.9
87,295,134,0.9
87,122,43,0.31539959397823747
87,256,137,0.305520537379493
87,322,189,0.38914108191006846
87,320,198,0.34269533374339656
87,41,66,0.32890632540959563
87,282,176,0.3970229675064272
87,293,123,0.3205934432659733
87,222,155,0.3182698089017715
87,132,126,0.30481103592180586
87,137,160,0.37985130607064554
87,310,16,0.33215227872463593
87,251,86,0.36628927056788463
87,302,128,0.35958735013515397
87,110,112,0.38426347256294413
87,250,21,0.32597480135205714
87,173,68,0.3460977540080158
87,314,8,0.9
87,143,182,0.3247159969358313
87,273,174,0.9
87,289,70,0.1887356416805006
87,79,23,0.2425925907124783
87,321,44,0.23393864274902684
87,312,179,0.11063910570939839
87,10,74,0.15394516147281492
87,279,37,0.11903845383902233
87,315,95,0.28604514512314916
87,210,83,0.20756136843538142
87,52,26,0.20662633538222863
87,260,133,0.1180957589182858
87,285,142,0.12387963276775243
87,62,183,0.2476202112428541
87,313,166,0.14975428386237744
87,24,52,0.12571018322297223
87,45,82,0.2788389706023426
87,211,185,0.2939411438061478
87,53,64,0.20447621914040104
87,196,81,0.2043934049599238
87,63,180,0.17224816768092616
87,87,188,0.249236584471529
87,301,199,0.2666688827318954
87,207,145,0.1571944193164676
87,287,130,0.2529114479384378
87,318,172,0.22952553138871304
87,316,164,0.27814197762632203
87,74,33,0.1566984485543361
87,17,54,0.26453258524125284
87,257,80,0.12732997764468273
87,323,116,0.19223983080247448
87,101,186,0.14532809929069593
87,163,149,0.2126287630188447
87,262,115,0.224947490485772
87,71,12,0.20726274698386626
87,124,147,0.12032793473064374
87,271,173,0.15538109420475743
87,245,2,0.17060903523428275
87,184,125,0.13225588505720196
87,223,89,0.12457132032527582
87,284,178,0.11362485984839671
87,239,187,0.23672324053775912
87,319,109,0.25860905868322404
87,243,76,0.2505696573401418
87,155,87,0.2676919807435277
87,164,61,0.13008659347292578
87,107,42,0.2753143993627952
87,265,148,0.14512306763860333
87,186,25,0.11774308847629322
87,291,92,0.2171085117152152
87,269,150,0.29340257074769255
87,168,136,0.2853225165753189
87,51,28,0.2894587037013213
87,117,41,0.23882136018206537
87,78,192,0.2973705419636905
87,309,7,0.2846240347742906
87,103,163,0.2439146489527658
87,237,60,0.13711300536366322
87,90,31,0.19259382686345494
87,46,106,0.29179643124705423
87,198,153,0.2542246816684117
87,311,181,0.2515525920259295
87,258,120,0.14229794225465342
87,261,157,0.24034703056572995
87,170,73,0.12601346880826117
87,56,19,0.2573157259544522
87,297,36,0.29250972486174964
87,154,146,0.26804077248242814
87,304,84,0.13651769084462814
87,266,72,0.20269509788154655
87,274,140,0.2211620100901031
87,144,13,0.21811953084307473
87,233,171,0.12548783376945483
87,115,94,0.2537273581131787
87,182,38,0.1674279067213454
87,25,3,0.26121578947990676
87,292,51,0.1961780928046849
87,253,118,0.1568942803949673
87,280,5,0.27695530458524953
87,162,117,0.17765933463952344
87,146,177,0.2748199715865297
87,224,40,0.20173940969256107
87,120,193,0.19971580180236725
87,218,49,0.2559184523374151
87,43,18,0.24092068660055904
87,126,77,0.2216710118758368
87,159,50,0.2049793019609998
87,219,39,0.18051204457797088
87,180,88,0.2173504946938818
87,60,32,0.15690226721110004
87,131,143,0.17936365625771022
87,234,93,0.27680430780249854
87,18,168,0.22193166025231614
87,300,131,0.14306135742654635
87,232,154,0.22698988782638485
87,270,27,0.18336684196291397
87,171,29,0.22935436840536963
87,188,196,0.2613145364743075
87,244,58,0.1630416139289833
87,283,121,0.10535757061355161
87,278,62,0.25073222047330984
87,201,139,0.16054553156955864
87,306,56,0.20015500690691018
87,305,17,0.2723465228994604
87,290,129,0.2306417375625395
88,136,85,0.9
88,124,147,0.316405907985437
88,198,153,0.37310267582193246
88,24,89,0.30260831961942125
88,206,64,0.3704242864162366
88,196,81,0.31206887408618744
88,122,31,0.3233368772396952
88,315,95,0.3272244254760754
88,307,9,0.3228231877115232
88,322,189,0.31323241257526924
88,115,94,0.3223686834483568
88,299,71,0.9
88,213,24,0.34364530591899967
88,219,145,0.3438381675908034
88,273,174,0.9
88,249,100,0.37370770852895074
88,205,124,0.35948231087937854
88,255,119,0.36534713351013914
88,171,111,0.3740708703261525
88,308,103,0.35108264949253976
88,71,167,0.3890077611931627
88,164,193,0.33050687175694704
88,306,134,0.9
88,265,148,0.3366876534579454
88,311,182,0.39143165473406205
88,251,86,0.39035638338801404
88,318,17,0.32119367871811216
88,260,192,0.3562352744038314
88,293,14,0.32011391951371115
88,324,194,0.3974516374159356
88,188,112,0.39333343401772636
88,159,50,0.35986123244186696
88,271,137,0.34301110143595653
88,283,12,0.30664954166946135
88,310,175,0.3609320331485839
88,211,138,0.3795674897736413
88,17,73,0.32311914067221814
88,98,140,0.3790293512250643
88,173,49,0.3631794885171509
88,133,78,0.3122426253840703
88,257,154,0.38715070566680865
88,316,72,0.3193957060089756
88,25,8,0.9
88,320,123,0.37685809840261153
88,253,97,0.32688745845701206
88,277,68,0.32039443166348464
88,235,186,0.13669217491475405
88,303,127,0.24712559108814416
88,288,61,0.1668639793408203
88,10,74,0.24492633526822144
88,321,44,0.14638213492729596
88,101,18,0.2376052568612009
88,180,117,0.29069882138890935
88,280,113,0.16869048524241376
88,297,36,0.2575899947132706
88,301,199,0.26891779348555145
88,267,15,0.23750026296393908
88,269,76,0.21010547870875057
88,126,197,0.24670637639411874
88,131,46,0.14637374747600732
88,285,114,0.13610617862204083
88,261,157,0.23176160284648412
88,317,6,0.212602977037099
88,185,190,0.2854792195418474
88,238,5,0.23317020389576645
88,266,188,0.25251341900465285
88,62,183,0.14552087689843815
88,239,187,0.15165626046944486
88,287,130,0.2755331778518496
88,229,116,0.13997123891591443
88,233,3,0.20711387848631033
88,52,26,0.1402661927596094
88,240,43,0.12604494160731303
88,274,122,0.12967486655437938
88,304,180,0.29885196432268807
88,323,198,0.16256919499405365
88,289,70,0.27296485164925427
88,53,152,0.2532020268153151
88,244,166,0.15366526308739303
88,110,105,0.18942574273512583
88,312,10,0.27015483457506295
88,279,37,0.19104880531906074
88,12,158,0.18818735248065757
88,207,16,0.14329874104115567
88,186,53,0.21044556600544145
88,43,96,0.2168399357441966
88,270,164,0.1994403053263209
88,309,7,0.2492888150428203
88,155,56,0.24161696379405345
88,218,21,0.2982217231709995
88,325,136,0.18805902422692614
88,163,133,0.22561866317399532
88,79,23,0.23672010873733612
88,56,19,0.20397180230495704
88,222,99,0.2469932342232055
88,224,40,0.10063832539140025
88,284,135,0.24413890969268
88,292,155,0.11144297853167465
88,162,88,0.24288737479786252
88,241,146,0.2958677717890428
88,146,173,0.1240627434995579
88,290,168,0.13447943789418654
88,234,20,0.11923130620060954
88,143,66,0.26378349722157657
88,294,13,0.2670945560123019
88,168,42,0.146592438943146
88,250,90,0.16894768537417876
88,262,48,0.1901556860912098
88,296,65,0.14391746875071576
88,223,34,0.12310271363541105
88,305,87,0.2487105874882593
88,46,165,0.16672203477673003
88,243,30,0.12018910196838042
88,263,93,0.20988591230449116
88,90,41,0.11251137571427745
88,319,80,0.28712557364264385
88,51,84,0.17846575547942567
88,217,195,0.1366120061407339
88,137,63,0.19730421674873283
88,184,54,0.2977693902814652
88,167,118,0.10715079437729519
88,78,141,0.22060794018503024
88,232,181,0.1456810935602576
88,80,184,0.22480554889817744
88,210,115,0.10145193702444233
88,18,45,0.14611336946086517
88,313,29,0.21478124843368052
88,300,144,0.28324820010099083
88,45,75,0.27515303134050006
88,1,27,0.14091595203956292
88,120,52,0.22896891497081032
88,63,28,0.11490143560356292
88,291,126,0.26370783474293735
88,157,142,0.1926631052506717
88,151,25,0.28610996930661137
88,209,51,0.2759685270477663
88,256,171,0.13510331109538146
88,282,98,0.21499975842175306
88,41,33,0.192827274862917
88,278,47,0.12150661558020902
88,74,104,0.1946023199875444
88,295,191,0.11409767826202172
88,5,62,0.1539470118908532
88,60,39,0.12301455811117654
88,281,0,0.19854663116312882
88,107,196,0.17109128403785273
88,170,149,0.2784746920095065
88,103,160,0.18791208816783872
88,258,129,0.11001509731684282
88,286,91,0.2613587085882706
89,292,155,0.33219943871155455
89,74,104,0.9
89,299,71,0.9
89,309,7,0.3814453925982547
89,261,157,0.3148155466547018
89,251,86,0.315104502190202
89,288,142,0.3408377542721562
89,131,45,0.35046207756254355
89,244,134,0.9
89,222,99,0.39348531224583494
89,223,34,0.324725973453283
89,255,119,0.3800184613183879
89,296,114,0.3718218185395017
89,323,14,0.38270712702496346
89,260,192,0.3870858690129706
89,52,26,0.3370950470030887
89,46,165,0.33215576042168804
89,235,184,0.36146311498593386
89,308,103,0.3892081731379421
89,239,187,0.37853325466853893
89,196,81,0.9
89,12,158,0.31309507276795123
89,305,194,0.3597712802153661
89,257,169,0.36221913111998905
89,136,33,0.34336492078878833
89,217,162,0.35194671403386024
89,62,183,0.33486636549280246
89,290,52,0.33116199704645666
89,126,55,0.3295535412672762
89,301,113,0.3075479359153476
89,205,138,0.3741994290301469
89,273,174,0.9
89,188,143,0.35712488821957644
89,10,188,0.31819696514046547
89,274,73,0.3068464964034727
89,286,140,0.3664037485060021
89,303,111,0.36355668302409594
89,233,177,0.3965681308779815
89,316,154,0.32224274755040694
89,256,30,0.3693325332308607
89,162,1,0.314667706459155
89,164,193,0.3816960772023996
89,300,20,0.3118590697823671
89,180,57,0.32462926000628756
89,211,195,0.3925238795839555
89,45,18,0.36510207449716525
89,278,87,0.3607243662365285
89,315,27,0.35814475352556574
89,240,171,0.3207852706797045
89,322,181,0.37960360596511067
89,171,182,0.3767332409036739
89,224,40,0.34361758213002125
89,312,76,0.35484791792346804
89,258,59,0.31089260496514304
89,249,54,0.35378233740340015
89,253,120,0.3177411774648675
89,103,8,0.9
89,207,175,0.3887779206079405
89,232,137,0.3689323884433159
89,107,35,0.38671549568970254
89,198,153,0.1693094415439155
89,185,190,0.22846161211366173
89,146,43,0.13419922480585786
89,213,24,0.1521840853733827
89,206,152,0.21360203621643864
89,297,36,0.22719447571883927
89,321,44,0.2449950948069767
89,56,19,0.22553980796242182
89,295,105,0.23722502197135434
89,115,94,0.2313301854348654
89,307,9,0.10187682720792703
89,173,49,0.2028224410932314
89,238,130,0.2330479032384742
89,317,6,0.23479738326752927
89,155,168,0.18231078485510793
89,218,135,0.18450632818102325
89,159,50,0.10920871223494916
89,101,151,0.268398432199365
89,157,88,0.19091843340011788
89,289,180,0.24896512442573007
89,283,70,0.11426896462104152
89,229,96,0.21127292315719548
89,279,37,0.10022540350763169
89,269,41,0.11550426105874388
89,24,167,0.14462633097870348
89,262,132,0.2955369148924216
89,287,25,0.15309524432058733
89,324,117,0.26357740864110096
89,325,136,0.18112782613269846
89,265,74,0.24161836760994584
89,122,31,0.2716515381665756
89,17,170,0.12269136488597789
89,124,100,0.2730532810918795
89,320,164,0.2892915677713499
89,234,166,0.17742920879222007
89,1,199,0.22465772508686044
89,79,28,0.11951373288353127
89,318,12,0.2796234336358244
89,293,108,0.20610597557090798
89,277,118,0.16580883298582755
89,311,5,0.12881751336910713
89,63,17,0.263382988406567
89,78,106,0.10102630856069802
89,80,161,0.111635800484923
89,285,156,0.2663455122691305
89,310,133,0.2806682972899137
89,210,92,0.29619660167007333
89,110,110,0.1572872205711783
89,263,68,0.21907708188921837
89,143,60,0.1673784408554761
89,170,112,0.2033620662695542
89,168,97,0.11331268107142455
89,250,178,0.1631668127277392
89,313,125,0.1255207461011322
89,284,67,0.2628893288561813
89,241,83,0.1602410952265099
89,5,107,0.27846884053060794
89,186,53,0.22804340246919627
89,120,13,0.20012694003622042
89,137,189,0.24877964014924894
89,319,124,0.28079304350683704
89,270,2,0.26917677735383416
89,209,51,0.1201462975368639
89,60,38,0.24536708160616946
89,151,179,0.2664467668631132
89,53,128,0.10099688926696737
89,267,115,0.24577468300528615
89,243,150,0.1941713296348958
89,18,32,0.24419702448364725
89,304,4,0.2704103384646944
89,280,65,0.246213757351189
89,87,48,0.15786555596644725
89,98,16,0.2355021219757578
89,71,185,0.19894767574699102
89,245,186,0.15824688728344866
89,51,176,0.2802725427685585
89,266,75,0.20560803452344664
89,187,126,0.2998475859730755
89,154,163,0.2847984111921735
89,282,42,0.249274536950276
89,201,89,0.24027632186549822
89,163,149,0.14571760184480181
89,219,46,0.16358937191930442
89,67,61,0.16074119794601738
89,294,116,0.2428711838665046
89,281,91,0.2344867419513984
89,43,95,0.28588655402642293
89,90,77,0.1828550473224056
89,167,159,0.23598603253390685
89,64,139,0.16278224822151427
89,298,72,0.1154309848840448
89,271,29,0.2850411988282303
89,275,69,0.24831412488665797
89,144,198,0.14339794676756484
89,302,58,0.1220699549179287
89,41,21,0.2518524349196134
89,291,123,0.16831035914621606
89,237,66,0.2419328550624957
89,117,47,0.21879225721020903
89,133,172,0.254017578903711
89,55,22,0.22968761924059244
89,184,196,0.2479945537927896
89,326,11,0.1589307658460507
89,327,62,0.26913011530298836
89,328,79,0.15526037500602088
89,329,90,0.1443838302141277
89,330,93,0.151505487236424
89,331,102,0.1654189957826979
90,317,6,0.33527874984492567
90,74,104,0.9
90,251,86,0.31679478723646914
90,321,44,0.39776188374398236
90,308,103,0.3365650200602427
90,52,26,0.30346050143937653
90,185,190,0.39460615503387586
90,211,20,0.35073389611745664
90,312,31,0.34304821712689115
90,146,166,0.3181888444372153
90,299,71,0.9
90,256,119,0.3536922375464574
90,266,9,0.3846140822298284
90,46,165,0.3766471145061021
90,328,176,0.35989594716957085
90,281,175,0.3708579143708963
90,126,56,0.37629937941808855
90,43,101,0.9
90,286,140,0.36140634686615525
90,285,52,0.391961996001012
90,330,93,0.31542640487183093
90,327,198,0.3123191851581977
90,280,65,0.3959596512271518
90,305,107,0.3840470240031002
90,260,133,0.398144659027565
90,304,159,0.37757670366311946
90,237,181,0.3634728829501306
90,233,177,0.37405819066832935
90,133,106,0.33640133703079766
90,80,82,0.31743110475858505
90,318,72,0.36984304308853044
90,245,92,0.34457411196748217
90,301,199,0.9
90,155,195,0.3948050939938772
90,243,16,0.387273165454158
90,273,174,0.9
90,313,100,0.3052349522301989
90,249,38,0.3453969311493488
90,234,137,0.3870933543623236
90,323,164,0.338222534339486
90,171,66,0.3148800365936514
90,297,141,0.3579271741204082
90,253,70,0.35040706215255824
90,217,97,0.3384947626337296
90,325,129,0.3073741758097982
90,163,149,0.3348401069595385
90,257,169,0.36415149586128304
90,62,183,0.32473800370758543
90,196,81,0.9
90,295,59,0.3291199872511402
90,289,146,0.32828414909413267
90,294,182,0.39373149033125854
90,223,123,0.35155813834907657
90,107,39,0.3904494804928932
90,78,8,0.9
90,331,98,0.3384122414124714
90,275,55,0.2635324706819784
90,213,24,0.21182724491368482
90,205,138,0.18958395853675167
90,329,90,0.1701236092477208
90,24,185,0.28960122445078074
90,239,187,0.28219141858816166
90,186,53,0.24631067570263848
90,71,2,0.2648431599873905
90,115,94,0.29432771319221407
90,222,99,0.10651520828120427
90,326,11,0.17817568921262633
90,288,61,0.11912917770662544
90,303,111,0.16676438804226384
90,159,50,0.21035285364261383
90,164,193,0.28964254807544854
90,261,157,0.2661227105292546
90,324,88,0.1028970059648712
90,263,147,0.10445792615156008
90,292,155,0.1709947220076336
90,56,126,0.10950736278563207
90,64,22,0.2979290327548837
90,320,75,0.28137814599274735
90,12,158,0.21395996380348462
90,265,74,0.11442186917605729
90,316,154,0.1637029918177662
90,298,116,0.2235478522694978
90,255,63,0.2940595985881024
90,67,34,0.10965591666279308
90,136,33,0.26595640171722956
90,235,186,0.2114915936271779
90,10,48,0.28565799252087554
90,300,127,0.2574191105059513
90,154,114,0.2910168830561156
90,198,161,0.13495179682155153
90,278,178,0.2919864614452203
90,241,148,0.2583907843095973
90,187,19,0.27292331723736224
90,131,179,0.24311741266335432
90,219,43,0.24243992457950322
90,322,67,0.234818254349044
90,209,51,0.24702025069561082
90,184,168,0.20586729827318676
90,319,15,0.14057491839029454
90,311,5,0.29785071999131707
90,310,170,0.2567793862959866
90,90,163,0.13990974391366803
90,293,151,0.20738102499359223
90,162,1,0.1761326882074196
90,284,85,0.29305432296411726
90,302,135,0.25891256887957226
90,250,47,0.13962185714101116
90,206,64,0.20396126333523962
90,170,45,0.21895731217192532
90,167,131,0.24115597527839522
90,309,21,0.11299580509072372
90,79,23,0.19485212249254713
90,98,191,0.19773523603495016
90,173,125,0.15012890959876898
90,282,118,0.12333287095037537
90,240,134,0.27896062879473693
90,180,113,0.10608768103735272
90,267,121,0.26928558756214754
90,137,77,0.2043867428406471
90,315,27,0.15554165817275908
90,151,145,0.2270900549169633
90,144,79,0.2619281748673021
90,296,37,0.13227592803931734
90,63,109,0.16879310469733927
90,122,171,0.22356583894328608
90,287,130,0.2908781591520885
90,270,78,0.2717194531061088
90,274,73,0.16945827553437282
90,207,122,0.11632485112906632
90,124,128,0.1657439026015189
90,87,115,0.19330295496312544
90,17,192,0.29062606457124357
90,291,87,0.28933738113625884
90,218,139,0.2915333206794798
90,55,14,0.1012298513691671
90,279,117,0.29645701111935613
90,277,42,0.22386460260413737
90,51,189,0.2346222506670433
90,224,36,0.20223233746513852
90,188,173,0.14751506930383615
90,283,120,0.2900639302384335
90,157,95,0.1619136741368456
90,271,54,0.20933089279375355
90,168,162,0.2905354670984669
90,258,143,0.28675975524857095
90,18,105,0.21138637220831374
90,201,62,0.2847190408304754
90,41,0,0.2665654274025693
90,53,58,0.23269094002946128
90,238,10,0.20931212997835794
90,307,12,0.12726633445020386
90,262,83,0.12155314729473041
90,244,112,0.19847588739871258
90,1,80,0.1047044388886947
90,106,91,0.21456517990622712
90,314,29,0.15824530036527149
90,117,17,0.18450306918628284
90,101,180,0.13934968461066263
90,332,84,0.2590394309140794
90,333,102,0.19254806954087836
90,334,136,0.29338891945114753
91,280,65,0.3623523595344903
91,74,104,0.9
91,168,195,0.3332974582363342
91,239,187,0.3678961667692564
91,299,71,0.9
91,24,2,0.38864863892459955
91,251,0,0.3480979039581273
91,288,142,0.3703087661300538
91,219,191,0.35041159961295165
91,56,126,0.3845306211203783
91,136,85,0.36391334282057497
91,301,199,0.9
91,260,133,0.3300289642928635
91,79,23,0.3908235566284338
91,287,101,0.9
91,333,4,0.3920118477769231
91,53,160,0.3282615591565067
91,279,62,0.33193079643634793
91,90,188,0.38757468329532985
91,235,186,0.39604734615997317
91,151,16,0.35210880762532604
91,257,72,0.37250970527289984
91,164,121,0.3490548649937686
91,64,87,0.3146733067905002
91,122,171,0.31714419844134706
91,144,68,0.32215435654344615
91,289,162,0.3661895756453133
91,159,50,0.373544468382607
91,146,166,0.37960277324832137
91,312,3,0.9
91,185,161,0.33053838182367423
91,309,35,0.3172147164753102
91,213,78,0.35278254317392166
91,318,92,0.3856989898251486
91,273,174,0.9
91,117,98,0.33790017847194387
91,205,124,0.3354506002763489
91,46,165,0.37433742116943414
91,292,18,0.3324904046785486
91,304,29,0.3817328677415164
91,321,193,0.3953858622041433
91,281,143,0.3294222518491904
91,255,135,0.3799278618441968
91,307,20,0.30544355633753906
91,126,12,0.3122782629853848
91,184,114,0.3461220706155042
91,298,107,0.3916076349220564
91,157,139,0.30400137075948663
91,222,184,0.3995606553538428
91,282,42,0.34994330742468904
91,300,30,0.3514107611771793
91,210,151,0.392044978682797
91,155,146,0.31415461432164615
91,261,43,0.3413398940312411
91,163,125,0.3557582019689004
91,206,147,0.3323237808654453
91,256,178,0.3381862293158807
91,332,28,0.34834379374096025
91,286,140,0.21784045970264768
91,317,6,0.2978492167354284
91,316,154,0.27228344145531547
91,334,136,0.22168892269067425
91,12,158,0.24534187201030627
91,265,74,0.13533054411766407
91,233,177,0.15154379424731193
91,171,94,0.26367152968085444
91,324,96,0.21557882774582285
91,196,81,0.21483746024502334
91,201,47,0.21137462301646398
91,180,113,0.2787904539083022
91,323,48,0.15604278380132802
91,67,164,0.16379920923761287
91,329,90,0.15370721362742695
91,296,37,0.2880995687890112
91,52,26,0.18784104524884265
91,285,52,0.2801071970772421
91,187,19,0.132102002598616
91,131,77,0.2680557350050219
91,326,11,0.10478764119022334
91,308,103,0.13542629208826873
91,10,75,0.2764416384523025
91,327,198,0.24643691286245656
91,303,127,0.1274654209130969
91,262,93,0.270319209030376
91,275,172,0.1853890317658
91,209,9,0.1894428292866887
91,240,134,0.2935645638322717
91,250,27,0.21488474329466523
91,18,112,0.26834119675440804
91,277,102,0.24936298597035128
91,294,157,0.17209794797301883
91,17,141,0.21005096728511918
91,87,34,0.26636226675769
91,198,169,0.18812380158873843
91,241,115,0.1304693950427292
91,245,88,0.15855152785854104
91,291,181,0.23358302494122238
91,173,122,0.24836370703082708
91,311,182,0.10533655553517418
91,55,155,0.11489347649032572
91,237,150,0.24654561823699953
91,223,148,0.191742791107391
91,315,116,0.21021675933264897
91,258,106,0.237147949869316
91,322,76,0.23178348814971017
91,328,79,0.18703218415361977
91,115,60,0.2787558214456288
91,43,33,0.1791087881567791
91,283,97,0.26853882828861575
91,137,130,0.11752559230241093
91,106,100,0.17453167046286164
91,263,38,0.136118334582629
91,297,39,0.18407826910253644
91,325,196,0.11407034745315284
91,162,13,0.18304660060095085
91,274,64,0.23501614896219783
91,330,21,0.29844481948850043
91,80,132,0.28096207280595953
91,302,197,0.26616546924691775
91,63,55,0.1492178469508869
91,267,57,0.2734404978192825
91,244,118,0.29393263808703174
91,101,128,0.17509660250091635
91,41,170,0.1468324183041301
91,211,91,0.18288055607896223
91,278,168,0.18753358565268102
91,320,185,0.28626106751023106
91,188,137,0.18375222986057643
91,62,117,0.1232953846622044
91,243,36,0.12652386495542434
91,295,105,0.17966749714332514
91,319,82,0.2132753583302015
91,238,46,0.2740712428130475
91,98,173,0.15561049785620318
91,167,131,0.105931956457897
91,253,138,0.17944028489924296
91,107,149,0.275823891889058
91,25,110,0.1744970995722886
91,266,167,0.1532418956434145
91,207,49,0.1121075821174922
91,170,45,0.22649592263690796
91,51,63,0.10792477791266841
91,186,61,0.10915607021990689
91,218,156,0.2270394761866183
91,45,89,0.21987951350580365
91,224,145,0.15220659451996615
91,71,14,0.2490762772555143
91,290,194,0.25381988338620626
91,314,58,0.2544762080984371
91,1,17,0.22183213099660143
91,110,40,0.15380720887620386
91,313,129,0.267688755390745
91,331,56,0.2078767792158663
91,305,22,0.24155858293691998
91,269,119,0.2555239487744708
91,270,163,0.1276016465710667
91,335,109,0.1533751946323439
92,301,199,0.9
92,299,71,0.9
92,285,52,0.39188378334588436
92,79,23,0.3871780421610117
92,170,45,0.3547108353960108
92,321,193,0.3896576639295046
92,273,174,0.9
92,63,197,0.3150033732763474
92,235,186,0.3996576539245098
92,136,41,0.31296579421098636
92,168,55,0.356867463260914
92,330,20,0.3444430866755944
92,51,127,0.39405022964241965
92,323,132,0.32741322543505624
92,280,114,0.3637120638552488
92,326,11,0.3915057791590727
92,209,9,0.38069085511459366
92,1,79,0.39380676274980697
92,258,106,0.3072953817856722
92,223,15,0.31626737737740784
92,320,185,0.32546541919978067
92,245,60,0.32551006087038037
92,325,196,0.37482492237124443
92,278,178,0.3600073742776123
92,10,184,0.39137443648403936
92,205,138,0.33247138158579964
92,288,156,0.313090366889786
92,250,96,0.39438487634495945
92,255,135,0.3494059691183945
92,328,176,0.3548682562315708
92,315,95,0.3989171217374734
92,87,117,0.33115445214494155
92,311,182,0.3434361665902068
92,146,145,0.3517166404440508
92,18,159,0.366753467392536
92,317,14,0.3575246849941943
92,287,101,0.9
92,56,99,0.3295349908134093
92,17,46,0.3563434085166177
92,256,123,0.3036734514919588
92,180,107,0.3073751098956262
92,332,80,0.38246699593543854
92,274,128,0.3688089611749674
92,46,150,0.36055773978450656
92,277,172,0.3115221169331711
92,107,64,0.34386469304815714
92,224,10,0.32457020669580505
92,144,38,0.3964125407218019
92,334,129,0.3707559048445035
92,167,144,0.3471678592650912
92,275,180,0.3922866107460957
92,322,30,0.33737445015050405
92,206,152,0.32440716078690124
92,241,155,0.36695611337779677
92,126,84,0.31572048968826993
92,286,140,0.28617712356652225
92,218,88,0.24930624632140677
92,316,154,0.17101925063366677
92,302,61,0.2600688822914335
92,240,134,0.17437754793995458
92,233,177,0.12733637722640068
92,269,4,0.299084908207036
92,71,44,0.12259225526502972
92,260,133,0.20980805285070045
92,279,163,0.2892557208974311
92,327,198,0.13412949637187666
92,261,173,0.17469494996037774
92,185,161,0.19401324143530818
92,329,90,0.24023312919583836
92,297,49,0.14023938173775197
92,282,42,0.14742042251433085
92,12,158,0.22024816936985
92,219,191,0.2167364265246975
92,131,69,0.1652711104371084
92,157,66,0.24703329713606112
92,239,116,0.24629244827226876
92,305,17,0.16252835337204175
92,303,111,0.1445023604347067
92,67,188,0.23725961106254775
92,198,34,0.11272708551696023
92,52,26,0.1459659364052843
92,196,81,0.13380452296494494
92,115,50,0.16916034733691387
92,251,86,0.23784273869915626
92,253,89,0.23569856180028917
92,45,142,0.12126074517772958
92,74,33,0.1855199255285579
92,308,77,0.2791682366184752
92,292,18,0.2548424082595759
92,309,131,0.2517285369460246
92,265,148,0.2211383599618347
92,80,82,0.18207536097128818
92,164,121,0.2865436053295729
92,300,31,0.21632867234895756
92,64,168,0.29256699096045147
92,295,105,0.13806994477361997
92,314,21,0.23783583312193576
92,304,141,0.2390824654028681
92,333,102,0.12603035661937462
92,290,103,0.21199367732951385
92,289,136,0.12333605827944248
92,262,39,0.10043177930797212
92,122,43,0.10214445287967779
92,187,126,0.14898875971844466
92,25,40,0.16699389780940094
92,222,190,0.13040587204864096
92,155,120,0.2834461798062545
92,24,24,0.2659032436705876
92,201,87,0.14980839997315593
92,307,16,0.24781542601114978
92,207,97,0.19271449583802125
92,53,53,0.2948780925599787
92,186,1,0.18613807098077018
92,62,139,0.10380323068187411
92,335,109,0.15164359342998115
92,188,8,0.2505623701366556
92,270,85,0.2865478877476756
92,238,36,0.13875179997041298
92,257,167,0.29855800192571313
92,266,47,0.1829408268169953
92,291,76,0.23216043675297232
92,173,192,0.10523093243191847
92,331,94,0.12637541585924308
92,324,13,0.2049855205143287
92,137,130,0.14494275367980466
92,318,108,0.2889475917658262
92,163,68,0.19052241212440482
92,312,110,0.2351230739102207
92,159,183,0.19769429772006814
92,296,57,0.28860901560533014
92,281,143,0.226075350349904
92,319,2,0.22506467931890725
92,151,122,0.13691505760533232
92,313,195,0.18051733165259118
92,249,73,0.13927818785371668
92,98,166,0.10019028094147757
92,267,113,0.21681098009648728
92,211,149,0.264323021793212
92,55,51,0.2955625578670845
92,210,6,0.1201365272182654
92,43,67,0.29120116947711827
92,283,54,0.14794067931228289
92,243,175,0.20575455322648248
92,298,65,0.1213718062976661
92,90,48,0.15422064690056075
92,293,92,0.15549432901490984
92,117,70,0.21681250619182169
92,237,59,0.10942811141720275
92,162,194,0.2744701786024427
92,124,58,0.2856853510510535
92,213,124,0.1643236016608389
92,217,98,0.18204534466566208
92,284,5,0.19814915271588157
92,294,157,0.21979115849883554
92,229,56,0.11512187634133977
92,106,112,0.18547770055875795
92,244,83,0.26497447047544853
92,110,63,0.22822735648938602
92,154,12,0.29310920907418414
92,234,160,0.23597246461267804
92,336,28,0.2805041260640734
93,301,199,0.9
93,321,193,0.3012803709200743
93,273,174,0.9
93,173,192,0.35207983086928407
93,327,198,0.3425576989025687
93,260,122,0.385241399624889
93,330,127,0.37521160544155097
93,299,71,0.9
93,235,99,0.3148359904425823
93,309,131,0.32484949770224913
93,74,104,0.9
93,279,12,0.35034984591874996
93,316,154,0.35085080742073516
93,168,139,0.3380515528629167
93,267,113,0.3678218853579034
93,317,123,0.30964498305050314
93,293,72,0.3040687219106383
93,233,32,0.3893307635645713
93,187,155,0.36828263450804655
93,294,150,0.3952086039024222
93,313,34,0.3547688825955061
93,240,173,0.3629053425214621
93,311,160,0.3121512714183684
93,281,165,0.37921620444011184
93,261,3,0.9
93,64,195,0.31993301949144337
93,110,92,0.379287233642815
93,79,83,0.39385543793618727
93,67,132,0.31338585491854054
93,185,153,0.3733733593973404
93,278,168,0.3027155722256608
93,209,2,0.3070974421620058
93,180,94,0.3409023685254545
93,328,172,0.3516481249901092
93,333,162,0.35524065654449977
93,164,88,0.33418315823143496
93,325,159,0.30638852850164167
93,217,84,0.322573267617561
93,296,53,0.9
93,198,194,0.3009326913285228
93,336,176,0.3909604104554725
93,51,144,0.33529133604720274
93,251,112,0.36198558952853177
93,249,133,0.36866278609295466
93,295,59,0.3257055453664145
93,159,37,0.3600910392157677
93,319,126,0.33051802246280076
93,324,13,0.3907744534492503
93,137,130,0.37297288722972
93,297,100,0.3055978587308997
93,291,110,0.389101389645956
93,211,64,0.3799606747765276
93,288,52,0.10967658049383834
93,239,116,0.19116016587581425
93,292,18,0.19948790898443808
93,320,185,0.12081692731966603
93,170,45,0.2355562617554148
93,290,25,0.27644911183564425
93,205,138,0.2016250734988646
93,308,181,0.21355282292809033
93,229,20,0.19466817672404493
93,12,158,0.1765904225092212
93,285,27,0.2201191728431681
93,326,11,0.2938334847814834
93,286,140,0.16030064775156788
93,146,46,0.2610772999247408
93,90,75,0.15962692640777815
93,122,105,0.1512451435853993
93,305,98,0.14434483208133128
93,117,70,0.29525816510816294
93,210,115,0.29254209668775033
93,265,164,0.2825923858808438
93,131,142,0.22660707420393492
93,329,90,0.14151769382667737
93,213,182,0.2502367603948726
93,300,137,0.14059290832969806
93,298,156,0.15100760528760518
93,124,67,0.12621088191503885
93,287,103,0.28318294105913355
93,302,60,0.12124613215070255
93,162,179,0.13934687452377975
93,318,151,0.27196423389717256
93,282,42,0.26183761340850287
93,56,186,0.22608104764205905
93,237,175,0.2440377881448889
93,219,191,0.25602276693685916
93,43,63,0.22253853648121358
93,17,31,0.14559552062518186
93,322,166,0.12101671787524441
93,334,196,0.14725816849092296
93,266,77,0.2790286221430039
93,244,184,0.24016457688906137
93,234,163,0.1739130591454978
93,258,106,0.2854544100623122
93,87,65,0.13903926068120395
93,115,50,0.11252921060478636
93,303,119,0.15638060171387586
93,222,188,0.14020034819571603
93,218,96,0.12394365998035986
93,243,0,0.13708391007249965
93,10,9,0.2186889234679134
93,312,40,0.21538062172007694
93,257,6,0.20383281098767636
93,107,54,0.12151554273316235
93,201,178,0.1601507232602773
93,63,197,0.15011500916417883
93,18,118,0.20371719802047134
93,46,30,0.15409098633224622
93,188,177,0.2226080994596979
93,98,21,0.1774034852576175
93,163,136,0.2937473449593351
93,314,7,0.13413530644327037
93,289,29,0.2470470217741004
93,332,47,0.253300908231189
93,315,121,0.1915780922402856
93,154,120,0.15051767825119544
93,206,152,0.2608132208732852
93,284,124,0.19995875763866428
93,55,108,0.12817895516977842
93,80,74,0.11175382280126744
93,151,170,0.11733428089584241
93,280,1,0.29402328292117985
93,223,15,0.2793242315609314
93,126,146,0.2014460090944003
93,304,36,0.2683095119333162
93,1,79,0.1675764241228534
93,157,107,0.13869633642263077
93,335,109,0.23689182300095077
93,277,80,0.1379775172579858
93,136,33,0.2776430360845222
93,62,22,0.2693861762624479
93,106,76,0.1771349800133239
93,167,93,0.11559806914634765
93,196,141,0.25555995045889646
93,269,97,0.13226771360812054
93,52,44,0.21809562039745597
93,24,190,0.15865201757674288
93,255,17,0.18699617093004908
93,274,128,0.10828072289541556
93,256,14,0.29894755718217914
93,275,23,0.2255453924076255
93,323,48,0.26764527134045013
93,262,149,0.18546561195557743
93,253,183,0.12384912444066148
93,263,38,0.18245890232423412
93,45,62,0.12542047080685417
93,250,89,0.15098805368805313
93,155,4,0.19286154418329216
93,310,49,0.26309693645459975
93,238,91,0.13865707589403942
93,25,143,0.17572891410589137
93,241,148,0.14936474531339186
93,78,171,0.23808933629805723
93,307,125,0.13172990506710547
93,207,68,0.160363460050839
93,224,35,0.1964466901989739
94,326,11,0.36380915637073874
94,320,185,0.3597578595273242
94,292,18,0.33631076541084826
94,74,104,0.9
94,170,45,0.32700460089085237
94,273,174,0.9
94,131,114,0.3349225731049695
94,205,138,0.3864824657355931
94,299,71,0.9
94,222,188,0.36457558032471726
94,316,154,0.33882410534547713
94,281,165,0.3039637434214353
94,185,153,0.35110095726947
94,285,27,0.3914393261621013
94,261,3,0.9
94,234,155,0.3098997486415253
94,328,195,0.31007319107317755
94,257,6,0.31011264616418277
94,62,87,0.39876580207765877
94,45,115,0.3054935757303855
94,303,63,0.34692043724306565
94,275,12,0.3006328351043768
94,55,151,0.35530703578085043
94,327,56,0.3483981038880923
94,238,68,0.31331795640340776
94,249,106,0.9
94,173,149,0.3451073917197862
94,241,28,0.3955951085096928
94,117,98,0.37781327753668903
94,201,178,0.35153019077803493
94,282,42,0.37509306694650124
94,301,57,0.3710896939766245
94,233,134,0.3382167763589935
94,332,139,0.38816794990878045
94,198,53,0.9
94,10,126,0.34282097088222097
94,67,78,0.3311617896416885
94,12,37,0.37854793469713877
94,46,25,0.3863164784692631
94,243,49,0.3613927637862959
94,334,35,0.3183470571365187
94,136,101,0.32739930475141354
94,188,177,0.337073392643677
94,333,93,0.31760427445358497
94,115,183,0.3076450391783119
94,122,59,0.3446102051063886
94,266,76,0.3379969800383593
94,287,130,0.3077887686016546
94,321,193,0.12950627937770837
94,239,116,0.16023916567058286
94,294,150,0.12871577015435226
94,267,113,0.1661498987694044
94,325,159,0.25318799735479797
94,240,43,0.24382691949459334
94,229,192,0.1717108656589777
94,308,181,0.21396614018101606
94,298,89,0.17880276191801342
94,329,90,0.15312905942339874
94,265,72,0.22995637930151508
94,314,162,0.20422081962866115
94,309,131,0.16206014436566232
94,286,86,0.27471638049139824
94,206,152,0.1035944003962853
94,323,164,0.18847139753605388
94,196,46,0.19742771322236163
94,279,23,0.22388917608957543
94,155,144,0.2780845052003219
94,260,133,0.16212998818121288
94,63,5,0.196600191480817
94,167,70,0.28504709289728136
94,98,120,0.2705567331192879
94,90,184,0.26189837545374406
94,278,168,0.13549384913558066
94,311,160,0.14693923790219848
94,209,2,0.2878807084213449
94,313,96,0.11930613979530708
94,51,196,0.22497337412556911
94,52,92,0.16755067551199287
94,310,136,0.2343700303236574
94,168,94,0.2905972191618039
94,289,16,0.1911798364224454
94,288,121,0.2968021387319957
94,250,34,0.125493488757294
94,255,74,0.2974618949365866
94,274,128,0.19124544692907586
94,126,102,0.23043729972746987
94,56,9,0.2166494634699314
94,258,36,0.20695770385573414
94,324,1,0.22534880284158174
94,256,108,0.14788598738417033
94,263,38,0.2398393705199834
94,43,111,0.26914185139391616
94,295,112,0.21456321563678066
94,64,172,0.2541195927856529
94,17,41,0.15412621465363965
94,24,148,0.18522828978333505
94,322,145,0.2575488803380771
94,218,13,0.11591067259912471
94,87,65,0.1707539639617996
94,336,176,0.2367799725123397
94,207,39,0.10092981202406232
94,164,88,0.13209985207435943
94,163,146,0.10366879088540422
94,219,32,0.18826348009597335
94,224,54,0.16387137767657486
94,330,166,0.2600501749366043
94,304,40,0.2502106719387833
94,146,105,0.10025736539075564
94,1,17,0.19920569315009345
94,79,180,0.23869334031027323
94,284,82,0.17179650451084433
94,262,125,0.21892338255373933
94,25,20,0.24122119759420016
94,187,14,0.18261542359612362
94,293,163,0.15833753520301297
94,317,167,0.10547555586290042
94,162,171,0.18187625202088176
94,211,100,0.25576439205104945
94,78,10,0.1875791933836497
94,137,33,0.23249644978839207
94,210,48,0.20360365371321404
94,335,55,0.22701616903249877
94,237,140,0.2404320363265075
94,315,117,0.133471245640131
94,251,157,0.25645357525429413
94,296,85,0.17345676045370853
94,159,142,0.11116139519096097
94,157,60,0.18982212030540524
94,300,137,0.16826225561083957
94,235,161,0.20574547186199976
94,71,69,0.26565165775414157
94,297,73,0.26921616372045365
94,223,84,0.21540313587921128
94,107,64,0.22132757033566264
94,80,190,0.21152981105056357
94,151,170,0.2408459980344851
94,245,158,0.1560449309410596
94,307,118,0.23784469364112973
94,180,50,0.10512343789305022
94,18,97,0.20378016180480374
94,312,81,0.11473130792536783
94,124,26,0.1935859205046449
94,290,189,0.18988353806445463
94,217,197,0.2813067537562868
94,277,194,0.22277941411915747
94,319,24,0.20851144853533893
94,291,110,0.20717525592577965
94,106,77,0.17283731590156082
94,269,147,0.12015133845781677
94,305,58,0.20692120846781514
94,213,182,0.2642546715587701
94,154,29,0.19544693928134307
94,337,129,0.14025399342608671
94,338,175,0.20225870023170076
95,299,71,0.9
95,301,66,0.328470894206699
95,311,160,0.3500511922027313
95,282,42,0.312853500768562
95,325,159,0.323929531621898
95,320,185,0.30211197132059125
95,329,90,0.3269539094414913
95,87,199,0.9
95,260,133,0.39326437283273963
95,292,18,0.3660086609563924
95,71,53,0.9
95,275,56,0.363153502209665
95,315,95,0.3884851569133215
95,238,97,0.37602353735701777
95,294,150,0.30795204620794125
95,303,182,0.3907832398184886
95,309,131,0.30824796662884035
95,323,198,0.32335261992054376
95,333,21,0.39993378064010776
95,209,99,0.3731847252107894
95,63,5,0.39710413215642304
95,240,105,0.3261977090059484
95,79,84,0.3825019013625043
95,106,22,0.37987784881065567
95,239,117,0.30966035362398037
95,74,85,0.35333215355993774
95,136,69,0.37551839019690336
95,51,68,0.30537661455850446
95,164,1,0.348596377882956
95,80,51,0.32292988842652853
95,43,144,0.34762341872602504
95,298,115,0.393717546917441
95,335,194,0.391890637790534
95,257,108,0.3675520706520399
95,173,49,0.3100541221121038
95,314,70,0.36738066024173055
95,308,77,0.3268510850261591
95,90,19,0.3765444164116514
95,336,176,0.3052534913796619
95,107,64,0.39787068147435145
95,207,81,0.3649985705695753
95,170,76,0.317378636633186
95,124,60,0.34186486799948074
95,281,157,0.3012509650162069
95,24,163,0.3351223618453958
95,334,58,0.35204867838201126
95,321,34,0.3287862836155693
95,241,7,0.36877698193094666
95,258,141,0.3698037813555437
95,159,103,0.33537769567927156
95,46,101,0.3818460157189554
95,326,47,0.35963279370552326
95,12,50,0.39365509146313704
95,146,59,0.33963104998097327
95,155,111,0.3503674048997434
95,185,153,0.22414620716506922
95,286,86,0.18303518047923772
95,337,129,0.2074448816763358
95,249,32,0.20856208364360806
95,267,113,0.19013764704396974
95,188,177,0.1560634158122313
95,328,195,0.13842416561364293
95,151,170,0.1264744631618078
95,330,173,0.17775647424064484
95,201,178,0.1753946191081312
95,322,145,0.21590125813190547
95,222,188,0.13054162327692986
95,310,180,0.16964748554778664
95,338,175,0.1928029128689187
95,265,72,0.10588488948954856
95,317,167,0.1419892695092141
95,205,138,0.2752272264966855
95,237,0,0.29087220190676844
95,163,15,0.19996661378195335
95,291,110,0.19914472966155053
95,235,74,0.2053710727013812
95,126,136,0.2862694190564914
95,278,168,0.18000512968781981
95,279,83,0.15113511856936654
95,45,132,0.13055281109185024
95,196,45,0.19663242819215065
95,312,73,0.1576371718532742
95,251,134,0.18470563085344946
95,56,9,0.10643414774780478
95,288,121,0.2582328764467625
95,285,27,0.1574338852915118
95,266,171,0.25742401459400677
95,245,158,0.11532486880675726
95,180,96,0.28857245912902363
95,250,55,0.17111666166847544
95,64,172,0.23982085668410383
95,243,100,0.2776772416278225
95,300,8,0.16814866040128965
95,187,62,0.15912804573898526
95,52,186,0.23962503309357566
95,18,118,0.2711482903719341
95,1,80,0.1254727983823142
95,332,94,0.1385003396096536
95,295,112,0.1521447021868254
95,263,38,0.15810473367884692
95,25,146,0.2849473970117269
95,255,78,0.15977432773778183
95,305,143,0.2932617438495266
95,213,181,0.18709777828732194
95,316,12,0.11285656874227327
95,137,41,0.29349108381166894
95,293,197,0.2372674995877635
95,287,130,0.11084889515374549
95,115,37,0.19249634660227324
95,296,31,0.27087501304129796
95,117,162,0.1431780167589529
95,290,17,0.13407694068302206
95,10,2,0.2190503172781243
95,154,36,0.2060484290824548
95,218,13,0.2596028802097983
95,131,114,0.12627539950753514
95,78,109,0.2084142282609704
95,210,24,0.20871119933260687
95,280,6,0.25006568802680873
95,233,191,0.21858360994441473
95,223,20,0.22327640816490474
95,122,91,0.2691088036902247
95,327,193,0.14082364989355736
95,324,116,0.22145285986780774
95,62,127,0.27413256814774223
95,277,107,0.23519505283836914
95,297,122,0.1359582943955781
95,269,192,0.12798691652712774
95,167,98,0.1632312837947023
95,256,126,0.2748827982584431
95,262,4,0.28935089418603765
95,217,61,0.2633383782184996
95,17,33,0.14006700466383232
95,261,46,0.1768591465268254
95,55,14,0.14576323271308406
95,67,155,0.18221747330182136
95,319,48,0.13847531250898765
95,157,57,0.27468106637013767
95,284,184,0.21852799497229808
95,206,39,0.13928362188900742
95,219,166,0.11369110581559919
95,318,123,0.15922565471206265
95,198,25,0.22054269769529283
95,253,139,0.22055634850229885
95,307,23,0.11727109503572394
95,162,179,0.21523493089432166
95,186,44,0.1346277050068475
95,302,26,0.10846994160156911
95,211,35,0.1676492982556178
95,289,63,0.28661345372692903
95,234,148,0.14611458624591317
95,53,189,0.19403484780184743
95,339,10,0.2397154697057379
95,340,28,0.15070265951497
95,341,119,0.2164112044317668
96,267,113,0.33786223141303484
96,79,84,0.3005543795070439
96,323,22,0.3500815857746101
96,201,178,0.34114000676007983
96,258,140,0.3265440367733915
96,234,12,0.31405258968351024
96,298,153,0.331577339757691
96,301,26,0.34430256590305813
96,288,121,0.33094783502458436
96,317,167,0.33305098816245404
96,275,193,0.30862341156510986
96,303,77,0.38852399195714205
96,299,71,0.3701885638856942
96,294,150,0.35847828851705144
96,265,72,0.32477591215603446
96,291,110,0.37023876370827113
96,43,196,0.3834282807570044
96,335,66,0.3360963035732981
96,250,197,0.3245796570707251
96,300,3,0.9
96,337,129,0.3446056785733502
96,53,20,0.3160318704414939
96,311,182,0.33319499951816456
96,292,108,0.38495771656281996
96,293,130,0.3102818454972909
96,273,174,0.9
96,46,69,0.38471170971379776
96,222,190,0.3032073873970591
96,285,44,0.3050241746923012
96,131,37,0.3674928706090326
96,316,23,0.31459497381817414
96,280,186,0.38130654335456604
96,260,192,0.36851733185546764
96,74,41,0.30037350649198635
96,117,4,0.3049070270620065
96,241,49,0.35511335854056725
96,239,88,0.39693501090957783
96,12,50,0.3099299317054924
96,198,30,0.37260473522425397
96,326,56,0.3038965404159702
96,320,6,0.32850599970039984
96,185,74,0.3539855140642545
96,170,76,0.31740068498028223
96,295,59,0.37518078038976954
96,56,51,0.374360415268439
96,211,189,0.38319960273545073
96,309,91,0.37579471817133603
96,322,46,0.35394738946628246
96,164,96,0.3317440946019966
96,274,152,0.3004434355745499
96,321,198,0.35541935900381105
96,330,32,0.37147537451303336
96,10,78,0.3234192691111617
96,281,157,0.308267720387036
96,245,183,0.3147838005035396
96,154,40,0.35769792289431757
96,325,159,0.25700032522416294
96,334,58,0.13566428868568736
96,87,65,0.2877005710717399
96,341,119,0.1166615050629698
96,289,156,0.2995320860372327
96,64,172,0.20699345558685792
96,205,138,0.2554163816587508
96,329,90,0.29948456259876827
96,18,118,0.12196604574702194
96,278,168,0.1154025387808451
96,218,13,0.29984221776473263
96,151,170,0.143638789745731
96,282,42,0.12975081728953441
96,308,5,0.24402041842176303
96,107,64,0.14056176581046756
96,315,95,0.21514632288609614
96,213,181,0.17829701732929415
96,318,154,0.24960146435047623
96,186,194,0.13171103789167615
96,286,29,0.20470697750440028
96,319,169,0.2502523862702424
96,279,146,0.2689759820515093
96,297,16,0.2876119787514455
96,209,99,0.17627259026412234
96,310,48,0.1703569180751922
96,62,141,0.2025490354390609
96,51,147,0.2844223444315032
96,163,132,0.14999148043330712
96,106,116,0.24023049042633135
96,206,106,0.1991186905783381
96,262,83,0.12318151238304133
96,328,17,0.1260602086898238
96,333,21,0.17073513305842
96,233,145,0.2741187041426833
96,223,105,0.16753681762025757
96,136,117,0.21757755653311897
96,219,127,0.19466521153443633
96,237,86,0.20453493294721617
96,155,63,0.2351842360578277
96,327,57,0.2844257494213066
96,137,134,0.23212520430226063
96,240,143,0.1847385922682559
96,159,104,0.19539635873318345
96,217,94,0.15715102054801147
96,162,11,0.17289462010623263
96,17,33,0.12389032300680375
96,336,176,0.25708052415569516
96,24,55,0.11907752472357047
96,122,149,0.28794879237170984
96,67,14,0.22018090728222237
96,63,135,0.11191116482215396
96,167,70,0.19453645709084857
96,173,136,0.2513492174020717
96,1,123,0.23807757732081905
96,126,68,0.2908153037706427
96,263,54,0.2955352428459233
96,187,47,0.2669567080035937
96,307,92,0.11834356711966953
96,261,131,0.12927746780473162
96,52,2,0.19532692589504558
96,266,43,0.24495664690616345
96,55,115,0.21967025841263318
96,188,137,0.11055132241588807
96,269,81,0.22434465461143488
96,338,39,0.11142613669567
96,340,79,0.2736141215902276
96,324,34,0.2172667656272443
96,90,19,0.1840502892318604
96,339,111,0.1825247431608315
96,78,163,0.20168342341065065
96,80,75,0.19942429652978905
96,115,114,0.13988504501940083
96,277,60,0.26229641506240875
96,314,162,0.2337489621951058
96,243,73,0.29381752658699156
96,196,31,0.25031388753798356
96,296,171,0.20729521548519375
96,257,9,0.24498383289630019
96,210,24,0.15937395373855245
96,235,7,0.25321084386486803
96,253,27,0.18362052082708383
96,45,82,0.29037233603143325
96,256,155,0.2594541166264128
96,251,8,0.21302505436325742
96,180,62,0.20527368475549254
96,249,191,0.2719279863595897
96,146,144,0.28276649522641106
96,290,161,0.10534829027252225
96,157,158,0.1370172177912626
96,312,128,0.29117384325559037
96,238,97,0.26310169860993404
96,287,87,0.16932186483112693
96,207,122,0.19837088525699179
96,25,80,0.15991415385841273
96,302,109,0.2106725141113526
96,229,125,0.1784131427258167
97,285,44,0.32223897922661965
97,87,199,0.9
97,170,179,0.353473360023963
97,273,174,0.9
97,209,2,0.3575079818998451
97,90,19,0.3640192318888641
97,249,166,0.3888759493200672
97,205,138,0.3087007986469483
97,311,182,0.35645563391650537
97,12,50,0.30169964788922965
97,198,150,0.37661315130957274
97,292,151,0.37217755922361695
97,185,74,0.39045994582710597
97,258,131,0.3536570374698189
97,316,83,0.3118490941743836
97,314,7,0.3533737938159406
97,294,157,0.3474694243612417
97,213,77,0.34884092332223643
97,319,154,0.3734165753084948
97,309,133,0.3079878408330984
97,260,192,0.341272056543681
97,1,18,0.355584243238942
97,339,144,0.344985644052507
97,257,78,0.348632812419878
97,115,114,0.3867500039642614
97,80,184,0.3228472635291564
97,299,71,0.33685061754249335
97,320,6,0.33532413878515427
97,196,134,0.353790806077641
97,234,135,0.360124275715762
97,303,130,0.3466939454572264
97,173,146,0.30297743068871824
97,341,111,0.3191423669742893
97,51,100,0.3261667228144359
97,24,194,0.36167903732980455
97,67,62,0.348443605781742
97,286,196,0.3231163150985852
97,240,105,0.33186953023040344
97,261,54,0.3075879492726573
97,233,145,0.3005255344733138
97,222,9,0.33077009686857617
97,211,53,0.3908632950188766
97,237,175,0.3325750932138539
97,131,183,0.31653115090258344
97,296,31,0.3276813751827581
97,55,124,0.32486708387569296
97,295,112,0.3824662562858473
97,235,91,0.30988856982834845
97,126,38,0.3490091199140855
97,63,10,0.3268117034882755
97,201,178,0.19934040974956385
97,334,58,0.12502121286297388
97,315,95,0.17140252402715994
97,317,167,0.21207223271322753
97,64,172,0.12510514301448789
97,78,92,0.2624447172980384
97,337,129,0.12171260531272457
97,265,72,0.20928025232774844
97,17,33,0.19114906369387258
97,275,142,0.27658320696453
97,106,88,0.2880642855938787
97,288,52,0.21852539389299877
97,210,24,0.1898184769204122
97,333,21,0.2311986899966806
97,46,139,0.28789067722548584
97,329,90,0.11685430501850763
97,323,103,0.2580435467551059
97,300,3,0.16282421645312467
97,18,118,0.29311440862399213
97,43,68,0.16979844223048612
97,279,70,0.16970781973697988
97,151,170,0.14893731670597604
97,218,13,0.14700328546950148
97,282,97,0.26440987548302475
97,155,5,0.14338120616551114
97,45,82,0.288517796897644
97,324,163,0.24353357355210073
97,301,26,0.14850062090700797
97,308,197,0.12903890194841827
97,79,180,0.24965528912525312
97,238,42,0.12571024900026748
97,267,69,0.1775913486753226
97,318,17,0.2728265294430815
97,291,177,0.24202418120621427
97,326,198,0.2960626503180067
97,250,181,0.11806498481012159
97,278,87,0.16749186130502985
97,74,41,0.23946251106715047
97,338,49,0.2321762253608393
97,325,136,0.2670309838855984
97,274,147,0.17062945961282078
97,266,165,0.20102920263768959
97,187,11,0.2471513624831995
97,186,22,0.24864521641535559
97,262,153,0.20450461512619708
97,241,73,0.25189193817526767
97,56,75,0.11801018730547552
97,328,176,0.153889110874049
97,159,137,0.27311242147994347
97,167,102,0.1710843387761583
97,256,185,0.1875376742623005
97,287,23,0.18403644292490678
97,180,34,0.20571382541690186
97,52,126,0.24254839483423407
97,146,93,0.17711985022898125
97,253,117,0.25005646464476056
97,53,125,0.11624432107027748
97,263,128,0.18893452187606402
97,117,162,0.179302915104676
97,330,8,0.11803044654864078
97,322,16,0.15301050643209085
97,281,143,0.24497868251574761
97,223,40,0.11803188850514301
97,293,101,0.2781302322501765
97,280,161,0.14674438501415887
97,157,94,0.18429456264612643
97,188,173,0.17394010518670033
97,25,116,0.22957962833342277
97,335,65,0.23051923437640498
97,245,37,0.17086945655304175
97,336,28,0.11453621536039996
97,321,47,0.17032581015940135
97,298,15,0.17608464347401057
97,277,60,0.1482628462438192
97,219,109,0.21645210322102926
97,310,186,0.2582508878901988
97,340,35,0.1554789847421418
97,297,171,0.18532591830118839
97,207,29,0.1799171156556521
97,136,14,0.11402680288702337
97,163,155,0.25159341792674006
97,137,191,0.23108832597107898
97,164,57,0.27070239404262236
97,302,98,0.196489105024971
97,71,104,0.1872657932368708
97,62,141,0.17531062696681027
97,162,193,0.1565059574136769
97,107,140,0.28329373573752853
97,284,169,0.1745606723909029
97,10,148,0.1531786844929603
97,206,45,0.10462330550205011
97,305,76,0.24594329603895596
97,239,164,0.195997776422698
97,327,189,0.22390138346586635
97,229,119,0.12890612224575018
97,122,59,0.13333877849140016
97,251,63,0.19469934671638497
97,342,160,0.18069472699493222
98,315,95,0.3971305811419482
98,17,33,0.9
98,80,186,0.3374946382905636
98,334,58,0.32879580103565326
98,12,50,0.38446998626995577
98,90,19,0.33432231192230466
98,251,169,0.3472710307189248
98,62,141,0.34121513416241434
98,317,167,0.35772748479399097
98,329,90,0.3206338817437272
98,253,117,0.32410436631788786
98,238,42,0.3893850174754012
98,296,31,0.3973488401048815
98,278,87,0.3782141335735668
98,288,44,0.3123580912489923
98,250,25,0.38685994031323656
98,162,193,0.3411478166251093
98,78,18,0.36170001021309195
98,284,195,0.3973368790375462
98,43,147,0.3318262431082126
98,196,137,0.32419538726280955
98,52,155,0.36855860055562706
98,155,194,0.38482924530520823
98,245,37,0.3275311647747053
98,265,72,0.3810310155557375
98,274,64,0.39430832979699126
98,335,71,0.34072156419561134
98,340,91,0.3883271267035232
98,337,129,0.37940345655971675
98,137,166,0.3087583589705684
98,107,191,0.36747367722616553
98,117,162,0.3002466204120875
98,295,112,0.33471362752833644
98,234,30,0.3735542049162063
98,24,142,0.35867436046880097
98,260,149,0.36847058839180036
98,266,143,0.3233562469612977
98,87,57,0.34204597407014237
98,300,32,0.9
98,314,159,0.3588319953525103
98,319,168,0.38902176235649766
98,273,174,0.9
98,327,140,0.33056432467658037
98,325,136,0.32028053489418895
98,46,88,0.3593500866084316
98,326,154,0.37854099859494295
98,280,48,0.3116432065985227
98,311,63,0.38753720744663045
98,324,80,0.3897774421383873
98,222,9,0.38245303547060494
98,218,1,0.38769462778575936
98,170,67,0.3887425798585854
98,321,47,0.34372672430537415
98,338,125,0.3792729569895199
98,258,0,0.3050483533447965
98,256,92,0.33011728503121507
98,206,85,0.3686037476591796
98,282,120,0.38850996726245834
98,281,86,0.36791000678090524
98,198,81,0.320253317246469
98,293,104,0.3317094784776584
98,308,109,0.3861206810267577
98,45,190,0.3984416558573092
98,269,40,0.3506846371799901
98,320,6,0.11206863379972273
98,333,21,0.28802286272856553
98,233,145,0.21855973726569042
98,210,24,0.13057057955169543
98,201,178,0.23463482248794634
98,205,138,0.24835484256165344
98,115,114,0.26376236503010764
98,213,77,0.19294503248721134
98,185,74,0.10388865034122707
98,249,111,0.29947747735598046
98,301,26,0.2231468642920298
98,342,160,0.1380178985379702
98,316,146,0.21593236922832004
98,186,22,0.2525896613866129
98,10,55,0.20948568447469637
98,163,108,0.2185638624444121
98,56,75,0.24534675094463457
98,74,41,0.26964418916379534
98,209,2,0.19424840198911392
98,267,103,0.14766465719235833
98,291,177,0.21994734659135987
98,64,79,0.10098179886426445
98,71,134,0.1401979112126676
98,285,156,0.24602583820306623
98,136,132,0.19805401213705554
98,263,152,0.14407567631897747
98,207,7,0.1476224562138061
98,18,97,0.23446023398517926
98,277,158,0.12301397851157612
98,286,196,0.12122951605703777
98,294,46,0.2784702022480644
98,262,99,0.17182510051271727
98,79,180,0.2653577601719897
98,63,171,0.10525148121666549
98,279,70,0.19143933313836264
98,173,15,0.2410725105616138
98,180,198,0.11236347582226831
98,146,98,0.29881602559760345
98,341,144,0.1617968821603187
98,51,100,0.11533371545657123
98,219,163,0.16147809370742966
98,275,113,0.11163333277834439
98,67,69,0.11968036044520039
98,339,35,0.12777960273005612
98,336,12,0.2855175303854839
98,328,17,0.13283109441145713
98,167,4,0.19529053333312363
98,330,8,0.2830297608446548
98,151,73,0.22706383236219213
98,237,175,0.2163500192654134
98,305,101,0.1365989807543881
98,240,59,0.1120302922147685
98,299,107,0.18132103056268847
98,309,122,0.20578399601650538
98,188,165,0.28134247915964367
98,322,133,0.2062584742353705
98,292,89,0.267846807563824
98,55,84,0.12413346069974676
98,303,130,0.24197143513596642
98,298,102,0.23815429604916075
98,187,5,0.16959662094221836
98,318,20,0.2528171319446635
98,131,52,0.2352318399034511
98,122,76,0.1570565044416527
98,229,61,0.24455316964102508
98,310,185,0.17850871065346607
98,25,66,0.17010965474237544
98,106,13,0.23297792674201998
98,257,82,0.1786232029054954
98,243,192,0.1310061861546669
98,159,3,0.24775575739440717
98,287,153,0.13380649713961884
98,255,78,0.2384574217582318
98,323,139,0.21312852314312838
98,235,16,0.10719449600700387
98,53,128,0.19739553601555498
98,1,115,0.2433126350338753
98,290,126,0.14700813530539983
98,239,148,0.1837032929565759
98,297,181,0.1492684459196977
98,164,197,0.19405650004820973
98,304,106,0.18180794744667617
98,241,131,0.1829099664159522
98,312,29,0.15401535622092355
98,307,187,0.13642757358160967
98,289,123,0.12179424662175078
98,154,43,0.28892418556751315
98,313,164,0.15854812345038077
98,302,68,0.26902162362216775
98,223,36,0.21631695450016664
98,343,10,0.14748224106296753
98,344,51,0.15540264395062067
99,295,112,0.3299088110779909
99,300,32,0.9
99,253,117,0.3085277231600657
99,320,6,0.32083500524597963
99,344,51,0.32599700532156406
99,74,41,0.3595849852342411
99,277,94,0.32776905750359775
99,188,140,0.36014550705757975
99,17,33,0.9
99,186,194,0.32675248661031037
99,87,66,0.31175580235846345
99,162,193,0.39888961649662935
99,292,156,0.35447342013249017
99,51,100,0.3831153825094489
99,286,196,0.3880029367426212
99,279,70,0.3599436748938548
99,343,10,0.34888066971212506
99,12,50,0.36031191952635266
99,79,180,0.3412659949731792
99,267,103,0.3570956185951192
99,1,169,0.3323269031978809
99,213,189,0.3358010453934128
99,334,35,0.35792923615364136
99,80,126,0.366398606968685
99,318,86,0.3573065781520136
99,63,110,0.3432043010743966
99,257,82,0.3087945099596864
99,210,132,0.3259627256596551
99,233,30,0.35514159565262804
99,266,143,0.3208084551391608
99,45,123,0.30089182581591045
99,294,150,0.33281337991849913
99,258,29,0.308062655901332
99,117,7,0.3394216444993834
99,137,127,0.31319852326934206
99,131,62,0.3809810945664672
99,314,159,0.3691476825260933
99,239,190,0.30122492857459465
99,329,90,0.31570060466699257
99,170,76,0.32976788510674016
99,24,199,0.9
99,336,164,0.3203881623443213
99,241,119,0.34651463470737515
99,328,17,0.3485687079753811
99,187,182,0.3238367156511003
99,218,1,0.3808834408106955
99,207,83,0.3429762937450548
99,154,179,0.368115454068456
99,256,56,0.36180070113175944
99,316,120,0.30394381155674854
99,312,45,0.3947427659000692
99,333,93,0.38090804070423334
99,164,111,0.3042471431582757
99,62,105,0.3067341357028259
99,288,11,0.3721688101366155
99,303,130,0.15839412086673896
99,115,114,0.20663356835609764
99,315,95,0.1969138728348523
99,222,9,0.2442812956159201
99,278,87,0.2427359986287427
99,185,74,0.15779736034162684
99,330,8,0.10678969659295164
99,311,63,0.13799253018412808
99,209,99,0.29933847080764053
99,309,133,0.28840340443595736
99,255,78,0.15014225571845977
99,237,175,0.20989801873361516
99,159,177,0.19309227519839067
99,238,42,0.11628977001876083
99,275,61,0.1951921466152048
99,173,153,0.22267680489748892
99,317,167,0.24542139707637092
99,296,173,0.25127538171274355
99,285,116,0.12939404718846476
99,265,72,0.2659607360990436
99,201,178,0.29010593013016034
99,322,73,0.1437305470799491
99,301,69,0.272091163182281
99,90,19,0.24698155178754808
99,64,79,0.1799580669986539
99,297,44,0.21055139536771128
99,274,49,0.2864526312985501
99,342,181,0.14148933548564882
99,260,149,0.2335136895262632
99,323,88,0.27674088071274006
99,234,137,0.1549611738517115
99,245,65,0.14790291957368631
99,310,115,0.10978260454211285
99,180,12,0.12153600016073181
99,71,174,0.172287289935248
99,249,21,0.10899648015407312
99,52,185,0.12720063029817583
99,280,48,0.27896717259104864
99,325,4,0.1709827957413822
99,219,14,0.28981501613921373
99,205,195,0.256401317003482
99,321,47,0.1907096949269277
99,281,125,0.28674389655397914
99,326,28,0.2472391404089385
99,319,77,0.26975039586728977
99,18,97,0.1874318307855057
99,305,142,0.22262555173628562
99,155,27,0.2704990095089012
99,243,141,0.11315527260490954
99,106,13,0.2333298224563698
99,307,101,0.2920896546532783
99,151,38,0.19198886166487233
99,250,191,0.281984890712849
99,196,3,0.13895101869502074
99,293,134,0.2165488186801305
99,55,162,0.12360933420935243
99,299,113,0.10675115928808143
99,287,184,0.2737765617593172
99,263,147,0.1495094633348329
99,223,0,0.14362413763192855
99,313,146,0.226168518158526
99,284,172,0.16063324415509642
99,304,131,0.16942297032953046
99,235,40,0.16895983455123081
99,289,161,0.167765138533008
99,146,15,0.20382705226903272
99,163,108,0.27703869957215765
99,157,71,0.17131463216037093
99,324,80,0.23577694258594326
99,43,54,0.29030347480234747
99,340,122,0.13360822973141043
99,308,84,0.20064623934625825
99,335,60,0.10263553804464878
99,339,144,0.10525747695035109
99,327,192,0.24839222052939863
99,291,43,0.1978935500357783
99,56,151,0.11907092410083456
99,46,121,0.2224662840945217
99,298,39,0.17232381703494856
99,337,102,0.10897768312263728
99,338,64,0.2344281907322513
99,10,57,0.233020523205892
99,25,107,0.1384274577411642
99,282,98,0.24079737598956483
99,262,18,0.16685557256873418
99,240,166,0.1857736556054756
99,251,24,0.2038356501464728
99,107,25,0.23517535277943896
99,122,197,0.2911376061191947
99,67,67,0.2607694745639292
99,341,16,0.14511618603097082
99,290,89,0.11525874276741206
99,229,183,0.19062454818098262
99,273,106,0.2030848839827357
99,167,46,0.17874013367395947
99,136,124,0.28639454580312196
99,78,92,0.1577934622123584
99,206,5,0.11308102251554607
99,124,187,0.2366742270388046
99,211,34,0.10861161191776825
99,198,36,0.1593458756728841
99,302,165,0.23605163887421662
99,269,145,0.1939682263022403
99,332,198,0.1670112881164449
99,345,163,0.23562295063134603
99,346,171,0.12209775786049158
