lcoe,lcoe_pv,lcoe_wind,cf_combined,share_pv,share_wind,elec_cost_kg,elec_capex_kg,elec_om_kg,water_kg,grid_kg,lcoh_production,syn_elec,syn_capex,syn_om,syn_total,truck_kg,sea_dist_km,ship_kg,port_kg,crack_heat,crack_capex,crack_om,crack_total,total_delivered,hex_id,lat,lon,financing,interest,wacc,fin_name,int_name,scenario
18.76792320565856,12.750507961093732,25.184862447169028,0.6434280202830696,0.5160653292212734,0.4839346707787265,0.9759320066942451,0.6175626444305954,0.1383854807119501,0.09294222555439545,8.481264424453279,10.306086781844465,0.05271909628469489,0.05099998792380309,0.006,0.10971908420849799,0.03355700641186777,11792.114861531847,0.26558817255702355,0.16891891891891891,0.126,0.009601794417968188,0.003,0.1386017944179682,11.022471758358742,hex_000,-19.71252741732844,21.42667018270944,high_risk,low_rates,0.12,High Risk (Baseline),Low Rates,high_risk_low_rates
16.4821585074104,9.988928048016946,25.39436178630845,0.7499492215386858,0.5785103769422615,0.42148962305773857,0.8570722423853407,0.5298453525846586,0.11872949972229262,0.08292881991604986,8.068037610762838,9.65661352537118,0.04629838324731581,0.05099998792380309,0.006,0.10329837117111891,0.036365922921936564,12521.435396846739,0.2820143107397914,0.16891891891891891,0.126,0.009601794417968188,0.003,0.1386017944179682,10.385812843540913,hex_001,-23.73345872297537,24.54513625407894,high_risk,low_rates,0.12,High Risk (Baseline),Low Rates,high_risk_low_rates
19.590986726950966,14.541366593762787,24.111446382859317,0.6176429832313841,0.47235339260793185,0.527646607392068,1.0187313098014503,0.6433443275399366,0.1441627255677152,0.049180145171915095,1.53250209173487,3.387920599815887,0.055031081716005265,0.05099998792380309,0.006,0.11203106963980836,0.005976230267173878,11490.419527904183,0.25879323261045456,0.16891891891891891,0.126,0.009601794417968188,0.003,0.1386017944179682,4.072241845670211,hex_002,-18.69682496106341,15.561555013934129,high_risk,low_rates,0.12,High Risk (Baseline),Low Rates,high_risk_low_rates
19.274556207097056,11.80567562817847,29.273186753636708,0.6389966796482585,0.5724130057639996,0.4275869942360005,1.002276922769047,0.6218453434303979,0.13934516207411976,0.10266502056713024,6.162577864011333,8.028710312852027,0.05414222838573563,0.05099998792380309,0.006,0.11114221630953873,0.02261158820309016,11811.938762576297,0.26603465681478145,0.16891891891891891,0.126,0.009601794417968188,0.003,0.1386017944179682,8.736019487516323,hex_003,-20.631583651287634,16.186435884488162,high_risk,low_rates,0.12,High Risk (Baseline),Low Rates,high_risk_low_rates
19.25852636201301,11.038985917450345,32.204801519763876,0.6576293033691809,0.6116596402897782,0.38834035971022196,1.0014433708246766,0.6042265873357627,0.13539709291273008,0.09481353097099844,0.8513866445980159,2.687267226642184,0.05409720055089455,0.05099998792380309,0.006,0.11109718847469766,0.004702876079431683,12995.847200420665,0.2926992612707357,0.16891891891891891,0.126,0.009601794417968188,0.003,0.1386017944179682,3.403287265803936,hex_004,-27.86987182534821,17.57378135786131,high_risk,low_rates,0.12,High Risk (Baseline),Low Rates,high_risk_low_rates
17.9159006627124,10.460882685175239,29.120026508427244,0.7005155310898192,0.6004630197315312,0.3995369802684689,0.9316268344610449,0.5672352604210948,0.1271079539833846,0.09690008434652543,6.628911105692489,8.35178123890454,0.05032576496155914,0.05099998792380309,0.006,0.10732575288536224,0.027363706443154584,10069.918866662772,0.22679997447438677,0.16891891891891891,0.126,0.009601794417968188,0.003,0.1386017944179682,9.02079138604433,hex_005,-17.292531780358928,13.65259902718,high_risk,low_rates,0.12,High Risk (Baseline),Low Rates,high_risk_low_rates
21.579805047217132,10.301630621515203,52.771350049285445,0.6819110852113919,0.734441984132174,0.265558015867826,1.122149862455291,0.5827110283499422,0.13057581526601564,0.043098611012822224,4.6369699392466615,6.515505256330733,0.06061767237763293,0.05099998792380309,0.006,0.11761766030143603,0.011644196039473647,10428.773166366575,0.2348822785217697,0.16891891891891891,0.126,0.009601794417968188,0.003,0.1386017944179682,7.1871701045303,hex_006,-19.866323576115764,12.818901074696605,high_risk,low_rates,0.12,High Risk (Baseline),Low Rates,high_risk_low_rates
20.758302296436664,10.199623960705232,47.05991607999384,0.6871398449911706,0.71354870705959,0.2864512929404101,1.0794317194147065,0.5782769149587899,0.129582204466043,0.0424522116230555,2.166808759994573,3.9965518104571682,0.05831007115069059,0.05099998792380309,0.006,0.11531005907449368,0.02684840997578929,11673.037630301802,0.2629062529347253,0.16891891891891891,0.126,0.009601794417968188,0.003,0.1386017944179682,4.709137245779065,hex_007,-19.567228336676557,17.65986896716307,high_risk,low_rates,0.12,High Risk (Baseline),Low Rates,high_risk_low_rates
22.6176032502746,11.828523449201153,44.56207433629997,0.5953060758744538,0.6703969013845756,0.32960309861542436,1.1761153690142792,0.6674837126818696,0.1495719588610232,0.11358928576407591,1.8774969423091268,3.9842572686303743,0.06353284753002135,0.05099998792380309,0.006,0.12053283545382446,0.029564986182479405,11539.267657327899,0.25989341570558333,0.16891891891891891,0.126,0.009601794417968188,0.003,0.1386017944179682,4.701769219309149,hex_008,-27.46263640789345,14.176730886712376,high_risk,low_rates,0.12,High Risk (Baseline),Low Rates,high_risk_low_rates
21.850382709480105,12.019501498586614,39.129114344441106,0.5937589726597885,0.6373654885153849,0.3626345114846151,1.1362199008929654,0.669222913679542,0.14996168477512786,0.06668567015350724,9.244659582477361,11.266749751978503,0.06137772503092962,0.05099998792380309,0.006,0.11837771295473272,0.031239544438581485,12379.452466713108,0.27881649699804295,0.16891891891891891,0.126,0.009601794417968188,0.003,0.1386017944179682,12.002704219706747,hex_009,-23.5953687452532,20.377395925555145,high_risk,low_rates,0.12,High Risk (Baseline),Low Rates,high_risk_low_rates
16.687863352428558,10.120754639204616,25.686352477392532,0.7405195444893427,0.5781010930969509,0.421898906903049,0.8677688943262851,0.5365923325909919,0.12024138532604578,0.05813395922261316,2.3284090472404495,3.9111456187063856,0.04687620815697183,0.05099998792380309,0.006,0.10387619608077492,0.004669315057010706,12456.729309961167,0.2805569664405668,0.16891891891891891,0.126,0.009601794417968188,0.003,0.1386017944179682,4.607768809621625,hex_010,-24.550423709209024,17.12012686421263,high_risk,low_rates,0.12,High Risk (Baseline),Low Rates,high_risk_low_rates
21.070482252277472,11.573750903675911,37.828662452485084,0.6163183001884834,0.6382874369640643,0.36171256303593585,1.0956650771184284,0.6447270989442222,0.1444725815592045,0.0747396880136107,13.849347832784343,15.808952278419808,0.05918698464664742,0.05099998792380309,0.006,0.11618697257045052,0.037163989720059236,11538.857225466014,0.25988417174473,0.16891891891891891,0.126,0.009601794417968188,0.003,0.1386017944179682,16.529708125791934,hex_011,-17.878820133816777,22.657494744809725,high_risk,low_rates,0.12,High Risk (Baseline),Low Rates,high_risk_low_rates
21.624591195315396,13.590096445774938,31.762780443248875,0.5653291145485193,0.5578806768082646,0.44211932319173547,1.1244787421564006,0.7028774911479498,0.15750311384815296,0.09016348282957704,9.604438449388276,11.679461279370356,0.060743476667640954,0.05099998792380309,0.006,0.11774346459144405,0.009593062471787438,12022.224941390175,0.2707708320132922,0.16891891891891891,0.126,0.009601794417968188,0.003,0.1386017944179682,12.385089351783765,hex_012,-21.273618559032023,20.803711428031487,high_risk,low_rates,0.12,High Risk (Baseline),Low Rates,high_risk_low_rates
17.46343670489021,13.286137763375443,21.033879061840437,0.695015754905884,0.4608365482798983,0.5391634517201016,0.908098708654291,0.5717238881305123,0.12811378053216724,0.11607265824865683,4.770458147088546,6.494467182654174,0.049054793704036606,0.05099998792380309,0.006,0.10605478162783971,0.0018419237111369573,11555.656919022778,0.26026254322123377,0.16891891891891891,0.126,0.009601794417968188,0.003,0.1386017944179682,7.1701471445512714,hex_013,-19.12686064075004,15.373132979348576,high_risk,low_rates,0.12,High Risk (Baseline),Low Rates,high_risk_low_rates
20.895886302030046,12.854404656112846,31.552667068199153,0.588601580509494,0.5699342821972968,0.43006571780270314,1.0865860877055624,0.6750867188681393,0.15127566564353587,0.05685049107906187,9.375828173024447,11.345627136320747,0.058696544622402404,0.05099998792380309,0.006,0.1156965325462055,0.02264440670864409,12454.996842640756,0.28051794690632337,0.16891891891891891,0.126,0.009601794417968188,0.003,0.1386017944179682,12.072006735818807,hex_014,-23.67902961407203,22.651637219532816,high_risk,low_rates,0.12,High Risk (Baseline),Low Rates,high_risk_low_rates
16.521256079237343,10.577381883625291,23.7165558870043,0.7367953788400392,0.547621928586724,0.45237807141327613,0.8591053161203419,0.5393045628656458,0.12084915086002743,0.1133455459941144,0.5294411357743591,2.162045711614488,0.0464082083265777,0.05099998792380309,0.006,0.10340819625038081,0.015249916141766962,12854.344331511817,0.28951225971873457,0.16891891891891891,0.126,0.009601794417968188,0.003,0.1386017944179682,2.877736797062258,hex_015,-26.27313533858268,22.266701004955227,high_risk,low_rates,0.12,High Risk (Baseline),Low Rates,high_risk_low_rates
20.54735909186931,11.068347419504791,38.21813462768279,0.6405482785785467,0.6508623953594275,0.3491376046405725,1.0684626727772042,0.6203390485859055,0.13900762654144325,0.03370006498768368,13.796731539136214,15.65824095202845,0.0577175316890609,0.05099998792380309,0.006,0.114717519612864,0.03369762818674228,12090.495969943706,0.2723084677915249,0.16891891891891891,0.126,0.009601794417968188,0.003,0.1386017944179682,16.386485280956467,hex_016,-22.344982555809985,16.42469730642244,high_risk,low_rates,0.12,High Risk (Baseline),Low Rates,high_risk_low_rates
18.028780643298685,10.327718018881857,30.177729018447877,0.7027124414364718,0.6120373623679505,0.38796263763204947,0.9374965934515317,0.5654618963263054,0.12671057268944147,0.08063502674592399,6.45804589063122,8.168349979844422,0.05064284482702601,0.05099998792380309,0.006,0.10764283275082911,0.03283173147826078,13007.853335711716,0.2929696697232368,0.16891891891891891,0.126,0.009601794417968188,0.003,0.1386017944179682,8.909314927133634,hex_017,-28.23419292674989,15.036593455023418,high_risk,low_rates,0.12,High Risk (Baseline),Low Rates,high_risk_low_rates
21.642739352401968,11.959853638880388,38.44891365771308,0.597693023762893,0.634457179430398,0.365542820569602,1.1254224463249023,0.6648180485780409,0.14897462802867492,0.08760679738377602,12.130390045433595,14.157211965748989,0.06079445484089713,0.05099998792380309,0.006,0.11779444276470022,0.013087678461453754,11665.693610489972,0.26274084708310746,0.16891891891891891,0.126,0.009601794417968188,0.003,0.1386017944179682,14.858355647395134,hex_018,-19.06842593608901,20.554937055649656,high_risk,low_rates,0.12,High Risk (Baseline),Low Rates,high_risk_low_rates
19.07251095659792,11.045059056513326,31.389283485401325,0.6606155945342236,0.605418632293206,0.394581367706794,0.9917705697430919,0.601495200831457,0.1347850347874253,0.040871920231941666,1.4093875601921846,3.1783102857861003,0.05357468327708356,0.05099998792380309,0.006,0.11057467120088665,0.03864696892341204,10654.12098558496,0.2399576798555171,0.16891891891891891,0.126,0.009601794417968188,0.003,0.1386017944179682,3.8750103191028034,hex_019,-21.420027210535224,12.956534770530338,high_risk,low_rates,0.12,High Risk (Baseline),Low Rates,high_risk_low_rates
16.20759249139417,10.410200252943449,23.17564190075423,0.75056209656718,0.5458525918337536,0.4541474081662464,0.8427948095524967,0.5294127048569781,0.11863255058795955,0.043920054340156264,6.098712324008773,7.633472443346363,0.04552712730832622,0.05099998792380309,0.006,0.10252711523212932,0.012033521195498014,10447.282428416382,0.2352991537931617,0.16891891891891891,0.126,0.009601794417968188,0.003,0.1386017944179682,8.290852946904039,hex_020,-19.902947118975515,13.798714834651516,high_risk,low_rates,0.12,High Risk (Baseline),Low Rates,high_risk_low_rates
23.888602979276257,11.763746319003195,53.859404666686274,0.5957409897590636,0.7119689503337961,0.28803104966620396,1.2422073549223653,0.6669964238442933,0.14946276556599197,0.06859161725949289,7.74499498102148,9.872253142613623,0.067103085768787,0.05099998792380309,0.006,0.1241030736925901,0.021044526479247982,11112.489351451946,0.2502812916993682,0.16891891891891891,0.126,0.009601794417968188,0.003,0.1386017944179682,10.575202747821715,hex_021,-24.74568838244158,11.103071776514078,high_risk,low_rates,0.12,High Risk (Baseline),Low Rates,high_risk_low_rates
17.100939250340915,10.631068573524386,25.46933283960975,0.7169687161045947,0.5639738879968466,0.4360261120031535,0.8892488410177275,0.5542181977836631,0.12419104751764544,0.11701152422467158,12.06511631256244,13.749785923106147,0.04803653835420763,0.05099998792380309,0.006,0.10503652627801073,0.010628326276197543,11435.906411771655,0.25756545972458683,0.16891891891891891,0.126,0.009601794417968188,0.003,0.1386017944179682,14.43053694872183,hex_022,-17.35162370726116,22.016941285029937,high_risk,low_rates,0.12,High Risk (Baseline),Low Rates,high_risk_low_rates
19.0053725321296,12.37029936288646,26.75237511909391,0.6385279224400155,0.5386567779425457,0.46134322205745415,0.988279371670739,0.6223018535952649,0.13944745838233194,0.08424976596124199,8.371467451517615,10.205745901127193,0.05338609144275204,0.05099998792380309,0.006,0.11038607936655515,0.03796931920129278,11534.287152156292,0.2597812421656822,0.16891891891891891,0.126,0.009601794417968188,0.003,0.1386017944179682,10.921403255197609,hex_023,-18.282546544133627,20.30791199228845,high_risk,low_rates,0.12,High Risk (Baseline),Low Rates,high_risk_low_rates
20.54084801026891,11.852271455611575,33.99559512342889,0.6144944755540751,0.6076209387082598,0.3923790612917402,1.0681240965339833,0.6466406542523718,0.1449013773640922,0.11407255511161868,7.255690753685163,9.229429436947228,0.057699242060845375,0.05099998792380309,0.006,0.11469922998464847,0.006955516990628432,11768.130742302932,0.2650479896915075,0.16891891891891891,0.126,0.009601794417968188,0.003,0.1386017944179682,9.923652886950899,hex_024,-19.659398035114855,20.87231530076869,high_risk,low_rates,0.12,High Risk (Baseline),Low Rates,high_risk_low_rates
23.089580455686416,11.883381352770574,47.03756624695173,0.5910958172366668,0.6812271672164206,0.3187728327835794,1.2006581836956938,0.6722380671958955,0.1506373303514007,0.10268594103174791,4.388987049740859,6.515206572015597,0.06485863150002315,0.05099998792380309,0.006,0.12185861942382625,0.0021433661174618743,12907.063080658188,0.29069961893374296,0.16891891891891891,0.126,0.009601794417968188,0.003,0.1386017944179682,7.237428889827515,hex_025,-26.66433550577639,21.93020643430755,high_risk,low_rates,0.12,High Risk (Baseline),Low Rates,high_risk_low_rates
20.253516800537362,13.417968201809384,27.93734379847742,0.597650783113252,0.5292119448789092,0.47078805512109095,1.0531828736279427,0.6648650364630374,0.14898515722941516,0.07286327173764329,5.316512671458387,7.256409010516426,0.05689212869270945,0.05099998792380309,0.006,0.11389211661651255,0.01782991558795997,12279.274684369639,0.27656024063895585,0.16891891891891891,0.126,0.009601794417968188,0.003,0.1386017944179682,7.972211996696742,hex_026,-23.39934795527559,17.42482085753676,high_risk,low_rates,0.12,High Risk (Baseline),Low Rates,high_risk_low_rates
19.008283434204593,10.590874499454097,33.2949449178501,0.6770481390795704,0.6292555132347423,0.3707444867652577,0.9884307385786388,0.586896391513537,0.1315136852919499,0.10095156525881857,7.214433745918716,9.02222612656166,0.053394268166680706,0.05099998792380309,0.006,0.11039425609048381,0.040234017609001554,13121.59716480899,0.2955314676758782,0.16891891891891891,0.126,0.009601794417968188,0.003,0.1386017944179682,9.775906581273912,hex_027,-28.47435481055325,18.962376743340517,high_risk,low_rates,0.12,High Risk (Baseline),Low Rates,high_risk_low_rates
18.73248004542291,12.031555106373805,26.787086281856517,0.6494005571383933,0.5458703004753137,0.45412969952468635,0.9740889623619914,0.6118829208550782,0.1371127494604774,0.033078555381963415,6.385019178047156,8.141182366106667,0.052619536447592964,0.05099998792380309,0.006,0.10961952437139606,0.036185673879842825,11478.573203289036,0.25852642349750077,0.16891891891891891,0.126,0.009601794417968188,0.003,0.1386017944179682,8.853034701192293,hex_028,-27.148526095189425,12.957157973787204,high_risk,low_rates,0.12,High Risk (Baseline),Low Rates,high_risk_low_rates
18.49459851169282,11.259778954598316,28.318151386648704,0.6672854383397384,0.575878672721364,0.424121327278636,0.9617191226080267,0.595482962576574,0.13343779254639904,0.04115924371376754,0.5684689863406063,2.3002681077853735,0.05195132721934514,0.05099998792380309,0.006,0.10895131514314824,0.030433903484924647,10560.948596130236,0.23785920261554586,0.16891891891891891,0.126,0.009601794417968188,0.003,0.1386017944179682,2.9850332423658794,hex_029,-20.803412561090543,12.603421029503629,high_risk,low_rates,0.12,High Risk (Baseline),Low Rates,high_risk_low_rates
21.037459944871518,14.36095902955177,28.15724459961894,0.6434280202830696,0.5160653292212734,0.4839346707787265,1.093947917133319,0.696475680362293,0.1383854807119501,0.09294222555439545,9.756022011410222,11.77777331517218,0.0590942249851441,0.05819936317489778,0.006,0.12329358816004188,0.03355700641186777,11792.114861531847,0.26558817255702355,0.16891891891891891,0.126,0.009601794417968188,0.003,0.1386017944179682,12.507732795638,hex_000,-19.71252741732844,21.42667018270944,high_risk,moderate_rise,0.13999999999999999,High Risk (Baseline),Moderate Rise,high_risk_moderate_rise
18.475286029523296,11.250578163978243,28.391469588855294,0.7499492215386858,0.5785103769422615,0.42148962305773857,0.9607148735352115,0.5975497477967546,0.11872949972229262,0.08292881991604986,9.280686060505856,11.040609001476165,0.051897078456930944,0.05819936317489778,0.006,0.11609644163182872,0.036365922921936564,12521.435396846739,0.2820143107397914,0.16891891891891891,0.126,0.009601794417968188,0.003,0.1386017944179682,11.782606390106608,hex_001,-23.73345872297537,24.54513625407894,high_risk,moderate_rise,0.13999999999999999,High Risk (Baseline),Moderate Rise,high_risk_moderate_rise
21.960053546280406,16.378011803445595,26.957141214367923,0.6176429832313841,0.47235339260793185,0.527646607392068,1.1419227844065811,0.7255517837283242,0.1441627255677152,0.049180145171915095,1.7628414103432908,3.8236588492178267,0.06168579041150166,0.05819936317489778,0.006,0.12588515358639946,0.005976230267173878,11490.419527904183,0.25879323261045456,0.16891891891891891,0.126,0.009601794417968188,0.003,0.1386017944179682,4.521834179018742,hex_002,-18.69682496106341,15.561555013934129,high_risk,moderate_rise,0.13999999999999999,High Risk (Baseline),Moderate Rise,high_risk_moderate_rise
21.605358233761518,13.296789785142469,32.728083441453386,0.6389966796482585,0.5724130057639996,0.4275869942360005,1.123478628155599,0.7013056287514553,0.13934516207411976,0.10266502056713024,7.088830424267731,9.155624863816035,0.06068945127863611,0.05819936317489778,0.006,0.12488881445353389,0.02261158820309016,11811.938762576297,0.26603465681478145,0.16891891891891891,0.126,0.009601794417968188,0.003,0.1386017944179682,9.876680636624327,hex_003,-20.631583651287634,16.186435884488162,high_risk,moderate_rise,0.13999999999999999,High Risk (Baseline),Moderate Rise,high_risk_moderate_rise
21.587389957773667,12.433263441114288,36.00569491202849,0.6576293033691809,0.6116596402897782,0.38834035971022196,1.1225442778042307,0.6814355228620966,0.13539709291273008,0.09481353097099844,0.9793524207275693,3.0135428452776254,0.06063897839138624,0.05819936317489778,0.006,0.12483834156628403,0.004702876079431683,12995.847200420665,0.2926992612707357,0.16891891891891891,0.126,0.009601794417968188,0.003,0.1386017944179682,3.743304037530964,hex_004,-27.86987182534821,17.57378135786131,high_risk,moderate_rise,0.13999999999999999,High Risk (Baseline),Moderate Rise,high_risk_moderate_rise
20.08240541257499,11.78214296349199,32.55684683071759,0.7005155310898192,0.6004630197315312,0.3995369802684689,1.0442850814538995,0.6397173914097777,0.1271079539833846,0.09690008434652543,7.625254846713079,9.533265357906666,0.056411476803923145,0.05819936317489778,0.006,0.12061083997882094,0.027363706443154584,10069.918866662772,0.22679997447438677,0.16891891891891891,0.126,0.009601794417968188,0.003,0.1386017944179682,10.215560592139916,hex_005,-17.292531780358928,13.65259902718,high_risk,moderate_rise,0.13999999999999999,High Risk (Baseline),Moderate Rise,high_risk_moderate_rise
24.18937243744101,11.60277659090732,58.999560323462056,0.6819110852113919,0.734441984132174,0.265558015867826,1.2578473667469323,0.6571706750476033,0.13057581526601564,0.043098611012822224,5.333919393328443,7.4226118614018155,0.0679479471767718,0.05819936317489778,0.006,0.1321473103516696,0.011644196039473647,10428.773166366575,0.2348822785217697,0.16891891891891891,0.126,0.009601794417968188,0.003,0.1386017944179682,8.108806359651616,hex_006,-19.866323576115764,12.818901074696605,high_risk,moderate_rise,0.13999999999999999,High Risk (Baseline),Moderate Rise,high_risk_moderate_rise
23.26852834484928,11.487885993520662,52.61404824749702,0.6871398449911706,0.71354870705959,0.2864512929404101,1.2099634739321625,0.6521699643201049,0.129582204466043,0.0424522116230555,2.4924861316756117,4.526653986016978,0.06536129612068163,0.05819936317489778,0.006,0.12956065929557942,0.02684840997578929,11673.037630301802,0.2629062529347253,0.16891891891891891,0.126,0.009601794417968188,0.003,0.1386017944179682,5.25349002155996,hex_007,-19.567228336676557,17.65986896716307,high_risk,moderate_rise,0.13999999999999999,High Risk (Baseline),Moderate Rise,high_risk_moderate_rise
25.352667805204366,13.322523396903074,49.82140480559357,0.5953060758744538,0.6703969013845756,0.32960309861542436,1.3183387258706272,0.7527757339492068,0.1495719588610232,0.11358928576407591,2.159689944663407,4.49396564910834,0.07121564386481907,0.05819936317489778,0.006,0.13541500703971687,0.029564986182479405,11539.267657327899,0.25989341570558333,0.16891891891891891,0.126,0.009601794417968188,0.003,0.1386017944179682,5.226359771373007,hex_008,-27.46263640789345,14.176730886712376,high_risk,moderate_rise,0.13999999999999999,High Risk (Baseline),Moderate Rise,high_risk_moderate_rise
24.492670072957658,13.537622901262981,43.74723292112852,0.5937589726597885,0.6373654885153849,0.3626345114846151,1.2736188437937983,0.7547371725321016,0.14996168477512786,0.06668567015350724,10.634157580867722,12.879160952122257,0.06879991023493806,0.05819936317489778,0.006,0.13299927340983586,0.031239544438581485,12379.452466713108,0.27881649699804295,0.16891891891891891,0.126,0.009601794417968188,0.003,0.1386017944179682,13.629736980305603,hex_009,-23.5953687452532,20.377395925555145,high_risk,moderate_rise,0.13999999999999999,High Risk (Baseline),Moderate Rise,high_risk_moderate_rise
18.705866013792985,11.399055093746712,28.71792177126896,0.7405195444893427,0.5781010930969509,0.421898906903049,0.9727050327172353,0.6051588665358494,0.12024138532604578,0.05813395922261316,2.678375390696399,4.434614634498143,0.0525447776327445,0.05819936317489778,0.006,0.11674414080764228,0.004669315057010706,12456.729309961167,0.2805569664405668,0.16891891891891891,0.126,0.009601794417968188,0.003,0.1386017944179682,5.14410577014025,hex_010,-24.550423709209024,17.12012686421263,high_risk,moderate_rise,0.13999999999999999,High Risk (Baseline),Moderate Rise,high_risk_moderate_rise
23.618459088098096,13.035571841772343,42.29329835671882,0.6163183001884834,0.6382874369640643,0.36171256303593585,1.228159872581101,0.7271112476357845,0.1444725815592045,0.0747396880136107,15.93094325779499,18.10542664758469,0.06634425157846756,0.05819936317489778,0.006,0.13054361475336534,0.037163989720059236,11538.857225466014,0.25988417174473,0.16891891891891891,0.126,0.009601794417968188,0.003,0.1386017944179682,18.840539137139732,hex_011,-17.878820133816777,22.657494744809725,high_risk,moderate_rise,0.13999999999999999,High Risk (Baseline),Moderate Rise,high_risk_moderate_rise
24.239574411648697,15.306591616659771,35.51150537274757,0.5653291145485193,0.5578806768082646,0.44211932319173547,1.2604578694057322,0.7926921799325678,0.15750311384815296,0.09016348282957704,11.048012210220277,13.348828856236306,0.0680889645223212,0.05819936317489778,0.006,0.132288327697219,0.009593062471787438,12022.224941390175,0.2707708320132922,0.16891891891891891,0.126,0.009601794417968188,0.003,0.1386017944179682,14.069001791755491,hex_012,-21.273618559032023,20.803711428031487,high_risk,moderate_rise,0.13999999999999999,High Risk (Baseline),Moderate Rise,high_risk_moderate_rise
19.57522663286257,14.964241476733172,23.516351493498775,0.695015754905884,0.4608365482798983,0.5391634517201016,1.0179117849088537,0.6447795823729179,0.12811378053216724,0.11607265824865683,5.48747124937178,7.394349055434376,0.054986811611710956,0.05819936317489778,0.006,0.11918617478660874,0.0018419237111369573,11555.656919022778,0.26026254322123377,0.16891891891891891,0.126,0.009601794417968188,0.003,0.1386017944179682,8.083160410490242,hex_013,-19.12686064075004,15.373132979348576,high_risk,moderate_rise,0.13999999999999999,High Risk (Baseline),Moderate Rise,high_risk_moderate_rise
23.42274988417512,14.477978381645674,35.276593877505654,0.588601580509494,0.5699342821972968,0.43006571780270314,1.217982993977106,0.7613502631150103,0.15127566564353587,0.05685049107906187,10.785041174697602,12.972500588512316,0.06579450442464792,0.05819936317489778,0.006,0.1299938675995457,0.02264440670864409,12454.996842640756,0.28051794690632337,0.16891891891891891,0.126,0.009601794417968188,0.003,0.1386017944179682,13.713177523063715,hex_014,-23.67902961407203,22.651637219532816,high_risk,moderate_rise,0.13999999999999999,High Risk (Baseline),Moderate Rise,high_risk_moderate_rise
18.519111528606913,11.91335657639446,26.515644727929722,0.7367953788400392,0.547621928586724,0.45237807141327613,0.9629937994875595,0.6082176694651951,0.12084915086002743,0.1133455459941144,0.6090176082080636,2.41442377401496,0.052020184283856824,0.05819936317489778,0.006,0.11621954745875461,0.015249916141766962,12854.344331511817,0.28951225971873457,0.16891891891891891,0.126,0.009601794417968188,0.003,0.1386017944179682,3.1429262106711033,hex_015,-26.27313533858268,22.266701004955227,high_risk,moderate_rise,0.13999999999999999,High Risk (Baseline),Moderate Rise,high_risk_moderate_rise
23.032076545249495,12.466333443449615,42.728737038378966,0.6405482785785467,0.6508623953594275,0.3491376046405725,1.197667980352974,0.6996068574023376,0.13900762654144325,0.03370006498768368,15.870418589148892,17.940401118433332,0.06469710301560584,0.05819936317489778,0.006,0.12889646619050363,0.03369762818674228,12090.495969943706,0.2723084677915249,0.16891891891891891,0.126,0.009601794417968188,0.003,0.1386017944179682,18.682824393938994,hex_016,-22.344982555809985,16.42469730642244,high_risk,moderate_rise,0.13999999999999999,High Risk (Baseline),Moderate Rise,high_risk_moderate_rise
20.208935558939075,11.632158953234633,33.739382107642626,0.7027124414364718,0.6120373623679505,0.38796263763204947,1.050864649064832,0.6377174243204674,0.12671057268944147,0.08063502674592399,7.428708115506836,9.324635788327502,0.05676689998505987,0.05819936317489778,0.006,0.12096626315995765,0.03283173147826078,13007.853335711716,0.2929696697232368,0.16891891891891891,0.126,0.009601794417968188,0.003,0.1386017944179682,10.078924166025843,hex_017,-28.23419292674989,15.036593455023418,high_risk,moderate_rise,0.13999999999999999,High Risk (Baseline),Moderate Rise,high_risk_moderate_rise
24.2599171594103,13.470441227242201,42.986753202281264,0.597693023762893,0.634457179430398,0.365542820569602,1.2615156922893356,0.7497694474824416,0.14897462802867492,0.08760679738377602,13.95362134318437,16.2014879083686,0.06814610730078353,0.05819936317489778,0.006,0.13234547047568132,0.013087678461453754,11665.693610489972,0.26274084708310746,0.16891891891891891,0.126,0.009601794417968188,0.003,0.1386017944179682,16.91718261772573,hex_018,-19.06842593608901,20.554937055649656,high_risk,moderate_rise,0.13999999999999999,High Risk (Baseline),Moderate Rise,high_risk_moderate_rise
21.378880385474847,12.440103647130421,35.09392734462103,0.6606155945342236,0.605418632293206,0.394581367706794,1.111701780044692,0.6783551158927393,0.1347850347874253,0.040871920231941666,1.6212224229442127,3.586936273901011,0.06005327500279885,0.05819936317489778,0.006,0.12425263817769663,0.03864696892341204,10654.12098558496,0.2399576798555171,0.16891891891891891,0.126,0.009601794417968188,0.003,0.1386017944179682,4.297314274194524,hex_019,-21.420027210535224,12.956534770530338,high_risk,moderate_rise,0.13999999999999999,High Risk (Baseline),Moderate Rise,high_risk_moderate_rise
18.167517743130112,11.725059093969326,25.91089068370383,0.75056209656718,0.5458525918337536,0.4541474081662464,0.9447109226427658,0.5970618157250678,0.11863255058795955,0.043920054340156264,7.01536571631226,8.71969105960821,0.051032557340452485,0.05819936317489778,0.006,0.11523192051535028,0.012033521195498014,10447.282428416382,0.2352991537931617,0.16891891891891891,0.126,0.009601794417968188,0.003,0.1386017944179682,9.389776368449107,hex_020,-19.902947118975515,13.798714834651516,high_risk,moderate_rise,0.13999999999999999,High Risk (Baseline),Moderate Rise,high_risk_moderate_rise
26.777364911848178,13.249564600621124,60.21602994143862,0.5957409897590636,0.7119689503337961,0.28803104966620396,1.3924229754161053,0.7522261786486318,0.14946276556599197,0.06859161725949289,8.909089226749115,11.271792763639338,0.07521761803738154,0.05819936317489778,0.006,0.13941698121227933,0.021044526479247982,11112.489351451946,0.2502812916993682,0.16891891891891891,0.126,0.009601794417968188,0.003,0.1386017944179682,11.99005627636712,hex_021,-24.74568838244158,11.103071776514078,high_risk,moderate_rise,0.13999999999999999,High Risk (Baseline),Moderate Rise,high_risk_moderate_rise
19.16889367867084,11.973824155915661,28.475288918427733,0.7169687161045947,0.5639738879968466,0.4360261120031535,0.9967824712908837,0.6250369899339354,0.12419104751764544,0.11701152422467158,13.878536787063018,15.741558820030153,0.05384542234338639,0.05819936317489778,0.006,0.11804478551828418,0.010628326276197543,11435.906411771655,0.25756545972458683,0.16891891891891891,0.126,0.009601794417968188,0.003,0.1386017944179682,16.43531810488611,hex_022,-17.35162370726116,22.016941285029937,high_risk,moderate_rise,0.13999999999999999,High Risk (Baseline),Moderate Rise,high_risk_moderate_rise
21.303623155357435,13.932728239202177,29.909759143185664,0.6385279224400155,0.5386567779425457,0.46134322205745415,1.1077884040785866,0.7018204724366027,0.13944745838233194,0.08424976596124199,9.629722248646297,11.66302834950506,0.05984187744339904,0.05819936317489778,0.006,0.12404124061829683,0.03796931920129278,11534.287152156292,0.2597812421656822,0.16891891891891891,0.126,0.009601794417968188,0.003,0.1386017944179682,12.392340864827219,hex_023,-18.282546544133627,20.30791199228845,high_risk,moderate_rise,0.13999999999999999,High Risk (Baseline),Moderate Rise,high_risk_moderate_rise
23.024778102216388,13.349270891836941,38.007842576388555,0.6144944755540751,0.6076209387082598,0.3923790612917402,1.1972884613152521,0.7292693197717428,0.1449013773640922,0.11407255511161868,8.346241215737255,10.531772929299962,0.06467660168912584,0.05819936317489778,0.006,0.1288759648640236,0.006955516990628432,11768.130742302932,0.2650479896915075,0.16891891891891891,0.126,0.009601794417968188,0.003,0.1386017944179682,11.240173114183008,hex_024,-19.659398035114855,20.87231530076869,high_risk,moderate_rise,0.13999999999999999,High Risk (Baseline),Moderate Rise,high_risk_moderate_rise
25.88171949861442,13.384310120068255,52.58906062975451,0.5910958172366668,0.6812271672164206,0.3187728327835794,1.3458494139279498,0.7581376066672252,0.1506373303514007,0.10268594103174791,5.048663987130247,7.4059742791085705,0.07270175007160791,0.05819936317489778,0.006,0.1369011132465057,0.0021433661174618743,12907.063080658188,0.29069961893374296,0.16891891891891891,0.126,0.009601794417968188,0.003,0.1386017944179682,8.143239090743167,hex_025,-26.66433550577639,21.93020643430755,high_risk,moderate_rise,0.13999999999999999,High Risk (Baseline),Moderate Rise,high_risk_moderate_rise
22.70270097362837,15.112722739673794,31.23458086966047,0.597650783113252,0.5292119448789092,0.47078805512109095,1.1805404506286754,0.7498224395464319,0.14898515722941516,0.07286327173764329,6.115599284599938,8.267810603742104,0.0637718870349221,0.05819936317489778,0.006,0.1279712502098199,0.01782991558795997,12279.274684369639,0.27656024063895585,0.16891891891891891,0.126,0.009601794417968188,0.003,0.1386017944179682,8.997692723515726,hex_026,-23.39934795527559,17.42482085753676,high_risk,moderate_rise,0.13999999999999999,High Risk (Baseline),Moderate Rise,high_risk_moderate_rise
21.306886062240366,11.928553375118888,37.224499833951896,0.6770481390795704,0.6292555132347423,0.3707444867652577,1.107958075236499,0.6618908498885147,0.1315136852919499,0.10095156525881857,8.298783165174195,10.301097340849976,0.05985104294883319,0.05819936317489778,0.006,0.12405040612373097,0.040234017609001554,13121.59716480899,0.2955314676758782,0.16891891891891891,0.126,0.009601794417968188,0.003,0.1386017944179682,11.068433945595475,hex_027,-28.47435481055325,18.962376743340517,high_risk,moderate_rise,0.13999999999999999,High Risk (Baseline),Moderate Rise,high_risk_moderate_rise
20.997730772090577,13.55119893824271,29.948567006531917,0.6494005571383933,0.5458703004753137,0.45412969952468635,1.09188200014871,0.6900701936036576,0.1371127494604774,0.033078555381963415,7.34470528529948,9.296848783894289,0.05898262573880244,0.05819936317489778,0.006,0.12318198891370022,0.036185673879842825,11478.573203289036,0.25852642349750077,0.16891891891891891,0.126,0.009601794417968188,0.003,0.1386017944179682,10.022263583522218,hex_028,-27.148526095189425,12.957157973787204,high_risk,moderate_rise,0.13999999999999999,High Risk (Baseline),Moderate Rise,high_risk_moderate_rise
20.73108308909267,12.681943710964518,31.660332347478647,0.6672854383397384,0.575878672721364,0.424121327278636,1.0780163206328188,0.6715746252545293,0.13343779254639904,0.04115924371376754,0.6539114530556,2.5780994352031144,0.05823361239726132,0.05819936317489778,0.006,0.1224329755721591,0.030433903484924647,10560.948596130236,0.23785920261554586,0.16891891891891891,0.126,0.009601794417968188,0.003,0.1386017944179682,3.276346230212631,hex_029,-20.803412561090543,12.603421029503629,high_risk,moderate_rise,0.13999999999999999,High Risk (Baseline),Moderate Rise,high_risk_moderate_rise
23.372033282497938,16.01755971858839,31.214804322028467,0.6434280202830696,0.5160653292212734,0.4839346707787265,1.2153457306898927,0.7780356118871922,0.1383854807119501,0.09294222555439545,11.059729623614093,13.284438672457522,0.06565204149053672,0.06560504611378765,0.006,0.13725708760432437,0.03355700641186777,11792.114861531847,0.26558817255702355,0.16891891891891891,0.126,0.009601794417968188,0.003,0.1386017944179682,14.028361652367625,hex_000,-19.71252741732844,21.42667018270944,high_risk,extreme_rise,0.16,High Risk (Baseline),Extreme Rise,high_risk_extreme_rise
20.525529275740936,12.548382544601731,31.474463507801246,0.7499492215386858,0.5785103769422615,0.42148962305773857,1.0673275223385288,0.6675250791502808,0.11872949972229262,0.08292881991604986,10.520874023325645,12.457384944452796,0.057656211735556295,0.06560504611378765,0.006,0.12926125784934395,0.036365922921936564,12521.435396846739,0.2820143107397914,0.16891891891891891,0.126,0.009601794417968188,0.003,0.1386017944179682,13.212547149300754,hex_001,-23.73345872297537,24.54513625407894,high_risk,extreme_rise,0.16,High Risk (Baseline),Extreme Rise,high_risk_extreme_rise
24.39700913104874,18.26728852812717,29.884383221899892,0.6176429832313841,0.47235339260793185,0.527646607392068,1.2686444748145347,0.8105166367263045,0.1441627255677152,0.049180145171915095,1.9984117855520436,4.270915767832514,0.06853119864911592,0.06560504611378765,0.006,0.14013624476290357,0.005976230267173878,11490.419527904183,0.25879323261045456,0.16891891891891891,0.126,0.009601794417968188,0.003,0.1386017944179682,4.9833421888099325,hex_002,-18.69682496106341,15.561555013934129,high_risk,extreme_rise,0.16,High Risk (Baseline),Extreme Rise,high_risk_extreme_rise
24.002952497260196,14.830633804522673,36.28198479597727,0.6389966796482585,0.5724130057639996,0.4275869942360005,1.2481535298575301,0.7834311654668816,0.13934516207411976,0.10266502056713024,8.036118383943455,10.309713261909117,0.0674242935648039,0.06560504611378765,0.006,0.13902933967859155,0.02261158820309016,11811.938762576297,0.26603465681478145,0.16891891891891891,0.126,0.009601794417968188,0.003,0.1386017944179682,11.044909559942466,hex_003,-20.631583651287634,16.186435884488162,high_risk,extreme_rise,0.16,High Risk (Baseline),Extreme Rise,high_risk_extreme_rise
23.982990242048885,13.86749584447535,39.91550796745344,0.6576293033691809,0.6116596402897782,0.38834035971022196,1.247115492586542,0.7612341951636994,0.13539709291273008,0.09481353097099844,1.1102243277855426,3.348784639419513,0.06736821958991532,0.06560504611378765,0.006,0.13897326570370297,0.004702876079431683,12995.847200420665,0.2926992612707357,0.16891891891891891,0.126,0.009601794417968188,0.003,0.1386017944179682,4.09268075581027,hex_004,-27.86987182534821,17.57378135786131,high_risk,extreme_rise,0.16,High Risk (Baseline),Extreme Rise,high_risk_extreme_rise
22.310994241951768,13.141265715077337,36.09215381738224,0.7005155310898192,0.6004630197315312,0.3995369802684689,1.160171700581492,0.7146307130228567,0.1271079539833846,0.09690008434652543,8.644225773288237,10.743036225222497,0.06267158282564252,0.06560504611378765,0.006,0.13427662893943015,0.027363706443154584,10069.918866662772,0.22679997447438677,0.16891891891891891,0.126,0.009601794417968188,0.003,0.1386017944179682,11.438997248416355,hex_005,-17.292531780358928,13.65259902718,high_risk,extreme_rise,0.16,High Risk (Baseline),Extreme Rise,high_risk_extreme_rise
26.87372045732313,12.9412086312524,65.4062482593736,0.6819110852113919,0.734441984132174,0.265558015867826,1.3974334637808028,0.7341278420647966,0.13057581526601564,0.043098611012822224,6.046696722841557,8.351932454965993,0.07548828076462068,0.06560504611378765,0.006,0.14709332687840831,0.011644196039473647,10428.773166366575,0.2348822785217697,0.16891891891891891,0.126,0.009601794417968188,0.003,0.1386017944179682,9.053072969742532,hex_006,-19.866323576115764,12.818901074696605,high_risk,extreme_rise,0.16,High Risk (Baseline),Extreme Rise,high_risk_extreme_rise
25.85068826444225,12.813064890924318,58.32734147067822,0.6871398449911706,0.71354870705959,0.2864512929404101,1.344235789750997,0.728541529232285,0.129582204466043,0.0424522116230555,2.825559708116669,5.07037144318905,0.07261458333481828,0.06560504611378765,0.006,0.14421962944860595,0.02684840997578929,11673.037630301802,0.2629062529347253,0.16891891891891891,0.126,0.009601794417968188,0.003,0.1386017944179682,5.811866448885058,hex_007,-19.567228336676557,17.65986896716307,high_risk,extreme_rise,0.16,High Risk (Baseline),Extreme Rise,high_risk_extreme_rise
28.16610927821635,14.859335903198833,55.23144839521047,0.5953060758744538,0.6703969013845756,0.32960309861542436,1.4646376824672502,0.840928614294671,0.1495719588610232,0.11358928576407591,2.4482916121837173,5.017019153570738,0.07911860096250974,0.06560504611378765,0.006,0.15072364707629737,0.029564986182479405,11539.267657327899,0.25989341570558333,0.16891891891891891,0.126,0.009601794417968188,0.003,0.1386017944179682,5.764721915871986,hex_008,-27.46263640789345,14.176730886712376,high_risk,extreme_rise,0.16,High Risk (Baseline),Extreme Rise,high_risk_extreme_rise
27.21067570051189,15.09924809495662,48.49768983722609,0.5937589726597885,0.6373654885153849,0.3626345114846151,1.4149551364266182,0.8431197447405006,0.14996168477512786,0.06668567015350724,12.0552113844916,14.529933620587354,0.0764347880427379,0.06560504611378765,0.006,0.14803983415652555,0.031239544438581485,12379.452466713108,0.27881649699804295,0.16891891891891891,0.126,0.009601794417968188,0.003,0.1386017944179682,15.29555020951739,hex_009,-23.5953687452532,20.377395925555145,high_risk,extreme_rise,0.16,High Risk (Baseline),Extreme Rise,high_risk_extreme_rise
20.781697229512506,12.713986950582223,31.8363647214832,0.7405195444893427,0.5781010930969509,0.421898906903049,1.0806482559346502,0.6760252544198816,0.12024138532604578,0.05813395922261316,3.036289546804958,4.971338401708149,0.05837578751770063,0.06560504611378765,0.006,0.12998083363148827,0.004669315057010706,12456.729309961167,0.2805569664405668,0.16891891891891891,0.126,0.009601794417968188,0.003,0.1386017944179682,5.694066230174101,hex_010,-24.550423709209024,17.12012686421263,high_risk,extreme_rise,0.16,High Risk (Baseline),Extreme Rise,high_risk_extreme_rise
26.239451594198435,14.539283206078105,46.88587434993595,0.6163183001884834,0.6382874369640643,0.36171256303593585,1.3644514828983185,0.8122587197446602,0.1444725815592045,0.0747396880136107,18.05981217285939,20.455734645075186,0.07370661952810341,0.06560504611378765,0.006,0.14531166564189107,0.037163989720059236,11538.857225466014,0.25988417174473,0.16891891891891891,0.126,0.009601794417968188,0.003,0.1386017944179682,21.205615185518756,hex_011,-17.878820133816777,22.657494744809725,high_risk,extreme_rise,0.16,High Risk (Baseline),Extreme Rise,high_risk_extreme_rise
26.92949345535159,17.072275243134975,39.36765500861471,0.5653291145485193,0.5578806768082646,0.44211932319173547,1.4003336596782825,0.8855194267963673,0.15750311384815296,0.09016348282957704,12.524369848747531,15.05788953189991,0.07564494711608262,0.06560504611378765,0.006,0.14724999322987026,0.009593062471787438,12022.224941390175,0.2707708320132922,0.16891891891891891,0.126,0.009601794417968188,0.003,0.1386017944179682,15.793024132951746,hex_012,-21.273618559032023,20.803711428031487,high_risk,extreme_rise,0.16,High Risk (Baseline),Extreme Rise,high_risk_extreme_rise
21.747532714244613,16.690433487326235,26.069962479479983,0.695015754905884,0.4608365482798983,0.5391634517201016,1.1308717011407199,0.7202857056587058,0.12811378053216724,0.11607265824865683,6.2207678769510135,8.316111722531263,0.061088819394313126,0.06560504611378765,0.006,0.13269386550810078,0.0018419237111369573,11555.656919022778,0.26026254322123377,0.16891891891891891,0.126,0.009601794417968188,0.003,0.1386017944179682,9.01843076830862,hex_013,-19.12686064075004,15.373132979348576,high_risk,extreme_rise,0.16,High Risk (Baseline),Extreme Rise,high_risk_extreme_rise
26.022024108191786,16.148077774975683,39.10723477001399,0.588601580509494,0.5699342821972968,0.43006571780270314,1.353145253625973,0.8505072531965926,0.15127566564353587,0.05685049107906187,12.226257713666135,14.638036377211298,0.07309586571991074,0.06560504611378765,0.006,0.14470091183369838,0.02264440670864409,12454.996842640756,0.28051794690632337,0.16891891891891891,0.126,0.009601794417968188,0.003,0.1386017944179682,15.39342035599685,hex_014,-23.67902961407203,22.651637219532816,high_risk,extreme_rise,0.16,High Risk (Baseline),Extreme Rise,high_risk_extreme_rise
20.574218187134644,13.28761540357879,29.39494518813653,0.7367953788400392,0.547621928586724,0.45237807141327613,1.0698593457310015,0.679442254719932,0.12084915086002743,0.1133455459941144,0.6904012798375907,2.673897577142666,0.05779297888766122,0.06560504611378765,0.006,0.12939802500144887,0.015249916141766962,12854.344331511817,0.28951225971873457,0.16891891891891891,0.126,0.009601794417968188,0.003,0.1386017944179682,3.415578491341504,hex_015,-26.27313533858268,22.266701004955227,high_risk,extreme_rise,0.16,High Risk (Baseline),Extreme Rise,high_risk_extreme_rise
25.58799688704049,13.90438061910704,47.3685967695312,0.6405482785785467,0.6508623953594275,0.3491376046405725,1.3305758381261055,0.7815334615795332,0.13900762654144325,0.03370006498768368,17.991199528279274,20.27601651951404,0.07187668325569674,0.06560504611378765,0.006,0.1434817293694844,0.03369762818674228,12090.495969943706,0.2723084677915249,0.16891891891891891,0.126,0.009601794417968188,0.003,0.1386017944179682,21.03302505819868,hex_016,-22.344982555809985,16.42469730642244,high_risk,extreme_rise,0.16,High Risk (Baseline),Extreme Rise,high_risk_extreme_rise
22.45156571777681,12.9739803801504,37.403099110431626,0.7027124414364718,0.6120373623679505,0.38796263763204947,1.1674814173243941,0.7123965422370567,0.12671057268944147,0.08063502674592399,8.421414293055427,10.508637852052244,0.06306644810123506,0.06560504611378765,0.006,0.13467149421502272,0.03283173147826078,13007.853335711716,0.2929696697232368,0.16891891891891891,0.126,0.009601794417968188,0.003,0.1386017944179682,11.276631460805651,hex_017,-28.23419292674989,15.036593455023418,high_risk,extreme_rise,0.16,High Risk (Baseline),Extreme Rise,high_risk_extreme_rise
26.952093682707346,15.024316715136637,47.65463058365802,0.597693023762893,0.634457179430398,0.365542820569602,1.401508871500782,0.8375702803332309,0.14897462802867492,0.08760679738377602,15.818258624818624,18.293919202065087,0.07570843115472493,0.06560504611378765,0.006,0.14731347726851257,0.013087678461453754,11665.693610489972,0.26274084708310746,0.16891891891891891,0.126,0.009601794417968188,0.003,0.1386017944179682,19.02458191821505,hex_018,-19.06842593608901,20.554937055649656,high_risk,extreme_rise,0.16,High Risk (Baseline),Extreme Rise,high_risk_extreme_rise
23.751341902550777,13.875125098769953,38.904732708421854,0.6606155945342236,0.605418632293206,0.394581367706794,1.2350697789326404,0.7577930609089919,0.1347850347874253,0.040871920231941666,1.8378681020330874,4.006387896894087,0.06671751940426514,0.06560504611378765,0.006,0.13832256551805278,0.03864696892341204,10654.12098558496,0.2399576798555171,0.16891891891891891,0.126,0.009601794417968188,0.003,0.1386017944179682,4.730835824527956,hex_019,-21.420027210535224,12.956534770530338,high_risk,extreme_rise,0.16,High Risk (Baseline),Extreme Rise,high_risk_extreme_rise
20.18360726368585,13.07759696655115,28.724521664034956,0.75056209656718,0.5458525918337536,0.4541474081662464,1.0495475777116643,0.6669800083909446,0.11863255058795955,0.043920054340156264,7.952836508819044,9.831916699849769,0.05669575280369356,0.06560504611378765,0.006,0.1283007989174812,0.012033521195498014,10447.282428416382,0.2352991537931617,0.16891891891891891,0.126,0.009601794417968188,0.003,0.1386017944179682,10.515070887092797,hex_020,-19.902947118975515,13.798714834651516,high_risk,extreme_rise,0.16,High Risk (Baseline),Extreme Rise,high_risk_extreme_rise
29.748908165592248,14.777960984292811,66.75481278082343,0.5957409897590636,0.7119689503337961,0.28803104966620396,1.546943224610797,0.8403147039937022,0.14946276556599197,0.06859161725949289,10.099620308898388,12.704932620328371,0.08356468303714863,0.06560504611378765,0.006,0.1551697291509363,0.021044526479247982,11112.489351451946,0.2502812916993682,0.16891891891891891,0.126,0.009601794417968188,0.003,0.1386017944179682,13.43894888099481,hex_021,-24.74568838244158,11.103071776514078,high_risk,extreme_rise,0.16,High Risk (Baseline),Extreme Rise,high_risk_extreme_rise
21.296108095776837,13.35505818814675,31.567384672787774,0.7169687161045947,0.5639738879968466,0.4360261120031535,1.1073976209803957,0.6982311811123312,0.12419104751764544,0.11701152422467158,15.733140439492674,17.77997181332772,0.059820767641037144,0.06560504611378765,0.006,0.1314258137548248,0.010628326276197543,11435.906411771655,0.25756545972458683,0.16891891891891891,0.126,0.009601794417968188,0.003,0.1386017944179682,18.487112126420215,hex_022,-17.35162370726116,22.016941285029937,high_risk,extreme_rise,0.16,High Risk (Baseline),Extreme Rise,high_risk_extreme_rise
23.6677332115937,15.539930596212363,33.15762221230189,0.6385279224400155,0.5386567779425457,0.46134322205745415,1.2307221270028725,0.7840062992912121,0.13944745838233194,0.08424976596124199,10.916552289034291,13.15497793967195,0.0664826625913667,0.06560504611378765,0.006,0.13808770870515436,0.03796931920129278,11534.287152156292,0.2597812421656822,0.16891891891891891,0.126,0.009601794417968188,0.003,0.1386017944179682,13.898336923080965,hex_023,-18.282546544133627,20.30791199228845,high_risk,extreme_rise,0.16,High Risk (Baseline),Extreme Rise,high_risk_extreme_rise
25.579888519684012,14.889168840995273,42.13506632465334,0.6144944755540751,0.6076209387082598,0.3923790612917402,1.3301542030235687,0.8146695102749535,0.1449013773640922,0.11407255511161868,9.461558318704054,11.865355964478287,0.0718539068517924,0.06560504611378765,0.006,0.14345895296558003,0.006955516990628432,11768.130742302932,0.2650479896915075,0.16891891891891891,0.126,0.009601794417968188,0.003,0.1386017944179682,12.588339137462889,hex_024,-19.659398035114855,20.87231530076869,high_risk,extreme_rise,0.16,High Risk (Baseline),Extreme Rise,high_risk_extreme_rise
28.753871005104674,14.92825000051487,58.299640479001056,0.5910958172366668,0.6812271672164206,0.3187728327835794,1.495201292265443,0.8469183825502613,0.1506373303514007,0.10268594103174791,5.723322332896919,8.318765279095771,0.08076962365333903,0.06560504611378765,0.006,0.15237466976712669,0.0021433661174618743,12907.063080658188,0.29069961893374296,0.16891891891891891,0.126,0.009601794417968188,0.003,0.1386017944179682,9.07150364725099,hex_025,-26.66433550577639,21.93020643430755,high_risk,extreme_rise,0.16,High Risk (Baseline),Extreme Rise,high_risk_extreme_rise
25.222069781651165,16.85604272632962,34.62630466122456,0.597650783113252,0.5292119448789092,0.47078805512109095,1.3115476286458605,0.8376294779679716,0.14898515722941516,0.07286327173764329,6.932833330525283,9.303858866106173,0.07084879401665813,0.06560504611378765,0.006,0.14245384013044576,0.01782991558795997,12279.274684369639,0.27656024063895585,0.16891891891891891,0.126,0.009601794417968188,0.003,0.1386017944179682,10.04822357580042,hex_026,-23.39934795527559,17.42482085753676,high_risk,extreme_rise,0.16,High Risk (Baseline),Extreme Rise,high_risk_extreme_rise
23.671358210451235,13.304565220829783,41.26666138056402,0.6770481390795704,0.6292555132347423,0.3707444867652577,1.2309106269434642,0.7394007671993148,0.1315136852919499,0.10095156525881857,9.407758398298238,11.610535042991785,0.06649284521315753,0.06560504611378765,0.006,0.13809789132694517,0.040234017609001554,13121.59716480899,0.2955314676758782,0.16891891891891891,0.126,0.009601794417968188,0.003,0.1386017944179682,12.391919132940497,hex_027,-28.47435481055325,18.962376743340517,high_risk,extreme_rise,0.16,High Risk (Baseline),Extreme Rise,high_risk_extreme_rise
23.327895275773002,15.11439018836536,33.20064417264405,0.6494005571383933,0.5458703004753137,0.45412969952468635,1.2130505543401962,0.7708800184469478,0.1371127494604774,0.033078555381963415,8.326186075178802,10.480307952808387,0.06552805782964637,0.06560504611378765,0.006,0.13713310394343403,0.036185673879842825,11478.573203289036,0.25852642349750077,0.16891891891891891,0.126,0.009601794417968188,0.003,0.1386017944179682,11.21967386746605,hex_028,-27.148526095189425,12.957157973787204,high_risk,extreme_rise,0.16,High Risk (Baseline),Extreme Rise,high_risk_extreme_rise
23.031657111181882,14.144862492828294,35.098287955715264,0.6672854383397384,0.575878672721364,0.424121327278636,1.197646169781458,0.7502185492191494,0.13343779254639904,0.04115924371376754,0.7412943369870654,2.863756092247839,0.06469592482530992,0.06560504611378765,0.006,0.13630097093909757,0.030433903484924647,10560.948596130236,0.23785920261554586,0.16891891891891891,0.126,0.009601794417968188,0.003,0.1386017944179682,3.575870882624294,hex_029,-20.803412561090543,12.603421029503629,high_risk,extreme_rise,0.16,High Risk (Baseline),Extreme Rise,high_risk_extreme_rise
14.503195653000727,9.724280218139459,19.599405360901496,0.6434280202830696,0.5160653292212734,0.4839346707787265,0.7541661739560378,0.46982889598552063,0.1383854807119501,0.09294222555439545,6.068525493440913,7.523848269648817,0.040739476589279046,0.03747151162078725,0.006,0.0842109882100663,0.03355700641186777,11792.114861531847,0.26558817255702355,0.16891891891891891,0.126,0.009601794417968188,0.003,0.1386017944179682,8.21472515016466,hex_000,-19.71252741732844,21.42667018270944,moderate_derisk,low_rates,0.08,Moderate De-risking,Low Rates,moderate_derisk_low_rates
12.736836516076075,7.618138486258188,19.76244228354691,0.7499492215386858,0.5785103769422615,0.42148962305773857,0.6623154988359559,0.4030953933061049,0.11872949972229262,0.08292881991604986,5.772852899361234,7.039922111141637,0.03577777377365769,0.03747151162078725,0.006,0.07924928539444495,0.036365922921936564,12521.435396846739,0.2820143107397914,0.16891891891891891,0.126,0.009601794417968188,0.003,0.1386017944179682,7.745072343534697,hex_001,-23.73345872297537,24.54513625407894,moderate_derisk,low_rates,0.08,Moderate De-risking,Low Rates,moderate_derisk_low_rates
15.139230399804918,11.090093347176094,18.764049733709083,0.6176429832313841,0.47235339260793185,0.527646607392068,0.7872399807898558,0.4894430676345827,0.1441627255677152,0.049180145171915095,1.0965379154587651,2.566563834622834,0.04252609819305202,0.03747151162078725,0.006,0.08599760981383928,0.005976230267173878,11490.419527904183,0.25879323261045456,0.16891891891891891,0.126,0.009601794417968188,0.003,0.1386017944179682,3.224851620651189,hex_002,-18.69682496106341,15.561555013934129,moderate_derisk,low_rates,0.08,Moderate De-risking,Low Rates,moderate_derisk_low_rates
14.894703944227865,9.003696034947566,22.781027873129812,0.6389966796482585,0.5724130057639996,0.4275869942360005,0.774524605099849,0.473087084868967,0.13934516207411976,0.10266502056713024,4.409455831284045,5.89907770389411,0.04183922337933607,0.03747151162078725,0.006,0.08531073500012332,0.02261158820309016,11811.938762576297,0.26603465681478145,0.16891891891891891,0.126,0.009601794417968188,0.003,0.1386017944179682,6.580555397248993,hex_003,-20.631583651287634,16.186435884488162,moderate_derisk,low_rates,0.08,Moderate De-risking,Low Rates,moderate_derisk_low_rates
14.88231663972999,8.418973794058504,25.06247397131128,0.6576293033691809,0.6116596402897782,0.38834035971022196,0.7738804652659594,0.45968309937983026,0.13539709291273008,0.09481353097099844,0.6091852934830801,2.0729594820125987,0.04180442744100154,0.03747151162078725,0.006,0.08527593906178879,0.004702876079431683,12995.847200420665,0.2926992612707357,0.16891891891891891,0.126,0.009601794417968188,0.003,0.1386017944179682,2.763158271761442,hex_004,-27.86987182534821,17.57378135786131,moderate_derisk,low_rates,0.08,Moderate De-risking,Low Rates,moderate_derisk_low_rates
13.844782385549287,7.978078588721675,22.661835253462645,0.7005155310898192,0.6004630197315312,0.3995369802684689,0.7199286840485629,0.43154086240663675,0.1271079539833846,0.09690008434652543,4.743127206677279,6.1186047914623884,0.03888999372100795,0.03747151162078725,0.006,0.0823615053417952,0.027363706443154584,10069.918866662772,0.22679997447438677,0.16891891891891891,0.126,0.009601794417968188,0.003,0.1386017944179682,6.762650691058614,hex_005,-17.292531780358928,13.65259902718,moderate_derisk,low_rates,0.08,Moderate De-risking,Low Rates,moderate_derisk_low_rates
16.676119745579513,7.856623686919133,41.067807427085484,0.6819110852113919,0.734441984132174,0.265558015867826,0.8671582267701345,0.443314506790912,0.13057581526601564,0.043098611012822224,3.3178508392575514,4.801997999097436,0.04684322036533285,0.03747151162078725,0.006,0.09031473198612011,0.011644196039473647,10428.773166366575,0.2348822785217697,0.16891891891891891,0.126,0.009601794417968188,0.003,0.1386017944179682,5.446359918981687,hex_006,-19.866323576115764,12.818901074696605,moderate_derisk,low_rates,0.08,Moderate De-risking,Low Rates,moderate_derisk_low_rates
16.04129110772281,7.778827464458064,36.62304582511168,0.6871398449911706,0.71354870705959,0.2864512929404101,0.8341471376015861,0.43994112496798693,0.129582204466043,0.0424522116230555,1.5503978583105895,2.9965205369692614,0.04505998672159337,0.03747151162078725,0.006,0.08853149834238062,0.02684840997578929,11673.037630301802,0.2629062529347253,0.16891891891891891,0.126,0.009601794417968188,0.003,0.1386017944179682,3.6823274115590436,hex_007,-19.567228336676557,17.65986896716307,moderate_derisk,low_rates,0.08,Moderate De-risking,Low Rates,moderate_derisk_low_rates
17.47809395563686,9.021121114377847,34.679171286795906,0.5953060758744538,0.6703969013845756,0.32960309861542436,0.9088608856931168,0.5078078129333541,0.1495719588610232,0.11358928576407591,1.3433890854068917,3.0232190286584615,0.04909596592138395,0.03747151162078725,0.006,0.0925674775421712,0.029564986182479405,11539.267657327899,0.25989341570558333,0.16891891891891891,0.126,0.009601794417968188,0.003,0.1386017944179682,3.712765621425582,hex_008,-27.46263640789345,14.176730886712376,moderate_derisk,low_rates,0.08,Moderate De-risking,Low Rates,moderate_derisk_low_rates
16.885212714051818,9.166772101256536,30.45112416470525,0.5937589726597885,0.6373654885153849,0.3626345114846151,0.8780310611306945,0.5091309611062601,0.14996168477512786,0.06668567015350724,6.614751002538529,8.218560379704119,0.047430562513771556,0.03747151162078725,0.006,0.09090207413455881,0.031239544438581485,12379.452466713108,0.27881649699804295,0.16891891891891891,0.126,0.009601794417968188,0.003,0.1386017944179682,8.92703920861219,hex_009,-23.5953687452532,20.377395925555145,moderate_derisk,low_rates,0.08,Moderate De-risking,Low Rates,moderate_derisk_low_rates
12.895798036824894,7.718677124940083,19.98967576271209,0.7405195444893427,0.5781010930969509,0.421898906903049,0.6705814979148945,0.408228356247111,0.12024138532604578,0.05813395922261316,1.666026308718465,2.923211507429129,0.03622429668544113,0.03747151162078725,0.006,0.07969580830622838,0.004669315057010706,12456.729309961167,0.2805569664405668,0.16891891891891891,0.126,0.009601794417968188,0.003,0.1386017944179682,3.595654310569822,hex_010,-24.550423709209024,17.12012686421263,moderate_derisk,low_rates,0.08,Moderate De-risking,Low Rates,moderate_derisk_low_rates
16.282532875865773,8.826816728063529,29.43908433974038,0.6163183001884834,0.6382874369640643,0.36171256303593585,0.8466917095450202,0.4904950515395918,0.1444725815592045,0.0747396880136107,9.909503605200964,11.465902635858392,0.04573763484830695,0.03747151162078725,0.006,0.0892091464690942,0.037163989720059236,11538.857225466014,0.25988417174473,0.16891891891891891,0.126,0.009601794417968188,0.003,0.1386017944179682,12.159680657129162,hex_011,-17.878820133816777,22.657494744809725,moderate_derisk,low_rates,0.08,Moderate De-risking,Low Rates,moderate_derisk_low_rates
16.71072891683921,10.364599311141522,24.718483597138984,0.5653291145485193,0.5578806768082646,0.44211932319173547,0.868957903675639,0.5347346680652846,0.15750311384815296,0.09016348282957704,6.8721804513309985,8.523539619749652,0.046940437527401346,0.03747151162078725,0.006,0.09041194914818859,0.009593062471787438,12022.224941390175,0.2707708320132922,0.16891891891891891,0.126,0.009601794417968188,0.003,0.1386017944179682,9.201836176719807,hex_012,-21.273618559032023,20.803711428031487,moderate_derisk,low_rates,0.08,Moderate De-risking,Low Rates,moderate_derisk_low_rates
13.495134039575248,10.132782711253247,16.369020196555784,0.695015754905884,0.4608365482798983,0.5391634517201016,0.7017469700579129,0.43495571759618606,0.12811378053216724,0.11607265824865683,3.413364497577954,4.794253624012877,0.037907831517166875,0.03747151162078725,0.006,0.08137934313795413,0.0018419237111369573,11555.656919022778,0.26026254322123377,0.16891891891891891,0.126,0.009601794417968188,0.003,0.1386017944179682,5.4452581474200885,hex_013,-19.12686064075004,15.373132979348576,moderate_derisk,low_rates,0.08,Moderate De-risking,Low Rates,moderate_derisk_low_rates
16.147611222632634,9.803517890802171,24.554968818450583,0.588601580509494,0.5699342821972968,0.43006571780270314,0.839675783576897,0.5135920228995507,0.15127566564353587,0.05685049107906187,6.708604925236503,8.269998888435548,0.04535863992437507,0.03747151162078725,0.006,0.08883015154516233,0.02264440670864409,12454.996842640756,0.28051794690632337,0.16891891891891891,0.126,0.009601794417968188,0.003,0.1386017944179682,8.969512106932564,hex_014,-23.67902961407203,22.651637219532816,moderate_derisk,low_rates,0.08,Moderate De-risking,Low Rates,moderate_derisk_low_rates
12.767049754245786,8.066927664725057,18.45673739806836,0.7367953788400392,0.547621928586724,0.45237807141327613,0.6638865872207809,0.4102917649831981,0.12084915086002743,0.1133455459941144,0.37882641890747587,1.6871994679655966,0.03586264275967642,0.03747151162078725,0.006,0.07933415438046368,0.015249916141766962,12854.344331511817,0.28951225971873457,0.16891891891891891,0.126,0.009601794417968188,0.003,0.1386017944179682,2.378816511543449,hex_015,-26.27313533858268,22.266701004955227,moderate_derisk,low_rates,0.08,Moderate De-risking,Low Rates,moderate_derisk_low_rates
15.878281565644716,8.441366586131895,29.742180020906183,0.6405482785785467,0.6508623953594275,0.3491376046405725,0.8256706414135252,0.4719411268836536,0.13900762654144325,0.03370006498768368,9.871855525457873,11.342174985284178,0.04460209291789601,0.03747151162078725,0.006,0.08807360453868326,0.03369762818674228,12090.495969943706,0.2723084677915249,0.16891891891891891,0.126,0.009601794417968188,0.003,0.1386017944179682,12.043775399138015,hex_016,-22.344982555809985,16.42469730642244,moderate_derisk,low_rates,0.08,Moderate De-risking,Low Rates,moderate_derisk_low_rates
13.932012092630366,7.876519456007656,23.484962252413858,0.7027124414364718,0.6120373623679505,0.38796263763204947,0.724464628816779,0.4301917236555332,0.12671057268944147,0.08063502674592399,4.620869502914149,5.982871454821827,0.0391350219681987,0.03747151162078725,0.006,0.08260653358898595,0.03283173147826078,13007.853335711716,0.2929696697232368,0.16891891891891891,0.126,0.009601794417968188,0.003,0.1386017944179682,6.698800102949198,hex_017,-28.23419292674989,15.036593455023418,moderate_derisk,low_rates,0.08,Moderate De-risking,Low Rates,moderate_derisk_low_rates
16.724753178878416,9.121281168348961,29.921777259836816,0.597693023762893,0.634457179430398,0.365542820569602,0.8696871653016777,0.5057798307775927,0.14897462802867492,0.08760679738377602,8.679552664795137,10.291601086286859,0.04697983167946948,0.03747151162078725,0.006,0.09045134330025673,0.013087678461453754,11665.693610489972,0.26274084708310746,0.16891891891891891,0.126,0.009601794417968188,0.003,0.1386017944179682,10.965401668468562,hex_018,-19.06842593608901,20.554937055649656,moderate_derisk,low_rates,0.08,Moderate De-risking,Low Rates,moderate_derisk_low_rates
14.738570430325542,8.423605523730165,24.427820176075095,0.6606155945342236,0.605418632293206,0.394581367706794,0.7664056623769282,0.45760511698014855,0.1347850347874253,0.040871920231941666,1.0084468436693155,2.408114578045759,0.04140064433878445,0.03747151162078725,0.006,0.0848721559595717,0.03864696892341204,10654.12098558496,0.2399576798555171,0.16891891891891891,0.126,0.009601794417968188,0.003,0.1386017944179682,3.0791120961211473,hex_019,-21.420027210535224,12.956534770530338,moderate_derisk,low_rates,0.08,Moderate De-risking,Low Rates,moderate_derisk_low_rates
12.52466148710176,7.939425213133608,18.035786419910924,0.75056209656718,0.5458525918337536,0.4541474081662464,0.6512823973292915,0.4027662438569277,0.11863255058795955,0.043920054340156264,4.3637586759706855,5.58035992208502,0.035181774117268846,0.03747151162078725,0.006,0.0786532857380561,0.012033521195498014,10447.282428416382,0.2352991537931617,0.16891891891891891,0.126,0.009601794417968188,0.003,0.1386017944179682,6.213866596148624,hex_020,-19.902947118975515,13.798714834651516,moderate_derisk,low_rates,0.08,Moderate De-risking,Low Rates,moderate_derisk_low_rates
18.46027816124274,8.971718300961006,41.91455509330657,0.5957409897590636,0.7119689503337961,0.28803104966620396,0.9599344643846226,0.5074370936571005,0.14946276556599197,0.06859161725949289,5.5417090113813465,7.227134952248554,0.05185492135493086,0.03747151162078725,0.006,0.0953264329757181,0.021044526479247982,11112.489351451946,0.2502812916993682,0.16891891891891891,0.126,0.009601794417968188,0.003,0.1386017944179682,7.901307916739776,hex_021,-24.74568838244158,11.103071776514078,moderate_derisk,low_rates,0.08,Moderate De-risking,Low Rates,moderate_derisk_low_rates
13.215008665582985,8.10787226223883,19.820786380802485,0.7169687161045947,0.5639738879968466,0.4360261120031535,0.6871804506103152,0.4216377501911014,0.12419104751764544,0.11701152422467158,8.632847917465414,9.982868690009148,0.03712095934162261,0.03747151162078725,0.006,0.08059247096240986,0.010628326276197543,11435.906411771655,0.25756545972458683,0.16891891891891891,0.126,0.009601794417968188,0.003,0.1386017944179682,10.63917566030923,hex_022,-17.35162370726116,22.016941285029937,moderate_derisk,low_rates,0.08,Moderate De-risking,Low Rates,moderate_derisk_low_rates
14.686688200457677,9.43431099012163,20.819277668318403,0.6385279224400155,0.5386567779425457,0.46134322205745415,0.7637077864237992,0.4734343883671625,0.13944745838233194,0.08424976596124199,5.989963418729315,7.450802817863851,0.04125490715508562,0.03747151162078725,0.006,0.08472641877587286,0.03796931920129278,11534.287152156292,0.2597812421656822,0.16891891891891891,0.126,0.009601794417968188,0.003,0.1386017944179682,8.140800511343585,hex_023,-18.282546544133627,20.30791199228845,moderate_derisk,low_rates,0.08,Moderate De-risking,Low Rates,moderate_derisk_low_rates
15.873250029159376,9.039232727629786,26.456108335190272,0.6144944755540751,0.6076209387082598,0.3923790612917402,0.8254090015162875,0.49195084486832213,0.1449013773640922,0.11407255511161868,5.191601406072218,6.767935184932538,0.044587959331908684,0.03747151162078725,0.006,0.08805947095269594,0.006955516990628432,11768.130742302932,0.2650479896915075,0.16891891891891891,0.126,0.009601794417968188,0.003,0.1386017944179682,7.435518875904258,hex_024,-19.659398035114855,20.87231530076869,moderate_derisk,low_rates,0.08,Moderate De-risking,Low Rates,moderate_derisk_low_rates
17.84282145792013,9.06295894767174,36.60565270102932,0.5910958172366668,0.6812271672164206,0.3187728327835794,0.9278267158118468,0.5114248275837595,0.1506373303514007,0.10268594103174791,3.1404137954879707,4.832988610266725,0.05012048547529765,0.03747151162078725,0.006,0.0935919970960849,0.0021433661174618743,12907.063080658188,0.29069961893374296,0.16891891891891891,0.126,0.009601794417968188,0.003,0.1386017944179682,5.526944305750903,hex_025,-26.66433550577639,21.93020643430755,moderate_derisk,low_rates,0.08,Moderate De-risking,Low Rates,moderate_derisk_low_rates
15.651210504259062,10.233324284069287,21.7414459563497,0.597650783113252,0.5292119448789092,0.47078805512109095,0.8138629462214712,0.5058155781893439,0.14898515722941516,0.07286327173764329,3.8040781501782552,5.345605103556128,0.043964250306463705,0.03747151162078725,0.006,0.08743576192725096,0.01782991558795997,12279.274684369639,0.27656024063895585,0.16891891891891891,0.126,0.009601794417968188,0.003,0.1386017944179682,6.034951735047183,hex_026,-23.39934795527559,17.42482085753676,moderate_derisk,low_rates,0.08,Moderate De-risking,Low Rates,moderate_derisk_low_rates
14.68893764392874,8.077217919638457,25.91084717189647,0.6770481390795704,0.6292555132347423,0.3707444867652577,0.7638247574842946,0.44649864458192634,0.1315136852919499,0.10095156525881857,5.162081137526893,6.604869790143882,0.04126122584179583,0.03747151162078725,0.006,0.08473273746258309,0.040234017609001554,13121.59716480899,0.2955314676758782,0.16891891891891891,0.126,0.009601794417968188,0.003,0.1386017944179682,7.332888726228232,hex_027,-28.47435481055325,18.962376743340517,moderate_derisk,low_rates,0.08,Moderate De-risking,Low Rates,moderate_derisk_low_rates
14.475806416491954,9.175964884800521,20.846290646886768,0.6494005571383933,0.5458703004753137,0.45412969952468635,0.7527419336575817,0.46550787967882906,0.1371127494604774,0.033078555381963415,4.568617333327168,5.95705845150602,0.0406625402239259,0.03747151162078725,0.006,0.08413405184471315,0.036185673879842825,11478.573203289036,0.25852642349750077,0.16891891891891891,0.126,0.009601794417968188,0.003,0.1386017944179682,6.643425314064965,hex_028,-27.148526095189425,12.957157973787204,moderate_derisk,low_rates,0.08,Moderate De-risking,Low Rates,moderate_derisk_low_rates
14.29197987435845,8.587363427631718,22.03779866825086,0.6672854383397384,0.575878672721364,0.424121327278636,0.7431829534666394,0.4530311303778694,0.13343779254639904,0.04115924371376754,0.40675167795642253,1.7775627980610977,0.04014617146707289,0.03747151162078725,0.006,0.08361768308786013,0.030433903484924647,10560.948596130236,0.23785920261554586,0.16891891891891891,0.126,0.009601794417968188,0.003,0.1386017944179682,2.4369943005863153,hex_029,-20.803412561090543,12.603421029503629,moderate_derisk,low_rates,0.08,Moderate De-risking,Low Rates,moderate_derisk_low_rates
16.582434768909987,11.199697116196383,22.322557241204454,0.6434280202830696,0.5160653292212734,0.4839346707787265,0.8622866079833194,0.5418235546131343,0.1383854807119501,0.09294222555439545,7.247137486676452,8.882575355539252,0.04658005926586816,0.04406722887600833,0.006,0.0966472881418765,0.03355700641186777,11792.114861531847,0.26558817255702355,0.16891891891891891,0.126,0.009601794417968188,0.003,0.1386017944179682,9.585888535986907,hex_000,-19.71252741732844,21.42667018270944,moderate_derisk,moderate_rise,0.1,Moderate De-risking,Moderate Rise,moderate_derisk_moderate_rise
14.562842958434688,8.77400092565976,22.508246601221582,0.7499492215386858,0.5785103769422615,0.42148962305773857,0.7572678338386039,0.46486408289375225,0.11872949972229262,0.08292881991604986,6.89404019102305,8.317830427393748,0.040907025870243044,0.04406722887600833,0.006,0.09097425474625137,0.036365922921936564,12521.435396846739,0.2820143107397914,0.16891891891891891,0.126,0.009601794417968188,0.003,0.1386017944179682,9.034705629138614,hex_001,-23.73345872297537,24.54513625407894,moderate_derisk,moderate_rise,0.1,Moderate De-risking,Moderate Rise,moderate_derisk_moderate_rise
17.309654131592893,12.772738309929226,21.37113685566745,0.6176429832313841,0.47235339260793185,0.527646607392068,0.9001020148428305,0.5644433217123773,0.1441627255677152,0.049180145171915095,1.309504432546658,2.9673926398414965,0.048622818455644444,0.04406722887600833,0.006,0.09869004733165278,0.005976230267173878,11490.419527904183,0.25879323261045456,0.16891891891891891,0.126,0.009601794417968188,0.003,0.1386017944179682,3.638372863387665,hex_002,-18.69682496106341,15.561555013934129,moderate_derisk,moderate_rise,0.1,Moderate De-risking,Moderate Rise,moderate_derisk_moderate_rise
17.03007133509105,10.369782262095741,25.946236089686344,0.6389966796482585,0.5724130057639996,0.4275869942360005,0.8855637094247347,0.5455810150365227,0.13934516207411976,0.10266502056713024,5.265847970035197,6.939002877137704,0.04783747038027077,0.04406722887600833,0.006,0.0979046992562791,0.02261158820309016,11811.938762576297,0.26603465681478145,0.16891891891891891,0.126,0.009601794417968188,0.003,0.1386017944179682,7.633074534748743,hex_003,-20.631583651287634,16.186435884488162,moderate_derisk,moderate_rise,0.1,Moderate De-risking,Moderate Rise,moderate_derisk_moderate_rise
17.01590813453076,9.696343010227485,28.544667530926557,0.6576293033691809,0.6116596402897782,0.38834035971022196,0.8848272229955996,0.5301230576274264,0.13539709291273008,0.09481353097099844,0.7274995518276983,2.3726604563344527,0.04779768594989691,0.04406722887600833,0.006,0.09786491482590524,0.004702876079431683,12995.847200420665,0.2926992612707357,0.16891891891891891,0.126,0.009601794417968188,0.003,0.1386017944179682,3.075448221847412,hex_004,-27.86987182534821,17.57378135786131,moderate_derisk,moderate_rise,0.1,Moderate De-risking,Moderate Rise,moderate_derisk_moderate_rise
15.829628606756375,9.188552958009053,25.810482783590782,0.7005155310898192,0.6004630197315312,0.3995369802684689,0.8231406875513315,0.4976684193498122,0.1271079539833846,0.09690008434652543,5.664324063685432,7.209141208916486,0.04446542675637866,0.04406722887600833,0.006,0.094532655632387,0.027363706443154584,10069.918866662772,0.22679997447438677,0.16891891891891891,0.126,0.009601794417968188,0.003,0.1386017944179682,7.865358258803302,hex_005,-17.292531780358928,13.65259902718,moderate_derisk,moderate_rise,0.1,Moderate De-risking,Moderate Rise,moderate_derisk_moderate_rise
19.066878396720078,9.048670305210912,46.7737905911504,0.6819110852113919,0.734441984132174,0.265558015867826,0.9914776766294441,0.511246208850515,0.13057581526601564,0.043098611012822224,3.962234519468191,5.638632831226988,0.05355886141638671,0.04406722887600833,0.006,0.10362609029239504,0.011644196039473647,10428.773166366575,0.2348822785217697,0.16891891891891891,0.126,0.009601794417968188,0.003,0.1386017944179682,6.296306109417515,hex_006,-19.866323576115764,12.818901074696605,moderate_derisk,moderate_rise,0.1,Moderate De-risking,Moderate Rise,moderate_derisk_moderate_rise
18.341038055835153,8.95907044704116,41.711471431126455,0.6871398449911706,0.71354870705959,0.2864512929404101,0.9537339789034279,0.5073559037926905,0.129582204466043,0.0424522116230555,1.8515117799817742,3.484636078766991,0.05151997589884095,0.04406722887600833,0.006,0.10158720477484928,0.02684840997578929,11673.037630301802,0.2629062529347253,0.16891891891891891,0.126,0.009601794417968188,0.003,0.1386017944179682,4.183498659789242,hex_007,-19.567228336676557,17.65986896716307,moderate_derisk,moderate_rise,0.1,Moderate De-risking,Moderate Rise,moderate_derisk_moderate_rise
19.983827001896795,10.389851162566211,39.49751392311775,0.5953060758744538,0.6703969013845756,0.32960309861542436,1.0391590040986334,0.5856222054770145,0.1495719588610232,0.11358928576407591,1.6042983440651293,3.4922407982658763,0.0561345700483281,0.04406722887600833,0.006,0.10620179892433643,0.029564986182479405,11539.267657327899,0.25989341570558333,0.16891891891891891,0.126,0.009601794417968188,0.003,0.1386017944179682,4.195421712415163,hex_008,-27.46263640789345,14.176730886712376,moderate_derisk,moderate_rise,0.1,Moderate De-risking,Moderate Rise,moderate_derisk_moderate_rise
19.30594781240519,10.557601052647898,34.6820196689065,0.5937589726597885,0.6373654885153849,0.3626345114846151,1.0039092862450698,0.5871481074648436,0.14996168477512786,0.06668567015350724,7.899449381458608,9.707154130097157,0.05423040740504618,0.04406722887600833,0.006,0.10429763628105451,0.031239544438581485,12379.452466713108,0.27881649699804295,0.16891891891891891,0.126,0.009601794417968188,0.003,0.1386017944179682,10.429028521151723,hex_009,-23.5953687452532,20.377395925555145,moderate_derisk,moderate_rise,0.1,Moderate De-risking,Moderate Rise,moderate_derisk_moderate_rise
14.74459387124394,8.889793794278612,22.767052021711617,0.7405195444893427,0.5781010930969509,0.421898906903049,0.7667188813046849,0.47078360008428094,0.12024138532604578,0.05813395922261316,1.989597263577903,3.4054750895155275,0.04141756418432423,0.04406722887600833,0.006,0.09148479306033257,0.004669315057010706,12456.729309961167,0.2805569664405668,0.16891891891891891,0.126,0.009601794417968188,0.003,0.1386017944179682,4.0897068774103245,hex_010,-24.550423709209024,17.12012686421263,moderate_derisk,moderate_rise,0.1,Moderate De-risking,Moderate Rise,moderate_derisk_moderate_rise
18.616865258299974,10.166065933608142,33.52936648850828,0.6163183001884834,0.6382874369640643,0.36171256303593585,0.9680769934315987,0.5656565073288392,0.1444725815592045,0.0747396880136107,11.834099589633137,13.58704535996639,0.052294774510564634,0.04406722887600833,0.006,0.10236200338657298,0.037163989720059236,11538.857225466014,0.25988417174473,0.16891891891891891,0.126,0.009601794417968188,0.003,0.1386017944179682,14.293976238154638,hex_011,-17.878820133816777,22.657494744809725,moderate_derisk,moderate_rise,0.1,Moderate De-risking,Moderate Rise,moderate_derisk_moderate_rise
19.106449284305885,11.937168655320004,28.1528829498901,0.5653291145485193,0.5578806768082646,0.44211932319173547,0.9935353627839061,0.6166752217703868,0.15750311384815296,0.09016348282957704,8.206876055456236,10.06475323668826,0.053670016039615236,0.04406722887600833,0.006,0.10373724491562357,0.009593062471787438,12022.224941390175,0.2707708320132922,0.16891891891891891,0.126,0.009601794417968188,0.003,0.1386017944179682,10.75637508942585,hex_012,-21.273618559032023,20.803711428031487,moderate_derisk,moderate_rise,0.1,Moderate De-risking,Moderate Rise,moderate_derisk_moderate_rise
15.429853203604303,11.670179670324268,18.64334063159768,0.695015754905884,0.4608365482798983,0.5391634517201016,0.8023523665874237,0.5016065529833548,0.12811378053216724,0.11607265824865683,4.076298572499121,5.624443930850724,0.043342457648924484,0.04406722887600833,0.006,0.09340968652493281,0.0018419237111369573,11555.656919022778,0.26026254322123377,0.16891891891891891,0.126,0.009601794417968188,0.003,0.1386017944179682,6.287478797644915,hex_013,-19.12686064075004,15.373132979348576,moderate_derisk,moderate_rise,0.1,Moderate De-risking,Moderate Rise,moderate_derisk_moderate_rise
18.46260066950302,11.290957128671062,27.966649340255383,0.588601580509494,0.5699342821972968,0.43006571780270314,0.9600552348141569,0.5922927641235605,0.15127566564353587,0.05685049107906187,8.01153134967169,9.772005505332006,0.05186144528063398,0.04406722887600833,0.006,0.10192867415664231,0.02264440670864409,12454.996842640756,0.28051794690632337,0.16891891891891891,0.126,0.009601794417968188,0.003,0.1386017944179682,10.484617246440502,hex_014,-23.67902961407203,22.651637219532816,moderate_derisk,moderate_rise,0.1,Moderate De-risking,Moderate Rise,moderate_derisk_moderate_rise
14.597387693477486,9.290882664472631,21.02112637948468,0.7367953788400392,0.547621928586724,0.45237807141327613,0.7590641600608293,0.4731631971366533,0.12084915086002743,0.1133455459941144,0.4524010230121144,1.9188230770637387,0.04100406203097826,0.04406722887600833,0.006,0.0910712909069866,0.015249916141766962,12854.344331511817,0.28951225971873457,0.16891891891891891,0.126,0.009601794417968188,0.003,0.1386017944179682,2.6221772571681137,hex_015,-26.27313533858268,22.266701004955227,moderate_derisk,moderate_rise,0.1,Moderate De-risking,Moderate Rise,moderate_derisk_moderate_rise
18.15465878033661,9.722133349788056,33.874574445984514,0.6405482785785467,0.6508623953594275,0.3491376046405725,0.9440422565775038,0.5442594551360032,0.13900762654144325,0.03370006498768368,11.789139605481727,13.450149008724361,0.05099643651396554,0.04406722887600833,0.006,0.10106366538997388,0.03369762818674228,12090.495969943706,0.2723084677915249,0.16891891891891891,0.126,0.009601794417968188,0.003,0.1386017944179682,14.16473948342949,hex_016,-22.344982555809985,16.42469730642244,moderate_derisk,moderate_rise,0.1,Moderate De-risking,Moderate Rise,moderate_derisk_moderate_rise
15.929363931452478,9.071584760850474,26.747975488727842,0.7027124414364718,0.6120373623679505,0.38796263763204947,0.8283269244355289,0.49611254409387273,0.12671057268944147,0.08063502674592399,5.518321811748877,7.050106879713645,0.04474558328345002,0.04406722887600833,0.006,0.09481281215945836,0.03283173147826078,13007.853335711716,0.2929696697232368,0.16891891891891891,0.126,0.009601794417968188,0.003,0.1386017944179682,7.778241806411488,hex_017,-28.23419292674989,15.036593455023418,moderate_derisk,moderate_rise,0.1,Moderate De-risking,Moderate Rise,moderate_derisk_moderate_rise
19.122484123524174,10.505208005690278,34.07912502150294,0.597693023762893,0.634457179430398,0.365542820569602,0.9943691744232571,0.5832834636292579,0.14897462802867492,0.08760679738377602,10.365271028787147,12.179505092252112,0.05371505790297941,0.04406722887600833,0.006,0.10378228677898774,0.013087678461453754,11665.693610489972,0.26274084708310746,0.16891891891891891,0.126,0.009601794417968188,0.003,0.1386017944179682,12.866636617912546,hex_018,-19.06842593608901,20.554937055649656,moderate_derisk,moderate_rise,0.1,Moderate De-risking,Moderate Rise,moderate_derisk_moderate_rise
16.8515538640818,9.701677489313138,27.82183459739434,0.6606155945342236,0.605418632293206,0.394581367706794,0.8762808009322537,0.52772665370285,0.1347850347874253,0.040871920231941666,1.2043045599751672,2.7839689696296377,0.04733601480420578,0.04406722887600833,0.006,0.09740324368021411,0.03864696892341204,10654.12098558496,0.2399576798555171,0.16891891891891891,0.126,0.009601794417968188,0.003,0.1386017944179682,3.4674975754256683,hex_019,-21.420027210535224,12.956534770530338,moderate_derisk,moderate_rise,0.1,Moderate De-risking,Moderate Rise,moderate_derisk_moderate_rise
14.320249625093687,9.144034897094128,20.541688246917367,0.75056209656718,0.5458525918337536,0.4541474081662464,0.7446529805048717,0.4644844959290594,0.11863255058795955,0.043920054340156264,5.211275641441724,6.582965722803771,0.04022558119688817,0.04406722887600833,0.006,0.0902928100728965,0.012033521195498014,10447.282428416382,0.2352991537931617,0.16891891891891891,0.126,0.009601794417968188,0.003,0.1386017944179682,7.228111921202215,hex_020,-19.902947118975515,13.798714834651516,moderate_derisk,moderate_rise,0.1,Moderate De-risking,Moderate Rise,moderate_derisk_moderate_rise
21.1068212653813,10.332952704835174,47.73818583172147,0.5957409897590636,0.7119689503337961,0.28803104966620396,1.0975547057998276,0.5851946786949463,0.14946276556599197,0.06859161725949289,6.618004185702527,8.518807953022787,0.05928906093445607,0.04406722887600833,0.006,0.10935628981046441,0.021044526479247982,11112.489351451946,0.2502812916993682,0.16891891891891891,0.126,0.009601794417968188,0.003,0.1386017944179682,9.207010774348753,hex_021,-24.74568838244158,11.103071776514078,moderate_derisk,moderate_rise,0.1,Moderate De-risking,Moderate Rise,moderate_derisk_moderate_rise
15.109567878046956,9.338039583073499,22.57469705860495,0.7169687161045947,0.5639738879968466,0.4360261120031535,0.7856975296584416,0.4862477947177345,0.12419104751764544,0.11701152422467158,10.309495416483166,11.82264331260166,0.0424427761694339,0.04406722887600833,0.006,0.09251000504544224,0.010628326276197543,11435.906411771655,0.25756545972458683,0.16891891891891891,0.126,0.009601794417968188,0.003,0.1386017944179682,12.490867816984773,hex_022,-17.35162370726116,22.016941285029937,moderate_derisk,moderate_rise,0.1,Moderate De-risking,Moderate Rise,moderate_derisk_moderate_rise
16.79223357957117,10.865732292685948,23.711919260503063,0.6385279224400155,0.5386567779425457,0.46134322205745415,0.8731961461377009,0.5459815379024634,0.13944745838233194,0.08424976596124199,7.153317306257193,8.796192214640932,0.04716938412501542,0.04406722887600833,0.006,0.09723661300102376,0.03796931920129278,11534.287152156292,0.2597812421656822,0.16891891891891891,0.126,0.009601794417968188,0.003,0.1386017944179682,9.498700102345817,hex_023,-18.282546544133627,20.30791199228845,moderate_derisk,moderate_rise,0.1,Moderate De-risking,Moderate Rise,moderate_derisk_moderate_rise
18.148905901622722,10.410710761236459,30.131934199896936,0.6144944755540751,0.6076209387082598,0.3923790612917402,0.9437431068843815,0.5673353804737109,0.1449013773640922,0.11407255511161868,6.199899663681702,7.969952083515505,0.050980276677658226,0.04406722887600833,0.006,0.10104750555366657,0.006955516990628432,11768.130742302932,0.2650479896915075,0.16891891891891891,0.126,0.009601794417968188,0.003,0.1386017944179682,8.650523809088194,hex_024,-19.659398035114855,20.87231530076869,moderate_derisk,moderate_rise,0.1,Moderate De-risking,Moderate Rise,moderate_derisk_moderate_rise
20.400843372615647,10.43803684319021,41.691661697066536,0.5910958172366668,0.6812271672164206,0.3187728327835794,1.0608438553760138,0.5897934766604516,0.1506373303514007,0.10268594103174791,3.7503361509407065,5.65429675436032,0.05730596903367736,0.04406722887600833,0.006,0.10737319790968569,0.0021433661174618743,12907.063080658188,0.29069961893374296,0.16891891891891891,0.126,0.009601794417968188,0.003,0.1386017944179682,6.362033650658099,hex_025,-26.66433550577639,21.93020643430755,moderate_derisk,moderate_rise,0.1,Moderate De-risking,Moderate Rise,moderate_derisk_moderate_rise
17.895033856738777,11.785975918258915,24.762214104481703,0.597650783113252,0.5292119448789092,0.47078805512109095,0.9305417605504165,0.5833246888281945,0.14898515722941516,0.07286327173764329,4.542895534376661,6.27861041272233,0.05026715010357923,0.04406722887600833,0.006,0.10033437897958757,0.01782991558795997,12279.274684369639,0.27656024063895585,0.16891891891891891,0.126,0.009601794417968188,0.003,0.1386017944179682,6.98085566126572,hex_026,-23.39934795527559,17.42482085753676,moderate_derisk,moderate_rise,0.1,Moderate De-risking,Moderate Rise,moderate_derisk_moderate_rise
16.794805512717332,9.302734208822779,29.510914158477078,0.6770481390795704,0.6292555132347423,0.3707444867652577,0.8733298866613013,0.5149182708949035,0.1315136852919499,0.10095156525881857,6.164646051412491,7.785359459519464,0.04717660868522299,0.04406722887600833,0.006,0.09724383756123132,0.040234017609001554,13121.59716480899,0.2955314676758782,0.16891891891891891,0.126,0.009601794417968188,0.003,0.1386017944179682,8.525889495702462,hex_027,-28.47435481055325,18.962376743340517,moderate_derisk,moderate_rise,0.1,Moderate De-risking,Moderate Rise,moderate_derisk_moderate_rise
16.55111889628139,10.568188611730712,23.742685436784647,0.6494005571383933,0.5458703004753137,0.45412969952468635,0.8606581826066323,0.5368404034386584,0.1371127494604774,0.033078555381963415,5.455921372402734,7.023611263290465,0.046492092979654426,0.04406722887600833,0.006,0.09655932185566277,0.036185673879842825,11478.573203289036,0.25852642349750077,0.16891891891891891,0.126,0.009601794417968188,0.003,0.1386017944179682,7.7224033958603595,hex_028,-27.148526095189425,12.957157973787204,moderate_derisk,moderate_rise,0.1,Moderate De-risking,Moderate Rise,moderate_derisk_moderate_rise
16.340938208062344,9.890281569300408,25.099742220931432,0.6672854383397384,0.575878672721364,0.424121327278636,0.8497287868192419,0.5224517680992278,0.13343779254639904,0.04115924371376754,0.48574984751610795,2.032527438694744,0.04590169542644713,0.04406722887600833,0.006,0.09596892430245546,0.030433903484924647,10560.948596130236,0.23785920261554586,0.16891891891891891,0.126,0.009601794417968188,0.003,0.1386017944179682,2.7043101824345572,hex_029,-20.803412561090543,12.603421029503629,moderate_derisk,moderate_rise,0.1,Moderate De-risking,Moderate Rise,moderate_derisk_moderate_rise
18.76792320565856,12.750507961093732,25.184862447169028,0.6434280202830696,0.5160653292212734,0.4839346707787265,0.9759320066942451,0.6175626444305954,0.1383854807119501,0.09294222555439545,8.481264424453279,10.306086781844465,0.05271909628469489,0.05099998792380309,0.006,0.10971908420849799,0.03355700641186777,11792.114861531847,0.26558817255702355,0.16891891891891891,0.126,0.009601794417968188,0.003,0.1386017944179682,11.022471758358742,hex_000,-19.71252741732844,21.42667018270944,moderate_derisk,extreme_rise,0.12,Moderate De-risking,Extreme Rise,moderate_derisk_extreme_rise
16.4821585074104,9.988928048016946,25.39436178630845,0.7499492215386858,0.5785103769422615,0.42148962305773857,0.8570722423853407,0.5298453525846586,0.11872949972229262,0.08292881991604986,8.068037610762838,9.65661352537118,0.04629838324731581,0.05099998792380309,0.006,0.10329837117111891,0.036365922921936564,12521.435396846739,0.2820143107397914,0.16891891891891891,0.126,0.009601794417968188,0.003,0.1386017944179682,10.385812843540913,hex_001,-23.73345872297537,24.54513625407894,moderate_derisk,extreme_rise,0.12,Moderate De-risking,Extreme Rise,moderate_derisk_extreme_rise
19.590986726950966,14.541366593762787,24.111446382859317,0.6176429832313841,0.47235339260793185,0.527646607392068,1.0187313098014503,0.6433443275399366,0.1441627255677152,0.049180145171915095,1.53250209173487,3.387920599815887,0.055031081716005265,0.05099998792380309,0.006,0.11203106963980836,0.005976230267173878,11490.419527904183,0.25879323261045456,0.16891891891891891,0.126,0.009601794417968188,0.003,0.1386017944179682,4.072241845670211,hex_002,-18.69682496106341,15.561555013934129,moderate_derisk,extreme_rise,0.12,Moderate De-risking,Extreme Rise,moderate_derisk_extreme_rise
19.274556207097056,11.80567562817847,29.273186753636708,0.6389966796482585,0.5724130057639996,0.4275869942360005,1.002276922769047,0.6218453434303979,0.13934516207411976,0.10266502056713024,6.162577864011333,8.028710312852027,0.05414222838573563,0.05099998792380309,0.006,0.11114221630953873,0.02261158820309016,11811.938762576297,0.26603465681478145,0.16891891891891891,0.126,0.009601794417968188,0.003,0.1386017944179682,8.736019487516323,hex_003,-20.631583651287634,16.186435884488162,moderate_derisk,extreme_rise,0.12,Moderate De-risking,Extreme Rise,moderate_derisk_extreme_rise
19.25852636201301,11.038985917450345,32.204801519763876,0.6576293033691809,0.6116596402897782,0.38834035971022196,1.0014433708246766,0.6042265873357627,0.13539709291273008,0.09481353097099844,0.8513866445980159,2.687267226642184,0.05409720055089455,0.05099998792380309,0.006,0.11109718847469766,0.004702876079431683,12995.847200420665,0.2926992612707357,0.16891891891891891,0.126,0.009601794417968188,0.003,0.1386017944179682,3.403287265803936,hex_004,-27.86987182534821,17.57378135786131,moderate_derisk,extreme_rise,0.12,Moderate De-risking,Extreme Rise,moderate_derisk_extreme_rise
17.9159006627124,10.460882685175239,29.120026508427244,0.7005155310898192,0.6004630197315312,0.3995369802684689,0.9316268344610449,0.5672352604210948,0.1271079539833846,0.09690008434652543,6.628911105692489,8.35178123890454,0.05032576496155914,0.05099998792380309,0.006,0.10732575288536224,0.027363706443154584,10069.918866662772,0.22679997447438677,0.16891891891891891,0.126,0.009601794417968188,0.003,0.1386017944179682,9.02079138604433,hex_005,-17.292531780358928,13.65259902718,moderate_derisk,extreme_rise,0.12,Moderate De-risking,Extreme Rise,moderate_derisk_extreme_rise
21.579805047217132,10.301630621515203,52.771350049285445,0.6819110852113919,0.734441984132174,0.265558015867826,1.122149862455291,0.5827110283499422,0.13057581526601564,0.043098611012822224,4.6369699392466615,6.515505256330733,0.06061767237763293,0.05099998792380309,0.006,0.11761766030143603,0.011644196039473647,10428.773166366575,0.2348822785217697,0.16891891891891891,0.126,0.009601794417968188,0.003,0.1386017944179682,7.1871701045303,hex_006,-19.866323576115764,12.818901074696605,moderate_derisk,extreme_rise,0.12,Moderate De-risking,Extreme Rise,moderate_derisk_extreme_rise
20.758302296436664,10.199623960705232,47.05991607999384,0.6871398449911706,0.71354870705959,0.2864512929404101,1.0794317194147065,0.5782769149587899,0.129582204466043,0.0424522116230555,2.166808759994573,3.9965518104571682,0.05831007115069059,0.05099998792380309,0.006,0.11531005907449368,0.02684840997578929,11673.037630301802,0.2629062529347253,0.16891891891891891,0.126,0.009601794417968188,0.003,0.1386017944179682,4.709137245779065,hex_007,-19.567228336676557,17.65986896716307,moderate_derisk,extreme_rise,0.12,Moderate De-risking,Extreme Rise,moderate_derisk_extreme_rise
22.6176032502746,11.828523449201153,44.56207433629997,0.5953060758744538,0.6703969013845756,0.32960309861542436,1.1761153690142792,0.6674837126818696,0.1495719588610232,0.11358928576407591,1.8774969423091268,3.9842572686303743,0.06353284753002135,0.05099998792380309,0.006,0.12053283545382446,0.029564986182479405,11539.267657327899,0.25989341570558333,0.16891891891891891,0.126,0.009601794417968188,0.003,0.1386017944179682,4.701769219309149,hex_008,-27.46263640789345,14.176730886712376,moderate_derisk,extreme_rise,0.12,Moderate De-risking,Extreme Rise,moderate_derisk_extreme_rise
21.850382709480105,12.019501498586614,39.129114344441106,0.5937589726597885,0.6373654885153849,0.3626345114846151,1.1362199008929654,0.669222913679542,0.14996168477512786,0.06668567015350724,9.244659582477361,11.266749751978503,0.06137772503092962,0.05099998792380309,0.006,0.11837771295473272,0.031239544438581485,12379.452466713108,0.27881649699804295,0.16891891891891891,0.126,0.009601794417968188,0.003,0.1386017944179682,12.002704219706747,hex_009,-23.5953687452532,20.377395925555145,moderate_derisk,extreme_rise,0.12,Moderate De-risking,Extreme Rise,moderate_derisk_extreme_rise
16.687863352428558,10.120754639204616,25.686352477392532,0.7405195444893427,0.5781010930969509,0.421898906903049,0.8677688943262851,0.5365923325909919,0.12024138532604578,0.05813395922261316,2.3284090472404495,3.9111456187063856,0.04687620815697183,0.05099998792380309,0.006,0.10387619608077492,0.004669315057010706,12456.729309961167,0.2805569664405668,0.16891891891891891,0.126,0.009601794417968188,0.003,0.1386017944179682,4.607768809621625,hex_010,-24.550423709209024,17.12012686421263,moderate_derisk,extreme_rise,0.12,Moderate De-risking,Extreme Rise,moderate_derisk_extreme_rise
21.070482252277472,11.573750903675911,37.828662452485084,0.6163183001884834,0.6382874369640643,0.36171256303593585,1.0956650771184284,0.6447270989442222,0.1444725815592045,0.0747396880136107,13.849347832784343,15.808952278419808,0.05918698464664742,0.05099998792380309,0.006,0.11618697257045052,0.037163989720059236,11538.857225466014,0.25988417174473,0.16891891891891891,0.126,0.009601794417968188,0.003,0.1386017944179682,16.529708125791934,hex_011,-17.878820133816777,22.657494744809725,moderate_derisk,extreme_rise,0.12,Moderate De-risking,Extreme Rise,moderate_derisk_extreme_rise
21.624591195315396,13.590096445774938,31.762780443248875,0.5653291145485193,0.5578806768082646,0.44211932319173547,1.1244787421564006,0.7028774911479498,0.15750311384815296,0.09016348282957704,9.604438449388276,11.679461279370356,0.060743476667640954,0.05099998792380309,0.006,0.11774346459144405,0.009593062471787438,12022.224941390175,0.2707708320132922,0.16891891891891891,0.126,0.009601794417968188,0.003,0.1386017944179682,12.385089351783765,hex_012,-21.273618559032023,20.803711428031487,moderate_derisk,extreme_rise,0.12,Moderate De-risking,Extreme Rise,moderate_derisk_extreme_rise
17.46343670489021,13.286137763375443,21.033879061840437,0.695015754905884,0.4608365482798983,0.5391634517201016,0.908098708654291,0.5717238881305123,0.12811378053216724,0.11607265824865683,4.770458147088546,6.494467182654174,0.049054793704036606,0.05099998792380309,0.006,0.10605478162783971,0.0018419237111369573,11555.656919022778,0.26026254322123377,0.16891891891891891,0.126,0.009601794417968188,0.003,0.1386017944179682,7.1701471445512714,hex_013,-19.12686064075004,15.373132979348576,moderate_derisk,extreme_rise,0.12,Moderate De-risking,Extreme Rise,moderate_derisk_extreme_rise
20.895886302030046,12.854404656112846,31.552667068199153,0.588601580509494,0.5699342821972968,0.43006571780270314,1.0865860877055624,0.6750867188681393,0.15127566564353587,0.05685049107906187,9.375828173024447,11.345627136320747,0.058696544622402404,0.05099998792380309,0.006,0.1156965325462055,0.02264440670864409,12454.996842640756,0.28051794690632337,0.16891891891891891,0.126,0.009601794417968188,0.003,0.1386017944179682,12.072006735818807,hex_014,-23.67902961407203,22.651637219532816,moderate_derisk,extreme_rise,0.12,Moderate De-risking,Extreme Rise,moderate_derisk_extreme_rise
16.521256079237343,10.577381883625291,23.7165558870043,0.7367953788400392,0.547621928586724,0.45237807141327613,0.8591053161203419,0.5393045628656458,0.12084915086002743,0.1133455459941144,0.5294411357743591,2.162045711614488,0.0464082083265777,0.05099998792380309,0.006,0.10340819625038081,0.015249916141766962,12854.344331511817,0.28951225971873457,0.16891891891891891,0.126,0.009601794417968188,0.003,0.1386017944179682,2.877736797062258,hex_015,-26.27313533858268,22.266701004955227,moderate_derisk,extreme_rise,0.12,Moderate De-risking,Extreme Rise,moderate_derisk_extreme_rise
20.54735909186931,11.068347419504791,38.21813462768279,0.6405482785785467,0.6508623953594275,0.3491376046405725,1.0684626727772042,0.6203390485859055,0.13900762654144325,0.03370006498768368,13.796731539136214,15.65824095202845,0.0577175316890609,0.05099998792380309,0.006,0.114717519612864,0.03369762818674228,12090.495969943706,0.2723084677915249,0.16891891891891891,0.126,0.009601794417968188,0.003,0.1386017944179682,16.386485280956467,hex_016,-22.344982555809985,16.42469730642244,moderate_derisk,extreme_rise,0.12,Moderate De-risking,Extreme Rise,moderate_derisk_extreme_rise
18.028780643298685,10.327718018881857,30.177729018447877,0.7027124414364718,0.6120373623679505,0.38796263763204947,0.9374965934515317,0.5654618963263054,0.12671057268944147,0.08063502674592399,6.45804589063122,8.168349979844422,0.05064284482702601,0.05099998792380309,0.006,0.10764283275082911,0.03283173147826078,13007.853335711716,0.2929696697232368,0.16891891891891891,0.126,0.009601794417968188,0.003,0.1386017944179682,8.909314927133634,hex_017,-28.23419292674989,15.036593455023418,moderate_derisk,extreme_rise,0.12,Moderate De-risking,Extreme Rise,moderate_derisk_extreme_rise
21.642739352401968,11.959853638880388,38.44891365771308,0.597693023762893,0.634457179430398,0.365542820569602,1.1254224463249023,0.6648180485780409,0.14897462802867492,0.08760679738377602,12.130390045433595,14.157211965748989,0.06079445484089713,0.05099998792380309,0.006,0.11779444276470022,0.013087678461453754,11665.693610489972,0.26274084708310746,0.16891891891891891,0.126,0.009601794417968188,0.003,0.1386017944179682,14.858355647395134,hex_018,-19.06842593608901,20.554937055649656,moderate_derisk,extreme_rise,0.12,Moderate De-risking,Extreme Rise,moderate_derisk_extreme_rise
19.07251095659792,11.045059056513326,31.389283485401325,0.6606155945342236,0.605418632293206,0.394581367706794,0.9917705697430919,0.601495200831457,0.1347850347874253,0.040871920231941666,1.4093875601921846,3.1783102857861003,0.05357468327708356,0.05099998792380309,0.006,0.11057467120088665,0.03864696892341204,10654.12098558496,0.2399576798555171,0.16891891891891891,0.126,0.009601794417968188,0.003,0.1386017944179682,3.8750103191028034,hex_019,-21.420027210535224,12.956534770530338,moderate_derisk,extreme_rise,0.12,Moderate De-risking,Extreme Rise,moderate_derisk_extreme_rise
16.20759249139417,10.410200252943449,23.17564190075423,0.75056209656718,0.5458525918337536,0.4541474081662464,0.8427948095524967,0.5294127048569781,0.11863255058795955,0.043920054340156264,6.098712324008773,7.633472443346363,0.04552712730832622,0.05099998792380309,0.006,0.10252711523212932,0.012033521195498014,10447.282428416382,0.2352991537931617,0.16891891891891891,0.126,0.009601794417968188,0.003,0.1386017944179682,8.290852946904039,hex_020,-19.902947118975515,13.798714834651516,moderate_derisk,extreme_rise,0.12,Moderate De-risking,Extreme Rise,moderate_derisk_extreme_rise
23.888602979276257,11.763746319003195,53.859404666686274,0.5957409897590636,0.7119689503337961,0.28803104966620396,1.2422073549223653,0.6669964238442933,0.14946276556599197,0.06859161725949289,7.74499498102148,9.872253142613623,0.067103085768787,0.05099998792380309,0.006,0.1241030736925901,0.021044526479247982,11112.489351451946,0.2502812916993682,0.16891891891891891,0.126,0.009601794417968188,0.003,0.1386017944179682,10.575202747821715,hex_021,-24.74568838244158,11.103071776514078,moderate_derisk,extreme_rise,0.12,Moderate De-risking,Extreme Rise,moderate_derisk_extreme_rise
17.100939250340915,10.631068573524386,25.46933283960975,0.7169687161045947,0.5639738879968466,0.4360261120031535,0.8892488410177275,0.5542181977836631,0.12419104751764544,0.11701152422467158,12.06511631256244,13.749785923106147,0.04803653835420763,0.05099998792380309,0.006,0.10503652627801073,0.010628326276197543,11435.906411771655,0.25756545972458683,0.16891891891891891,0.126,0.009601794417968188,0.003,0.1386017944179682,14.43053694872183,hex_022,-17.35162370726116,22.016941285029937,moderate_derisk,extreme_rise,0.12,Moderate De-risking,Extreme Rise,moderate_derisk_extreme_rise
19.0053725321296,12.37029936288646,26.75237511909391,0.6385279224400155,0.5386567779425457,0.46134322205745415,0.988279371670739,0.6223018535952649,0.13944745838233194,0.08424976596124199,8.371467451517615,10.205745901127193,0.05338609144275204,0.05099998792380309,0.006,0.11038607936655515,0.03796931920129278,11534.287152156292,0.2597812421656822,0.16891891891891891,0.126,0.009601794417968188,0.003,0.1386017944179682,10.921403255197609,hex_023,-18.282546544133627,20.30791199228845,moderate_derisk,extreme_rise,0.12,Moderate De-risking,Extreme Rise,moderate_derisk_extreme_rise
20.54084801026891,11.852271455611575,33.99559512342889,0.6144944755540751,0.6076209387082598,0.3923790612917402,1.0681240965339833,0.6466406542523718,0.1449013773640922,0.11407255511161868,7.255690753685163,9.229429436947228,0.057699242060845375,0.05099998792380309,0.006,0.11469922998464847,0.006955516990628432,11768.130742302932,0.2650479896915075,0.16891891891891891,0.126,0.009601794417968188,0.003,0.1386017944179682,9.923652886950899,hex_024,-19.659398035114855,20.87231530076869,moderate_derisk,extreme_rise,0.12,Moderate De-risking,Extreme Rise,moderate_derisk_extreme_rise
23.089580455686416,11.883381352770574,47.03756624695173,0.5910958172366668,0.6812271672164206,0.3187728327835794,1.2006581836956938,0.6722380671958955,0.1506373303514007,0.10268594103174791,4.388987049740859,6.515206572015597,0.06485863150002315,0.05099998792380309,0.006,0.12185861942382625,0.0021433661174618743,12907.063080658188,0.29069961893374296,0.16891891891891891,0.126,0.009601794417968188,0.003,0.1386017944179682,7.237428889827515,hex_025,-26.66433550577639,21.93020643430755,moderate_derisk,extreme_rise,0.12,Moderate De-risking,Extreme Rise,moderate_derisk_extreme_rise
20.253516800537362,13.417968201809384,27.93734379847742,0.597650783113252,0.5292119448789092,0.47078805512109095,1.0531828736279427,0.6648650364630374,0.14898515722941516,0.07286327173764329,5.316512671458387,7.256409010516426,0.05689212869270945,0.05099998792380309,0.006,0.11389211661651255,0.01782991558795997,12279.274684369639,0.27656024063895585,0.16891891891891891,0.126,0.009601794417968188,0.003,0.1386017944179682,7.972211996696742,hex_026,-23.39934795527559,17.42482085753676,moderate_derisk,extreme_rise,0.12,Moderate De-risking,Extreme Rise,moderate_derisk_extreme_rise
19.008283434204593,10.590874499454097,33.2949449178501,0.6770481390795704,0.6292555132347423,0.3707444867652577,0.9884307385786388,0.586896391513537,0.1315136852919499,0.10095156525881857,7.214433745918716,9.02222612656166,0.053394268166680706,0.05099998792380309,0.006,0.11039425609048381,0.040234017609001554,13121.59716480899,0.2955314676758782,0.16891891891891891,0.126,0.009601794417968188,0.003,0.1386017944179682,9.775906581273912,hex_027,-28.47435481055325,18.962376743340517,moderate_derisk,extreme_rise,0.12,Moderate De-risking,Extreme Rise,moderate_derisk_extreme_rise
18.73248004542291,12.031555106373805,26.787086281856517,0.6494005571383933,0.5458703004753137,0.45412969952468635,0.9740889623619914,0.6118829208550782,0.1371127494604774,0.033078555381963415,6.385019178047156,8.141182366106667,0.052619536447592964,0.05099998792380309,0.006,0.10961952437139606,0.036185673879842825,11478.573203289036,0.25852642349750077,0.16891891891891891,0.126,0.009601794417968188,0.003,0.1386017944179682,8.853034701192293,hex_028,-27.148526095189425,12.957157973787204,moderate_derisk,extreme_rise,0.12,Moderate De-risking,Extreme Rise,moderate_derisk_extreme_rise
18.49459851169282,11.259778954598316,28.318151386648704,0.6672854383397384,0.575878672721364,0.424121327278636,0.9617191226080267,0.595482962576574,0.13343779254639904,0.04115924371376754,0.5684689863406063,2.3002681077853735,0.05195132721934514,0.05099998792380309,0.006,0.10895131514314824,0.030433903484924647,10560.948596130236,0.23785920261554586,0.16891891891891891,0.126,0.009601794417968188,0.003,0.1386017944179682,2.9850332423658794,hex_029,-20.803412561090543,12.603421029503629,moderate_derisk,extreme_rise,0.12,Moderate De-risking,Extreme Rise,moderate_derisk_extreme_rise
12.554747708609586,8.341672032220533,17.047548942443882,0.6434280202830696,0.5160653292212734,0.4839346707787265,0.6528468808476985,0.40216922759666607,0.1383854807119501,0.09294222555439545,4.9632388850633475,6.249582699774058,0.03526628631348433,0.03129068728490958,0.006,0.07255697359839391,0.03355700641186777,11792.114861531847,0.26558817255702355,0.16891891891891891,0.126,0.009601794417968188,0.003,0.1386017944179682,6.92880556567823,hex_000,-19.71252741732844,21.42667018270944,strong_derisk,low_rates,0.06,Strong De-risking,Low Rates,strong_derisk_low_rates
11.02569205374099,6.534983702944073,17.189358342629443,0.7499492215386858,0.5785103769422615,0.42148962305773857,0.5733359867945315,0.34504596111237607,0.11872949972229262,0.08292881991604986,4.721418410259388,5.8414586778046385,0.03097116897895844,0.03129068728490958,0.006,0.06826185626386802,0.036365922921936564,12521.435396846739,0.2820143107397914,0.16891891891891891,0.126,0.009601794417968188,0.003,0.1386017944179682,6.535621481067122,hex_001,-23.73345872297537,24.54513625407894,strong_derisk,low_rates,0.06,Strong De-risking,Low Rates,strong_derisk_low_rates
13.105333660222518,9.513292442590028,16.320957207813134,0.6176429832313841,0.47235339260793185,0.527646607392068,0.6814773503315709,0.4189587787065553,0.1441627255677152,0.049180145171915095,0.8968207560194934,2.19059975579725,0.03681288225156505,0.03129068728490958,0.006,0.07410356953647464,0.005976230267173878,11490.419527904183,0.25879323261045456,0.16891891891891891,0.126,0.009601794417968188,0.003,0.1386017944179682,2.83699350154824,hex_002,-18.69682496106341,15.561555013934129,strong_derisk,low_rates,0.06,Strong De-risking,Low Rates,strong_derisk_low_rates
12.893658383180025,7.7235412510260835,19.814921956820818,0.6389966796482585,0.5724130057639996,0.4275869942360005,0.6704702359253613,0.40495820740998956,0.13934516207411976,0.10266502056713024,3.606342705069396,4.923781331045997,0.03621828639835269,0.03129068728490958,0.006,0.07350897368326229,0.02261158820309016,11811.938762576297,0.26603465681478145,0.16891891891891891,0.126,0.009601794417968188,0.003,0.1386017944179682,5.5934572630840185,hex_003,-20.631583651287634,16.186435884488162,strong_derisk,low_rates,0.06,Strong De-risking,Low Rates,strong_derisk_low_rates
12.882935264876897,7.221955421121356,21.799322161935372,0.6576293033691809,0.6116596402897782,0.38834035971022196,0.6699126337735986,0.39348451871833195,0.13539709291273008,0.09481353097099844,0.49823175993771407,1.7918395363133732,0.03618816515903921,0.03129068728490958,0.006,0.07347885244394879,0.004702876079431683,12995.847200420665,0.2926992612707357,0.16891891891891891,0.126,0.009601794417968188,0.003,0.1386017944179682,2.4702412394443765,hex_004,-27.86987182534821,17.57378135786131,strong_derisk,low_rates,0.06,Strong De-risking,Low Rates,strong_derisk_low_rates
11.984789703585786,6.843747150586549,19.711248300404304,0.7005155310898192,0.6004630197315312,0.3995369802684689,0.6232090645864609,0.3693950218758466,0.1271079539833846,0.09690008434652543,3.8792410799669286,5.0958532047591465,0.033665274277372474,0.03129068728490958,0.006,0.07095596156228207,0.027363706443154584,10069.918866662772,0.22679997447438677,0.16891891891891891,0.126,0.009601794417968188,0.003,0.1386017944179682,5.728493560575858,hex_005,-17.292531780358928,13.65259902718,strong_derisk,low_rates,0.06,Strong De-risking,Low Rates,strong_derisk_low_rates
14.435747898153448,6.739560831926945,35.720749899317255,0.6819110852113919,0.734441984132174,0.265558015867826,0.7506588907039793,0.37947315352862543,0.13057581526601564,0.043098611012822224,2.713556417953849,4.017362888465292,0.040550015845913036,0.03129068728490958,0.006,0.07784070313082261,0.011644196039473647,10428.773166366575,0.2348822785217697,0.16891891891891891,0.126,0.009601794417968188,0.003,0.1386017944179682,4.649250779494246,hex_006,-19.866323576115764,12.818901074696605,strong_derisk,low_rates,0.06,Strong De-risking,Low Rates,strong_derisk_low_rates
13.886206019440516,6.672825756573464,31.854699396667797,0.6871398449911706,0.71354870705959,0.2864512929404101,0.7220827130109069,0.3765855696151911,0.129582204466043,0.0424522116230555,1.2680172384548911,2.5387199371700877,0.039006352708608416,0.03129068728490958,0.006,0.076297039993518,0.02684840997578929,11673.037630301802,0.2629062529347253,0.16891891891891891,0.126,0.009601794417968188,0.003,0.1386017944179682,3.2122923534110073,hex_007,-19.567228336676557,17.65986896716307,strong_derisk,low_rates,0.06,Strong De-risking,Low Rates,strong_derisk_low_rates
15.12997999134032,7.738488814699912,30.163918695942268,0.5953060758744538,0.6703969013845756,0.32960309861542436,0.7867589595496967,0.43467883231527166,0.1495719588610232,0.11358928576407591,1.098711862324335,2.5833108988144025,0.04250011379567496,0.03129068728490958,0.006,0.07979080108058455,0.029564986182479405,11539.267657327899,0.25989341570558333,0.16891891891891891,0.126,0.009601794417968188,0.003,0.1386017944179682,3.2600808151199367,hex_008,-27.46263640789345,14.176730886712376,strong_derisk,low_rates,0.06,Strong De-risking,Low Rates,strong_derisk_low_rates
14.616750039310585,7.86343099411643,26.486366294858392,0.5937589726597885,0.6373654885153849,0.3626345114846151,0.7600710020441503,0.43581143502072545,0.14996168477512786,0.06668567015350724,5.409977996515876,6.8225077885093866,0.04105845086042343,0.03129068728490958,0.006,0.07834913814533301,0.031239544438581485,12379.452466713108,0.27881649699804295,0.16891891891891891,0.126,0.009601794417968188,0.003,0.1386017944179682,7.518433681428231,hex_009,-23.5953687452532,20.377395925555145,strong_derisk,low_rates,0.06,Strong De-risking,Low Rates,strong_derisk_low_rates
11.163297712254286,6.621227654335547,17.38700586234236,0.7405195444893427,0.5781010930969509,0.421898906903049,0.5804914810372228,0.3494397303311394,0.12024138532604578,0.05813395922261316,1.362585782643141,2.470892338560162,0.03135770327372229,0.03129068728490958,0.006,0.06864839055863187,0.004669315057010706,12456.729309961167,0.2805569664405668,0.16891891891891891,0.126,0.009601794417968188,0.003,0.1386017944179682,3.1322877239532585,hex_010,-24.550423709209024,17.12012686421263,strong_derisk,low_rates,0.06,Strong De-risking,Low Rates,strong_derisk_low_rates
14.09503789403411,7.571810826335027,25.606094769773847,0.6163183001884834,0.6382874369640643,0.36171256303593585,0.7329419704897737,0.4198592672847092,0.1444725815592045,0.0747396880136107,8.104643158897149,9.476656666244446,0.039592961444341816,0.03129068728490958,0.006,0.07688364872925141,0.037163989720059236,11538.857225466014,0.25988417174473,0.16891891891891891,0.126,0.009601794417968188,0.003,0.1386017944179682,10.158109189775374,hex_011,-17.878820133816777,22.657494744809725,strong_derisk,low_rates,0.06,Strong De-risking,Low Rates,strong_derisk_low_rates
14.465707461822408,8.890949896491508,21.50011957739522,0.5653291145485193,0.5578806768082646,0.44211932319173547,0.7522167880147652,0.45772797344419347,0.15750311384815296,0.09016348282957704,5.6205207143125095,7.078132072449198,0.040634172260259144,0.03129068728490958,0.006,0.07792485954516873,0.009593062471787438,12022.224941390175,0.2707708320132922,0.16891891891891891,0.126,0.009601794417968188,0.003,0.1386017944179682,7.743941539816334,hex_012,-21.273618559032023,20.803711428031487,strong_derisk,low_rates,0.06,Strong De-risking,Low Rates,strong_derisk_low_rates
11.682115253384291,8.692093219748964,14.237762207689846,0.695015754905884,0.4608365482798983,0.5391634517201016,0.6074699931759832,0.37231810661088566,0.12811378053216724,0.11607265824865683,2.791673763517093,4.015648302084786,0.032815061746756476,0.03129068728490958,0.006,0.07010574903166605,0.0018419237111369573,11555.656919022778,0.26026254322123377,0.16891891891891891,0.126,0.009601794417968188,0.003,0.1386017944179682,4.65537923138571,hex_013,-19.12686064075004,15.373132979348576,strong_derisk,low_rates,0.06,Strong De-risking,Low Rates,strong_derisk_low_rates
13.978242440308016,8.409643610900035,21.357894538360917,0.588601580509494,0.5699342821972968,0.43006571780270314,0.7268686068960168,0.4396300630169991,0.15127566564353587,0.05685049107906187,5.486737901233058,6.861362727868672,0.03926488301482522,0.03129068728490958,0.006,0.07655557029973481,0.02264440670864409,12454.996842640756,0.28051794690632337,0.16891891891891891,0.126,0.009601794417968188,0.003,0.1386017944179682,7.548601365120262,hex_014,-23.67902961407203,22.651637219532816,strong_derisk,low_rates,0.06,Strong De-risking,Low Rates,strong_derisk_low_rates
11.05184626083826,6.919963573371602,16.053657155286896,0.7367953788400392,0.547621928586724,0.45237807141327613,0.5746960055635896,0.3512059892920057,0.12084915086002743,0.1133455459941144,0.3098291364258216,1.4699258281355587,0.031044636146694678,0.03129068728490958,0.006,0.06833532343160426,0.015249916141766962,12854.344331511817,0.28951225971873457,0.16891891891891891,0.126,0.009601794417968188,0.003,0.1386017944179682,2.1505440407645517,hex_015,-26.27313533858268,22.266701004955227,strong_derisk,low_rates,0.06,Strong De-risking,Low Rates,strong_derisk_low_rates
13.745096175523944,7.241164382933614,25.869727179215467,0.6405482785785467,0.6508623953594275,0.3491376046405725,0.7147450011272451,0.4039772778806446,0.13900762654144325,0.03370006498768368,8.073852085590985,9.365282056128002,0.03860997515704676,0.03129068728490958,0.006,0.07590066244195634,0.03369762818674228,12090.495969943706,0.2723084677915249,0.16891891891891891,0.126,0.009601794417968188,0.003,0.1386017944179682,10.054709527885112,hex_016,-22.344982555809985,16.42469730642244,strong_derisk,low_rates,0.06,Strong De-risking,Low Rates,strong_derisk_low_rates
12.06030043868866,6.756627800056439,20.427203582826316,0.7027124414364718,0.6120373623679505,0.38796263763204947,0.6271356228118103,0.36824017147373606,0.12671057268944147,0.08063502674592399,3.7792506968052253,4.981972090526137,0.03387738393227645,0.03129068728490958,0.006,0.07116807121718603,0.03283173147826078,13007.853335711716,0.2929696697232368,0.16891891891891891,0.126,0.009601794417968188,0.003,0.1386017944179682,5.686462276281708,hex_017,-28.23419292674989,15.036593455023418,strong_derisk,low_rates,0.06,Strong De-risking,Low Rates,strong_derisk_low_rates
14.47784761878604,7.824408008945057,26.02594073081155,0.597693023762893,0.634457179430398,0.365542820569602,0.7528480761768741,0.4329428981823751,0.14897462802867492,0.08760679738377602,7.098708465083893,8.521080864855593,0.04066827396116999,0.03129068728490958,0.006,0.07795896124607957,0.013087678461453754,11665.693610489972,0.26274084708310746,0.16891891891891891,0.126,0.009601794417968188,0.003,0.1386017944179682,9.182389064983118,hex_018,-19.06842593608901,20.554937055649656,strong_derisk,low_rates,0.06,Strong De-risking,Low Rates,strong_derisk_low_rates
12.758500799789303,7.2259286066935715,21.24730073901099,0.6606155945342236,0.605418632293206,0.394581367706794,0.6634420415890437,0.3917057848350392,0.1347850347874253,0.040871920231941666,0.8247740894272767,2.0555788708707268,0.035838628746608155,0.03129068728490958,0.006,0.07312931603151773,0.03864696892341204,10654.12098558496,0.2399576798555171,0.16891891891891891,0.126,0.009601794417968188,0.003,0.1386017944179682,2.714833549018061,hex_019,-21.420027210535224,12.956534770530338,strong_derisk,low_rates,0.06,Strong De-risking,Low Rates,strong_derisk_low_rates
10.842021914926562,6.810589551786338,15.68751429174757,0.75056209656718,0.5458525918337536,0.4541474081662464,0.5637851395761813,0.3447642122015055,0.11863255058795955,0.043920054340156264,3.5689685688919703,4.640070525597773,0.030455239559028714,0.03129068728490958,0.006,0.06774592684393829,0.012033521195498014,10447.282428416382,0.2352991537931617,0.16891891891891891,0.126,0.009601794417968188,0.003,0.1386017944179682,5.262669840767258,hex_020,-19.902947118975515,13.798714834651516,strong_derisk,low_rates,0.06,Strong De-risking,Low Rates,strong_derisk_low_rates
15.98021156786957,7.696110144222734,36.457250421450446,0.5957409897590636,0.7119689503337961,0.28803104966620396,0.8309710015292178,0.4343615000135337,0.14946276556599197,0.06859161725949289,4.532373751205642,6.015760635573878,0.04488841429414563,0.03129068728490958,0.006,0.08217910157905522,0.021044526479247982,11112.489351451946,0.2502812916993682,0.16891891891891891,0.126,0.009601794417968188,0.003,0.1386017944179682,6.676786268668437,hex_021,-24.74568838244158,11.103071776514078,strong_derisk,low_rates,0.06,Strong De-risking,Low Rates,strong_derisk_low_rates
11.439623634199307,6.955086625802162,17.240105997221622,0.7169687161045947,0.5639738879968466,0.4360261120031535,0.594860428978364,0.36091804861056725,0.12419104751764544,0.11701152422467158,7.060510253950977,8.257491303282226,0.032133902788465854,0.03129068728490958,0.006,0.06942459007337544,0.010628326276197543,11435.906411771655,0.25756545972458683,0.16891891891891891,0.126,0.009601794417968188,0.003,0.1386017944179682,8.902630392693272,hex_022,-17.35162370726116,22.016941285029937,strong_derisk,low_rates,0.06,Strong De-risking,Low Rates,strong_derisk_low_rates
12.71358874577476,8.092930927963906,18.10859301400061,0.6385279224400155,0.5386567779425457,0.46134322205745415,0.6611066147802875,0.40525549602038446,0.13944745838233194,0.08424976596124199,4.898985658390526,6.189044993534772,0.035712470786881306,0.03129068728490958,0.006,0.07300315807179089,0.03796931920129278,11534.287152156292,0.2597812421656822,0.16891891891891891,0.126,0.009601794417968188,0.003,0.1386017944179682,6.867319426310425,hex_023,-18.282546544133627,20.30791199228845,strong_derisk,low_rates,0.06,Strong De-risking,Low Rates,strong_derisk_low_rates
13.7407406064017,7.754025300108906,23.011504347497656,0.6144944755540751,0.6076209387082598,0.3923790612917402,0.7145185115328884,0.4211054130274647,0.1449013773640922,0.11407255511161868,4.246032747529409,5.640630604565472,0.03859774036338238,0.03129068728490958,0.006,0.07588842764829196,0.006955516990628432,11768.130742302932,0.2650479896915075,0.16891891891891891,0.126,0.009601794417968188,0.003,0.1386017944179682,6.296043252232788,hex_024,-19.659398035114855,20.87231530076869,strong_derisk,low_rates,0.06,Strong De-risking,Low Rates,strong_derisk_low_rates
15.44570777183195,7.774378101726561,31.839570869623422,0.5910958172366668,0.6812271672164206,0.3187728327835794,0.8031768041352614,0.437774963695416,0.1506373303514007,0.10268594103174791,2.5684367449394205,4.0627117841532465,0.04338699313107595,0.03129068728490958,0.006,0.08067768041598553,0.0021433661174618743,12907.063080658188,0.29069961893374296,0.16891891891891891,0.126,0.009601794417968188,0.003,0.1386017944179682,4.743753162957325,hex_025,-26.66433550577639,21.93020643430755,strong_derisk,low_rates,0.06,Strong De-risking,Low Rates,strong_derisk_low_rates
13.548531228333616,8.778339688096365,18.910694339724714,0.597650783113252,0.5292119448789092,0.47078805512109095,0.704523623873348,0.43297349763910364,0.14898515722941516,0.07286327173764329,3.111225060715549,4.470570611195059,0.03805782422038913,0.03129068728490958,0.006,0.07534851150529871,0.01782991558795997,12279.274684369639,0.27656024063895585,0.16891891891891891,0.126,0.009601794417968188,0.003,0.1386017944179682,5.147829992264161,hex_026,-23.39934795527559,17.42482085753676,strong_derisk,low_rates,0.06,Strong De-risking,Low Rates,strong_derisk_low_rates
12.71553598526181,6.928790749233463,22.537236572710565,0.6770481390795704,0.6292555132347423,0.3707444867652577,0.6612078712336142,0.38219874628572365,0.1315136852919499,0.10095156525881857,4.221889132264048,5.497761000334155,0.03571794058260043,0.03129068728490958,0.006,0.07300862786751001,0.040234017609001554,13121.59716480899,0.2955314676758782,0.16891891891891891,0.126,0.009601794417968188,0.003,0.1386017944179682,6.214055826823431,hex_027,-28.47435481055325,18.962376743340517,strong_derisk,low_rates,0.06,Strong De-risking,Low Rates,strong_derisk_low_rates
12.531038109530437,7.871316738219534,18.13208888368368,0.6494005571383933,0.5458703004753137,0.45412969952468635,0.6516139816955827,0.3984704772529914,0.1371127494604774,0.033078555381963415,3.7365154392532327,4.956791203044247,0.035199686049671,0.03129068728490958,0.006,0.07249037333458058,0.036185673879842825,11478.573203289036,0.25852642349750077,0.16891891891891891,0.126,0.009601794417968188,0.003,0.1386017944179682,5.631514387093059,hex_028,-27.148526095189425,12.957157973787204,strong_derisk,low_rates,0.06,Strong De-risking,Low Rates,strong_derisk_low_rates
12.371907948574858,7.366403243004701,19.16846171926161,0.6672854383397384,0.575878672721364,0.424121327278636,0.6433392133258926,0.38779049423756007,0.13343779254639904,0.04115924371376754,0.3326682481238779,1.538394991947497,0.03475268942754678,0.03129068728490958,0.006,0.07204337671245636,0.030433903484924647,10560.948596130236,0.23785920261554586,0.16891891891891891,0.126,0.009601794417968188,0.003,0.1386017944179682,2.186252188097311,hex_029,-20.803412561090543,12.603421029503629,strong_derisk,low_rates,0.06,Strong De-risking,Low Rates,strong_derisk_low_rates
14.503195653000727,9.724280218139459,19.599405360901496,0.6434280202830696,0.5160653292212734,0.4839346707787265,0.7541661739560378,0.46982889598552063,0.1383854807119501,0.09294222555439545,6.068525493440913,7.523848269648817,0.040739476589279046,0.03747151162078725,0.006,0.0842109882100663,0.03355700641186777,11792.114861531847,0.26558817255702355,0.16891891891891891,0.126,0.009601794417968188,0.003,0.1386017944179682,8.21472515016466,hex_000,-19.71252741732844,21.42667018270944,strong_derisk,moderate_rise,0.08,Strong De-risking,Moderate Rise,strong_derisk_moderate_rise
12.736836516076075,7.618138486258188,19.76244228354691,0.7499492215386858,0.5785103769422615,0.42148962305773857,0.6623154988359559,0.4030953933061049,0.11872949972229262,0.08292881991604986,5.772852899361234,7.039922111141637,0.03577777377365769,0.03747151162078725,0.006,0.07924928539444495,0.036365922921936564,12521.435396846739,0.2820143107397914,0.16891891891891891,0.126,0.009601794417968188,0.003,0.1386017944179682,7.745072343534697,hex_001,-23.73345872297537,24.54513625407894,strong_derisk,moderate_rise,0.08,Strong De-risking,Moderate Rise,strong_derisk_moderate_rise
15.139230399804918,11.090093347176094,18.764049733709083,0.6176429832313841,0.47235339260793185,0.527646607392068,0.7872399807898558,0.4894430676345827,0.1441627255677152,0.049180145171915095,1.0965379154587651,2.566563834622834,0.04252609819305202,0.03747151162078725,0.006,0.08599760981383928,0.005976230267173878,11490.419527904183,0.25879323261045456,0.16891891891891891,0.126,0.009601794417968188,0.003,0.1386017944179682,3.224851620651189,hex_002,-18.69682496106341,15.561555013934129,strong_derisk,moderate_rise,0.08,Strong De-risking,Moderate Rise,strong_derisk_moderate_rise
14.894703944227865,9.003696034947566,22.781027873129812,0.6389966796482585,0.5724130057639996,0.4275869942360005,0.774524605099849,0.473087084868967,0.13934516207411976,0.10266502056713024,4.409455831284045,5.89907770389411,0.04183922337933607,0.03747151162078725,0.006,0.08531073500012332,0.02261158820309016,11811.938762576297,0.26603465681478145,0.16891891891891891,0.126,0.009601794417968188,0.003,0.1386017944179682,6.580555397248993,hex_003,-20.631583651287634,16.186435884488162,strong_derisk,moderate_rise,0.08,Strong De-risking,Moderate Rise,strong_derisk_moderate_rise
14.88231663972999,8.418973794058504,25.06247397131128,0.6576293033691809,0.6116596402897782,0.38834035971022196,0.7738804652659594,0.45968309937983026,0.13539709291273008,0.09481353097099844,0.6091852934830801,2.0729594820125987,0.04180442744100154,0.03747151162078725,0.006,0.08527593906178879,0.004702876079431683,12995.847200420665,0.2926992612707357,0.16891891891891891,0.126,0.009601794417968188,0.003,0.1386017944179682,2.763158271761442,hex_004,-27.86987182534821,17.57378135786131,strong_derisk,moderate_rise,0.08,Strong De-risking,Moderate Rise,strong_derisk_moderate_rise
13.844782385549287,7.978078588721675,22.661835253462645,0.7005155310898192,0.6004630197315312,0.3995369802684689,0.7199286840485629,0.43154086240663675,0.1271079539833846,0.09690008434652543,4.743127206677279,6.1186047914623884,0.03888999372100795,0.03747151162078725,0.006,0.0823615053417952,0.027363706443154584,10069.918866662772,0.22679997447438677,0.16891891891891891,0.126,0.009601794417968188,0.003,0.1386017944179682,6.762650691058614,hex_005,-17.292531780358928,13.65259902718,strong_derisk,moderate_rise,0.08,Strong De-risking,Moderate Rise,strong_derisk_moderate_rise
16.676119745579513,7.856623686919133,41.067807427085484,0.6819110852113919,0.734441984132174,0.265558015867826,0.8671582267701345,0.443314506790912,0.13057581526601564,0.043098611012822224,3.3178508392575514,4.801997999097436,0.04684322036533285,0.03747151162078725,0.006,0.09031473198612011,0.011644196039473647,10428.773166366575,0.2348822785217697,0.16891891891891891,0.126,0.009601794417968188,0.003,0.1386017944179682,5.446359918981687,hex_006,-19.866323576115764,12.818901074696605,strong_derisk,moderate_rise,0.08,Strong De-risking,Moderate Rise,strong_derisk_moderate_rise
16.04129110772281,7.778827464458064,36.62304582511168,0.6871398449911706,0.71354870705959,0.2864512929404101,0.8341471376015861,0.43994112496798693,0.129582204466043,0.0424522116230555,1.5503978583105895,2.9965205369692614,0.04505998672159337,0.03747151162078725,0.006,0.08853149834238062,0.02684840997578929,11673.037630301802,0.2629062529347253,0.16891891891891891,0.126,0.009601794417968188,0.003,0.1386017944179682,3.6823274115590436,hex_007,-19.567228336676557,17.65986896716307,strong_derisk,moderate_rise,0.08,Strong De-risking,Moderate Rise,strong_derisk_moderate_rise
17.47809395563686,9.021121114377847,34.679171286795906,0.5953060758744538,0.6703969013845756,0.32960309861542436,0.9088608856931168,0.5078078129333541,0.1495719588610232,0.11358928576407591,1.3433890854068917,3.0232190286584615,0.04909596592138395,0.03747151162078725,0.006,0.0925674775421712,0.029564986182479405,11539.267657327899,0.25989341570558333,0.16891891891891891,0.126,0.009601794417968188,0.003,0.1386017944179682,3.712765621425582,hex_008,-27.46263640789345,14.176730886712376,strong_derisk,moderate_rise,0.08,Strong De-risking,Moderate Rise,strong_derisk_moderate_rise
16.885212714051818,9.166772101256536,30.45112416470525,0.5937589726597885,0.6373654885153849,0.3626345114846151,0.8780310611306945,0.5091309611062601,0.14996168477512786,0.06668567015350724,6.614751002538529,8.218560379704119,0.047430562513771556,0.03747151162078725,0.006,0.09090207413455881,0.031239544438581485,12379.452466713108,0.27881649699804295,0.16891891891891891,0.126,0.009601794417968188,0.003,0.1386017944179682,8.92703920861219,hex_009,-23.5953687452532,20.377395925555145,strong_derisk,moderate_rise,0.08,Strong De-risking,Moderate Rise,strong_derisk_moderate_rise
12.895798036824894,7.718677124940083,19.98967576271209,0.7405195444893427,0.5781010930969509,0.421898906903049,0.6705814979148945,0.408228356247111,0.12024138532604578,0.05813395922261316,1.666026308718465,2.923211507429129,0.03622429668544113,0.03747151162078725,0.006,0.07969580830622838,0.004669315057010706,12456.729309961167,0.2805569664405668,0.16891891891891891,0.126,0.009601794417968188,0.003,0.1386017944179682,3.595654310569822,hex_010,-24.550423709209024,17.12012686421263,strong_derisk,moderate_rise,0.08,Strong De-risking,Moderate Rise,strong_derisk_moderate_rise
16.282532875865773,8.826816728063529,29.43908433974038,0.6163183001884834,0.6382874369640643,0.36171256303593585,0.8466917095450202,0.4904950515395918,0.1444725815592045,0.0747396880136107,9.909503605200964,11.465902635858392,0.04573763484830695,0.03747151162078725,0.006,0.0892091464690942,0.037163989720059236,11538.857225466014,0.25988417174473,0.16891891891891891,0.126,0.009601794417968188,0.003,0.1386017944179682,12.159680657129162,hex_011,-17.878820133816777,22.657494744809725,strong_derisk,moderate_rise,0.08,Strong De-risking,Moderate Rise,strong_derisk_moderate_rise
16.71072891683921,10.364599311141522,24.718483597138984,0.5653291145485193,0.5578806768082646,0.44211932319173547,0.868957903675639,0.5347346680652846,0.15750311384815296,0.09016348282957704,6.8721804513309985,8.523539619749652,0.046940437527401346,0.03747151162078725,0.006,0.09041194914818859,0.009593062471787438,12022.224941390175,0.2707708320132922,0.16891891891891891,0.126,0.009601794417968188,0.003,0.1386017944179682,9.201836176719807,hex_012,-21.273618559032023,20.803711428031487,strong_derisk,moderate_rise,0.08,Strong De-risking,Moderate Rise,strong_derisk_moderate_rise
13.495134039575248,10.132782711253247,16.369020196555784,0.695015754905884,0.4608365482798983,0.5391634517201016,0.7017469700579129,0.43495571759618606,0.12811378053216724,0.11607265824865683,3.413364497577954,4.794253624012877,0.037907831517166875,0.03747151162078725,0.006,0.08137934313795413,0.0018419237111369573,11555.656919022778,0.26026254322123377,0.16891891891891891,0.126,0.009601794417968188,0.003,0.1386017944179682,5.4452581474200885,hex_013,-19.12686064075004,15.373132979348576,strong_derisk,moderate_rise,0.08,Strong De-risking,Moderate Rise,strong_derisk_moderate_rise
16.147611222632634,9.803517890802171,24.554968818450583,0.588601580509494,0.5699342821972968,0.43006571780270314,0.839675783576897,0.5135920228995507,0.15127566564353587,0.05685049107906187,6.708604925236503,8.269998888435548,0.04535863992437507,0.03747151162078725,0.006,0.08883015154516233,0.02264440670864409,12454.996842640756,0.28051794690632337,0.16891891891891891,0.126,0.009601794417968188,0.003,0.1386017944179682,8.969512106932564,hex_014,-23.67902961407203,22.651637219532816,strong_derisk,moderate_rise,0.08,Strong De-risking,Moderate Rise,strong_derisk_moderate_rise
12.767049754245786,8.066927664725057,18.45673739806836,0.7367953788400392,0.547621928586724,0.45237807141327613,0.6638865872207809,0.4102917649831981,0.12084915086002743,0.1133455459941144,0.37882641890747587,1.6871994679655966,0.03586264275967642,0.03747151162078725,0.006,0.07933415438046368,0.015249916141766962,12854.344331511817,0.28951225971873457,0.16891891891891891,0.126,0.009601794417968188,0.003,0.1386017944179682,2.378816511543449,hex_015,-26.27313533858268,22.266701004955227,strong_derisk,moderate_rise,0.08,Strong De-risking,Moderate Rise,strong_derisk_moderate_rise
15.878281565644716,8.441366586131895,29.742180020906183,0.6405482785785467,0.6508623953594275,0.3491376046405725,0.8256706414135252,0.4719411268836536,0.13900762654144325,0.03370006498768368,9.871855525457873,11.342174985284178,0.04460209291789601,0.03747151162078725,0.006,0.08807360453868326,0.03369762818674228,12090.495969943706,0.2723084677915249,0.16891891891891891,0.126,0.009601794417968188,0.003,0.1386017944179682,12.043775399138015,hex_016,-22.344982555809985,16.42469730642244,strong_derisk,moderate_rise,0.08,Strong De-risking,Moderate Rise,strong_derisk_moderate_rise
13.932012092630366,7.876519456007656,23.484962252413858,0.7027124414364718,0.6120373623679505,0.38796263763204947,0.724464628816779,0.4301917236555332,0.12671057268944147,0.08063502674592399,4.620869502914149,5.982871454821827,0.0391350219681987,0.03747151162078725,0.006,0.08260653358898595,0.03283173147826078,13007.853335711716,0.2929696697232368,0.16891891891891891,0.126,0.009601794417968188,0.003,0.1386017944179682,6.698800102949198,hex_017,-28.23419292674989,15.036593455023418,strong_derisk,moderate_rise,0.08,Strong De-risking,Moderate Rise,strong_derisk_moderate_rise
16.724753178878416,9.121281168348961,29.921777259836816,0.597693023762893,0.634457179430398,0.365542820569602,0.8696871653016777,0.5057798307775927,0.14897462802867492,0.08760679738377602,8.679552664795137,10.291601086286859,0.04697983167946948,0.03747151162078725,0.006,0.09045134330025673,0.013087678461453754,11665.693610489972,0.26274084708310746,0.16891891891891891,0.126,0.009601794417968188,0.003,0.1386017944179682,10.965401668468562,hex_018,-19.06842593608901,20.554937055649656,strong_derisk,moderate_rise,0.08,Strong De-risking,Moderate Rise,strong_derisk_moderate_rise
14.738570430325542,8.423605523730165,24.427820176075095,0.6606155945342236,0.605418632293206,0.394581367706794,0.7664056623769282,0.45760511698014855,0.1347850347874253,0.040871920231941666,1.0084468436693155,2.408114578045759,0.04140064433878445,0.03747151162078725,0.006,0.0848721559595717,0.03864696892341204,10654.12098558496,0.2399576798555171,0.16891891891891891,0.126,0.009601794417968188,0.003,0.1386017944179682,3.0791120961211473,hex_019,-21.420027210535224,12.956534770530338,strong_derisk,moderate_rise,0.08,Strong De-risking,Moderate Rise,strong_derisk_moderate_rise
12.52466148710176,7.939425213133608,18.035786419910924,0.75056209656718,0.5458525918337536,0.4541474081662464,0.6512823973292915,0.4027662438569277,0.11863255058795955,0.043920054340156264,4.3637586759706855,5.58035992208502,0.035181774117268846,0.03747151162078725,0.006,0.0786532857380561,0.012033521195498014,10447.282428416382,0.2352991537931617,0.16891891891891891,0.126,0.009601794417968188,0.003,0.1386017944179682,6.213866596148624,hex_020,-19.902947118975515,13.798714834651516,strong_derisk,moderate_rise,0.08,Strong De-risking,Moderate Rise,strong_derisk_moderate_rise
18.46027816124274,8.971718300961006,41.91455509330657,0.5957409897590636,0.7119689503337961,0.28803104966620396,0.9599344643846226,0.5074370936571005,0.14946276556599197,0.06859161725949289,5.5417090113813465,7.227134952248554,0.05185492135493086,0.03747151162078725,0.006,0.0953264329757181,0.021044526479247982,11112.489351451946,0.2502812916993682,0.16891891891891891,0.126,0.009601794417968188,0.003,0.1386017944179682,7.901307916739776,hex_021,-24.74568838244158,11.103071776514078,strong_derisk,moderate_rise,0.08,Strong De-risking,Moderate Rise,strong_derisk_moderate_rise
13.215008665582985,8.10787226223883,19.820786380802485,0.7169687161045947,0.5639738879968466,0.4360261120031535,0.6871804506103152,0.4216377501911014,0.12419104751764544,0.11701152422467158,8.632847917465414,9.982868690009148,0.03712095934162261,0.03747151162078725,0.006,0.08059247096240986,0.010628326276197543,11435.906411771655,0.25756545972458683,0.16891891891891891,0.126,0.009601794417968188,0.003,0.1386017944179682,10.63917566030923,hex_022,-17.35162370726116,22.016941285029937,strong_derisk,moderate_rise,0.08,Strong De-risking,Moderate Rise,strong_derisk_moderate_rise
14.686688200457677,9.43431099012163,20.819277668318403,0.6385279224400155,0.5386567779425457,0.46134322205745415,0.7637077864237992,0.4734343883671625,0.13944745838233194,0.08424976596124199,5.989963418729315,7.450802817863851,0.04125490715508562,0.03747151162078725,0.006,0.08472641877587286,0.03796931920129278,11534.287152156292,0.2597812421656822,0.16891891891891891,0.126,0.009601794417968188,0.003,0.1386017944179682,8.140800511343585,hex_023,-18.282546544133627,20.30791199228845,strong_derisk,moderate_rise,0.08,Strong De-risking,Moderate Rise,strong_derisk_moderate_rise
15.873250029159376,9.039232727629786,26.456108335190272,0.6144944755540751,0.6076209387082598,0.3923790612917402,0.8254090015162875,0.49195084486832213,0.1449013773640922,0.11407255511161868,5.191601406072218,6.767935184932538,0.044587959331908684,0.03747151162078725,0.006,0.08805947095269594,0.006955516990628432,11768.130742302932,0.2650479896915075,0.16891891891891891,0.126,0.009601794417968188,0.003,0.1386017944179682,7.435518875904258,hex_024,-19.659398035114855,20.87231530076869,strong_derisk,moderate_rise,0.08,Strong De-risking,Moderate Rise,strong_derisk_moderate_rise
17.84282145792013,9.06295894767174,36.60565270102932,0.5910958172366668,0.6812271672164206,0.3187728327835794,0.9278267158118468,0.5114248275837595,0.1506373303514007,0.10268594103174791,3.1404137954879707,4.832988610266725,0.05012048547529765,0.03747151162078725,0.006,0.0935919970960849,0.0021433661174618743,12907.063080658188,0.29069961893374296,0.16891891891891891,0.126,0.009601794417968188,0.003,0.1386017944179682,5.526944305750903,hex_025,-26.66433550577639,21.93020643430755,strong_derisk,moderate_rise,0.08,Strong De-risking,Moderate Rise,strong_derisk_moderate_rise
15.651210504259062,10.233324284069287,21.7414459563497,0.597650783113252,0.5292119448789092,0.47078805512109095,0.8138629462214712,0.5058155781893439,0.14898515722941516,0.07286327173764329,3.8040781501782552,5.345605103556128,0.043964250306463705,0.03747151162078725,0.006,0.08743576192725096,0.01782991558795997,12279.274684369639,0.27656024063895585,0.16891891891891891,0.126,0.009601794417968188,0.003,0.1386017944179682,6.034951735047183,hex_026,-23.39934795527559,17.42482085753676,strong_derisk,moderate_rise,0.08,Strong De-risking,Moderate Rise,strong_derisk_moderate_rise
14.68893764392874,8.077217919638457,25.91084717189647,0.6770481390795704,0.6292555132347423,0.3707444867652577,0.7638247574842946,0.44649864458192634,0.1315136852919499,0.10095156525881857,5.162081137526893,6.604869790143882,0.04126122584179583,0.03747151162078725,0.006,0.08473273746258309,0.040234017609001554,13121.59716480899,0.2955314676758782,0.16891891891891891,0.126,0.009601794417968188,0.003,0.1386017944179682,7.332888726228232,hex_027,-28.47435481055325,18.962376743340517,strong_derisk,moderate_rise,0.08,Strong De-risking,Moderate Rise,strong_derisk_moderate_rise
14.475806416491954,9.175964884800521,20.846290646886768,0.6494005571383933,0.5458703004753137,0.45412969952468635,0.7527419336575817,0.46550787967882906,0.1371127494604774,0.033078555381963415,4.568617333327168,5.95705845150602,0.0406625402239259,0.03747151162078725,0.006,0.08413405184471315,0.036185673879842825,11478.573203289036,0.25852642349750077,0.16891891891891891,0.126,0.009601794417968188,0.003,0.1386017944179682,6.643425314064965,hex_028,-27.148526095189425,12.957157973787204,strong_derisk,moderate_rise,0.08,Strong De-risking,Moderate Rise,strong_derisk_moderate_rise
14.29197987435845,8.587363427631718,22.03779866825086,0.6672854383397384,0.575878672721364,0.424121327278636,0.7431829534666394,0.4530311303778694,0.13343779254639904,0.04115924371376754,0.40675167795642253,1.7775627980610977,0.04014617146707289,0.03747151162078725,0.006,0.08361768308786013,0.030433903484924647,10560.948596130236,0.23785920261554586,0.16891891891891891,0.126,0.009601794417968188,0.003,0.1386017944179682,2.4369943005863153,hex_029,-20.803412561090543,12.603421029503629,strong_derisk,moderate_rise,0.08,Strong De-risking,Moderate Rise,strong_derisk_moderate_rise
16.582434768909987,11.199697116196383,22.322557241204454,0.6434280202830696,0.5160653292212734,0.4839346707787265,0.8622866079833194,0.5418235546131343,0.1383854807119501,0.09294222555439545,7.247137486676452,8.882575355539252,0.04658005926586816,0.04406722887600833,0.006,0.0966472881418765,0.03355700641186777,11792.114861531847,0.26558817255702355,0.16891891891891891,0.126,0.009601794417968188,0.003,0.1386017944179682,9.585888535986907,hex_000,-19.71252741732844,21.42667018270944,strong_derisk,extreme_rise,0.1,Strong De-risking,Extreme Rise,strong_derisk_extreme_rise
14.562842958434688,8.77400092565976,22.508246601221582,0.7499492215386858,0.5785103769422615,0.42148962305773857,0.7572678338386039,0.46486408289375225,0.11872949972229262,0.08292881991604986,6.89404019102305,8.317830427393748,0.040907025870243044,0.04406722887600833,0.006,0.09097425474625137,0.036365922921936564,12521.435396846739,0.2820143107397914,0.16891891891891891,0.126,0.009601794417968188,0.003,0.1386017944179682,9.034705629138614,hex_001,-23.73345872297537,24.54513625407894,strong_derisk,extreme_rise,0.1,Strong De-risking,Extreme Rise,strong_derisk_extreme_rise
17.309654131592893,12.772738309929226,21.37113685566745,0.6176429832313841,0.47235339260793185,0.527646607392068,0.9001020148428305,0.5644433217123773,0.1441627255677152,0.049180145171915095,1.309504432546658,2.9673926398414965,0.048622818455644444,0.04406722887600833,0.006,0.09869004733165278,0.005976230267173878,11490.419527904183,0.25879323261045456,0.16891891891891891,0.126,0.009601794417968188,0.003,0.1386017944179682,3.638372863387665,hex_002,-18.69682496106341,15.561555013934129,strong_derisk,extreme_rise,0.1,Strong De-risking,Extreme Rise,strong_derisk_extreme_rise
17.03007133509105,10.369782262095741,25.946236089686344,0.6389966796482585,0.5724130057639996,0.4275869942360005,0.8855637094247347,0.5455810150365227,0.13934516207411976,0.10266502056713024,5.265847970035197,6.939002877137704,0.04783747038027077,0.04406722887600833,0.006,0.0979046992562791,0.02261158820309016,11811.938762576297,0.26603465681478145,0.16891891891891891,0.126,0.009601794417968188,0.003,0.1386017944179682,7.633074534748743,hex_003,-20.631583651287634,16.186435884488162,strong_derisk,extreme_rise,0.1,Strong De-risking,Extreme Rise,strong_derisk_extreme_rise
17.01590813453076,9.696343010227485,28.544667530926557,0.6576293033691809,0.6116596402897782,0.38834035971022196,0.8848272229955996,0.5301230576274264,0.13539709291273008,0.09481353097099844,0.7274995518276983,2.3726604563344527,0.04779768594989691,0.04406722887600833,0.006,0.09786491482590524,0.004702876079431683,12995.847200420665,0.2926992612707357,0.16891891891891891,0.126,0.009601794417968188,0.003,0.1386017944179682,3.075448221847412,hex_004,-27.86987182534821,17.57378135786131,strong_derisk,extreme_rise,0.1,Strong De-risking,Extreme Rise,strong_derisk_extreme_rise
15.829628606756375,9.188552958009053,25.810482783590782,0.7005155310898192,0.6004630197315312,0.3995369802684689,0.8231406875513315,0.4976684193498122,0.1271079539833846,0.09690008434652543,5.664324063685432,7.209141208916486,0.04446542675637866,0.04406722887600833,0.006,0.094532655632387,0.027363706443154584,10069.918866662772,0.22679997447438677,0.16891891891891891,0.126,0.009601794417968188,0.003,0.1386017944179682,7.865358258803302,hex_005,-17.292531780358928,13.65259902718,strong_derisk,extreme_rise,0.1,Strong De-risking,Extreme Rise,strong_derisk_extreme_rise
19.066878396720078,9.048670305210912,46.7737905911504,0.6819110852113919,0.734441984132174,0.265558015867826,0.9914776766294441,0.511246208850515,0.13057581526601564,0.043098611012822224,3.962234519468191,5.638632831226988,0.05355886141638671,0.04406722887600833,0.006,0.10362609029239504,0.011644196039473647,10428.773166366575,0.2348822785217697,0.16891891891891891,0.126,0.009601794417968188,0.003,0.1386017944179682,6.296306109417515,hex_006,-19.866323576115764,12.818901074696605,strong_derisk,extreme_rise,0.1,Strong De-risking,Extreme Rise,strong_derisk_extreme_rise
18.341038055835153,8.95907044704116,41.711471431126455,0.6871398449911706,0.71354870705959,0.2864512929404101,0.9537339789034279,0.5073559037926905,0.129582204466043,0.0424522116230555,1.8515117799817742,3.484636078766991,0.05151997589884095,0.04406722887600833,0.006,0.10158720477484928,0.02684840997578929,11673.037630301802,0.2629062529347253,0.16891891891891891,0.126,0.009601794417968188,0.003,0.1386017944179682,4.183498659789242,hex_007,-19.567228336676557,17.65986896716307,strong_derisk,extreme_rise,0.1,Strong De-risking,Extreme Rise,strong_derisk_extreme_rise
19.983827001896795,10.389851162566211,39.49751392311775,0.5953060758744538,0.6703969013845756,0.32960309861542436,1.0391590040986334,0.5856222054770145,0.1495719588610232,0.11358928576407591,1.6042983440651293,3.4922407982658763,0.0561345700483281,0.04406722887600833,0.006,0.10620179892433643,0.029564986182479405,11539.267657327899,0.25989341570558333,0.16891891891891891,0.126,0.009601794417968188,0.003,0.1386017944179682,4.195421712415163,hex_008,-27.46263640789345,14.176730886712376,strong_derisk,extreme_rise,0.1,Strong De-risking,Extreme Rise,strong_derisk_extreme_rise
19.30594781240519,10.557601052647898,34.6820196689065,0.5937589726597885,0.6373654885153849,0.3626345114846151,1.0039092862450698,0.5871481074648436,0.14996168477512786,0.06668567015350724,7.899449381458608,9.707154130097157,0.05423040740504618,0.04406722887600833,0.006,0.10429763628105451,0.031239544438581485,12379.452466713108,0.27881649699804295,0.16891891891891891,0.126,0.009601794417968188,0.003,0.1386017944179682,10.429028521151723,hex_009,-23.5953687452532,20.377395925555145,strong_derisk,extreme_rise,0.1,Strong De-risking,Extreme Rise,strong_derisk_extreme_rise
14.74459387124394,8.889793794278612,22.767052021711617,0.7405195444893427,0.5781010930969509,0.421898906903049,0.7667188813046849,0.47078360008428094,0.12024138532604578,0.05813395922261316,1.989597263577903,3.4054750895155275,0.04141756418432423,0.04406722887600833,0.006,0.09148479306033257,0.004669315057010706,12456.729309961167,0.2805569664405668,0.16891891891891891,0.126,0.009601794417968188,0.003,0.1386017944179682,4.0897068774103245,hex_010,-24.550423709209024,17.12012686421263,strong_derisk,extreme_rise,0.1,Strong De-risking,Extreme Rise,strong_derisk_extreme_rise
18.616865258299974,10.166065933608142,33.52936648850828,0.6163183001884834,0.6382874369640643,0.36171256303593585,0.9680769934315987,0.5656565073288392,0.1444725815592045,0.0747396880136107,11.834099589633137,13.58704535996639,0.052294774510564634,0.04406722887600833,0.006,0.10236200338657298,0.037163989720059236,11538.857225466014,0.25988417174473,0.16891891891891891,0.126,0.009601794417968188,0.003,0.1386017944179682,14.293976238154638,hex_011,-17.878820133816777,22.657494744809725,strong_derisk,extreme_rise,0.1,Strong De-risking,Extreme Rise,strong_derisk_extreme_rise
19.106449284305885,11.937168655320004,28.1528829498901,0.5653291145485193,0.5578806768082646,0.44211932319173547,0.9935353627839061,0.6166752217703868,0.15750311384815296,0.09016348282957704,8.206876055456236,10.06475323668826,0.053670016039615236,0.04406722887600833,0.006,0.10373724491562357,0.009593062471787438,12022.224941390175,0.2707708320132922,0.16891891891891891,0.126,0.009601794417968188,0.003,0.1386017944179682,10.75637508942585,hex_012,-21.273618559032023,20.803711428031487,strong_derisk,extreme_rise,0.1,Strong De-risking,Extreme Rise,strong_derisk_extreme_rise
15.429853203604303,11.670179670324268,18.64334063159768,0.695015754905884,0.4608365482798983,0.5391634517201016,0.8023523665874237,0.5016065529833548,0.12811378053216724,0.11607265824865683,4.076298572499121,5.624443930850724,0.043342457648924484,0.04406722887600833,0.006,0.09340968652493281,0.0018419237111369573,11555.656919022778,0.26026254322123377,0.16891891891891891,0.126,0.009601794417968188,0.003,0.1386017944179682,6.287478797644915,hex_013,-19.12686064075004,15.373132979348576,strong_derisk,extreme_rise,0.1,Strong De-risking,Extreme Rise,strong_derisk_extreme_rise
18.46260066950302,11.290957128671062,27.966649340255383,0.588601580509494,0.5699342821972968,0.43006571780270314,0.9600552348141569,0.5922927641235605,0.15127566564353587,0.05685049107906187,8.01153134967169,9.772005505332006,0.05186144528063398,0.04406722887600833,0.006,0.10192867415664231,0.02264440670864409,12454.996842640756,0.28051794690632337,0.16891891891891891,0.126,0.009601794417968188,0.003,0.1386017944179682,10.484617246440502,hex_014,-23.67902961407203,22.651637219532816,strong_derisk,extreme_rise,0.1,Strong De-risking,Extreme Rise,strong_derisk_extreme_rise
14.597387693477486,9.290882664472631,21.02112637948468,0.7367953788400392,0.547621928586724,0.45237807141327613,0.7590641600608293,0.4731631971366533,0.12084915086002743,0.1133455459941144,0.4524010230121144,1.9188230770637387,0.04100406203097826,0.04406722887600833,0.006,0.0910712909069866,0.015249916141766962,12854.344331511817,0.28951225971873457,0.16891891891891891,0.126,0.009601794417968188,0.003,0.1386017944179682,2.6221772571681137,hex_015,-26.27313533858268,22.266701004955227,strong_derisk,extreme_rise,0.1,Strong De-risking,Extreme Rise,strong_derisk_extreme_rise
18.15465878033661,9.722133349788056,33.874574445984514,0.6405482785785467,0.6508623953594275,0.3491376046405725,0.9440422565775038,0.5442594551360032,0.13900762654144325,0.03370006498768368,11.789139605481727,13.450149008724361,0.05099643651396554,0.04406722887600833,0.006,0.10106366538997388,0.03369762818674228,12090.495969943706,0.2723084677915249,0.16891891891891891,0.126,0.009601794417968188,0.003,0.1386017944179682,14.16473948342949,hex_016,-22.344982555809985,16.42469730642244,strong_derisk,extreme_rise,0.1,Strong De-risking,Extreme Rise,strong_derisk_extreme_rise
15.929363931452478,9.071584760850474,26.747975488727842,0.7027124414364718,0.6120373623679505,0.38796263763204947,0.8283269244355289,0.49611254409387273,0.12671057268944147,0.08063502674592399,5.518321811748877,7.050106879713645,0.04474558328345002,0.04406722887600833,0.006,0.09481281215945836,0.03283173147826078,13007.853335711716,0.2929696697232368,0.16891891891891891,0.126,0.009601794417968188,0.003,0.1386017944179682,7.778241806411488,hex_017,-28.23419292674989,15.036593455023418,strong_derisk,extreme_rise,0.1,Strong De-risking,Extreme Rise,strong_derisk_extreme_rise
19.122484123524174,10.505208005690278,34.07912502150294,0.597693023762893,0.634457179430398,0.365542820569602,0.9943691744232571,0.5832834636292579,0.14897462802867492,0.08760679738377602,10.365271028787147,12.179505092252112,0.05371505790297941,0.04406722887600833,0.006,0.10378228677898774,0.013087678461453754,11665.693610489972,0.26274084708310746,0.16891891891891891,0.126,0.009601794417968188,0.003,0.1386017944179682,12.866636617912546,hex_018,-19.06842593608901,20.554937055649656,strong_derisk,extreme_rise,0.1,Strong De-risking,Extreme Rise,strong_derisk_extreme_rise
16.8515538640818,9.701677489313138,27.82183459739434,0.6606155945342236,0.605418632293206,0.394581367706794,0.8762808009322537,0.52772665370285,0.1347850347874253,0.040871920231941666,1.2043045599751672,2.7839689696296377,0.04733601480420578,0.04406722887600833,0.006,0.09740324368021411,0.03864696892341204,10654.12098558496,0.2399576798555171,0.16891891891891891,0.126,0.009601794417968188,0.003,0.1386017944179682,3.4674975754256683,hex_019,-21.420027210535224,12.956534770530338,strong_derisk,extreme_rise,0.1,Strong De-risking,Extreme Rise,strong_derisk_extreme_rise
14.320249625093687,9.144034897094128,20.541688246917367,0.75056209656718,0.5458525918337536,0.4541474081662464,0.7446529805048717,0.4644844959290594,0.11863255058795955,0.043920054340156264,5.211275641441724,6.582965722803771,0.04022558119688817,0.04406722887600833,0.006,0.0902928100728965,0.012033521195498014,10447.282428416382,0.2352991537931617,0.16891891891891891,0.126,0.009601794417968188,0.003,0.1386017944179682,7.228111921202215,hex_020,-19.902947118975515,13.798714834651516,strong_derisk,extreme_rise,0.1,Strong De-risking,Extreme Rise,strong_derisk_extreme_rise
21.1068212653813,10.332952704835174,47.73818583172147,0.5957409897590636,0.7119689503337961,0.28803104966620396,1.0975547057998276,0.5851946786949463,0.14946276556599197,0.06859161725949289,6.618004185702527,8.518807953022787,0.05928906093445607,0.04406722887600833,0.006,0.10935628981046441,0.021044526479247982,11112.489351451946,0.2502812916993682,0.16891891891891891,0.126,0.009601794417968188,0.003,0.1386017944179682,9.207010774348753,hex_021,-24.74568838244158,11.103071776514078,strong_derisk,extreme_rise,0.1,Strong De-risking,Extreme Rise,strong_derisk_extreme_rise
15.109567878046956,9.338039583073499,22.57469705860495,0.7169687161045947,0.5639738879968466,0.4360261120031535,0.7856975296584416,0.4862477947177345,0.12419104751764544,0.11701152422467158,10.309495416483166,11.82264331260166,0.0424427761694339,0.04406722887600833,0.006,0.09251000504544224,0.010628326276197543,11435.906411771655,0.25756545972458683,0.16891891891891891,0.126,0.009601794417968188,0.003,0.1386017944179682,12.490867816984773,hex_022,-17.35162370726116,22.016941285029937,strong_derisk,extreme_rise,0.1,Strong De-risking,Extreme Rise,strong_derisk_extreme_rise
16.79223357957117,10.865732292685948,23.711919260503063,0.6385279224400155,0.5386567779425457,0.46134322205745415,0.8731961461377009,0.5459815379024634,0.13944745838233194,0.08424976596124199,7.153317306257193,8.796192214640932,0.04716938412501542,0.04406722887600833,0.006,0.09723661300102376,0.03796931920129278,11534.287152156292,0.2597812421656822,0.16891891891891891,0.126,0.009601794417968188,0.003,0.1386017944179682,9.498700102345817,hex_023,-18.282546544133627,20.30791199228845,strong_derisk,extreme_rise,0.1,Strong De-risking,Extreme Rise,strong_derisk_extreme_rise
18.148905901622722,10.410710761236459,30.131934199896936,0.6144944755540751,0.6076209387082598,0.3923790612917402,0.9437431068843815,0.5673353804737109,0.1449013773640922,0.11407255511161868,6.199899663681702,7.969952083515505,0.050980276677658226,0.04406722887600833,0.006,0.10104750555366657,0.006955516990628432,11768.130742302932,0.2650479896915075,0.16891891891891891,0.126,0.009601794417968188,0.003,0.1386017944179682,8.650523809088194,hex_024,-19.659398035114855,20.87231530076869,strong_derisk,extreme_rise,0.1,Strong De-risking,Extreme Rise,strong_derisk_extreme_rise
20.400843372615647,10.43803684319021,41.691661697066536,0.5910958172366668,0.6812271672164206,0.3187728327835794,1.0608438553760138,0.5897934766604516,0.1506373303514007,0.10268594103174791,3.7503361509407065,5.65429675436032,0.05730596903367736,0.04406722887600833,0.006,0.10737319790968569,0.0021433661174618743,12907.063080658188,0.29069961893374296,0.16891891891891891,0.126,0.009601794417968188,0.003,0.1386017944179682,6.362033650658099,hex_025,-26.66433550577639,21.93020643430755,strong_derisk,extreme_rise,0.1,Strong De-risking,Extreme Rise,strong_derisk_extreme_rise
17.895033856738777,11.785975918258915,24.762214104481703,0.597650783113252,0.5292119448789092,0.47078805512109095,0.9305417605504165,0.5833246888281945,0.14898515722941516,0.07286327173764329,4.542895534376661,6.27861041272233,0.05026715010357923,0.04406722887600833,0.006,0.10033437897958757,0.01782991558795997,12279.274684369639,0.27656024063895585,0.16891891891891891,0.126,0.009601794417968188,0.003,0.1386017944179682,6.98085566126572,hex_026,-23.39934795527559,17.42482085753676,strong_derisk,extreme_rise,0.1,Strong De-risking,Extreme Rise,strong_derisk_extreme_rise
16.794805512717332,9.302734208822779,29.510914158477078,0.6770481390795704,0.6292555132347423,0.3707444867652577,0.8733298866613013,0.5149182708949035,0.1315136852919499,0.10095156525881857,6.164646051412491,7.785359459519464,0.04717660868522299,0.04406722887600833,0.006,0.09724383756123132,0.040234017609001554,13121.59716480899,0.2955314676758782,0.16891891891891891,0.126,0.009601794417968188,0.003,0.1386017944179682,8.525889495702462,hex_027,-28.47435481055325,18.962376743340517,strong_derisk,extreme_rise,0.1,Strong De-risking,Extreme Rise,strong_derisk_extreme_rise
16.55111889628139,10.568188611730712,23.742685436784647,0.6494005571383933,0.5458703004753137,0.45412969952468635,0.8606581826066323,0.5368404034386584,0.1371127494604774,0.033078555381963415,5.455921372402734,7.023611263290465,0.046492092979654426,0.04406722887600833,0.006,0.09655932185566277,0.036185673879842825,11478.573203289036,0.25852642349750077,0.16891891891891891,0.126,0.009601794417968188,0.003,0.1386017944179682,7.7224033958603595,hex_028,-27.148526095189425,12.957157973787204,strong_derisk,extreme_rise,0.1,Strong De-risking,Extreme Rise,strong_derisk_extreme_rise
16.340938208062344,9.890281569300408,25.099742220931432,0.6672854383397384,0.575878672721364,0.424121327278636,0.8497287868192419,0.5224517680992278,0.13343779254639904,0.04115924371376754,0.48574984751610795,2.032527438694744,0.04590169542644713,0.04406722887600833,0.006,0.09596892430245546,0.030433903484924647,10560.948596130236,0.23785920261554586,0.16891891891891891,0.126,0.009601794417968188,0.003,0.1386017944179682,2.7043101824345572,hex_029,-20.803412561090543,12.603421029503629,strong_derisk,extreme_rise,0.1,Strong De-risking,Extreme Rise,strong_derisk_extreme_rise
