dataset,molecules,tasks,avg_atoms,median_atoms,positive_rate_mean
bace,1513,1,64.70522141440846,63.0,0.456708526107072
bbbp,2039,1,46.37910740559098,44.0,0.7650809220205983
clintox,1477,2,50.5781990521327,45.0,0.506093432633717
hiv,3000,1,36.47566666666667,33.0,0.03166666666666667
muv,4000,17,43.17925,43.0,0.0021097716079127174
