dataset,roc_auc_gain
bace,-0.011682037768994125
bbbp,-0.009481837606837518
clintox,0.05052718789717858
hiv,0.11559018026995194
muv,-0.014160873056989653
