region,region_folder,data_group,dataset_id,year,unit,annual_change,annual_error,n_segments
north_asia,10_north_asia,combined,DUS-combined_Dussaillant_et_al,2000,mwe,-0.37151208482472,0.23562011099474803,2
north_asia,10_north_asia,combined,DUS-combined_Dussaillant_et_al,2001,mwe,-0.5407392360060694,0.23548743816813486,2
north_asia,10_north_asia,combined,DUS-combined_Dussaillant_et_al,2002,mwe,-0.47019170527053417,0.23558228158251018,2
north_asia,10_north_asia,combined,DUS-combined_Dussaillant_et_al,2003,mwe,-0.2913890836787234,0.2357402017658347,2
north_asia,10_north_asia,combined,DUS-combined_Dussaillant_et_al,2004,mwe,-0.3380497666041164,0.23560775746219104,2
north_asia,10_north_asia,combined,DUS-combined_Dussaillant_et_al,2005,mwe,-0.3224553862848568,0.23558021374691343,2
north_asia,10_north_asia,combined,DUS-combined_Dussaillant_et_al,2006,mwe,-0.5820388183301206,0.23571050697603776,2
north_asia,10_north_asia,combined,DUS-combined_Dussaillant_et_al,2007,mwe,-0.6966487495795792,0.23576324717934596,2
north_asia,10_north_asia,combined,DUS-combined_Dussaillant_et_al,2008,mwe,-0.6973987921731558,0.2356507369177252,2
north_asia,10_north_asia,combined,DUS-combined_Dussaillant_et_al,2009,mwe,0.10834215352035627,0.23560317825224103,2
north_asia,10_north_asia,combined,DUS-combined_Dussaillant_et_al,2010,mwe,-0.40271266864795596,0.23552582941901176,2
north_asia,10_north_asia,combined,DUS-combined_Dussaillant_et_al,2011,mwe,-0.7267751003527265,0.23568237497256736,2
north_asia,10_north_asia,combined,DUS-combined_Dussaillant_et_al,2012,mwe,-0.8999002215474061,0.23798335097662154,2
north_asia,10_north_asia,combined,DUS-combined_Dussaillant_et_al,2013,mwe,-0.6311014254599154,0.2571125351370104,2
north_asia,10_north_asia,combined,DUS-combined_Dussaillant_et_al,2014,mwe,-0.7847499170690644,0.25704335446475196,2
north_asia,10_north_asia,combined,DUS-combined_Dussaillant_et_al,2015,mwe,-0.7337753157663461,0.2570888395571289,2
north_asia,10_north_asia,combined,DUS-combined_Dussaillant_et_al,2016,mwe,-0.4384565411733351,0.25711926688118236,2
north_asia,10_north_asia,combined,DUS-combined_Dussaillant_et_al,2017,mwe,-0.8651728483042791,0.2570472613362965,2
north_asia,10_north_asia,combined,DUS-combined_Dussaillant_et_al,2018,mwe,-0.49481459745217654,0.2550302759178257,2
north_asia,10_north_asia,combined,DUS-combined_Dussaillant_et_al,2019,mwe,-0.47963886094378383,0.23568132502570843,2
north_asia,10_north_asia,combined,DUS-combined_Dussaillant_et_al,2020,mwe,-0.6155884467344888,0.2358638883992986,2
north_asia,10_north_asia,combined,DUS-combined_Dussaillant_et_al,2021,mwe,-0.7248148908656236,0.23557870315829757,2
north_asia,10_north_asia,combined,DUS-combined_Dussaillant_et_al,2022,mwe,-0.9164934806161606,0.2354778819952749,2
north_asia,10_north_asia,combined,DUS-combined_Dussaillant_et_al,2023,mwe,-0.8143155019565173,0.23672166789515617,2
north_asia,10_north_asia,combined,Huss_Huss_et_al,2000,mwe,0.131275,0.2052955430592686,2
north_asia,10_north_asia,combined,Huss_Huss_et_al,2001,mwe,-0.949225,0.3490107170632444,2
north_asia,10_north_asia,combined,Huss_Huss_et_al,2002,mwe,-1.5910499999999999,0.4084978312365929,2
north_asia,10_north_asia,combined,Huss_Huss_et_al,2003,mwe,-1.297825,0.270298683172893,2
north_asia,10_north_asia,combined,Huss_Huss_et_al,2004,mwe,0.032075000000000006,0.34869674951883334,2
north_asia,10_north_asia,combined,Huss_Huss_et_al,2005,mwe,-0.007699999999999985,0.1715905828564027,2
north_asia,10_north_asia,combined,Huss_Huss_et_al,2006,mwe,-0.45349999999999996,0.22281412937693154,2
north_asia,10_north_asia,combined,Huss_Huss_et_al,2007,mwe,-0.512675,0.21662449797979913,2
north_asia,10_north_asia,combined,Huss_Huss_et_al,2008,mwe,-0.24882500000000002,0.1544215597803623,2
north_asia,10_north_asia,combined,Huss_Huss_et_al,2009,mwe,-0.14354999999999998,0.14278144574838847,2
north_asia,10_north_asia,combined,Huss_Huss_et_al,2010,mwe,-0.43145,0.12140637596518562,2
north_asia,10_north_asia,combined,Huss_Huss_et_al,2011,mwe,-1.14995,0.13132952828667283,2
north_asia,10_north_asia,combined,Huss_Huss_et_al,2012,mwe,-0.5672750000000001,0.1330037710931536,2
north_asia,10_north_asia,combined,Huss_Huss_et_al,2013,mwe,0.2764,0.15615292584514706,2
north_asia,10_north_asia,combined,Huss_Huss_et_al,2014,mwe,0.08107500000000001,0.18935911979622214,2
north_asia,10_north_asia,combined,Huss_Huss_et_al,2015,mwe,-1.076475,0.16414020302777746,2
north_asia,10_north_asia,combined,Huss_Huss_et_al,2016,mwe,-0.5301499999999999,0.12755650218628606,2
north_asia,10_north_asia,combined,Huss_Huss_et_al,2017,mwe,-1.074725,0.18213843807664543,2
north_asia,10_north_asia,combined,Huss_Huss_et_al,2018,mwe,-0.8426,0.19120366268719854,2
north_asia,10_north_asia,combined,Huss_Huss_et_al,2019,mwe,-0.294775,0.14010926316628747,2
north_asia,10_north_asia,combined,Huss_Huss_et_al,2020,mwe,-0.31752499999999995,0.17286487678241638,2
north_asia,10_north_asia,combined,Huss_Huss_et_al,2021,mwe,0.052725,0.168375,1
north_asia,10_north_asia,demdiff,ETH_Hugonnet_et_al,2000,m,-0.51,0.21200000000000002,1
north_asia,10_north_asia,demdiff,ETH_Hugonnet_et_al,2001,m,-0.51,0.21200000000000002,1
north_asia,10_north_asia,demdiff,ETH_Hugonnet_et_al,2002,m,-0.51,0.21200000000000002,1
north_asia,10_north_asia,demdiff,ETH_Hugonnet_et_al,2003,m,-0.51,0.21200000000000002,1
north_asia,10_north_asia,demdiff,ETH_Hugonnet_et_al,2004,m,-0.51,0.21200000000000002,1
north_asia,10_north_asia,demdiff,ETH_Hugonnet_et_al,2005,m,-0.5910000000000001,0.192,1
north_asia,10_north_asia,demdiff,ETH_Hugonnet_et_al,2006,m,-0.5910000000000001,0.192,1
north_asia,10_north_asia,demdiff,ETH_Hugonnet_et_al,2007,m,-0.5910000000000001,0.192,1
north_asia,10_north_asia,demdiff,ETH_Hugonnet_et_al,2008,m,-0.5910000000000001,0.192,1
north_asia,10_north_asia,demdiff,ETH_Hugonnet_et_al,2009,m,-0.5910000000000001,0.192,1
north_asia,10_north_asia,demdiff,ETH_Hugonnet_et_al,2010,m,-0.652,0.20400000000000001,1
north_asia,10_north_asia,demdiff,ETH_Hugonnet_et_al,2011,m,-0.652,0.20400000000000001,1
north_asia,10_north_asia,demdiff,ETH_Hugonnet_et_al,2012,m,-0.652,0.20400000000000001,1
north_asia,10_north_asia,demdiff,ETH_Hugonnet_et_al,2013,m,-0.652,0.20400000000000001,1
north_asia,10_north_asia,demdiff,ETH_Hugonnet_et_al,2014,m,-0.652,0.20400000000000001,1
north_asia,10_north_asia,demdiff,ETH_Hugonnet_et_al,2015,m,-0.6990000000000001,0.22999999999999998,1
north_asia,10_north_asia,demdiff,ETH_Hugonnet_et_al,2016,m,-0.6990000000000001,0.22999999999999998,1
north_asia,10_north_asia,demdiff,ETH_Hugonnet_et_al,2017,m,-0.6990000000000001,0.22999999999999998,1
north_asia,10_north_asia,demdiff,ETH_Hugonnet_et_al,2018,m,-0.6990000000000001,0.22999999999999998,1
north_asia,10_north_asia,demdiff,ETH_Hugonnet_et_al,2019,m,-0.6990000000000001,0.22999999999999998,1
north_asia,10_north_asia,glaciological,UZH_GlaciolSineWave_Zemp_et_al,2000,mwe,-0.521825255133764,0.40598285883635693,12
north_asia,10_north_asia,glaciological,UZH_GlaciolSineWave_Zemp_et_al,2001,mwe,-0.2845861852763817,0.1699187716911274,12
north_asia,10_north_asia,glaciological,UZH_GlaciolSineWave_Zemp_et_al,2002,mwe,-0.3981919809982393,0.1901759862280777,12
north_asia,10_north_asia,glaciological,UZH_GlaciolSineWave_Zemp_et_al,2003,mwe,-0.2542992955115507,0.16804533825056886,12
north_asia,10_north_asia,glaciological,UZH_GlaciolSineWave_Zemp_et_al,2004,mwe,-0.15929450969290138,0.19009434926102065,12
north_asia,10_north_asia,glaciological,UZH_GlaciolSineWave_Zemp_et_al,2005,mwe,0.08667817619736318,0.14624631454243947,12
north_asia,10_north_asia,glaciological,UZH_GlaciolSineWave_Zemp_et_al,2006,mwe,-0.3496113539216371,0.22775772601499333,12
north_asia,10_north_asia,glaciological,UZH_GlaciolSineWave_Zemp_et_al,2007,mwe,-0.48762603328212417,0.22988123195758783,12
north_asia,10_north_asia,glaciological,UZH_GlaciolSineWave_Zemp_et_al,2008,mwe,-0.7394893780483938,0.2947280027003548,12
north_asia,10_north_asia,glaciological,UZH_GlaciolSineWave_Zemp_et_al,2009,mwe,0.1287217101589886,0.16482064920734082,12
north_asia,10_north_asia,glaciological,UZH_GlaciolSineWave_Zemp_et_al,2010,mwe,-1.3313839619964714,0.3871618784765373,12
north_asia,10_north_asia,glaciological,UZH_GlaciolSineWave_Zemp_et_al,2011,mwe,-0.9092942137531965,0.2806501164632016,12
north_asia,10_north_asia,glaciological,UZH_GlaciolSineWave_Zemp_et_al,2012,mwe,-0.761544532093605,0.25023333596246733,12
north_asia,10_north_asia,glaciological,UZH_GlaciolSineWave_Zemp_et_al,2013,mwe,-0.5109487885916357,0.15846884943136993,12
north_asia,10_north_asia,glaciological,UZH_GlaciolSineWave_Zemp_et_al,2014,mwe,-0.1705955534401869,0.08877517727322817,12
north_asia,10_north_asia,glaciological,UZH_GlaciolSineWave_Zemp_et_al,2015,mwe,-0.7903293232154787,0.2700997069245971,12
north_asia,10_north_asia,glaciological,UZH_GlaciolSineWave_Zemp_et_al,2016,mwe,-0.7855691280856426,0.283698844187982,12
north_asia,10_north_asia,glaciological,UZH_GlaciolSineWave_Zemp_et_al,2017,mwe,-0.7130008741178638,0.25130583955763447,12
north_asia,10_north_asia,glaciological,UZH_GlaciolSineWave_Zemp_et_al,2018,mwe,-0.6406040474861305,0.23317442759969095,12
north_asia,10_north_asia,glaciological,UZH_GlaciolSineWave_Zemp_et_al,2019,mwe,-0.35041580077940543,0.20488129872649014,12
north_asia,10_north_asia,glaciological,UZH_GlaciolSineWave_Zemp_et_al,2020,mwe,-0.5518256433914801,0.26716150966306074,12
north_asia,10_north_asia,glaciological,UZH_GlaciolSineWave_Zemp_et_al,2021,mwe,-0.7022329501249449,0.3247116938788182,12
north_asia,10_north_asia,glaciological,UZH_GlaciolSineWave_Zemp_et_al,2022,mwe,-0.8010570831007016,0.3746492847710179,12
north_asia,10_north_asia,glaciological,UZH_GlaciolSineWave_Zemp_et_al,2023,mwe,-0.8759423325857978,0.4390026863454294,12
north_asia,10_north_asia,glaciological,WGMS-beta_WGMS,2000,mwe,0.2825,0.32254102280135677,2
north_asia,10_north_asia,glaciological,WGMS-beta_WGMS,2001,mwe,0.06783333333333333,0.32246077108657006,2
north_asia,10_north_asia,glaciological,WGMS-beta_WGMS,2002,mwe,0.1903333333333333,0.32246077108657006,2
north_asia,10_north_asia,glaciological,WGMS-beta_WGMS,2003,mwe,0.41641666666666666,0.32246077108657006,2
north_asia,10_north_asia,glaciological,WGMS-beta_WGMS,2004,mwe,0.29841666666666666,0.32246077108657006,2
north_asia,10_north_asia,glaciological,WGMS-beta_WGMS,2005,mwe,0.2441666666666667,0.32261452445565025,2
north_asia,10_north_asia,glaciological,WGMS-beta_WGMS,2006,mwe,-0.037666666666666626,0.3239950213965415,2
north_asia,10_north_asia,glaciological,WGMS-beta_WGMS,2007,mwe,-0.12541666666666662,0.32388440410596914,2
north_asia,10_north_asia,glaciological,WGMS-beta_WGMS,2008,mwe,-0.11083333333333334,0.3228463626707684,2
north_asia,10_north_asia,glaciological,WGMS-beta_WGMS,2009,mwe,0.6966666666666668,0.32247910612897907,2
north_asia,10_north_asia,glaciological,WGMS-beta_WGMS,2010,mwe,0.18616666666666662,0.32247910612897907,2
north_asia,10_north_asia,glaciological,WGMS-beta_WGMS,2011,mwe,-0.06216666666666673,0.32247910612897907,2
north_asia,10_north_asia,glaciological,WGMS-beta_WGMS,2012,mwe,-0.21087500000000003,0.33043054607387173,2
north_asia,10_north_asia,glaciological,WGMS-beta_WGMS,2013,mwe,0.056875,0.3948524949637047,2
north_asia,10_north_asia,glaciological,WGMS-beta_WGMS,2014,mwe,-0.12925,0.3948618513707691,2
north_asia,10_north_asia,glaciological,WGMS-beta_WGMS,2015,mwe,-0.072125,0.39494604905980685,2
north_asia,10_north_asia,glaciological,WGMS-beta_WGMS,2016,mwe,0.23750000000000004,0.39494604905980685,2
north_asia,10_north_asia,glaciological,WGMS-beta_WGMS,2017,mwe,-0.227375,0.39494604905980685,2
north_asia,10_north_asia,glaciological,WGMS-beta_WGMS,2018,mwe,0.15741666666666665,0.38831792358712935,2
north_asia,10_north_asia,glaciological,WGMS-beta_WGMS,2019,mwe,0.16099999999999995,0.3225821971060172,2
north_asia,10_north_asia,glaciological,WGMS-beta_WGMS,2020,mwe,0.07191666666666668,0.32247910612897907,2
north_asia,10_north_asia,glaciological,WGMS-beta_WGMS,2021,mwe,-0.13874999999999998,0.32247910612897907,2
north_asia,10_north_asia,glaciological,WGMS-beta_WGMS,2022,mwe,-0.3531666666666667,0.3224772726716495,2
north_asia,10_north_asia,glaciological,WGMS-beta_WGMS,2023,mwe,-0.1898333333333333,0.3262672897736617,2
north_asia,10_north_asia,gravimetry,Jacob_2012_dmdt_Jacob_et_al,2003,Gt,2.999999999999971,5.999999999999942,1
north_asia,10_north_asia,gravimetry,Jacob_2012_dmdt_Jacob_et_al,2004,Gt,2.999999999999971,5.999999999999942,1
north_asia,10_north_asia,gravimetry,Jacob_2012_dmdt_Jacob_et_al,2005,Gt,2.999999999999971,5.999999999999942,1
north_asia,10_north_asia,gravimetry,Jacob_2012_dmdt_Jacob_et_al,2006,Gt,2.999999999999971,5.999999999999942,1
north_asia,10_north_asia,gravimetry,Jacob_2012_dmdt_Jacob_et_al,2007,Gt,2.999999999999971,5.999999999999942,1
north_asia,10_north_asia,gravimetry,Jacob_2012_dmdt_Jacob_et_al,2008,Gt,2.999999999999971,5.999999999999942,1
north_asia,10_north_asia,gravimetry,Jacob_2012_dmdt_Jacob_et_al,2009,Gt,2.999999999999971,5.999999999999942,1
north_asia,10_north_asia,gravimetry,Jacob_2012_dmdt_Jacob_et_al,2010,Gt,2.750000000000201,5.500000000000402,1
north_asia,10_north_asia,gravimetry,Sasgen_AWIarc_RL01_2_Sasgen_et_al,2002,Gt,-46.864516129035664,103.21449257409328,9
north_asia,10_north_asia,gravimetry,Sasgen_AWIarc_RL01_2_Sasgen_et_al,2003,Gt,21.332040364688496,143.23269151892666,12
north_asia,10_north_asia,gravimetry,Sasgen_AWIarc_RL01_2_Sasgen_et_al,2004,Gt,46.43069288702856,154.3904538322573,12
north_asia,10_north_asia,gravimetry,Sasgen_AWIarc_RL01_2_Sasgen_et_al,2005,Gt,9.741782877316819,119.04126133328867,12
north_asia,10_north_asia,gravimetry,Sasgen_AWIarc_RL01_2_Sasgen_et_al,2006,Gt,-21.383870967740325,117.53989633900004,12
north_asia,10_north_asia,gravimetry,Sasgen_AWIarc_RL01_2_Sasgen_et_al,2007,Gt,-8.212925431430733,107.17147878832162,12
north_asia,10_north_asia,gravimetry,Sasgen_AWIarc_RL01_2_Sasgen_et_al,2008,Gt,14.699391280002569,113.97492269634422,12
north_asia,10_north_asia,gravimetry,Sasgen_AWIarc_RL01_2_Sasgen_et_al,2009,Gt,27.633856732068175,136.1294028514428,12
north_asia,10_north_asia,gravimetry,Sasgen_AWIarc_RL01_2_Sasgen_et_al,2010,Gt,3.8753665689202847,142.29946446579308,12
north_asia,10_north_asia,gravimetry,Sasgen_AWIarc_RL01_2_Sasgen_et_al,2011,Gt,-20.465267873812856,134.96229699378927,12
north_asia,10_north_asia,gravimetry,Sasgen_AWIarc_RL01_2_Sasgen_et_al,2012,Gt,-9.653496468634971,198.73221412022806,12
north_asia,10_north_asia,gravimetry,Sasgen_AWIarc_RL01_2_Sasgen_et_al,2013,Gt,-0.8730538393371035,113.61542543913272,12
north_asia,10_north_asia,gravimetry,Sasgen_AWIarc_RL01_2_Sasgen_et_al,2014,Gt,18.691044776146462,86.90749406201435,12
north_asia,10_north_asia,gravimetry,Sasgen_AWIarc_RL01_2_Sasgen_et_al,2015,Gt,32.735537502091,155.11837071802515,12
north_asia,10_north_asia,gravimetry,Sasgen_AWIarc_RL01_2_Sasgen_et_al,2016,Gt,5.020829105160658,109.3580605320312,12
north_asia,10_north_asia,gravimetry,Sasgen_AWIarc_RL01_2_Sasgen_et_al,2017,Gt,-69.57735747507705,110.87239055652604,12
north_asia,10_north_asia,gravimetry,Sasgen_AWIarc_RL01_2_Sasgen_et_al,2018,Gt,45.70252673681793,70.85644665498882,12
north_asia,10_north_asia,gravimetry,Sasgen_AWIarc_RL01_2_Sasgen_et_al,2019,Gt,-58.977393989131144,112.69423540202654,12
north_asia,10_north_asia,gravimetry,Sasgen_AWIarc_RL01_2_Sasgen_et_al,2020,Gt,53.69197133159638,118.11076801123124,12
north_asia,10_north_asia,gravimetry,Sasgen_AWIarc_RL01_2_Sasgen_et_al,2021,Gt,54.62703556075327,122.31120661861812,12
north_asia,10_north_asia,gravimetry,Sasgen_AWIarc_RL01_2_Sasgen_et_al,2022,Gt,-58.18419354839074,129.3232445335139,11
north_asia,10_north_asia,gravimetry,Wouters_Wouters_et_al,2002,Gt,-27.1471790434847,50.10161286113932,10
north_asia,10_north_asia,gravimetry,Wouters_Wouters_et_al,2003,Gt,4.278836335035107,45.03767494425747,12
north_asia,10_north_asia,gravimetry,Wouters_Wouters_et_al,2004,Gt,-4.135650220836801,44.862467842563525,12
north_asia,10_north_asia,gravimetry,Wouters_Wouters_et_al,2005,Gt,17.826820014564,39.69008710060186,12
north_asia,10_north_asia,gravimetry,Wouters_Wouters_et_al,2006,Gt,-9.046666596394397,39.37403180120957,12
north_asia,10_north_asia,gravimetry,Wouters_Wouters_et_al,2007,Gt,-14.7637020530405,38.43141825078917,12
north_asia,10_north_asia,gravimetry,Wouters_Wouters_et_al,2008,Gt,-2.8337975677842095,36.84810364145619,12
north_asia,10_north_asia,gravimetry,Wouters_Wouters_et_al,2009,Gt,38.32775927551427,37.623818994246925,12
north_asia,10_north_asia,gravimetry,Wouters_Wouters_et_al,2010,Gt,3.5183827338431115,37.15647321163375,12
north_asia,10_north_asia,gravimetry,Wouters_Wouters_et_al,2011,Gt,-25.28891247117078,31.115013388796292,12
north_asia,10_north_asia,gravimetry,Wouters_Wouters_et_al,2012,Gt,36.81170083894739,31.635793936761985,12
north_asia,10_north_asia,gravimetry,Wouters_Wouters_et_al,2013,Gt,5.463596627589009,25.80485162376526,12
north_asia,10_north_asia,gravimetry,Wouters_Wouters_et_al,2014,Gt,-9.992498872541224,26.548113962084752,12
north_asia,10_north_asia,gravimetry,Wouters_Wouters_et_al,2015,Gt,1.7611882179042233,32.66471660227653,12
north_asia,10_north_asia,gravimetry,Wouters_Wouters_et_al,2016,Gt,23.80388151201331,21.492134544995018,12
north_asia,10_north_asia,gravimetry,Wouters_Wouters_et_al,2017,Gt,-23.52975085145215,24.784745678699807,12
north_asia,10_north_asia,gravimetry,Wouters_Wouters_et_al,2018,Gt,-1.4687335057401611,18.260419524832756,12
north_asia,10_north_asia,gravimetry,Wouters_Wouters_et_al,2019,Gt,-6.814638597339599,32.30493309866425,12
north_asia,10_north_asia,gravimetry,Wouters_Wouters_et_al,2020,Gt,3.498699599058999,34.32614707411883,12
north_asia,10_north_asia,gravimetry,Wouters_Wouters_et_al,2021,Gt,-53.55195133059512,30.41956101938266,10
central_europe,11_central_europe,combined,DUS-combined_Dussaillant_et_al,2000,mwe,-0.2536396314029162,0.226395694463057,2
central_europe,11_central_europe,combined,DUS-combined_Dussaillant_et_al,2001,mwe,0.16514162688594228,0.2252241668931053,2
central_europe,11_central_europe,combined,DUS-combined_Dussaillant_et_al,2002,mwe,-0.8112030265171731,0.22456566059453542,2
central_europe,11_central_europe,combined,DUS-combined_Dussaillant_et_al,2003,mwe,-1.6685087523252726,0.2247449889629893,2
central_europe,11_central_europe,combined,DUS-combined_Dussaillant_et_al,2004,mwe,-0.719384270173024,0.22587798745914311,2
central_europe,11_central_europe,combined,DUS-combined_Dussaillant_et_al,2005,mwe,-1.0109005878207782,0.22490054842012874,2
central_europe,11_central_europe,combined,DUS-combined_Dussaillant_et_al,2006,mwe,-1.0943441339782707,0.22467694796877782,2
central_europe,11_central_europe,combined,DUS-combined_Dussaillant_et_al,2007,mwe,-0.8831056645320184,0.22302618956407025,2
central_europe,11_central_europe,combined,DUS-combined_Dussaillant_et_al,2008,mwe,-0.8471102591605499,0.22415960725147394,2
central_europe,11_central_europe,combined,DUS-combined_Dussaillant_et_al,2009,mwe,-0.668409526149064,0.22360785669507935,2
central_europe,11_central_europe,combined,DUS-combined_Dussaillant_et_al,2010,mwe,-0.6566742186766522,0.22325659560493907,2
central_europe,11_central_europe,combined,DUS-combined_Dussaillant_et_al,2011,mwe,-1.2516120855015556,0.2221646950817786,2
central_europe,11_central_europe,combined,DUS-combined_Dussaillant_et_al,2012,mwe,-1.0011358029035995,0.22229339374976426,2
central_europe,11_central_europe,combined,DUS-combined_Dussaillant_et_al,2013,mwe,-0.14541523078530563,0.22051861633863729,2
central_europe,11_central_europe,combined,DUS-combined_Dussaillant_et_al,2014,mwe,-0.42861780373603714,0.22083895711013415,2
central_europe,11_central_europe,combined,DUS-combined_Dussaillant_et_al,2015,mwe,-1.2037844875456456,0.22085211432008736,2
central_europe,11_central_europe,combined,DUS-combined_Dussaillant_et_al,2016,mwe,-0.7904182848605874,0.22135353060254215,2
central_europe,11_central_europe,combined,DUS-combined_Dussaillant_et_al,2017,mwe,-1.3850863815016612,0.22167389852250902,2
central_europe,11_central_europe,combined,DUS-combined_Dussaillant_et_al,2018,mwe,-1.1215316941572198,0.22010597642074284,2
central_europe,11_central_europe,combined,DUS-combined_Dussaillant_et_al,2019,mwe,-0.7989361892659015,0.22103846535726576,2
central_europe,11_central_europe,combined,DUS-combined_Dussaillant_et_al,2020,mwe,-0.5495354421455647,0.22074500314939977,2
central_europe,11_central_europe,combined,DUS-combined_Dussaillant_et_al,2021,mwe,-1.0961799284241671,0.22121468320621987,2
central_europe,11_central_europe,combined,DUS-combined_Dussaillant_et_al,2022,mwe,-2.8311827935686287,0.22252775303471894,2
central_europe,11_central_europe,combined,DUS-combined_Dussaillant_et_al,2023,mwe,-1.9118978968021234,0.22945221378866565,2
central_europe,11_central_europe,combined,Huss_Huss_et_al,2000,mwe,-0.33375000000000005,0.2242816658244717,2
central_europe,11_central_europe,combined,Huss_Huss_et_al,2001,mwe,0.20245,0.16014444456489899,2
central_europe,11_central_europe,combined,Huss_Huss_et_al,2002,mwe,-0.885025,0.1825019263596963,2
central_europe,11_central_europe,combined,Huss_Huss_et_al,2003,mwe,-1.620475,0.16279006611276992,2
central_europe,11_central_europe,combined,Huss_Huss_et_al,2004,mwe,-0.806825,0.12319521094588051,2
central_europe,11_central_europe,combined,Huss_Huss_et_al,2005,mwe,-1.196625,0.11195200143365013,2
central_europe,11_central_europe,combined,Huss_Huss_et_al,2006,mwe,-1.133225,0.18618985270416863,2
central_europe,11_central_europe,combined,Huss_Huss_et_al,2007,mwe,-0.990375,0.14535742585090036,2
central_europe,11_central_europe,combined,Huss_Huss_et_al,2008,mwe,-0.9316249999999999,0.12076375956800947,2
central_europe,11_central_europe,combined,Huss_Huss_et_al,2009,mwe,-0.721025,0.23142307577249074,2
central_europe,11_central_europe,combined,Huss_Huss_et_al,2010,mwe,-0.5905,0.10392324090404417,2
central_europe,11_central_europe,combined,Huss_Huss_et_al,2011,mwe,-1.273225,0.1238497880498792,2
central_europe,11_central_europe,combined,Huss_Huss_et_al,2012,mwe,-1.0810499999999998,0.10409440727051573,2
central_europe,11_central_europe,combined,Huss_Huss_et_al,2013,mwe,-0.22297499999999998,0.10444309754598434,2
central_europe,11_central_europe,combined,Huss_Huss_et_al,2014,mwe,-0.4605,0.10575869940576993,2
central_europe,11_central_europe,combined,Huss_Huss_et_al,2015,mwe,-1.3937249999999999,0.12715575095134313,2
central_europe,11_central_europe,combined,Huss_Huss_et_al,2016,mwe,-0.920625,0.12864078863253287,2
central_europe,11_central_europe,combined,Huss_Huss_et_al,2017,mwe,-1.3386500000000001,0.14721888678087472,2
central_europe,11_central_europe,combined,Huss_Huss_et_al,2018,mwe,-1.215525,0.11590943123835955,2
central_europe,11_central_europe,combined,Huss_Huss_et_al,2019,mwe,-0.85965,0.11306821502968904,2
central_europe,11_central_europe,combined,Huss_Huss_et_al,2020,mwe,-0.6100249999999999,0.1631033740454194,2
central_europe,11_central_europe,combined,Huss_Huss_et_al,2021,mwe,-0.42135,0.1677,1
central_europe,11_central_europe,demdiff,ETH_Hugonnet_et_al,2000,m,-0.9710000000000001,0.268,1
central_europe,11_central_europe,demdiff,ETH_Hugonnet_et_al,2001,m,-0.9710000000000001,0.268,1
central_europe,11_central_europe,demdiff,ETH_Hugonnet_et_al,2002,m,-0.9710000000000001,0.268,1
central_europe,11_central_europe,demdiff,ETH_Hugonnet_et_al,2003,m,-0.9710000000000001,0.268,1
central_europe,11_central_europe,demdiff,ETH_Hugonnet_et_al,2004,m,-0.9710000000000001,0.268,1
central_europe,11_central_europe,demdiff,ETH_Hugonnet_et_al,2005,m,-0.9910000000000001,0.22599999999999998,1
central_europe,11_central_europe,demdiff,ETH_Hugonnet_et_al,2006,m,-0.9910000000000001,0.22599999999999998,1
central_europe,11_central_europe,demdiff,ETH_Hugonnet_et_al,2007,m,-0.9910000000000001,0.22599999999999998,1
central_europe,11_central_europe,demdiff,ETH_Hugonnet_et_al,2008,m,-0.9910000000000001,0.22599999999999998,1
central_europe,11_central_europe,demdiff,ETH_Hugonnet_et_al,2009,m,-0.9910000000000001,0.22599999999999998,1
central_europe,11_central_europe,demdiff,ETH_Hugonnet_et_al,2010,m,-1.004,0.23199999999999998,1
central_europe,11_central_europe,demdiff,ETH_Hugonnet_et_al,2011,m,-1.004,0.23199999999999998,1
central_europe,11_central_europe,demdiff,ETH_Hugonnet_et_al,2012,m,-1.004,0.23199999999999998,1
central_europe,11_central_europe,demdiff,ETH_Hugonnet_et_al,2013,m,-1.004,0.23199999999999998,1
central_europe,11_central_europe,demdiff,ETH_Hugonnet_et_al,2014,m,-1.004,0.23199999999999998,1
central_europe,11_central_europe,demdiff,ETH_Hugonnet_et_al,2015,m,-1.111,0.26,1
central_europe,11_central_europe,demdiff,ETH_Hugonnet_et_al,2016,m,-1.111,0.26,1
central_europe,11_central_europe,demdiff,ETH_Hugonnet_et_al,2017,m,-1.111,0.26,1
central_europe,11_central_europe,demdiff,ETH_Hugonnet_et_al,2018,m,-1.111,0.26,1
central_europe,11_central_europe,demdiff,ETH_Hugonnet_et_al,2019,m,-1.111,0.26,1
central_europe,11_central_europe,demdiff,FAU-GLACIER_Braun_et_al,2000,m,-0.5314685314684898,0.1412587412587302,1
central_europe,11_central_europe,demdiff,FAU-GLACIER_Braun_et_al,2001,m,-0.6377622377622458,0.1695104895104917,1
central_europe,11_central_europe,demdiff,FAU-GLACIER_Braun_et_al,2002,m,-0.6377622377622458,0.1695104895104917,1
central_europe,11_central_europe,demdiff,FAU-GLACIER_Braun_et_al,2003,m,-0.6377622377622458,0.1695104895104917,1
central_europe,11_central_europe,demdiff,FAU-GLACIER_Braun_et_al,2004,m,-0.6377622377622458,0.1695104895104917,1
central_europe,11_central_europe,demdiff,FAU-GLACIER_Braun_et_al,2005,m,-0.6377622377622458,0.1695104895104917,1
central_europe,11_central_europe,demdiff,FAU-GLACIER_Braun_et_al,2006,m,-0.6377622377622458,0.1695104895104917,1
central_europe,11_central_europe,demdiff,FAU-GLACIER_Braun_et_al,2007,m,-0.6377622377622458,0.1695104895104917,1
central_europe,11_central_europe,demdiff,FAU-GLACIER_Braun_et_al,2008,m,-0.6377622377622458,0.1695104895104917,1
central_europe,11_central_europe,demdiff,FAU-GLACIER_Braun_et_al,2009,m,-0.6377622377622458,0.1695104895104917,1
central_europe,11_central_europe,demdiff,FAU-GLACIER_Braun_et_al,2010,m,-0.6377622377622458,0.1695104895104917,1
central_europe,11_central_europe,demdiff,FAU-GLACIER_Braun_et_al,2011,m,-0.6377622377622458,0.1695104895104917,1
central_europe,11_central_europe,demdiff,FAU-GLACIER_Braun_et_al,2012,m,-0.053146853146805485,0.014125874125861458,1
central_europe,11_central_europe,glaciological,UZH_GlaciolSineWave_Zemp_et_al,2000,mwe,-0.44793963858056274,0.5839545422776176,12
central_europe,11_central_europe,glaciological,UZH_GlaciolSineWave_Zemp_et_al,2001,mwe,-0.02423732071430354,0.5376490767161897,12
central_europe,11_central_europe,glaciological,UZH_GlaciolSineWave_Zemp_et_al,2002,mwe,-0.5039470403558809,0.5421940489179692,12
central_europe,11_central_europe,glaciological,UZH_GlaciolSineWave_Zemp_et_al,2003,mwe,-2.111722194275163,0.9974304911195442,12
central_europe,11_central_europe,glaciological,UZH_GlaciolSineWave_Zemp_et_al,2004,mwe,-0.8088470029093588,0.6116057063116708,12
central_europe,11_central_europe,glaciological,UZH_GlaciolSineWave_Zemp_et_al,2005,mwe,-1.0753131401426113,0.6161760074320688,12
central_europe,11_central_europe,glaciological,UZH_GlaciolSineWave_Zemp_et_al,2006,mwe,-1.5534761425315597,0.7240169358007914,12
central_europe,11_central_europe,glaciological,UZH_GlaciolSineWave_Zemp_et_al,2007,mwe,-1.1117404423101365,0.6171088280562648,12
central_europe,11_central_europe,glaciological,UZH_GlaciolSineWave_Zemp_et_al,2008,mwe,-0.9269701514493311,0.6990651399773071,12
central_europe,11_central_europe,glaciological,UZH_GlaciolSineWave_Zemp_et_al,2009,mwe,-0.9148917054909305,0.7354496780880923,12
central_europe,11_central_europe,glaciological,UZH_GlaciolSineWave_Zemp_et_al,2010,mwe,-0.7083660997867387,0.5841753263125762,12
central_europe,11_central_europe,glaciological,UZH_GlaciolSineWave_Zemp_et_al,2011,mwe,-1.4103855161352696,0.7315550168079286,12
central_europe,11_central_europe,glaciological,UZH_GlaciolSineWave_Zemp_et_al,2012,mwe,-1.4588421892824677,0.838590085710494,12
central_europe,11_central_europe,glaciological,UZH_GlaciolSineWave_Zemp_et_al,2013,mwe,-0.28971758670244085,0.5874691318719009,12
central_europe,11_central_europe,glaciological,UZH_GlaciolSineWave_Zemp_et_al,2014,mwe,-0.19611179098056497,0.5473844058609045,12
central_europe,11_central_europe,glaciological,UZH_GlaciolSineWave_Zemp_et_al,2015,mwe,-1.6798727901513946,0.8865696154316599,12
central_europe,11_central_europe,glaciological,UZH_GlaciolSineWave_Zemp_et_al,2016,mwe,-0.9205939842163477,0.6625194476418509,12
central_europe,11_central_europe,glaciological,UZH_GlaciolSineWave_Zemp_et_al,2017,mwe,-1.5158744702662688,0.8240750395214602,12
central_europe,11_central_europe,glaciological,UZH_GlaciolSineWave_Zemp_et_al,2018,mwe,-1.4037670498750785,0.9109298869328718,12
central_europe,11_central_europe,glaciological,UZH_GlaciolSineWave_Zemp_et_al,2019,mwe,-1.1606521590154308,0.8357367370625669,12
central_europe,11_central_europe,glaciological,UZH_GlaciolSineWave_Zemp_et_al,2020,mwe,-0.8111072709315401,0.6897374944404386,12
central_europe,11_central_europe,glaciological,UZH_GlaciolSineWave_Zemp_et_al,2021,mwe,-0.839197225705494,0.661093233179776,12
central_europe,11_central_europe,glaciological,UZH_GlaciolSineWave_Zemp_et_al,2022,mwe,-3.245937672192106,1.1724137525108316,12
central_europe,11_central_europe,glaciological,UZH_GlaciolSineWave_Zemp_et_al,2023,mwe,-2.2310834116081075,0.9630789261768422,12
central_europe,11_central_europe,glaciological,WGMS-beta_WGMS,2000,mwe,0.7262820512820514,0.15750667749361627,2
central_europe,11_central_europe,glaciological,WGMS-beta_WGMS,2001,mwe,1.090939655172414,0.15247630703643722,2
central_europe,11_central_europe,glaciological,WGMS-beta_WGMS,2002,mwe,0.14395229885057473,0.15234459760661992,2
central_europe,11_central_europe,glaciological,WGMS-beta_WGMS,2003,mwe,-0.5788666666666668,0.15301492768752134,2
central_europe,11_central_europe,glaciological,WGMS-beta_WGMS,2004,mwe,0.2873796875,0.15275221350418303,2
central_europe,11_central_europe,glaciological,WGMS-beta_WGMS,2005,mwe,-0.0582109375,0.15051961955755655,2
central_europe,11_central_europe,glaciological,WGMS-beta_WGMS,2006,mwe,-0.17452027027027026,0.15239623543098116,2
central_europe,11_central_europe,glaciological,WGMS-beta_WGMS,2007,mwe,0.036094594594594576,0.15614694668921542,2
central_europe,11_central_europe,glaciological,WGMS-beta_WGMS,2008,mwe,0.13377542674253198,0.14889438068257946,2
central_europe,11_central_europe,glaciological,WGMS-beta_WGMS,2009,mwe,0.24854391064871476,0.14717049204584542,2
central_europe,11_central_europe,glaciological,WGMS-beta_WGMS,2010,mwe,0.27788372093023256,0.14004889988398742,2
central_europe,11_central_europe,glaciological,WGMS-beta_WGMS,2011,mwe,-0.3989397932816537,0.14366219581623857,2
central_europe,11_central_europe,glaciological,WGMS-beta_WGMS,2012,mwe,-0.11882604166666669,0.14632093847348335,2
central_europe,11_central_europe,glaciological,WGMS-beta_WGMS,2013,mwe,0.797125,0.1384223698042096,2
central_europe,11_central_europe,glaciological,WGMS-beta_WGMS,2014,mwe,0.5055208333333334,0.1385124908726811,2
central_europe,11_central_europe,glaciological,WGMS-beta_WGMS,2015,mwe,-0.3475422207446808,0.14882349186745952,2
central_europe,11_central_europe,glaciological,WGMS-beta_WGMS,2016,mwe,0.07276063829787233,0.14450984410203563,2
central_europe,11_central_europe,glaciological,WGMS-beta_WGMS,2017,mwe,-0.502973515070922,0.13493983221988895,2
central_europe,11_central_europe,glaciological,WGMS-beta_WGMS,2018,mwe,-0.25896874999999997,0.13214003288133852,2
central_europe,11_central_europe,glaciological,WGMS-beta_WGMS,2019,mwe,0.07394791666666667,0.12968402578073246,2
central_europe,11_central_europe,glaciological,WGMS-beta_WGMS,2020,mwe,0.30929355053191493,0.1269111888114761,2
central_europe,11_central_europe,glaciological,WGMS-beta_WGMS,2021,mwe,-0.2196120567375886,0.1313186765238665,2
central_europe,11_central_europe,glaciological,WGMS-beta_WGMS,2022,mwe,-1.918163157894737,0.1395887820448904,2
central_europe,11_central_europe,glaciological,WGMS-beta_WGMS,2023,mwe,-1.0019850514417692,0.16878687959541896,2
central_europe,11_central_europe,gravimetry,Jacob_2012_dmdt_Jacob_et_al,2003,Gt,-1.9995789473684018,2.999999999999971,1
central_europe,11_central_europe,gravimetry,Jacob_2012_dmdt_Jacob_et_al,2004,Gt,-1.9995789473684018,2.999999999999971,1
central_europe,11_central_europe,gravimetry,Jacob_2012_dmdt_Jacob_et_al,2005,Gt,-1.9995789473684018,2.999999999999971,1
central_europe,11_central_europe,gravimetry,Jacob_2012_dmdt_Jacob_et_al,2006,Gt,-1.9995789473684018,2.999999999999971,1
central_europe,11_central_europe,gravimetry,Jacob_2012_dmdt_Jacob_et_al,2007,Gt,-1.9995789473684018,2.999999999999971,1
central_europe,11_central_europe,gravimetry,Jacob_2012_dmdt_Jacob_et_al,2008,Gt,-1.9995789473684018,2.999999999999971,1
central_europe,11_central_europe,gravimetry,Jacob_2012_dmdt_Jacob_et_al,2009,Gt,-1.9995789473684018,2.999999999999971,1
central_europe,11_central_europe,gravimetry,Jacob_2012_dmdt_Jacob_et_al,2010,Gt,-1.8329473684211866,2.750000000000201,1
central_europe,11_central_europe,gravimetry,Sasgen_AWIarc_RL01_2_Sasgen_et_al,2002,Gt,-27.676774193556785,70.9840186613026,9
central_europe,11_central_europe,gravimetry,Sasgen_AWIarc_RL01_2_Sasgen_et_al,2003,Gt,23.630047869900288,98.51420398422168,12
central_europe,11_central_europe,gravimetry,Sasgen_AWIarc_RL01_2_Sasgen_et_al,2004,Gt,-55.730052140617936,106.17423485134742,12
central_europe,11_central_europe,gravimetry,Sasgen_AWIarc_RL01_2_Sasgen_et_al,2005,Gt,1.8945203997550522,81.86421366468439,12
central_europe,11_central_europe,gravimetry,Sasgen_AWIarc_RL01_2_Sasgen_et_al,2006,Gt,5.746129032260377,80.83658600138496,12
central_europe,11_central_europe,gravimetry,Sasgen_AWIarc_RL01_2_Sasgen_et_al,2007,Gt,32.56129980279508,73.7064169870531,12
central_europe,11_central_europe,gravimetry,Sasgen_AWIarc_RL01_2_Sasgen_et_al,2008,Gt,1.1719077819826644,78.38363570048749,12
central_europe,11_central_europe,gravimetry,Sasgen_AWIarc_RL01_2_Sasgen_et_al,2009,Gt,-7.689981778321197,93.62398369090154,12
central_europe,11_central_europe,gravimetry,Sasgen_AWIarc_RL01_2_Sasgen_et_al,2010,Gt,-2.1180058651066123,97.85743741267201,12
central_europe,11_central_europe,gravimetry,Sasgen_AWIarc_RL01_2_Sasgen_et_al,2011,Gt,-14.850774687307293,92.81736246198777,12
central_europe,11_central_europe,gravimetry,Sasgen_AWIarc_RL01_2_Sasgen_et_al,2012,Gt,20.24976850900871,136.67324868452164,12
central_europe,11_central_europe,gravimetry,Sasgen_AWIarc_RL01_2_Sasgen_et_al,2013,Gt,-19.92141806408388,78.13512143909264,12
central_europe,11_central_europe,gravimetry,Sasgen_AWIarc_RL01_2_Sasgen_et_al,2014,Gt,25.293482586985093,59.77019887498623,12
central_europe,11_central_europe,gravimetry,Sasgen_AWIarc_RL01_2_Sasgen_et_al,2015,Gt,-30.49155534341719,106.6792380407241,12
central_europe,11_central_europe,gravimetry,Sasgen_AWIarc_RL01_2_Sasgen_et_al,2016,Gt,-19.55058904902466,75.20335419196579,12
central_europe,11_central_europe,gravimetry,Sasgen_AWIarc_RL01_2_Sasgen_et_al,2017,Gt,37.366927753303656,76.25043478933453,12
central_europe,11_central_europe,gravimetry,Sasgen_AWIarc_RL01_2_Sasgen_et_al,2018,Gt,-17.114287453266627,48.72460529565263,12
central_europe,11_central_europe,gravimetry,Sasgen_AWIarc_RL01_2_Sasgen_et_al,2019,Gt,9.388054865091997,77.50460225821952,12
central_europe,11_central_europe,gravimetry,Sasgen_AWIarc_RL01_2_Sasgen_et_al,2020,Gt,0.5831799383166683,81.22486017864034,12
central_europe,11_central_europe,gravimetry,Sasgen_AWIarc_RL01_2_Sasgen_et_al,2021,Gt,-22.357363835669055,84.11783221859272,12
central_europe,11_central_europe,gravimetry,Sasgen_AWIarc_RL01_2_Sasgen_et_al,2022,Gt,-20.45451612902832,88.93971283154798,11
central_europe,11_central_europe,gravimetry,Wouters_Wouters_et_al,2002,Gt,22.3170871629536,45.86233777653164,10
central_europe,11_central_europe,gravimetry,Wouters_Wouters_et_al,2003,Gt,-10.898719073245603,40.98702135975821,12
central_europe,11_central_europe,gravimetry,Wouters_Wouters_et_al,2004,Gt,-5.715159850842845,43.77683285925849,12
central_europe,11_central_europe,gravimetry,Wouters_Wouters_et_al,2005,Gt,-16.69227827128025,37.21243440045652,12
central_europe,11_central_europe,gravimetry,Wouters_Wouters_et_al,2006,Gt,8.554155477649882,37.21112810958211,12
central_europe,11_central_europe,gravimetry,Wouters_Wouters_et_al,2007,Gt,-3.495319386543388,36.530621885557906,12
central_europe,11_central_europe,gravimetry,Wouters_Wouters_et_al,2008,Gt,16.858786116800413,36.610485800599854,12
central_europe,11_central_europe,gravimetry,Wouters_Wouters_et_al,2009,Gt,-17.424322716579262,37.633059122166,12
central_europe,11_central_europe,gravimetry,Wouters_Wouters_et_al,2010,Gt,13.637363112964966,37.00025938807418,12
central_europe,11_central_europe,gravimetry,Wouters_Wouters_et_al,2011,Gt,-18.290506329282564,28.95343449527311,12
central_europe,11_central_europe,gravimetry,Wouters_Wouters_et_al,2012,Gt,14.95130465360945,28.804611421116725,12
central_europe,11_central_europe,gravimetry,Wouters_Wouters_et_al,2013,Gt,-16.223496396856984,23.29978454863701,12
central_europe,11_central_europe,gravimetry,Wouters_Wouters_et_al,2014,Gt,29.986077213671308,23.345815629664774,12
central_europe,11_central_europe,gravimetry,Wouters_Wouters_et_al,2015,Gt,-40.93598978803223,29.67750785144986,12
central_europe,11_central_europe,gravimetry,Wouters_Wouters_et_al,2016,Gt,20.497837977101813,18.864411094641966,12
central_europe,11_central_europe,gravimetry,Wouters_Wouters_et_al,2017,Gt,5.575466208009465,21.29782076927424,12
central_europe,11_central_europe,gravimetry,Wouters_Wouters_et_al,2018,Gt,-12.778611925125647,15.2692589884889,12
central_europe,11_central_europe,gravimetry,Wouters_Wouters_et_al,2019,Gt,21.929943351984804,27.777027735825197,12
central_europe,11_central_europe,gravimetry,Wouters_Wouters_et_al,2020,Gt,-21.572446040393263,27.790846726976397,12
central_europe,11_central_europe,gravimetry,Wouters_Wouters_et_al,2021,Gt,-20.235901383345738,24.576376131183633,10
caucasus_middle_east,12_caucasus_middle_east,combined,DUS-combined_Dussaillant_et_al,2000,mwe,-0.9111011643101483,0.3871100953936066,2
caucasus_middle_east,12_caucasus_middle_east,combined,DUS-combined_Dussaillant_et_al,2001,mwe,-0.3405081280691339,0.3871010405095087,2
caucasus_middle_east,12_caucasus_middle_east,combined,DUS-combined_Dussaillant_et_al,2002,mwe,0.3996013484665827,0.3871003267991976,2
caucasus_middle_east,12_caucasus_middle_east,combined,DUS-combined_Dussaillant_et_al,2003,mwe,0.37084429702212024,0.38710256526625964,2
caucasus_middle_east,12_caucasus_middle_east,combined,DUS-combined_Dussaillant_et_al,2004,mwe,0.5134542461008548,0.3870962931657658,2
caucasus_middle_east,12_caucasus_middle_east,combined,DUS-combined_Dussaillant_et_al,2005,mwe,0.07724852536388294,0.3871534320434264,2
caucasus_middle_east,12_caucasus_middle_east,combined,DUS-combined_Dussaillant_et_al,2006,mwe,-0.8497763587317351,0.38719307551997817,2
caucasus_middle_east,12_caucasus_middle_east,combined,DUS-combined_Dussaillant_et_al,2007,mwe,-1.074641525471699,0.38727566580350564,2
caucasus_middle_east,12_caucasus_middle_east,combined,DUS-combined_Dussaillant_et_al,2008,mwe,-0.347999975492518,0.38718037432958663,2
caucasus_middle_east,12_caucasus_middle_east,combined,DUS-combined_Dussaillant_et_al,2009,mwe,-0.3964763948639536,0.38717485889747216,2
caucasus_middle_east,12_caucasus_middle_east,combined,DUS-combined_Dussaillant_et_al,2010,mwe,-0.7799334245233825,0.3871671319547137,2
caucasus_middle_east,12_caucasus_middle_east,combined,DUS-combined_Dussaillant_et_al,2011,mwe,-0.8034072993946515,0.3872068958785915,2
caucasus_middle_east,12_caucasus_middle_east,combined,DUS-combined_Dussaillant_et_al,2012,mwe,-0.9770746211222483,0.3872661423330117,2
caucasus_middle_east,12_caucasus_middle_east,combined,DUS-combined_Dussaillant_et_al,2013,mwe,-0.45667206943287836,0.38724112687025336,2
caucasus_middle_east,12_caucasus_middle_east,combined,DUS-combined_Dussaillant_et_al,2014,mwe,-1.0127579566151157,0.387280044840941,2
caucasus_middle_east,12_caucasus_middle_east,combined,DUS-combined_Dussaillant_et_al,2015,mwe,-0.8741594322901518,0.3873174893407466,2
caucasus_middle_east,12_caucasus_middle_east,combined,DUS-combined_Dussaillant_et_al,2016,mwe,-0.7443155463977195,0.387305515909164,2
caucasus_middle_east,12_caucasus_middle_east,combined,DUS-combined_Dussaillant_et_al,2017,mwe,-0.6351616654911197,0.38730750524490304,2
caucasus_middle_east,12_caucasus_middle_east,combined,DUS-combined_Dussaillant_et_al,2018,mwe,-0.4189726963209569,0.38726217325631096,2
caucasus_middle_east,12_caucasus_middle_east,combined,DUS-combined_Dussaillant_et_al,2019,mwe,-0.7946899323956762,0.38731491965608245,2
caucasus_middle_east,12_caucasus_middle_east,combined,DUS-combined_Dussaillant_et_al,2020,mwe,-1.0300355461356259,0.3873179683347292,2
caucasus_middle_east,12_caucasus_middle_east,combined,DUS-combined_Dussaillant_et_al,2021,mwe,-0.3636768779728484,0.3872856710652943,2
caucasus_middle_east,12_caucasus_middle_east,combined,DUS-combined_Dussaillant_et_al,2022,mwe,-0.6771906235128684,0.387257645501554,2
caucasus_middle_east,12_caucasus_middle_east,combined,DUS-combined_Dussaillant_et_al,2023,mwe,-0.49245201388257487,0.38723178505284583,2
caucasus_middle_east,12_caucasus_middle_east,combined,Huss_Huss_et_al,2000,mwe,-1.03065,0.37915216602308893,2
caucasus_middle_east,12_caucasus_middle_east,combined,Huss_Huss_et_al,2001,mwe,-0.44162499999999993,0.21698562884440067,2
caucasus_middle_east,12_caucasus_middle_east,combined,Huss_Huss_et_al,2002,mwe,0.30384999999999995,0.23435609923789052,2
caucasus_middle_east,12_caucasus_middle_east,combined,Huss_Huss_et_al,2003,mwe,0.28575,0.17283061252278198,2
caucasus_middle_east,12_caucasus_middle_east,combined,Huss_Huss_et_al,2004,mwe,0.46375,0.1743191057371509,2
caucasus_middle_east,12_caucasus_middle_east,combined,Huss_Huss_et_al,2005,mwe,0.03032500000000002,0.1536554302652529,2
caucasus_middle_east,12_caucasus_middle_east,combined,Huss_Huss_et_al,2006,mwe,-0.9459,0.211327922019311,2
caucasus_middle_east,12_caucasus_middle_east,combined,Huss_Huss_et_al,2007,mwe,-1.224675,0.4686910629615205,2
caucasus_middle_east,12_caucasus_middle_east,combined,Huss_Huss_et_al,2008,mwe,-0.39645,0.24808382277972096,2
caucasus_middle_east,12_caucasus_middle_east,combined,Huss_Huss_et_al,2009,mwe,-0.438575,0.1792942170009953,2
caucasus_middle_east,12_caucasus_middle_east,combined,Huss_Huss_et_al,2010,mwe,-0.8350000000000001,0.22061080124282217,2
caucasus_middle_east,12_caucasus_middle_east,combined,Huss_Huss_et_al,2011,mwe,-0.9158,0.1889553667536331,2
caucasus_middle_east,12_caucasus_middle_east,combined,Huss_Huss_et_al,2012,mwe,-1.1384,0.3171071841664897,2
caucasus_middle_east,12_caucasus_middle_east,combined,Huss_Huss_et_al,2013,mwe,-0.590475,0.2723838215643506,2
caucasus_middle_east,12_caucasus_middle_east,combined,Huss_Huss_et_al,2014,mwe,-1.1537499999999998,0.2463693733502604,2
caucasus_middle_east,12_caucasus_middle_east,combined,Huss_Huss_et_al,2015,mwe,-0.9713750000000001,0.29381147441854616,2
caucasus_middle_east,12_caucasus_middle_east,combined,Huss_Huss_et_al,2016,mwe,-0.823125,0.18122435163354841,2
caucasus_middle_east,12_caucasus_middle_east,combined,Huss_Huss_et_al,2017,mwe,-0.6256999999999999,0.2251944784514043,2
caucasus_middle_east,12_caucasus_middle_east,combined,Huss_Huss_et_al,2018,mwe,-0.22672499999999998,0.44907961780178807,2
caucasus_middle_east,12_caucasus_middle_east,combined,Huss_Huss_et_al,2019,mwe,-0.872425,0.1997946649062482,2
caucasus_middle_east,12_caucasus_middle_east,combined,Huss_Huss_et_al,2020,mwe,-1.06005,0.2739491649923394,2
caucasus_middle_east,12_caucasus_middle_east,combined,Huss_Huss_et_al,2021,mwe,-0.066825,0.26205,1
caucasus_middle_east,12_caucasus_middle_east,demdiff,ETH_Hugonnet_et_al,2000,m,-0.309,0.27799999999999997,1
caucasus_middle_east,12_caucasus_middle_east,demdiff,ETH_Hugonnet_et_al,2001,m,-0.309,0.27799999999999997,1
caucasus_middle_east,12_caucasus_middle_east,demdiff,ETH_Hugonnet_et_al,2002,m,-0.309,0.27799999999999997,1
caucasus_middle_east,12_caucasus_middle_east,demdiff,ETH_Hugonnet_et_al,2003,m,-0.309,0.27799999999999997,1
caucasus_middle_east,12_caucasus_middle_east,demdiff,ETH_Hugonnet_et_al,2004,m,-0.309,0.27799999999999997,1
caucasus_middle_east,12_caucasus_middle_east,demdiff,ETH_Hugonnet_et_al,2005,m,-0.5700000000000001,0.2,1
caucasus_middle_east,12_caucasus_middle_east,demdiff,ETH_Hugonnet_et_al,2006,m,-0.5700000000000001,0.2,1
caucasus_middle_east,12_caucasus_middle_east,demdiff,ETH_Hugonnet_et_al,2007,m,-0.5700000000000001,0.2,1
caucasus_middle_east,12_caucasus_middle_east,demdiff,ETH_Hugonnet_et_al,2008,m,-0.5700000000000001,0.2,1
caucasus_middle_east,12_caucasus_middle_east,demdiff,ETH_Hugonnet_et_al,2009,m,-0.5700000000000001,0.2,1
caucasus_middle_east,12_caucasus_middle_east,demdiff,ETH_Hugonnet_et_al,2010,m,-0.7320000000000001,0.236,1
caucasus_middle_east,12_caucasus_middle_east,demdiff,ETH_Hugonnet_et_al,2011,m,-0.7320000000000001,0.236,1
caucasus_middle_east,12_caucasus_middle_east,demdiff,ETH_Hugonnet_et_al,2012,m,-0.7320000000000001,0.236,1
caucasus_middle_east,12_caucasus_middle_east,demdiff,ETH_Hugonnet_et_al,2013,m,-0.7320000000000001,0.236,1
caucasus_middle_east,12_caucasus_middle_east,demdiff,ETH_Hugonnet_et_al,2014,m,-0.7320000000000001,0.236,1
caucasus_middle_east,12_caucasus_middle_east,demdiff,ETH_Hugonnet_et_al,2015,m,-0.9640000000000001,0.33,1
caucasus_middle_east,12_caucasus_middle_east,demdiff,ETH_Hugonnet_et_al,2016,m,-0.9640000000000001,0.33,1
caucasus_middle_east,12_caucasus_middle_east,demdiff,ETH_Hugonnet_et_al,2017,m,-0.9640000000000001,0.33,1
caucasus_middle_east,12_caucasus_middle_east,demdiff,ETH_Hugonnet_et_al,2018,m,-0.9640000000000001,0.33,1
caucasus_middle_east,12_caucasus_middle_east,demdiff,ETH_Hugonnet_et_al,2019,m,-0.9640000000000001,0.33,1
caucasus_middle_east,12_caucasus_middle_east,glaciological,UZH_GlaciolSineWave_Zemp_et_al,2000,mwe,-1.0739650577337507,0.8272127533849568,12
caucasus_middle_east,12_caucasus_middle_east,glaciological,UZH_GlaciolSineWave_Zemp_et_al,2001,mwe,-0.5707038479492672,0.7582515730334134,12
caucasus_middle_east,12_caucasus_middle_east,glaciological,UZH_GlaciolSineWave_Zemp_et_al,2002,mwe,0.29646327789625443,0.6337836869279643,12
caucasus_middle_east,12_caucasus_middle_east,glaciological,UZH_GlaciolSineWave_Zemp_et_al,2003,mwe,0.30895453863253475,0.6230631510039385,12
caucasus_middle_east,12_caucasus_middle_east,glaciological,UZH_GlaciolSineWave_Zemp_et_al,2004,mwe,0.4808961977316676,0.6549556604872959,12
caucasus_middle_east,12_caucasus_middle_east,glaciological,UZH_GlaciolSineWave_Zemp_et_al,2005,mwe,0.14625843226273172,0.6682666023252585,12
caucasus_middle_east,12_caucasus_middle_east,glaciological,UZH_GlaciolSineWave_Zemp_et_al,2006,mwe,-0.828639144920507,0.7494801306782646,12
caucasus_middle_east,12_caucasus_middle_east,glaciological,UZH_GlaciolSineWave_Zemp_et_al,2007,mwe,-1.2115426103355604,0.806600555576578,12
caucasus_middle_east,12_caucasus_middle_east,glaciological,UZH_GlaciolSineWave_Zemp_et_al,2008,mwe,-0.44360665330023824,0.6923461373109102,12
caucasus_middle_east,12_caucasus_middle_east,glaciological,UZH_GlaciolSineWave_Zemp_et_al,2009,mwe,-0.46878253686397614,0.6223722539879649,12
caucasus_middle_east,12_caucasus_middle_east,glaciological,UZH_GlaciolSineWave_Zemp_et_al,2010,mwe,-1.0390246080199275,0.70219682184354,12
caucasus_middle_east,12_caucasus_middle_east,glaciological,UZH_GlaciolSineWave_Zemp_et_al,2011,mwe,-0.7351898754339867,0.7830893091903749,12
caucasus_middle_east,12_caucasus_middle_east,glaciological,UZH_GlaciolSineWave_Zemp_et_al,2012,mwe,-1.7755405759037375,1.0233948680254792,12
caucasus_middle_east,12_caucasus_middle_east,glaciological,UZH_GlaciolSineWave_Zemp_et_al,2013,mwe,-0.2885332256322573,0.571918109235211,12
caucasus_middle_east,12_caucasus_middle_east,glaciological,UZH_GlaciolSineWave_Zemp_et_al,2014,mwe,-1.0923924560424148,0.8376171723358479,12
caucasus_middle_east,12_caucasus_middle_east,glaciological,UZH_GlaciolSineWave_Zemp_et_al,2015,mwe,-1.2518425849675454,0.8450145807387837,12
caucasus_middle_east,12_caucasus_middle_east,glaciological,UZH_GlaciolSineWave_Zemp_et_al,2016,mwe,-0.6902264886505931,0.6325914458410619,12
caucasus_middle_east,12_caucasus_middle_east,glaciological,UZH_GlaciolSineWave_Zemp_et_al,2017,mwe,-0.6859452921201417,0.8862938441286956,12
caucasus_middle_east,12_caucasus_middle_east,glaciological,UZH_GlaciolSineWave_Zemp_et_al,2018,mwe,-0.6913397435311008,0.9271903364321913,12
caucasus_middle_east,12_caucasus_middle_east,glaciological,UZH_GlaciolSineWave_Zemp_et_al,2019,mwe,-0.7156825208219004,0.7678644340265645,12
caucasus_middle_east,12_caucasus_middle_east,glaciological,UZH_GlaciolSineWave_Zemp_et_al,2020,mwe,-1.2606262487313649,0.9603451143616545,12
caucasus_middle_east,12_caucasus_middle_east,glaciological,UZH_GlaciolSineWave_Zemp_et_al,2021,mwe,-0.44998301190815965,0.8281116673199488,12
caucasus_middle_east,12_caucasus_middle_east,glaciological,UZH_GlaciolSineWave_Zemp_et_al,2022,mwe,-0.7989777672009062,0.8486161100366535,12
caucasus_middle_east,12_caucasus_middle_east,glaciological,UZH_GlaciolSineWave_Zemp_et_al,2023,mwe,-0.6245759532548174,0.8310993145197357,12
caucasus_middle_east,12_caucasus_middle_east,glaciological,WGMS-beta_WGMS,2000,mwe,-0.10725000000000001,0.254114512258308,2
caucasus_middle_east,12_caucasus_middle_east,glaciological,WGMS-beta_WGMS,2001,mwe,0.4615,0.254114512258308,2
caucasus_middle_east,12_caucasus_middle_east,glaciological,WGMS-beta_WGMS,2002,mwe,1.20275,0.254114512258308,2
caucasus_middle_east,12_caucasus_middle_east,glaciological,WGMS-beta_WGMS,2003,mwe,1.1764999999999999,0.254114512258308,2
caucasus_middle_east,12_caucasus_middle_east,glaciological,WGMS-beta_WGMS,2004,mwe,1.3302500000000002,0.254114512258308,2
caucasus_middle_east,12_caucasus_middle_east,glaciological,WGMS-beta_WGMS,2005,mwe,0.9277499999999999,0.254114512258308,2
caucasus_middle_east,12_caucasus_middle_east,glaciological,WGMS-beta_WGMS,2006,mwe,0.011499999999999996,0.254114512258308,2
caucasus_middle_east,12_caucasus_middle_east,glaciological,WGMS-beta_WGMS,2007,mwe,-0.20475,0.254114512258308,2
caucasus_middle_east,12_caucasus_middle_east,glaciological,WGMS-beta_WGMS,2008,mwe,0.50275,0.254114512258308,2
caucasus_middle_east,12_caucasus_middle_east,glaciological,WGMS-beta_WGMS,2009,mwe,0.43387499999999996,0.254114512258308,2
caucasus_middle_east,12_caucasus_middle_east,glaciological,WGMS-beta_WGMS,2010,mwe,0.006374999999999999,0.254114512258308,2
caucasus_middle_east,12_caucasus_middle_east,glaciological,WGMS-beta_WGMS,2011,mwe,-0.015125,0.254114512258308,2
caucasus_middle_east,12_caucasus_middle_east,glaciological,WGMS-beta_WGMS,2012,mwe,-0.18387499999999996,0.254114512258308,2
caucasus_middle_east,12_caucasus_middle_east,glaciological,WGMS-beta_WGMS,2013,mwe,0.3305,0.254114512258308,2
caucasus_middle_east,12_caucasus_middle_east,glaciological,WGMS-beta_WGMS,2014,mwe,-0.22475,0.254114512258308,2
caucasus_middle_east,12_caucasus_middle_east,glaciological,WGMS-beta_WGMS,2015,mwe,-0.08975,0.254114512258308,2
caucasus_middle_east,12_caucasus_middle_east,glaciological,WGMS-beta_WGMS,2016,mwe,0.039,0.254114512258308,2
caucasus_middle_east,12_caucasus_middle_east,glaciological,WGMS-beta_WGMS,2017,mwe,0.14675,0.254114512258308,2
caucasus_middle_east,12_caucasus_middle_east,glaciological,WGMS-beta_WGMS,2018,mwe,0.358,0.254114512258308,2
caucasus_middle_east,12_caucasus_middle_east,glaciological,WGMS-beta_WGMS,2019,mwe,-0.009624999999999995,0.254114512258308,2
caucasus_middle_east,12_caucasus_middle_east,glaciological,WGMS-beta_WGMS,2020,mwe,-0.24387499999999993,0.254114512258308,2
caucasus_middle_east,12_caucasus_middle_east,glaciological,WGMS-beta_WGMS,2021,mwe,0.4191250000000001,0.254114512258308,2
caucasus_middle_east,12_caucasus_middle_east,glaciological,WGMS-beta_WGMS,2022,mwe,0.102375,0.254114512258308,2
caucasus_middle_east,12_caucasus_middle_east,glaciological,WGMS-beta_WGMS,2023,mwe,0.285275,0.254114512258308,2
caucasus_middle_east,12_caucasus_middle_east,gravimetry,Jacob_2012_dmdt_Jacob_et_al,2003,Gt,1.0004210526315693,2.999999999999971,1
caucasus_middle_east,12_caucasus_middle_east,gravimetry,Jacob_2012_dmdt_Jacob_et_al,2004,Gt,1.0004210526315693,2.999999999999971,1
caucasus_middle_east,12_caucasus_middle_east,gravimetry,Jacob_2012_dmdt_Jacob_et_al,2005,Gt,1.0004210526315693,2.999999999999971,1
caucasus_middle_east,12_caucasus_middle_east,gravimetry,Jacob_2012_dmdt_Jacob_et_al,2006,Gt,1.0004210526315693,2.999999999999971,1
caucasus_middle_east,12_caucasus_middle_east,gravimetry,Jacob_2012_dmdt_Jacob_et_al,2007,Gt,1.0004210526315693,2.999999999999971,1
caucasus_middle_east,12_caucasus_middle_east,gravimetry,Jacob_2012_dmdt_Jacob_et_al,2008,Gt,1.0004210526315693,2.999999999999971,1
caucasus_middle_east,12_caucasus_middle_east,gravimetry,Jacob_2012_dmdt_Jacob_et_al,2009,Gt,1.0004210526315693,2.999999999999971,1
caucasus_middle_east,12_caucasus_middle_east,gravimetry,Jacob_2012_dmdt_Jacob_et_al,2010,Gt,0.9170526315790144,2.750000000000201,1
caucasus_middle_east,12_caucasus_middle_east,gravimetry,Wouters_Wouters_et_al,2002,Gt,-4.4263164006365265,84.47026183153088,10
caucasus_middle_east,12_caucasus_middle_east,gravimetry,Wouters_Wouters_et_al,2003,Gt,14.46617252112853,75.74018399834888,12
caucasus_middle_east,12_caucasus_middle_east,gravimetry,Wouters_Wouters_et_al,2004,Gt,35.00013143495619,81.9819127404506,12
caucasus_middle_east,12_caucasus_middle_east,gravimetry,Wouters_Wouters_et_al,2005,Gt,-8.192738099194017,67.58804389164735,12
caucasus_middle_east,12_caucasus_middle_east,gravimetry,Wouters_Wouters_et_al,2006,Gt,-8.622212656067287,67.505270523648,12
caucasus_middle_east,12_caucasus_middle_east,gravimetry,Wouters_Wouters_et_al,2007,Gt,-17.030214142372692,66.05999256975147,12
caucasus_middle_east,12_caucasus_middle_east,gravimetry,Wouters_Wouters_et_al,2008,Gt,-24.216407798936,64.80195718963887,12
caucasus_middle_east,12_caucasus_middle_east,gravimetry,Wouters_Wouters_et_al,2009,Gt,11.495781448751199,66.29608900829749,12
caucasus_middle_east,12_caucasus_middle_east,gravimetry,Wouters_Wouters_et_al,2010,Gt,1.3942330776992198,65.23887284020485,12
caucasus_middle_east,12_caucasus_middle_east,gravimetry,Wouters_Wouters_et_al,2011,Gt,19.7509476328708,52.38725354180084,12
caucasus_middle_east,12_caucasus_middle_east,gravimetry,Wouters_Wouters_et_al,2012,Gt,-3.5118950378053455,52.24913017385901,12
caucasus_middle_east,12_caucasus_middle_east,gravimetry,Wouters_Wouters_et_al,2013,Gt,-16.55920118682607,41.911685576790845,12
caucasus_middle_east,12_caucasus_middle_east,gravimetry,Wouters_Wouters_et_al,2014,Gt,-3.683762287270927,42.43021210278253,12
caucasus_middle_east,12_caucasus_middle_east,gravimetry,Wouters_Wouters_et_al,2015,Gt,-26.03088311273806,53.45726469739309,12
caucasus_middle_east,12_caucasus_middle_east,gravimetry,Wouters_Wouters_et_al,2016,Gt,63.853094898408045,33.38912351625982,12
caucasus_middle_east,12_caucasus_middle_east,gravimetry,Wouters_Wouters_et_al,2017,Gt,-8.412495602369102,39.33257447932398,12
caucasus_middle_east,12_caucasus_middle_east,gravimetry,Wouters_Wouters_et_al,2018,Gt,2.875788131268415,27.317629380926014,12
caucasus_middle_east,12_caucasus_middle_east,gravimetry,Wouters_Wouters_et_al,2019,Gt,-35.68723994798017,48.895288394820234,12
caucasus_middle_east,12_caucasus_middle_east,gravimetry,Wouters_Wouters_et_al,2020,Gt,-5.585004179073934,49.38052222080637,12
caucasus_middle_east,12_caucasus_middle_east,gravimetry,Wouters_Wouters_et_al,2021,Gt,20.284264989714984,42.97113064427954,10
central_asia,13_central_asia,altimetry,Jakob_Gourmelen_Jakob_et_al,2011,m,0.5081035427202606,0.5176983042750054,12
central_asia,13_central_asia,altimetry,Jakob_Gourmelen_Jakob_et_al,2012,m,-0.6998697702463703,0.5252788747929508,12
central_asia,13_central_asia,altimetry,Jakob_Gourmelen_Jakob_et_al,2013,m,-0.5641794966074254,0.5453874571967292,12
central_asia,13_central_asia,altimetry,Jakob_Gourmelen_Jakob_et_al,2014,m,0.18492217320015897,0.5206920623386283,12
central_asia,13_central_asia,altimetry,Jakob_Gourmelen_Jakob_et_al,2015,m,-0.6428166892454492,0.5238547536171079,12
central_asia,13_central_asia,altimetry,Jakob_Gourmelen_Jakob_et_al,2016,m,-0.16116252489496052,0.5324523799236002,12
central_asia,13_central_asia,altimetry,Jakob_Gourmelen_Jakob_et_al,2017,m,0.271607872073492,0.6656082247904914,12
central_asia,13_central_asia,altimetry,Jakob_Gourmelen_Jakob_et_al,2018,m,-0.14662192699915533,0.6921224266691848,12
central_asia,13_central_asia,altimetry,Jakob_Gourmelen_Jakob_et_al,2019,m,-0.23284323500055093,0.3511048694732584,4
central_asia,13_central_asia,altimetry,Ke_Ke_et_al,2000,m,-0.16558695652175162,0.12395652173913979,1
central_asia,13_central_asia,altimetry,Ke_Ke_et_al,2001,m,-0.18064031620553228,0.13522529644268677,1
central_asia,13_central_asia,altimetry,Ke_Ke_et_al,2002,m,-0.18064031620553228,0.13522529644268677,1
central_asia,13_central_asia,altimetry,Ke_Ke_et_al,2003,m,-0.18064031620553228,0.13522529644268677,1
central_asia,13_central_asia,altimetry,Ke_Ke_et_al,2004,m,-0.18064031620553228,0.13522529644268677,1
central_asia,13_central_asia,altimetry,Ke_Ke_et_al,2005,m,-0.18064031620553228,0.13522529644268677,1
central_asia,13_central_asia,altimetry,Ke_Ke_et_al,2006,m,-0.18064031620553228,0.13522529644268677,1
central_asia,13_central_asia,altimetry,Ke_Ke_et_al,2007,m,-0.18064031620553228,0.13522529644268677,1
central_asia,13_central_asia,altimetry,Ke_Ke_et_al,2008,m,-0.18064031620553228,0.13522529644268677,1
central_asia,13_central_asia,altimetry,Ke_Ke_et_al,2009,m,-0.18064031620553228,0.13522529644268677,1
central_asia,13_central_asia,altimetry,Ke_Ke_et_al,2010,m,-0.18064031620553228,0.13522529644268677,1
central_asia,13_central_asia,altimetry,Ke_Ke_et_al,2011,m,-0.18064031620553228,0.13522529644268677,1
central_asia,13_central_asia,altimetry,Ke_Ke_et_al,2012,m,-0.18064031620553228,0.13522529644268677,1
central_asia,13_central_asia,altimetry,Ke_Ke_et_al,2013,m,-0.18064031620553228,0.13522529644268677,1
central_asia,13_central_asia,altimetry,Ke_Ke_et_al,2014,m,-0.18064031620553228,0.13522529644268677,1
central_asia,13_central_asia,altimetry,Ke_Ke_et_al,2015,m,-0.18064031620553228,0.13522529644268677,1
central_asia,13_central_asia,altimetry,Ke_Ke_et_al,2016,m,-0.18064031620553228,0.13522529644268677,1
central_asia,13_central_asia,altimetry,Ke_Ke_et_al,2017,m,-0.18064031620553228,0.13522529644268677,1
central_asia,13_central_asia,altimetry,Ke_Ke_et_al,2018,m,-0.18064031620553228,0.13522529644268677,1
central_asia,13_central_asia,altimetry,Ke_Ke_et_al,2019,m,-0.18064031620553228,0.13522529644268677,1
central_asia,13_central_asia,altimetry,Ke_Ke_et_al,2020,m,-0.18064031620553228,0.13522529644268677,1
central_asia,13_central_asia,altimetry,Ke_Ke_et_al,2021,m,-0.030106719367602407,0.022537549407124713,1
central_asia,13_central_asia,altimetry,Treichler_ICESat_Treichler_et_al,2003,m,-0.02041637692935032,0.008784124298532963,1
central_asia,13_central_asia,altimetry,Treichler_ICESat_Treichler_et_al,2004,m,-0.12249826157604621,0.052704745791173804,1
central_asia,13_central_asia,altimetry,Treichler_ICESat_Treichler_et_al,2005,m,-0.12249826157604621,0.052704745791173804,1
central_asia,13_central_asia,altimetry,Treichler_ICESat_Treichler_et_al,2006,m,-0.12249826157604621,0.052704745791173804,1
central_asia,13_central_asia,altimetry,Treichler_ICESat_Treichler_et_al,2007,m,-0.12249826157604621,0.052704745791173804,1
central_asia,13_central_asia,altimetry,Treichler_ICESat_Treichler_et_al,2008,m,-0.10208188464669588,0.04392062149264084,1
central_asia,13_central_asia,altimetry,Treichler_snowfall_Treichler_et_al,2003,m,-0.02312940319314775,0.008956833390437208,1
central_asia,13_central_asia,altimetry,Treichler_snowfall_Treichler_et_al,2004,m,-0.1387764191588234,0.0537410003425988,1
central_asia,13_central_asia,altimetry,Treichler_snowfall_Treichler_et_al,2005,m,-0.1387764191588234,0.0537410003425988,1
central_asia,13_central_asia,altimetry,Treichler_snowfall_Treichler_et_al,2006,m,-0.1387764191588234,0.0537410003425988,1
central_asia,13_central_asia,altimetry,Treichler_snowfall_Treichler_et_al,2007,m,-0.1387764191588234,0.0537410003425988,1
central_asia,13_central_asia,altimetry,Treichler_snowfall_Treichler_et_al,2008,m,-0.11564701596567564,0.04478416695216159,1
central_asia,13_central_asia,combined,DUS-combined_Dussaillant_et_al,2000,mwe,0.04946345110910995,0.08585421622171949,2
central_asia,13_central_asia,combined,DUS-combined_Dussaillant_et_al,2001,mwe,-0.27049189342559055,0.08586249945700525,2
central_asia,13_central_asia,combined,DUS-combined_Dussaillant_et_al,2002,mwe,-0.09509209816070044,0.08571076985898136,2
central_asia,13_central_asia,combined,DUS-combined_Dussaillant_et_al,2003,mwe,0.06108848075059475,0.08427878969793799,2
central_asia,13_central_asia,combined,DUS-combined_Dussaillant_et_al,2004,mwe,-0.07952668990168685,0.08431166058133938,2
central_asia,13_central_asia,combined,DUS-combined_Dussaillant_et_al,2005,mwe,-0.10173076249581607,0.08432217852884803,2
central_asia,13_central_asia,combined,DUS-combined_Dussaillant_et_al,2006,mwe,-0.5054737536421664,0.0835693582613723,2
central_asia,13_central_asia,combined,DUS-combined_Dussaillant_et_al,2007,mwe,-0.4195739970830825,0.08349785828428019,2
central_asia,13_central_asia,combined,DUS-combined_Dussaillant_et_al,2008,mwe,-0.35708460892890215,0.08251859585730931,2
central_asia,13_central_asia,combined,DUS-combined_Dussaillant_et_al,2009,mwe,0.25339794810200367,0.08232323492743562,2
central_asia,13_central_asia,combined,DUS-combined_Dussaillant_et_al,2010,mwe,-0.09431660481849483,0.08153313253571028,2
central_asia,13_central_asia,combined,DUS-combined_Dussaillant_et_al,2011,mwe,-0.052823411243429576,0.07672141771838281,2
central_asia,13_central_asia,combined,DUS-combined_Dussaillant_et_al,2012,mwe,-0.30453464028888294,0.07655728508196144,2
central_asia,13_central_asia,combined,DUS-combined_Dussaillant_et_al,2013,mwe,-0.1216126400268512,0.07646848956520279,2
central_asia,13_central_asia,combined,DUS-combined_Dussaillant_et_al,2014,mwe,-0.3210158582980712,0.07640444422631923,2
central_asia,13_central_asia,combined,DUS-combined_Dussaillant_et_al,2015,mwe,-0.20267929646389135,0.07638056348937936,2
central_asia,13_central_asia,combined,DUS-combined_Dussaillant_et_al,2016,mwe,-0.022239543456288924,0.07616420885077946,2
central_asia,13_central_asia,combined,DUS-combined_Dussaillant_et_al,2017,mwe,-0.3904792055539872,0.07602082026911332,2
central_asia,13_central_asia,combined,DUS-combined_Dussaillant_et_al,2018,mwe,-0.2775407579305131,0.07599793471081674,2
central_asia,13_central_asia,combined,DUS-combined_Dussaillant_et_al,2019,mwe,-0.22087332205623295,0.07618151256120503,2
central_asia,13_central_asia,combined,DUS-combined_Dussaillant_et_al,2020,mwe,0.02453852497006105,0.07597316597065414,2
central_asia,13_central_asia,combined,DUS-combined_Dussaillant_et_al,2021,mwe,-0.37711422619022966,0.07603201964448096,2
central_asia,13_central_asia,combined,DUS-combined_Dussaillant_et_al,2022,mwe,-0.7664103782807528,0.07623987351713618,2
central_asia,13_central_asia,combined,DUS-combined_Dussaillant_et_al,2023,mwe,-0.6742384366626386,0.07632083898866329,2
central_asia,13_central_asia,combined,Huss_Huss_et_al,2000,mwe,-0.00032499999999999196,0.15203631145223173,2
central_asia,13_central_asia,combined,Huss_Huss_et_al,2001,mwe,-0.30945,0.08381718200941857,2
central_asia,13_central_asia,combined,Huss_Huss_et_al,2002,mwe,-0.099125,0.14720022291083668,2
central_asia,13_central_asia,combined,Huss_Huss_et_al,2003,mwe,0.10280000000000002,0.2808870435780191,2
central_asia,13_central_asia,combined,Huss_Huss_et_al,2004,mwe,-0.0829,0.2330544048607535,2
central_asia,13_central_asia,combined,Huss_Huss_et_al,2005,mwe,-0.20905,0.3483074943566388,2
central_asia,13_central_asia,combined,Huss_Huss_et_al,2006,mwe,-0.6191500000000001,0.16972911138045826,2
central_asia,13_central_asia,combined,Huss_Huss_et_al,2007,mwe,-0.5387500000000001,0.16707779999150094,2
central_asia,13_central_asia,combined,Huss_Huss_et_al,2008,mwe,-0.520425,0.20901037354638644,2
central_asia,13_central_asia,combined,Huss_Huss_et_al,2009,mwe,0.16010000000000002,0.14500652140507334,2
central_asia,13_central_asia,combined,Huss_Huss_et_al,2010,mwe,0.020200000000000003,0.14321051157299872,2
central_asia,13_central_asia,combined,Huss_Huss_et_al,2011,mwe,-0.013475,0.11847970554065368,2
central_asia,13_central_asia,combined,Huss_Huss_et_al,2012,mwe,-0.31677500000000003,0.13473442627999718,2
central_asia,13_central_asia,combined,Huss_Huss_et_al,2013,mwe,-0.1899,0.14495211493800292,2
central_asia,13_central_asia,combined,Huss_Huss_et_al,2014,mwe,-0.28265,0.13789873549093914,2
central_asia,13_central_asia,combined,Huss_Huss_et_al,2015,mwe,-0.1426,0.07853774968128384,2
central_asia,13_central_asia,combined,Huss_Huss_et_al,2016,mwe,-0.07895,0.10479228561778774,2
central_asia,13_central_asia,combined,Huss_Huss_et_al,2017,mwe,-0.29545,0.1179729259194668,2
central_asia,13_central_asia,combined,Huss_Huss_et_al,2018,mwe,-0.27415,0.09359121887228523,2
central_asia,13_central_asia,combined,Huss_Huss_et_al,2019,mwe,-0.26799999999999996,0.09052874198286419,2
central_asia,13_central_asia,combined,Huss_Huss_et_al,2020,mwe,-0.07442499999999999,0.16620417601552614,2
central_asia,13_central_asia,combined,Huss_Huss_et_al,2021,mwe,-0.4485,0.18937500000000002,1
central_asia,13_central_asia,combined,Miles2021_Miles_et_al,2000,mwe,-0.22,0.04,1
central_asia,13_central_asia,combined,Miles2021_Miles_et_al,2001,mwe,-0.22,0.04,1
central_asia,13_central_asia,combined,Miles2021_Miles_et_al,2002,mwe,-0.22,0.04,1
central_asia,13_central_asia,combined,Miles2021_Miles_et_al,2003,mwe,-0.22,0.04,1
central_asia,13_central_asia,combined,Miles2021_Miles_et_al,2004,mwe,-0.22,0.04,1
central_asia,13_central_asia,combined,Miles2021_Miles_et_al,2005,mwe,-0.22,0.04,1
central_asia,13_central_asia,combined,Miles2021_Miles_et_al,2006,mwe,-0.22,0.04,1
central_asia,13_central_asia,combined,Miles2021_Miles_et_al,2007,mwe,-0.22,0.04,1
central_asia,13_central_asia,combined,Miles2021_Miles_et_al,2008,mwe,-0.22,0.04,1
central_asia,13_central_asia,combined,Miles2021_Miles_et_al,2009,mwe,-0.22,0.04,1
central_asia,13_central_asia,combined,Miles2021_Miles_et_al,2010,mwe,-0.22,0.04,1
central_asia,13_central_asia,combined,Miles2021_Miles_et_al,2011,mwe,-0.22,0.04,1
central_asia,13_central_asia,combined,Miles2021_Miles_et_al,2012,mwe,-0.22,0.04,1
central_asia,13_central_asia,combined,Miles2021_Miles_et_al,2013,mwe,-0.22,0.04,1
central_asia,13_central_asia,combined,Miles2021_Miles_et_al,2014,mwe,-0.22,0.04,1
central_asia,13_central_asia,combined,Miles2021_Miles_et_al,2015,mwe,-0.22,0.04,1
central_asia,13_central_asia,combined,Miles2021_Miles_et_al,2016,mwe,-0.22,0.04,1
central_asia,13_central_asia,demdiff,Brun_et_al_2017_Brun_et_al,2000,m,-0.052708333333321346,0.03749999999999148,1
central_asia,13_central_asia,demdiff,Brun_et_al_2017_Brun_et_al,2001,m,-0.158125,0.1125,1
central_asia,13_central_asia,demdiff,Brun_et_al_2017_Brun_et_al,2002,m,-0.158125,0.1125,1
central_asia,13_central_asia,demdiff,Brun_et_al_2017_Brun_et_al,2003,m,-0.158125,0.1125,1
central_asia,13_central_asia,demdiff,Brun_et_al_2017_Brun_et_al,2004,m,-0.158125,0.1125,1
central_asia,13_central_asia,demdiff,Brun_et_al_2017_Brun_et_al,2005,m,-0.158125,0.1125,1
central_asia,13_central_asia,demdiff,Brun_et_al_2017_Brun_et_al,2006,m,-0.158125,0.1125,1
central_asia,13_central_asia,demdiff,Brun_et_al_2017_Brun_et_al,2007,m,-0.158125,0.1125,1
central_asia,13_central_asia,demdiff,Brun_et_al_2017_Brun_et_al,2008,m,-0.158125,0.1125,1
central_asia,13_central_asia,demdiff,Brun_et_al_2017_Brun_et_al,2009,m,-0.158125,0.1125,1
central_asia,13_central_asia,demdiff,Brun_et_al_2017_Brun_et_al,2010,m,-0.158125,0.1125,1
central_asia,13_central_asia,demdiff,Brun_et_al_2017_Brun_et_al,2011,m,-0.158125,0.1125,1
central_asia,13_central_asia,demdiff,Brun_et_al_2017_Brun_et_al,2012,m,-0.158125,0.1125,1
central_asia,13_central_asia,demdiff,Brun_et_al_2017_Brun_et_al,2013,m,-0.158125,0.1125,1
central_asia,13_central_asia,demdiff,Brun_et_al_2017_Brun_et_al,2014,m,-0.158125,0.1125,1
central_asia,13_central_asia,demdiff,Brun_et_al_2017_Brun_et_al,2015,m,-0.158125,0.1125,1
central_asia,13_central_asia,demdiff,Brun_et_al_2017_Brun_et_al,2016,m,-0.10541666666667865,0.07500000000000853,1
central_asia,13_central_asia,demdiff,ETH_Hugonnet_et_al,2000,m,-0.063,0.08800000000000001,1
central_asia,13_central_asia,demdiff,ETH_Hugonnet_et_al,2001,m,-0.063,0.08800000000000001,1
central_asia,13_central_asia,demdiff,ETH_Hugonnet_et_al,2002,m,-0.063,0.08800000000000001,1
central_asia,13_central_asia,demdiff,ETH_Hugonnet_et_al,2003,m,-0.063,0.08800000000000001,1
central_asia,13_central_asia,demdiff,ETH_Hugonnet_et_al,2004,m,-0.063,0.08800000000000001,1
central_asia,13_central_asia,demdiff,ETH_Hugonnet_et_al,2005,m,-0.18500000000000003,0.066,1
central_asia,13_central_asia,demdiff,ETH_Hugonnet_et_al,2006,m,-0.18500000000000003,0.066,1
central_asia,13_central_asia,demdiff,ETH_Hugonnet_et_al,2007,m,-0.18500000000000003,0.066,1
central_asia,13_central_asia,demdiff,ETH_Hugonnet_et_al,2008,m,-0.18500000000000003,0.066,1
central_asia,13_central_asia,demdiff,ETH_Hugonnet_et_al,2009,m,-0.18500000000000003,0.066,1
central_asia,13_central_asia,demdiff,ETH_Hugonnet_et_al,2010,m,-0.29900000000000004,0.07800000000000001,1
central_asia,13_central_asia,demdiff,ETH_Hugonnet_et_al,2011,m,-0.29900000000000004,0.07800000000000001,1
central_asia,13_central_asia,demdiff,ETH_Hugonnet_et_al,2012,m,-0.29900000000000004,0.07800000000000001,1
central_asia,13_central_asia,demdiff,ETH_Hugonnet_et_al,2013,m,-0.29900000000000004,0.07800000000000001,1
central_asia,13_central_asia,demdiff,ETH_Hugonnet_et_al,2014,m,-0.29900000000000004,0.07800000000000001,1
central_asia,13_central_asia,demdiff,ETH_Hugonnet_et_al,2015,m,-0.398,0.1,1
central_asia,13_central_asia,demdiff,ETH_Hugonnet_et_al,2016,m,-0.398,0.1,1
central_asia,13_central_asia,demdiff,ETH_Hugonnet_et_al,2017,m,-0.398,0.1,1
central_asia,13_central_asia,demdiff,ETH_Hugonnet_et_al,2018,m,-0.398,0.1,1
central_asia,13_central_asia,demdiff,ETH_Hugonnet_et_al,2019,m,-0.398,0.1,1
central_asia,13_central_asia,glaciological,UZH_GlaciolSineWave_Zemp_et_al,2000,mwe,-0.2651206652207861,0.20843004254200181,12
central_asia,13_central_asia,glaciological,UZH_GlaciolSineWave_Zemp_et_al,2001,mwe,-0.5008276294472531,0.24355083559721044,12
central_asia,13_central_asia,glaciological,UZH_GlaciolSineWave_Zemp_et_al,2002,mwe,-0.42167749169359725,0.2316308299022394,12
central_asia,13_central_asia,glaciological,UZH_GlaciolSineWave_Zemp_et_al,2003,mwe,0.1454126637862182,0.10692817026812698,12
central_asia,13_central_asia,glaciological,UZH_GlaciolSineWave_Zemp_et_al,2004,mwe,0.11140909396869937,0.18586026437930284,12
central_asia,13_central_asia,glaciological,UZH_GlaciolSineWave_Zemp_et_al,2005,mwe,-0.3550307268450353,0.3232554075930733,12
central_asia,13_central_asia,glaciological,UZH_GlaciolSineWave_Zemp_et_al,2006,mwe,-1.0156578812481165,0.46575640930400436,12
central_asia,13_central_asia,glaciological,UZH_GlaciolSineWave_Zemp_et_al,2007,mwe,-1.0005742065748506,0.4042227589206775,12
central_asia,13_central_asia,glaciological,UZH_GlaciolSineWave_Zemp_et_al,2008,mwe,-1.0891135274004347,0.3866752926690254,12
central_asia,13_central_asia,glaciological,UZH_GlaciolSineWave_Zemp_et_al,2009,mwe,0.1509095677006565,0.121382736740923,12
central_asia,13_central_asia,glaciological,UZH_GlaciolSineWave_Zemp_et_al,2010,mwe,-0.6934053206776992,0.3217954375032683,12
central_asia,13_central_asia,glaciological,UZH_GlaciolSineWave_Zemp_et_al,2011,mwe,-0.2865467981673987,0.20188875696211575,12
central_asia,13_central_asia,glaciological,UZH_GlaciolSineWave_Zemp_et_al,2012,mwe,-0.5856741614401341,0.31324178187505675,12
central_asia,13_central_asia,glaciological,UZH_GlaciolSineWave_Zemp_et_al,2013,mwe,-0.4427287031019803,0.2551318482159363,12
central_asia,13_central_asia,glaciological,UZH_GlaciolSineWave_Zemp_et_al,2014,mwe,-0.5871390213541166,0.28320819506858413,12
central_asia,13_central_asia,glaciological,UZH_GlaciolSineWave_Zemp_et_al,2015,mwe,-0.6310007197864078,0.36406765822620185,12
central_asia,13_central_asia,glaciological,UZH_GlaciolSineWave_Zemp_et_al,2016,mwe,-0.317797056933681,0.3033245728268007,12
central_asia,13_central_asia,glaciological,UZH_GlaciolSineWave_Zemp_et_al,2017,mwe,-0.8696467648485754,0.4188624572048103,12
central_asia,13_central_asia,glaciological,UZH_GlaciolSineWave_Zemp_et_al,2018,mwe,-0.45127217101589634,0.31059558063293885,12
central_asia,13_central_asia,glaciological,UZH_GlaciolSineWave_Zemp_et_al,2019,mwe,-0.6054159423169863,0.3490741868698297,12
central_asia,13_central_asia,glaciological,UZH_GlaciolSineWave_Zemp_et_al,2020,mwe,-0.05929402445740128,0.1645865333761671,12
central_asia,13_central_asia,glaciological,UZH_GlaciolSineWave_Zemp_et_al,2021,mwe,-0.4521773681272079,0.271845944111068,12
central_asia,13_central_asia,glaciological,UZH_GlaciolSineWave_Zemp_et_al,2022,mwe,-1.180729577219843,0.5428341251504057,12
central_asia,13_central_asia,glaciological,UZH_GlaciolSineWave_Zemp_et_al,2023,mwe,-1.087145307952813,0.458931251679126,12
central_asia,13_central_asia,glaciological,WGMS-beta_WGMS,2000,mwe,0.20350000000000001,0.3195695601264317,2
central_asia,13_central_asia,glaciological,WGMS-beta_WGMS,2001,mwe,-0.12100000000000001,0.3195695601264317,2
central_asia,13_central_asia,glaciological,WGMS-beta_WGMS,2002,mwe,0.11524999999999999,0.3195695601264317,2
central_asia,13_central_asia,glaciological,WGMS-beta_WGMS,2003,mwe,0.448125,0.3195695601264317,2
central_asia,13_central_asia,glaciological,WGMS-beta_WGMS,2004,mwe,0.18112500000000004,0.3195695601264317,2
central_asia,13_central_asia,glaciological,WGMS-beta_WGMS,2005,mwe,0.016,0.3196335487440705,2
central_asia,13_central_asia,glaciological,WGMS-beta_WGMS,2006,mwe,-0.30425,0.3202088708837901,2
central_asia,13_central_asia,glaciological,WGMS-beta_WGMS,2007,mwe,-0.325875,0.32000141951665106,2
central_asia,13_central_asia,glaciological,WGMS-beta_WGMS,2008,mwe,-0.28024999999999994,0.31806195700314693,2
central_asia,13_central_asia,glaciological,WGMS-beta_WGMS,2009,mwe,0.4835,0.31746451926580965,2
central_asia,13_central_asia,glaciological,WGMS-beta_WGMS,2010,mwe,-0.04685,0.3079118855728878,2
central_asia,13_central_asia,glaciological,WGMS-beta_WGMS,2011,mwe,0.05086666666666668,0.20171721215296287,2
central_asia,13_central_asia,glaciological,WGMS-beta_WGMS,2012,mwe,-0.11466666666666664,0.19365975900902666,2
central_asia,13_central_asia,glaciological,WGMS-beta_WGMS,2013,mwe,-0.03316666666666668,0.19365975900902666,2
central_asia,13_central_asia,glaciological,WGMS-beta_WGMS,2014,mwe,-0.20329166666666662,0.1937029980731605,2
central_asia,13_central_asia,glaciological,WGMS-beta_WGMS,2015,mwe,-0.05016666666666662,0.1940917161818084,2
central_asia,13_central_asia,glaciological,WGMS-beta_WGMS,2016,mwe,0.2164583333333333,0.1940917161818084,2
central_asia,13_central_asia,glaciological,WGMS-beta_WGMS,2017,mwe,-0.1422083333333333,0.19388481244579006,2
central_asia,13_central_asia,glaciological,WGMS-beta_WGMS,2018,mwe,0.017041666666666615,0.19222156526013257,2
central_asia,13_central_asia,glaciological,WGMS-beta_WGMS,2019,mwe,-0.0360833333333333,0.19384609205540812,2
central_asia,13_central_asia,glaciological,WGMS-beta_WGMS,2020,mwe,0.20754166666666668,0.19102446920837163,2
central_asia,13_central_asia,glaciological,WGMS-beta_WGMS,2021,mwe,-0.37712499999999993,0.18556656331875998,2
central_asia,13_central_asia,glaciological,WGMS-beta_WGMS,2022,mwe,-0.5800416666666666,0.1856310786229851,2
central_asia,13_central_asia,glaciological,WGMS-beta_WGMS,2023,mwe,-0.5079041666666667,0.18670544638965375,2
central_asia,13_central_asia,gravimetry,Harig_Group_Harig_et_al,2002,Gt,-14.2990366800393,248.64430921666775,9
central_asia,13_central_asia,gravimetry,Harig_Group_Harig_et_al,2003,Gt,77.55452001009337,354.6006836865828,12
central_asia,13_central_asia,gravimetry,Harig_Group_Harig_et_al,2004,Gt,-49.15870709243477,365.04824040813304,12
central_asia,13_central_asia,gravimetry,Harig_Group_Harig_et_al,2005,Gt,80.7899235982806,371.35458217252824,12
central_asia,13_central_asia,gravimetry,Harig_Group_Harig_et_al,2006,Gt,-98.80539060295311,371.33310727368547,12
central_asia,13_central_asia,gravimetry,Harig_Group_Harig_et_al,2007,Gt,-41.32158873643948,371.3538553003617,12
central_asia,13_central_asia,gravimetry,Harig_Group_Harig_et_al,2008,Gt,-4.475570145751249,371.2755541085274,12
central_asia,13_central_asia,gravimetry,Harig_Group_Harig_et_al,2009,Gt,64.53643983495972,371.35458217252835,12
central_asia,13_central_asia,gravimetry,Harig_Group_Harig_et_al,2010,Gt,-7.559663080364244,365.1460540883326,12
central_asia,13_central_asia,gravimetry,Harig_Group_Harig_et_al,2011,Gt,3.064259030894375,326.26890359374744,12
central_asia,13_central_asia,gravimetry,Harig_Group_Harig_et_al,2012,Gt,-9.028689363193894,336.7816910575086,12
central_asia,13_central_asia,gravimetry,Harig_Group_Harig_et_al,2013,Gt,-116.01103648976428,302.36621378056844,12
central_asia,13_central_asia,gravimetry,Harig_Group_Harig_et_al,2014,Gt,20.637951146645868,289.8136964023107,12
central_asia,13_central_asia,gravimetry,Harig_Group_Harig_et_al,2015,Gt,-86.78933572715265,301.0855623240314,12
central_asia,13_central_asia,gravimetry,Harig_Group_Harig_et_al,2016,Gt,215.29046403134942,296.7858517033582,12
central_asia,13_central_asia,gravimetry,Harig_Group_Harig_et_al,2017,Gt,,,12
central_asia,13_central_asia,gravimetry,Harig_Group_Harig_et_al,2018,Gt,,,12
central_asia,13_central_asia,gravimetry,Harig_Group_Harig_et_al,2019,Gt,17.245656023180125,371.3538553003617,12
central_asia,13_central_asia,gravimetry,Harig_Group_Harig_et_al,2020,Gt,-141.33827703229835,371.2755541085281,12
central_asia,13_central_asia,gravimetry,Harig_Group_Harig_et_al,2021,Gt,20.93777108974463,371.35458217252784,12
central_asia,13_central_asia,gravimetry,Harig_Group_Harig_et_al,2022,Gt,-49.59656253180327,371.33310727368547,12
central_asia,13_central_asia,gravimetry,Harig_Group_Harig_et_al,2023,Gt,38.26474085391084,119.86504440109032,2
central_asia,13_central_asia,gravimetry,Jacob_2012_dmdt_Jacob_et_al,2003,Gt,1.9995789473684018,13.000421052631454,1
central_asia,13_central_asia,gravimetry,Jacob_2012_dmdt_Jacob_et_al,2004,Gt,1.9995789473684018,13.000421052631454,1
central_asia,13_central_asia,gravimetry,Jacob_2012_dmdt_Jacob_et_al,2005,Gt,1.9995789473684018,13.000421052631454,1
central_asia,13_central_asia,gravimetry,Jacob_2012_dmdt_Jacob_et_al,2006,Gt,1.9995789473684018,13.000421052631454,1
central_asia,13_central_asia,gravimetry,Jacob_2012_dmdt_Jacob_et_al,2007,Gt,1.9995789473684018,13.000421052631454,1
central_asia,13_central_asia,gravimetry,Jacob_2012_dmdt_Jacob_et_al,2008,Gt,1.9995789473684018,13.000421052631454,1
central_asia,13_central_asia,gravimetry,Jacob_2012_dmdt_Jacob_et_al,2009,Gt,1.9995789473684018,13.000421052631454,1
central_asia,13_central_asia,gravimetry,Jacob_2012_dmdt_Jacob_et_al,2010,Gt,1.8329473684211866,11.91705263157982,1
central_asia,13_central_asia,gravimetry,Sasgen_AWIarc_RL01_2_Sasgen_et_al,2002,Gt,32.639354838700626,124.52313792935588,9
central_asia,13_central_asia,gravimetry,Sasgen_AWIarc_RL01_2_Sasgen_et_al,2003,Gt,-12.160383921459832,172.81263468929873,12
central_asia,13_central_asia,gravimetry,Sasgen_AWIarc_RL01_2_Sasgen_et_al,2004,Gt,51.42361513746623,186.26689014646402,12
central_asia,13_central_asia,gravimetry,Sasgen_AWIarc_RL01_2_Sasgen_et_al,2005,Gt,29.941284913031758,143.61493699565204,12
central_asia,13_central_asia,gravimetry,Sasgen_AWIarc_RL01_2_Sasgen_et_al,2006,Gt,-103.37612903226585,141.80884444214084,12
central_asia,13_central_asia,gravimetry,Sasgen_AWIarc_RL01_2_Sasgen_et_al,2007,Gt,-10.411837778658999,129.29897477129992,12
central_asia,13_central_asia,gravimetry,Sasgen_AWIarc_RL01_2_Sasgen_et_al,2008,Gt,2.8628954901450197,137.510564571062,12
central_asia,13_central_asia,gravimetry,Sasgen_AWIarc_RL01_2_Sasgen_et_al,2009,Gt,100.08668422400952,164.23681549386038,12
central_asia,13_central_asia,gravimetry,Sasgen_AWIarc_RL01_2_Sasgen_et_al,2010,Gt,1.8936070381223544,171.67662418040635,12
central_asia,13_central_asia,gravimetry,Sasgen_AWIarc_RL01_2_Sasgen_et_al,2011,Gt,49.21982079520269,162.8302195233251,12
central_asia,13_central_asia,gravimetry,Sasgen_AWIarc_RL01_2_Sasgen_et_al,2012,Gt,-39.70841744125246,239.76325408720703,12
central_asia,13_central_asia,gravimetry,Sasgen_AWIarc_RL01_2_Sasgen_et_al,2013,Gt,-105.82382759648053,137.07610391979017,12
central_asia,13_central_asia,gravimetry,Sasgen_AWIarc_RL01_2_Sasgen_et_al,2014,Gt,30.040945273755582,104.8542997148093,12
central_asia,13_central_asia,gravimetry,Sasgen_AWIarc_RL01_2_Sasgen_et_al,2015,Gt,-94.26614084940428,187.14636154054926,12
central_asia,13_central_asia,gravimetry,Sasgen_AWIarc_RL01_2_Sasgen_et_al,2016,Gt,242.35973409442207,131.93914242216448,12
central_asia,13_central_asia,gravimetry,Sasgen_AWIarc_RL01_2_Sasgen_et_al,2017,Gt,-20.8279437298105,133.76287640292253,12
central_asia,13_central_asia,gravimetry,Sasgen_AWIarc_RL01_2_Sasgen_et_al,2018,Gt,-82.48455177810806,85.48077099492302,12
central_asia,13_central_asia,gravimetry,Sasgen_AWIarc_RL01_2_Sasgen_et_al,2019,Gt,-39.429276264550744,135.96172706768058,12
central_asia,13_central_asia,gravimetry,Sasgen_AWIarc_RL01_2_Sasgen_et_al,2020,Gt,-48.94842723458622,142.4935782637796,12
central_asia,13_central_asia,gravimetry,Sasgen_AWIarc_RL01_2_Sasgen_et_al,2021,Gt,-35.89036101698042,147.5628111943221,12
central_asia,13_central_asia,gravimetry,Sasgen_AWIarc_RL01_2_Sasgen_et_al,2022,Gt,19.21935483870188,156.0261581124405,11
central_asia,13_central_asia,gravimetry,Wouters_Wouters_et_al,2002,Gt,17.215933000157122,519.6916658997237,10
central_asia,13_central_asia,gravimetry,Wouters_Wouters_et_al,2003,Gt,241.71830497254092,448.53352308661096,12
central_asia,13_central_asia,gravimetry,Wouters_Wouters_et_al,2004,Gt,41.54441132441606,491.33599655428446,12
central_asia,13_central_asia,gravimetry,Wouters_Wouters_et_al,2005,Gt,18.587922137424016,383.0942122187088,12
central_asia,13_central_asia,gravimetry,Wouters_Wouters_et_al,2006,Gt,-152.95535466857794,383.82955003487285,12
central_asia,13_central_asia,gravimetry,Wouters_Wouters_et_al,2007,Gt,-92.51691116290445,374.3897961904024,12
central_asia,13_central_asia,gravimetry,Wouters_Wouters_et_al,2008,Gt,52.738337409063476,355.9153851359809,12
central_asia,13_central_asia,gravimetry,Wouters_Wouters_et_al,2009,Gt,-13.825894497703928,362.77214791703994,12
central_asia,13_central_asia,gravimetry,Wouters_Wouters_et_al,2010,Gt,14.887901355002,358.3036236859556,12
central_asia,13_central_asia,gravimetry,Wouters_Wouters_et_al,2011,Gt,-12.227618118882987,301.98745121072255,12
central_asia,13_central_asia,gravimetry,Wouters_Wouters_et_al,2012,Gt,221.03426434973883,306.32561370219804,12
central_asia,13_central_asia,gravimetry,Wouters_Wouters_et_al,2013,Gt,-243.9379162499445,241.59583463386937,12
central_asia,13_central_asia,gravimetry,Wouters_Wouters_et_al,2014,Gt,-73.95401275289521,251.2431565481049,12
central_asia,13_central_asia,gravimetry,Wouters_Wouters_et_al,2015,Gt,-55.74173795500507,314.3752184415572,12
central_asia,13_central_asia,gravimetry,Wouters_Wouters_et_al,2016,Gt,263.62302120854906,199.98290691661498,12
central_asia,13_central_asia,gravimetry,Wouters_Wouters_et_al,2017,Gt,-161.59364095621044,248.54906387842945,12
central_asia,13_central_asia,gravimetry,Wouters_Wouters_et_al,2018,Gt,85.19254588752207,168.91180187892638,12
central_asia,13_central_asia,gravimetry,Wouters_Wouters_et_al,2019,Gt,-50.64913654058641,295.67533765347906,12
central_asia,13_central_asia,gravimetry,Wouters_Wouters_et_al,2020,Gt,0.5230122820671568,316.11602426580464,12
central_asia,13_central_asia,gravimetry,Wouters_Wouters_et_al,2021,Gt,-15.209498273843195,275.1802468270543,10
south_asia_west,14_south_asia_west,altimetry,Jakob_Gourmelen_Jakob_et_al,2011,m,0.1673434028228012,1.239782661751577,12
south_asia_west,14_south_asia_west,altimetry,Jakob_Gourmelen_Jakob_et_al,2012,m,-0.8031844899307727,1.2319491868416907,12
south_asia_west,14_south_asia_west,altimetry,Jakob_Gourmelen_Jakob_et_al,2013,m,-0.782801588692317,1.2157788670103953,12
south_asia_west,14_south_asia_west,altimetry,Jakob_Gourmelen_Jakob_et_al,2014,m,0.33147204463329133,1.216521459586676,12
south_asia_west,14_south_asia_west,altimetry,Jakob_Gourmelen_Jakob_et_al,2015,m,0.17680232717280714,1.1983673498659022,12
south_asia_west,14_south_asia_west,altimetry,Jakob_Gourmelen_Jakob_et_al,2016,m,-0.38301888366855774,1.2165763912795622,12
south_asia_west,14_south_asia_west,altimetry,Jakob_Gourmelen_Jakob_et_al,2017,m,-0.22335439403825608,1.4503200695678495,12
south_asia_west,14_south_asia_west,altimetry,Jakob_Gourmelen_Jakob_et_al,2018,m,1.8776871933024835,1.348760515015515,12
south_asia_west,14_south_asia_west,altimetry,Jakob_Gourmelen_Jakob_et_al,2019,m,-0.4248998616014791,0.7040377221950143,4
south_asia_west,14_south_asia_west,altimetry,Ke_Ke_et_al,2000,m,-0.1669913043478387,0.14228695652174989,1
south_asia_west,14_south_asia_west,altimetry,Ke_Ke_et_al,2001,m,-0.18217233201580896,0.15522213438735066,1
south_asia_west,14_south_asia_west,altimetry,Ke_Ke_et_al,2002,m,-0.18217233201580896,0.15522213438735066,1
south_asia_west,14_south_asia_west,altimetry,Ke_Ke_et_al,2003,m,-0.18217233201580896,0.15522213438735066,1
south_asia_west,14_south_asia_west,altimetry,Ke_Ke_et_al,2004,m,-0.18217233201580896,0.15522213438735066,1
south_asia_west,14_south_asia_west,altimetry,Ke_Ke_et_al,2005,m,-0.18217233201580896,0.15522213438735066,1
south_asia_west,14_south_asia_west,altimetry,Ke_Ke_et_al,2006,m,-0.18217233201580896,0.15522213438735066,1
south_asia_west,14_south_asia_west,altimetry,Ke_Ke_et_al,2007,m,-0.18217233201580896,0.15522213438735066,1
south_asia_west,14_south_asia_west,altimetry,Ke_Ke_et_al,2008,m,-0.18217233201580896,0.15522213438735066,1
south_asia_west,14_south_asia_west,altimetry,Ke_Ke_et_al,2009,m,-0.18217233201580896,0.15522213438735066,1
south_asia_west,14_south_asia_west,altimetry,Ke_Ke_et_al,2010,m,-0.18217233201580896,0.15522213438735066,1
south_asia_west,14_south_asia_west,altimetry,Ke_Ke_et_al,2011,m,-0.18217233201580896,0.15522213438735066,1
south_asia_west,14_south_asia_west,altimetry,Ke_Ke_et_al,2012,m,-0.18217233201580896,0.15522213438735066,1
south_asia_west,14_south_asia_west,altimetry,Ke_Ke_et_al,2013,m,-0.18217233201580896,0.15522213438735066,1
south_asia_west,14_south_asia_west,altimetry,Ke_Ke_et_al,2014,m,-0.18217233201580896,0.15522213438735066,1
south_asia_west,14_south_asia_west,altimetry,Ke_Ke_et_al,2015,m,-0.18217233201580896,0.15522213438735066,1
south_asia_west,14_south_asia_west,altimetry,Ke_Ke_et_al,2016,m,-0.18217233201580896,0.15522213438735066,1
south_asia_west,14_south_asia_west,altimetry,Ke_Ke_et_al,2017,m,-0.18217233201580896,0.15522213438735066,1
south_asia_west,14_south_asia_west,altimetry,Ke_Ke_et_al,2018,m,-0.18217233201580896,0.15522213438735066,1
south_asia_west,14_south_asia_west,altimetry,Ke_Ke_et_al,2019,m,-0.18217233201580896,0.15522213438735066,1
south_asia_west,14_south_asia_west,altimetry,Ke_Ke_et_al,2020,m,-0.18217233201580896,0.15522213438735066,1
south_asia_west,14_south_asia_west,altimetry,Ke_Ke_et_al,2021,m,-0.03036205533598197,0.025870355731236878,1
south_asia_west,14_south_asia_west,altimetry,Treichler_ICESat_Treichler_et_al,2003,m,-0.037736022546428494,0.03299319648162641,1
south_asia_west,14_south_asia_west,altimetry,Treichler_ICESat_Treichler_et_al,2004,m,-0.226416135278468,0.1979591788896684,1
south_asia_west,14_south_asia_west,altimetry,Treichler_ICESat_Treichler_et_al,2005,m,-0.226416135278468,0.1979591788896684,1
south_asia_west,14_south_asia_west,altimetry,Treichler_ICESat_Treichler_et_al,2006,m,-0.226416135278468,0.1979591788896684,1
south_asia_west,14_south_asia_west,altimetry,Treichler_ICESat_Treichler_et_al,2007,m,-0.226416135278468,0.1979591788896684,1
south_asia_west,14_south_asia_west,altimetry,Treichler_ICESat_Treichler_et_al,2008,m,-0.1886801127320395,0.164965982408042,1
south_asia_west,14_south_asia_west,altimetry,Treichler_snowfall_Treichler_et_al,2003,m,-0.04876693723250651,0.024769395355504098,1
south_asia_west,14_south_asia_west,altimetry,Treichler_snowfall_Treichler_et_al,2004,m,-0.292601623394906,0.148616372132957,1
south_asia_west,14_south_asia_west,altimetry,Treichler_snowfall_Treichler_et_al,2005,m,-0.292601623394906,0.148616372132957,1
south_asia_west,14_south_asia_west,altimetry,Treichler_snowfall_Treichler_et_al,2006,m,-0.292601623394906,0.148616372132957,1
south_asia_west,14_south_asia_west,altimetry,Treichler_snowfall_Treichler_et_al,2007,m,-0.292601623394906,0.148616372132957,1
south_asia_west,14_south_asia_west,altimetry,Treichler_snowfall_Treichler_et_al,2008,m,-0.24383468616239948,0.12384697677745289,1
south_asia_west,14_south_asia_west,combined,DUS-combined_Dussaillant_et_al,2000,mwe,0.19606416988205758,0.11181607812003311,2
south_asia_west,14_south_asia_west,combined,DUS-combined_Dussaillant_et_al,2001,mwe,-0.06653719514549788,0.11180836764492395,2
south_asia_west,14_south_asia_west,combined,DUS-combined_Dussaillant_et_al,2002,mwe,-0.020033144009199977,0.11043115341094302,2
south_asia_west,14_south_asia_west,combined,DUS-combined_Dussaillant_et_al,2003,mwe,-0.4522962048540127,0.09715865334381457,2
south_asia_west,14_south_asia_west,combined,DUS-combined_Dussaillant_et_al,2004,mwe,-0.25689607309484874,0.09716014550418176,2
south_asia_west,14_south_asia_west,combined,DUS-combined_Dussaillant_et_al,2005,mwe,0.003147720547915678,0.09721486162715506,2
south_asia_west,14_south_asia_west,combined,DUS-combined_Dussaillant_et_al,2006,mwe,-0.8236891184736275,0.0971919238810044,2
south_asia_west,14_south_asia_west,combined,DUS-combined_Dussaillant_et_al,2007,mwe,-0.6414770054170729,0.09717523499481365,2
south_asia_west,14_south_asia_west,combined,DUS-combined_Dussaillant_et_al,2008,mwe,-0.42837628972023967,0.09690260709359992,2
south_asia_west,14_south_asia_west,combined,DUS-combined_Dussaillant_et_al,2009,mwe,0.4836682747642169,0.0967329924902425,2
south_asia_west,14_south_asia_west,combined,DUS-combined_Dussaillant_et_al,2010,mwe,0.37781321750043684,0.09496661836377687,2
south_asia_west,14_south_asia_west,combined,DUS-combined_Dussaillant_et_al,2011,mwe,0.046704512932655665,0.08081554295649715,2
south_asia_west,14_south_asia_west,combined,DUS-combined_Dussaillant_et_al,2012,mwe,-0.2691852504025797,0.07907120554920379,2
south_asia_west,14_south_asia_west,combined,DUS-combined_Dussaillant_et_al,2013,mwe,-0.2012094618437542,0.07894033008410689,2
south_asia_west,14_south_asia_west,combined,DUS-combined_Dussaillant_et_al,2014,mwe,-0.28108593127326115,0.07896027951317622,2
south_asia_west,14_south_asia_west,combined,DUS-combined_Dussaillant_et_al,2015,mwe,-0.11119048332770999,0.07895486786615723,2
south_asia_west,14_south_asia_west,combined,DUS-combined_Dussaillant_et_al,2016,mwe,0.025059873071721764,0.07866519524637051,2
south_asia_west,14_south_asia_west,combined,DUS-combined_Dussaillant_et_al,2017,mwe,-0.21668792421994046,0.07869370738739628,2
south_asia_west,14_south_asia_west,combined,DUS-combined_Dussaillant_et_al,2018,mwe,-0.07000105904477548,0.07852227496006593,2
south_asia_west,14_south_asia_west,combined,DUS-combined_Dussaillant_et_al,2019,mwe,-0.020638610029850554,0.07880530743419764,2
south_asia_west,14_south_asia_west,combined,DUS-combined_Dussaillant_et_al,2020,mwe,0.11163934612627424,0.07788747819444918,2
south_asia_west,14_south_asia_west,combined,DUS-combined_Dussaillant_et_al,2021,mwe,-0.44959055221084526,0.07765072694896527,2
south_asia_west,14_south_asia_west,combined,DUS-combined_Dussaillant_et_al,2022,mwe,-0.7368415362100047,0.0779965030185851,2
south_asia_west,14_south_asia_west,combined,DUS-combined_Dussaillant_et_al,2023,mwe,-0.39177343046169505,0.07807212621579304,2
south_asia_west,14_south_asia_west,combined,Huss_Huss_et_al,2000,mwe,0.23285,0.2512876961771109,2
south_asia_west,14_south_asia_west,combined,Huss_Huss_et_al,2001,mwe,-0.07275,0.576642439580196,2
south_asia_west,14_south_asia_west,combined,Huss_Huss_et_al,2002,mwe,-0.15452500000000002,0.46037297107888514,2
south_asia_west,14_south_asia_west,combined,Huss_Huss_et_al,2003,mwe,-0.7614500000000001,0.7396760709932423,2
south_asia_west,14_south_asia_west,combined,Huss_Huss_et_al,2004,mwe,-0.4519,0.7445134535386181,2
south_asia_west,14_south_asia_west,combined,Huss_Huss_et_al,2005,mwe,-0.05399999999999999,0.3226372469585618,2
south_asia_west,14_south_asia_west,combined,Huss_Huss_et_al,2006,mwe,-0.9827750000000002,0.4834418844338996,2
south_asia_west,14_south_asia_west,combined,Huss_Huss_et_al,2007,mwe,-0.734625,0.28196500226091886,2
south_asia_west,14_south_asia_west,combined,Huss_Huss_et_al,2008,mwe,-0.48037499999999994,0.36857322881620147,2
south_asia_west,14_south_asia_west,combined,Huss_Huss_et_al,2009,mwe,0.42755,0.2958500380260243,2
south_asia_west,14_south_asia_west,combined,Huss_Huss_et_al,2010,mwe,0.45625,0.3460599153325909,2
south_asia_west,14_south_asia_west,combined,Huss_Huss_et_al,2011,mwe,0.1587,0.18957286857564826,2
south_asia_west,14_south_asia_west,combined,Huss_Huss_et_al,2012,mwe,-0.24847499999999997,0.21381141369206647,2
south_asia_west,14_south_asia_west,combined,Huss_Huss_et_al,2013,mwe,-0.28859999999999997,0.2535363595719557,2
south_asia_west,14_south_asia_west,combined,Huss_Huss_et_al,2014,mwe,-0.03515,0.21680184645200787,2
south_asia_west,14_south_asia_west,combined,Huss_Huss_et_al,2015,mwe,0.0618,0.2469623364503179,2
south_asia_west,14_south_asia_west,combined,Huss_Huss_et_al,2016,mwe,-0.143175,0.3320148528304118,2
south_asia_west,14_south_asia_west,combined,Huss_Huss_et_al,2017,mwe,-0.06820000000000001,0.2712082283504687,2
south_asia_west,14_south_asia_west,combined,Huss_Huss_et_al,2018,mwe,0.060625,0.2499548984316971,2
south_asia_west,14_south_asia_west,combined,Huss_Huss_et_al,2019,mwe,0.32782500000000003,0.3612099571232776,2
south_asia_west,14_south_asia_west,combined,Huss_Huss_et_al,2020,mwe,0.196075,0.1621129949294627,2
south_asia_west,14_south_asia_west,combined,Huss_Huss_et_al,2021,mwe,-0.3588,0.287925,1
south_asia_west,14_south_asia_west,combined,Miles2021_Miles_et_al,2000,mwe,-0.25,0.06999999999999999,1
south_asia_west,14_south_asia_west,combined,Miles2021_Miles_et_al,2001,mwe,-0.25,0.06999999999999999,1
south_asia_west,14_south_asia_west,combined,Miles2021_Miles_et_al,2002,mwe,-0.25,0.06999999999999999,1
south_asia_west,14_south_asia_west,combined,Miles2021_Miles_et_al,2003,mwe,-0.25,0.06999999999999999,1
south_asia_west,14_south_asia_west,combined,Miles2021_Miles_et_al,2004,mwe,-0.25,0.06999999999999999,1
south_asia_west,14_south_asia_west,combined,Miles2021_Miles_et_al,2005,mwe,-0.25,0.06999999999999999,1
south_asia_west,14_south_asia_west,combined,Miles2021_Miles_et_al,2006,mwe,-0.25,0.06999999999999999,1
south_asia_west,14_south_asia_west,combined,Miles2021_Miles_et_al,2007,mwe,-0.25,0.06999999999999999,1
south_asia_west,14_south_asia_west,combined,Miles2021_Miles_et_al,2008,mwe,-0.25,0.06999999999999999,1
south_asia_west,14_south_asia_west,combined,Miles2021_Miles_et_al,2009,mwe,-0.25,0.06999999999999999,1
south_asia_west,14_south_asia_west,combined,Miles2021_Miles_et_al,2010,mwe,-0.25,0.06999999999999999,1
south_asia_west,14_south_asia_west,combined,Miles2021_Miles_et_al,2011,mwe,-0.25,0.06999999999999999,1
south_asia_west,14_south_asia_west,combined,Miles2021_Miles_et_al,2012,mwe,-0.25,0.06999999999999999,1
south_asia_west,14_south_asia_west,combined,Miles2021_Miles_et_al,2013,mwe,-0.25,0.06999999999999999,1
south_asia_west,14_south_asia_west,combined,Miles2021_Miles_et_al,2014,mwe,-0.25,0.06999999999999999,1
south_asia_west,14_south_asia_west,combined,Miles2021_Miles_et_al,2015,mwe,-0.25,0.06999999999999999,1
south_asia_west,14_south_asia_west,combined,Miles2021_Miles_et_al,2016,mwe,-0.25,0.06999999999999999,1
south_asia_west,14_south_asia_west,demdiff,Brun_et_al_2017_Brun_et_al,2000,m,-0.04624999999998949,0.03729166666665819,1
south_asia_west,14_south_asia_west,demdiff,Brun_et_al_2017_Brun_et_al,2001,m,-0.13875,0.111875,1
south_asia_west,14_south_asia_west,demdiff,Brun_et_al_2017_Brun_et_al,2002,m,-0.13875,0.111875,1
south_asia_west,14_south_asia_west,demdiff,Brun_et_al_2017_Brun_et_al,2003,m,-0.13875,0.111875,1
south_asia_west,14_south_asia_west,demdiff,Brun_et_al_2017_Brun_et_al,2004,m,-0.13875,0.111875,1
south_asia_west,14_south_asia_west,demdiff,Brun_et_al_2017_Brun_et_al,2005,m,-0.13875,0.111875,1
south_asia_west,14_south_asia_west,demdiff,Brun_et_al_2017_Brun_et_al,2006,m,-0.13875,0.111875,1
south_asia_west,14_south_asia_west,demdiff,Brun_et_al_2017_Brun_et_al,2007,m,-0.13875,0.111875,1
south_asia_west,14_south_asia_west,demdiff,Brun_et_al_2017_Brun_et_al,2008,m,-0.13875,0.111875,1
south_asia_west,14_south_asia_west,demdiff,Brun_et_al_2017_Brun_et_al,2009,m,-0.13875,0.111875,1
south_asia_west,14_south_asia_west,demdiff,Brun_et_al_2017_Brun_et_al,2010,m,-0.13875,0.111875,1
south_asia_west,14_south_asia_west,demdiff,Brun_et_al_2017_Brun_et_al,2011,m,-0.13875,0.111875,1
south_asia_west,14_south_asia_west,demdiff,Brun_et_al_2017_Brun_et_al,2012,m,-0.13875,0.111875,1
south_asia_west,14_south_asia_west,demdiff,Brun_et_al_2017_Brun_et_al,2013,m,-0.13875,0.111875,1
south_asia_west,14_south_asia_west,demdiff,Brun_et_al_2017_Brun_et_al,2014,m,-0.13875,0.111875,1
south_asia_west,14_south_asia_west,demdiff,Brun_et_al_2017_Brun_et_al,2015,m,-0.13875,0.111875,1
south_asia_west,14_south_asia_west,demdiff,Brun_et_al_2017_Brun_et_al,2016,m,-0.09250000000001052,0.07458333333334181,1
south_asia_west,14_south_asia_west,demdiff,ETH_Hugonnet_et_al,2000,m,-0.10200000000000001,0.17400000000000002,1
south_asia_west,14_south_asia_west,demdiff,ETH_Hugonnet_et_al,2001,m,-0.10200000000000001,0.17400000000000002,1
south_asia_west,14_south_asia_west,demdiff,ETH_Hugonnet_et_al,2002,m,-0.10200000000000001,0.17400000000000002,1
south_asia_west,14_south_asia_west,demdiff,ETH_Hugonnet_et_al,2003,m,-0.10200000000000001,0.17400000000000002,1
south_asia_west,14_south_asia_west,demdiff,ETH_Hugonnet_et_al,2004,m,-0.10200000000000001,0.17400000000000002,1
south_asia_west,14_south_asia_west,demdiff,ETH_Hugonnet_et_al,2005,m,-0.149,0.11399999999999999,1
south_asia_west,14_south_asia_west,demdiff,ETH_Hugonnet_et_al,2006,m,-0.149,0.11399999999999999,1
south_asia_west,14_south_asia_west,demdiff,ETH_Hugonnet_et_al,2007,m,-0.149,0.11399999999999999,1
south_asia_west,14_south_asia_west,demdiff,ETH_Hugonnet_et_al,2008,m,-0.149,0.11399999999999999,1
south_asia_west,14_south_asia_west,demdiff,ETH_Hugonnet_et_al,2009,m,-0.149,0.11399999999999999,1
south_asia_west,14_south_asia_west,demdiff,ETH_Hugonnet_et_al,2010,m,-0.17800000000000002,0.10400000000000001,1
south_asia_west,14_south_asia_west,demdiff,ETH_Hugonnet_et_al,2011,m,-0.17800000000000002,0.10400000000000001,1
south_asia_west,14_south_asia_west,demdiff,ETH_Hugonnet_et_al,2012,m,-0.17800000000000002,0.10400000000000001,1
south_asia_west,14_south_asia_west,demdiff,ETH_Hugonnet_et_al,2013,m,-0.17800000000000002,0.10400000000000001,1
south_asia_west,14_south_asia_west,demdiff,ETH_Hugonnet_et_al,2014,m,-0.17800000000000002,0.10400000000000001,1
south_asia_west,14_south_asia_west,demdiff,ETH_Hugonnet_et_al,2015,m,-0.225,0.144,1
south_asia_west,14_south_asia_west,demdiff,ETH_Hugonnet_et_al,2016,m,-0.225,0.144,1
south_asia_west,14_south_asia_west,demdiff,ETH_Hugonnet_et_al,2017,m,-0.225,0.144,1
south_asia_west,14_south_asia_west,demdiff,ETH_Hugonnet_et_al,2018,m,-0.225,0.144,1
south_asia_west,14_south_asia_west,demdiff,ETH_Hugonnet_et_al,2019,m,-0.225,0.144,1
south_asia_west,14_south_asia_west,glaciological,UZH_GlaciolSineWave_Zemp_et_al,2000,mwe,-0.7313940457518688,0.48544051318679354,12
south_asia_west,14_south_asia_west,glaciological,UZH_GlaciolSineWave_Zemp_et_al,2001,mwe,-0.8129031353830166,0.500606802682731,12
south_asia_west,14_south_asia_west,glaciological,UZH_GlaciolSineWave_Zemp_et_al,2002,mwe,-0.6905721330306797,0.47732074374088224,12
south_asia_west,14_south_asia_west,glaciological,UZH_GlaciolSineWave_Zemp_et_al,2003,mwe,-1.05539455606471,0.5059623782961087,12
south_asia_west,14_south_asia_west,glaciological,UZH_GlaciolSineWave_Zemp_et_al,2004,mwe,-1.3455366838097327,0.5821742869710187,12
south_asia_west,14_south_asia_west,glaciological,UZH_GlaciolSineWave_Zemp_et_al,2005,mwe,-0.44005558199774925,0.43988793341187715,12
south_asia_west,14_south_asia_west,glaciological,UZH_GlaciolSineWave_Zemp_et_al,2006,mwe,-1.4718451781644462,0.55504304303935,12
south_asia_west,14_south_asia_west,glaciological,UZH_GlaciolSineWave_Zemp_et_al,2007,mwe,-1.702767891311851,0.6060454990018975,12
south_asia_west,14_south_asia_west,glaciological,UZH_GlaciolSineWave_Zemp_et_al,2008,mwe,-1.0139427024476069,0.5357385564051906,12
south_asia_west,14_south_asia_west,glaciological,UZH_GlaciolSineWave_Zemp_et_al,2009,mwe,-0.3021897214388912,0.4562721837959819,12
south_asia_west,14_south_asia_west,glaciological,UZH_GlaciolSineWave_Zemp_et_al,2010,mwe,0.25110916862694477,0.32331254528374315,12
south_asia_west,14_south_asia_west,glaciological,UZH_GlaciolSineWave_Zemp_et_al,2011,mwe,0.07723919645125005,0.31234564239710694,12
south_asia_west,14_south_asia_west,glaciological,UZH_GlaciolSineWave_Zemp_et_al,2012,mwe,-0.644461904294513,0.4849358088167532,12
south_asia_west,14_south_asia_west,glaciological,UZH_GlaciolSineWave_Zemp_et_al,2013,mwe,-0.5210579572185865,0.45795428686642237,12
south_asia_west,14_south_asia_west,glaciological,UZH_GlaciolSineWave_Zemp_et_al,2014,mwe,-0.0009086935827975484,0.4099912923950408,12
south_asia_west,14_south_asia_west,glaciological,UZH_GlaciolSineWave_Zemp_et_al,2015,mwe,-0.1878514107541902,0.4293660461645488,12
south_asia_west,14_south_asia_west,glaciological,UZH_GlaciolSineWave_Zemp_et_al,2016,mwe,-0.775634099941181,0.5195559421029038,12
south_asia_west,14_south_asia_west,glaciological,UZH_GlaciolSineWave_Zemp_et_al,2017,mwe,-0.34414251782560296,0.4617185579856984,12
south_asia_west,14_south_asia_west,glaciological,UZH_GlaciolSineWave_Zemp_et_al,2018,mwe,-0.3220134916203998,0.5069613037765479,12
south_asia_west,14_south_asia_west,glaciological,UZH_GlaciolSineWave_Zemp_et_al,2019,mwe,0.3557628868228376,0.4774357352272462,12
south_asia_west,14_south_asia_west,glaciological,UZH_GlaciolSineWave_Zemp_et_al,2020,mwe,-0.2311765858849882,0.43627628014131953,12
south_asia_west,14_south_asia_west,glaciological,UZH_GlaciolSineWave_Zemp_et_al,2021,mwe,-0.7525438307081951,0.4890885605736117,12
south_asia_west,14_south_asia_west,glaciological,UZH_GlaciolSineWave_Zemp_et_al,2022,mwe,-1.56694842579736,0.7253013775735584,12
south_asia_west,14_south_asia_west,glaciological,UZH_GlaciolSineWave_Zemp_et_al,2023,mwe,-0.22677070487282708,0.4361652460397612,12
south_asia_west,14_south_asia_west,glaciological,WGMS-beta_WGMS,2000,mwe,0.20350000000000001,0.5032856797302333,2
south_asia_west,14_south_asia_west,glaciological,WGMS-beta_WGMS,2001,mwe,-0.12100000000000001,0.5032856797302333,2
south_asia_west,14_south_asia_west,glaciological,WGMS-beta_WGMS,2002,mwe,-0.02604166666666665,0.49514157699824884,2
south_asia_west,14_south_asia_west,glaciological,WGMS-beta_WGMS,2003,mwe,-0.0734166666666666,0.4147089749805526,2
south_asia_west,14_south_asia_west,glaciological,WGMS-beta_WGMS,2004,mwe,-0.08974999999999997,0.4147089749805526,2
south_asia_west,14_south_asia_west,glaciological,WGMS-beta_WGMS,2005,mwe,0.01266666666666666,0.41403225852400416,2
south_asia_west,14_south_asia_west,glaciological,WGMS-beta_WGMS,2006,mwe,-0.555,0.4078912914246795,2
south_asia_west,14_south_asia_west,glaciological,WGMS-beta_WGMS,2007,mwe,-0.45775,0.4077147346472627,2
south_asia_west,14_south_asia_west,glaciological,WGMS-beta_WGMS,2008,mwe,-0.32566666666666666,0.4060364073673039,2
south_asia_west,14_south_asia_west,glaciological,WGMS-beta_WGMS,2009,mwe,0.4676666666666667,0.4052628282251908,2
south_asia_west,14_south_asia_west,glaciological,WGMS-beta_WGMS,2010,mwe,0.10799999999999994,0.4052628282251908,2
south_asia_west,14_south_asia_west,glaciological,WGMS-beta_WGMS,2011,mwe,-0.03116666666666667,0.4052628282251908,2
south_asia_west,14_south_asia_west,glaciological,WGMS-beta_WGMS,2012,mwe,-0.23475000000000001,0.4052628282251908,2
south_asia_west,14_south_asia_west,glaciological,WGMS-beta_WGMS,2013,mwe,-0.07258333333333336,0.4052628282251908,2
south_asia_west,14_south_asia_west,glaciological,WGMS-beta_WGMS,2014,mwe,-0.030833333333333376,0.40528979218696964,2
south_asia_west,14_south_asia_west,glaciological,WGMS-beta_WGMS,2015,mwe,-0.06941666666666665,0.4055323871651263,2
south_asia_west,14_south_asia_west,glaciological,WGMS-beta_WGMS,2016,mwe,0.01366666666666666,0.4055323871651263,2
south_asia_west,14_south_asia_west,glaciological,WGMS-beta_WGMS,2017,mwe,-0.16624999999999995,0.4055323871651263,2
south_asia_west,14_south_asia_west,glaciological,WGMS-beta_WGMS,2018,mwe,0.12866666666666668,0.4055323871651263,2
south_asia_west,14_south_asia_west,glaciological,WGMS-beta_WGMS,2019,mwe,0.331375,0.4154105866238601,2
south_asia_west,14_south_asia_west,glaciological,WGMS-beta_WGMS,2020,mwe,0.170375,0.49553092883611494,2
south_asia_west,14_south_asia_west,glaciological,WGMS-beta_WGMS,2021,mwe,-0.35583333333333333,0.4884080541576508,2
south_asia_west,14_south_asia_west,glaciological,WGMS-beta_WGMS,2022,mwe,-0.7,0.4178907898288082,2
south_asia_west,14_south_asia_west,glaciological,WGMS-beta_WGMS,2023,mwe,-0.09767083333333332,0.4104818910426924,2
south_asia_west,14_south_asia_west,gravimetry,Jacob_2012_dmdt_Jacob_et_al,2003,Gt,-1.0004210526315693,4.999578947368373,1
south_asia_west,14_south_asia_west,gravimetry,Jacob_2012_dmdt_Jacob_et_al,2004,Gt,-1.0004210526315693,4.999578947368373,1
south_asia_west,14_south_asia_west,gravimetry,Jacob_2012_dmdt_Jacob_et_al,2005,Gt,-1.0004210526315693,4.999578947368373,1
south_asia_west,14_south_asia_west,gravimetry,Jacob_2012_dmdt_Jacob_et_al,2006,Gt,-1.0004210526315693,4.999578947368373,1
south_asia_west,14_south_asia_west,gravimetry,Jacob_2012_dmdt_Jacob_et_al,2007,Gt,-1.0004210526315693,4.999578947368373,1
south_asia_west,14_south_asia_west,gravimetry,Jacob_2012_dmdt_Jacob_et_al,2008,Gt,-1.0004210526315693,4.999578947368373,1
south_asia_west,14_south_asia_west,gravimetry,Jacob_2012_dmdt_Jacob_et_al,2009,Gt,-1.0004210526315693,4.999578947368373,1
south_asia_west,14_south_asia_west,gravimetry,Jacob_2012_dmdt_Jacob_et_al,2010,Gt,-0.9170526315790144,4.5829473684213875,1
south_asia_west,14_south_asia_west,gravimetry,Sasgen_AWIarc_RL01_2_Sasgen_et_al,2002,Gt,-149.2083870967609,85.43302562970779,9
south_asia_west,14_south_asia_west,gravimetry,Sasgen_AWIarc_RL01_2_Sasgen_et_al,2003,Gt,66.94989343530742,118.56156224849614,12
south_asia_west,14_south_asia_west,gravimetry,Sasgen_AWIarc_RL01_2_Sasgen_et_al,2004,Gt,-7.784621960755942,127.79049383665178,12
south_asia_west,14_south_asia_west,gravimetry,Sasgen_AWIarc_RL01_2_Sasgen_et_al,2005,Gt,18.444728525428822,98.53096238160713,12
south_asia_west,14_south_asia_west,gravimetry,Sasgen_AWIarc_RL01_2_Sasgen_et_al,2006,Gt,-11.99064516127953,97.29101769106848,12
south_asia_west,14_south_asia_west,gravimetry,Sasgen_AWIarc_RL01_2_Sasgen_et_al,2007,Gt,-97.98026347925965,88.7093939699155,12
south_asia_west,14_south_asia_west,gravimetry,Sasgen_AWIarc_RL01_2_Sasgen_et_al,2008,Gt,13.965915331327267,94.33761727916381,12
south_asia_west,14_south_asia_west,gravimetry,Sasgen_AWIarc_RL01_2_Sasgen_et_al,2009,Gt,32.03789653501141,112.68122417138908,12
south_asia_west,14_south_asia_west,gravimetry,Sasgen_AWIarc_RL01_2_Sasgen_et_al,2010,Gt,25.571847507344685,117.78036270540434,12
south_asia_west,14_south_asia_west,gravimetry,Sasgen_AWIarc_RL01_2_Sasgen_et_al,2011,Gt,-53.56079895459905,111.71469537850352,12
south_asia_west,14_south_asia_west,gravimetry,Sasgen_AWIarc_RL01_2_Sasgen_et_al,2012,Gt,-7.821107488453466,164.49752557824112,12
south_asia_west,14_south_asia_west,gravimetry,Sasgen_AWIarc_RL01_2_Sasgen_et_al,2013,Gt,-31.817790526552656,94.0450931376027,12
south_asia_west,14_south_asia_west,gravimetry,Sasgen_AWIarc_RL01_2_Sasgen_et_al,2014,Gt,51.617661691372206,71.93273404830431,12
south_asia_west,14_south_asia_west,gravimetry,Sasgen_AWIarc_RL01_2_Sasgen_et_al,2015,Gt,-3.437780290710947,128.39347848917282,12
south_asia_west,14_south_asia_west,gravimetry,Sasgen_AWIarc_RL01_2_Sasgen_et_al,2016,Gt,-84.33025072085206,90.52192504124879,12
south_asia_west,14_south_asia_west,gravimetry,Sasgen_AWIarc_RL01_2_Sasgen_et_al,2017,Gt,121.56208540275732,91.77390266173673,12
south_asia_west,14_south_asia_west,gravimetry,Sasgen_AWIarc_RL01_2_Sasgen_et_al,2018,Gt,-109.02580210416967,58.65239759610583,12
south_asia_west,14_south_asia_west,gravimetry,Sasgen_AWIarc_RL01_2_Sasgen_et_al,2019,Gt,4.663233493040991,93.28713173453026,12
south_asia_west,14_south_asia_west,gravimetry,Sasgen_AWIarc_RL01_2_Sasgen_et_al,2020,Gt,-55.92598183456144,97.76650267685137,12
south_asia_west,14_south_asia_west,gravimetry,Sasgen_AWIarc_RL01_2_Sasgen_et_al,2021,Gt,1.6324257608642494,101.2383561510155,12
south_asia_west,14_south_asia_west,gravimetry,Sasgen_AWIarc_RL01_2_Sasgen_et_al,2022,Gt,-58.22225806449916,107.04529089828648,11
south_asia_west,14_south_asia_west,gravimetry,Wouters_Wouters_et_al,2002,Gt,-177.272438279862,104.48676315027599,10
south_asia_west,14_south_asia_west,gravimetry,Wouters_Wouters_et_al,2003,Gt,30.605099372641007,89.12609168755476,12
south_asia_west,14_south_asia_west,gravimetry,Wouters_Wouters_et_al,2004,Gt,55.8242382386661,100.65639646496513,12
south_asia_west,14_south_asia_west,gravimetry,Wouters_Wouters_et_al,2005,Gt,-70.55225357403012,80.00077990089723,12
south_asia_west,14_south_asia_west,gravimetry,Wouters_Wouters_et_al,2006,Gt,41.22682672629,80.1270974149664,12
south_asia_west,14_south_asia_west,gravimetry,Wouters_Wouters_et_al,2007,Gt,-70.308426963806,78.83892691848223,12
south_asia_west,14_south_asia_west,gravimetry,Wouters_Wouters_et_al,2008,Gt,22.043389291951,78.58213239011707,12
south_asia_west,14_south_asia_west,gravimetry,Wouters_Wouters_et_al,2009,Gt,8.512863298277026,80.8477268347884,12
south_asia_west,14_south_asia_west,gravimetry,Wouters_Wouters_et_al,2010,Gt,-32.28940647473101,79.62012290320533,12
south_asia_west,14_south_asia_west,gravimetry,Wouters_Wouters_et_al,2011,Gt,17.451494190190964,63.05076416011743,12
south_asia_west,14_south_asia_west,gravimetry,Wouters_Wouters_et_al,2012,Gt,2.0633243553310194,63.02287167895583,12
south_asia_west,14_south_asia_west,gravimetry,Wouters_Wouters_et_al,2013,Gt,-66.029511249275,50.93248697685621,12
south_asia_west,14_south_asia_west,gravimetry,Wouters_Wouters_et_al,2014,Gt,88.80004389393397,51.94541034838208,12
south_asia_west,14_south_asia_west,gravimetry,Wouters_Wouters_et_al,2015,Gt,-7.20432818415253,65.23668644282769,12
south_asia_west,14_south_asia_west,gravimetry,Wouters_Wouters_et_al,2016,Gt,-78.30569109861338,43.23849874444323,12
south_asia_west,14_south_asia_west,gravimetry,Wouters_Wouters_et_al,2017,Gt,106.42536950841244,49.00267633185882,12
south_asia_west,14_south_asia_west,gravimetry,Wouters_Wouters_et_al,2018,Gt,-63.0041680731905,34.494817373517925,12
south_asia_west,14_south_asia_west,gravimetry,Wouters_Wouters_et_al,2019,Gt,-1.0078846398500065,63.07515223090938,12
south_asia_west,14_south_asia_west,gravimetry,Wouters_Wouters_et_al,2020,Gt,-26.919306681308,63.79253539591879,12
south_asia_west,14_south_asia_west,gravimetry,Wouters_Wouters_et_al,2021,Gt,-25.486340718628004,56.75093648729342,10
south_asia_east,15_south_asia_east,altimetry,Jakob_Gourmelen_Jakob_et_al,2011,m,-0.3190292979031934,1.7448971346927047,12
south_asia_east,15_south_asia_east,altimetry,Jakob_Gourmelen_Jakob_et_al,2012,m,-1.9158073219848415,1.784727005885078,12
south_asia_east,15_south_asia_east,altimetry,Jakob_Gourmelen_Jakob_et_al,2013,m,1.244717825021442,1.7674172330696405,12
south_asia_east,15_south_asia_east,altimetry,Jakob_Gourmelen_Jakob_et_al,2014,m,-1.7088036138680573,1.7258201717715593,12
south_asia_east,15_south_asia_east,altimetry,Jakob_Gourmelen_Jakob_et_al,2015,m,0.6623628891516367,1.8525015929902164,12
south_asia_east,15_south_asia_east,altimetry,Jakob_Gourmelen_Jakob_et_al,2016,m,-1.1282796309483971,1.866758623306162,12
south_asia_east,15_south_asia_east,altimetry,Jakob_Gourmelen_Jakob_et_al,2017,m,-1.8074620956347016,2.4434214973836483,12
south_asia_east,15_south_asia_east,altimetry,Jakob_Gourmelen_Jakob_et_al,2018,m,0.41740476989990366,2.3173769177243204,12
south_asia_east,15_south_asia_east,altimetry,Jakob_Gourmelen_Jakob_et_al,2019,m,1.599062365266208,1.2200879922816223,4
south_asia_east,15_south_asia_east,altimetry,Ke_Ke_et_al,2000,m,-0.4612391304348174,0.09631304347826813,1
south_asia_east,15_south_asia_east,altimetry,Ke_Ke_et_al,2001,m,-0.5031699604743046,0.10506877470355655,1
south_asia_east,15_south_asia_east,altimetry,Ke_Ke_et_al,2002,m,-0.5031699604743046,0.10506877470355655,1
south_asia_east,15_south_asia_east,altimetry,Ke_Ke_et_al,2003,m,-0.5031699604743046,0.10506877470355655,1
south_asia_east,15_south_asia_east,altimetry,Ke_Ke_et_al,2004,m,-0.5031699604743046,0.10506877470355655,1
south_asia_east,15_south_asia_east,altimetry,Ke_Ke_et_al,2005,m,-0.5031699604743046,0.10506877470355655,1
south_asia_east,15_south_asia_east,altimetry,Ke_Ke_et_al,2006,m,-0.5031699604743046,0.10506877470355655,1
south_asia_east,15_south_asia_east,altimetry,Ke_Ke_et_al,2007,m,-0.5031699604743046,0.10506877470355655,1
south_asia_east,15_south_asia_east,altimetry,Ke_Ke_et_al,2008,m,-0.5031699604743046,0.10506877470355655,1
south_asia_east,15_south_asia_east,altimetry,Ke_Ke_et_al,2009,m,-0.5031699604743046,0.10506877470355655,1
south_asia_east,15_south_asia_east,altimetry,Ke_Ke_et_al,2010,m,-0.5031699604743046,0.10506877470355655,1
south_asia_east,15_south_asia_east,altimetry,Ke_Ke_et_al,2011,m,-0.5031699604743046,0.10506877470355655,1
south_asia_east,15_south_asia_east,altimetry,Ke_Ke_et_al,2012,m,-0.5031699604743046,0.10506877470355655,1
south_asia_east,15_south_asia_east,altimetry,Ke_Ke_et_al,2013,m,-0.5031699604743046,0.10506877470355655,1
south_asia_east,15_south_asia_east,altimetry,Ke_Ke_et_al,2014,m,-0.5031699604743046,0.10506877470355655,1
south_asia_east,15_south_asia_east,altimetry,Ke_Ke_et_al,2015,m,-0.5031699604743046,0.10506877470355655,1
south_asia_east,15_south_asia_east,altimetry,Ke_Ke_et_al,2016,m,-0.5031699604743046,0.10506877470355655,1
south_asia_east,15_south_asia_east,altimetry,Ke_Ke_et_al,2017,m,-0.5031699604743046,0.10506877470355655,1
south_asia_east,15_south_asia_east,altimetry,Ke_Ke_et_al,2018,m,-0.5031699604743046,0.10506877470355655,1
south_asia_east,15_south_asia_east,altimetry,Ke_Ke_et_al,2019,m,-0.5031699604743046,0.10506877470355655,1
south_asia_east,15_south_asia_east,altimetry,Ke_Ke_et_al,2020,m,-0.5031699604743046,0.10506877470355655,1
south_asia_east,15_south_asia_east,altimetry,Ke_Ke_et_al,2021,m,-0.08386166007908892,0.017511462450600722,1
south_asia_east,15_south_asia_east,altimetry,Treichler_ICESat_Treichler_et_al,2003,m,-0.09006089341670463,0.06150776166476797,1
south_asia_east,15_south_asia_east,altimetry,Treichler_ICESat_Treichler_et_al,2004,m,-0.5403653604999821,0.36904656998844,1
south_asia_east,15_south_asia_east,altimetry,Treichler_ICESat_Treichler_et_al,2005,m,-0.5403653604999821,0.36904656998844,1
south_asia_east,15_south_asia_east,altimetry,Treichler_ICESat_Treichler_et_al,2006,m,-0.5403653604999821,0.36904656998844,1
south_asia_east,15_south_asia_east,altimetry,Treichler_ICESat_Treichler_et_al,2007,m,-0.5403653604999821,0.36904656998844,1
south_asia_east,15_south_asia_east,altimetry,Treichler_ICESat_Treichler_et_al,2008,m,-0.45030446708327737,0.30753880832367203,1
south_asia_east,15_south_asia_east,altimetry,Treichler_snowfall_Treichler_et_al,2003,m,-0.11427318247277297,0.05185257024068058,1
south_asia_east,15_south_asia_east,altimetry,Treichler_snowfall_Treichler_et_al,2004,m,-0.685639094836326,0.311115421443942,1
south_asia_east,15_south_asia_east,altimetry,Treichler_snowfall_Treichler_et_al,2005,m,-0.685639094836326,0.311115421443942,1
south_asia_east,15_south_asia_east,altimetry,Treichler_snowfall_Treichler_et_al,2006,m,-0.685639094836326,0.311115421443942,1
south_asia_east,15_south_asia_east,altimetry,Treichler_snowfall_Treichler_et_al,2007,m,-0.685639094836326,0.311115421443942,1
south_asia_east,15_south_asia_east,altimetry,Treichler_snowfall_Treichler_et_al,2008,m,-0.571365912363553,0.2592628512032614,1
south_asia_east,15_south_asia_east,combined,DUS-combined_Dussaillant_et_al,2000,mwe,-0.3036488137453888,0.16458236574804916,2
south_asia_east,15_south_asia_east,combined,DUS-combined_Dussaillant_et_al,2001,mwe,-0.6273891026279776,0.16457159493714046,2
south_asia_east,15_south_asia_east,combined,DUS-combined_Dussaillant_et_al,2002,mwe,-0.43980631265873293,0.16446635512586635,2
south_asia_east,15_south_asia_east,combined,DUS-combined_Dussaillant_et_al,2003,mwe,-0.2306186539007658,0.16352797803523295,2
south_asia_east,15_south_asia_east,combined,DUS-combined_Dussaillant_et_al,2004,mwe,-0.4153556898449715,0.1634826012206569,2
south_asia_east,15_south_asia_east,combined,DUS-combined_Dussaillant_et_al,2005,mwe,-0.45605987029518574,0.16298195970044815,2
south_asia_east,15_south_asia_east,combined,DUS-combined_Dussaillant_et_al,2006,mwe,-0.7212373953355242,0.15913264632247032,2
south_asia_east,15_south_asia_east,combined,DUS-combined_Dussaillant_et_al,2007,mwe,-0.48233334187262766,0.15862393489531182,2
south_asia_east,15_south_asia_east,combined,DUS-combined_Dussaillant_et_al,2008,mwe,-0.41800082580693493,0.15126151074333433,2
south_asia_east,15_south_asia_east,combined,DUS-combined_Dussaillant_et_al,2009,mwe,-0.3718112351839109,0.15061121453008805,2
south_asia_east,15_south_asia_east,combined,DUS-combined_Dussaillant_et_al,2010,mwe,-0.3913757132542065,0.14650207694574865,2
south_asia_east,15_south_asia_east,combined,DUS-combined_Dussaillant_et_al,2011,mwe,-0.18032559865975756,0.14381055637992315,2
south_asia_east,15_south_asia_east,combined,DUS-combined_Dussaillant_et_al,2012,mwe,-0.6300706572936586,0.1432557994364428,2
south_asia_east,15_south_asia_east,combined,DUS-combined_Dussaillant_et_al,2013,mwe,-0.18686905090849423,0.14189922484426465,2
south_asia_east,15_south_asia_east,combined,DUS-combined_Dussaillant_et_al,2014,mwe,-0.5316699393918157,0.14186490079196776,2
south_asia_east,15_south_asia_east,combined,DUS-combined_Dussaillant_et_al,2015,mwe,-0.4061723488857837,0.1418303378381503,2
south_asia_east,15_south_asia_east,combined,DUS-combined_Dussaillant_et_al,2016,mwe,-0.39560056232609186,0.14079730906661428,2
south_asia_east,15_south_asia_east,combined,DUS-combined_Dussaillant_et_al,2017,mwe,-0.880319641015672,0.1398201109850721,2
south_asia_east,15_south_asia_east,combined,DUS-combined_Dussaillant_et_al,2018,mwe,-0.8985586556246903,0.14056002451487778,2
south_asia_east,15_south_asia_east,combined,DUS-combined_Dussaillant_et_al,2019,mwe,-0.6559338009418281,0.140839138597693,2
south_asia_east,15_south_asia_east,combined,DUS-combined_Dussaillant_et_al,2020,mwe,-0.3501450362982532,0.14088298091756948,2
south_asia_east,15_south_asia_east,combined,DUS-combined_Dussaillant_et_al,2021,mwe,-0.31048438990242727,0.1413665388757918,2
south_asia_east,15_south_asia_east,combined,DUS-combined_Dussaillant_et_al,2022,mwe,-1.1061301214568962,0.1442161515517454,2
south_asia_east,15_south_asia_east,combined,DUS-combined_Dussaillant_et_al,2023,mwe,-1.1266118493576833,0.14426482879342983,2
south_asia_east,15_south_asia_east,combined,Huss_Huss_et_al,2000,mwe,-0.216825,0.15172096097771065,2
south_asia_east,15_south_asia_east,combined,Huss_Huss_et_al,2001,mwe,-0.5441499999999999,0.17195386009043243,2
south_asia_east,15_south_asia_east,combined,Huss_Huss_et_al,2002,mwe,-0.735,0.24954592763657757,2
south_asia_east,15_south_asia_east,combined,Huss_Huss_et_al,2003,mwe,-1.5357499999999997,0.4830405320726202,2
south_asia_east,15_south_asia_east,combined,Huss_Huss_et_al,2004,mwe,-1.0909250000000001,0.5035316189178193,2
south_asia_east,15_south_asia_east,combined,Huss_Huss_et_al,2005,mwe,-0.324525,0.17132230225513548,2
south_asia_east,15_south_asia_east,combined,Huss_Huss_et_al,2006,mwe,-0.791125,0.19871324345649435,2
south_asia_east,15_south_asia_east,combined,Huss_Huss_et_al,2007,mwe,-0.2727,0.32920681189793144,2
south_asia_east,15_south_asia_east,combined,Huss_Huss_et_al,2008,mwe,-0.32915,0.1656791420939884,2
south_asia_east,15_south_asia_east,combined,Huss_Huss_et_al,2009,mwe,-0.502725,0.16771294300083103,2
south_asia_east,15_south_asia_east,combined,Huss_Huss_et_al,2010,mwe,-0.10932499999999998,0.11914388622585718,2
south_asia_east,15_south_asia_east,combined,Huss_Huss_et_al,2011,mwe,0.08497500000000005,0.1345103922565093,2
south_asia_east,15_south_asia_east,combined,Huss_Huss_et_al,2012,mwe,-0.615925,0.12449339841935395,2
south_asia_east,15_south_asia_east,combined,Huss_Huss_et_al,2013,mwe,-0.225325,0.17713704087513713,2
south_asia_east,15_south_asia_east,combined,Huss_Huss_et_al,2014,mwe,-0.422975,0.1770091752565386,2
south_asia_east,15_south_asia_east,combined,Huss_Huss_et_al,2015,mwe,-0.258525,0.15109865982198517,2
south_asia_east,15_south_asia_east,combined,Huss_Huss_et_al,2016,mwe,-0.36452500000000004,0.1548568532548689,2
south_asia_east,15_south_asia_east,combined,Huss_Huss_et_al,2017,mwe,-0.43737499999999996,0.15518261218641732,2
south_asia_east,15_south_asia_east,combined,Huss_Huss_et_al,2018,mwe,-0.6245499999999999,0.15790255301925932,2
south_asia_east,15_south_asia_east,combined,Huss_Huss_et_al,2019,mwe,-0.47965,0.20151517467674737,2
south_asia_east,15_south_asia_east,combined,Huss_Huss_et_al,2020,mwe,-0.332,0.261702674804825,2
south_asia_east,15_south_asia_east,combined,Huss_Huss_et_al,2021,mwe,-0.045375,0.387,1
south_asia_east,15_south_asia_east,combined,Miles2021_Miles_et_al,2000,mwe,-0.47000000000000003,0.09,1
south_asia_east,15_south_asia_east,combined,Miles2021_Miles_et_al,2001,mwe,-0.47000000000000003,0.09,1
south_asia_east,15_south_asia_east,combined,Miles2021_Miles_et_al,2002,mwe,-0.47000000000000003,0.09,1
south_asia_east,15_south_asia_east,combined,Miles2021_Miles_et_al,2003,mwe,-0.47000000000000003,0.09,1
south_asia_east,15_south_asia_east,combined,Miles2021_Miles_et_al,2004,mwe,-0.47000000000000003,0.09,1
south_asia_east,15_south_asia_east,combined,Miles2021_Miles_et_al,2005,mwe,-0.47000000000000003,0.09,1
south_asia_east,15_south_asia_east,combined,Miles2021_Miles_et_al,2006,mwe,-0.47000000000000003,0.09,1
south_asia_east,15_south_asia_east,combined,Miles2021_Miles_et_al,2007,mwe,-0.47000000000000003,0.09,1
south_asia_east,15_south_asia_east,combined,Miles2021_Miles_et_al,2008,mwe,-0.47000000000000003,0.09,1
south_asia_east,15_south_asia_east,combined,Miles2021_Miles_et_al,2009,mwe,-0.47000000000000003,0.09,1
south_asia_east,15_south_asia_east,combined,Miles2021_Miles_et_al,2010,mwe,-0.47000000000000003,0.09,1
south_asia_east,15_south_asia_east,combined,Miles2021_Miles_et_al,2011,mwe,-0.47000000000000003,0.09,1
south_asia_east,15_south_asia_east,combined,Miles2021_Miles_et_al,2012,mwe,-0.47000000000000003,0.09,1
south_asia_east,15_south_asia_east,combined,Miles2021_Miles_et_al,2013,mwe,-0.47000000000000003,0.09,1
south_asia_east,15_south_asia_east,combined,Miles2021_Miles_et_al,2014,mwe,-0.47000000000000003,0.09,1
south_asia_east,15_south_asia_east,combined,Miles2021_Miles_et_al,2015,mwe,-0.47000000000000003,0.09,1
south_asia_east,15_south_asia_east,combined,Miles2021_Miles_et_al,2016,mwe,-0.47000000000000003,0.09,1
south_asia_east,15_south_asia_east,demdiff,Brun_et_al_2017_Brun_et_al,2000,m,-0.1560416666666312,0.03520833333332533,1
south_asia_east,15_south_asia_east,demdiff,Brun_et_al_2017_Brun_et_al,2001,m,-0.468125,0.105625,1
south_asia_east,15_south_asia_east,demdiff,Brun_et_al_2017_Brun_et_al,2002,m,-0.468125,0.105625,1
south_asia_east,15_south_asia_east,demdiff,Brun_et_al_2017_Brun_et_al,2003,m,-0.468125,0.105625,1
south_asia_east,15_south_asia_east,demdiff,Brun_et_al_2017_Brun_et_al,2004,m,-0.468125,0.105625,1
south_asia_east,15_south_asia_east,demdiff,Brun_et_al_2017_Brun_et_al,2005,m,-0.468125,0.105625,1
south_asia_east,15_south_asia_east,demdiff,Brun_et_al_2017_Brun_et_al,2006,m,-0.468125,0.105625,1
south_asia_east,15_south_asia_east,demdiff,Brun_et_al_2017_Brun_et_al,2007,m,-0.468125,0.105625,1
south_asia_east,15_south_asia_east,demdiff,Brun_et_al_2017_Brun_et_al,2008,m,-0.468125,0.105625,1
south_asia_east,15_south_asia_east,demdiff,Brun_et_al_2017_Brun_et_al,2009,m,-0.468125,0.105625,1
south_asia_east,15_south_asia_east,demdiff,Brun_et_al_2017_Brun_et_al,2010,m,-0.468125,0.105625,1
south_asia_east,15_south_asia_east,demdiff,Brun_et_al_2017_Brun_et_al,2011,m,-0.468125,0.105625,1
south_asia_east,15_south_asia_east,demdiff,Brun_et_al_2017_Brun_et_al,2012,m,-0.468125,0.105625,1
south_asia_east,15_south_asia_east,demdiff,Brun_et_al_2017_Brun_et_al,2013,m,-0.468125,0.105625,1
south_asia_east,15_south_asia_east,demdiff,Brun_et_al_2017_Brun_et_al,2014,m,-0.468125,0.105625,1
south_asia_east,15_south_asia_east,demdiff,Brun_et_al_2017_Brun_et_al,2015,m,-0.468125,0.105625,1
south_asia_east,15_south_asia_east,demdiff,Brun_et_al_2017_Brun_et_al,2016,m,-0.3120833333333688,0.07041666666667468,1
south_asia_east,15_south_asia_east,demdiff,ETH_Hugonnet_et_al,2000,m,-0.462,0.15600000000000003,1
south_asia_east,15_south_asia_east,demdiff,ETH_Hugonnet_et_al,2001,m,-0.462,0.15600000000000003,1
south_asia_east,15_south_asia_east,demdiff,ETH_Hugonnet_et_al,2002,m,-0.462,0.15600000000000003,1
south_asia_east,15_south_asia_east,demdiff,ETH_Hugonnet_et_al,2003,m,-0.462,0.15600000000000003,1
south_asia_east,15_south_asia_east,demdiff,ETH_Hugonnet_et_al,2004,m,-0.462,0.15600000000000003,1
south_asia_east,15_south_asia_east,demdiff,ETH_Hugonnet_et_al,2005,m,-0.533,0.134,1
south_asia_east,15_south_asia_east,demdiff,ETH_Hugonnet_et_al,2006,m,-0.533,0.134,1
south_asia_east,15_south_asia_east,demdiff,ETH_Hugonnet_et_al,2007,m,-0.533,0.134,1
south_asia_east,15_south_asia_east,demdiff,ETH_Hugonnet_et_al,2008,m,-0.533,0.134,1
south_asia_east,15_south_asia_east,demdiff,ETH_Hugonnet_et_al,2009,m,-0.533,0.134,1
south_asia_east,15_south_asia_east,demdiff,ETH_Hugonnet_et_al,2010,m,-0.5910000000000001,0.136,1
south_asia_east,15_south_asia_east,demdiff,ETH_Hugonnet_et_al,2011,m,-0.5910000000000001,0.136,1
south_asia_east,15_south_asia_east,demdiff,ETH_Hugonnet_et_al,2012,m,-0.5910000000000001,0.136,1
south_asia_east,15_south_asia_east,demdiff,ETH_Hugonnet_et_al,2013,m,-0.5910000000000001,0.136,1
south_asia_east,15_south_asia_east,demdiff,ETH_Hugonnet_et_al,2014,m,-0.5910000000000001,0.136,1
south_asia_east,15_south_asia_east,demdiff,ETH_Hugonnet_et_al,2015,m,-0.665,0.168,1
south_asia_east,15_south_asia_east,demdiff,ETH_Hugonnet_et_al,2016,m,-0.665,0.168,1
south_asia_east,15_south_asia_east,demdiff,ETH_Hugonnet_et_al,2017,m,-0.665,0.168,1
south_asia_east,15_south_asia_east,demdiff,ETH_Hugonnet_et_al,2018,m,-0.665,0.168,1
south_asia_east,15_south_asia_east,demdiff,ETH_Hugonnet_et_al,2019,m,-0.665,0.168,1
south_asia_east,15_south_asia_east,demdiff,MountCryo_King_et_al,2000,m,-0.31847826086953784,0.03315217391304063,1
south_asia_east,15_south_asia_east,demdiff,MountCryo_King_et_al,2001,m,-0.38217391304348014,0.039782608695652366,1
south_asia_east,15_south_asia_east,demdiff,MountCryo_King_et_al,2002,m,-0.38217391304348014,0.039782608695652366,1
south_asia_east,15_south_asia_east,demdiff,MountCryo_King_et_al,2003,m,-0.38217391304348014,0.039782608695652366,1
south_asia_east,15_south_asia_east,demdiff,MountCryo_King_et_al,2004,m,-0.38217391304348014,0.039782608695652366,1
south_asia_east,15_south_asia_east,demdiff,MountCryo_King_et_al,2005,m,-0.38217391304348014,0.039782608695652366,1
south_asia_east,15_south_asia_east,demdiff,MountCryo_King_et_al,2006,m,-0.38217391304348014,0.039782608695652366,1
south_asia_east,15_south_asia_east,demdiff,MountCryo_King_et_al,2007,m,-0.38217391304348014,0.039782608695652366,1
south_asia_east,15_south_asia_east,demdiff,MountCryo_King_et_al,2008,m,-0.38217391304348014,0.039782608695652366,1
south_asia_east,15_south_asia_east,demdiff,MountCryo_King_et_al,2009,m,-0.38217391304348014,0.039782608695652366,1
south_asia_east,15_south_asia_east,demdiff,MountCryo_King_et_al,2010,m,-0.38217391304348014,0.039782608695652366,1
south_asia_east,15_south_asia_east,demdiff,MountCryo_King_et_al,2011,m,-0.38217391304348014,0.039782608695652366,1
south_asia_east,15_south_asia_east,demdiff,MountCryo_King_et_al,2012,m,-0.38217391304348014,0.039782608695652366,1
south_asia_east,15_south_asia_east,demdiff,MountCryo_King_et_al,2013,m,-0.38217391304348014,0.039782608695652366,1
south_asia_east,15_south_asia_east,demdiff,MountCryo_King_et_al,2014,m,-0.38217391304348014,0.039782608695652366,1
south_asia_east,15_south_asia_east,demdiff,MountCryo_King_et_al,2015,m,-0.19108695652174007,0.019891304347826183,1
south_asia_east,15_south_asia_east,glaciological,UZH_GlaciolSineWave_Zemp_et_al,2000,mwe,-0.4551431206511678,0.22938930763431262,12
south_asia_east,15_south_asia_east,glaciological,UZH_GlaciolSineWave_Zemp_et_al,2001,mwe,-0.8640000000000067,0.28508190946843953,12
south_asia_east,15_south_asia_east,glaciological,UZH_GlaciolSineWave_Zemp_et_al,2002,mwe,-0.8640000000000037,0.2850819094684403,12
south_asia_east,15_south_asia_east,glaciological,UZH_GlaciolSineWave_Zemp_et_al,2003,mwe,-0.8831267854365193,0.2847556812552405,12
south_asia_east,15_south_asia_east,glaciological,UZH_GlaciolSineWave_Zemp_et_al,2004,mwe,-0.954287029287113,0.30073458344894316,12
south_asia_east,15_south_asia_east,glaciological,UZH_GlaciolSineWave_Zemp_et_al,2005,mwe,-0.795323382424286,0.27604099072638677,12
south_asia_east,15_south_asia_east,glaciological,UZH_GlaciolSineWave_Zemp_et_al,2006,mwe,-0.7562051591260676,0.28263556137736773,12
south_asia_east,15_south_asia_east,glaciological,UZH_GlaciolSineWave_Zemp_et_al,2007,mwe,-0.44896955515293613,0.23095668121354537,12
south_asia_east,15_south_asia_east,glaciological,UZH_GlaciolSineWave_Zemp_et_al,2008,mwe,-0.8206499793220937,0.2715342905123533,12
south_asia_east,15_south_asia_east,glaciological,UZH_GlaciolSineWave_Zemp_et_al,2009,mwe,-1.087831439411276,0.3232841200621479,12
south_asia_east,15_south_asia_east,glaciological,UZH_GlaciolSineWave_Zemp_et_al,2010,mwe,-0.6560131781278485,0.27170511283236715,12
south_asia_east,15_south_asia_east,glaciological,UZH_GlaciolSineWave_Zemp_et_al,2011,mwe,-0.3850457363506677,0.2190251946136357,12
south_asia_east,15_south_asia_east,glaciological,UZH_GlaciolSineWave_Zemp_et_al,2012,mwe,-0.8839868171032478,0.29829407828665405,12
south_asia_east,15_south_asia_east,glaciological,UZH_GlaciolSineWave_Zemp_et_al,2013,mwe,-0.01906145369008032,0.11576352167773699,12
south_asia_east,15_south_asia_east,glaciological,UZH_GlaciolSineWave_Zemp_et_al,2014,mwe,-0.723438030877864,0.2737845017087501,12
south_asia_east,15_south_asia_east,glaciological,UZH_GlaciolSineWave_Zemp_et_al,2015,mwe,-0.6987114887907854,0.26176771770231927,12
south_asia_east,15_south_asia_east,glaciological,UZH_GlaciolSineWave_Zemp_et_al,2016,mwe,-0.5978914494580557,0.2182203256402511,12
south_asia_east,15_south_asia_east,glaciological,UZH_GlaciolSineWave_Zemp_et_al,2017,mwe,-1.6287435510924164,0.4737212618982865,12
south_asia_east,15_south_asia_east,glaciological,UZH_GlaciolSineWave_Zemp_et_al,2018,mwe,-1.3283020237430594,0.35074341720925367,12
south_asia_east,15_south_asia_east,glaciological,UZH_GlaciolSineWave_Zemp_et_al,2019,mwe,-1.12921225488752,0.3198387712329302,12
south_asia_east,15_south_asia_east,glaciological,UZH_GlaciolSineWave_Zemp_et_al,2020,mwe,-1.0040628519745154,0.3158705405018841,12
south_asia_east,15_south_asia_east,glaciological,UZH_GlaciolSineWave_Zemp_et_al,2021,mwe,-0.6535943658297432,0.24487668167813603,12
south_asia_east,15_south_asia_east,glaciological,UZH_GlaciolSineWave_Zemp_et_al,2022,mwe,-1.3872747933694638,0.3449675338068422,12
south_asia_east,15_south_asia_east,glaciological,UZH_GlaciolSineWave_Zemp_et_al,2023,mwe,-1.6385414787633896,0.41012289319014567,12
south_asia_east,15_south_asia_east,glaciological,WGMS-beta_WGMS,2000,mwe,0.20350000000000001,0.4314152797538349,2
south_asia_east,15_south_asia_east,glaciological,WGMS-beta_WGMS,2001,mwe,-0.12100000000000001,0.4314152797538349,2
south_asia_east,15_south_asia_east,glaciological,WGMS-beta_WGMS,2002,mwe,0.11524999999999999,0.4314152797538349,2
south_asia_east,15_south_asia_east,glaciological,WGMS-beta_WGMS,2003,mwe,0.448125,0.4314152797538349,2
south_asia_east,15_south_asia_east,glaciological,WGMS-beta_WGMS,2004,mwe,0.18112500000000004,0.4314152797538349,2
south_asia_east,15_south_asia_east,glaciological,WGMS-beta_WGMS,2005,mwe,0.05804166666666668,0.4232372986378718,2
south_asia_east,15_south_asia_east,glaciological,WGMS-beta_WGMS,2006,mwe,-0.07249999999999997,0.34091907710938424,2
south_asia_east,15_south_asia_east,glaciological,WGMS-beta_WGMS,2007,mwe,0.11718750000000001,0.33722942833282865,2
south_asia_east,15_south_asia_east,glaciological,WGMS-beta_WGMS,2008,mwe,-0.023875,0.3018708390650474,2
south_asia_east,15_south_asia_east,glaciological,WGMS-beta_WGMS,2009,mwe,0.1414875,0.2986485821091053,2
south_asia_east,15_south_asia_east,glaciological,WGMS-beta_WGMS,2010,mwe,0.12256666666666667,0.277576670594007,2
south_asia_east,15_south_asia_east,glaciological,WGMS-beta_WGMS,2011,mwe,0.30731250000000004,0.25887939482580147,2
south_asia_east,15_south_asia_east,glaciological,WGMS-beta_WGMS,2012,mwe,-0.09918749999999998,0.25378466483445083,2
south_asia_east,15_south_asia_east,glaciological,WGMS-beta_WGMS,2013,mwe,0.3348125,0.24730543143577444,2
south_asia_east,15_south_asia_east,glaciological,WGMS-beta_WGMS,2014,mwe,-0.024875,0.24735915980952272,2
south_asia_east,15_south_asia_east,glaciological,WGMS-beta_WGMS,2015,mwe,0.07503125,0.24791916073562975,2
south_asia_east,15_south_asia_east,glaciological,WGMS-beta_WGMS,2016,mwe,0.1423125,0.2480376376836141,2
south_asia_east,15_south_asia_east,glaciological,WGMS-beta_WGMS,2017,mwe,-0.33840624999999996,0.24179614936633154,2
south_asia_east,15_south_asia_east,glaciological,WGMS-beta_WGMS,2018,mwe,-0.32621875,0.23253031860721554,2
south_asia_east,15_south_asia_east,glaciological,WGMS-beta_WGMS,2019,mwe,-0.132375,0.2338277564459659,2
south_asia_east,15_south_asia_east,glaciological,WGMS-beta_WGMS,2020,mwe,0.1423125,0.2347393941077901,2
south_asia_east,15_south_asia_east,glaciological,WGMS-beta_WGMS,2021,mwe,0.11403125000000003,0.2393712382766313,2
south_asia_east,15_south_asia_east,glaciological,WGMS-beta_WGMS,2022,mwe,-0.5655,0.27190086222296184,2
south_asia_east,15_south_asia_east,glaciological,WGMS-beta_WGMS,2023,mwe,-0.580009375,0.27525094599632627,2
south_asia_east,15_south_asia_east,gravimetry,Jacob_2012_dmdt_Jacob_et_al,2003,Gt,-4.999578947368373,5.999999999999942,1
south_asia_east,15_south_asia_east,gravimetry,Jacob_2012_dmdt_Jacob_et_al,2004,Gt,-4.999578947368373,5.999999999999942,1
south_asia_east,15_south_asia_east,gravimetry,Jacob_2012_dmdt_Jacob_et_al,2005,Gt,-4.999578947368373,5.999999999999942,1
south_asia_east,15_south_asia_east,gravimetry,Jacob_2012_dmdt_Jacob_et_al,2006,Gt,-4.999578947368373,5.999999999999942,1
south_asia_east,15_south_asia_east,gravimetry,Jacob_2012_dmdt_Jacob_et_al,2007,Gt,-4.999578947368373,5.999999999999942,1
south_asia_east,15_south_asia_east,gravimetry,Jacob_2012_dmdt_Jacob_et_al,2008,Gt,-4.999578947368373,5.999999999999942,1
south_asia_east,15_south_asia_east,gravimetry,Jacob_2012_dmdt_Jacob_et_al,2009,Gt,-4.999578947368373,5.999999999999942,1
south_asia_east,15_south_asia_east,gravimetry,Jacob_2012_dmdt_Jacob_et_al,2010,Gt,-4.5829473684213875,5.500000000000402,1
south_asia_east,15_south_asia_east,gravimetry,Sasgen_AWIarc_RL01_2_Sasgen_et_al,2002,Gt,42.37161290322956,131.02598993811083,9
south_asia_east,15_south_asia_east,gravimetry,Sasgen_AWIarc_RL01_2_Sasgen_et_al,2003,Gt,-104.60735488680723,181.83556024184142,12
south_asia_east,15_south_asia_east,gravimetry,Sasgen_AWIarc_RL01_2_Sasgen_et_al,2004,Gt,30.87887525805204,195.98721071175387,12
south_asia_east,15_south_asia_east,gravimetry,Sasgen_AWIarc_RL01_2_Sasgen_et_al,2005,Gt,-5.231520371245281,151.10897254918942,12
south_asia_east,15_south_asia_east,gravimetry,Sasgen_AWIarc_RL01_2_Sasgen_et_al,2006,Gt,1.478387096778265,149.21428931425447,12
south_asia_east,15_south_asia_east,gravimetry,Sasgen_AWIarc_RL01_2_Sasgen_et_al,2007,Gt,25.227423881389495,136.0487429347271,12
south_asia_east,15_south_asia_east,gravimetry,Sasgen_AWIarc_RL01_2_Sasgen_et_al,2008,Gt,16.660572588154142,144.68860132078606,12
south_asia_east,15_south_asia_east,gravimetry,Sasgen_AWIarc_RL01_2_Sasgen_et_al,2009,Gt,-51.10993195339869,172.81202614599252,12
south_asia_east,15_south_asia_east,gravimetry,Sasgen_AWIarc_RL01_2_Sasgen_et_al,2010,Gt,1.8782991202113877,180.64555815414127,12
south_asia_east,15_south_asia_east,gravimetry,Sasgen_AWIarc_RL01_2_Sasgen_et_al,2011,Gt,-11.571989919755943,171.32849058829956,12
south_asia_east,15_south_asia_east,gravimetry,Sasgen_AWIarc_RL01_2_Sasgen_et_al,2012,Gt,-9.485318112042279,252.28510133007978,12
south_asia_east,15_south_asia_east,gravimetry,Sasgen_AWIarc_RL01_2_Sasgen_et_al,2013,Gt,35.56094439533363,144.23201616402886,12
south_asia_east,15_south_asia_east,gravimetry,Sasgen_AWIarc_RL01_2_Sasgen_et_al,2014,Gt,-156.99268656681375,110.32585435344913,12
south_asia_east,15_south_asia_east,gravimetry,Sasgen_AWIarc_RL01_2_Sasgen_et_al,2015,Gt,94.26002833915405,196.91488630977577,12
south_asia_east,15_south_asia_east,gravimetry,Sasgen_AWIarc_RL01_2_Sasgen_et_al,2016,Gt,56.89628796241666,138.8251722554808,12
south_asia_east,15_south_asia_east,gravimetry,Sasgen_AWIarc_RL01_2_Sasgen_et_al,2017,Gt,-20.238265853254617,140.74865311239728,12
south_asia_east,15_south_asia_east,gravimetry,Sasgen_AWIarc_RL01_2_Sasgen_et_al,2018,Gt,2.3601199895687017,89.94150023903853,12
south_asia_east,15_south_asia_east,gravimetry,Sasgen_AWIarc_RL01_2_Sasgen_et_al,2019,Gt,29.61462732838956,143.06778849398566,12
south_asia_east,15_south_asia_east,gravimetry,Sasgen_AWIarc_RL01_2_Sasgen_et_al,2020,Gt,-37.195406874569656,149.93318948072428,12
south_asia_east,15_south_asia_east,gravimetry,Sasgen_AWIarc_RL01_2_Sasgen_et_al,2021,Gt,12.126263417162228,155.27221581327035,12
south_asia_east,15_south_asia_east,gravimetry,Sasgen_AWIarc_RL01_2_Sasgen_et_al,2022,Gt,78.53903225804765,164.16758223539586,11
south_asia_east,15_south_asia_east,gravimetry,Wouters_Wouters_et_al,2002,Gt,220.87292339406503,452.89064360584115,10
south_asia_east,15_south_asia_east,gravimetry,Wouters_Wouters_et_al,2003,Gt,-152.9280672836898,394.1191609914399,12
south_asia_east,15_south_asia_east,gravimetry,Wouters_Wouters_et_al,2004,Gt,-18.15025481237008,438.02434550154413,12
south_asia_east,15_south_asia_east,gravimetry,Wouters_Wouters_et_al,2005,Gt,-37.162207154919,347.29710754678604,12
south_asia_east,15_south_asia_east,gravimetry,Wouters_Wouters_et_al,2006,Gt,133.6645336119439,351.6580081062651,12
south_asia_east,15_south_asia_east,gravimetry,Wouters_Wouters_et_al,2007,Gt,-53.859317713009645,349.06207224193923,12
south_asia_east,15_south_asia_east,gravimetry,Wouters_Wouters_et_al,2008,Gt,-68.4739229161446,343.2912427278101,12
south_asia_east,15_south_asia_east,gravimetry,Wouters_Wouters_et_al,2009,Gt,-30.384363636421316,356.72944699796466,12
south_asia_east,15_south_asia_east,gravimetry,Wouters_Wouters_et_al,2010,Gt,135.81475586479868,360.3901979025546,12
south_asia_east,15_south_asia_east,gravimetry,Wouters_Wouters_et_al,2011,Gt,63.88939272970282,308.40093678015023,12
south_asia_east,15_south_asia_east,gravimetry,Wouters_Wouters_et_al,2012,Gt,-404.2550289291738,320.3828414575767,12
south_asia_east,15_south_asia_east,gravimetry,Wouters_Wouters_et_al,2013,Gt,275.01743496554434,275.4844647764677,12
south_asia_east,15_south_asia_east,gravimetry,Wouters_Wouters_et_al,2014,Gt,-23.46414703156981,293.29806240429485,12
south_asia_east,15_south_asia_east,gravimetry,Wouters_Wouters_et_al,2015,Gt,-18.835634047845087,339.13082878710594,12
south_asia_east,15_south_asia_east,gravimetry,Wouters_Wouters_et_al,2016,Gt,-138.43229508330788,277.0511510111,12
south_asia_east,15_south_asia_east,gravimetry,Wouters_Wouters_et_al,2017,Gt,249.25790688732576,282.9471285469705,12
south_asia_east,15_south_asia_east,gravimetry,Wouters_Wouters_et_al,2018,Gt,-152.0209432975178,223.31087752465072,12
south_asia_east,15_south_asia_east,gravimetry,Wouters_Wouters_et_al,2019,Gt,70.98699297395996,419.0740150149391,12
south_asia_east,15_south_asia_east,gravimetry,Wouters_Wouters_et_al,2020,Gt,-207.64756346933729,440.1406074792274,12
south_asia_east,15_south_asia_east,gravimetry,Wouters_Wouters_et_al,2021,Gt,237.180228674368,407.8723859766926,10
low_latitudes,16_low_latitudes,combined,DUS-combined_Dussaillant_et_al,2000,mwe,0.073783372,0.44071326,1
low_latitudes,16_low_latitudes,combined,DUS-combined_Dussaillant_et_al,2001,mwe,0.001309865,0.44069976,1
low_latitudes,16_low_latitudes,combined,DUS-combined_Dussaillant_et_al,2002,mwe,-0.545630688,0.440700784,1
low_latitudes,16_low_latitudes,combined,DUS-combined_Dussaillant_et_al,2003,mwe,-0.70064869,0.383201321,1
low_latitudes,16_low_latitudes,combined,DUS-combined_Dussaillant_et_al,2004,mwe,-0.886805547,0.383200436,1
low_latitudes,16_low_latitudes,combined,DUS-combined_Dussaillant_et_al,2005,mwe,-1.603184305,0.350202348,1
low_latitudes,16_low_latitudes,combined,DUS-combined_Dussaillant_et_al,2006,mwe,-0.34585146,0.328698903,1
low_latitudes,16_low_latitudes,combined,DUS-combined_Dussaillant_et_al,2007,mwe,-0.314261736,0.328708292,1
low_latitudes,16_low_latitudes,combined,DUS-combined_Dussaillant_et_al,2008,mwe,0.871518653,0.328729758,1
low_latitudes,16_low_latitudes,combined,DUS-combined_Dussaillant_et_al,2009,mwe,-0.726125953,0.313510547,1
low_latitudes,16_low_latitudes,combined,DUS-combined_Dussaillant_et_al,2010,mwe,-1.087615367,0.313521869,1
low_latitudes,16_low_latitudes,combined,DUS-combined_Dussaillant_et_al,2011,mwe,-0.052126217,0.313513329,1
low_latitudes,16_low_latitudes,combined,DUS-combined_Dussaillant_et_al,2012,mwe,-0.046622384,0.313521756,1
low_latitudes,16_low_latitudes,combined,DUS-combined_Dussaillant_et_al,2013,mwe,-0.152788012,0.313496285,1
low_latitudes,16_low_latitudes,combined,DUS-combined_Dussaillant_et_al,2014,mwe,-0.165148336,0.31350608,1
low_latitudes,16_low_latitudes,combined,DUS-combined_Dussaillant_et_al,2015,mwe,-0.229499967,0.313494637,1
low_latitudes,16_low_latitudes,combined,DUS-combined_Dussaillant_et_al,2016,mwe,-1.331348979,0.313510755,1
low_latitudes,16_low_latitudes,combined,DUS-combined_Dussaillant_et_al,2017,mwe,-0.482135375,0.313517083,1
low_latitudes,16_low_latitudes,combined,DUS-combined_Dussaillant_et_al,2018,mwe,-0.000992188,0.313505017,1
low_latitudes,16_low_latitudes,combined,DUS-combined_Dussaillant_et_al,2019,mwe,-0.409534433,0.313506018,1
low_latitudes,16_low_latitudes,combined,DUS-combined_Dussaillant_et_al,2020,mwe,-0.653798748,0.328721068,1
low_latitudes,16_low_latitudes,combined,DUS-combined_Dussaillant_et_al,2021,mwe,0.049358021,0.313519455,1
low_latitudes,16_low_latitudes,combined,DUS-combined_Dussaillant_et_al,2022,mwe,-0.038592299,0.34993119,1
low_latitudes,16_low_latitudes,combined,DUS-combined_Dussaillant_et_al,2023,mwe,-0.967664953,0.58023547,1
low_latitudes,16_low_latitudes,combined,Huss_Huss_et_al,2000,mwe,0.01465,0.3855145433378616,2
low_latitudes,16_low_latitudes,combined,Huss_Huss_et_al,2001,mwe,-0.4007,0.24009582592165152,2
low_latitudes,16_low_latitudes,combined,Huss_Huss_et_al,2002,mwe,-0.676225,0.265023820863333,2
low_latitudes,16_low_latitudes,combined,Huss_Huss_et_al,2003,mwe,-0.78835,0.19570411499250598,2
low_latitudes,16_low_latitudes,combined,Huss_Huss_et_al,2004,mwe,-1.4506000000000001,0.16023888416985438,2
low_latitudes,16_low_latitudes,combined,Huss_Huss_et_al,2005,mwe,-0.7886,0.2932177358636411,2
low_latitudes,16_low_latitudes,combined,Huss_Huss_et_al,2006,mwe,-0.474075,0.17870725013272404,2
low_latitudes,16_low_latitudes,combined,Huss_Huss_et_al,2007,mwe,0.372375,0.16515614770573936,2
low_latitudes,16_low_latitudes,combined,Huss_Huss_et_al,2008,mwe,-0.3347,0.13849127454464413,2
low_latitudes,16_low_latitudes,combined,Huss_Huss_et_al,2009,mwe,-0.9375749999999998,0.3152833110870285,2
low_latitudes,16_low_latitudes,combined,Huss_Huss_et_al,2010,mwe,-0.532475,0.14964254491955156,2
low_latitudes,16_low_latitudes,combined,Huss_Huss_et_al,2011,mwe,-0.3439,0.1493358002958433,2
low_latitudes,16_low_latitudes,combined,Huss_Huss_et_al,2012,mwe,-0.16212500000000002,0.11558678828049511,2
low_latitudes,16_low_latitudes,combined,Huss_Huss_et_al,2013,mwe,-0.20204999999999998,0.14884843171830867,2
low_latitudes,16_low_latitudes,combined,Huss_Huss_et_al,2014,mwe,0.045050000000000014,0.12793709635989084,2
low_latitudes,16_low_latitudes,combined,Huss_Huss_et_al,2015,mwe,-1.0947,0.16834955449896505,2
low_latitudes,16_low_latitudes,combined,Huss_Huss_et_al,2016,mwe,-0.746025,0.13695745005292703,2
low_latitudes,16_low_latitudes,combined,Huss_Huss_et_al,2017,mwe,-0.02360000000000001,0.17977012057068883,2
low_latitudes,16_low_latitudes,combined,Huss_Huss_et_al,2018,mwe,-0.05485,0.15201360342087808,2
low_latitudes,16_low_latitudes,combined,Huss_Huss_et_al,2019,mwe,-0.19135000000000002,0.3542549399796706,2
low_latitudes,16_low_latitudes,combined,Huss_Huss_et_al,2020,mwe,0.4664249999999999,0.7724201916703111,2
low_latitudes,16_low_latitudes,combined,Huss_Huss_et_al,2021,mwe,0.173475,0.2545,1
low_latitudes,16_low_latitudes,demdiff,Dussaillant2019_Dussaillant_et_al,2000,m,-0.37083333333333335,0.049999999999999996,1
low_latitudes,16_low_latitudes,demdiff,Dussaillant2019_Dussaillant_et_al,2001,m,-0.49444444444444446,0.06666666666666667,1
low_latitudes,16_low_latitudes,demdiff,Dussaillant2019_Dussaillant_et_al,2002,m,-0.49444444444444446,0.06666666666666667,1
low_latitudes,16_low_latitudes,demdiff,Dussaillant2019_Dussaillant_et_al,2003,m,-0.49444444444444446,0.06666666666666667,1
low_latitudes,16_low_latitudes,demdiff,Dussaillant2019_Dussaillant_et_al,2004,m,-0.49444444444444446,0.06666666666666667,1
low_latitudes,16_low_latitudes,demdiff,Dussaillant2019_Dussaillant_et_al,2005,m,-0.49444444444444446,0.06666666666666667,1
low_latitudes,16_low_latitudes,demdiff,Dussaillant2019_Dussaillant_et_al,2006,m,-0.49444444444444446,0.06666666666666667,1
low_latitudes,16_low_latitudes,demdiff,Dussaillant2019_Dussaillant_et_al,2007,m,-0.49444444444444446,0.06666666666666667,1
low_latitudes,16_low_latitudes,demdiff,Dussaillant2019_Dussaillant_et_al,2008,m,-0.49444444444444446,0.06666666666666667,1
low_latitudes,16_low_latitudes,demdiff,Dussaillant2019_Dussaillant_et_al,2009,m,-0.49444444444444446,0.06666666666666667,1
low_latitudes,16_low_latitudes,demdiff,Dussaillant2019_Dussaillant_et_al,2010,m,-0.49444444444444446,0.06666666666666667,1
low_latitudes,16_low_latitudes,demdiff,Dussaillant2019_Dussaillant_et_al,2011,m,-0.49444444444444446,0.06666666666666667,1
low_latitudes,16_low_latitudes,demdiff,Dussaillant2019_Dussaillant_et_al,2012,m,-0.49444444444444446,0.06666666666666667,1
low_latitudes,16_low_latitudes,demdiff,Dussaillant2019_Dussaillant_et_al,2013,m,-0.49444444444444446,0.06666666666666667,1
low_latitudes,16_low_latitudes,demdiff,Dussaillant2019_Dussaillant_et_al,2014,m,-0.49444444444444446,0.06666666666666667,1
low_latitudes,16_low_latitudes,demdiff,Dussaillant2019_Dussaillant_et_al,2015,m,-0.49444444444444446,0.06666666666666667,1
low_latitudes,16_low_latitudes,demdiff,Dussaillant2019_Dussaillant_et_al,2016,m,-0.49444444444444446,0.06666666666666667,1
low_latitudes,16_low_latitudes,demdiff,Dussaillant2019_Dussaillant_et_al,2017,m,-0.49444444444444446,0.06666666666666667,1
low_latitudes,16_low_latitudes,demdiff,Dussaillant2019_Dussaillant_et_al,2018,m,-0.12361111111111112,0.016666666666666666,1
low_latitudes,16_low_latitudes,demdiff,ETH_Hugonnet_et_al,2000,m,-0.46799999999999997,0.20800000000000002,1
low_latitudes,16_low_latitudes,demdiff,ETH_Hugonnet_et_al,2001,m,-0.46799999999999997,0.20800000000000002,1
low_latitudes,16_low_latitudes,demdiff,ETH_Hugonnet_et_al,2002,m,-0.46799999999999997,0.20800000000000002,1
low_latitudes,16_low_latitudes,demdiff,ETH_Hugonnet_et_al,2003,m,-0.46799999999999997,0.20800000000000002,1
low_latitudes,16_low_latitudes,demdiff,ETH_Hugonnet_et_al,2004,m,-0.46799999999999997,0.20800000000000002,1
low_latitudes,16_low_latitudes,demdiff,ETH_Hugonnet_et_al,2005,m,-0.525,0.18400000000000002,1
low_latitudes,16_low_latitudes,demdiff,ETH_Hugonnet_et_al,2006,m,-0.525,0.18400000000000002,1
low_latitudes,16_low_latitudes,demdiff,ETH_Hugonnet_et_al,2007,m,-0.525,0.18400000000000002,1
low_latitudes,16_low_latitudes,demdiff,ETH_Hugonnet_et_al,2008,m,-0.525,0.18400000000000002,1
low_latitudes,16_low_latitudes,demdiff,ETH_Hugonnet_et_al,2009,m,-0.525,0.18400000000000002,1
low_latitudes,16_low_latitudes,demdiff,ETH_Hugonnet_et_al,2010,m,-0.541,0.21000000000000002,1
low_latitudes,16_low_latitudes,demdiff,ETH_Hugonnet_et_al,2011,m,-0.541,0.21000000000000002,1
low_latitudes,16_low_latitudes,demdiff,ETH_Hugonnet_et_al,2012,m,-0.541,0.21000000000000002,1
low_latitudes,16_low_latitudes,demdiff,ETH_Hugonnet_et_al,2013,m,-0.541,0.21000000000000002,1
low_latitudes,16_low_latitudes,demdiff,ETH_Hugonnet_et_al,2014,m,-0.541,0.21000000000000002,1
low_latitudes,16_low_latitudes,demdiff,ETH_Hugonnet_et_al,2015,m,-0.617,0.22999999999999998,1
low_latitudes,16_low_latitudes,demdiff,ETH_Hugonnet_et_al,2016,m,-0.617,0.22999999999999998,1
low_latitudes,16_low_latitudes,demdiff,ETH_Hugonnet_et_al,2017,m,-0.617,0.22999999999999998,1
low_latitudes,16_low_latitudes,demdiff,ETH_Hugonnet_et_al,2018,m,-0.617,0.22999999999999998,1
low_latitudes,16_low_latitudes,demdiff,ETH_Hugonnet_et_al,2019,m,-0.617,0.22999999999999998,1
low_latitudes,16_low_latitudes,demdiff,FAU-GLACIER_Braun_et_al,2000,m,-0.21568627450978428,0.03725490196078092,1
low_latitudes,16_low_latitudes,demdiff,FAU-GLACIER_Braun_et_al,2001,m,-0.2588235294117647,0.04470588235294117,1
low_latitudes,16_low_latitudes,demdiff,FAU-GLACIER_Braun_et_al,2002,m,-0.2588235294117647,0.04470588235294117,1
low_latitudes,16_low_latitudes,demdiff,FAU-GLACIER_Braun_et_al,2003,m,-0.2588235294117647,0.04470588235294117,1
low_latitudes,16_low_latitudes,demdiff,FAU-GLACIER_Braun_et_al,2004,m,-0.2588235294117647,0.04470588235294117,1
low_latitudes,16_low_latitudes,demdiff,FAU-GLACIER_Braun_et_al,2005,m,-0.2588235294117647,0.04470588235294117,1
low_latitudes,16_low_latitudes,demdiff,FAU-GLACIER_Braun_et_al,2006,m,-0.2588235294117647,0.04470588235294117,1
low_latitudes,16_low_latitudes,demdiff,FAU-GLACIER_Braun_et_al,2007,m,-0.2588235294117647,0.04470588235294117,1
low_latitudes,16_low_latitudes,demdiff,FAU-GLACIER_Braun_et_al,2008,m,-0.2588235294117647,0.04470588235294117,1
low_latitudes,16_low_latitudes,demdiff,FAU-GLACIER_Braun_et_al,2009,m,-0.2588235294117647,0.04470588235294117,1
low_latitudes,16_low_latitudes,demdiff,FAU-GLACIER_Braun_et_al,2010,m,-0.2588235294117647,0.04470588235294117,1
low_latitudes,16_low_latitudes,demdiff,FAU-GLACIER_Braun_et_al,2011,m,-0.2588235294117647,0.04470588235294117,1
low_latitudes,16_low_latitudes,demdiff,FAU-GLACIER_Braun_et_al,2012,m,-0.23725490196080393,0.04098039215686613,1
low_latitudes,16_low_latitudes,demdiff,Seehaus_Seehaus_et_al,2000,m,-0.30703517587937046,0.04070351758793619,1
low_latitudes,16_low_latitudes,demdiff,Seehaus_Seehaus_et_al,2001,m,-0.3684422110552781,0.048844221105527864,1
low_latitudes,16_low_latitudes,demdiff,Seehaus_Seehaus_et_al,2002,m,-0.3684422110552781,0.048844221105527864,1
low_latitudes,16_low_latitudes,demdiff,Seehaus_Seehaus_et_al,2003,m,-0.3684422110552781,0.048844221105527864,1
low_latitudes,16_low_latitudes,demdiff,Seehaus_Seehaus_et_al,2004,m,-0.3684422110552781,0.048844221105527864,1
low_latitudes,16_low_latitudes,demdiff,Seehaus_Seehaus_et_al,2005,m,-0.3684422110552781,0.048844221105527864,1
low_latitudes,16_low_latitudes,demdiff,Seehaus_Seehaus_et_al,2006,m,-0.3684422110552781,0.048844221105527864,1
low_latitudes,16_low_latitudes,demdiff,Seehaus_Seehaus_et_al,2007,m,-0.3684422110552781,0.048844221105527864,1
low_latitudes,16_low_latitudes,demdiff,Seehaus_Seehaus_et_al,2008,m,-0.3684422110552781,0.048844221105527864,1
low_latitudes,16_low_latitudes,demdiff,Seehaus_Seehaus_et_al,2009,m,-0.3684422110552781,0.048844221105527864,1
low_latitudes,16_low_latitudes,demdiff,Seehaus_Seehaus_et_al,2010,m,-0.3684422110552781,0.048844221105527864,1
low_latitudes,16_low_latitudes,demdiff,Seehaus_Seehaus_et_al,2011,m,-0.3684422110552781,0.048844221105527864,1
low_latitudes,16_low_latitudes,demdiff,Seehaus_Seehaus_et_al,2012,m,-0.3684422110552781,0.048844221105527864,1
low_latitudes,16_low_latitudes,demdiff,Seehaus_Seehaus_et_al,2013,m,-0.3684422110552781,0.048844221105527864,1
low_latitudes,16_low_latitudes,demdiff,Seehaus_Seehaus_et_al,2014,m,-0.3684422110552781,0.048844221105527864,1
low_latitudes,16_low_latitudes,demdiff,Seehaus_Seehaus_et_al,2015,m,-0.3684422110552781,0.048844221105527864,1
low_latitudes,16_low_latitudes,demdiff,Seehaus_Seehaus_et_al,2016,m,-0.27633165829145856,0.0366331658291459,1
low_latitudes,16_low_latitudes,glaciological,WGMS-beta_WGMS,2000,mwe,0.525,0.9028975552396048,1
low_latitudes,16_low_latitudes,glaciological,WGMS-beta_WGMS,2001,mwe,0.277,0.9028975552396048,1
low_latitudes,16_low_latitudes,glaciological,WGMS-beta_WGMS,2002,mwe,-0.2505,0.9028975552396048,1
low_latitudes,16_low_latitudes,glaciological,WGMS-beta_WGMS,2003,mwe,-0.3873333333333333,0.7372493394737043,1
low_latitudes,16_low_latitudes,glaciological,WGMS-beta_WGMS,2004,mwe,-0.479,0.7372493394737043,1
low_latitudes,16_low_latitudes,glaciological,WGMS-beta_WGMS,2005,mwe,-1.22525,0.6385084533239209,1
low_latitudes,16_low_latitudes,glaciological,WGMS-beta_WGMS,2006,mwe,0.215,0.5710866131856592,1
low_latitudes,16_low_latitudes,glaciological,WGMS-beta_WGMS,2007,mwe,0.2752,0.5710866131856592,1
low_latitudes,16_low_latitudes,glaciological,WGMS-beta_WGMS,2008,mwe,1.4074,0.5710866131856592,1
low_latitudes,16_low_latitudes,glaciological,WGMS-beta_WGMS,2009,mwe,-0.3766666666666667,0.5213534867531422,1
low_latitudes,16_low_latitudes,glaciological,WGMS-beta_WGMS,2010,mwe,-0.6031666666666666,0.5213534867531422,1
low_latitudes,16_low_latitudes,glaciological,WGMS-beta_WGMS,2011,mwe,0.5373333333333333,0.5213534867531422,1
low_latitudes,16_low_latitudes,glaciological,WGMS-beta_WGMS,2012,mwe,0.4356666666666667,0.5213812999693026,1
low_latitudes,16_low_latitudes,glaciological,WGMS-beta_WGMS,2013,mwe,0.094,0.5213710176680219,1
low_latitudes,16_low_latitudes,glaciological,WGMS-beta_WGMS,2014,mwe,0.1341666666666666,0.5213710176680219,1
low_latitudes,16_low_latitudes,glaciological,WGMS-beta_WGMS,2015,mwe,-0.131,0.5213710176680219,1
low_latitudes,16_low_latitudes,glaciological,WGMS-beta_WGMS,2016,mwe,-0.9156666666666666,0.5213710176680219,1
low_latitudes,16_low_latitudes,glaciological,WGMS-beta_WGMS,2017,mwe,-0.0938333333333333,0.5213611437441428,1
low_latitudes,16_low_latitudes,glaciological,WGMS-beta_WGMS,2018,mwe,0.3938333333333333,0.5213812999693026,1
low_latitudes,16_low_latitudes,glaciological,WGMS-beta_WGMS,2019,mwe,-0.1275,0.5213812999693026,1
low_latitudes,16_low_latitudes,glaciological,WGMS-beta_WGMS,2020,mwe,-0.3922,0.5711106405798576,1
low_latitudes,16_low_latitudes,glaciological,WGMS-beta_WGMS,2021,mwe,0.419,0.5213710176680219,1
low_latitudes,16_low_latitudes,glaciological,WGMS-beta_WGMS,2022,mwe,0.4305,0.638521922998371,1
low_latitudes,16_low_latitudes,glaciological,WGMS-beta_WGMS,2023,mwe,-0.618,1.2768523112853876,1
low_latitudes,16_low_latitudes,gravimetry,Jacob_2012_dmdt_Jacob_et_al,2003,Gt,-5.999999999999942,11.999999999999885,1
low_latitudes,16_low_latitudes,gravimetry,Jacob_2012_dmdt_Jacob_et_al,2004,Gt,-5.999999999999942,11.999999999999885,1
low_latitudes,16_low_latitudes,gravimetry,Jacob_2012_dmdt_Jacob_et_al,2005,Gt,-5.999999999999942,11.999999999999885,1
low_latitudes,16_low_latitudes,gravimetry,Jacob_2012_dmdt_Jacob_et_al,2006,Gt,-5.999999999999942,11.999999999999885,1
low_latitudes,16_low_latitudes,gravimetry,Jacob_2012_dmdt_Jacob_et_al,2007,Gt,-5.999999999999942,11.999999999999885,1
low_latitudes,16_low_latitudes,gravimetry,Jacob_2012_dmdt_Jacob_et_al,2008,Gt,-5.999999999999942,11.999999999999885,1
low_latitudes,16_low_latitudes,gravimetry,Jacob_2012_dmdt_Jacob_et_al,2009,Gt,-5.999999999999942,11.999999999999885,1
low_latitudes,16_low_latitudes,gravimetry,Jacob_2012_dmdt_Jacob_et_al,2010,Gt,-5.500000000000402,11.000000000000805,1
low_latitudes,16_low_latitudes,gravimetry,Sasgen_AWIarc_RL01_2_Sasgen_et_al,2002,Gt,24.107741935483503,132.35930959011733,9
low_latitudes,16_low_latitudes,gravimetry,Sasgen_AWIarc_RL01_2_Sasgen_et_al,2003,Gt,-39.870605470163525,183.6803679782311,12
low_latitudes,16_low_latitudes,gravimetry,Sasgen_AWIarc_RL01_2_Sasgen_et_al,2004,Gt,-5.352414488279667,197.97836264338292,12
low_latitudes,16_low_latitudes,gravimetry,Sasgen_AWIarc_RL01_2_Sasgen_et_al,2005,Gt,-12.443431654480442,152.65428761451633,12
low_latitudes,16_low_latitudes,gravimetry,Sasgen_AWIarc_RL01_2_Sasgen_et_al,2006,Gt,-7.961612903225372,150.72929159875991,12
low_latitudes,16_low_latitudes,gravimetry,Sasgen_AWIarc_RL01_2_Sasgen_et_al,2007,Gt,1.1632164117054558,137.4379821665662,12
low_latitudes,16_low_latitudes,gravimetry,Sasgen_AWIarc_RL01_2_Sasgen_et_al,2008,Gt,-8.74125217173303,146.1606701942895,12
low_latitudes,16_low_latitudes,gravimetry,Sasgen_AWIarc_RL01_2_Sasgen_et_al,2009,Gt,-80.26744811091164,174.57213540515482,12
low_latitudes,16_low_latitudes,gravimetry,Sasgen_AWIarc_RL01_2_Sasgen_et_al,2010,Gt,50.09944281524116,182.4732956248557,12
low_latitudes,16_low_latitudes,gravimetry,Sasgen_AWIarc_RL01_2_Sasgen_et_al,2011,Gt,-42.98067948457938,173.07138545138218,12
low_latitudes,16_low_latitudes,gravimetry,Sasgen_AWIarc_RL01_2_Sasgen_et_al,2012,Gt,138.91294779879865,254.85344933190777,12
low_latitudes,16_low_latitudes,gravimetry,Sasgen_AWIarc_RL01_2_Sasgen_et_al,2013,Gt,-38.875904677803284,145.69605348326422,12
low_latitudes,16_low_latitudes,gravimetry,Sasgen_AWIarc_RL01_2_Sasgen_et_al,2014,Gt,-69.98507462685023,111.44875713054921,12
low_latitudes,16_low_latitudes,gravimetry,Sasgen_AWIarc_RL01_2_Sasgen_et_al,2015,Gt,23.341862174294363,198.91606744415427,12
low_latitudes,16_low_latitudes,gravimetry,Sasgen_AWIarc_RL01_2_Sasgen_et_al,2016,Gt,-9.164213109578256,140.2352056546483,12
low_latitudes,16_low_latitudes,gravimetry,Sasgen_AWIarc_RL01_2_Sasgen_et_al,2017,Gt,-62.9759167559763,142.17609715340916,12
low_latitudes,16_low_latitudes,gravimetry,Sasgen_AWIarc_RL01_2_Sasgen_et_al,2018,Gt,44.62656812449927,90.8617263239046,12
low_latitudes,16_low_latitudes,gravimetry,Sasgen_AWIarc_RL01_2_Sasgen_et_al,2019,Gt,45.477902072867195,144.51818379405188,12
low_latitudes,16_low_latitudes,gravimetry,Sasgen_AWIarc_RL01_2_Sasgen_et_al,2020,Gt,-12.96844473717833,151.45336570269143,12
low_latitudes,16_low_latitudes,gravimetry,Sasgen_AWIarc_RL01_2_Sasgen_et_al,2021,Gt,-1.8888121743881179,156.85151836033197,12
low_latitudes,16_low_latitudes,gravimetry,Sasgen_AWIarc_RL01_2_Sasgen_et_al,2022,Gt,-87.04387096774187,165.84495320826957,11
low_latitudes,16_low_latitudes,gravimetry,Wouters_Wouters_et_al,2002,Gt,39.26560998129299,119.01315566518498,10
low_latitudes,16_low_latitudes,gravimetry,Wouters_Wouters_et_al,2003,Gt,-17.40034882248488,102.35868133866289,12
low_latitudes,16_low_latitudes,gravimetry,Wouters_Wouters_et_al,2004,Gt,-27.582770062147777,104.77159964227411,12
low_latitudes,16_low_latitudes,gravimetry,Wouters_Wouters_et_al,2005,Gt,7.395104167054434,90.34990100950841,12
low_latitudes,16_low_latitudes,gravimetry,Wouters_Wouters_et_al,2006,Gt,-9.517609881414023,90.53302129653066,12
low_latitudes,16_low_latitudes,gravimetry,Wouters_Wouters_et_al,2007,Gt,21.940047992417064,88.77729203225381,12
low_latitudes,16_low_latitudes,gravimetry,Wouters_Wouters_et_al,2008,Gt,-5.891509732910862,88.26989446356642,12
low_latitudes,16_low_latitudes,gravimetry,Wouters_Wouters_et_al,2009,Gt,-4.1797948169353685,97.04956296753778,12
low_latitudes,16_low_latitudes,gravimetry,Wouters_Wouters_et_al,2010,Gt,12.177162251295947,92.48598539655433,12
low_latitudes,16_low_latitudes,gravimetry,Wouters_Wouters_et_al,2011,Gt,-29.887154615600632,69.12069375205667,12
low_latitudes,16_low_latitudes,gravimetry,Wouters_Wouters_et_al,2012,Gt,10.026554508817945,67.32924429933482,12
low_latitudes,16_low_latitudes,gravimetry,Wouters_Wouters_et_al,2013,Gt,13.110504784023629,54.365406756654245,12
low_latitudes,16_low_latitudes,gravimetry,Wouters_Wouters_et_al,2014,Gt,15.883529729556464,56.3614412207048,12
low_latitudes,16_low_latitudes,gravimetry,Wouters_Wouters_et_al,2015,Gt,-19.66413862962457,67.29699606545712,12
low_latitudes,16_low_latitudes,gravimetry,Wouters_Wouters_et_al,2016,Gt,-87.02392994148508,45.49336666809245,12
low_latitudes,16_low_latitudes,gravimetry,Wouters_Wouters_et_al,2017,Gt,94.4090506416147,57.3729224063247,12
low_latitudes,16_low_latitudes,gravimetry,Wouters_Wouters_et_al,2018,Gt,6.8923479909069485,34.22817084292681,12
low_latitudes,16_low_latitudes,gravimetry,Wouters_Wouters_et_al,2019,Gt,1.401215212188184,61.892249898621664,12
low_latitudes,16_low_latitudes,gravimetry,Wouters_Wouters_et_al,2020,Gt,-25.885291561983074,61.266166646947084,12
low_latitudes,16_low_latitudes,gravimetry,Wouters_Wouters_et_al,2021,Gt,-63.14314706007852,52.841665872869186,10
southern_andes,17_southern_andes,altimetry,Jakob_Gourmelen_Jakob_et_al,2010,m,1.4929527344474285,2.2555489870463625,4
southern_andes,17_southern_andes,altimetry,Jakob_Gourmelen_Jakob_et_al,2011,m,-1.7658330626818517,4.456073560312826,12
southern_andes,17_southern_andes,altimetry,Jakob_Gourmelen_Jakob_et_al,2012,m,0.8630951089083219,4.484754921228856,12
southern_andes,17_southern_andes,altimetry,Jakob_Gourmelen_Jakob_et_al,2013,m,-2.7049903476738972,4.469598478972808,12
southern_andes,17_southern_andes,altimetry,Jakob_Gourmelen_Jakob_et_al,2014,m,0.723328266,4.5349848569886095,12
southern_andes,17_southern_andes,altimetry,Jakob_Gourmelen_Jakob_et_al,2015,m,-1.2899476575789621,4.521680595559089,12
southern_andes,17_southern_andes,altimetry,Jakob_Gourmelen_Jakob_et_al,2016,m,-3.3681711973723294,4.499520624214512,12
southern_andes,17_southern_andes,altimetry,Jakob_Gourmelen_Jakob_et_al,2017,m,-1.4048431043820422,4.542373501693043,12
southern_andes,17_southern_andes,altimetry,Jakob_Gourmelen_Jakob_et_al,2018,m,0.08156691300035313,4.472862171193382,12
southern_andes,17_southern_andes,altimetry,Jakob_Gourmelen_Jakob_et_al,2019,m,-2.260929679557572,4.507778494887946,12
southern_andes,17_southern_andes,altimetry,Jakob_Gourmelen_Jakob_et_al,2020,m,1.4193649458905537,3.567953379407205,8
southern_andes,17_southern_andes,combined,DUS-combined_Dussaillant_et_al,2000,mwe,0.04227820985666056,0.3933508960395737,2
southern_andes,17_southern_andes,combined,DUS-combined_Dussaillant_et_al,2001,mwe,-0.7942494327486127,0.37926762584189444,2
southern_andes,17_southern_andes,combined,DUS-combined_Dussaillant_et_al,2002,mwe,-0.7133897653465551,0.37877204697262695,2
southern_andes,17_southern_andes,combined,DUS-combined_Dussaillant_et_al,2003,mwe,-1.3629271072330091,0.37849766881557934,2
southern_andes,17_southern_andes,combined,DUS-combined_Dussaillant_et_al,2004,mwe,-1.4192202224093848,0.37823951308011167,2
southern_andes,17_southern_andes,combined,DUS-combined_Dussaillant_et_al,2005,mwe,-0.9115595538402402,0.3781600958933371,2
southern_andes,17_southern_andes,combined,DUS-combined_Dussaillant_et_al,2006,mwe,-0.4307393028215973,0.3781303174238041,2
southern_andes,17_southern_andes,combined,DUS-combined_Dussaillant_et_al,2007,mwe,-0.46295822229283595,0.3781410147709653,2
southern_andes,17_southern_andes,combined,DUS-combined_Dussaillant_et_al,2008,mwe,-0.49404409519124676,0.37823165110650364,2
southern_andes,17_southern_andes,combined,DUS-combined_Dussaillant_et_al,2009,mwe,-0.045084305355545154,0.37896282794611047,2
southern_andes,17_southern_andes,combined,DUS-combined_Dussaillant_et_al,2010,mwe,-0.6583757758353359,0.37916372073883636,2
southern_andes,17_southern_andes,combined,DUS-combined_Dussaillant_et_al,2011,mwe,-1.0275668166263097,0.3792352060158493,2
southern_andes,17_southern_andes,combined,DUS-combined_Dussaillant_et_al,2012,mwe,-0.6255093148473418,0.37929395674475935,2
southern_andes,17_southern_andes,combined,DUS-combined_Dussaillant_et_al,2013,mwe,-0.20045354979099372,0.3793975443302278,2
southern_andes,17_southern_andes,combined,DUS-combined_Dussaillant_et_al,2014,mwe,-0.646292359778073,0.3798483677677386,2
southern_andes,17_southern_andes,combined,DUS-combined_Dussaillant_et_al,2015,mwe,-0.7430941125698696,0.3799143998945638,2
southern_andes,17_southern_andes,combined,DUS-combined_Dussaillant_et_al,2016,mwe,-1.0125383214392387,0.37992272026485435,2
southern_andes,17_southern_andes,combined,DUS-combined_Dussaillant_et_al,2017,mwe,-1.1275195216654053,0.37992654988099733,2
southern_andes,17_southern_andes,combined,DUS-combined_Dussaillant_et_al,2018,mwe,-1.168415337203017,0.3800180108556699,2
southern_andes,17_southern_andes,combined,DUS-combined_Dussaillant_et_al,2019,mwe,-1.3286241648003758,0.3800079145331857,2
southern_andes,17_southern_andes,combined,DUS-combined_Dussaillant_et_al,2020,mwe,-1.4895958587982447,0.38000990829594566,2
southern_andes,17_southern_andes,combined,DUS-combined_Dussaillant_et_al,2021,mwe,-1.150286256646237,0.38002829978115354,2
southern_andes,17_southern_andes,combined,DUS-combined_Dussaillant_et_al,2022,mwe,-1.2095421460091125,0.38005632401499356,2
southern_andes,17_southern_andes,combined,DUS-combined_Dussaillant_et_al,2023,mwe,-1.0883673082273893,0.37993422920266073,2
southern_andes,17_southern_andes,combined,Huss_Huss_et_al,2000,mwe,0.55805,0.9966587232473311,2
southern_andes,17_southern_andes,combined,Huss_Huss_et_al,2001,mwe,-0.5075500000000001,0.5746506726916797,2
southern_andes,17_southern_andes,combined,Huss_Huss_et_al,2002,mwe,-0.21000000000000002,0.9584794833484961,2
southern_andes,17_southern_andes,combined,Huss_Huss_et_al,2003,mwe,-0.9917,0.5703583632243855,2
southern_andes,17_southern_andes,combined,Huss_Huss_et_al,2004,mwe,-0.718075,0.38025992179692036,2
southern_andes,17_southern_andes,combined,Huss_Huss_et_al,2005,mwe,-0.608475,0.5264397460773644,2
southern_andes,17_southern_andes,combined,Huss_Huss_et_al,2006,mwe,-0.54405,0.45411712214471717,2
southern_andes,17_southern_andes,combined,Huss_Huss_et_al,2007,mwe,-0.6516250000000001,0.26281805493534877,2
southern_andes,17_southern_andes,combined,Huss_Huss_et_al,2008,mwe,-0.598675,0.5263421130785565,2
southern_andes,17_southern_andes,combined,Huss_Huss_et_al,2009,mwe,0.03674999999999998,0.34834679918150535,2
southern_andes,17_southern_andes,combined,Huss_Huss_et_al,2010,mwe,-0.497125,0.2965292196816361,2
southern_andes,17_southern_andes,combined,Huss_Huss_et_al,2011,mwe,-1.573075,0.24470119150711137,2
southern_andes,17_southern_andes,combined,Huss_Huss_et_al,2012,mwe,-1.5076500000000002,0.29039780151543854,2
southern_andes,17_southern_andes,combined,Huss_Huss_et_al,2013,mwe,-0.6765,0.33440504070662574,2
southern_andes,17_southern_andes,combined,Huss_Huss_et_al,2014,mwe,-0.9076,0.3173890209585076,2
southern_andes,17_southern_andes,combined,Huss_Huss_et_al,2015,mwe,-1.124825,0.2934214716069702,2
southern_andes,17_southern_andes,combined,Huss_Huss_et_al,2016,mwe,-1.752275,0.5222916001861412,2
southern_andes,17_southern_andes,combined,Huss_Huss_et_al,2017,mwe,-1.0307,0.39532702048430735,2
southern_andes,17_southern_andes,combined,Huss_Huss_et_al,2018,mwe,-1.003425,0.2536185570891847,2
southern_andes,17_southern_andes,combined,Huss_Huss_et_al,2019,mwe,-1.129325,0.296368571208217,2
southern_andes,17_southern_andes,combined,Huss_Huss_et_al,2020,mwe,-1.402075,0.36755049993164207,2
southern_andes,17_southern_andes,combined,Huss_Huss_et_al,2021,mwe,-0.37235,0.1183,1
southern_andes,17_southern_andes,demdiff,DLR-IMF_Krieger_et_al,2000,m,-0.8227402066586783,0.12414999742467807,1
southern_andes,17_southern_andes,demdiff,DLR-IMF_Krieger_et_al,2001,m,-0.9872882479905036,0.1489799969096272,1
southern_andes,17_southern_andes,demdiff,DLR-IMF_Krieger_et_al,2002,m,-0.9872882479905036,0.1489799969096272,1
southern_andes,17_southern_andes,demdiff,DLR-IMF_Krieger_et_al,2003,m,-0.9872882479905036,0.1489799969096272,1
southern_andes,17_southern_andes,demdiff,DLR-IMF_Krieger_et_al,2004,m,-0.9872882479905036,0.1489799969096272,1
southern_andes,17_southern_andes,demdiff,DLR-IMF_Krieger_et_al,2005,m,-0.9872882479905036,0.1489799969096272,1
southern_andes,17_southern_andes,demdiff,DLR-IMF_Krieger_et_al,2006,m,-0.9872882479905036,0.1489799969096272,1
southern_andes,17_southern_andes,demdiff,DLR-IMF_Krieger_et_al,2007,m,-0.9872882479905036,0.1489799969096272,1
southern_andes,17_southern_andes,demdiff,DLR-IMF_Krieger_et_al,2008,m,-0.9872882479905036,0.1489799969096272,1
southern_andes,17_southern_andes,demdiff,DLR-IMF_Krieger_et_al,2009,m,-0.9872882479905036,0.1489799969096272,1
southern_andes,17_southern_andes,demdiff,DLR-IMF_Krieger_et_al,2010,m,-0.9872882479905036,0.1489799969096272,1
southern_andes,17_southern_andes,demdiff,DLR-IMF_Krieger_et_al,2011,m,-0.9872882479905036,0.1489799969096272,1
southern_andes,17_southern_andes,demdiff,DLR-IMF_Krieger_et_al,2012,m,-1.0798726075439609,0.24661404889163807,2
southern_andes,17_southern_andes,demdiff,DLR-IMF_Krieger_et_al,2013,m,-1.0983894794546625,0.2944330530702939,1
southern_andes,17_southern_andes,demdiff,DLR-IMF_Krieger_et_al,2014,m,-1.0983894794546625,0.2944330530702939,1
southern_andes,17_southern_andes,demdiff,DLR-IMF_Krieger_et_al,2015,m,-1.0983894794546625,0.2944330530702939,1
southern_andes,17_southern_andes,demdiff,DLR-IMF_Krieger_et_al,2016,m,-0.183064913242527,0.04907217551173796,1
southern_andes,17_southern_andes,demdiff,Dussaillant2019_Dussaillant_et_al,2000,m,-0.6625,0.04791666666666666,1
southern_andes,17_southern_andes,demdiff,Dussaillant2019_Dussaillant_et_al,2001,m,-0.8833333333333333,0.06388888888888888,1
southern_andes,17_southern_andes,demdiff,Dussaillant2019_Dussaillant_et_al,2002,m,-0.8833333333333333,0.06388888888888888,1
southern_andes,17_southern_andes,demdiff,Dussaillant2019_Dussaillant_et_al,2003,m,-0.8833333333333333,0.06388888888888888,1
southern_andes,17_southern_andes,demdiff,Dussaillant2019_Dussaillant_et_al,2004,m,-0.8833333333333333,0.06388888888888888,1
southern_andes,17_southern_andes,demdiff,Dussaillant2019_Dussaillant_et_al,2005,m,-0.8833333333333333,0.06388888888888888,1
southern_andes,17_southern_andes,demdiff,Dussaillant2019_Dussaillant_et_al,2006,m,-0.8833333333333333,0.06388888888888888,1
southern_andes,17_southern_andes,demdiff,Dussaillant2019_Dussaillant_et_al,2007,m,-0.8833333333333333,0.06388888888888888,1
southern_andes,17_southern_andes,demdiff,Dussaillant2019_Dussaillant_et_al,2008,m,-0.8833333333333333,0.06388888888888888,1
southern_andes,17_southern_andes,demdiff,Dussaillant2019_Dussaillant_et_al,2009,m,-0.8833333333333333,0.06388888888888888,1
southern_andes,17_southern_andes,demdiff,Dussaillant2019_Dussaillant_et_al,2010,m,-0.8833333333333333,0.06388888888888888,1
southern_andes,17_southern_andes,demdiff,Dussaillant2019_Dussaillant_et_al,2011,m,-0.8833333333333333,0.06388888888888888,1
southern_andes,17_southern_andes,demdiff,Dussaillant2019_Dussaillant_et_al,2012,m,-0.8833333333333333,0.06388888888888888,1
southern_andes,17_southern_andes,demdiff,Dussaillant2019_Dussaillant_et_al,2013,m,-0.8833333333333333,0.06388888888888888,1
southern_andes,17_southern_andes,demdiff,Dussaillant2019_Dussaillant_et_al,2014,m,-0.8833333333333333,0.06388888888888888,1
southern_andes,17_southern_andes,demdiff,Dussaillant2019_Dussaillant_et_al,2015,m,-0.8833333333333333,0.06388888888888888,1
southern_andes,17_southern_andes,demdiff,Dussaillant2019_Dussaillant_et_al,2016,m,-0.8833333333333333,0.06388888888888888,1
southern_andes,17_southern_andes,demdiff,Dussaillant2019_Dussaillant_et_al,2017,m,-0.8833333333333333,0.06388888888888888,1
southern_andes,17_southern_andes,demdiff,Dussaillant2019_Dussaillant_et_al,2018,m,-0.22083333333333333,0.01597222222222222,1
southern_andes,17_southern_andes,demdiff,ETH_Hugonnet_et_al,2000,m,-0.7280000000000001,0.294,1
southern_andes,17_southern_andes,demdiff,ETH_Hugonnet_et_al,2001,m,-0.7280000000000001,0.294,1
southern_andes,17_southern_andes,demdiff,ETH_Hugonnet_et_al,2002,m,-0.7280000000000001,0.294,1
southern_andes,17_southern_andes,demdiff,ETH_Hugonnet_et_al,2003,m,-0.7280000000000001,0.294,1
southern_andes,17_southern_andes,demdiff,ETH_Hugonnet_et_al,2004,m,-0.7280000000000001,0.294,1
southern_andes,17_southern_andes,demdiff,ETH_Hugonnet_et_al,2005,m,-0.8180000000000001,0.17200000000000001,1
southern_andes,17_southern_andes,demdiff,ETH_Hugonnet_et_al,2006,m,-0.8180000000000001,0.17200000000000001,1
southern_andes,17_southern_andes,demdiff,ETH_Hugonnet_et_al,2007,m,-0.8180000000000001,0.17200000000000001,1
southern_andes,17_southern_andes,demdiff,ETH_Hugonnet_et_al,2008,m,-0.8180000000000001,0.17200000000000001,1
southern_andes,17_southern_andes,demdiff,ETH_Hugonnet_et_al,2009,m,-0.8180000000000001,0.17200000000000001,1
southern_andes,17_southern_andes,demdiff,ETH_Hugonnet_et_al,2010,m,-0.8500000000000001,0.17400000000000002,1
southern_andes,17_southern_andes,demdiff,ETH_Hugonnet_et_al,2011,m,-0.8500000000000001,0.17400000000000002,1
southern_andes,17_southern_andes,demdiff,ETH_Hugonnet_et_al,2012,m,-0.8500000000000001,0.17400000000000002,1
southern_andes,17_southern_andes,demdiff,ETH_Hugonnet_et_al,2013,m,-0.8500000000000001,0.17400000000000002,1
southern_andes,17_southern_andes,demdiff,ETH_Hugonnet_et_al,2014,m,-0.8500000000000001,0.17400000000000002,1
southern_andes,17_southern_andes,demdiff,ETH_Hugonnet_et_al,2015,m,-0.976,0.268,1
southern_andes,17_southern_andes,demdiff,ETH_Hugonnet_et_al,2016,m,-0.976,0.268,1
southern_andes,17_southern_andes,demdiff,ETH_Hugonnet_et_al,2017,m,-0.976,0.268,1
southern_andes,17_southern_andes,demdiff,ETH_Hugonnet_et_al,2018,m,-0.976,0.268,1
southern_andes,17_southern_andes,demdiff,ETH_Hugonnet_et_al,2019,m,-0.976,0.268,1
southern_andes,17_southern_andes,demdiff,FAU-GLACIER_Braun_et_al,2000,m,-0.5960264900661745,0.020529801324501565,1
southern_andes,17_southern_andes,demdiff,FAU-GLACIER_Braun_et_al,2001,m,-0.7152317880794745,0.024635761589404122,1
southern_andes,17_southern_andes,demdiff,FAU-GLACIER_Braun_et_al,2002,m,-0.7152317880794745,0.024635761589404122,1
southern_andes,17_southern_andes,demdiff,FAU-GLACIER_Braun_et_al,2003,m,-0.7152317880794745,0.024635761589404122,1
southern_andes,17_southern_andes,demdiff,FAU-GLACIER_Braun_et_al,2004,m,-0.7152317880794745,0.024635761589404122,1
southern_andes,17_southern_andes,demdiff,FAU-GLACIER_Braun_et_al,2005,m,-0.7152317880794745,0.024635761589404122,1
southern_andes,17_southern_andes,demdiff,FAU-GLACIER_Braun_et_al,2006,m,-0.7152317880794745,0.024635761589404122,1
southern_andes,17_southern_andes,demdiff,FAU-GLACIER_Braun_et_al,2007,m,-0.7152317880794745,0.024635761589404122,1
southern_andes,17_southern_andes,demdiff,FAU-GLACIER_Braun_et_al,2008,m,-0.7152317880794745,0.024635761589404122,1
southern_andes,17_southern_andes,demdiff,FAU-GLACIER_Braun_et_al,2009,m,-0.7152317880794745,0.024635761589404122,1
southern_andes,17_southern_andes,demdiff,FAU-GLACIER_Braun_et_al,2010,m,-0.7152317880794745,0.024635761589404122,1
southern_andes,17_southern_andes,demdiff,FAU-GLACIER_Braun_et_al,2011,m,-0.7152317880794745,0.024635761589404122,1
southern_andes,17_southern_andes,demdiff,FAU-GLACIER_Braun_et_al,2012,m,-0.5364238410596058,0.018476821192053093,1
southern_andes,17_southern_andes,glaciological,UZH_GlaciolSineWave_Zemp_et_al,2000,mwe,0.1901183348041976,0.6465538854834405,12
southern_andes,17_southern_andes,glaciological,UZH_GlaciolSineWave_Zemp_et_al,2001,mwe,0.04876452586295327,0.46113095831868683,12
southern_andes,17_southern_andes,glaciological,UZH_GlaciolSineWave_Zemp_et_al,2002,mwe,0.10136230785410827,0.6252025254895365,12
southern_andes,17_southern_andes,glaciological,UZH_GlaciolSineWave_Zemp_et_al,2003,mwe,-0.5528028855919421,0.5801234553552154,12
southern_andes,17_southern_andes,glaciological,UZH_GlaciolSineWave_Zemp_et_al,2004,mwe,0.7423212824384973,0.9349717101787361,12
southern_andes,17_southern_andes,glaciological,UZH_GlaciolSineWave_Zemp_et_al,2005,mwe,-1.6073038534352628,1.1576655366823612,12
southern_andes,17_southern_andes,glaciological,UZH_GlaciolSineWave_Zemp_et_al,2006,mwe,-0.32905097213299517,0.6889753931067619,12
southern_andes,17_southern_andes,glaciological,UZH_GlaciolSineWave_Zemp_et_al,2007,mwe,-0.11617283921007171,0.6036921923789437,12
southern_andes,17_southern_andes,glaciological,UZH_GlaciolSineWave_Zemp_et_al,2008,mwe,0.061706228694313414,0.6941458720986321,12
southern_andes,17_southern_andes,glaciological,UZH_GlaciolSineWave_Zemp_et_al,2009,mwe,-0.503011061978272,0.667376482167085,12
southern_andes,17_southern_andes,glaciological,UZH_GlaciolSineWave_Zemp_et_al,2010,mwe,-1.4860501860011113,0.600488754529585,12
southern_andes,17_southern_andes,glaciological,UZH_GlaciolSineWave_Zemp_et_al,2011,mwe,-0.9049979110786925,0.4236699754992429,12
southern_andes,17_southern_andes,glaciological,UZH_GlaciolSineWave_Zemp_et_al,2012,mwe,-0.6891083709456316,0.510350494328053,12
southern_andes,17_southern_andes,glaciological,UZH_GlaciolSineWave_Zemp_et_al,2013,mwe,0.057410514492527986,0.5217947301267556,12
southern_andes,17_southern_andes,glaciological,UZH_GlaciolSineWave_Zemp_et_al,2014,mwe,-0.22347767249402328,0.6331039717434211,12
southern_andes,17_southern_andes,glaciological,UZH_GlaciolSineWave_Zemp_et_al,2015,mwe,-0.4719578247889773,0.7305219813312132,12
southern_andes,17_southern_andes,glaciological,UZH_GlaciolSineWave_Zemp_et_al,2016,mwe,-1.2683776142513672,0.7650753640951417,12
southern_andes,17_southern_andes,glaciological,UZH_GlaciolSineWave_Zemp_et_al,2017,mwe,-0.8034267003610326,0.7653925515010866,12
southern_andes,17_southern_andes,glaciological,UZH_GlaciolSineWave_Zemp_et_al,2018,mwe,-1.5473947076570393,0.92252640787215,12
southern_andes,17_southern_andes,glaciological,UZH_GlaciolSineWave_Zemp_et_al,2019,mwe,-1.671365813557504,0.8534388435535488,12
southern_andes,17_southern_andes,glaciological,UZH_GlaciolSineWave_Zemp_et_al,2020,mwe,-1.13764524842078,0.8576830935878532,12
southern_andes,17_southern_andes,glaciological,UZH_GlaciolSineWave_Zemp_et_al,2021,mwe,-1.9753176528421597,0.8936894819090442,12
southern_andes,17_southern_andes,glaciological,UZH_GlaciolSineWave_Zemp_et_al,2022,mwe,-2.276301466973665,1.0707926854164185,12
southern_andes,17_southern_andes,glaciological,UZH_GlaciolSineWave_Zemp_et_al,2023,mwe,-1.6287310317070016,0.947038517159319,12
southern_andes,17_southern_andes,glaciological,WGMS-beta_WGMS,2000,mwe,1.9983750000000002,1.1528819716749805,2
southern_andes,17_southern_andes,glaciological,WGMS-beta_WGMS,2001,mwe,1.002625,1.102543346591417,2
southern_andes,17_southern_andes,glaciological,WGMS-beta_WGMS,2002,mwe,1.543,1.102543346591417,2
southern_andes,17_southern_andes,glaciological,WGMS-beta_WGMS,2003,mwe,0.53075,1.102543346591417,2
southern_andes,17_southern_andes,glaciological,WGMS-beta_WGMS,2004,mwe,0.12137500000000001,1.102543346591417,2
southern_andes,17_southern_andes,glaciological,WGMS-beta_WGMS,2005,mwe,0.78525,1.102543346591417,2
southern_andes,17_southern_andes,glaciological,WGMS-beta_WGMS,2006,mwe,1.00325,1.102543346591417,2
southern_andes,17_southern_andes,glaciological,WGMS-beta_WGMS,2007,mwe,0.791625,1.102543346591417,2
southern_andes,17_southern_andes,glaciological,WGMS-beta_WGMS,2008,mwe,0.929875,1.102543346591417,2
southern_andes,17_southern_andes,glaciological,WGMS-beta_WGMS,2009,mwe,0.588875,1.0801955999901132,2
southern_andes,17_southern_andes,glaciological,WGMS-beta_WGMS,2010,mwe,0.281375,1.0776839111553076,2
southern_andes,17_southern_andes,glaciological,WGMS-beta_WGMS,2011,mwe,-0.19212500000000002,1.1000826829097898,2
southern_andes,17_southern_andes,glaciological,WGMS-beta_WGMS,2012,mwe,0.3515,1.102543346591417,2
southern_andes,17_southern_andes,glaciological,WGMS-beta_WGMS,2013,mwe,0.76875,1.102543346591417,2
southern_andes,17_southern_andes,glaciological,WGMS-beta_WGMS,2014,mwe,0.268375,1.102543346591417,2
southern_andes,17_southern_andes,glaciological,WGMS-beta_WGMS,2015,mwe,-0.05149999999999999,1.102543346591417,2
southern_andes,17_southern_andes,glaciological,WGMS-beta_WGMS,2016,mwe,0.343625,1.0801955999901132,2
southern_andes,17_southern_andes,glaciological,WGMS-beta_WGMS,2017,mwe,-0.5446249999999999,1.1000826829097898,2
southern_andes,17_southern_andes,glaciological,WGMS-beta_WGMS,2018,mwe,-0.485625,1.0801955999901132,2
southern_andes,17_southern_andes,glaciological,WGMS-beta_WGMS,2019,mwe,-0.49425,1.0776839111553076,2
southern_andes,17_southern_andes,glaciological,WGMS-beta_WGMS,2020,mwe,-0.05862500000000001,1.1000826829097898,2
southern_andes,17_southern_andes,glaciological,WGMS-beta_WGMS,2021,mwe,0.174875,1.102543346591417,2
southern_andes,17_southern_andes,glaciological,WGMS-beta_WGMS,2022,mwe,0.10375,1.102543346591417,2
southern_andes,17_southern_andes,glaciological,WGMS-beta_WGMS,2023,mwe,0.010350000000000074,1.0958335830094335,2
southern_andes,17_southern_andes,gravimetry,Harig_Group_Harig_et_al,2002,Gt,74.85214187073466,191.428024110875,9
southern_andes,17_southern_andes,gravimetry,Harig_Group_Harig_et_al,2003,Gt,-50.07931155609015,273.0024605845174,12
southern_andes,17_southern_andes,gravimetry,Harig_Group_Harig_et_al,2004,Gt,-28.756656944478166,281.04589880473407,12
southern_andes,17_southern_andes,gravimetry,Harig_Group_Harig_et_al,2005,Gt,43.2814774034587,285.90106941824786,12
southern_andes,17_southern_andes,gravimetry,Harig_Group_Harig_et_al,2006,Gt,-18.381167973697643,285.88453617255834,12
southern_andes,17_southern_andes,gravimetry,Harig_Group_Harig_et_al,2007,Gt,-39.78923399141969,285.90050980880625,12
southern_andes,17_southern_andes,gravimetry,Harig_Group_Harig_et_al,2008,Gt,-72.11928083551506,285.84022673824035,12
southern_andes,17_southern_andes,gravimetry,Harig_Group_Harig_et_al,2009,Gt,12.823661457154373,285.90106941824627,12
southern_andes,17_southern_andes,gravimetry,Harig_Group_Harig_et_al,2010,Gt,15.74217792268928,281.12120428665077,12
southern_andes,17_southern_andes,gravimetry,Harig_Group_Harig_et_al,2011,Gt,-55.28863711669048,251.19019108274676,12
southern_andes,17_southern_andes,gravimetry,Harig_Group_Harig_et_al,2012,Gt,19.429499321077117,259.28384960413194,12
southern_andes,17_southern_andes,gravimetry,Harig_Group_Harig_et_al,2013,Gt,-67.85783294108641,232.78782065936196,12
southern_andes,17_southern_andes,gravimetry,Harig_Group_Harig_et_al,2014,Gt,11.49699519449669,223.1238005701524,12
southern_andes,17_southern_andes,gravimetry,Harig_Group_Harig_et_al,2015,Gt,57.64434028979112,231.80186373691276,12
southern_andes,17_southern_andes,gravimetry,Harig_Group_Harig_et_al,2016,Gt,-46.00636383128524,228.49157237751228,12
southern_andes,17_southern_andes,gravimetry,Harig_Group_Harig_et_al,2017,Gt,,,12
southern_andes,17_southern_andes,gravimetry,Harig_Group_Harig_et_al,2018,Gt,,,12
southern_andes,17_southern_andes,gravimetry,Harig_Group_Harig_et_al,2019,Gt,-71.00479144209504,285.90050980880596,12
southern_andes,17_southern_andes,gravimetry,Harig_Group_Harig_et_al,2020,Gt,32.828847300527976,285.84022673824035,12
southern_andes,17_southern_andes,gravimetry,Harig_Group_Harig_et_al,2021,Gt,-59.84411384682693,285.90106941824865,12
southern_andes,17_southern_andes,gravimetry,Harig_Group_Harig_et_al,2022,Gt,-37.70509745503654,285.8845361725635,12
southern_andes,17_southern_andes,gravimetry,Harig_Group_Harig_et_al,2023,Gt,-41.45360225599427,92.28254079874742,2
southern_andes,17_southern_andes,gravimetry,Jacob_2012_dmdt_Jacob_et_al,2003,Gt,-22.9995789473682,8.999999999999913,1
southern_andes,17_southern_andes,gravimetry,Jacob_2012_dmdt_Jacob_et_al,2004,Gt,-22.9995789473682,8.999999999999913,1
southern_andes,17_southern_andes,gravimetry,Jacob_2012_dmdt_Jacob_et_al,2005,Gt,-22.9995789473682,8.999999999999913,1
southern_andes,17_southern_andes,gravimetry,Jacob_2012_dmdt_Jacob_et_al,2006,Gt,-22.9995789473682,8.999999999999913,1
southern_andes,17_southern_andes,gravimetry,Jacob_2012_dmdt_Jacob_et_al,2007,Gt,-22.9995789473682,8.999999999999913,1
southern_andes,17_southern_andes,gravimetry,Jacob_2012_dmdt_Jacob_et_al,2008,Gt,-22.9995789473682,8.999999999999913,1
southern_andes,17_southern_andes,gravimetry,Jacob_2012_dmdt_Jacob_et_al,2009,Gt,-22.9995789473682,8.999999999999913,1
southern_andes,17_southern_andes,gravimetry,Jacob_2012_dmdt_Jacob_et_al,2010,Gt,-21.082947368422595,8.250000000000604,1
southern_andes,17_southern_andes,gravimetry,Richter_Richter_et_al,2002,Gt,43.300000000000004,91.81884503915705,10
southern_andes,17_southern_andes,gravimetry,Richter_Richter_et_al,2003,Gt,-69.80000000000001,163.6226003079241,12
southern_andes,17_southern_andes,gravimetry,Richter_Richter_et_al,2004,Gt,-73.50000000000003,174.9745546149195,12
southern_andes,17_southern_andes,gravimetry,Richter_Richter_et_al,2005,Gt,36.7,175.00336642677615,12
southern_andes,17_southern_andes,gravimetry,Richter_Richter_et_al,2006,Gt,-48.8,175.00336642677615,12
southern_andes,17_southern_andes,gravimetry,Richter_Richter_et_al,2007,Gt,10.700000000000014,175.00336642677615,12
southern_andes,17_southern_andes,gravimetry,Richter_Richter_et_al,2008,Gt,-67.89999999999999,174.9745546149195,12
southern_andes,17_southern_andes,gravimetry,Richter_Richter_et_al,2009,Gt,-17.599999999999994,175.00336642677613,12
southern_andes,17_southern_andes,gravimetry,Richter_Richter_et_al,2010,Gt,44.70000000000001,175.00336642677615,12
southern_andes,17_southern_andes,gravimetry,Richter_Richter_et_al,2011,Gt,-81.1,150.9477448595354,12
southern_andes,17_southern_andes,gravimetry,Richter_Richter_et_al,2012,Gt,-21.200000000000017,151.33334183851798,12
southern_andes,17_southern_andes,gravimetry,Richter_Richter_et_al,2013,Gt,-70.4,141.23180489133264,12
southern_andes,17_southern_andes,gravimetry,Richter_Richter_et_al,2014,Gt,15.550000000062767,144.74731569918828,12
southern_andes,17_southern_andes,gravimetry,Richter_Richter_et_al,2015,Gt,-32.85000000006272,105.60945112981078,12
southern_andes,17_southern_andes,gravimetry,Richter_Richter_et_al,2016,Gt,-45.19999999999999,320.0457859172469,12
southern_andes,17_southern_andes,gravimetry,Richter_Richter_et_al,2017,Gt,-183.10000000000008,296.3802650197591,6
southern_andes,17_southern_andes,gravimetry,Sasgen_AWIarc_RL01_2_Sasgen_et_al,2002,Gt,42.169677419440134,276.48562434170424,9
southern_andes,17_southern_andes,gravimetry,Sasgen_AWIarc_RL01_2_Sasgen_et_al,2003,Gt,18.443133915386074,383.6891106312955,12
southern_andes,17_southern_andes,gravimetry,Sasgen_AWIarc_RL01_2_Sasgen_et_al,2004,Gt,-74.43088723951547,413.5625575246047,12
southern_andes,17_southern_andes,gravimetry,Sasgen_AWIarc_RL01_2_Sasgen_et_al,2005,Gt,147.2106565498471,318.869133430631,12
southern_andes,17_southern_andes,gravimetry,Sasgen_AWIarc_RL01_2_Sasgen_et_al,2006,Gt,-187.03870967742944,314.860343676574,12
southern_andes,17_southern_andes,gravimetry,Sasgen_AWIarc_RL01_2_Sasgen_et_al,2007,Gt,-108.79800652512353,287.0861632864258,12
southern_andes,17_southern_andes,gravimetry,Sasgen_AWIarc_RL01_2_Sasgen_et_al,2008,Gt,-10.98059524592972,305.31365750548065,12
southern_andes,17_southern_andes,gravimetry,Sasgen_AWIarc_RL01_2_Sasgen_et_al,2009,Gt,3.389569513051214,364.65407303599244,12
southern_andes,17_southern_andes,gravimetry,Sasgen_AWIarc_RL01_2_Sasgen_et_al,2010,Gt,-73.40574780063545,381.17471467472313,12
southern_andes,17_southern_andes,gravimetry,Sasgen_AWIarc_RL01_2_Sasgen_et_al,2011,Gt,-109.67100056022622,361.52505238773324,12
southern_andes,17_southern_andes,gravimetry,Sasgen_AWIarc_RL01_2_Sasgen_et_al,2012,Gt,161.94514001301783,532.3508821690943,12
southern_andes,17_southern_andes,gravimetry,Sasgen_AWIarc_RL01_2_Sasgen_et_al,2013,Gt,-203.9565636950606,304.3452769576579,12
southern_andes,17_southern_andes,gravimetry,Sasgen_AWIarc_RL01_2_Sasgen_et_al,2014,Gt,-226.03696517346782,232.79919294148146,12
southern_andes,17_southern_andes,gravimetry,Sasgen_AWIarc_RL01_2_Sasgen_et_al,2015,Gt,182.07911821281795,415.5167181242246,12
southern_andes,17_southern_andes,gravimetry,Sasgen_AWIarc_RL01_2_Sasgen_et_al,2016,Gt,-75.28127058727472,292.93699565649257,12
southern_andes,17_southern_andes,gravimetry,Sasgen_AWIarc_RL01_2_Sasgen_et_al,2017,Gt,51.967518266546676,296.99988308752756,12
southern_andes,17_southern_andes,gravimetry,Sasgen_AWIarc_RL01_2_Sasgen_et_al,2018,Gt,-207.88313190158829,189.7971378158784,12
southern_andes,17_southern_andes,gravimetry,Sasgen_AWIarc_RL01_2_Sasgen_et_al,2019,Gt,-20.260474006330924,301.8805682505039,12
southern_andes,17_southern_andes,gravimetry,Sasgen_AWIarc_RL01_2_Sasgen_et_al,2020,Gt,-21.481735087474704,316.36851056850287,12
southern_andes,17_southern_andes,gravimetry,Sasgen_AWIarc_RL01_2_Sasgen_et_al,2021,Gt,-97.6210167126361,327.6460913011975,12
southern_andes,17_southern_andes,gravimetry,Sasgen_AWIarc_RL01_2_Sasgen_et_al,2022,Gt,1.5612903225858332,346.42172877421154,11
southern_andes,17_southern_andes,gravimetry,Velicogna_Sutterley_et_al,2002,gt,89.16535161292339,169.43931223672547,9
southern_andes,17_southern_andes,gravimetry,Velicogna_Sutterley_et_al,2003,gt,-43.85552971729338,236.0993410600163,12
southern_andes,17_southern_andes,gravimetry,Velicogna_Sutterley_et_al,2004,gt,-102.06999691769897,253.6765240265794,12
southern_andes,17_southern_andes,gravimetry,Velicogna_Sutterley_et_al,2005,gt,65.56277179626568,253.73651565217435,12
southern_andes,17_southern_andes,gravimetry,Velicogna_Sutterley_et_al,2006,gt,-50.84489677420799,253.72156882816216,12
southern_andes,17_southern_andes,gravimetry,Velicogna_Sutterley_et_al,2007,gt,-48.98826897013251,253.73574479351683,12
southern_andes,17_southern_andes,gravimetry,Velicogna_Sutterley_et_al,2008,gt,1.4759279286221023,253.6765240265794,12
southern_andes,17_southern_andes,gravimetry,Velicogna_Sutterley_et_al,2009,gt,-32.56627186169319,253.73651565217435,12
southern_andes,17_southern_andes,gravimetry,Velicogna_Sutterley_et_al,2010,gt,-30.036063367950106,249.23566177323417,12
southern_andes,17_southern_andes,gravimetry,Velicogna_Sutterley_et_al,2011,gt,-93.00588868465033,206.83750302962045,12
southern_andes,17_southern_andes,gravimetry,Velicogna_Sutterley_et_al,2012,gt,12.4154724580209,211.20709630665402,12
southern_andes,17_southern_andes,gravimetry,Velicogna_Sutterley_et_al,2013,gt,-52.35217846996858,200.62626516428998,12
southern_andes,17_southern_andes,gravimetry,Velicogna_Sutterley_et_al,2014,gt,-46.543077419276884,201.2516429652044,12
southern_andes,17_southern_andes,gravimetry,Velicogna_Sutterley_et_al,2015,gt,17.439177563588487,194.93354150763,12
southern_andes,17_southern_andes,gravimetry,Velicogna_Sutterley_et_al,2016,gt,-69.47601090649357,200.3454281537537,12
southern_andes,17_southern_andes,gravimetry,Velicogna_Sutterley_et_al,2017,gt,-12.338493612517425,141.22599363916106,12
southern_andes,17_southern_andes,gravimetry,Velicogna_Sutterley_et_al,2018,gt,-5.954302076896223,135.69298161058882,12
southern_andes,17_southern_andes,gravimetry,Velicogna_Sutterley_et_al,2019,gt,-8.63707291160506,253.73574479351396,12
southern_andes,17_southern_andes,gravimetry,Velicogna_Sutterley_et_al,2020,gt,-38.41397323479276,253.67652402657626,12
southern_andes,17_southern_andes,gravimetry,Velicogna_Sutterley_et_al,2021,gt,-76.0676925632713,253.7365156521712,12
southern_andes,17_southern_andes,gravimetry,Velicogna_Sutterley_et_al,2022,gt,-113.35700967740559,253.72156882815906,12
southern_andes,17_southern_andes,gravimetry,Velicogna_Sutterley_et_al,2023,gt,57.76132580643332,82.5995978284251,2
southern_andes,17_southern_andes,gravimetry,Wouters_Wouters_et_al,2002,Gt,109.958389388172,146.56193908156263,10
southern_andes,17_southern_andes,gravimetry,Wouters_Wouters_et_al,2003,Gt,-88.61716714427331,132.73470653018373,12
southern_andes,17_southern_andes,gravimetry,Wouters_Wouters_et_al,2004,Gt,-46.84013655960546,144.1342209747892,12
southern_andes,17_southern_andes,gravimetry,Wouters_Wouters_et_al,2005,Gt,25.902698106683943,130.73408044798902,12
southern_andes,17_southern_andes,gravimetry,Wouters_Wouters_et_al,2006,Gt,-69.52633182601774,138.93599585487425,12
southern_andes,17_southern_andes,gravimetry,Wouters_Wouters_et_al,2007,Gt,-31.737248373115406,146.97587406524588,12
southern_andes,17_southern_andes,gravimetry,Wouters_Wouters_et_al,2008,Gt,-29.921421229586,157.4181797114502,12
southern_andes,17_southern_andes,gravimetry,Wouters_Wouters_et_al,2009,Gt,0.23083000748098925,171.87117055315838,12
southern_andes,17_southern_andes,gravimetry,Wouters_Wouters_et_al,2010,Gt,-71.73841601175798,183.75902284499156,12
southern_andes,17_southern_andes,gravimetry,Wouters_Wouters_et_al,2011,Gt,-37.958549116346774,166.23998860266124,12
southern_andes,17_southern_andes,gravimetry,Wouters_Wouters_et_al,2012,Gt,-22.260667131104242,181.48222692119117,12
southern_andes,17_southern_andes,gravimetry,Wouters_Wouters_et_al,2013,Gt,-75.61025687841402,174.04623159227063,12
southern_andes,17_southern_andes,gravimetry,Wouters_Wouters_et_al,2014,Gt,25.144631719461984,190.63082909009955,12
southern_andes,17_southern_andes,gravimetry,Wouters_Wouters_et_al,2015,Gt,-5.159211749486248,199.15514071229808,12
southern_andes,17_southern_andes,gravimetry,Wouters_Wouters_et_al,2016,Gt,-59.374578742774986,203.5241628962755,12
southern_andes,17_southern_andes,gravimetry,Wouters_Wouters_et_al,2017,Gt,-51.42612391116546,181.4142312859364,12
southern_andes,17_southern_andes,gravimetry,Wouters_Wouters_et_al,2018,Gt,-16.47673225980526,161.46916549020773,12
southern_andes,17_southern_andes,gravimetry,Wouters_Wouters_et_al,2019,Gt,-55.583328725133015,312.8983851826584,12
southern_andes,17_southern_andes,gravimetry,Wouters_Wouters_et_al,2020,Gt,-0.5813405419929722,329.7109295303509,12
southern_andes,17_southern_andes,gravimetry,Wouters_Wouters_et_al,2021,Gt,-2.1701221470340215,314.35589546011164,10
new_zealand,18_new_zealand,combined,DUS-combined_Dussaillant_et_al,2000,mwe,0.2648251471097221,0.5584835916775239,2
new_zealand,18_new_zealand,combined,DUS-combined_Dussaillant_et_al,2001,mwe,-0.734276506527206,0.5162116649026818,2
new_zealand,18_new_zealand,combined,DUS-combined_Dussaillant_et_al,2002,mwe,-0.7463641127108533,0.5162704691208956,2
new_zealand,18_new_zealand,combined,DUS-combined_Dussaillant_et_al,2003,mwe,-1.476414659271559,0.5164114381888515,2
new_zealand,18_new_zealand,combined,DUS-combined_Dussaillant_et_al,2004,mwe,0.31509762751185816,0.4528376188190305,2
new_zealand,18_new_zealand,combined,DUS-combined_Dussaillant_et_al,2005,mwe,0.5616056609118585,0.44821056170242984,2
new_zealand,18_new_zealand,combined,DUS-combined_Dussaillant_et_al,2006,mwe,0.45260653626095393,0.45990252251355435,2
new_zealand,18_new_zealand,combined,DUS-combined_Dussaillant_et_al,2007,mwe,-1.1658136219846504,0.4460222003312096,2
new_zealand,18_new_zealand,combined,DUS-combined_Dussaillant_et_al,2008,mwe,-1.0410668866709254,0.44342134549775436,2
new_zealand,18_new_zealand,combined,DUS-combined_Dussaillant_et_al,2009,mwe,-0.29599315635290674,0.4456786924411101,2
new_zealand,18_new_zealand,combined,DUS-combined_Dussaillant_et_al,2010,mwe,-1.4849873207366864,0.41565021263056695,2
new_zealand,18_new_zealand,combined,DUS-combined_Dussaillant_et_al,2011,mwe,-0.9780965275610347,0.4161034960564634,2
new_zealand,18_new_zealand,combined,DUS-combined_Dussaillant_et_al,2012,mwe,0.02606539691321444,0.42380876963950664,2
new_zealand,18_new_zealand,combined,DUS-combined_Dussaillant_et_al,2013,mwe,0.12909243059345088,0.422870845068337,2
new_zealand,18_new_zealand,combined,DUS-combined_Dussaillant_et_al,2014,mwe,0.12173577805674049,0.4218252455986478,2
new_zealand,18_new_zealand,combined,DUS-combined_Dussaillant_et_al,2015,mwe,-0.9379862787662874,0.4213907454036887,2
new_zealand,18_new_zealand,combined,DUS-combined_Dussaillant_et_al,2016,mwe,-0.23577110942483986,0.4180947173238602,2
new_zealand,18_new_zealand,combined,DUS-combined_Dussaillant_et_al,2017,mwe,-1.5980381253967122,0.4217943082718731,2
new_zealand,18_new_zealand,combined,DUS-combined_Dussaillant_et_al,2018,mwe,-1.8917871449739003,0.41952101691203353,2
new_zealand,18_new_zealand,combined,DUS-combined_Dussaillant_et_al,2019,mwe,-1.4455397830417702,0.41610544163659663,2
new_zealand,18_new_zealand,combined,DUS-combined_Dussaillant_et_al,2020,mwe,-0.797904705650551,0.4238523702469003,2
new_zealand,18_new_zealand,combined,DUS-combined_Dussaillant_et_al,2021,mwe,-1.1322323849836802,0.4236644685635492,2
new_zealand,18_new_zealand,combined,DUS-combined_Dussaillant_et_al,2022,mwe,-1.2417116745536125,0.42749982153750793,2
new_zealand,18_new_zealand,combined,DUS-combined_Dussaillant_et_al,2023,mwe,-1.0102837426609188,0.42230760536921624,2
new_zealand,18_new_zealand,combined,Huss_Huss_et_al,2000,mwe,-0.9733,0.21194829853056144,2
new_zealand,18_new_zealand,combined,Huss_Huss_et_al,2001,mwe,-1.3108,0.20111782150023405,2
new_zealand,18_new_zealand,combined,Huss_Huss_et_al,2002,mwe,-1.506475,0.23919404910030684,2
new_zealand,18_new_zealand,combined,Huss_Huss_et_al,2003,mwe,-1.3001,0.28405046756694485,2
new_zealand,18_new_zealand,combined,Huss_Huss_et_al,2004,mwe,0.37255,0.295722975307973,2
new_zealand,18_new_zealand,combined,Huss_Huss_et_al,2005,mwe,0.41195000000000004,0.30416635764824485,2
new_zealand,18_new_zealand,combined,Huss_Huss_et_al,2006,mwe,0.2682,0.6245177764683724,2
new_zealand,18_new_zealand,combined,Huss_Huss_et_al,2007,mwe,-1.4980250000000002,0.3932486315932962,2
new_zealand,18_new_zealand,combined,Huss_Huss_et_al,2008,mwe,-1.3214750000000002,0.3247721941992571,2
new_zealand,18_new_zealand,combined,Huss_Huss_et_al,2009,mwe,-0.569625,0.3709732107915611,2
new_zealand,18_new_zealand,combined,Huss_Huss_et_al,2010,mwe,-1.6573250000000002,0.3974113682634155,2
new_zealand,18_new_zealand,combined,Huss_Huss_et_al,2011,mwe,-1.10465,0.4388952608538853,2
new_zealand,18_new_zealand,combined,Huss_Huss_et_al,2012,mwe,-0.11197499999999999,0.4798334769740436,2
new_zealand,18_new_zealand,combined,Huss_Huss_et_al,2013,mwe,0.193375,0.5187437288777571,2
new_zealand,18_new_zealand,combined,Huss_Huss_et_al,2014,mwe,0.210975,0.6088234565537041,2
new_zealand,18_new_zealand,combined,Huss_Huss_et_al,2015,mwe,-0.8429,0.652997293734821,2
new_zealand,18_new_zealand,combined,Huss_Huss_et_al,2016,mwe,0.09554999999999997,0.6778307979319027,2
new_zealand,18_new_zealand,combined,Huss_Huss_et_al,2017,mwe,-1.39325,0.7332040358079052,2
new_zealand,18_new_zealand,combined,Huss_Huss_et_al,2018,mwe,-1.463375,0.8426653921486273,2
new_zealand,18_new_zealand,combined,Huss_Huss_et_al,2019,mwe,-1.096825,0.8784332177946141,2
new_zealand,18_new_zealand,combined,Huss_Huss_et_al,2020,mwe,-0.017075000000000007,1.0371339462673084,2
new_zealand,18_new_zealand,combined,Huss_Huss_et_al,2021,mwe,0.0808,0.333,1
new_zealand,18_new_zealand,demdiff,ETH_Hugonnet_et_al,2000,m,-0.225,0.30600000000000005,1
new_zealand,18_new_zealand,demdiff,ETH_Hugonnet_et_al,2001,m,-0.225,0.30600000000000005,1
new_zealand,18_new_zealand,demdiff,ETH_Hugonnet_et_al,2002,m,-0.225,0.30600000000000005,1
new_zealand,18_new_zealand,demdiff,ETH_Hugonnet_et_al,2003,m,-0.225,0.30600000000000005,1
new_zealand,18_new_zealand,demdiff,ETH_Hugonnet_et_al,2004,m,-0.225,0.30600000000000005,1
new_zealand,18_new_zealand,demdiff,ETH_Hugonnet_et_al,2005,m,-0.722,0.32400000000000007,1
new_zealand,18_new_zealand,demdiff,ETH_Hugonnet_et_al,2006,m,-0.722,0.32400000000000007,1
new_zealand,18_new_zealand,demdiff,ETH_Hugonnet_et_al,2007,m,-0.722,0.32400000000000007,1
new_zealand,18_new_zealand,demdiff,ETH_Hugonnet_et_al,2008,m,-0.722,0.32400000000000007,1
new_zealand,18_new_zealand,demdiff,ETH_Hugonnet_et_al,2009,m,-0.722,0.32400000000000007,1
new_zealand,18_new_zealand,demdiff,ETH_Hugonnet_et_al,2010,m,-1.0070000000000001,0.34,1
new_zealand,18_new_zealand,demdiff,ETH_Hugonnet_et_al,2011,m,-1.0070000000000001,0.34,1
new_zealand,18_new_zealand,demdiff,ETH_Hugonnet_et_al,2012,m,-1.0070000000000001,0.34,1
new_zealand,18_new_zealand,demdiff,ETH_Hugonnet_et_al,2013,m,-1.0070000000000001,0.34,1
new_zealand,18_new_zealand,demdiff,ETH_Hugonnet_et_al,2014,m,-1.0070000000000001,0.34,1
new_zealand,18_new_zealand,demdiff,ETH_Hugonnet_et_al,2015,m,-1.52,0.49800000000000005,1
new_zealand,18_new_zealand,demdiff,ETH_Hugonnet_et_al,2016,m,-1.52,0.49800000000000005,1
new_zealand,18_new_zealand,demdiff,ETH_Hugonnet_et_al,2017,m,-1.52,0.49800000000000005,1
new_zealand,18_new_zealand,demdiff,ETH_Hugonnet_et_al,2018,m,-1.52,0.49800000000000005,1
new_zealand,18_new_zealand,demdiff,ETH_Hugonnet_et_al,2019,m,-1.52,0.49800000000000005,1
new_zealand,18_new_zealand,glaciological,UZH_GlaciolSineWave_Zemp_et_al,2000,mwe,-0.48700609767092434,0.9518483080763389,12
new_zealand,18_new_zealand,glaciological,UZH_GlaciolSineWave_Zemp_et_al,2001,mwe,-0.466000000000007,0.9491038421197264,12
new_zealand,18_new_zealand,glaciological,UZH_GlaciolSineWave_Zemp_et_al,2002,mwe,-0.46600000000000635,0.9491038421197212,12
new_zealand,18_new_zealand,glaciological,UZH_GlaciolSineWave_Zemp_et_al,2003,mwe,-0.4449939023290892,0.9462668540862867,12
new_zealand,18_new_zealand,glaciological,UZH_GlaciolSineWave_Zemp_et_al,2004,mwe,0.09493472459497698,0.9671505304933091,12
new_zealand,18_new_zealand,glaciological,UZH_GlaciolSineWave_Zemp_et_al,2005,mwe,0.7398336632271072,0.5983614390516372,12
new_zealand,18_new_zealand,glaciological,UZH_GlaciolSineWave_Zemp_et_al,2006,mwe,1.3571481715417173,0.7404688224964755,12
new_zealand,18_new_zealand,glaciological,UZH_GlaciolSineWave_Zemp_et_al,2007,mwe,-0.20178364477931293,0.8256272658733976,12
new_zealand,18_new_zealand,glaciological,UZH_GlaciolSineWave_Zemp_et_al,2008,mwe,-1.920369650652637,1.150250847583245,12
new_zealand,18_new_zealand,glaciological,UZH_GlaciolSineWave_Zemp_et_al,2009,mwe,0.12401857233007324,0.9162936364625555,12
new_zealand,18_new_zealand,glaciological,UZH_GlaciolSineWave_Zemp_et_al,2010,mwe,-1.0799284761742554,0.9002423061946176,12
new_zealand,18_new_zealand,glaciological,UZH_GlaciolSineWave_Zemp_et_al,2011,mwe,-1.4428121915181502,1.1096800763537666,12
new_zealand,18_new_zealand,glaciological,UZH_GlaciolSineWave_Zemp_et_al,2012,mwe,0.20675804679166798,0.925906644021679,12
new_zealand,18_new_zealand,glaciological,UZH_GlaciolSineWave_Zemp_et_al,2013,mwe,0.33724219835696506,0.8563113543395163,12
new_zealand,18_new_zealand,glaciological,UZH_GlaciolSineWave_Zemp_et_al,2014,mwe,0.17499248964817904,0.8679972419691299,12
new_zealand,18_new_zealand,glaciological,UZH_GlaciolSineWave_Zemp_et_al,2015,mwe,0.3338103950689467,0.858213844583528,12
new_zealand,18_new_zealand,glaciological,UZH_GlaciolSineWave_Zemp_et_al,2016,mwe,-1.2394038393017852,1.1367751902614622,12
new_zealand,18_new_zealand,glaciological,UZH_GlaciolSineWave_Zemp_et_al,2017,mwe,0.02033823260084311,0.7789866474225906,12
new_zealand,18_new_zealand,glaciological,UZH_GlaciolSineWave_Zemp_et_al,2018,mwe,-1.8140241033192224,1.2800032331816846,12
new_zealand,18_new_zealand,glaciological,UZH_GlaciolSineWave_Zemp_et_al,2019,mwe,-1.5838378137843423,1.2144580571088188,12
new_zealand,18_new_zealand,glaciological,UZH_GlaciolSineWave_Zemp_et_al,2020,mwe,-1.4220002152670626,1.0076788892081858,12
new_zealand,18_new_zealand,glaciological,UZH_GlaciolSineWave_Zemp_et_al,2021,mwe,0.43078903628109,0.9132960091623183,12
new_zealand,18_new_zealand,glaciological,UZH_GlaciolSineWave_Zemp_et_al,2022,mwe,-1.6010557169902535,1.2086069355756262,12
new_zealand,18_new_zealand,glaciological,UZH_GlaciolSineWave_Zemp_et_al,2023,mwe,-0.8326498786546725,1.0461798615839766,12
new_zealand,18_new_zealand,glaciological,WGMS-beta_WGMS,2000,mwe,0.74925,0.7514147122499999,1
new_zealand,18_new_zealand,glaciological,WGMS-beta_WGMS,2001,mwe,-0.10125000000000003,0.7920606526900086,2
new_zealand,18_new_zealand,glaciological,WGMS-beta_WGMS,2002,mwe,-0.10800000000000001,0.7920606526900086,2
new_zealand,18_new_zealand,glaciological,WGMS-beta_WGMS,2003,mwe,-0.8250000000000001,0.7920606526900086,2
new_zealand,18_new_zealand,glaciological,WGMS-beta_WGMS,2004,mwe,0.21299999999999997,0.6017952245849881,2
new_zealand,18_new_zealand,glaciological,WGMS-beta_WGMS,2005,mwe,0.574375,0.5811066161560585,2
new_zealand,18_new_zealand,glaciological,WGMS-beta_WGMS,2006,mwe,0.778375,0.5979299294964023,2
new_zealand,18_new_zealand,glaciological,WGMS-beta_WGMS,2007,mwe,-0.09937499999999999,0.5769738043716444,2
new_zealand,18_new_zealand,glaciological,WGMS-beta_WGMS,2008,mwe,-0.06762499999999999,0.5725243450015141,2
new_zealand,18_new_zealand,glaciological,WGMS-beta_WGMS,2009,mwe,0.695125,0.558855743989054,2
new_zealand,18_new_zealand,glaciological,WGMS-beta_WGMS,2010,mwe,-0.4088750002500001,0.47057013773906736,2
new_zealand,18_new_zealand,glaciological,WGMS-beta_WGMS,2011,mwe,-0.155666667,0.4806579118080242,2
new_zealand,18_new_zealand,glaciological,WGMS-beta_WGMS,2012,mwe,0.6765833332500001,0.49650646813845206,2
new_zealand,18_new_zealand,glaciological,WGMS-beta_WGMS,2013,mwe,0.85375,0.4933202704086062,2
new_zealand,18_new_zealand,glaciological,WGMS-beta_WGMS,2014,mwe,0.77525000025,0.48698893884043043,2
new_zealand,18_new_zealand,glaciological,WGMS-beta_WGMS,2015,mwe,0.036916666999999986,0.48548513057230297,2
new_zealand,18_new_zealand,glaciological,WGMS-beta_WGMS,2016,mwe,0.36516666675000004,0.4642330484777545,2
new_zealand,18_new_zealand,glaciological,WGMS-beta_WGMS,2017,mwe,-0.52725000025,0.4848106190961625,2
new_zealand,18_new_zealand,glaciological,WGMS-beta_WGMS,2018,mwe,-0.7846666665,0.46669993391744097,2
new_zealand,18_new_zealand,glaciological,WGMS-beta_WGMS,2019,mwe,-0.5013333329999999,0.460543641593993,2
new_zealand,18_new_zealand,glaciological,WGMS-beta_WGMS,2020,mwe,-0.20658333325,0.48760407273679135,2
new_zealand,18_new_zealand,glaciological,WGMS-beta_WGMS,2021,mwe,-0.31650000025,0.49036414249783816,2
new_zealand,18_new_zealand,glaciological,WGMS-beta_WGMS,2022,mwe,-0.40666666700000004,0.4977677677088253,2
new_zealand,18_new_zealand,glaciological,WGMS-beta_WGMS,2023,mwe,-0.1818166665,0.48347003197467675,2
new_zealand,18_new_zealand,gravimetry,Harig_Group_Harig_et_al,2002,Gt,53.12581517702888,56.47522235114965,9
new_zealand,18_new_zealand,gravimetry,Harig_Group_Harig_et_al,2003,Gt,-0.11507508184134885,80.54136658168484,12
new_zealand,18_new_zealand,gravimetry,Harig_Group_Harig_et_al,2004,Gt,-1.62097584633144,82.9143470481778,12
new_zealand,18_new_zealand,gravimetry,Harig_Group_Harig_et_al,2005,Gt,-12.411087457993759,84.34672269549742,12
new_zealand,18_new_zealand,gravimetry,Harig_Group_Harig_et_al,2006,Gt,13.654906063661157,84.34184504641367,12
new_zealand,18_new_zealand,gravimetry,Harig_Group_Harig_et_al,2007,Gt,-7.06717208023823,84.34655759915046,12
new_zealand,18_new_zealand,gravimetry,Harig_Group_Harig_et_al,2008,Gt,4.774483033030508,84.32877284777973,12
new_zealand,18_new_zealand,gravimetry,Harig_Group_Harig_et_al,2009,Gt,-10.75807029155122,84.34672269549785,12
new_zealand,18_new_zealand,gravimetry,Harig_Group_Harig_et_al,2010,Gt,5.257160151920104,82.936563721287,12
new_zealand,18_new_zealand,gravimetry,Harig_Group_Harig_et_al,2011,Gt,12.808091405909229,74.10629639895082,12
new_zealand,18_new_zealand,gravimetry,Harig_Group_Harig_et_al,2012,Gt,2.5715291970802596,76.49409289192808,12
new_zealand,18_new_zealand,gravimetry,Harig_Group_Harig_et_al,2013,Gt,25.05776324532273,68.67721689883022,12
new_zealand,18_new_zealand,gravimetry,Harig_Group_Harig_et_al,2014,Gt,-36.20839096753843,65.8261312969231,12
new_zealand,18_new_zealand,gravimetry,Harig_Group_Harig_et_al,2015,Gt,-0.48836317102027865,68.38633923511,12
new_zealand,18_new_zealand,gravimetry,Harig_Group_Harig_et_al,2016,Gt,-16.11226408756366,67.4097348876666,12
new_zealand,18_new_zealand,gravimetry,Harig_Group_Harig_et_al,2017,Gt,,,12
new_zealand,18_new_zealand,gravimetry,Harig_Group_Harig_et_al,2018,Gt,,,12
new_zealand,18_new_zealand,gravimetry,Harig_Group_Harig_et_al,2019,Gt,-15.18943098537548,84.3465575991504,12
new_zealand,18_new_zealand,gravimetry,Harig_Group_Harig_et_al,2020,Gt,-8.257784148366603,84.3287728477796,12
new_zealand,18_new_zealand,gravimetry,Harig_Group_Harig_et_al,2021,Gt,5.640228198919573,84.34672269549799,12
new_zealand,18_new_zealand,gravimetry,Harig_Group_Harig_et_al,2022,Gt,-9.108721181715211,84.34184504641371,12
new_zealand,18_new_zealand,gravimetry,Harig_Group_Harig_et_al,2023,Gt,3.1048740947285296,27.225256254640964,2
new_zealand,18_new_zealand,gravimetry,Jacob_2012_dmdt_Jacob_et_al,2003,Gt,1.9995789473684018,2.999999999999971,1
new_zealand,18_new_zealand,gravimetry,Jacob_2012_dmdt_Jacob_et_al,2004,Gt,1.9995789473684018,2.999999999999971,1
new_zealand,18_new_zealand,gravimetry,Jacob_2012_dmdt_Jacob_et_al,2005,Gt,1.9995789473684018,2.999999999999971,1
new_zealand,18_new_zealand,gravimetry,Jacob_2012_dmdt_Jacob_et_al,2006,Gt,1.9995789473684018,2.999999999999971,1
new_zealand,18_new_zealand,gravimetry,Jacob_2012_dmdt_Jacob_et_al,2007,Gt,1.9995789473684018,2.999999999999971,1
new_zealand,18_new_zealand,gravimetry,Jacob_2012_dmdt_Jacob_et_al,2008,Gt,1.9995789473684018,2.999999999999971,1
new_zealand,18_new_zealand,gravimetry,Jacob_2012_dmdt_Jacob_et_al,2009,Gt,1.9995789473684018,2.999999999999971,1
new_zealand,18_new_zealand,gravimetry,Jacob_2012_dmdt_Jacob_et_al,2010,Gt,1.8329473684211866,2.750000000000201,1
new_zealand,18_new_zealand,gravimetry,Sasgen_AWIarc_RL01_2_Sasgen_et_al,2002,Gt,27.05354838709905,68.03778385190819,9
new_zealand,18_new_zealand,gravimetry,Sasgen_AWIarc_RL01_2_Sasgen_et_al,2003,Gt,3.0924695099962456,94.4247164202888,12
new_zealand,18_new_zealand,gravimetry,Sasgen_AWIarc_RL01_2_Sasgen_et_al,2004,Gt,25.696885898125934,101.77119719278369,12
new_zealand,18_new_zealand,gravimetry,Sasgen_AWIarc_RL01_2_Sasgen_et_al,2005,Gt,-1.2519360532838935,78.4765837621108,12
new_zealand,18_new_zealand,gravimetry,Sasgen_AWIarc_RL01_2_Sasgen_et_al,2006,Gt,8.68838709677333,77.48908251982736,12
new_zealand,18_new_zealand,gravimetry,Sasgen_AWIarc_RL01_2_Sasgen_et_al,2007,Gt,-8.177684200627667,70.65212626575676,12
new_zealand,18_new_zealand,gravimetry,Sasgen_AWIarc_RL01_2_Sasgen_et_al,2008,Gt,16.218550015042567,75.13806491224196,12
new_zealand,18_new_zealand,gravimetry,Sasgen_AWIarc_RL01_2_Sasgen_et_al,2009,Gt,22.597198701718426,89.73523219829582,12
new_zealand,18_new_zealand,gravimetry,Sasgen_AWIarc_RL01_2_Sasgen_et_al,2010,Gt,-15.338328445753046,93.80166394247996,12
new_zealand,18_new_zealand,gravimetry,Sasgen_AWIarc_RL01_2_Sasgen_et_al,2011,Gt,26.668403957461692,88.96566401081887,12
new_zealand,18_new_zealand,gravimetry,Sasgen_AWIarc_RL01_2_Sasgen_et_al,2012,Gt,12.940104427340916,131.01000221707605,12
new_zealand,18_new_zealand,gravimetry,Sasgen_AWIarc_RL01_2_Sasgen_et_al,2013,Gt,-33.15759929387701,74.89952489071077,12
new_zealand,18_new_zealand,gravimetry,Sasgen_AWIarc_RL01_2_Sasgen_et_al,2014,Gt,-57.70343283564461,57.28904268547585,12
new_zealand,18_new_zealand,gravimetry,Sasgen_AWIarc_RL01_2_Sasgen_et_al,2015,Gt,50.81268018414859,102.25076175983995,12
new_zealand,18_new_zealand,gravimetry,Sasgen_AWIarc_RL01_2_Sasgen_et_al,2016,Gt,7.398024273922722,72.08891991073936,12
new_zealand,18_new_zealand,gravimetry,Sasgen_AWIarc_RL01_2_Sasgen_et_al,2017,Gt,69.19178498132996,73.0895038368075,12
new_zealand,18_new_zealand,gravimetry,Sasgen_AWIarc_RL01_2_Sasgen_et_al,2018,Gt,-21.96873402312059,46.70596298817744,12
new_zealand,18_new_zealand,gravimetry,Sasgen_AWIarc_RL01_2_Sasgen_et_al,2019,Gt,6.425359177304529,74.29303682489423,12
new_zealand,18_new_zealand,gravimetry,Sasgen_AWIarc_RL01_2_Sasgen_et_al,2020,Gt,-21.436696762387754,77.8601575282912,12
new_zealand,18_new_zealand,gravimetry,Sasgen_AWIarc_RL01_2_Sasgen_et_al,2021,Gt,6.7484343592734035,80.6305652610034,12
new_zealand,18_new_zealand,gravimetry,Sasgen_AWIarc_RL01_2_Sasgen_et_al,2022,Gt,-6.057419354842782,85.25604293756084,11
new_zealand,18_new_zealand,gravimetry,Wouters_Wouters_et_al,2002,Gt,25.1660096986053,45.16087329763333,10
new_zealand,18_new_zealand,gravimetry,Wouters_Wouters_et_al,2003,Gt,5.9660697826507985,39.73879408493093,12
new_zealand,18_new_zealand,gravimetry,Wouters_Wouters_et_al,2004,Gt,5.860786165218302,43.56883364044336,12
new_zealand,18_new_zealand,gravimetry,Wouters_Wouters_et_al,2005,Gt,-9.7390188794798,36.16527287153724,12
new_zealand,18_new_zealand,gravimetry,Wouters_Wouters_et_al,2006,Gt,3.805280289785209,36.181491326536346,12
new_zealand,18_new_zealand,gravimetry,Wouters_Wouters_et_al,2007,Gt,-10.317704996363798,35.57832636844379,12
new_zealand,18_new_zealand,gravimetry,Wouters_Wouters_et_al,2008,Gt,4.140394878941002,35.89633450276534,12
new_zealand,18_new_zealand,gravimetry,Wouters_Wouters_et_al,2009,Gt,-9.795771588308002,36.94016761566229,12
new_zealand,18_new_zealand,gravimetry,Wouters_Wouters_et_al,2010,Gt,10.143065353816297,36.31545301922811,12
new_zealand,18_new_zealand,gravimetry,Wouters_Wouters_et_al,2011,Gt,3.221850820325825,28.109835956159046,12
new_zealand,18_new_zealand,gravimetry,Wouters_Wouters_et_al,2012,Gt,3.1027756647069786,27.87136135834716,12
new_zealand,18_new_zealand,gravimetry,Wouters_Wouters_et_al,2013,Gt,-2.232167673203401,22.52742693834695,12
new_zealand,18_new_zealand,gravimetry,Wouters_Wouters_et_al,2014,Gt,-10.098639956805826,22.6000345279181,12
new_zealand,18_new_zealand,gravimetry,Wouters_Wouters_et_al,2015,Gt,-13.676393783481643,28.747275705563368,12
new_zealand,18_new_zealand,gravimetry,Wouters_Wouters_et_al,2016,Gt,4.1776781199683874,18.33666263847494,12
new_zealand,18_new_zealand,gravimetry,Wouters_Wouters_et_al,2017,Gt,2.4030488359034123,20.711823829387015,12
new_zealand,18_new_zealand,gravimetry,Wouters_Wouters_et_al,2018,Gt,14.211444889903646,14.708547413882263,12
new_zealand,18_new_zealand,gravimetry,Wouters_Wouters_et_al,2019,Gt,-14.452107746500397,26.833135775560464,12
new_zealand,18_new_zealand,gravimetry,Wouters_Wouters_et_al,2020,Gt,0.5862651951760007,26.791826637178154,12
new_zealand,18_new_zealand,gravimetry,Wouters_Wouters_et_al,2021,Gt,2.623512780682603,23.713826076518835,10
antarctic_and_subantarctic,19_antarctic_and_subantarctic,altimetry,Gardner2013_icesat_Gardner_et_al,2003,m,-0.012499999999999999,0.008333333333333333,1
antarctic_and_subantarctic,19_antarctic_and_subantarctic,altimetry,Gardner2013_icesat_Gardner_et_al,2004,m,-0.049999999999999996,0.03333333333333333,1
antarctic_and_subantarctic,19_antarctic_and_subantarctic,altimetry,Gardner2013_icesat_Gardner_et_al,2005,m,-0.049999999999999996,0.03333333333333333,1
antarctic_and_subantarctic,19_antarctic_and_subantarctic,altimetry,Gardner2013_icesat_Gardner_et_al,2006,m,-0.049999999999999996,0.03333333333333333,1
antarctic_and_subantarctic,19_antarctic_and_subantarctic,altimetry,Gardner2013_icesat_Gardner_et_al,2007,m,-0.049999999999999996,0.03333333333333333,1
antarctic_and_subantarctic,19_antarctic_and_subantarctic,altimetry,Gardner2013_icesat_Gardner_et_al,2008,m,-0.049999999999999996,0.03333333333333333,1
antarctic_and_subantarctic,19_antarctic_and_subantarctic,altimetry,Gardner2013_icesat_Gardner_et_al,2009,m,-0.0375,0.025,1
antarctic_and_subantarctic,19_antarctic_and_subantarctic,altimetry,Jakob_Gourmelen_Jakob_et_al,2010,m,-0.4147404563793164,0.26013161239797317,4
antarctic_and_subantarctic,19_antarctic_and_subantarctic,altimetry,Jakob_Gourmelen_Jakob_et_al,2011,m,0.1571168200556946,0.5433491719771869,12
antarctic_and_subantarctic,19_antarctic_and_subantarctic,altimetry,Jakob_Gourmelen_Jakob_et_al,2012,m,-0.5019496042176484,0.5396983495169283,12
antarctic_and_subantarctic,19_antarctic_and_subantarctic,altimetry,Jakob_Gourmelen_Jakob_et_al,2013,m,0.008817615341270638,0.5440581051570523,12
antarctic_and_subantarctic,19_antarctic_and_subantarctic,altimetry,Jakob_Gourmelen_Jakob_et_al,2014,m,-0.2517925511999998,0.5388315403065652,12
antarctic_and_subantarctic,19_antarctic_and_subantarctic,altimetry,Jakob_Gourmelen_Jakob_et_al,2015,m,0.026657979702416082,0.5394568794578544,12
antarctic_and_subantarctic,19_antarctic_and_subantarctic,altimetry,Jakob_Gourmelen_Jakob_et_al,2016,m,0.6144253700706364,0.5494958622482045,12
antarctic_and_subantarctic,19_antarctic_and_subantarctic,altimetry,Jakob_Gourmelen_Jakob_et_al,2017,m,-0.0028776970397189766,0.5565821081584436,12
antarctic_and_subantarctic,19_antarctic_and_subantarctic,altimetry,Jakob_Gourmelen_Jakob_et_al,2018,m,-0.39366793773337233,0.549427333711865,12
antarctic_and_subantarctic,19_antarctic_and_subantarctic,altimetry,Jakob_Gourmelen_Jakob_et_al,2019,m,-0.08559131232427122,0.5408919012474306,12
antarctic_and_subantarctic,19_antarctic_and_subantarctic,altimetry,Jakob_Gourmelen_Jakob_et_al,2020,m,0.1381339797243099,0.4425039189317807,8
antarctic_and_subantarctic,19_antarctic_and_subantarctic,altimetry,Khan_Khan_et_al,2003,m,-0.028022500000002,0.018108750000001294,1
antarctic_and_subantarctic,19_antarctic_and_subantarctic,altimetry,Khan_Khan_et_al,2004,m,-0.030569999999999656,0.01975499999999978,1
antarctic_and_subantarctic,19_antarctic_and_subantarctic,altimetry,Khan_Khan_et_al,2005,m,-0.030569999999999656,0.01975499999999978,1
antarctic_and_subantarctic,19_antarctic_and_subantarctic,altimetry,Khan_Khan_et_al,2006,m,-0.030569999999999656,0.01975499999999978,1
antarctic_and_subantarctic,19_antarctic_and_subantarctic,altimetry,Khan_Khan_et_al,2007,m,-0.030569999999999656,0.01975499999999978,1
antarctic_and_subantarctic,19_antarctic_and_subantarctic,altimetry,Khan_Khan_et_al,2008,m,-0.030569999999999656,0.01975499999999978,1
antarctic_and_subantarctic,19_antarctic_and_subantarctic,altimetry,Khan_Khan_et_al,2009,m,-0.053791388888888625,0.022393778901894597,2
antarctic_and_subantarctic,19_antarctic_and_subantarctic,altimetry,Khan_Khan_et_al,2010,m,-0.12345555555555554,0.06716666666666667,1
antarctic_and_subantarctic,19_antarctic_and_subantarctic,altimetry,Khan_Khan_et_al,2011,m,-0.12345555555555554,0.06716666666666667,1
antarctic_and_subantarctic,19_antarctic_and_subantarctic,altimetry,Khan_Khan_et_al,2012,m,-0.12345555555555554,0.06716666666666667,1
antarctic_and_subantarctic,19_antarctic_and_subantarctic,altimetry,Khan_Khan_et_al,2013,m,-0.12345555555555554,0.06716666666666667,1
antarctic_and_subantarctic,19_antarctic_and_subantarctic,altimetry,Khan_Khan_et_al,2014,m,-0.12345555555555554,0.06716666666666667,1
antarctic_and_subantarctic,19_antarctic_and_subantarctic,altimetry,Khan_Khan_et_al,2015,m,-0.12345555555555554,0.06716666666666667,1
antarctic_and_subantarctic,19_antarctic_and_subantarctic,altimetry,Khan_Khan_et_al,2016,m,-0.12345555555555554,0.06716666666666667,1
antarctic_and_subantarctic,19_antarctic_and_subantarctic,altimetry,Khan_Khan_et_al,2017,m,-0.12345555555555554,0.06716666666666667,1
antarctic_and_subantarctic,19_antarctic_and_subantarctic,altimetry,Khan_Khan_et_al,2018,m,-0.10973530303030331,0.050690959732024414,2
antarctic_and_subantarctic,19_antarctic_and_subantarctic,altimetry,Khan_Khan_et_al,2019,m,-0.0685745454545466,0.022603636363636735,1
antarctic_and_subantarctic,19_antarctic_and_subantarctic,altimetry,Khan_Khan_et_al,2020,m,-0.0685745454545466,0.022603636363636735,1
antarctic_and_subantarctic,19_antarctic_and_subantarctic,altimetry,Khan_Khan_et_al,2021,m,-0.0685745454545466,0.022603636363636735,1
antarctic_and_subantarctic,19_antarctic_and_subantarctic,altimetry,Khan_Khan_et_al,2022,m,-0.0685745454545466,0.022603636363636735,1
antarctic_and_subantarctic,19_antarctic_and_subantarctic,altimetry,Khan_Khan_et_al,2023,m,-0.022858181818177,0.007534545454543865,1
antarctic_and_subantarctic,19_antarctic_and_subantarctic,combined,DUS-combined_Dussaillant_et_al,2000,mwe,-0.03712164500423863,0.3196929213028601,2
antarctic_and_subantarctic,19_antarctic_and_subantarctic,combined,DUS-combined_Dussaillant_et_al,2001,mwe,-0.15605835820524833,0.2968550014469301,2
antarctic_and_subantarctic,19_antarctic_and_subantarctic,combined,DUS-combined_Dussaillant_et_al,2002,mwe,-0.27889540397293056,0.29420388639930506,2
antarctic_and_subantarctic,19_antarctic_and_subantarctic,combined,DUS-combined_Dussaillant_et_al,2003,mwe,-0.08646896935342539,0.2944242139012361,2
antarctic_and_subantarctic,19_antarctic_and_subantarctic,combined,DUS-combined_Dussaillant_et_al,2004,mwe,-0.03015792925683005,0.2944408070313385,2
antarctic_and_subantarctic,19_antarctic_and_subantarctic,combined,DUS-combined_Dussaillant_et_al,2005,mwe,-0.4361441454651575,0.2942160484561008,2
antarctic_and_subantarctic,19_antarctic_and_subantarctic,combined,DUS-combined_Dussaillant_et_al,2006,mwe,-0.40423556958096374,0.2941872144377042,2
antarctic_and_subantarctic,19_antarctic_and_subantarctic,combined,DUS-combined_Dussaillant_et_al,2007,mwe,-0.15502576934483828,0.29418941205202365,2
antarctic_and_subantarctic,19_antarctic_and_subantarctic,combined,DUS-combined_Dussaillant_et_al,2008,mwe,-0.2763186019356919,0.29417971555961675,2
antarctic_and_subantarctic,19_antarctic_and_subantarctic,combined,DUS-combined_Dussaillant_et_al,2009,mwe,0.19338711936446107,0.29413524425257387,2
antarctic_and_subantarctic,19_antarctic_and_subantarctic,combined,DUS-combined_Dussaillant_et_al,2010,mwe,0.21085916264764124,0.2941250610601351,2
antarctic_and_subantarctic,19_antarctic_and_subantarctic,combined,DUS-combined_Dussaillant_et_al,2011,mwe,0.0017185296649330772,0.2941196442631052,2
antarctic_and_subantarctic,19_antarctic_and_subantarctic,combined,DUS-combined_Dussaillant_et_al,2012,mwe,0.07532979048951616,0.2941157161961971,2
antarctic_and_subantarctic,19_antarctic_and_subantarctic,combined,DUS-combined_Dussaillant_et_al,2013,mwe,0.23494014442250225,0.2945570051414726,2
antarctic_and_subantarctic,19_antarctic_and_subantarctic,combined,DUS-combined_Dussaillant_et_al,2014,mwe,0.3192538010163013,0.29413157261288103,2
antarctic_and_subantarctic,19_antarctic_and_subantarctic,combined,DUS-combined_Dussaillant_et_al,2015,mwe,0.06605549117598528,0.2941040329151034,2
antarctic_and_subantarctic,19_antarctic_and_subantarctic,combined,DUS-combined_Dussaillant_et_al,2016,mwe,-0.2893327941074625,0.29410287625116477,2
antarctic_and_subantarctic,19_antarctic_and_subantarctic,combined,DUS-combined_Dussaillant_et_al,2017,mwe,-0.36033469038011184,0.29407535431820564,2
antarctic_and_subantarctic,19_antarctic_and_subantarctic,combined,DUS-combined_Dussaillant_et_al,2018,mwe,0.0094395398357775,0.2940998019856381,2
antarctic_and_subantarctic,19_antarctic_and_subantarctic,combined,DUS-combined_Dussaillant_et_al,2019,mwe,-0.6329466156861824,0.29453165978170054,2
antarctic_and_subantarctic,19_antarctic_and_subantarctic,combined,DUS-combined_Dussaillant_et_al,2020,mwe,-0.47842948969081023,0.29458718780502396,2
antarctic_and_subantarctic,19_antarctic_and_subantarctic,combined,DUS-combined_Dussaillant_et_al,2021,mwe,-0.2363342897110618,0.2942271843491965,2
antarctic_and_subantarctic,19_antarctic_and_subantarctic,combined,DUS-combined_Dussaillant_et_al,2022,mwe,-0.7776514483221137,0.3193264224854323,2
antarctic_and_subantarctic,19_antarctic_and_subantarctic,combined,DUS-combined_Dussaillant_et_al,2023,mwe,-0.42374201265856015,0.2995507637712551,2
antarctic_and_subantarctic,19_antarctic_and_subantarctic,combined,Huss_Huss_et_al,2000,mwe,-0.156875,0.3338920718211201,2
antarctic_and_subantarctic,19_antarctic_and_subantarctic,combined,Huss_Huss_et_al,2001,mwe,-0.3672,0.19117971420890867,2
antarctic_and_subantarctic,19_antarctic_and_subantarctic,combined,Huss_Huss_et_al,2002,mwe,-0.32425,0.22237158653928787,2
antarctic_and_subantarctic,19_antarctic_and_subantarctic,combined,Huss_Huss_et_al,2003,mwe,-0.16155,0.14851939267314554,2
antarctic_and_subantarctic,19_antarctic_and_subantarctic,combined,Huss_Huss_et_al,2004,mwe,-0.12115,0.16891896170945406,2
antarctic_and_subantarctic,19_antarctic_and_subantarctic,combined,Huss_Huss_et_al,2005,mwe,-0.4220250000000001,0.2294482308168882,2
antarctic_and_subantarctic,19_antarctic_and_subantarctic,combined,Huss_Huss_et_al,2006,mwe,-0.31472500000000003,0.20804493655217854,2
antarctic_and_subantarctic,19_antarctic_and_subantarctic,combined,Huss_Huss_et_al,2007,mwe,-0.318375,0.1855955448010539,2
antarctic_and_subantarctic,19_antarctic_and_subantarctic,combined,Huss_Huss_et_al,2008,mwe,-0.3586,0.16319498498728444,2
antarctic_and_subantarctic,19_antarctic_and_subantarctic,combined,Huss_Huss_et_al,2009,mwe,0.18315,0.12853608442768125,2
antarctic_and_subantarctic,19_antarctic_and_subantarctic,combined,Huss_Huss_et_al,2010,mwe,0.110875,0.12351104454663153,2
antarctic_and_subantarctic,19_antarctic_and_subantarctic,combined,Huss_Huss_et_al,2011,mwe,-0.023350000000000003,0.13455835629941382,2
antarctic_and_subantarctic,19_antarctic_and_subantarctic,combined,Huss_Huss_et_al,2012,mwe,0.08845000000000001,0.11426883050508567,2
antarctic_and_subantarctic,19_antarctic_and_subantarctic,combined,Huss_Huss_et_al,2013,mwe,0.21242499999999997,0.1599440214575087,2
antarctic_and_subantarctic,19_antarctic_and_subantarctic,combined,Huss_Huss_et_al,2014,mwe,0.1861,0.20536736747838008,2
antarctic_and_subantarctic,19_antarctic_and_subantarctic,combined,Huss_Huss_et_al,2015,mwe,-0.22755,0.23504739149797008,2
antarctic_and_subantarctic,19_antarctic_and_subantarctic,combined,Huss_Huss_et_al,2016,mwe,-0.350425,0.2054941437730039,2
antarctic_and_subantarctic,19_antarctic_and_subantarctic,combined,Huss_Huss_et_al,2017,mwe,-0.291225,0.20202215843812776,2
antarctic_and_subantarctic,19_antarctic_and_subantarctic,combined,Huss_Huss_et_al,2018,mwe,-0.08042500000000001,0.2009314808585255,2
antarctic_and_subantarctic,19_antarctic_and_subantarctic,combined,Huss_Huss_et_al,2019,mwe,-0.4588249999999999,0.27554176747818104,2
antarctic_and_subantarctic,19_antarctic_and_subantarctic,combined,Huss_Huss_et_al,2020,mwe,-0.5754,0.2390371950659562,2
antarctic_and_subantarctic,19_antarctic_and_subantarctic,combined,Huss_Huss_et_al,2021,mwe,-0.141275,0.0739,1
antarctic_and_subantarctic,19_antarctic_and_subantarctic,demdiff,ETH_Hugonnet_et_al,2000,m,-0.264,0.124,1
antarctic_and_subantarctic,19_antarctic_and_subantarctic,demdiff,ETH_Hugonnet_et_al,2001,m,-0.264,0.124,1
antarctic_and_subantarctic,19_antarctic_and_subantarctic,demdiff,ETH_Hugonnet_et_al,2002,m,-0.264,0.124,1
antarctic_and_subantarctic,19_antarctic_and_subantarctic,demdiff,ETH_Hugonnet_et_al,2003,m,-0.264,0.124,1
antarctic_and_subantarctic,19_antarctic_and_subantarctic,demdiff,ETH_Hugonnet_et_al,2004,m,-0.264,0.124,1
antarctic_and_subantarctic,19_antarctic_and_subantarctic,demdiff,ETH_Hugonnet_et_al,2005,m,-0.22000000000000003,0.12,1
antarctic_and_subantarctic,19_antarctic_and_subantarctic,demdiff,ETH_Hugonnet_et_al,2006,m,-0.22000000000000003,0.12,1
antarctic_and_subantarctic,19_antarctic_and_subantarctic,demdiff,ETH_Hugonnet_et_al,2007,m,-0.22000000000000003,0.12,1
antarctic_and_subantarctic,19_antarctic_and_subantarctic,demdiff,ETH_Hugonnet_et_al,2008,m,-0.22000000000000003,0.12,1
antarctic_and_subantarctic,19_antarctic_and_subantarctic,demdiff,ETH_Hugonnet_et_al,2009,m,-0.22000000000000003,0.12,1
antarctic_and_subantarctic,19_antarctic_and_subantarctic,demdiff,ETH_Hugonnet_et_al,2010,m,-0.18500000000000003,0.122,1
antarctic_and_subantarctic,19_antarctic_and_subantarctic,demdiff,ETH_Hugonnet_et_al,2011,m,-0.18500000000000003,0.122,1
antarctic_and_subantarctic,19_antarctic_and_subantarctic,demdiff,ETH_Hugonnet_et_al,2012,m,-0.18500000000000003,0.122,1
antarctic_and_subantarctic,19_antarctic_and_subantarctic,demdiff,ETH_Hugonnet_et_al,2013,m,-0.18500000000000003,0.122,1
antarctic_and_subantarctic,19_antarctic_and_subantarctic,demdiff,ETH_Hugonnet_et_al,2014,m,-0.18500000000000003,0.122,1
antarctic_and_subantarctic,19_antarctic_and_subantarctic,demdiff,ETH_Hugonnet_et_al,2015,m,-0.11100000000000002,0.11599999999999999,1
antarctic_and_subantarctic,19_antarctic_and_subantarctic,demdiff,ETH_Hugonnet_et_al,2016,m,-0.11100000000000002,0.11599999999999999,1
antarctic_and_subantarctic,19_antarctic_and_subantarctic,demdiff,ETH_Hugonnet_et_al,2017,m,-0.11100000000000002,0.11599999999999999,1
antarctic_and_subantarctic,19_antarctic_and_subantarctic,demdiff,ETH_Hugonnet_et_al,2018,m,-0.11100000000000002,0.11599999999999999,1
antarctic_and_subantarctic,19_antarctic_and_subantarctic,demdiff,ETH_Hugonnet_et_al,2019,m,-0.11100000000000002,0.11599999999999999,1
antarctic_and_subantarctic,19_antarctic_and_subantarctic,glaciological,UZH_GlaciolSineWave_Zemp_et_al,2000,mwe,-0.2814973391017784,0.2880509457508121,12
antarctic_and_subantarctic,19_antarctic_and_subantarctic,glaciological,UZH_GlaciolSineWave_Zemp_et_al,2001,mwe,-0.08894236505917844,0.22740100394018425,12
antarctic_and_subantarctic,19_antarctic_and_subantarctic,glaciological,UZH_GlaciolSineWave_Zemp_et_al,2002,mwe,-0.10846107952662212,0.2259682596675042,12
antarctic_and_subantarctic,19_antarctic_and_subantarctic,glaciological,UZH_GlaciolSineWave_Zemp_et_al,2003,mwe,-0.23695369623510712,0.28251260087224633,12
antarctic_and_subantarctic,19_antarctic_and_subantarctic,glaciological,UZH_GlaciolSineWave_Zemp_et_al,2004,mwe,0.10883437286983325,0.22226632710846878,12
antarctic_and_subantarctic,19_antarctic_and_subantarctic,glaciological,UZH_GlaciolSineWave_Zemp_et_al,2005,mwe,-0.0814045764045,0.2476746843958001,12
antarctic_and_subantarctic,19_antarctic_and_subantarctic,glaciological,UZH_GlaciolSineWave_Zemp_et_al,2006,mwe,-0.8275602582980364,0.3511124564815863,12
antarctic_and_subantarctic,19_antarctic_and_subantarctic,glaciological,UZH_GlaciolSineWave_Zemp_et_al,2007,mwe,-0.03444149275050147,0.2608735012162254,12
antarctic_and_subantarctic,19_antarctic_and_subantarctic,glaciological,UZH_GlaciolSineWave_Zemp_et_al,2008,mwe,-0.16600575930329736,0.22421623062433638,12
antarctic_and_subantarctic,19_antarctic_and_subantarctic,glaciological,UZH_GlaciolSineWave_Zemp_et_al,2009,mwe,-0.11858159612268226,0.29694371638422556,12
antarctic_and_subantarctic,19_antarctic_and_subantarctic,glaciological,UZH_GlaciolSineWave_Zemp_et_al,2010,mwe,0.668039910154718,0.22070136940425686,12
antarctic_and_subantarctic,19_antarctic_and_subantarctic,glaciological,UZH_GlaciolSineWave_Zemp_et_al,2011,mwe,-0.0916241411037194,0.23271696711388304,12
antarctic_and_subantarctic,19_antarctic_and_subantarctic,glaciological,UZH_GlaciolSineWave_Zemp_et_al,2012,mwe,0.1552839572061198,0.24980146446444884,12
antarctic_and_subantarctic,19_antarctic_and_subantarctic,glaciological,UZH_GlaciolSineWave_Zemp_et_al,2013,mwe,0.2213630939859933,0.19753003887501347,12
antarctic_and_subantarctic,19_antarctic_and_subantarctic,glaciological,UZH_GlaciolSineWave_Zemp_et_al,2014,mwe,0.781293956621838,0.20863228452568258,12
antarctic_and_subantarctic,19_antarctic_and_subantarctic,glaciological,UZH_GlaciolSineWave_Zemp_et_al,2015,mwe,0.4168043741852755,0.18112177277085872,12
antarctic_and_subantarctic,19_antarctic_and_subantarctic,glaciological,UZH_GlaciolSineWave_Zemp_et_al,2016,mwe,0.1554970927883717,0.16498489516414303,12
antarctic_and_subantarctic,19_antarctic_and_subantarctic,glaciological,UZH_GlaciolSineWave_Zemp_et_al,2017,mwe,-0.38314697831092964,0.23696455103078728,12
antarctic_and_subantarctic,19_antarctic_and_subantarctic,glaciological,UZH_GlaciolSineWave_Zemp_et_al,2018,mwe,0.01637692145882541,0.2388031339077914,12
antarctic_and_subantarctic,19_antarctic_and_subantarctic,glaciological,UZH_GlaciolSineWave_Zemp_et_al,2019,mwe,-0.053816633910130945,0.1621569091174544,12
antarctic_and_subantarctic,19_antarctic_and_subantarctic,glaciological,UZH_GlaciolSineWave_Zemp_et_al,2020,mwe,-0.7750416678395132,0.3928357362983689,12
antarctic_and_subantarctic,19_antarctic_and_subantarctic,glaciological,UZH_GlaciolSineWave_Zemp_et_al,2021,mwe,-0.20212036042572984,0.23871714594428428,12
antarctic_and_subantarctic,19_antarctic_and_subantarctic,glaciological,UZH_GlaciolSineWave_Zemp_et_al,2022,mwe,-0.4790426142372053,0.17305139434874983,12
antarctic_and_subantarctic,19_antarctic_and_subantarctic,glaciological,UZH_GlaciolSineWave_Zemp_et_al,2023,mwe,-0.5174393127379012,0.3372113445105123,12
antarctic_and_subantarctic,19_antarctic_and_subantarctic,glaciological,WGMS-beta_WGMS,2000,mwe,-0.0675,0.29476986661574267,2
antarctic_and_subantarctic,19_antarctic_and_subantarctic,glaciological,WGMS-beta_WGMS,2001,mwe,-0.18474999999999997,0.19077004404744752,2
antarctic_and_subantarctic,19_antarctic_and_subantarctic,glaciological,WGMS-beta_WGMS,2002,mwe,-0.3113333333333333,0.1754495251233205,2
antarctic_and_subantarctic,19_antarctic_and_subantarctic,glaciological,WGMS-beta_WGMS,2003,mwe,-0.11883333333333328,0.17672729236311707,2
antarctic_and_subantarctic,19_antarctic_and_subantarctic,glaciological,WGMS-beta_WGMS,2004,mwe,-0.05216666666666665,0.17686869668202643,2
antarctic_and_subantarctic,19_antarctic_and_subantarctic,glaciological,WGMS-beta_WGMS,2005,mwe,-0.453,0.17559195843203831,2
antarctic_and_subantarctic,19_antarctic_and_subantarctic,glaciological,WGMS-beta_WGMS,2006,mwe,-0.41883333333333334,0.1754495251233205,2
antarctic_and_subantarctic,19_antarctic_and_subantarctic,glaciological,WGMS-beta_WGMS,2007,mwe,-0.1605,0.1754495251233205,2
antarctic_and_subantarctic,19_antarctic_and_subantarctic,glaciological,WGMS-beta_WGMS,2008,mwe,-0.27549999999999997,0.1754495251233205,2
antarctic_and_subantarctic,19_antarctic_and_subantarctic,glaciological,WGMS-beta_WGMS,2009,mwe,0.2411666666666667,0.1754495251233205,2
antarctic_and_subantarctic,19_antarctic_and_subantarctic,glaciological,WGMS-beta_WGMS,2010,mwe,0.2811666666666667,0.1754495251233205,2
antarctic_and_subantarctic,19_antarctic_and_subantarctic,glaciological,WGMS-beta_WGMS,2011,mwe,0.07533333333333328,0.1754495251233205,2
antarctic_and_subantarctic,19_antarctic_and_subantarctic,glaciological,WGMS-beta_WGMS,2012,mwe,0.1511666666666666,0.1754495251233205,2
antarctic_and_subantarctic,19_antarctic_and_subantarctic,glaciological,WGMS-beta_WGMS,2013,mwe,0.31366666666666665,0.17813628452956645,2
antarctic_and_subantarctic,19_antarctic_and_subantarctic,glaciological,WGMS-beta_WGMS,2014,mwe,0.39241666666666664,0.1757500822803626,2
antarctic_and_subantarctic,19_antarctic_and_subantarctic,glaciological,WGMS-beta_WGMS,2015,mwe,0.13633333333333328,0.17913277234382938,2
antarctic_and_subantarctic,19_antarctic_and_subantarctic,glaciological,WGMS-beta_WGMS,2016,mwe,-0.2255833333333333,0.17953735773737495,2
antarctic_and_subantarctic,19_antarctic_and_subantarctic,glaciological,WGMS-beta_WGMS,2017,mwe,-0.3013333333333333,0.17586258431437488,2
antarctic_and_subantarctic,19_antarctic_and_subantarctic,glaciological,WGMS-beta_WGMS,2018,mwe,0.07116666666666661,0.17913277234382938,2
antarctic_and_subantarctic,19_antarctic_and_subantarctic,glaciological,WGMS-beta_WGMS,2019,mwe,-0.5763333333333333,0.17854312801597993,2
antarctic_and_subantarctic,19_antarctic_and_subantarctic,glaciological,WGMS-beta_WGMS,2020,mwe,-0.4155,0.17843231607966706,2
antarctic_and_subantarctic,19_antarctic_and_subantarctic,glaciological,WGMS-beta_WGMS,2021,mwe,-0.17408333333333334,0.17745486936031143,2
antarctic_and_subantarctic,19_antarctic_and_subantarctic,glaciological,WGMS-beta_WGMS,2022,mwe,-0.7175,0.292012895278652,2
antarctic_and_subantarctic,19_antarctic_and_subantarctic,glaciological,WGMS-beta_WGMS,2023,mwe,-0.36044999999999994,0.20435281105536773,2
alaska,1_alaska,altimetry,Jakob_Gourmelen_Jakob_et_al,2010,m,1.241637906930659,0.8774981580056406,4
alaska,1_alaska,altimetry,Jakob_Gourmelen_Jakob_et_al,2011,m,-1.204799225612668,1.780596682168483,12
alaska,1_alaska,altimetry,Jakob_Gourmelen_Jakob_et_al,2012,m,0.41499037638797737,1.5093244490053532,12
alaska,1_alaska,altimetry,Jakob_Gourmelen_Jakob_et_al,2013,m,-1.225229866105968,1.6929827013713319,12
alaska,1_alaska,altimetry,Jakob_Gourmelen_Jakob_et_al,2014,m,-1.4023364156000002,1.6011056214015655,12
alaska,1_alaska,altimetry,Jakob_Gourmelen_Jakob_et_al,2015,m,-1.0135224182453046,1.6815828915978994,12
alaska,1_alaska,altimetry,Jakob_Gourmelen_Jakob_et_al,2016,m,-1.7215489864088411,1.6831765691606866,12
alaska,1_alaska,altimetry,Jakob_Gourmelen_Jakob_et_al,2017,m,-0.5933336186791864,1.5434134324610906,12
alaska,1_alaska,altimetry,Jakob_Gourmelen_Jakob_et_al,2018,m,-1.4819657691332315,1.5612409588449865,12
alaska,1_alaska,altimetry,Jakob_Gourmelen_Jakob_et_al,2019,m,-1.4390865063667855,1.7416194720720197,12
alaska,1_alaska,altimetry,Jakob_Gourmelen_Jakob_et_al,2020,m,-0.6205706091666503,1.1088445273638512,8
alaska,1_alaska,combined,ArcticInSituvGRACE_Box_et_al,2000,Gt,-15.057500000000001,15.564545648685028,2
alaska,1_alaska,combined,ArcticInSituvGRACE_Box_et_al,2001,Gt,-41.035000000000004,31.88773245701237,2
alaska,1_alaska,combined,ArcticInSituvGRACE_Box_et_al,2002,Gt,-56.2825,18.4893193830925,2
alaska,1_alaska,combined,ArcticInSituvGRACE_Box_et_al,2003,Gt,-84.5125,52.58365840496455,2
alaska,1_alaska,combined,ArcticInSituvGRACE_Box_et_al,2004,Gt,-147.2975,24.898335536738195,2
alaska,1_alaska,combined,ArcticInSituvGRACE_Box_et_al,2005,Gt,-85.36,22.07057387677085,2
alaska,1_alaska,combined,ArcticInSituvGRACE_Box_et_al,2006,Gt,-36.6025,24.324412248808812,2
alaska,1_alaska,combined,ArcticInSituvGRACE_Box_et_al,2007,Gt,-12.5675,15.865968493918043,2
alaska,1_alaska,combined,ArcticInSituvGRACE_Box_et_al,2008,Gt,23.2175,6.974371387444176,2
alaska,1_alaska,combined,ArcticInSituvGRACE_Box_et_al,2009,Gt,-83.8875,23.644446097339646,2
alaska,1_alaska,combined,ArcticInSituvGRACE_Box_et_al,2010,Gt,-80.49249999999999,43.939455859739546,2
alaska,1_alaska,combined,ArcticInSituvGRACE_Box_et_al,2011,Gt,-69.01750000000001,28.105174123281998,2
alaska,1_alaska,combined,ArcticInSituvGRACE_Box_et_al,2012,Gt,-13.115000000000002,42.29110611286965,2
alaska,1_alaska,combined,ArcticInSituvGRACE_Box_et_al,2013,Gt,-115.4975,12.323904616638348,2
alaska,1_alaska,combined,ArcticInSituvGRACE_Box_et_al,2014,Gt,-100.07,33.49574375946891,2
alaska,1_alaska,combined,ArcticInSituvGRACE_Box_et_al,2015,Gt,-109.06,24.97712716166533,2
alaska,1_alaska,combined,ArcticInSituvGRACE_Box_et_al,2016,Gt,-102.8475,36.25659681354553,2
alaska,1_alaska,combined,ArcticInSituvGRACE_Box_et_al,2017,Gt,-122.89750000000001,24.83318067626457,2
alaska,1_alaska,combined,ArcticInSituvGRACE_Box_et_al,2018,Gt,-138.3475,45.30745040829378,2
alaska,1_alaska,combined,ArcticInSituvGRACE_Box_et_al,2019,Gt,-144.0,45.84601243565246,2
alaska,1_alaska,combined,ArcticInSituvGRACE_Box_et_al,2020,Gt,-75.16250000000001,29.58028566461115,2
alaska,1_alaska,combined,ArcticInSituvGRACE_Box_et_al,2021,Gt,-71.285,19.96095250733291,2
alaska,1_alaska,combined,ArcticInSituvGRACE_Box_et_al,2022,Gt,-76.65,6.015,1
alaska,1_alaska,combined,Box2018_Box_et_al,2002,Gt,-14.6275,17.325,1
alaska,1_alaska,combined,Box2018_Box_et_al,2003,Gt,-84.5125,52.58365840496455,2
alaska,1_alaska,combined,Box2018_Box_et_al,2004,Gt,-147.2975,24.898335536738195,2
alaska,1_alaska,combined,Box2018_Box_et_al,2005,Gt,-85.36,22.07057387677085,2
alaska,1_alaska,combined,Box2018_Box_et_al,2006,Gt,-36.6025,24.324412248808812,2
alaska,1_alaska,combined,Box2018_Box_et_al,2007,Gt,-12.5675,15.865968493918043,2
alaska,1_alaska,combined,Box2018_Box_et_al,2008,Gt,23.2175,6.974371387444176,2
alaska,1_alaska,combined,Box2018_Box_et_al,2009,Gt,-83.8875,23.644446097339646,2
alaska,1_alaska,combined,Box2018_Box_et_al,2010,Gt,-80.49249999999999,43.939455859739546,2
alaska,1_alaska,combined,Box2018_Box_et_al,2011,Gt,-69.01750000000001,28.105174123281998,2
alaska,1_alaska,combined,Box2018_Box_et_al,2012,Gt,-13.115000000000002,42.29110611286965,2
alaska,1_alaska,combined,Box2018_Box_et_al,2013,Gt,-115.4975,12.323904616638348,2
alaska,1_alaska,combined,Box2018_Box_et_al,2014,Gt,-100.07,33.49574375946891,2
alaska,1_alaska,combined,Box2018_Box_et_al,2015,Gt,-84.84,21.975,1
alaska,1_alaska,combined,DUS-combined_Dussaillant_et_al,2000,mwe,0.004059322289217876,0.12419437932278805,2
alaska,1_alaska,combined,DUS-combined_Dussaillant_et_al,2001,mwe,-0.42418564276246906,0.12361654775186227,2
alaska,1_alaska,combined,DUS-combined_Dussaillant_et_al,2002,mwe,-0.7507711539779113,0.12379554431667825,2
alaska,1_alaska,combined,DUS-combined_Dussaillant_et_al,2003,mwe,-1.2104327106883155,0.12230278818726152,2
alaska,1_alaska,combined,DUS-combined_Dussaillant_et_al,2004,mwe,-1.7778882256697885,0.12504027597286357,2
alaska,1_alaska,combined,DUS-combined_Dussaillant_et_al,2005,mwe,-1.002860610340891,0.12242530131410563,2
alaska,1_alaska,combined,DUS-combined_Dussaillant_et_al,2006,mwe,-0.38956462120308694,0.12196608151495696,2
alaska,1_alaska,combined,DUS-combined_Dussaillant_et_al,2007,mwe,-0.07552559275343493,0.12433521428905361,2
alaska,1_alaska,combined,DUS-combined_Dussaillant_et_al,2008,mwe,0.3409392965992507,0.12159619009979993,2
alaska,1_alaska,combined,DUS-combined_Dussaillant_et_al,2009,mwe,-0.8898310354078016,0.12382918291091237,2
alaska,1_alaska,combined,DUS-combined_Dussaillant_et_al,2010,mwe,-0.7966198433948679,0.12587340338401506,2
alaska,1_alaska,combined,DUS-combined_Dussaillant_et_al,2011,mwe,-0.6386942919618438,0.12702694335855882,2
alaska,1_alaska,combined,DUS-combined_Dussaillant_et_al,2012,mwe,0.07587216621080661,0.12381875550658385,2
alaska,1_alaska,combined,DUS-combined_Dussaillant_et_al,2013,mwe,-1.3518326221764254,0.12286710953375973,2
alaska,1_alaska,combined,DUS-combined_Dussaillant_et_al,2014,mwe,-1.1560439397601727,0.12459144082217097,2
alaska,1_alaska,combined,DUS-combined_Dussaillant_et_al,2015,mwe,-1.2249481406901959,0.12250016798903189,2
alaska,1_alaska,combined,DUS-combined_Dussaillant_et_al,2016,mwe,-1.0965049902660706,0.1240331378351882,2
alaska,1_alaska,combined,DUS-combined_Dussaillant_et_al,2017,mwe,-1.3245669998355474,0.1258182396487532,2
alaska,1_alaska,combined,DUS-combined_Dussaillant_et_al,2018,mwe,-1.6838604740390253,0.12397553296562723,2
alaska,1_alaska,combined,DUS-combined_Dussaillant_et_al,2019,mwe,-1.7866679107344625,0.12401314219519657,2
alaska,1_alaska,combined,DUS-combined_Dussaillant_et_al,2020,mwe,-0.7784614337752673,0.1234329960479182,2
alaska,1_alaska,combined,DUS-combined_Dussaillant_et_al,2021,mwe,-0.7056104190523814,0.12235903717238246,2
alaska,1_alaska,combined,DUS-combined_Dussaillant_et_al,2022,mwe,-1.05716273202491,0.12423227491872804,2
alaska,1_alaska,combined,DUS-combined_Dussaillant_et_al,2023,mwe,-1.2541548633853854,0.12074978818288601,2
alaska,1_alaska,combined,Huss_Huss_et_al,2000,mwe,0.13965,0.1440842743848197,2
alaska,1_alaska,combined,Huss_Huss_et_al,2001,mwe,-0.27947500000000003,0.1561755822784087,2
alaska,1_alaska,combined,Huss_Huss_et_al,2002,mwe,-0.5975999999999999,0.18753711799267897,2
alaska,1_alaska,combined,Huss_Huss_et_al,2003,mwe,-1.0147,0.4207630397563455,2
alaska,1_alaska,combined,Huss_Huss_et_al,2004,mwe,-1.72435,0.17100462164807126,2
alaska,1_alaska,combined,Huss_Huss_et_al,2005,mwe,-0.8886,0.22201645350063587,2
alaska,1_alaska,combined,Huss_Huss_et_al,2006,mwe,-0.2924,0.23737220904099113,2
alaska,1_alaska,combined,Huss_Huss_et_al,2007,mwe,-0.029175000000000006,0.16832012097488522,2
alaska,1_alaska,combined,Huss_Huss_et_al,2008,mwe,0.449625,0.22926110114888656,2
alaska,1_alaska,combined,Huss_Huss_et_al,2009,mwe,-0.8720749999999999,0.2405038461230922,2
alaska,1_alaska,combined,Huss_Huss_et_al,2010,mwe,-0.7673749999999999,0.27042744059174173,2
alaska,1_alaska,combined,Huss_Huss_et_al,2011,mwe,-0.6528999999999999,0.2298560813313409,2
alaska,1_alaska,combined,Huss_Huss_et_al,2012,mwe,0.12852499999999994,0.3317109170648443,2
alaska,1_alaska,combined,Huss_Huss_et_al,2013,mwe,-1.315625,0.16241211662003546,2
alaska,1_alaska,combined,Huss_Huss_et_al,2014,mwe,-1.125625,0.2432197630230734,2
alaska,1_alaska,combined,Huss_Huss_et_al,2015,mwe,-1.2034,0.1253843615647502,2
alaska,1_alaska,combined,Huss_Huss_et_al,2016,mwe,-1.086725,0.16374521748741244,2
alaska,1_alaska,combined,Huss_Huss_et_al,2017,mwe,-1.35635,0.16718436118548888,2
alaska,1_alaska,combined,Huss_Huss_et_al,2018,mwe,-1.6700249999999999,0.20992677890159703,2
alaska,1_alaska,combined,Huss_Huss_et_al,2019,mwe,-1.7658749999999999,0.18982611286385231,2
alaska,1_alaska,combined,Huss_Huss_et_al,2020,mwe,-0.80355,0.34493445120051436,2
alaska,1_alaska,combined,Huss_Huss_et_al,2021,mwe,-0.45180000000000003,0.1722,1
alaska,1_alaska,demdiff,ETH_Hugonnet_et_al,2000,m,-0.652,0.12,1
alaska,1_alaska,demdiff,ETH_Hugonnet_et_al,2001,m,-0.652,0.12,1
alaska,1_alaska,demdiff,ETH_Hugonnet_et_al,2002,m,-0.652,0.12,1
alaska,1_alaska,demdiff,ETH_Hugonnet_et_al,2003,m,-0.652,0.12,1
alaska,1_alaska,demdiff,ETH_Hugonnet_et_al,2004,m,-0.652,0.12,1
alaska,1_alaska,demdiff,ETH_Hugonnet_et_al,2005,m,-0.802,0.11200000000000002,1
alaska,1_alaska,demdiff,ETH_Hugonnet_et_al,2006,m,-0.802,0.11200000000000002,1
alaska,1_alaska,demdiff,ETH_Hugonnet_et_al,2007,m,-0.802,0.11200000000000002,1
alaska,1_alaska,demdiff,ETH_Hugonnet_et_al,2008,m,-0.802,0.11200000000000002,1
alaska,1_alaska,demdiff,ETH_Hugonnet_et_al,2009,m,-0.802,0.11200000000000002,1
alaska,1_alaska,demdiff,ETH_Hugonnet_et_al,2010,m,-0.9750000000000001,0.11599999999999999,1
alaska,1_alaska,demdiff,ETH_Hugonnet_et_al,2011,m,-0.9750000000000001,0.11599999999999999,1
alaska,1_alaska,demdiff,ETH_Hugonnet_et_al,2012,m,-0.9750000000000001,0.11599999999999999,1
alaska,1_alaska,demdiff,ETH_Hugonnet_et_al,2013,m,-0.9750000000000001,0.11599999999999999,1
alaska,1_alaska,demdiff,ETH_Hugonnet_et_al,2014,m,-0.9750000000000001,0.11599999999999999,1
alaska,1_alaska,demdiff,ETH_Hugonnet_et_al,2015,m,-1.2380000000000002,0.10800000000000001,1
alaska,1_alaska,demdiff,ETH_Hugonnet_et_al,2016,m,-1.2380000000000002,0.10800000000000001,1
alaska,1_alaska,demdiff,ETH_Hugonnet_et_al,2017,m,-1.2380000000000002,0.10800000000000001,1
alaska,1_alaska,demdiff,ETH_Hugonnet_et_al,2018,m,-1.2380000000000002,0.10800000000000001,1
alaska,1_alaska,demdiff,ETH_Hugonnet_et_al,2019,m,-1.2380000000000002,0.10800000000000001,1
alaska,1_alaska,glaciological,UZH_GlaciolSineWave_Zemp_et_al,2000,mwe,0.3507964003963234,0.6811239160484843,12
alaska,1_alaska,glaciological,UZH_GlaciolSineWave_Zemp_et_al,2001,mwe,-0.43523819483217496,0.8895404005872626,12
alaska,1_alaska,glaciological,UZH_GlaciolSineWave_Zemp_et_al,2002,mwe,-0.6681843610701761,0.759499438766348,12
alaska,1_alaska,glaciological,UZH_GlaciolSineWave_Zemp_et_al,2003,mwe,-0.7208588851095434,0.7403628173237068,12
alaska,1_alaska,glaciological,UZH_GlaciolSineWave_Zemp_et_al,2004,mwe,-1.7877920031956012,1.1160732063903505,12
alaska,1_alaska,glaciological,UZH_GlaciolSineWave_Zemp_et_al,2005,mwe,-1.032291781461384,1.005303955487948,12
alaska,1_alaska,glaciological,UZH_GlaciolSineWave_Zemp_et_al,2006,mwe,-0.27725343468829466,0.8474350341452688,12
alaska,1_alaska,glaciological,UZH_GlaciolSineWave_Zemp_et_al,2007,mwe,-0.27628832523184127,0.819827143765166,12
alaska,1_alaska,glaciological,UZH_GlaciolSineWave_Zemp_et_al,2008,mwe,0.5825561256583691,0.5838844397420206,12
alaska,1_alaska,glaciological,UZH_GlaciolSineWave_Zemp_et_al,2009,mwe,-0.9410886840636137,0.8209006666792391,12
alaska,1_alaska,glaciological,UZH_GlaciolSineWave_Zemp_et_al,2010,mwe,-0.621175867024241,0.7560714676363274,12
alaska,1_alaska,glaciological,UZH_GlaciolSineWave_Zemp_et_al,2011,mwe,-0.5998439794972779,0.7317344384511923,12
alaska,1_alaska,glaciological,UZH_GlaciolSineWave_Zemp_et_al,2012,mwe,0.45915974199347964,0.6469370186678434,12
alaska,1_alaska,glaciological,UZH_GlaciolSineWave_Zemp_et_al,2013,mwe,-1.3582329501249442,0.9183151566546245,12
alaska,1_alaska,glaciological,UZH_GlaciolSineWave_Zemp_et_al,2014,mwe,-1.0316997244926889,0.7907126959254017,12
alaska,1_alaska,glaciological,UZH_GlaciolSineWave_Zemp_et_al,2015,mwe,-0.9743710742058616,0.8060720282397297,12
alaska,1_alaska,glaciological,UZH_GlaciolSineWave_Zemp_et_al,2016,mwe,-1.2736169352767437,1.030117388507294,12
alaska,1_alaska,glaciological,UZH_GlaciolSineWave_Zemp_et_al,2017,mwe,-1.3000512114083929,0.8480849691132477,12
alaska,1_alaska,glaciological,UZH_GlaciolSineWave_Zemp_et_al,2018,mwe,-1.4952209596075203,0.893390174070522,12
alaska,1_alaska,glaciological,UZH_GlaciolSineWave_Zemp_et_al,2019,mwe,-1.9381541145888495,1.091465354921826,12
alaska,1_alaska,glaciological,UZH_GlaciolSineWave_Zemp_et_al,2020,mwe,-0.8518526312213446,0.9308907350646916,12
alaska,1_alaska,glaciological,UZH_GlaciolSineWave_Zemp_et_al,2021,mwe,-0.48457419475895946,0.8209544026074681,12
alaska,1_alaska,glaciological,UZH_GlaciolSineWave_Zemp_et_al,2022,mwe,-1.1077816627461239,0.9680236451460149,12
alaska,1_alaska,glaciological,UZH_GlaciolSineWave_Zemp_et_al,2023,mwe,-1.1098491795271812,0.8829492919325844,12
alaska,1_alaska,glaciological,WGMS-beta_WGMS,2000,mwe,1.164,0.5250940249083973,2
alaska,1_alaska,glaciological,WGMS-beta_WGMS,2001,mwe,0.7464999999999999,0.5250940249083973,2
alaska,1_alaska,glaciological,WGMS-beta_WGMS,2002,mwe,0.420875,0.5250940249083973,2
alaska,1_alaska,glaciological,WGMS-beta_WGMS,2003,mwe,-0.031,0.5250940249083973,2
alaska,1_alaska,glaciological,WGMS-beta_WGMS,2004,mwe,-0.616625,0.5250940249083973,2
alaska,1_alaska,glaciological,WGMS-beta_WGMS,2005,mwe,0.195875,0.5250940249083973,2
alaska,1_alaska,glaciological,WGMS-beta_WGMS,2006,mwe,0.8115,0.5250940249083973,2
alaska,1_alaska,glaciological,WGMS-beta_WGMS,2007,mwe,1.095875,0.5250940249083973,2
alaska,1_alaska,glaciological,WGMS-beta_WGMS,2008,mwe,1.552125,0.5250940249083973,2
alaska,1_alaska,glaciological,WGMS-beta_WGMS,2009,mwe,0.274,0.5250940249083973,2
alaska,1_alaska,glaciological,WGMS-beta_WGMS,2010,mwe,0.32899999999999996,0.5250940249083973,2
alaska,1_alaska,glaciological,WGMS-beta_WGMS,2011,mwe,0.485875,0.5250940249083973,2
alaska,1_alaska,glaciological,WGMS-beta_WGMS,2012,mwe,1.2477500000000001,0.5250940249083973,2
alaska,1_alaska,glaciological,WGMS-beta_WGMS,2013,mwe,-0.16724999999999998,0.5250940249083973,2
alaska,1_alaska,glaciological,WGMS-beta_WGMS,2014,mwe,-0.0028749999999999956,0.5250940249083973,2
alaska,1_alaska,glaciological,WGMS-beta_WGMS,2015,mwe,-0.12287499999999998,0.5250940249083973,2
alaska,1_alaska,glaciological,WGMS-beta_WGMS,2016,mwe,-0.031625,0.5250940249083973,2
alaska,1_alaska,glaciological,WGMS-beta_WGMS,2017,mwe,-0.27975,0.5250940249083973,2
alaska,1_alaska,glaciological,WGMS-beta_WGMS,2018,mwe,-0.620375,0.5250940249083973,2
alaska,1_alaska,glaciological,WGMS-beta_WGMS,2019,mwe,-0.71975,0.5250940249083973,2
alaska,1_alaska,glaciological,WGMS-beta_WGMS,2020,mwe,0.324625,0.5250940249083973,2
alaska,1_alaska,glaciological,WGMS-beta_WGMS,2021,mwe,0.4139999999999999,0.5250940249083973,2
alaska,1_alaska,glaciological,WGMS-beta_WGMS,2022,mwe,0.04399999999999999,0.5250940249083973,2
alaska,1_alaska,glaciological,WGMS-beta_WGMS,2023,mwe,-0.10024999999999999,0.5250940249083973,2
alaska,1_alaska,gravimetry,Harig_Group_Harig_et_al,2002,Gt,-208.75600271820807,337.407058125284,9
alaska,1_alaska,gravimetry,Harig_Group_Harig_et_al,2003,Gt,-109.17410329229585,481.18846503599735,12
alaska,1_alaska,gravimetry,Harig_Group_Harig_et_al,2004,Gt,-51.7925963154953,495.3656621297928,12
alaska,1_alaska,gravimetry,Harig_Group_Harig_et_al,2005,Gt,-104.22576391262692,503.9232849805254,12
alaska,1_alaska,gravimetry,Harig_Group_Harig_et_al,2006,Gt,-11.160858101687666,503.89414382517407,12
alaska,1_alaska,gravimetry,Harig_Group_Harig_et_al,2007,Gt,-57.61333522013746,503.92229862455304,12
alaska,1_alaska,gravimetry,Harig_Group_Harig_et_al,2008,Gt,36.99729612356191,503.816044936835,12
alaska,1_alaska,gravimetry,Harig_Group_Harig_et_al,2009,Gt,-129.0485523167689,503.9232849805252,12
alaska,1_alaska,gravimetry,Harig_Group_Harig_et_al,2010,Gt,-31.66033732053836,495.49839400764864,12
alaska,1_alaska,gravimetry,Harig_Group_Harig_et_al,2011,Gt,40.230769214923626,442.7426119911724,12
alaska,1_alaska,gravimetry,Harig_Group_Harig_et_al,2012,Gt,-87.60750217329814,457.0083263444182,12
alaska,1_alaska,gravimetry,Harig_Group_Harig_et_al,2013,Gt,-41.84200380579887,410.3069762167092,12
alaska,1_alaska,gravimetry,Harig_Group_Harig_et_al,2014,Gt,-174.84040812009846,393.27337519037854,12
alaska,1_alaska,gravimetry,Harig_Group_Harig_et_al,2015,Gt,-23.453698390280465,408.5691490297728,12
alaska,1_alaska,gravimetry,Harig_Group_Harig_et_al,2016,Gt,-188.5422081847854,402.7344982554102,12
alaska,1_alaska,gravimetry,Harig_Group_Harig_et_al,2017,Gt,,,12
alaska,1_alaska,gravimetry,Harig_Group_Harig_et_al,2018,Gt,,,12
alaska,1_alaska,gravimetry,Harig_Group_Harig_et_al,2019,Gt,-62.40665902984257,503.9222986245594,12
alaska,1_alaska,gravimetry,Harig_Group_Harig_et_al,2020,Gt,0.6348427992995767,503.81604493684137,12
alaska,1_alaska,gravimetry,Harig_Group_Harig_et_al,2021,Gt,-92.79680159551094,503.9232849805315,12
alaska,1_alaska,gravimetry,Harig_Group_Harig_et_al,2022,Gt,-46.672963996601084,503.89414382518044,12
alaska,1_alaska,gravimetry,Harig_Group_Harig_et_al,2023,Gt,67.72234751457813,162.65528911899145,2
alaska,1_alaska,gravimetry,Jacob_2012_dmdt_Jacob_et_al,2003,Gt,-46.00042105263114,7.000421052631512,1
alaska,1_alaska,gravimetry,Jacob_2012_dmdt_Jacob_et_al,2004,Gt,-46.00042105263114,7.000421052631512,1
alaska,1_alaska,gravimetry,Jacob_2012_dmdt_Jacob_et_al,2005,Gt,-46.00042105263114,7.000421052631512,1
alaska,1_alaska,gravimetry,Jacob_2012_dmdt_Jacob_et_al,2006,Gt,-46.00042105263114,7.000421052631512,1
alaska,1_alaska,gravimetry,Jacob_2012_dmdt_Jacob_et_al,2007,Gt,-46.00042105263114,7.000421052631512,1
alaska,1_alaska,gravimetry,Jacob_2012_dmdt_Jacob_et_al,2008,Gt,-46.00042105263114,7.000421052631512,1
alaska,1_alaska,gravimetry,Jacob_2012_dmdt_Jacob_et_al,2009,Gt,-46.00042105263114,7.000421052631512,1
alaska,1_alaska,gravimetry,Jacob_2012_dmdt_Jacob_et_al,2010,Gt,-42.16705263158203,6.417052631579416,1
alaska,1_alaska,gravimetry,Sasgen_AWIarc_RL01_2_Sasgen_et_al,2002,Gt,-170.24322580645514,68.56296187341569,9
alaska,1_alaska,gravimetry,Sasgen_AWIarc_RL01_2_Sasgen_et_al,2003,Gt,-92.92997329869013,95.1438029646966,12
alaska,1_alaska,gravimetry,Sasgen_AWIarc_RL01_2_Sasgen_et_al,2004,Gt,-93.09966055943812,102.55011829478715,12
alaska,1_alaska,gravimetry,Sasgen_AWIarc_RL01_2_Sasgen_et_al,2005,Gt,-83.27585001285092,79.06889770972764,12
alaska,1_alaska,gravimetry,Sasgen_AWIarc_RL01_2_Sasgen_et_al,2006,Gt,-14.057096774197582,78.07836275519645,12
alaska,1_alaska,gravimetry,Sasgen_AWIarc_RL01_2_Sasgen_et_al,2007,Gt,-82.52403469201249,71.18876456996753,12
alaska,1_alaska,gravimetry,Sasgen_AWIarc_RL01_2_Sasgen_et_al,2008,Gt,35.38323037578391,75.71491936052288,12
alaska,1_alaska,gravimetry,Sasgen_AWIarc_RL01_2_Sasgen_et_al,2009,Gt,-120.02629245795447,90.4275684797164,12
alaska,1_alaska,gravimetry,Sasgen_AWIarc_RL01_2_Sasgen_et_al,2010,Gt,-25.543460410548846,94.52153827397547,12
alaska,1_alaska,gravimetry,Sasgen_AWIarc_RL01_2_Sasgen_et_al,2011,Gt,20.05326302042147,89.65081440869905,12
alaska,1_alaska,gravimetry,Sasgen_AWIarc_RL01_2_Sasgen_et_al,2012,Gt,-57.50812621545208,132.00663057489882,12
alaska,1_alaska,gravimetry,Sasgen_AWIarc_RL01_2_Sasgen_et_al,2013,Gt,-5.772106501896246,75.47517387806886,12
alaska,1_alaska,gravimetry,Sasgen_AWIarc_RL01_2_Sasgen_et_al,2014,Gt,-148.65815920406556,57.72957188565303,12
alaska,1_alaska,gravimetry,Sasgen_AWIarc_RL01_2_Sasgen_et_al,2015,Gt,-8.986800312168839,103.03493780940595,12
alaska,1_alaska,gravimetry,Sasgen_AWIarc_RL01_2_Sasgen_et_al,2016,Gt,-140.2985392347365,72.63783042206349,12
alaska,1_alaska,gravimetry,Sasgen_AWIarc_RL01_2_Sasgen_et_al,2017,Gt,49.21114475272565,73.64970604273567,12
alaska,1_alaska,gravimetry,Sasgen_AWIarc_RL01_2_Sasgen_et_al,2018,Gt,-62.47431266847718,47.06620113607399,12
alaska,1_alaska,gravimetry,Sasgen_AWIarc_RL01_2_Sasgen_et_al,2019,Gt,-123.79430500386854,74.86101212524501,12
alaska,1_alaska,gravimetry,Sasgen_AWIarc_RL01_2_Sasgen_et_al,2020,Gt,-16.81520073305751,78.45280868816566,12
alaska,1_alaska,gravimetry,Sasgen_AWIarc_RL01_2_Sasgen_et_al,2021,Gt,-63.26017168243402,81.24772650940454,12
alaska,1_alaska,gravimetry,Sasgen_AWIarc_RL01_2_Sasgen_et_al,2022,Gt,-114.12032258062686,85.9041896628518,11
alaska,1_alaska,gravimetry,Velicogna_Sutterley_et_al,2002,gt,-399.08422580643224,179.0748959952499,9
alaska,1_alaska,gravimetry,Velicogna_Sutterley_et_al,2003,gt,-54.17194557302332,249.5257115172915,12
alaska,1_alaska,gravimetry,Velicogna_Sutterley_et_al,2004,gt,-90.97318272467496,268.1024642795377,12
alaska,1_alaska,gravimetry,Velicogna_Sutterley_et_al,2005,gt,-128.1210717023239,268.1658674766598,12
alaska,1_alaska,gravimetry,Velicogna_Sutterley_et_al,2006,gt,11.331387096775188,268.15007066469184,12
alaska,1_alaska,gravimetry,Velicogna_Sutterley_et_al,2007,gt,-56.40447704352061,268.1650527812281,12
alaska,1_alaska,gravimetry,Velicogna_Sutterley_et_al,2008,gt,-52.13253076047636,268.10246427953933,12
alaska,1_alaska,gravimetry,Velicogna_Sutterley_et_al,2009,gt,-117.49120832503513,268.1658674766615,12
alaska,1_alaska,gravimetry,Velicogna_Sutterley_et_al,2010,gt,-55.78011126299896,263.4090614579081,12
alaska,1_alaska,gravimetry,Velicogna_Sutterley_et_al,2011,gt,-3.8409238571472315,218.59982700589848,12
alaska,1_alaska,gravimetry,Velicogna_Sutterley_et_al,2012,gt,-9.475883121465586,223.21790796537235,12
alaska,1_alaska,gravimetry,Velicogna_Sutterley_et_al,2013,gt,-63.82126240356229,212.03537180330974,12
alaska,1_alaska,gravimetry,Velicogna_Sutterley_et_al,2014,gt,-321.96205967726974,212.69631325295447,12
alaska,1_alaska,gravimetry,Velicogna_Sutterley_et_al,2015,gt,111.15042592637747,206.0189173967798,12
alaska,1_alaska,gravimetry,Velicogna_Sutterley_et_al,2016,gt,-120.2039440926676,211.738564304569,12
alaska,1_alaska,gravimetry,Velicogna_Sutterley_et_al,2017,gt,76.98118730006831,149.2571575563646,12
alaska,1_alaska,gravimetry,Velicogna_Sutterley_et_al,2018,gt,-287.9819449403674,143.40949717296584,12
alaska,1_alaska,gravimetry,Velicogna_Sutterley_et_al,2019,gt,-95.68771764761641,268.1650527812284,12
alaska,1_alaska,gravimetry,Velicogna_Sutterley_et_al,2020,gt,-19.439060016578196,268.10246427953933,12
alaska,1_alaska,gravimetry,Velicogna_Sutterley_et_al,2021,gt,-70.2943384648413,268.1658674766613,12
alaska,1_alaska,gravimetry,Velicogna_Sutterley_et_al,2022,gt,-107.18722258061894,268.15007066469366,12
alaska,1_alaska,gravimetry,Velicogna_Sutterley_et_al,2023,gt,22.86320967739857,87.29682737208725,2
alaska,1_alaska,gravimetry,Wouters_Wouters_et_al,2002,Gt,-203.257117757099,228.87283814393714,10
alaska,1_alaska,gravimetry,Wouters_Wouters_et_al,2003,Gt,-103.41446156992203,210.9103736703231,12
alaska,1_alaska,gravimetry,Wouters_Wouters_et_al,2004,Gt,-71.10120628316507,208.39413004275468,12
alaska,1_alaska,gravimetry,Wouters_Wouters_et_al,2005,Gt,-126.06218841102299,217.4657736443677,12
alaska,1_alaska,gravimetry,Wouters_Wouters_et_al,2006,Gt,-58.45868470807699,233.58800042187687,12
alaska,1_alaska,gravimetry,Wouters_Wouters_et_al,2007,Gt,-29.694517288623956,251.72672312431186,12
alaska,1_alaska,gravimetry,Wouters_Wouters_et_al,2008,Gt,20.30732784836198,274.18133804466515,12
alaska,1_alaska,gravimetry,Wouters_Wouters_et_al,2009,Gt,-141.30961213459102,302.5310735479508,12
alaska,1_alaska,gravimetry,Wouters_Wouters_et_al,2010,Gt,-30.46479700665202,326.09871105678525,12
alaska,1_alaska,gravimetry,Wouters_Wouters_et_al,2011,Gt,0.21746388851920528,298.1541709597447,12
alaska,1_alaska,gravimetry,Wouters_Wouters_et_al,2012,Gt,-77.38787571814419,326.1649896335746,12
alaska,1_alaska,gravimetry,Wouters_Wouters_et_al,2013,Gt,-73.53740615316099,318.24765210794857,12
alaska,1_alaska,gravimetry,Wouters_Wouters_et_al,2014,Gt,-132.57783314743858,348.87457124703997,12
alaska,1_alaska,gravimetry,Wouters_Wouters_et_al,2015,Gt,-11.52936915969076,349.43698692411385,12
alaska,1_alaska,gravimetry,Wouters_Wouters_et_al,2016,Gt,-202.4904915626346,377.14700799148704,12
alaska,1_alaska,gravimetry,Wouters_Wouters_et_al,2017,Gt,4.332755820186093,332.55277087314494,12
alaska,1_alaska,gravimetry,Wouters_Wouters_et_al,2018,Gt,-158.60195566589528,299.4796305641983,12
alaska,1_alaska,gravimetry,Wouters_Wouters_et_al,2019,Gt,-103.26631435083982,580.9985264300598,12
alaska,1_alaska,gravimetry,Wouters_Wouters_et_al,2020,Gt,-37.73238965050018,612.9284755960698,12
alaska,1_alaska,gravimetry,Wouters_Wouters_et_al,2021,Gt,-184.10965703449983,585.3048916192537,10
western_canada_us,2_western_canada_us,altimetry,Menounos_WNA_alt1_Menounos_et_al,2013,m,-1.0356521739130333,0.19486956521738938,1
western_canada_us,2_western_canada_us,altimetry,Menounos_WNA_alt1_Menounos_et_al,2014,m,-1.0356521739130333,0.19486956521738938,1
western_canada_us,2_western_canada_us,altimetry,Menounos_WNA_alt1_Menounos_et_al,2015,m,-1.0356521739130333,0.19486956521738938,1
western_canada_us,2_western_canada_us,altimetry,Menounos_WNA_alt1_Menounos_et_al,2016,m,-1.0356521739130333,0.19486956521738938,1
western_canada_us,2_western_canada_us,altimetry,Menounos_WNA_alt1_Menounos_et_al,2017,m,-1.0356521739130333,0.19486956521738938,1
western_canada_us,2_western_canada_us,altimetry,Menounos_WNA_alt1_Menounos_et_al,2018,m,-1.0356521739130333,0.19486956521738938,1
western_canada_us,2_western_canada_us,altimetry,Menounos_WNA_alt1_Menounos_et_al,2019,m,-1.0356521739130333,0.19486956521738938,1
western_canada_us,2_western_canada_us,altimetry,Menounos_WNA_alt1_Menounos_et_al,2020,m,-0.6904347826087675,0.12991304347827437,1
western_canada_us,2_western_canada_us,altimetry,Menounos_WNA_is2gedi_Menounos_et_al,2019,m,-1.02125,0.07875,1
western_canada_us,2_western_canada_us,altimetry,Menounos_WNA_is2gedi_Menounos_et_al,2020,m,-1.02125,0.07875,1
western_canada_us,2_western_canada_us,altimetry,Menounos_WNA_is2gedi_Menounos_et_al,2021,m,-1.02125,0.07875,1
western_canada_us,2_western_canada_us,altimetry,Menounos_WNA_is2gedi_Menounos_et_al,2022,m,-1.02125,0.07875,1
western_canada_us,2_western_canada_us,combined,DUS-combined_Dussaillant_et_al,2000,mwe,-0.03148038368618661,0.11455052047634214,2
western_canada_us,2_western_canada_us,combined,DUS-combined_Dussaillant_et_al,2001,mwe,-0.8285314428131544,0.11436610363612762,2
western_canada_us,2_western_canada_us,combined,DUS-combined_Dussaillant_et_al,2002,mwe,-0.28349617380838177,0.1155387125984085,2
western_canada_us,2_western_canada_us,combined,DUS-combined_Dussaillant_et_al,2003,mwe,-1.2250699530725586,0.11446966256270279,2
western_canada_us,2_western_canada_us,combined,DUS-combined_Dussaillant_et_al,2004,mwe,-1.5657999961414815,0.1147761056108991,2
western_canada_us,2_western_canada_us,combined,DUS-combined_Dussaillant_et_al,2005,mwe,-1.7123506719980657,0.11460227837164373,2
western_canada_us,2_western_canada_us,combined,DUS-combined_Dussaillant_et_al,2006,mwe,-0.6014975911270348,0.11535286908249572,2
western_canada_us,2_western_canada_us,combined,DUS-combined_Dussaillant_et_al,2007,mwe,0.15956133130295191,0.11347084013289689,2
western_canada_us,2_western_canada_us,combined,DUS-combined_Dussaillant_et_al,2008,mwe,-0.09330581436581054,0.11563067332089957,2
western_canada_us,2_western_canada_us,combined,DUS-combined_Dussaillant_et_al,2009,mwe,-0.8777842178374883,0.11384875077145631,2
western_canada_us,2_western_canada_us,combined,DUS-combined_Dussaillant_et_al,2010,mwe,0.43304355777499143,0.11329892606511964,2
western_canada_us,2_western_canada_us,combined,DUS-combined_Dussaillant_et_al,2011,mwe,0.8428012500888615,0.11408078379683917,2
western_canada_us,2_western_canada_us,combined,DUS-combined_Dussaillant_et_al,2012,mwe,-0.06977120188782199,0.11448410733877533,2
western_canada_us,2_western_canada_us,combined,DUS-combined_Dussaillant_et_al,2013,mwe,-1.2604546813082667,0.11732303249125861,2
western_canada_us,2_western_canada_us,combined,DUS-combined_Dussaillant_et_al,2014,mwe,-1.4384126870260245,0.11895190145059728,2
western_canada_us,2_western_canada_us,combined,DUS-combined_Dussaillant_et_al,2015,mwe,-2.0671573094604625,0.11482038059083129,2
western_canada_us,2_western_canada_us,combined,DUS-combined_Dussaillant_et_al,2016,mwe,-0.7090760096427867,0.11544803015607834,2
western_canada_us,2_western_canada_us,combined,DUS-combined_Dussaillant_et_al,2017,mwe,-0.3291709740192842,0.11583346124315774,2
western_canada_us,2_western_canada_us,combined,DUS-combined_Dussaillant_et_al,2018,mwe,-0.8063995443669527,0.11654995377107943,2
western_canada_us,2_western_canada_us,combined,DUS-combined_Dussaillant_et_al,2019,mwe,-1.2458645936800286,0.11660445248262637,2
western_canada_us,2_western_canada_us,combined,DUS-combined_Dussaillant_et_al,2020,mwe,-0.8320522192961419,0.11927719237641032,2
western_canada_us,2_western_canada_us,combined,DUS-combined_Dussaillant_et_al,2021,mwe,-1.2960667995707942,0.11689009962371509,2
western_canada_us,2_western_canada_us,combined,DUS-combined_Dussaillant_et_al,2022,mwe,-1.1988210731693063,0.11719182654910845,2
western_canada_us,2_western_canada_us,combined,DUS-combined_Dussaillant_et_al,2023,mwe,-2.1611059749870853,0.11864602230632106,2
western_canada_us,2_western_canada_us,combined,Huss_Huss_et_al,2000,mwe,0.5794499999999999,0.23574928022159475,2
western_canada_us,2_western_canada_us,combined,Huss_Huss_et_al,2001,mwe,-0.28500000000000003,0.4205128550353723,2
western_canada_us,2_western_canada_us,combined,Huss_Huss_et_al,2002,mwe,-0.52735,0.477354232331714,2
western_canada_us,2_western_canada_us,combined,Huss_Huss_et_al,2003,mwe,-0.9085500000000001,0.24719678901636244,2
western_canada_us,2_western_canada_us,combined,Huss_Huss_et_al,2004,mwe,-1.1146500000000001,0.30507591268404,2
western_canada_us,2_western_canada_us,combined,Huss_Huss_et_al,2005,mwe,-1.2163,0.3719637415125297,2
western_canada_us,2_western_canada_us,combined,Huss_Huss_et_al,2006,mwe,-1.131375,0.3348810721733912,2
western_canada_us,2_western_canada_us,combined,Huss_Huss_et_al,2007,mwe,-0.15552500000000002,0.24544901838263683,2
western_canada_us,2_western_canada_us,combined,Huss_Huss_et_al,2008,mwe,-0.4132,0.36287355321792186,2
western_canada_us,2_western_canada_us,combined,Huss_Huss_et_al,2009,mwe,-0.264225,0.42785628428246786,2
western_canada_us,2_western_canada_us,combined,Huss_Huss_et_al,2010,mwe,0.442875,0.21456370266193672,2
western_canada_us,2_western_canada_us,combined,Huss_Huss_et_al,2011,mwe,0.5235,0.3570465550877084,2
western_canada_us,2_western_canada_us,combined,Huss_Huss_et_al,2012,mwe,0.18960000000000005,0.25978591666986106,2
western_canada_us,2_western_canada_us,combined,Huss_Huss_et_al,2013,mwe,-1.40605,0.2596312541374786,2
western_canada_us,2_western_canada_us,combined,Huss_Huss_et_al,2014,mwe,-1.21195,0.18406230093367842,2
western_canada_us,2_western_canada_us,combined,Huss_Huss_et_al,2015,mwe,-1.230425,0.38030689005722734,2
western_canada_us,2_western_canada_us,combined,Huss_Huss_et_al,2016,mwe,-0.74685,0.1456453848393419,2
western_canada_us,2_western_canada_us,combined,Huss_Huss_et_al,2017,mwe,-0.5245500000000001,0.23158087815059342,2
western_canada_us,2_western_canada_us,combined,Huss_Huss_et_al,2018,mwe,-0.8571000000000001,0.20761403643540097,2
western_canada_us,2_western_canada_us,combined,Huss_Huss_et_al,2019,mwe,-1.0777,0.18782407992587108,2
western_canada_us,2_western_canada_us,combined,Huss_Huss_et_al,2020,mwe,-0.946675,0.21928799556747286,2
western_canada_us,2_western_canada_us,combined,Huss_Huss_et_al,2021,mwe,-1.386525,0.22094999999999998,1
western_canada_us,2_western_canada_us,demdiff,ETH_Hugonnet_et_al,2000,m,-0.246,0.10400000000000001,1
western_canada_us,2_western_canada_us,demdiff,ETH_Hugonnet_et_al,2001,m,-0.246,0.10400000000000001,1
western_canada_us,2_western_canada_us,demdiff,ETH_Hugonnet_et_al,2002,m,-0.246,0.10400000000000001,1
western_canada_us,2_western_canada_us,demdiff,ETH_Hugonnet_et_al,2003,m,-0.246,0.10400000000000001,1
western_canada_us,2_western_canada_us,demdiff,ETH_Hugonnet_et_al,2004,m,-0.246,0.10400000000000001,1
western_canada_us,2_western_canada_us,demdiff,ETH_Hugonnet_et_al,2005,m,-0.46799999999999997,0.10400000000000001,1
western_canada_us,2_western_canada_us,demdiff,ETH_Hugonnet_et_al,2006,m,-0.46799999999999997,0.10400000000000001,1
western_canada_us,2_western_canada_us,demdiff,ETH_Hugonnet_et_al,2007,m,-0.46799999999999997,0.10400000000000001,1
western_canada_us,2_western_canada_us,demdiff,ETH_Hugonnet_et_al,2008,m,-0.46799999999999997,0.10400000000000001,1
western_canada_us,2_western_canada_us,demdiff,ETH_Hugonnet_et_al,2009,m,-0.46799999999999997,0.10400000000000001,1
western_canada_us,2_western_canada_us,demdiff,ETH_Hugonnet_et_al,2010,m,-0.7610000000000001,0.15400000000000003,1
western_canada_us,2_western_canada_us,demdiff,ETH_Hugonnet_et_al,2011,m,-0.7610000000000001,0.15400000000000003,1
western_canada_us,2_western_canada_us,demdiff,ETH_Hugonnet_et_al,2012,m,-0.7610000000000001,0.15400000000000003,1
western_canada_us,2_western_canada_us,demdiff,ETH_Hugonnet_et_al,2013,m,-0.7610000000000001,0.15400000000000003,1
western_canada_us,2_western_canada_us,demdiff,ETH_Hugonnet_et_al,2014,m,-0.7610000000000001,0.15400000000000003,1
western_canada_us,2_western_canada_us,demdiff,ETH_Hugonnet_et_al,2015,m,-1.053,0.21200000000000002,1
western_canada_us,2_western_canada_us,demdiff,ETH_Hugonnet_et_al,2016,m,-1.053,0.21200000000000002,1
western_canada_us,2_western_canada_us,demdiff,ETH_Hugonnet_et_al,2017,m,-1.053,0.21200000000000002,1
western_canada_us,2_western_canada_us,demdiff,ETH_Hugonnet_et_al,2018,m,-1.053,0.21200000000000002,1
western_canada_us,2_western_canada_us,demdiff,ETH_Hugonnet_et_al,2019,m,-1.053,0.21200000000000002,1
western_canada_us,2_western_canada_us,glaciological,Menounos_WNA_glac_Menounos_et_al,2015,mwe,-0.2241,1.20665,1
western_canada_us,2_western_canada_us,glaciological,Menounos_WNA_glac_Menounos_et_al,2016,mwe,-0.6723,3.6199500000000002,1
western_canada_us,2_western_canada_us,glaciological,UZH_GlaciolSineWave_Zemp_et_al,2000,mwe,0.02758049182310507,0.9079061826776348,12
western_canada_us,2_western_canada_us,glaciological,UZH_GlaciolSineWave_Zemp_et_al,2001,mwe,-0.24866850338209767,0.8810595247221555,12
western_canada_us,2_western_canada_us,glaciological,UZH_GlaciolSineWave_Zemp_et_al,2002,mwe,-0.07092180535086928,1.173979276647266,12
western_canada_us,2_western_canada_us,glaciological,UZH_GlaciolSineWave_Zemp_et_al,2003,mwe,-2.5389753178680547,1.3924462491998966,12
western_canada_us,2_western_canada_us,glaciological,UZH_GlaciolSineWave_Zemp_et_al,2004,mwe,-1.6955725206352477,1.1068603891498616,12
western_canada_us,2_western_canada_us,glaciological,UZH_GlaciolSineWave_Zemp_et_al,2005,mwe,-1.6459043229934363,1.1698841001549733,12
western_canada_us,2_western_canada_us,glaciological,UZH_GlaciolSineWave_Zemp_et_al,2006,mwe,-0.7622516864525561,1.0875861721027151,12
western_canada_us,2_western_canada_us,glaciological,UZH_GlaciolSineWave_Zemp_et_al,2007,mwe,-0.5973670015646668,1.0795167713003402,12
western_canada_us,2_western_canada_us,glaciological,UZH_GlaciolSineWave_Zemp_et_al,2008,mwe,-0.2517678963328837,0.9770389605023186,12
western_canada_us,2_western_canada_us,glaciological,UZH_GlaciolSineWave_Zemp_et_al,2009,mwe,-1.4833105177889925,1.179515205601759,12
western_canada_us,2_western_canada_us,glaciological,UZH_GlaciolSineWave_Zemp_et_al,2010,mwe,0.4247842850997099,0.883176105443826,12
western_canada_us,2_western_canada_us,glaciological,UZH_GlaciolSineWave_Zemp_et_al,2011,mwe,0.8777866964110856,0.9594742041284243,12
western_canada_us,2_western_canada_us,glaciological,UZH_GlaciolSineWave_Zemp_et_al,2012,mwe,0.11385394961235384,1.0549475574515168,12
western_canada_us,2_western_canada_us,glaciological,UZH_GlaciolSineWave_Zemp_et_al,2013,mwe,-0.5936415201413325,1.1161637269361853,12
western_canada_us,2_western_canada_us,glaciological,UZH_GlaciolSineWave_Zemp_et_al,2014,mwe,-0.7945445891645839,1.1920195793618567,12
western_canada_us,2_western_canada_us,glaciological,UZH_GlaciolSineWave_Zemp_et_al,2015,mwe,-1.7568620737547747,1.1930950056930303,12
western_canada_us,2_western_canada_us,glaciological,UZH_GlaciolSineWave_Zemp_et_al,2016,mwe,-0.46972498563949655,0.8867612336456818,12
western_canada_us,2_western_canada_us,glaciological,UZH_GlaciolSineWave_Zemp_et_al,2017,mwe,-0.7461425178255876,0.8768990683112906,12
western_canada_us,2_western_canada_us,glaciological,UZH_GlaciolSineWave_Zemp_et_al,2018,mwe,-0.8140734442074979,0.8339548404346665,12
western_canada_us,2_western_canada_us,glaciological,UZH_GlaciolSineWave_Zemp_et_al,2019,mwe,-0.9642041012304823,0.9795760003084345,12
western_canada_us,2_western_canada_us,glaciological,UZH_GlaciolSineWave_Zemp_et_al,2020,mwe,-0.6913384925655985,1.1751813920765986,12
western_canada_us,2_western_canada_us,glaciological,UZH_GlaciolSineWave_Zemp_et_al,2021,mwe,-1.8735853111585037,1.1373927219381432,12
western_canada_us,2_western_canada_us,glaciological,UZH_GlaciolSineWave_Zemp_et_al,2022,mwe,-1.0823260047779026,0.923690147352014,12
western_canada_us,2_western_canada_us,glaciological,UZH_GlaciolSineWave_Zemp_et_al,2023,mwe,-2.377014043679896,1.2522093760566677,12
western_canada_us,2_western_canada_us,glaciological,WGMS-beta_WGMS,2000,mwe,0.5812692307692308,0.30331414328488576,2
western_canada_us,2_western_canada_us,glaciological,WGMS-beta_WGMS,2001,mwe,-0.24117307692307696,0.30331414328488576,2
western_canada_us,2_western_canada_us,glaciological,WGMS-beta_WGMS,2002,mwe,0.48740384615384624,0.30331414328488576,2
western_canada_us,2_western_canada_us,glaciological,WGMS-beta_WGMS,2003,mwe,-0.5503653846153846,0.3019150231084777,2
western_canada_us,2_western_canada_us,glaciological,WGMS-beta_WGMS,2004,mwe,-0.9781112637362637,0.2884844063893306,2
western_canada_us,2_western_canada_us,glaciological,WGMS-beta_WGMS,2005,mwe,-1.1941785714285715,0.28040861336514794,2
western_canada_us,2_western_canada_us,glaciological,WGMS-beta_WGMS,2006,mwe,0.021000000000000046,0.2496173584424438,2
western_canada_us,2_western_canada_us,glaciological,WGMS-beta_WGMS,2007,mwe,0.6535,0.25046824952672164,2
western_canada_us,2_western_canada_us,glaciological,WGMS-beta_WGMS,2008,mwe,0.5777857142857142,0.24951079302834553,2
western_canada_us,2_western_canada_us,glaciological,WGMS-beta_WGMS,2009,mwe,-0.3220357142857143,0.24951079302834553,2
western_canada_us,2_western_canada_us,glaciological,WGMS-beta_WGMS,2010,mwe,1.125285714285714,0.24951079302834553,2
western_canada_us,2_western_canada_us,glaciological,WGMS-beta_WGMS,2011,mwe,1.6676071428571424,0.24951079302834553,2
western_canada_us,2_western_canada_us,glaciological,WGMS-beta_WGMS,2012,mwe,0.7370714285714286,0.24951079302834553,2
western_canada_us,2_western_canada_us,glaciological,WGMS-beta_WGMS,2013,mwe,-0.2958244047619047,0.25170172853727074,2
western_canada_us,2_western_canada_us,glaciological,WGMS-beta_WGMS,2014,mwe,-0.6306875,0.2695827531191642,2
western_canada_us,2_western_canada_us,glaciological,WGMS-beta_WGMS,2015,mwe,-1.5027142857142857,0.2600321081384621,2
western_canada_us,2_western_canada_us,glaciological,WGMS-beta_WGMS,2016,mwe,-0.05066071428571425,0.26162438868894455,2
western_canada_us,2_western_canada_us,glaciological,WGMS-beta_WGMS,2017,mwe,0.2852321428571428,0.27538963131669886,2
western_canada_us,2_western_canada_us,glaciological,WGMS-beta_WGMS,2018,mwe,-0.11917857142857145,0.27497802704322455,2
western_canada_us,2_western_canada_us,glaciological,WGMS-beta_WGMS,2019,mwe,-0.6250398351648352,0.28567545065713845,2
western_canada_us,2_western_canada_us,glaciological,WGMS-beta_WGMS,2020,mwe,-0.18725000000000008,0.3050000318656047,2
western_canada_us,2_western_canada_us,glaciological,WGMS-beta_WGMS,2021,mwe,-0.7561346153846155,0.3028327560084932,2
western_canada_us,2_western_canada_us,glaciological,WGMS-beta_WGMS,2022,mwe,-0.6696490384615384,0.2912782794797875,2
western_canada_us,2_western_canada_us,glaciological,WGMS-beta_WGMS,2023,mwe,-1.634922893772894,0.2995809288155757,2
western_canada_us,2_western_canada_us,gravimetry,Harig_Group_Harig_et_al,2002,Gt,-109.37152414488466,143.03300764632425,9
western_canada_us,2_western_canada_us,gravimetry,Harig_Group_Harig_et_al,2003,Gt,41.310225872373024,203.9845692061985,12
western_canada_us,2_western_canada_us,gravimetry,Harig_Group_Harig_et_al,2004,Gt,-19.442317482405585,209.9945417052544,12
western_canada_us,2_western_canada_us,gravimetry,Harig_Group_Harig_et_al,2005,Gt,-24.148651587524938,213.62227415828596,12
western_canada_us,2_western_canada_us,gravimetry,Harig_Group_Harig_et_al,2006,Gt,38.43534654062702,213.60992069087655,12
western_canada_us,2_western_canada_us,gravimetry,Harig_Group_Harig_et_al,2007,Gt,-27.862495348587526,213.62185602399384,12
western_canada_us,2_western_canada_us,gravimetry,Harig_Group_Harig_et_al,2008,Gt,-6.096368915436582,213.5768131472613,12
western_canada_us,2_western_canada_us,gravimetry,Harig_Group_Harig_et_al,2009,Gt,9.627740521453248,213.62227415828588,12
western_canada_us,2_western_canada_us,gravimetry,Harig_Group_Harig_et_al,2010,Gt,-54.026684627802496,210.0508091698576,12
western_canada_us,2_western_canada_us,gravimetry,Harig_Group_Harig_et_al,2011,Gt,34.05841578645317,187.6866706883547,12
western_canada_us,2_western_canada_us,gravimetry,Harig_Group_Harig_et_al,2012,Gt,16.44743851092029,193.7341672686122,12
western_canada_us,2_western_canada_us,gravimetry,Harig_Group_Harig_et_al,2013,Gt,-31.722507861464933,173.93661292275738,12
western_canada_us,2_western_canada_us,gravimetry,Harig_Group_Harig_et_al,2014,Gt,17.265331407891736,166.7157586840226,12
western_canada_us,2_western_canada_us,gravimetry,Harig_Group_Harig_et_al,2015,Gt,-37.836766355724464,173.19991627302684,12
western_canada_us,2_western_canada_us,gravimetry,Harig_Group_Harig_et_al,2016,Gt,50.946921771872525,170.7265013614965,12
western_canada_us,2_western_canada_us,gravimetry,Harig_Group_Harig_et_al,2017,Gt,,,12
western_canada_us,2_western_canada_us,gravimetry,Harig_Group_Harig_et_al,2018,Gt,,,12
western_canada_us,2_western_canada_us,gravimetry,Harig_Group_Harig_et_al,2019,Gt,2.085615309815587,213.621856023997,12
western_canada_us,2_western_canada_us,gravimetry,Harig_Group_Harig_et_al,2020,Gt,-18.882354361772652,213.57681314726457,12
western_canada_us,2_western_canada_us,gravimetry,Harig_Group_Harig_et_al,2021,Gt,-5.409695994824617,213.62227415828875,12
western_canada_us,2_western_canada_us,gravimetry,Harig_Group_Harig_et_al,2022,Gt,-96.55606523686647,213.6099206908797,12
western_canada_us,2_western_canada_us,gravimetry,Harig_Group_Harig_et_al,2023,Gt,55.73718655338368,68.95254456601485,2
western_canada_us,2_western_canada_us,gravimetry,Jacob_2012_dmdt_Jacob_et_al,2003,Gt,4.999578947368373,7.999578947368343,1
western_canada_us,2_western_canada_us,gravimetry,Jacob_2012_dmdt_Jacob_et_al,2004,Gt,4.999578947368373,7.999578947368343,1
western_canada_us,2_western_canada_us,gravimetry,Jacob_2012_dmdt_Jacob_et_al,2005,Gt,4.999578947368373,7.999578947368343,1
western_canada_us,2_western_canada_us,gravimetry,Jacob_2012_dmdt_Jacob_et_al,2006,Gt,4.999578947368373,7.999578947368343,1
western_canada_us,2_western_canada_us,gravimetry,Jacob_2012_dmdt_Jacob_et_al,2007,Gt,4.999578947368373,7.999578947368343,1
western_canada_us,2_western_canada_us,gravimetry,Jacob_2012_dmdt_Jacob_et_al,2008,Gt,4.999578947368373,7.999578947368343,1
western_canada_us,2_western_canada_us,gravimetry,Jacob_2012_dmdt_Jacob_et_al,2009,Gt,4.999578947368373,7.999578947368343,1
western_canada_us,2_western_canada_us,gravimetry,Jacob_2012_dmdt_Jacob_et_al,2010,Gt,4.5829473684213875,7.332947368421588,1
western_canada_us,2_western_canada_us,gravimetry,Sasgen_AWIarc_RL01_2_Sasgen_et_al,2002,Gt,-417.68451612904454,152.96439486345042,9
western_canada_us,2_western_canada_us,gravimetry,Sasgen_AWIarc_RL01_2_Sasgen_et_al,2003,Gt,58.20044454066888,212.2783021323001,12
western_canada_us,2_western_canada_us,gravimetry,Sasgen_AWIarc_RL01_2_Sasgen_et_al,2004,Gt,-42.8947545368776,228.8013841258413,12
western_canada_us,2_western_canada_us,gravimetry,Sasgen_AWIarc_RL01_2_Sasgen_et_al,2005,Gt,-18.699883552185668,176.4220673479712,12
western_canada_us,2_western_canada_us,gravimetry,Sasgen_AWIarc_RL01_2_Sasgen_et_al,2006,Gt,26.643870967734983,174.20386120285775,12
western_canada_us,2_western_canada_us,gravimetry,Sasgen_AWIarc_RL01_2_Sasgen_et_al,2007,Gt,-7.29142552103076,158.83314907166155,12
western_canada_us,2_western_canada_us,gravimetry,Sasgen_AWIarc_RL01_2_Sasgen_et_al,2008,Gt,11.380227161054023,168.92073935086788,12
western_canada_us,2_western_canada_us,gravimetry,Sasgen_AWIarc_RL01_2_Sasgen_et_al,2009,Gt,-89.52783389809565,201.74646672587147,12
western_canada_us,2_western_canada_us,gravimetry,Sasgen_AWIarc_RL01_2_Sasgen_et_al,2010,Gt,-11.9143108504054,210.88454136599893,12
western_canada_us,2_western_canada_us,gravimetry,Sasgen_AWIarc_RL01_2_Sasgen_et_al,2011,Gt,115.57087175666453,200.0180702921864,12
western_canada_us,2_western_canada_us,gravimetry,Sasgen_AWIarc_RL01_2_Sasgen_et_al,2012,Gt,-100.31265463392822,294.5236866345074,12
western_canada_us,2_western_canada_us,gravimetry,Sasgen_AWIarc_RL01_2_Sasgen_et_al,2013,Gt,-73.30670197110067,168.37781290377083,12
western_canada_us,2_western_canada_us,gravimetry,Sasgen_AWIarc_RL01_2_Sasgen_et_al,2014,Gt,-305.397810945066,128.79749841249634,12
western_canada_us,2_western_canada_us,gravimetry,Sasgen_AWIarc_RL01_2_Sasgen_et_al,2015,Gt,102.30582554223838,229.88581558151708,12
western_canada_us,2_western_canada_us,gravimetry,Sasgen_AWIarc_RL01_2_Sasgen_et_al,2016,Gt,33.690308946020764,162.07161233335677,12
western_canada_us,2_western_canada_us,gravimetry,Sasgen_AWIarc_RL01_2_Sasgen_et_al,2017,Gt,-1.9316838308270672,164.3228689763482,12
western_canada_us,2_western_canada_us,gravimetry,Sasgen_AWIarc_RL01_2_Sasgen_et_al,2018,Gt,-146.04803756197282,105.00504367674469,12
western_canada_us,2_western_canada_us,gravimetry,Sasgen_AWIarc_RL01_2_Sasgen_et_al,2019,Gt,8.578395466957431,167.0168951737622,12
western_canada_us,2_western_canada_us,gravimetry,Sasgen_AWIarc_RL01_2_Sasgen_et_al,2020,Gt,18.500913532953163,175.03111614688896,12
western_canada_us,2_western_canada_us,gravimetry,Sasgen_AWIarc_RL01_2_Sasgen_et_al,2021,Gt,-98.2118896450711,181.26654496637693,12
western_canada_us,2_western_canada_us,gravimetry,Sasgen_AWIarc_RL01_2_Sasgen_et_al,2022,Gt,-247.54935483868599,191.66229402891412,11
western_canada_us,2_western_canada_us,gravimetry,Wouters_Wouters_et_al,2002,Gt,-236.763050030157,115.83465584477706,10
western_canada_us,2_western_canada_us,gravimetry,Wouters_Wouters_et_al,2003,Gt,47.70418265382199,123.72007982327445,12
western_canada_us,2_western_canada_us,gravimetry,Wouters_Wouters_et_al,2004,Gt,-6.7310031711510305,164.94236127408973,12
western_canada_us,2_western_canada_us,gravimetry,Wouters_Wouters_et_al,2005,Gt,-46.927955941058016,207.6637652960295,12
western_canada_us,2_western_canada_us,gravimetry,Wouters_Wouters_et_al,2006,Gt,30.592992517810046,259.8407214218928,12
western_canada_us,2_western_canada_us,gravimetry,Wouters_Wouters_et_al,2007,Gt,5.760515674676981,313.46293761802735,12
western_canada_us,2_western_canada_us,gravimetry,Wouters_Wouters_et_al,2008,Gt,-23.528744074630993,368.5135728443011,12
western_canada_us,2_western_canada_us,gravimetry,Wouters_Wouters_et_al,2009,Gt,-17.53820116756296,424.94278246806556,12
western_canada_us,2_western_canada_us,gravimetry,Wouters_Wouters_et_al,2010,Gt,-45.56763995485201,480.81560116091526,12
western_canada_us,2_western_canada_us,gravimetry,Wouters_Wouters_et_al,2011,Gt,37.175158929344605,462.7069937647434,12
western_canada_us,2_western_canada_us,gravimetry,Wouters_Wouters_et_al,2012,Gt,-20.279695826034526,521.4717721060082,12
western_canada_us,2_western_canada_us,gravimetry,Wouters_Wouters_et_al,2013,Gt,-57.188591355505025,522.7133442393438,12
western_canada_us,2_western_canada_us,gravimetry,Wouters_Wouters_et_al,2014,Gt,-11.258139253883996,581.7062408111534,12
western_canada_us,2_western_canada_us,gravimetry,Wouters_Wouters_et_al,2015,Gt,-10.46302100393649,583.5116000967679,12
western_canada_us,2_western_canada_us,gravimetry,Wouters_Wouters_et_al,2016,Gt,24.306141065361487,643.225956640124,12
western_canada_us,2_western_canada_us,gravimetry,Wouters_Wouters_et_al,2017,Gt,-7.004898146030541,556.6321933546261,12
western_canada_us,2_western_canada_us,gravimetry,Wouters_Wouters_et_al,2018,Gt,-60.82777306542846,508.84873249676076,12
western_canada_us,2_western_canada_us,gravimetry,Wouters_Wouters_et_al,2019,Gt,-1.773408256999005,992.2918231141525,12
western_canada_us,2_western_canada_us,gravimetry,Wouters_Wouters_et_al,2020,Gt,25.56673328480902,1049.229646263616,12
western_canada_us,2_western_canada_us,gravimetry,Wouters_Wouters_et_al,2021,Gt,-122.879580366021,1005.8085050903721,10
arctic_canada_north,3_arctic_canada_north,altimetry,Gardner2013_icesat_Gardner_et_al,2003,m,-0.09791666666666667,0.007083333333333334,1
arctic_canada_north,3_arctic_canada_north,altimetry,Gardner2013_icesat_Gardner_et_al,2004,m,-0.39166666666666666,0.028333333333333335,1
arctic_canada_north,3_arctic_canada_north,altimetry,Gardner2013_icesat_Gardner_et_al,2005,m,-0.39166666666666666,0.028333333333333335,1
arctic_canada_north,3_arctic_canada_north,altimetry,Gardner2013_icesat_Gardner_et_al,2006,m,-0.39166666666666666,0.028333333333333335,1
arctic_canada_north,3_arctic_canada_north,altimetry,Gardner2013_icesat_Gardner_et_al,2007,m,-0.39166666666666666,0.028333333333333335,1
arctic_canada_north,3_arctic_canada_north,altimetry,Gardner2013_icesat_Gardner_et_al,2008,m,-0.39166666666666666,0.028333333333333335,1
arctic_canada_north,3_arctic_canada_north,altimetry,Gardner2013_icesat_Gardner_et_al,2009,m,-0.29375,0.02125,1
arctic_canada_north,3_arctic_canada_north,altimetry,Jakob_Gourmelen_Jakob_et_al,2010,m,0.19232378334484948,0.3170695772845155,4
arctic_canada_north,3_arctic_canada_north,altimetry,Jakob_Gourmelen_Jakob_et_al,2011,m,-1.1882634567885262,0.6946688795877919,12
arctic_canada_north,3_arctic_canada_north,altimetry,Jakob_Gourmelen_Jakob_et_al,2012,m,-0.41554047471376143,0.6953888417245617,12
arctic_canada_north,3_arctic_canada_north,altimetry,Jakob_Gourmelen_Jakob_et_al,2013,m,0.20970520175743756,0.6681333556259093,12
arctic_canada_north,3_arctic_canada_north,altimetry,Jakob_Gourmelen_Jakob_et_al,2014,m,-0.4869758671999994,0.6920113077864127,12
arctic_canada_north,3_arctic_canada_north,altimetry,Jakob_Gourmelen_Jakob_et_al,2015,m,-0.6767251164643532,0.6855692862628064,12
arctic_canada_north,3_arctic_canada_north,altimetry,Jakob_Gourmelen_Jakob_et_al,2016,m,-0.009619650869553666,0.6731366688993582,12
arctic_canada_north,3_arctic_canada_north,altimetry,Jakob_Gourmelen_Jakob_et_al,2017,m,0.1369375329339072,0.6762605667827921,12
arctic_canada_north,3_arctic_canada_north,altimetry,Jakob_Gourmelen_Jakob_et_al,2018,m,0.022678405999929263,0.6886234884255676,12
arctic_canada_north,3_arctic_canada_north,altimetry,Jakob_Gourmelen_Jakob_et_al,2019,m,-0.5784036193677949,0.7082943711731902,12
arctic_canada_north,3_arctic_canada_north,altimetry,Jakob_Gourmelen_Jakob_et_al,2020,m,-0.7922086916321348,0.5142561321330185,8
arctic_canada_north,3_arctic_canada_north,altimetry,Khan_Khan_et_al,2003,m,-0.266447500000019,0.029218750000002083,1
arctic_canada_north,3_arctic_canada_north,altimetry,Khan_Khan_et_al,2004,m,-0.2906699999999967,0.03187499999999964,1
arctic_canada_north,3_arctic_canada_north,altimetry,Khan_Khan_et_al,2005,m,-0.2906699999999967,0.03187499999999964,1
arctic_canada_north,3_arctic_canada_north,altimetry,Khan_Khan_et_al,2006,m,-0.2906699999999967,0.03187499999999964,1
arctic_canada_north,3_arctic_canada_north,altimetry,Khan_Khan_et_al,2007,m,-0.2906699999999967,0.03187499999999964,1
arctic_canada_north,3_arctic_canada_north,altimetry,Khan_Khan_et_al,2008,m,-0.2906699999999967,0.03187499999999964,1
arctic_canada_north,3_arctic_canada_north,altimetry,Khan_Khan_et_al,2009,m,-0.2951663888888864,0.026201801733134442,2
arctic_canada_north,3_arctic_canada_north,altimetry,Khan_Khan_et_al,2010,m,-0.3086555555555555,0.0429,1
arctic_canada_north,3_arctic_canada_north,altimetry,Khan_Khan_et_al,2011,m,-0.3086555555555555,0.0429,1
arctic_canada_north,3_arctic_canada_north,altimetry,Khan_Khan_et_al,2012,m,-0.3086555555555555,0.0429,1
arctic_canada_north,3_arctic_canada_north,altimetry,Khan_Khan_et_al,2013,m,-0.3086555555555555,0.0429,1
arctic_canada_north,3_arctic_canada_north,altimetry,Khan_Khan_et_al,2014,m,-0.3086555555555555,0.0429,1
arctic_canada_north,3_arctic_canada_north,altimetry,Khan_Khan_et_al,2015,m,-0.3086555555555555,0.0429,1
arctic_canada_north,3_arctic_canada_north,altimetry,Khan_Khan_et_al,2016,m,-0.3086555555555555,0.0429,1
arctic_canada_north,3_arctic_canada_north,altimetry,Khan_Khan_et_al,2017,m,-0.3086555555555555,0.0429,1
arctic_canada_north,3_arctic_canada_north,altimetry,Khan_Khan_et_al,2018,m,-0.30685712121212244,0.03259481721528012,2
arctic_canada_north,3_arctic_canada_north,altimetry,Khan_Khan_et_al,2019,m,-0.30146181818182316,0.020858181818182164,1
arctic_canada_north,3_arctic_canada_north,altimetry,Khan_Khan_et_al,2020,m,-0.30146181818182316,0.020858181818182164,1
arctic_canada_north,3_arctic_canada_north,altimetry,Khan_Khan_et_al,2021,m,-0.30146181818182316,0.020858181818182164,1
arctic_canada_north,3_arctic_canada_north,altimetry,Khan_Khan_et_al,2022,m,-0.30146181818182316,0.020858181818182164,1
arctic_canada_north,3_arctic_canada_north,altimetry,Khan_Khan_et_al,2023,m,-0.10048727272725153,0.006952727272725807,1
arctic_canada_north,3_arctic_canada_north,altimetry,Tepes_Tepes_et_al,2010,m,-0.09144578313252912,0.009036144578313154,1
arctic_canada_north,3_arctic_canada_north,altimetry,Tepes_Tepes_et_al,2011,m,-0.36578313253011646,0.036144578313252615,1
arctic_canada_north,3_arctic_canada_north,altimetry,Tepes_Tepes_et_al,2012,m,-0.36578313253011646,0.036144578313252615,1
arctic_canada_north,3_arctic_canada_north,altimetry,Tepes_Tepes_et_al,2013,m,-0.36578313253011646,0.036144578313252615,1
arctic_canada_north,3_arctic_canada_north,altimetry,Tepes_Tepes_et_al,2014,m,-0.36578313253011646,0.036144578313252615,1
arctic_canada_north,3_arctic_canada_north,altimetry,Tepes_Tepes_et_al,2015,m,-0.36578313253011646,0.036144578313252615,1
arctic_canada_north,3_arctic_canada_north,altimetry,Tepes_Tepes_et_al,2016,m,-0.36578313253011646,0.036144578313252615,1
arctic_canada_north,3_arctic_canada_north,altimetry,Tepes_Tepes_et_al,2017,m,-0.24385542168677202,0.02409638554217115,1
arctic_canada_north,3_arctic_canada_north,combined,ArcticInSituvGRACE_Box_et_al,2000,Gt,-30.557499999999997,16.010153419002577,2
arctic_canada_north,3_arctic_canada_north,combined,ArcticInSituvGRACE_Box_et_al,2001,Gt,-13.672500000000001,42.580885529777326,2
arctic_canada_north,3_arctic_canada_north,combined,ArcticInSituvGRACE_Box_et_al,2002,Gt,4.535,10.884735297654235,2
arctic_canada_north,3_arctic_canada_north,combined,ArcticInSituvGRACE_Box_et_al,2003,Gt,-2.13,25.1572834880875,2
arctic_canada_north,3_arctic_canada_north,combined,ArcticInSituvGRACE_Box_et_al,2004,Gt,8.0225,8.71465504193941,2
arctic_canada_north,3_arctic_canada_north,combined,ArcticInSituvGRACE_Box_et_al,2005,Gt,-21.9525,20.599161694107842,2
arctic_canada_north,3_arctic_canada_north,combined,ArcticInSituvGRACE_Box_et_al,2006,Gt,-19.315,17.114320940370376,2
arctic_canada_north,3_arctic_canada_north,combined,ArcticInSituvGRACE_Box_et_al,2007,Gt,-51.59,25.452161499566206,2
arctic_canada_north,3_arctic_canada_north,combined,ArcticInSituvGRACE_Box_et_al,2008,Gt,-55.1375,16.513676907339566,2
arctic_canada_north,3_arctic_canada_north,combined,ArcticInSituvGRACE_Box_et_al,2009,Gt,-40.8825,26.570768360173556,2
arctic_canada_north,3_arctic_canada_north,combined,ArcticInSituvGRACE_Box_et_al,2010,Gt,-46.36,26.92653547153811,2
arctic_canada_north,3_arctic_canada_north,combined,ArcticInSituvGRACE_Box_et_al,2011,Gt,-82.355,11.397877543648205,2
arctic_canada_north,3_arctic_canada_north,combined,ArcticInSituvGRACE_Box_et_al,2012,Gt,-54.77,15.655473683347944,2
arctic_canada_north,3_arctic_canada_north,combined,ArcticInSituvGRACE_Box_et_al,2013,Gt,4.164999999999999,16.869285699163438,2
arctic_canada_north,3_arctic_canada_north,combined,ArcticInSituvGRACE_Box_et_al,2014,Gt,-23.7275,18.816588426173325,2
arctic_canada_north,3_arctic_canada_north,combined,ArcticInSituvGRACE_Box_et_al,2015,Gt,-52.9075,15.16106856392385,2
arctic_canada_north,3_arctic_canada_north,combined,ArcticInSituvGRACE_Box_et_al,2016,Gt,-30.415,26.797397261674497,2
arctic_canada_north,3_arctic_canada_north,combined,ArcticInSituvGRACE_Box_et_al,2017,Gt,9.379999999999999,14.999386862468745,2
arctic_canada_north,3_arctic_canada_north,combined,ArcticInSituvGRACE_Box_et_al,2018,Gt,-1.2050000000000018,12.246845001877013,2
arctic_canada_north,3_arctic_canada_north,combined,ArcticInSituvGRACE_Box_et_al,2019,Gt,-54.0225,30.2786051734554,2
arctic_canada_north,3_arctic_canada_north,combined,ArcticInSituvGRACE_Box_et_al,2020,Gt,-40.025000000000006,25.961273562751117,2
arctic_canada_north,3_arctic_canada_north,combined,ArcticInSituvGRACE_Box_et_al,2021,Gt,-12.2375,15.326628991725482,2
arctic_canada_north,3_arctic_canada_north,combined,ArcticInSituvGRACE_Box_et_al,2022,Gt,-46.6575,11.3775,1
arctic_canada_north,3_arctic_canada_north,combined,Box2018_Box_et_al,2002,Gt,-2.3275,8.3625,1
arctic_canada_north,3_arctic_canada_north,combined,Box2018_Box_et_al,2003,Gt,-2.13,25.1572834880875,2
arctic_canada_north,3_arctic_canada_north,combined,Box2018_Box_et_al,2004,Gt,8.0225,8.71465504193941,2
arctic_canada_north,3_arctic_canada_north,combined,Box2018_Box_et_al,2005,Gt,-21.9525,20.599161694107842,2
arctic_canada_north,3_arctic_canada_north,combined,Box2018_Box_et_al,2006,Gt,-19.315,17.114320940370376,2
arctic_canada_north,3_arctic_canada_north,combined,Box2018_Box_et_al,2007,Gt,-51.59,25.452161499566206,2
arctic_canada_north,3_arctic_canada_north,combined,Box2018_Box_et_al,2008,Gt,-55.1375,16.513676907339566,2
arctic_canada_north,3_arctic_canada_north,combined,Box2018_Box_et_al,2009,Gt,-40.8825,26.570768360173556,2
arctic_canada_north,3_arctic_canada_north,combined,Box2018_Box_et_al,2010,Gt,-46.36,26.92653547153811,2
arctic_canada_north,3_arctic_canada_north,combined,Box2018_Box_et_al,2011,Gt,-82.355,11.397877543648205,2
arctic_canada_north,3_arctic_canada_north,combined,Box2018_Box_et_al,2012,Gt,-54.77,15.655473683347944,2
arctic_canada_north,3_arctic_canada_north,combined,Box2018_Box_et_al,2013,Gt,4.164999999999999,16.869285699163438,2
arctic_canada_north,3_arctic_canada_north,combined,Box2018_Box_et_al,2014,Gt,-23.7275,18.816588426173325,2
arctic_canada_north,3_arctic_canada_north,combined,Box2018_Box_et_al,2015,Gt,-42.18,12.36,1
arctic_canada_north,3_arctic_canada_north,combined,Colgan2015_Colgan_et_al,2003,m,-0.06336983801049509,0.015969199178644762,1
arctic_canada_north,3_arctic_canada_north,combined,Colgan2015_Colgan_et_al,2004,m,-0.25347935204198035,0.06387679671457905,1
arctic_canada_north,3_arctic_canada_north,combined,Colgan2015_Colgan_et_al,2005,m,-0.25347935204198035,0.06387679671457905,1
arctic_canada_north,3_arctic_canada_north,combined,Colgan2015_Colgan_et_al,2006,m,-0.25347935204198035,0.06387679671457905,1
arctic_canada_north,3_arctic_canada_north,combined,Colgan2015_Colgan_et_al,2007,m,-0.25347935204198035,0.06387679671457905,1
arctic_canada_north,3_arctic_canada_north,combined,Colgan2015_Colgan_et_al,2008,m,-0.25347935204198035,0.06387679671457905,1
arctic_canada_north,3_arctic_canada_north,combined,Colgan2015_Colgan_et_al,2009,m,-0.1901095140314853,0.047907597535934286,1
arctic_canada_north,3_arctic_canada_north,combined,DUS-combined_Dussaillant_et_al,2000,mwe,-0.33911065521009925,0.11707295228258241,2
arctic_canada_north,3_arctic_canada_north,combined,DUS-combined_Dussaillant_et_al,2001,mwe,-0.11400667195076272,0.11688584660165678,2
arctic_canada_north,3_arctic_canada_north,combined,DUS-combined_Dussaillant_et_al,2002,mwe,0.03427662758459421,0.11700486820800632,2
arctic_canada_north,3_arctic_canada_north,combined,DUS-combined_Dussaillant_et_al,2003,mwe,-0.04968233878095201,0.11707157537811323,2
arctic_canada_north,3_arctic_canada_north,combined,DUS-combined_Dussaillant_et_al,2004,mwe,0.07396008616454386,0.11697442743155889,2
arctic_canada_north,3_arctic_canada_north,combined,DUS-combined_Dussaillant_et_al,2005,mwe,-0.2616745614026003,0.1170579114433738,2
arctic_canada_north,3_arctic_canada_north,combined,DUS-combined_Dussaillant_et_al,2006,mwe,-0.21361164947490133,0.11698395419971566,2
arctic_canada_north,3_arctic_canada_north,combined,DUS-combined_Dussaillant_et_al,2007,mwe,-0.6022580950085563,0.11717508156468032,2
arctic_canada_north,3_arctic_canada_north,combined,DUS-combined_Dussaillant_et_al,2008,mwe,-0.613334829288357,0.1170817301754524,2
arctic_canada_north,3_arctic_canada_north,combined,DUS-combined_Dussaillant_et_al,2009,mwe,-0.43394771250373804,0.11704074940862941,2
arctic_canada_north,3_arctic_canada_north,combined,DUS-combined_Dussaillant_et_al,2010,mwe,-0.4651387224494134,0.11706615150309146,2
arctic_canada_north,3_arctic_canada_north,combined,DUS-combined_Dussaillant_et_al,2011,mwe,-0.9004989602123115,0.1172763372568959,2
arctic_canada_north,3_arctic_canada_north,combined,DUS-combined_Dussaillant_et_al,2012,mwe,-0.5958993371479316,0.11729687172173434,2
arctic_canada_north,3_arctic_canada_north,combined,DUS-combined_Dussaillant_et_al,2013,mwe,0.08676038005226161,0.11703026612273507,2
arctic_canada_north,3_arctic_canada_north,combined,DUS-combined_Dussaillant_et_al,2014,mwe,-0.23814470599254933,0.11703486300075845,2
arctic_canada_north,3_arctic_canada_north,combined,DUS-combined_Dussaillant_et_al,2015,mwe,-0.6156013404242706,0.11726000392904547,2
arctic_canada_north,3_arctic_canada_north,combined,DUS-combined_Dussaillant_et_al,2016,mwe,-0.33816192864089706,0.11711164559861174,2
arctic_canada_north,3_arctic_canada_north,combined,DUS-combined_Dussaillant_et_al,2017,mwe,0.10691968744884525,0.11697998383591501,2
arctic_canada_north,3_arctic_canada_north,combined,DUS-combined_Dussaillant_et_al,2018,mwe,-0.036044320990234274,0.11704879650686131,2
arctic_canada_north,3_arctic_canada_north,combined,DUS-combined_Dussaillant_et_al,2019,mwe,-0.6194021140578623,0.11719320943414557,2
arctic_canada_north,3_arctic_canada_north,combined,DUS-combined_Dussaillant_et_al,2020,mwe,-0.44687436098688416,0.11708393873112363,2
arctic_canada_north,3_arctic_canada_north,combined,DUS-combined_Dussaillant_et_al,2021,mwe,-0.11357378074447316,0.11709369209214203,2
arctic_canada_north,3_arctic_canada_north,combined,DUS-combined_Dussaillant_et_al,2022,mwe,-0.5118905984918953,0.11745685201807358,2
arctic_canada_north,3_arctic_canada_north,combined,DUS-combined_Dussaillant_et_al,2023,mwe,-0.47085885373082903,0.12040619969602766,2
arctic_canada_north,3_arctic_canada_north,combined,Huss_Huss_et_al,2000,mwe,-0.2878,0.10358162542169339,2
arctic_canada_north,3_arctic_canada_north,combined,Huss_Huss_et_al,2001,mwe,-0.12937500000000002,0.16418784402324063,2
arctic_canada_north,3_arctic_canada_north,combined,Huss_Huss_et_al,2002,mwe,0.04847499999999999,0.14893478858211737,2
arctic_canada_north,3_arctic_canada_north,combined,Huss_Huss_et_al,2003,mwe,-0.014249999999999995,0.24848886544471163,2
arctic_canada_north,3_arctic_canada_north,combined,Huss_Huss_et_al,2004,mwe,-0.028649999999999995,0.13903181515394236,2
arctic_canada_north,3_arctic_canada_north,combined,Huss_Huss_et_al,2005,mwe,-0.34875,0.17826230672803492,2
arctic_canada_north,3_arctic_canada_north,combined,Huss_Huss_et_al,2006,mwe,-0.20077499999999998,0.14821943192442752,2
arctic_canada_north,3_arctic_canada_north,combined,Huss_Huss_et_al,2007,mwe,-0.6167,0.13855526875582896,2
arctic_canada_north,3_arctic_canada_north,combined,Huss_Huss_et_al,2008,mwe,-0.6303000000000001,0.13426011367863505,2
arctic_canada_north,3_arctic_canada_north,combined,Huss_Huss_et_al,2009,mwe,-0.424925,0.08944294620035724,2
arctic_canada_north,3_arctic_canada_north,combined,Huss_Huss_et_al,2010,mwe,-0.3548,0.14530984352410542,2
arctic_canada_north,3_arctic_canada_north,combined,Huss_Huss_et_al,2011,mwe,-0.8173250000000001,0.12237000500531166,2
arctic_canada_north,3_arctic_canada_north,combined,Huss_Huss_et_al,2012,mwe,-0.5412000000000001,0.22768460230107787,2
arctic_canada_north,3_arctic_canada_north,combined,Huss_Huss_et_al,2013,mwe,0.007949999999999985,0.18612168398657905,2
arctic_canada_north,3_arctic_canada_north,combined,Huss_Huss_et_al,2014,mwe,-0.35540000000000005,0.2222606929373703,2
arctic_canada_north,3_arctic_canada_north,combined,Huss_Huss_et_al,2015,mwe,-0.473875,0.19410175327647095,2
arctic_canada_north,3_arctic_canada_north,combined,Huss_Huss_et_al,2016,mwe,-0.17450000000000002,0.1884133521011714,2
arctic_canada_north,3_arctic_canada_north,combined,Huss_Huss_et_al,2017,mwe,0.10350000000000001,0.21257379012945132,2
arctic_canada_north,3_arctic_canada_north,combined,Huss_Huss_et_al,2018,mwe,-0.0926,0.15465979802456745,2
arctic_canada_north,3_arctic_canada_north,combined,Huss_Huss_et_al,2019,mwe,-0.60975,0.19766295176385484,2
arctic_canada_north,3_arctic_canada_north,combined,Huss_Huss_et_al,2020,mwe,-0.48377499999999996,0.1120290838354041,2
arctic_canada_north,3_arctic_canada_north,combined,Huss_Huss_et_al,2021,mwe,-0.298425,0.248025,1
arctic_canada_north,3_arctic_canada_north,demdiff,ETH_Hugonnet_et_al,2000,m,-0.27,0.08600000000000001,1
arctic_canada_north,3_arctic_canada_north,demdiff,ETH_Hugonnet_et_al,2001,m,-0.27,0.08600000000000001,1
arctic_canada_north,3_arctic_canada_north,demdiff,ETH_Hugonnet_et_al,2002,m,-0.27,0.08600000000000001,1
arctic_canada_north,3_arctic_canada_north,demdiff,ETH_Hugonnet_et_al,2003,m,-0.27,0.08600000000000001,1
arctic_canada_north,3_arctic_canada_north,demdiff,ETH_Hugonnet_et_al,2004,m,-0.27,0.08600000000000001,1
arctic_canada_north,3_arctic_canada_north,demdiff,ETH_Hugonnet_et_al,2005,m,-0.384,0.05600000000000001,1
arctic_canada_north,3_arctic_canada_north,demdiff,ETH_Hugonnet_et_al,2006,m,-0.384,0.05600000000000001,1
arctic_canada_north,3_arctic_canada_north,demdiff,ETH_Hugonnet_et_al,2007,m,-0.384,0.05600000000000001,1
arctic_canada_north,3_arctic_canada_north,demdiff,ETH_Hugonnet_et_al,2008,m,-0.384,0.05600000000000001,1
arctic_canada_north,3_arctic_canada_north,demdiff,ETH_Hugonnet_et_al,2009,m,-0.384,0.05600000000000001,1
arctic_canada_north,3_arctic_canada_north,demdiff,ETH_Hugonnet_et_al,2010,m,-0.397,0.046000000000000006,1
arctic_canada_north,3_arctic_canada_north,demdiff,ETH_Hugonnet_et_al,2011,m,-0.397,0.046000000000000006,1
arctic_canada_north,3_arctic_canada_north,demdiff,ETH_Hugonnet_et_al,2012,m,-0.397,0.046000000000000006,1
arctic_canada_north,3_arctic_canada_north,demdiff,ETH_Hugonnet_et_al,2013,m,-0.397,0.046000000000000006,1
arctic_canada_north,3_arctic_canada_north,demdiff,ETH_Hugonnet_et_al,2014,m,-0.397,0.046000000000000006,1
arctic_canada_north,3_arctic_canada_north,demdiff,ETH_Hugonnet_et_al,2015,m,-0.328,0.06,1
arctic_canada_north,3_arctic_canada_north,demdiff,ETH_Hugonnet_et_al,2016,m,-0.328,0.06,1
arctic_canada_north,3_arctic_canada_north,demdiff,ETH_Hugonnet_et_al,2017,m,-0.328,0.06,1
arctic_canada_north,3_arctic_canada_north,demdiff,ETH_Hugonnet_et_al,2018,m,-0.328,0.06,1
arctic_canada_north,3_arctic_canada_north,demdiff,ETH_Hugonnet_et_al,2019,m,-0.328,0.06,1
arctic_canada_north,3_arctic_canada_north,demdiff,Zheng et al._Zheng_et_al,2012,m,-0.1375135135135135,0.04726216216216216,1
arctic_canada_north,3_arctic_canada_north,demdiff,Zheng et al._Zheng_et_al,2013,m,-0.18335135135135136,0.06301621621621621,1
arctic_canada_north,3_arctic_canada_north,demdiff,Zheng et al._Zheng_et_al,2014,m,-0.18335135135135136,0.06301621621621621,1
arctic_canada_north,3_arctic_canada_north,demdiff,Zheng et al._Zheng_et_al,2015,m,-0.18335135135135136,0.06301621621621621,1
arctic_canada_north,3_arctic_canada_north,demdiff,Zheng et al._Zheng_et_al,2016,m,-0.18335135135135136,0.06301621621621621,1
arctic_canada_north,3_arctic_canada_north,demdiff,Zheng et al._Zheng_et_al,2017,m,-0.18335135135135136,0.06301621621621621,1
arctic_canada_north,3_arctic_canada_north,demdiff,Zheng et al._Zheng_et_al,2018,m,-0.18335135135135136,0.06301621621621621,1
arctic_canada_north,3_arctic_canada_north,demdiff,Zheng et al._Zheng_et_al,2019,m,-0.18335135135135136,0.06301621621621621,1
arctic_canada_north,3_arctic_canada_north,demdiff,Zheng et al._Zheng_et_al,2020,m,-0.18335135135135136,0.06301621621621621,1
arctic_canada_north,3_arctic_canada_north,demdiff,Zheng et al._Zheng_et_al,2021,m,-0.09167567567567568,0.031508108108108106,1
arctic_canada_north,3_arctic_canada_north,glaciological,UZH_GlaciolSineWave_Zemp_et_al,2000,mwe,-0.5211082976368889,0.18037092285187123,12
arctic_canada_north,3_arctic_canada_north,glaciological,UZH_GlaciolSineWave_Zemp_et_al,2001,mwe,-0.41688908313730977,0.14693595163445322,12
arctic_canada_north,3_arctic_canada_north,glaciological,UZH_GlaciolSineWave_Zemp_et_al,2002,mwe,-0.02914164370772941,0.038834213988834784,12
arctic_canada_north,3_arctic_canada_north,glaciological,UZH_GlaciolSineWave_Zemp_et_al,2003,mwe,-0.1371824108154025,0.06043271165543295,12
arctic_canada_north,3_arctic_canada_north,glaciological,UZH_GlaciolSineWave_Zemp_et_al,2004,mwe,-0.01459488134134719,0.03579614760889493,12
arctic_canada_north,3_arctic_canada_north,glaciological,UZH_GlaciolSineWave_Zemp_et_al,2005,mwe,-0.2206458907306952,0.105511062003806,12
arctic_canada_north,3_arctic_canada_north,glaciological,UZH_GlaciolSineWave_Zemp_et_al,2006,mwe,-0.21785923041015368,0.11208850033467697,12
arctic_canada_north,3_arctic_canada_north,glaciological,UZH_GlaciolSineWave_Zemp_et_al,2007,mwe,-0.6352254567200909,0.20451757510823426,12
arctic_canada_north,3_arctic_canada_north,glaciological,UZH_GlaciolSineWave_Zemp_et_al,2008,mwe,-0.7150774411408436,0.2242640701943119,12
arctic_canada_north,3_arctic_canada_north,glaciological,UZH_GlaciolSineWave_Zemp_et_al,2009,mwe,-0.5158080190017681,0.18019319183859045,12
arctic_canada_north,3_arctic_canada_north,glaciological,UZH_GlaciolSineWave_Zemp_et_al,2010,mwe,-0.5780605795721899,0.19855982513066206,12
arctic_canada_north,3_arctic_canada_north,glaciological,UZH_GlaciolSineWave_Zemp_et_al,2011,mwe,-1.1124208889347182,0.34359316638842713,12
arctic_canada_north,3_arctic_canada_north,glaciological,UZH_GlaciolSineWave_Zemp_et_al,2012,mwe,-1.0479929257889282,0.33065835299096963,12
arctic_canada_north,3_arctic_canada_north,glaciological,UZH_GlaciolSineWave_Zemp_et_al,2013,mwe,0.0074445415686499004,0.061853999628900494,12
arctic_canada_north,3_arctic_canada_north,glaciological,UZH_GlaciolSineWave_Zemp_et_al,2014,mwe,-0.12640444655983563,0.09146972506451417,12
arctic_canada_north,3_arctic_canada_north,glaciological,UZH_GlaciolSineWave_Zemp_et_al,2015,mwe,-0.8068657168476557,0.2623491881954793,12
arctic_canada_north,3_arctic_canada_north,glaciological,UZH_GlaciolSineWave_Zemp_et_al,2016,mwe,-0.6816282878936618,0.24035286481224105,12
arctic_canada_north,3_arctic_canada_north,glaciological,UZH_GlaciolSineWave_Zemp_et_al,2017,mwe,-0.015101548698886899,0.08386629270563925,12
arctic_canada_north,3_arctic_canada_north,glaciological,UZH_GlaciolSineWave_Zemp_et_al,2018,mwe,0.1500503372904914,0.039358062974913094,12
arctic_canada_north,3_arctic_canada_north,glaciological,UZH_GlaciolSineWave_Zemp_et_al,2019,mwe,-0.6952102615174649,0.22417160930455723,12
arctic_canada_north,3_arctic_canada_north,glaciological,UZH_GlaciolSineWave_Zemp_et_al,2020,mwe,-0.623840075773032,0.188347590171793,12
arctic_canada_north,3_arctic_canada_north,glaciological,UZH_GlaciolSineWave_Zemp_et_al,2021,mwe,-0.05437828437096233,0.06402009445564573,12
arctic_canada_north,3_arctic_canada_north,glaciological,UZH_GlaciolSineWave_Zemp_et_al,2022,mwe,-0.631540532067776,0.17983087593142746,12
arctic_canada_north,3_arctic_canada_north,glaciological,UZH_GlaciolSineWave_Zemp_et_al,2023,mwe,-0.6191051487681672,0.18421308479807175,12
arctic_canada_north,3_arctic_canada_north,glaciological,WGMS-beta_WGMS,2000,mwe,0.058437499999999996,0.2561895892336019,2
arctic_canada_north,3_arctic_canada_north,glaciological,WGMS-beta_WGMS,2001,mwe,0.3116875,0.2561895892336019,2
arctic_canada_north,3_arctic_canada_north,glaciological,WGMS-beta_WGMS,2002,mwe,0.45787500000000003,0.2561895892336019,2
arctic_canada_north,3_arctic_canada_north,glaciological,WGMS-beta_WGMS,2003,mwe,0.38425,0.2561895892336019,2
arctic_canada_north,3_arctic_canada_north,glaciological,WGMS-beta_WGMS,2004,mwe,0.5171875,0.2561895892336019,2
arctic_canada_north,3_arctic_canada_north,glaciological,WGMS-beta_WGMS,2005,mwe,0.1703125,0.2561895892336019,2
arctic_canada_north,3_arctic_canada_north,glaciological,WGMS-beta_WGMS,2006,mwe,0.17743750000000003,0.2561895892336019,2
arctic_canada_north,3_arctic_canada_north,glaciological,WGMS-beta_WGMS,2007,mwe,-0.229375,0.2561895892336019,2
arctic_canada_north,3_arctic_canada_north,glaciological,WGMS-beta_WGMS,2008,mwe,-0.209875,0.2561895892336019,2
arctic_canada_north,3_arctic_canada_north,glaciological,WGMS-beta_WGMS,2009,mwe,-0.036562500000000005,0.2561895892336019,2
arctic_canada_north,3_arctic_canada_north,glaciological,WGMS-beta_WGMS,2010,mwe,-0.148125,0.2561895892336019,2
arctic_canada_north,3_arctic_canada_north,glaciological,WGMS-beta_WGMS,2011,mwe,-0.58275,0.2561895892336019,2
arctic_canada_north,3_arctic_canada_north,glaciological,WGMS-beta_WGMS,2012,mwe,-0.28525,0.2561895892336019,2
arctic_canada_north,3_arctic_canada_north,glaciological,WGMS-beta_WGMS,2013,mwe,0.447875,0.2561895892336019,2
arctic_canada_north,3_arctic_canada_north,glaciological,WGMS-beta_WGMS,2014,mwe,0.14606250000000004,0.2561895892336019,2
arctic_canada_north,3_arctic_canada_north,glaciological,WGMS-beta_WGMS,2015,mwe,-0.247375,0.2561895892336019,2
arctic_canada_north,3_arctic_canada_north,glaciological,WGMS-beta_WGMS,2016,mwe,0.055312500000000014,0.2561895892336019,2
arctic_canada_north,3_arctic_canada_north,glaciological,WGMS-beta_WGMS,2017,mwe,0.5384375,0.2561895892336019,2
arctic_canada_north,3_arctic_canada_north,glaciological,WGMS-beta_WGMS,2018,mwe,0.40793750000000006,0.2561895892336019,2
arctic_canada_north,3_arctic_canada_north,glaciological,WGMS-beta_WGMS,2019,mwe,-0.18356250000000002,0.2561895892336019,2
arctic_canada_north,3_arctic_canada_north,glaciological,WGMS-beta_WGMS,2020,mwe,-0.034812500000000024,0.2561895892336019,2
arctic_canada_north,3_arctic_canada_north,glaciological,WGMS-beta_WGMS,2021,mwe,0.3055625,0.2561895892336019,2
arctic_canada_north,3_arctic_canada_north,glaciological,WGMS-beta_WGMS,2022,mwe,-0.14641666666666664,0.25791237365832426,2
arctic_canada_north,3_arctic_canada_north,glaciological,WGMS-beta_WGMS,2023,mwe,-0.09987916666666662,0.2714596365612604,2
arctic_canada_north,3_arctic_canada_north,gravimetry,Harig_Group_Harig_et_al,2002,Gt,-70.42212321327672,185.4857264838543,9
arctic_canada_north,3_arctic_canada_north,gravimetry,Harig_Group_Harig_et_al,2003,Gt,8.141730056637691,264.52793402949965,12
arctic_canada_north,3_arctic_canada_north,gravimetry,Harig_Group_Harig_et_al,2004,Gt,-0.8758963581964707,272.32168830677665,12
arctic_canada_north,3_arctic_canada_north,gravimetry,Harig_Group_Harig_et_al,2005,Gt,-20.66087036558826,277.0261449955683,12
arctic_canada_north,3_arctic_canada_north,gravimetry,Harig_Group_Harig_et_al,2006,Gt,-51.52407555537286,277.01012497393356,12
arctic_canada_north,3_arctic_canada_north,gravimetry,Harig_Group_Harig_et_al,2007,Gt,-23.18585123882349,277.0256027574922,12
arctic_canada_north,3_arctic_canada_north,gravimetry,Harig_Group_Harig_et_al,2008,Gt,-62.875306965027306,276.96719099050796,12
arctic_canada_north,3_arctic_canada_north,gravimetry,Harig_Group_Harig_et_al,2009,Gt,-68.81220539752627,277.0261449955682,12
arctic_canada_north,3_arctic_canada_north,gravimetry,Harig_Group_Harig_et_al,2010,Gt,-35.17301498896887,272.3946561602901,12
arctic_canada_north,3_arctic_canada_north,gravimetry,Harig_Group_Harig_et_al,2011,Gt,-70.87628945048414,243.3927597331097,12
arctic_canada_north,3_arctic_canada_north,gravimetry,Harig_Group_Harig_et_al,2012,Gt,-55.65612584456858,251.23517537587847,12
arctic_canada_north,3_arctic_canada_north,gravimetry,Harig_Group_Harig_et_al,2013,Gt,52.378218256776165,225.5616346255876,12
arctic_canada_north,3_arctic_canada_north,gravimetry,Harig_Group_Harig_et_al,2014,Gt,-59.1780582772696,216.1976044877476,12
arctic_canada_north,3_arctic_canada_north,gravimetry,Harig_Group_Harig_et_al,2015,Gt,-66.7723047033939,224.60628372076852,12
arctic_canada_north,3_arctic_canada_north,gravimetry,Harig_Group_Harig_et_al,2016,Gt,-9.71021938768149,221.39875023384195,12
arctic_canada_north,3_arctic_canada_north,gravimetry,Harig_Group_Harig_et_al,2017,Gt,,,12
arctic_canada_north,3_arctic_canada_north,gravimetry,Harig_Group_Harig_et_al,2018,Gt,,,12
arctic_canada_north,3_arctic_canada_north,gravimetry,Harig_Group_Harig_et_al,2019,Gt,-37.343220433204124,277.02560275749534,12
arctic_canada_north,3_arctic_canada_north,gravimetry,Harig_Group_Harig_et_al,2020,Gt,-33.63566746450692,276.96719099051114,12
arctic_canada_north,3_arctic_canada_north,gravimetry,Harig_Group_Harig_et_al,2021,Gt,-7.26070495622821,277.0261449955713,12
arctic_canada_north,3_arctic_canada_north,gravimetry,Harig_Group_Harig_et_al,2022,Gt,-68.64283144062085,277.01012497393185,12
arctic_canada_north,3_arctic_canada_north,gravimetry,Harig_Group_Harig_et_al,2023,Gt,-25.480847408440013,89.41791151705391,2
arctic_canada_north,3_arctic_canada_north,gravimetry,Jacob_2012_dmdt_Jacob_et_al,2003,Gt,-34.00042105263125,5.999999999999942,1
arctic_canada_north,3_arctic_canada_north,gravimetry,Jacob_2012_dmdt_Jacob_et_al,2004,Gt,-34.00042105263125,5.999999999999942,1
arctic_canada_north,3_arctic_canada_north,gravimetry,Jacob_2012_dmdt_Jacob_et_al,2005,Gt,-34.00042105263125,5.999999999999942,1
arctic_canada_north,3_arctic_canada_north,gravimetry,Jacob_2012_dmdt_Jacob_et_al,2006,Gt,-34.00042105263125,5.999999999999942,1
arctic_canada_north,3_arctic_canada_north,gravimetry,Jacob_2012_dmdt_Jacob_et_al,2007,Gt,-34.00042105263125,5.999999999999942,1
arctic_canada_north,3_arctic_canada_north,gravimetry,Jacob_2012_dmdt_Jacob_et_al,2008,Gt,-34.00042105263125,5.999999999999942,1
arctic_canada_north,3_arctic_canada_north,gravimetry,Jacob_2012_dmdt_Jacob_et_al,2009,Gt,-34.00042105263125,5.999999999999942,1
arctic_canada_north,3_arctic_canada_north,gravimetry,Jacob_2012_dmdt_Jacob_et_al,2010,Gt,-31.167052631581228,5.500000000000402,1
arctic_canada_north,3_arctic_canada_north,gravimetry,LEGOS-MAGELLIUM-bis_Pfeffer_et_al,2002,Gt,15.543156160227277,47.08235467487247,9
arctic_canada_north,3_arctic_canada_north,gravimetry,LEGOS-MAGELLIUM-bis_Pfeffer_et_al,2003,Gt,-27.68301012109326,69.1354991323812,12
arctic_canada_north,3_arctic_canada_north,gravimetry,LEGOS-MAGELLIUM-bis_Pfeffer_et_al,2004,Gt,6.1563748162078,32.84624339469797,12
arctic_canada_north,3_arctic_canada_north,gravimetry,LEGOS-MAGELLIUM-bis_Pfeffer_et_al,2005,Gt,-37.23578183750077,46.903960226822036,12
arctic_canada_north,3_arctic_canada_north,gravimetry,LEGOS-MAGELLIUM-bis_Pfeffer_et_al,2006,Gt,-14.358365133362916,79.99637501843229,12
arctic_canada_north,3_arctic_canada_north,gravimetry,LEGOS-MAGELLIUM-bis_Pfeffer_et_al,2007,Gt,-52.702098943704414,46.74991222068042,12
arctic_canada_north,3_arctic_canada_north,gravimetry,LEGOS-MAGELLIUM-bis_Pfeffer_et_al,2008,Gt,-51.73138807703751,49.00582399909677,12
arctic_canada_north,3_arctic_canada_north,gravimetry,LEGOS-MAGELLIUM-bis_Pfeffer_et_al,2009,Gt,-43.47036230919332,60.02835088485616,12
arctic_canada_north,3_arctic_canada_north,gravimetry,LEGOS-MAGELLIUM-bis_Pfeffer_et_al,2010,Gt,-21.499630906624475,40.7863119701013,12
arctic_canada_north,3_arctic_canada_north,gravimetry,LEGOS-MAGELLIUM-bis_Pfeffer_et_al,2011,Gt,-90.09311250872238,68.31334084980199,12
arctic_canada_north,3_arctic_canada_north,gravimetry,LEGOS-MAGELLIUM-bis_Pfeffer_et_al,2012,Gt,-55.36349059479301,38.9110293478314,12
arctic_canada_north,3_arctic_canada_north,gravimetry,LEGOS-MAGELLIUM-bis_Pfeffer_et_al,2013,Gt,29.17818558229044,49.614600882064266,12
arctic_canada_north,3_arctic_canada_north,gravimetry,LEGOS-MAGELLIUM-bis_Pfeffer_et_al,2014,Gt,-35.38649959376352,47.69591354658193,12
arctic_canada_north,3_arctic_canada_north,gravimetry,LEGOS-MAGELLIUM-bis_Pfeffer_et_al,2015,Gt,-65.20071409558716,27.804267945945288,12
arctic_canada_north,3_arctic_canada_north,gravimetry,LEGOS-MAGELLIUM-bis_Pfeffer_et_al,2016,Gt,-5.5837936526066265,54.11644710985368,12
arctic_canada_north,3_arctic_canada_north,gravimetry,LEGOS-MAGELLIUM-bis_Pfeffer_et_al,2017,Gt,11.152363801428692,45.311637499292985,12
arctic_canada_north,3_arctic_canada_north,gravimetry,LEGOS-MAGELLIUM-bis_Pfeffer_et_al,2018,Gt,-6.718588634266837,32.775715296573075,12
arctic_canada_north,3_arctic_canada_north,gravimetry,LEGOS-MAGELLIUM-bis_Pfeffer_et_al,2019,Gt,-51.334007179899174,43.21722575044774,12
arctic_canada_north,3_arctic_canada_north,gravimetry,LEGOS-MAGELLIUM-bis_Pfeffer_et_al,2020,Gt,-45.39367751720192,48.52279026189235,12
arctic_canada_north,3_arctic_canada_north,gravimetry,LEGOS-MAGELLIUM-bis_Pfeffer_et_al,2021,Gt,-0.22938709067193486,59.584513541541,12
arctic_canada_north,3_arctic_canada_north,gravimetry,LEGOS-MAGELLIUM-bis_Pfeffer_et_al,2022,Gt,-60.77142318030121,54.11461689842168,8
arctic_canada_north,3_arctic_canada_north,gravimetry,LEGOS-MAGELLIUM_Pfeffer_et_al,2002,Gt,11.665303863191276,47.12837685768215,9
arctic_canada_north,3_arctic_canada_north,gravimetry,LEGOS-MAGELLIUM_Pfeffer_et_al,2003,Gt,-32.70563522068033,69.12169592439281,12
arctic_canada_north,3_arctic_canada_north,gravimetry,LEGOS-MAGELLIUM_Pfeffer_et_al,2004,Gt,1.784386550404144,32.88589336453582,12
arctic_canada_north,3_arctic_canada_north,gravimetry,LEGOS-MAGELLIUM_Pfeffer_et_al,2005,Gt,-42.92803117200825,46.93335024389336,12
arctic_canada_north,3_arctic_canada_north,gravimetry,LEGOS-MAGELLIUM_Pfeffer_et_al,2006,Gt,-19.54565458284293,79.98599439177195,12
arctic_canada_north,3_arctic_canada_north,gravimetry,LEGOS-MAGELLIUM_Pfeffer_et_al,2007,Gt,-59.13654772214527,46.709500421248,12
arctic_canada_north,3_arctic_canada_north,gravimetry,LEGOS-MAGELLIUM_Pfeffer_et_al,2008,Gt,-59.68168974479369,49.030764645057566,12
arctic_canada_north,3_arctic_canada_north,gravimetry,LEGOS-MAGELLIUM_Pfeffer_et_al,2009,Gt,-51.43456198731593,60.017472916231334,12
arctic_canada_north,3_arctic_canada_north,gravimetry,LEGOS-MAGELLIUM_Pfeffer_et_al,2010,Gt,-28.080640398988635,40.78492900802402,12
arctic_canada_north,3_arctic_canada_north,gravimetry,LEGOS-MAGELLIUM_Pfeffer_et_al,2011,Gt,-96.73304902508374,68.36368036372156,12
arctic_canada_north,3_arctic_canada_north,gravimetry,LEGOS-MAGELLIUM_Pfeffer_et_al,2012,Gt,-61.731664794761514,38.856639109892924,12
arctic_canada_north,3_arctic_canada_north,gravimetry,LEGOS-MAGELLIUM_Pfeffer_et_al,2013,Gt,23.123875415334396,49.63024734044983,12
arctic_canada_north,3_arctic_canada_north,gravimetry,LEGOS-MAGELLIUM_Pfeffer_et_al,2014,Gt,-41.87775130251458,47.668994745745515,12
arctic_canada_north,3_arctic_canada_north,gravimetry,LEGOS-MAGELLIUM_Pfeffer_et_al,2015,Gt,-71.45114598861755,27.779661062086994,12
arctic_canada_north,3_arctic_canada_north,gravimetry,LEGOS-MAGELLIUM_Pfeffer_et_al,2016,Gt,-10.45098458593657,54.180028129139174,12
arctic_canada_north,3_arctic_canada_north,gravimetry,LEGOS-MAGELLIUM_Pfeffer_et_al,2017,Gt,7.367230340199171,45.30343220448879,12
arctic_canada_north,3_arctic_canada_north,gravimetry,LEGOS-MAGELLIUM_Pfeffer_et_al,2018,Gt,-11.961971428753827,32.81867928673795,12
arctic_canada_north,3_arctic_canada_north,gravimetry,LEGOS-MAGELLIUM_Pfeffer_et_al,2019,Gt,-58.37363233115241,43.24628968195566,12
arctic_canada_north,3_arctic_canada_north,gravimetry,LEGOS-MAGELLIUM_Pfeffer_et_al,2020,Gt,-51.32788763959206,48.530944387231926,12
arctic_canada_north,3_arctic_canada_north,gravimetry,LEGOS-MAGELLIUM_Pfeffer_et_al,2021,Gt,-6.164308091912288,59.599595281855805,12
arctic_canada_north,3_arctic_canada_north,gravimetry,LEGOS-MAGELLIUM_Pfeffer_et_al,2022,Gt,-64.47286671696872,54.1073098848162,8
arctic_canada_north,3_arctic_canada_north,gravimetry,Sasgen_AWIarc_RL01_2_Sasgen_et_al,2002,Gt,4.8648387096749355,28.993107214613268,9
arctic_canada_north,3_arctic_canada_north,gravimetry,Sasgen_AWIarc_RL01_2_Sasgen_et_al,2003,Gt,-27.635487479249967,40.23341340663856,12
arctic_canada_north,3_arctic_canada_north,gravimetry,Sasgen_AWIarc_RL01_2_Sasgen_et_al,2004,Gt,10.970375159693848,43.36311926650493,12
arctic_canada_north,3_arctic_canada_north,gravimetry,Sasgen_AWIarc_RL01_2_Sasgen_et_al,2005,Gt,-30.20391993850751,33.43403327432461,12
arctic_canada_north,3_arctic_canada_north,gravimetry,Sasgen_AWIarc_RL01_2_Sasgen_et_al,2006,Gt,-12.738064516128496,33.01480940730699,12
arctic_canada_north,3_arctic_canada_north,gravimetry,Sasgen_AWIarc_RL01_2_Sasgen_et_al,2007,Gt,-43.723992928331164,30.098751401364183,12
arctic_canada_north,3_arctic_canada_north,gravimetry,Sasgen_AWIarc_RL01_2_Sasgen_et_al,2008,Gt,-61.72693523839635,32.01746607163521,12
arctic_canada_north,3_arctic_canada_north,gravimetry,Sasgen_AWIarc_RL01_2_Sasgen_et_al,2009,Gt,-55.88455570423898,38.236449217084854,12
arctic_canada_north,3_arctic_canada_north,gravimetry,Sasgen_AWIarc_RL01_2_Sasgen_et_al,2010,Gt,-33.19225806451624,39.96942586183937,12
arctic_canada_north,3_arctic_canada_north,gravimetry,Sasgen_AWIarc_RL01_2_Sasgen_et_al,2011,Gt,-79.01250513347782,37.91207185438405,12
arctic_canada_north,3_arctic_canada_north,gravimetry,Sasgen_AWIarc_RL01_2_Sasgen_et_al,2012,Gt,-64.39624155672556,55.821881167595535,12
arctic_canada_north,3_arctic_canada_north,gravimetry,Sasgen_AWIarc_RL01_2_Sasgen_et_al,2013,Gt,42.065413356876604,31.914566952541634,12
arctic_canada_north,3_arctic_canada_north,gravimetry,Sasgen_AWIarc_RL01_2_Sasgen_et_al,2014,Gt,-48.157860696491014,24.408914488842314,12
arctic_canada_north,3_arctic_canada_north,gravimetry,Sasgen_AWIarc_RL01_2_Sasgen_et_al,2015,Gt,-72.03311660983354,43.57664278691523,12
arctic_canada_north,3_arctic_canada_north,gravimetry,Sasgen_AWIarc_RL01_2_Sasgen_et_al,2016,Gt,19.387579831468145,30.71579219056532,12
arctic_canada_north,3_arctic_canada_north,gravimetry,Sasgen_AWIarc_RL01_2_Sasgen_et_al,2017,Gt,-15.295802884539114,31.144705552483614,12
arctic_canada_north,3_arctic_canada_north,gravimetry,Sasgen_AWIarc_RL01_2_Sasgen_et_al,2018,Gt,0.644146595950815,19.89801442840011,12
arctic_canada_north,3_arctic_canada_north,gravimetry,Sasgen_AWIarc_RL01_2_Sasgen_et_al,2019,Gt,-38.8434794639831,31.654773235484427,12
arctic_canada_north,3_arctic_canada_north,gravimetry,Sasgen_AWIarc_RL01_2_Sasgen_et_al,2020,Gt,-39.80099310386305,33.172293939041204,12
arctic_canada_north,3_arctic_canada_north,gravimetry,Sasgen_AWIarc_RL01_2_Sasgen_et_al,2021,Gt,-2.31972098054473,34.34827989174254,12
arctic_canada_north,3_arctic_canada_north,gravimetry,Sasgen_AWIarc_RL01_2_Sasgen_et_al,2022,Gt,-48.40741935483766,36.32717938318742,11
arctic_canada_north,3_arctic_canada_north,gravimetry,Velicogna_Sutterley_et_al,2002,gt,22.991487096772186,65.71663856592421,9
arctic_canada_north,3_arctic_canada_north,gravimetry,Velicogna_Sutterley_et_al,2003,gt,-48.457181642709614,91.57057389619753,12
arctic_canada_north,3_arctic_canada_north,gravimetry,Velicogna_Sutterley_et_al,2004,gt,13.19344644355035,98.38784295124954,12
arctic_canada_north,3_arctic_canada_north,gravimetry,Velicogna_Sutterley_et_al,2005,gt,-74.79778092986935,98.41111056207826,12
arctic_canada_north,3_arctic_canada_north,gravimetry,Velicogna_Sutterley_et_al,2006,gt,-9.311322580650186,98.40531347155448,12
arctic_canada_north,3_arctic_canada_north,gravimetry,Velicogna_Sutterley_et_al,2007,gt,-53.091860777880015,98.41081158636179,12
arctic_canada_north,3_arctic_canada_north,gravimetry,Velicogna_Sutterley_et_al,2008,gt,-55.60080914494915,98.38784295124981,12
arctic_canada_north,3_arctic_canada_north,gravimetry,Velicogna_Sutterley_et_al,2009,gt,-31.49837523845474,98.41111056207905,12
arctic_canada_north,3_arctic_canada_north,gravimetry,Velicogna_Sutterley_et_al,2010,gt,-45.64971339529197,96.66546497549209,12
arctic_canada_north,3_arctic_canada_north,gravimetry,Velicogna_Sutterley_et_al,2011,gt,-129.14148824303425,80.22143886824475,12
arctic_canada_north,3_arctic_canada_north,gravimetry,Velicogna_Sutterley_et_al,2012,gt,-48.16536504732858,81.91617533923477,12
arctic_canada_north,3_arctic_canada_north,gravimetry,Velicogna_Sutterley_et_al,2013,gt,29.75712152435824,77.81242487701428,12
arctic_canada_north,3_arctic_canada_north,gravimetry,Velicogna_Sutterley_et_al,2014,gt,-36.987138709670205,78.05497618560565,12
arctic_canada_north,3_arctic_canada_north,gravimetry,Velicogna_Sutterley_et_al,2015,gt,-56.86804763120995,75.60451540156865,12
arctic_canada_north,3_arctic_canada_north,gravimetry,Velicogna_Sutterley_et_al,2016,gt,-29.100815765983725,77.70350290327659,12
arctic_canada_north,3_arctic_canada_north,gravimetry,Velicogna_Sutterley_et_al,2017,gt,53.00425774099125,54.77416933286355,12
arctic_canada_north,3_arctic_canada_north,gravimetry,Velicogna_Sutterley_et_al,2018,gt,-34.31349756960384,52.62820363657556,12
arctic_canada_north,3_arctic_canada_north,gravimetry,Velicogna_Sutterley_et_al,2019,gt,-61.730089229390956,98.410811586361,12
arctic_canada_north,3_arctic_canada_north,gravimetry,Velicogna_Sutterley_et_al,2020,gt,-50.87225170106615,98.3878429512487,12
arctic_canada_north,3_arctic_canada_north,gravimetry,Velicogna_Sutterley_et_al,2021,gt,-3.8027235856775405,98.41111056207748,12
arctic_canada_north,3_arctic_canada_north,gravimetry,Velicogna_Sutterley_et_al,2022,gt,-43.23701290320662,98.4053134715537,12
arctic_canada_north,3_arctic_canada_north,gravimetry,Velicogna_Sutterley_et_al,2023,gt,-49.07243870969569,32.03605966363666,2
arctic_canada_north,3_arctic_canada_north,gravimetry,Wouters_Wouters_et_al,2002,Gt,-16.4812918057464,78.46309330988915,10
arctic_canada_north,3_arctic_canada_north,gravimetry,Wouters_Wouters_et_al,2003,Gt,-6.021171053283499,68.48861984958684,12
arctic_canada_north,3_arctic_canada_north,gravimetry,Wouters_Wouters_et_al,2004,Gt,31.82645891708126,66.37256824948575,12
arctic_canada_north,3_arctic_canada_north,gravimetry,Wouters_Wouters_et_al,2005,Gt,-24.637707769131772,74.23202151693852,12
arctic_canada_north,3_arctic_canada_north,gravimetry,Wouters_Wouters_et_al,2006,Gt,-40.527490931864314,77.32223613002029,12
arctic_canada_north,3_arctic_canada_north,gravimetry,Wouters_Wouters_et_al,2007,Gt,-47.3716519273743,83.00254581776849,12
arctic_canada_north,3_arctic_canada_north,gravimetry,Wouters_Wouters_et_al,2008,Gt,-56.82415019774402,90.01198730312468,12
arctic_canada_north,3_arctic_canada_north,gravimetry,Wouters_Wouters_et_al,2009,Gt,-45.03322463522298,98.61436282154772,12
arctic_canada_north,3_arctic_canada_north,gravimetry,Wouters_Wouters_et_al,2010,Gt,-41.87852375835203,104.25581470465931,12
arctic_canada_north,3_arctic_canada_north,gravimetry,Wouters_Wouters_et_al,2011,Gt,-79.42198414455558,92.1121200869743,12
arctic_canada_north,3_arctic_canada_north,gravimetry,Wouters_Wouters_et_al,2012,Gt,-56.42352466010442,97.97272898859254,12
arctic_canada_north,3_arctic_canada_north,gravimetry,Wouters_Wouters_et_al,2013,Gt,42.22050970416399,96.70060132806243,12
arctic_canada_north,3_arctic_canada_north,gravimetry,Wouters_Wouters_et_al,2014,Gt,-33.529807501584,104.895699909769,12
arctic_canada_north,3_arctic_canada_north,gravimetry,Wouters_Wouters_et_al,2015,Gt,-59.41515575287315,104.52438268804404,12
arctic_canada_north,3_arctic_canada_north,gravimetry,Wouters_Wouters_et_al,2016,Gt,33.20154633157085,112.90689911403841,12
arctic_canada_north,3_arctic_canada_north,gravimetry,Wouters_Wouters_et_al,2017,Gt,-11.859326000093862,100.21286148190204,12
arctic_canada_north,3_arctic_canada_north,gravimetry,Wouters_Wouters_et_al,2018,Gt,7.637629304025154,89.02654738758268,12
arctic_canada_north,3_arctic_canada_north,gravimetry,Wouters_Wouters_et_al,2019,Gt,-35.176772781172986,172.49604762690547,12
arctic_canada_north,3_arctic_canada_north,gravimetry,Wouters_Wouters_et_al,2020,Gt,-23.22883102089105,183.2297694040279,12
arctic_canada_north,3_arctic_canada_north,gravimetry,Wouters_Wouters_et_al,2021,Gt,-33.10787054245799,174.71634287668743,10
arctic_canada_south,4_arctic_canada_south,altimetry,Gardner2013_icesat_Gardner_et_al,2003,m,-0.16416666666666666,0.016666666666666666,1
arctic_canada_south,4_arctic_canada_south,altimetry,Gardner2013_icesat_Gardner_et_al,2004,m,-0.6566666666666666,0.06666666666666667,1
arctic_canada_south,4_arctic_canada_south,altimetry,Gardner2013_icesat_Gardner_et_al,2005,m,-0.6566666666666666,0.06666666666666667,1
arctic_canada_south,4_arctic_canada_south,altimetry,Gardner2013_icesat_Gardner_et_al,2006,m,-0.6566666666666666,0.06666666666666667,1
arctic_canada_south,4_arctic_canada_south,altimetry,Gardner2013_icesat_Gardner_et_al,2007,m,-0.6566666666666666,0.06666666666666667,1
arctic_canada_south,4_arctic_canada_south,altimetry,Gardner2013_icesat_Gardner_et_al,2008,m,-0.6566666666666666,0.06666666666666667,1
arctic_canada_south,4_arctic_canada_south,altimetry,Gardner2013_icesat_Gardner_et_al,2009,m,-0.4925,0.05,1
arctic_canada_south,4_arctic_canada_south,altimetry,Jakob_Gourmelen_Jakob_et_al,2010,m,-0.1296689818277088,0.35986685544147495,4
arctic_canada_south,4_arctic_canada_south,altimetry,Jakob_Gourmelen_Jakob_et_al,2011,m,-0.9271599078330159,0.7794959268268051,12
arctic_canada_south,4_arctic_canada_south,altimetry,Jakob_Gourmelen_Jakob_et_al,2012,m,-1.2361021958546041,0.7938010759954569,12
arctic_canada_south,4_arctic_canada_south,altimetry,Jakob_Gourmelen_Jakob_et_al,2013,m,-0.13677281488467266,0.7811079816243257,12
arctic_canada_south,4_arctic_canada_south,altimetry,Jakob_Gourmelen_Jakob_et_al,2014,m,-0.7345893326000006,0.7770272895733029,12
arctic_canada_south,4_arctic_canada_south,altimetry,Jakob_Gourmelen_Jakob_et_al,2015,m,-0.8374516268447675,0.7707668978914183,12
arctic_canada_south,4_arctic_canada_south,altimetry,Jakob_Gourmelen_Jakob_et_al,2016,m,-1.069264164533396,0.7933027973219456,12
arctic_canada_south,4_arctic_canada_south,altimetry,Jakob_Gourmelen_Jakob_et_al,2017,m,-0.11018680662183743,0.7948445159832263,12
arctic_canada_south,4_arctic_canada_south,altimetry,Jakob_Gourmelen_Jakob_et_al,2018,m,0.13814017306656803,0.8134050046445686,12
arctic_canada_south,4_arctic_canada_south,altimetry,Jakob_Gourmelen_Jakob_et_al,2019,m,-1.6521545773682829,0.8614156306030801,12
arctic_canada_south,4_arctic_canada_south,altimetry,Jakob_Gourmelen_Jakob_et_al,2020,m,-0.4541306946982866,0.580919424669029,8
arctic_canada_south,4_arctic_canada_south,altimetry,Khan_Khan_et_al,2003,m,-0.47269750000003374,0.05523375000000394,1
arctic_canada_south,4_arctic_canada_south,altimetry,Khan_Khan_et_al,2004,m,-0.5156699999999942,0.060254999999999316,1
arctic_canada_south,4_arctic_canada_south,altimetry,Khan_Khan_et_al,2005,m,-0.5156699999999942,0.060254999999999316,1
arctic_canada_south,4_arctic_canada_south,altimetry,Khan_Khan_et_al,2006,m,-0.5156699999999942,0.060254999999999316,1
arctic_canada_south,4_arctic_canada_south,altimetry,Khan_Khan_et_al,2007,m,-0.5156699999999942,0.060254999999999316,1
arctic_canada_south,4_arctic_canada_south,altimetry,Khan_Khan_et_al,2008,m,-0.5156699999999942,0.060254999999999316,1
arctic_canada_south,4_arctic_canada_south,altimetry,Khan_Khan_et_al,2009,m,-0.5053024999999957,0.05239077735509463,2
arctic_canada_south,4_arctic_canada_south,altimetry,Khan_Khan_et_al,2010,m,-0.4742,0.10602222222222223,1
arctic_canada_south,4_arctic_canada_south,altimetry,Khan_Khan_et_al,2011,m,-0.4742,0.10602222222222223,1
arctic_canada_south,4_arctic_canada_south,altimetry,Khan_Khan_et_al,2012,m,-0.4742,0.10602222222222223,1
arctic_canada_south,4_arctic_canada_south,altimetry,Khan_Khan_et_al,2013,m,-0.4742,0.10602222222222223,1
arctic_canada_south,4_arctic_canada_south,altimetry,Khan_Khan_et_al,2014,m,-0.4742,0.10602222222222223,1
arctic_canada_south,4_arctic_canada_south,altimetry,Khan_Khan_et_al,2015,m,-0.4742,0.10602222222222223,1
arctic_canada_south,4_arctic_canada_south,altimetry,Khan_Khan_et_al,2016,m,-0.4742,0.10602222222222223,1
arctic_canada_south,4_arctic_canada_south,altimetry,Khan_Khan_et_al,2017,m,-0.4742,0.10602222222222223,1
arctic_canada_south,4_arctic_canada_south,altimetry,Khan_Khan_et_al,2018,m,-0.508344545454548,0.07981031185114978,2
arctic_canada_south,4_arctic_canada_south,altimetry,Khan_Khan_et_al,2019,m,-0.6107781818181919,0.027360000000000453,1
arctic_canada_south,4_arctic_canada_south,altimetry,Khan_Khan_et_al,2020,m,-0.6107781818181919,0.027360000000000453,1
arctic_canada_south,4_arctic_canada_south,altimetry,Khan_Khan_et_al,2021,m,-0.6107781818181919,0.027360000000000453,1
arctic_canada_south,4_arctic_canada_south,altimetry,Khan_Khan_et_al,2022,m,-0.6107781818181919,0.027360000000000453,1
arctic_canada_south,4_arctic_canada_south,altimetry,Khan_Khan_et_al,2023,m,-0.20359272727268432,0.009119999999998078,1
arctic_canada_south,4_arctic_canada_south,altimetry,Tepes_Tepes_et_al,2010,m,-0.1807228915662631,0.025662650602409354,1
arctic_canada_south,4_arctic_canada_south,altimetry,Tepes_Tepes_et_al,2011,m,-0.7228915662650524,0.10265060240963741,1
arctic_canada_south,4_arctic_canada_south,altimetry,Tepes_Tepes_et_al,2012,m,-0.7228915662650524,0.10265060240963741,1
arctic_canada_south,4_arctic_canada_south,altimetry,Tepes_Tepes_et_al,2013,m,-0.7228915662650524,0.10265060240963741,1
arctic_canada_south,4_arctic_canada_south,altimetry,Tepes_Tepes_et_al,2014,m,-0.7228915662650524,0.10265060240963741,1
arctic_canada_south,4_arctic_canada_south,altimetry,Tepes_Tepes_et_al,2015,m,-0.7228915662650524,0.10265060240963741,1
arctic_canada_south,4_arctic_canada_south,altimetry,Tepes_Tepes_et_al,2016,m,-0.7228915662650524,0.10265060240963741,1
arctic_canada_south,4_arctic_canada_south,altimetry,Tepes_Tepes_et_al,2017,m,-0.481927710843423,0.06843373493976607,1
arctic_canada_south,4_arctic_canada_south,combined,ArcticInSituvGRACE_Box_et_al,2000,Gt,-26.924999999999997,14.104667002449933,2
arctic_canada_south,4_arctic_canada_south,combined,ArcticInSituvGRACE_Box_et_al,2001,Gt,-12.0475,37.510785782225355,2
arctic_canada_south,4_arctic_canada_south,combined,ArcticInSituvGRACE_Box_et_al,2002,Gt,3.995,9.587402215928984,2
arctic_canada_south,4_arctic_canada_south,combined,ArcticInSituvGRACE_Box_et_al,2003,Gt,-1.8749999999999991,22.164002487141172,2
arctic_canada_south,4_arctic_canada_south,combined,ArcticInSituvGRACE_Box_et_al,2004,Gt,7.067500000000001,7.676591447380797,2
arctic_canada_south,4_arctic_canada_south,combined,ArcticInSituvGRACE_Box_et_al,2005,Gt,-19.34,18.141667681059534,2
arctic_canada_south,4_arctic_canada_south,combined,ArcticInSituvGRACE_Box_et_al,2006,Gt,-17.015,15.078501459031,2
arctic_canada_south,4_arctic_canada_south,combined,ArcticInSituvGRACE_Box_et_al,2007,Gt,-45.4525,22.42152941371306,2
arctic_canada_south,4_arctic_canada_south,combined,ArcticInSituvGRACE_Box_et_al,2008,Gt,-48.5775,14.549477009501063,2
arctic_canada_south,4_arctic_canada_south,combined,ArcticInSituvGRACE_Box_et_al,2009,Gt,-36.017500000000005,23.410213849941655,2
arctic_canada_south,4_arctic_canada_south,combined,ArcticInSituvGRACE_Box_et_al,2010,Gt,-40.8425,23.720532377035724,2
arctic_canada_south,4_arctic_canada_south,combined,ArcticInSituvGRACE_Box_et_al,2011,Gt,-72.555,10.042617002056785,2
arctic_canada_south,4_arctic_canada_south,combined,ArcticInSituvGRACE_Box_et_al,2012,Gt,-48.2525,13.79250634402609,2
arctic_canada_south,4_arctic_canada_south,combined,ArcticInSituvGRACE_Box_et_al,2013,Gt,3.67,14.85809817069466,2
arctic_canada_south,4_arctic_canada_south,combined,ArcticInSituvGRACE_Box_et_al,2014,Gt,-20.9075,16.57975893220405,2
arctic_canada_south,4_arctic_canada_south,combined,ArcticInSituvGRACE_Box_et_al,2015,Gt,-46.614999999999995,13.357481985763636,2
arctic_canada_south,4_arctic_canada_south,combined,ArcticInSituvGRACE_Box_et_al,2016,Gt,-26.8,23.607823517851028,2
arctic_canada_south,4_arctic_canada_south,combined,ArcticInSituvGRACE_Box_et_al,2017,Gt,8.265,13.211955050256567,2
arctic_canada_south,4_arctic_canada_south,combined,ArcticInSituvGRACE_Box_et_al,2018,Gt,-1.0600000000000005,10.789171654951089,2
arctic_canada_south,4_arctic_canada_south,combined,ArcticInSituvGRACE_Box_et_al,2019,Gt,-47.5925,26.675903569513817,2
arctic_canada_south,4_arctic_canada_south,combined,ArcticInSituvGRACE_Box_et_al,2020,Gt,-35.267500000000005,22.86700365701637,2
arctic_canada_south,4_arctic_canada_south,combined,ArcticInSituvGRACE_Box_et_al,2021,Gt,-10.785,13.50032244985282,2
arctic_canada_south,4_arctic_canada_south,combined,ArcticInSituvGRACE_Box_et_al,2022,Gt,-41.1075,10.0275,1
arctic_canada_south,4_arctic_canada_south,combined,Box2018_Box_et_al,2002,Gt,-2.05,7.3675,1
arctic_canada_south,4_arctic_canada_south,combined,Box2018_Box_et_al,2003,Gt,-1.8749999999999991,22.164002487141172,2
arctic_canada_south,4_arctic_canada_south,combined,Box2018_Box_et_al,2004,Gt,7.067500000000001,7.676591447380797,2
arctic_canada_south,4_arctic_canada_south,combined,Box2018_Box_et_al,2005,Gt,-19.34,18.141667681059534,2
arctic_canada_south,4_arctic_canada_south,combined,Box2018_Box_et_al,2006,Gt,-17.015,15.078501459031,2
arctic_canada_south,4_arctic_canada_south,combined,Box2018_Box_et_al,2007,Gt,-45.4525,22.42152941371306,2
arctic_canada_south,4_arctic_canada_south,combined,Box2018_Box_et_al,2008,Gt,-48.5775,14.549477009501063,2
arctic_canada_south,4_arctic_canada_south,combined,Box2018_Box_et_al,2009,Gt,-36.017500000000005,23.410213849941655,2
arctic_canada_south,4_arctic_canada_south,combined,Box2018_Box_et_al,2010,Gt,-40.8425,23.720532377035724,2
arctic_canada_south,4_arctic_canada_south,combined,Box2018_Box_et_al,2011,Gt,-72.555,10.042617002056785,2
arctic_canada_south,4_arctic_canada_south,combined,Box2018_Box_et_al,2012,Gt,-48.2525,13.79250634402609,2
arctic_canada_south,4_arctic_canada_south,combined,Box2018_Box_et_al,2013,Gt,3.67,14.85809817069466,2
arctic_canada_south,4_arctic_canada_south,combined,Box2018_Box_et_al,2014,Gt,-20.9075,16.57975893220405,2
arctic_canada_south,4_arctic_canada_south,combined,Box2018_Box_et_al,2015,Gt,-37.162499999999994,10.89,1
arctic_canada_south,4_arctic_canada_south,combined,Colgan2015_Colgan_et_al,2003,m,-0.12192356833219256,0.033966233173625376,1
arctic_canada_south,4_arctic_canada_south,combined,Colgan2015_Colgan_et_al,2004,m,-0.48769427332877024,0.1358649326945015,1
arctic_canada_south,4_arctic_canada_south,combined,Colgan2015_Colgan_et_al,2005,m,-0.48769427332877024,0.1358649326945015,1
arctic_canada_south,4_arctic_canada_south,combined,Colgan2015_Colgan_et_al,2006,m,-0.48769427332877024,0.1358649326945015,1
arctic_canada_south,4_arctic_canada_south,combined,Colgan2015_Colgan_et_al,2007,m,-0.48769427332877024,0.1358649326945015,1
arctic_canada_south,4_arctic_canada_south,combined,Colgan2015_Colgan_et_al,2008,m,-0.48769427332877024,0.1358649326945015,1
arctic_canada_south,4_arctic_canada_south,combined,Colgan2015_Colgan_et_al,2009,m,-0.3657707049965777,0.10189869952087613,1
arctic_canada_south,4_arctic_canada_south,combined,DUS-combined_Dussaillant_et_al,2000,mwe,-0.5864158626169317,0.14568120459467632,2
arctic_canada_south,4_arctic_canada_south,combined,DUS-combined_Dussaillant_et_al,2001,mwe,-0.36379063097015607,0.1456815688778448,2
arctic_canada_south,4_arctic_canada_south,combined,DUS-combined_Dussaillant_et_al,2002,mwe,-0.19743918643466324,0.14568135910358912,2
arctic_canada_south,4_arctic_canada_south,combined,DUS-combined_Dussaillant_et_al,2003,mwe,-0.2696146771691435,0.14568130810517518,2
arctic_canada_south,4_arctic_canada_south,combined,DUS-combined_Dussaillant_et_al,2004,mwe,-0.1429634505907913,0.14568147078364946,2
arctic_canada_south,4_arctic_canada_south,combined,DUS-combined_Dussaillant_et_al,2005,mwe,-0.47246429795228556,0.14568170745672906,2
arctic_canada_south,4_arctic_canada_south,combined,DUS-combined_Dussaillant_et_al,2006,mwe,-0.45672243825452485,0.14568187970537133,2
arctic_canada_south,4_arctic_canada_south,combined,DUS-combined_Dussaillant_et_al,2007,mwe,-0.8340653869138953,0.1456815886882492,2
arctic_canada_south,4_arctic_canada_south,combined,DUS-combined_Dussaillant_et_al,2008,mwe,-0.836451652944406,0.14568187655650894,2
arctic_canada_south,4_arctic_canada_south,combined,DUS-combined_Dussaillant_et_al,2009,mwe,-0.6627160096291128,0.14568220877050947,2
arctic_canada_south,4_arctic_canada_south,combined,DUS-combined_Dussaillant_et_al,2010,mwe,-0.7326657219935868,0.14568287172046585,2
arctic_canada_south,4_arctic_canada_south,combined,DUS-combined_Dussaillant_et_al,2011,mwe,-1.1431498966888913,0.14568273412884714,2
arctic_canada_south,4_arctic_canada_south,combined,DUS-combined_Dussaillant_et_al,2012,mwe,-0.8480498204780681,0.1456827402459785,2
arctic_canada_south,4_arctic_canada_south,combined,DUS-combined_Dussaillant_et_al,2013,mwe,-0.16230813673114838,0.1456833210237768,2
arctic_canada_south,4_arctic_canada_south,combined,DUS-combined_Dussaillant_et_al,2014,mwe,-0.4798822774564989,0.14568359399248423,2
arctic_canada_south,4_arctic_canada_south,combined,DUS-combined_Dussaillant_et_al,2015,mwe,-0.884674018710811,0.14568383788957057,2
arctic_canada_south,4_arctic_canada_south,combined,DUS-combined_Dussaillant_et_al,2016,mwe,-0.616170306837063,0.14568416380180402,2
arctic_canada_south,4_arctic_canada_south,combined,DUS-combined_Dussaillant_et_al,2017,mwe,-0.15882598500981607,0.1456844729206171,2
arctic_canada_south,4_arctic_canada_south,combined,DUS-combined_Dussaillant_et_al,2018,mwe,-0.28044463070230063,0.14568437133095585,2
arctic_canada_south,4_arctic_canada_south,combined,DUS-combined_Dussaillant_et_al,2019,mwe,-0.8567711705611329,0.14568415267982915,2
arctic_canada_south,4_arctic_canada_south,combined,DUS-combined_Dussaillant_et_al,2020,mwe,-0.7095559988317166,0.14568418329716878,2
arctic_canada_south,4_arctic_canada_south,combined,DUS-combined_Dussaillant_et_al,2021,mwe,-0.36615977037550573,0.14568413112364162,2
arctic_canada_south,4_arctic_canada_south,combined,DUS-combined_Dussaillant_et_al,2022,mwe,-0.7954471381750083,0.1458564548853,2
arctic_canada_south,4_arctic_canada_south,combined,DUS-combined_Dussaillant_et_al,2023,mwe,-0.741987733414989,0.14724644732681777,2
arctic_canada_south,4_arctic_canada_south,combined,Huss_Huss_et_al,2000,mwe,-0.67835,0.18607911120004847,2
arctic_canada_south,4_arctic_canada_south,combined,Huss_Huss_et_al,2001,mwe,-0.6689499999999999,0.20159834603736212,2
arctic_canada_south,4_arctic_canada_south,combined,Huss_Huss_et_al,2002,mwe,-0.30800000000000005,0.2140207116145538,2
arctic_canada_south,4_arctic_canada_south,combined,Huss_Huss_et_al,2003,mwe,-0.3025,0.25584025899963436,2
arctic_canada_south,4_arctic_canada_south,combined,Huss_Huss_et_al,2004,mwe,-0.46865,0.18841717344764516,2
arctic_canada_south,4_arctic_canada_south,combined,Huss_Huss_et_al,2005,mwe,-0.71905,0.22229171290221322,2
arctic_canada_south,4_arctic_canada_south,combined,Huss_Huss_et_al,2006,mwe,-0.575925,0.1925036119791003,2
arctic_canada_south,4_arctic_canada_south,combined,Huss_Huss_et_al,2007,mwe,-0.813125,0.21694960532344834,2
arctic_canada_south,4_arctic_canada_south,combined,Huss_Huss_et_al,2008,mwe,-0.8314,0.14999820207255818,2
arctic_canada_south,4_arctic_canada_south,combined,Huss_Huss_et_al,2009,mwe,-0.8489,0.24448707532301173,2
arctic_canada_south,4_arctic_canada_south,combined,Huss_Huss_et_al,2010,mwe,-0.9740500000000001,0.5936172888528434,2
arctic_canada_south,4_arctic_canada_south,combined,Huss_Huss_et_al,2011,mwe,-1.173075,0.20233756602519465,2
arctic_canada_south,4_arctic_canada_south,combined,Huss_Huss_et_al,2012,mwe,-0.81245,0.1847525168976055,2
arctic_canada_south,4_arctic_canada_south,combined,Huss_Huss_et_al,2013,mwe,-0.39807499999999996,0.18382204709990582,2
arctic_canada_south,4_arctic_canada_south,combined,Huss_Huss_et_al,2014,mwe,-0.6312,0.2731753706412787,2
arctic_canada_south,4_arctic_canada_south,combined,Huss_Huss_et_al,2015,mwe,-0.6500499999999999,0.2403016983918341,2
arctic_canada_south,4_arctic_canada_south,combined,Huss_Huss_et_al,2016,mwe,-0.78245,0.1146672931790055,2
arctic_canada_south,4_arctic_canada_south,combined,Huss_Huss_et_al,2017,mwe,-0.43325,0.1138067880225077,2
arctic_canada_south,4_arctic_canada_south,combined,Huss_Huss_et_al,2018,mwe,-0.423,0.14429485437811013,2
arctic_canada_south,4_arctic_canada_south,combined,Huss_Huss_et_al,2019,mwe,-0.953,0.14716559762729875,2
arctic_canada_south,4_arctic_canada_south,combined,Huss_Huss_et_al,2020,mwe,-1.02455,0.17236275155903028,2
arctic_canada_south,4_arctic_canada_south,combined,Huss_Huss_et_al,2021,mwe,-0.8531249999999999,0.13785,1
arctic_canada_south,4_arctic_canada_south,demdiff,ETH_Hugonnet_et_al,2000,m,-0.634,0.15000000000000002,1
arctic_canada_south,4_arctic_canada_south,demdiff,ETH_Hugonnet_et_al,2001,m,-0.634,0.15000000000000002,1
arctic_canada_south,4_arctic_canada_south,demdiff,ETH_Hugonnet_et_al,2002,m,-0.634,0.15000000000000002,1
arctic_canada_south,4_arctic_canada_south,demdiff,ETH_Hugonnet_et_al,2003,m,-0.634,0.15000000000000002,1
arctic_canada_south,4_arctic_canada_south,demdiff,ETH_Hugonnet_et_al,2004,m,-0.634,0.15000000000000002,1
arctic_canada_south,4_arctic_canada_south,demdiff,ETH_Hugonnet_et_al,2005,m,-0.7280000000000001,0.09200000000000001,1
arctic_canada_south,4_arctic_canada_south,demdiff,ETH_Hugonnet_et_al,2006,m,-0.7280000000000001,0.09200000000000001,1
arctic_canada_south,4_arctic_canada_south,demdiff,ETH_Hugonnet_et_al,2007,m,-0.7280000000000001,0.09200000000000001,1
arctic_canada_south,4_arctic_canada_south,demdiff,ETH_Hugonnet_et_al,2008,m,-0.7280000000000001,0.09200000000000001,1
arctic_canada_south,4_arctic_canada_south,demdiff,ETH_Hugonnet_et_al,2009,m,-0.7280000000000001,0.09200000000000001,1
arctic_canada_south,4_arctic_canada_south,demdiff,ETH_Hugonnet_et_al,2010,m,-0.843,0.07600000000000001,1
arctic_canada_south,4_arctic_canada_south,demdiff,ETH_Hugonnet_et_al,2011,m,-0.843,0.07600000000000001,1
arctic_canada_south,4_arctic_canada_south,demdiff,ETH_Hugonnet_et_al,2012,m,-0.843,0.07600000000000001,1
arctic_canada_south,4_arctic_canada_south,demdiff,ETH_Hugonnet_et_al,2013,m,-0.843,0.07600000000000001,1
arctic_canada_south,4_arctic_canada_south,demdiff,ETH_Hugonnet_et_al,2014,m,-0.843,0.07600000000000001,1
arctic_canada_south,4_arctic_canada_south,demdiff,ETH_Hugonnet_et_al,2015,m,-0.8710000000000001,0.10400000000000001,1
arctic_canada_south,4_arctic_canada_south,demdiff,ETH_Hugonnet_et_al,2016,m,-0.8710000000000001,0.10400000000000001,1
arctic_canada_south,4_arctic_canada_south,demdiff,ETH_Hugonnet_et_al,2017,m,-0.8710000000000001,0.10400000000000001,1
arctic_canada_south,4_arctic_canada_south,demdiff,ETH_Hugonnet_et_al,2018,m,-0.8710000000000001,0.10400000000000001,1
arctic_canada_south,4_arctic_canada_south,demdiff,ETH_Hugonnet_et_al,2019,m,-0.8710000000000001,0.10400000000000001,1
arctic_canada_south,4_arctic_canada_south,demdiff,Zheng et al._Zheng_et_al,2012,m,-0.4120702702702703,0.07774864864864865,1
arctic_canada_south,4_arctic_canada_south,demdiff,Zheng et al._Zheng_et_al,2013,m,-0.5494270270270271,0.10366486486486487,1
arctic_canada_south,4_arctic_canada_south,demdiff,Zheng et al._Zheng_et_al,2014,m,-0.5494270270270271,0.10366486486486487,1
arctic_canada_south,4_arctic_canada_south,demdiff,Zheng et al._Zheng_et_al,2015,m,-0.5494270270270271,0.10366486486486487,1
arctic_canada_south,4_arctic_canada_south,demdiff,Zheng et al._Zheng_et_al,2016,m,-0.5494270270270271,0.10366486486486487,1
arctic_canada_south,4_arctic_canada_south,demdiff,Zheng et al._Zheng_et_al,2017,m,-0.5494270270270271,0.10366486486486487,1
arctic_canada_south,4_arctic_canada_south,demdiff,Zheng et al._Zheng_et_al,2018,m,-0.5494270270270271,0.10366486486486487,1
arctic_canada_south,4_arctic_canada_south,demdiff,Zheng et al._Zheng_et_al,2019,m,-0.5494270270270271,0.10366486486486487,1
arctic_canada_south,4_arctic_canada_south,demdiff,Zheng et al._Zheng_et_al,2020,m,-0.5494270270270271,0.10366486486486487,1
arctic_canada_south,4_arctic_canada_south,demdiff,Zheng et al._Zheng_et_al,2021,m,-0.27471351351351353,0.051832432432432435,1
arctic_canada_south,4_arctic_canada_south,glaciological,UZH_GlaciolSineWave_Zemp_et_al,2000,mwe,-0.5211082976368889,0.18037092285187123,12
arctic_canada_south,4_arctic_canada_south,glaciological,UZH_GlaciolSineWave_Zemp_et_al,2001,mwe,-0.41688908313730977,0.14693595163445322,12
arctic_canada_south,4_arctic_canada_south,glaciological,UZH_GlaciolSineWave_Zemp_et_al,2002,mwe,-0.02914164370772941,0.038834213988834784,12
arctic_canada_south,4_arctic_canada_south,glaciological,UZH_GlaciolSineWave_Zemp_et_al,2003,mwe,-0.1371824108154025,0.06043271165543295,12
arctic_canada_south,4_arctic_canada_south,glaciological,UZH_GlaciolSineWave_Zemp_et_al,2004,mwe,-0.01459488134134719,0.03579614760889493,12
arctic_canada_south,4_arctic_canada_south,glaciological,UZH_GlaciolSineWave_Zemp_et_al,2005,mwe,-0.2206458907306952,0.105511062003806,12
arctic_canada_south,4_arctic_canada_south,glaciological,UZH_GlaciolSineWave_Zemp_et_al,2006,mwe,-0.21785923041015368,0.11208850033467697,12
arctic_canada_south,4_arctic_canada_south,glaciological,UZH_GlaciolSineWave_Zemp_et_al,2007,mwe,-0.6352254567200909,0.20451757510823426,12
arctic_canada_south,4_arctic_canada_south,glaciological,UZH_GlaciolSineWave_Zemp_et_al,2008,mwe,-0.7150774411408436,0.2242640701943119,12
arctic_canada_south,4_arctic_canada_south,glaciological,UZH_GlaciolSineWave_Zemp_et_al,2009,mwe,-0.5158080190017681,0.18019319183859045,12
arctic_canada_south,4_arctic_canada_south,glaciological,UZH_GlaciolSineWave_Zemp_et_al,2010,mwe,-0.5780605795721899,0.19855982513066206,12
arctic_canada_south,4_arctic_canada_south,glaciological,UZH_GlaciolSineWave_Zemp_et_al,2011,mwe,-1.1124208889347182,0.34359316638842713,12
arctic_canada_south,4_arctic_canada_south,glaciological,UZH_GlaciolSineWave_Zemp_et_al,2012,mwe,-1.0479929257889282,0.33065835299096963,12
arctic_canada_south,4_arctic_canada_south,glaciological,UZH_GlaciolSineWave_Zemp_et_al,2013,mwe,0.0074445415686499004,0.061853999628900494,12
arctic_canada_south,4_arctic_canada_south,glaciological,UZH_GlaciolSineWave_Zemp_et_al,2014,mwe,-0.12640444655983563,0.09146972506451417,12
arctic_canada_south,4_arctic_canada_south,glaciological,UZH_GlaciolSineWave_Zemp_et_al,2015,mwe,-0.8068657168476557,0.2623491881954793,12
arctic_canada_south,4_arctic_canada_south,glaciological,UZH_GlaciolSineWave_Zemp_et_al,2016,mwe,-0.6816282878936618,0.24035286481224105,12
arctic_canada_south,4_arctic_canada_south,glaciological,UZH_GlaciolSineWave_Zemp_et_al,2017,mwe,-0.015101548698886899,0.08386629270563925,12
arctic_canada_south,4_arctic_canada_south,glaciological,UZH_GlaciolSineWave_Zemp_et_al,2018,mwe,0.1500503372904914,0.039358062974913094,12
arctic_canada_south,4_arctic_canada_south,glaciological,UZH_GlaciolSineWave_Zemp_et_al,2019,mwe,-0.6952102615174649,0.22417160930455723,12
arctic_canada_south,4_arctic_canada_south,glaciological,UZH_GlaciolSineWave_Zemp_et_al,2020,mwe,-0.623840075773032,0.188347590171793,12
arctic_canada_south,4_arctic_canada_south,glaciological,UZH_GlaciolSineWave_Zemp_et_al,2021,mwe,-0.05437828437096233,0.06402009445564573,12
arctic_canada_south,4_arctic_canada_south,glaciological,UZH_GlaciolSineWave_Zemp_et_al,2022,mwe,-0.631540532067776,0.17983087593142746,12
arctic_canada_south,4_arctic_canada_south,glaciological,UZH_GlaciolSineWave_Zemp_et_al,2023,mwe,-0.6180144225820323,0.18424021063082327,12
arctic_canada_south,4_arctic_canada_south,glaciological,WGMS-beta_WGMS,2000,mwe,0.058437499999999996,0.2561895892336019,2
arctic_canada_south,4_arctic_canada_south,glaciological,WGMS-beta_WGMS,2001,mwe,0.3116875,0.2561895892336019,2
arctic_canada_south,4_arctic_canada_south,glaciological,WGMS-beta_WGMS,2002,mwe,0.45787500000000003,0.2561895892336019,2
arctic_canada_south,4_arctic_canada_south,glaciological,WGMS-beta_WGMS,2003,mwe,0.38425,0.2561895892336019,2
arctic_canada_south,4_arctic_canada_south,glaciological,WGMS-beta_WGMS,2004,mwe,0.5171875,0.2561895892336019,2
arctic_canada_south,4_arctic_canada_south,glaciological,WGMS-beta_WGMS,2005,mwe,0.1703125,0.2561895892336019,2
arctic_canada_south,4_arctic_canada_south,glaciological,WGMS-beta_WGMS,2006,mwe,0.17743750000000003,0.2561895892336019,2
arctic_canada_south,4_arctic_canada_south,glaciological,WGMS-beta_WGMS,2007,mwe,-0.229375,0.2561895892336019,2
arctic_canada_south,4_arctic_canada_south,glaciological,WGMS-beta_WGMS,2008,mwe,-0.209875,0.2561895892336019,2
arctic_canada_south,4_arctic_canada_south,glaciological,WGMS-beta_WGMS,2009,mwe,-0.036562500000000005,0.2561895892336019,2
arctic_canada_south,4_arctic_canada_south,glaciological,WGMS-beta_WGMS,2010,mwe,-0.148125,0.2561895892336019,2
arctic_canada_south,4_arctic_canada_south,glaciological,WGMS-beta_WGMS,2011,mwe,-0.58275,0.2561895892336019,2
arctic_canada_south,4_arctic_canada_south,glaciological,WGMS-beta_WGMS,2012,mwe,-0.28525,0.2561895892336019,2
arctic_canada_south,4_arctic_canada_south,glaciological,WGMS-beta_WGMS,2013,mwe,0.447875,0.2561895892336019,2
arctic_canada_south,4_arctic_canada_south,glaciological,WGMS-beta_WGMS,2014,mwe,0.14606250000000004,0.2561895892336019,2
arctic_canada_south,4_arctic_canada_south,glaciological,WGMS-beta_WGMS,2015,mwe,-0.247375,0.2561895892336019,2
arctic_canada_south,4_arctic_canada_south,glaciological,WGMS-beta_WGMS,2016,mwe,0.055312500000000014,0.2561895892336019,2
arctic_canada_south,4_arctic_canada_south,glaciological,WGMS-beta_WGMS,2017,mwe,0.5384375,0.2561895892336019,2
arctic_canada_south,4_arctic_canada_south,glaciological,WGMS-beta_WGMS,2018,mwe,0.40793750000000006,0.2561895892336019,2
arctic_canada_south,4_arctic_canada_south,glaciological,WGMS-beta_WGMS,2019,mwe,-0.18356250000000002,0.2561895892336019,2
arctic_canada_south,4_arctic_canada_south,glaciological,WGMS-beta_WGMS,2020,mwe,-0.034812500000000024,0.2561895892336019,2
arctic_canada_south,4_arctic_canada_south,glaciological,WGMS-beta_WGMS,2021,mwe,0.3055625,0.2561895892336019,2
arctic_canada_south,4_arctic_canada_south,glaciological,WGMS-beta_WGMS,2022,mwe,-0.14641666666666664,0.25791237365832426,2
arctic_canada_south,4_arctic_canada_south,glaciological,WGMS-beta_WGMS,2023,mwe,-0.09987916666666662,0.2714596365612604,2
arctic_canada_south,4_arctic_canada_south,gravimetry,Harig_Group_Harig_et_al,2002,Gt,-44.11466672488097,88.99366504623023,9
arctic_canada_south,4_arctic_canada_south,gravimetry,Harig_Group_Harig_et_al,2003,Gt,-14.549252953752763,126.91709924343832,12
arctic_canada_south,4_arctic_canada_south,gravimetry,Harig_Group_Harig_et_al,2004,Gt,6.392644111652672,130.65644226865504,12
arctic_canada_south,4_arctic_canada_south,gravimetry,Harig_Group_Harig_et_al,2005,Gt,-16.465138508472258,132.91358005884106,12
arctic_canada_south,4_arctic_canada_south,gravimetry,Harig_Group_Harig_et_al,2006,Gt,-13.923492169631416,132.90589385857953,12
arctic_canada_south,4_arctic_canada_south,gravimetry,Harig_Group_Harig_et_al,2007,Gt,-17.343631682581247,132.91331989998864,12
arctic_canada_south,4_arctic_canada_south,gravimetry,Harig_Group_Harig_et_al,2008,Gt,-22.881289577924363,132.8852946857348,12
arctic_canada_south,4_arctic_canada_south,gravimetry,Harig_Group_Harig_et_al,2009,Gt,-39.68156426427646,132.913580058841,12
arctic_canada_south,4_arctic_canada_south,gravimetry,Harig_Group_Harig_et_al,2010,Gt,-34.99731155895941,130.69145130594217,12
arctic_canada_south,4_arctic_canada_south,gravimetry,Harig_Group_Harig_et_al,2011,Gt,-22.705695655094615,116.77671454817457,12
arctic_canada_south,4_arctic_canada_south,gravimetry,Harig_Group_Harig_et_al,2012,Gt,-40.060923054136424,120.53940467045999,12
arctic_canada_south,4_arctic_canada_south,gravimetry,Harig_Group_Harig_et_al,2013,Gt,-16.675188976775356,108.2215701427403,12
arctic_canada_south,4_arctic_canada_south,gravimetry,Harig_Group_Harig_et_al,2014,Gt,-7.802213017962913,103.7288289633142,12
arctic_canada_south,4_arctic_canada_south,gravimetry,Harig_Group_Harig_et_al,2015,Gt,8.13382407595384,107.76320507046843,12
arctic_canada_south,4_arctic_canada_south,gravimetry,Harig_Group_Harig_et_al,2016,Gt,-24.194357403187777,106.22427177262826,12
arctic_canada_south,4_arctic_canada_south,gravimetry,Harig_Group_Harig_et_al,2017,Gt,,,12
arctic_canada_south,4_arctic_canada_south,gravimetry,Harig_Group_Harig_et_al,2018,Gt,,,12
arctic_canada_south,4_arctic_canada_south,gravimetry,Harig_Group_Harig_et_al,2019,Gt,-50.980028368559886,132.91331989998864,12
arctic_canada_south,4_arctic_canada_south,gravimetry,Harig_Group_Harig_et_al,2020,Gt,-24.210308547558384,132.8852946857348,12
arctic_canada_south,4_arctic_canada_south,gravimetry,Harig_Group_Harig_et_al,2021,Gt,6.432006408949746,132.91358005884112,12
arctic_canada_south,4_arctic_canada_south,gravimetry,Harig_Group_Harig_et_al,2022,Gt,-23.826640945490965,132.90589385857928,12
arctic_canada_south,4_arctic_canada_south,gravimetry,Harig_Group_Harig_et_al,2023,Gt,-1.0012258087300552,42.90156346545102,2
arctic_canada_south,4_arctic_canada_south,gravimetry,Jacob_2012_dmdt_Jacob_et_al,2003,Gt,-32.99999999999968,4.999578947368373,1
arctic_canada_south,4_arctic_canada_south,gravimetry,Jacob_2012_dmdt_Jacob_et_al,2004,Gt,-32.99999999999968,4.999578947368373,1
arctic_canada_south,4_arctic_canada_south,gravimetry,Jacob_2012_dmdt_Jacob_et_al,2005,Gt,-32.99999999999968,4.999578947368373,1
arctic_canada_south,4_arctic_canada_south,gravimetry,Jacob_2012_dmdt_Jacob_et_al,2006,Gt,-32.99999999999968,4.999578947368373,1
arctic_canada_south,4_arctic_canada_south,gravimetry,Jacob_2012_dmdt_Jacob_et_al,2007,Gt,-32.99999999999968,4.999578947368373,1
arctic_canada_south,4_arctic_canada_south,gravimetry,Jacob_2012_dmdt_Jacob_et_al,2008,Gt,-32.99999999999968,4.999578947368373,1
arctic_canada_south,4_arctic_canada_south,gravimetry,Jacob_2012_dmdt_Jacob_et_al,2009,Gt,-32.99999999999968,4.999578947368373,1
arctic_canada_south,4_arctic_canada_south,gravimetry,Jacob_2012_dmdt_Jacob_et_al,2010,Gt,-30.25000000000221,4.5829473684213875,1
arctic_canada_south,4_arctic_canada_south,gravimetry,LEGOS-MAGELLIUM-bis_Pfeffer_et_al,2002,Gt,-24.222959265197265,96.102591643937,9
arctic_canada_south,4_arctic_canada_south,gravimetry,LEGOS-MAGELLIUM-bis_Pfeffer_et_al,2003,Gt,-7.668034511348239,105.42996699504943,12
arctic_canada_south,4_arctic_canada_south,gravimetry,LEGOS-MAGELLIUM-bis_Pfeffer_et_al,2004,Gt,-0.501526686092093,54.17189238825012,12
arctic_canada_south,4_arctic_canada_south,gravimetry,LEGOS-MAGELLIUM-bis_Pfeffer_et_al,2005,Gt,-15.933335465448437,70.55911975856122,12
arctic_canada_south,4_arctic_canada_south,gravimetry,LEGOS-MAGELLIUM-bis_Pfeffer_et_al,2006,Gt,-19.033094107253042,79.79258271222275,12
arctic_canada_south,4_arctic_canada_south,gravimetry,LEGOS-MAGELLIUM-bis_Pfeffer_et_al,2007,Gt,-39.604950999795975,67.77418738433592,12
arctic_canada_south,4_arctic_canada_south,gravimetry,LEGOS-MAGELLIUM-bis_Pfeffer_et_al,2008,Gt,-14.233284214618678,82.43556790434957,12
arctic_canada_south,4_arctic_canada_south,gravimetry,LEGOS-MAGELLIUM-bis_Pfeffer_et_al,2009,Gt,-34.391313252062815,90.4107705250631,12
arctic_canada_south,4_arctic_canada_south,gravimetry,LEGOS-MAGELLIUM-bis_Pfeffer_et_al,2010,Gt,-30.090223438114123,70.98921912619586,12
arctic_canada_south,4_arctic_canada_south,gravimetry,LEGOS-MAGELLIUM-bis_Pfeffer_et_al,2011,Gt,-43.5419903321214,119.59880347975785,12
arctic_canada_south,4_arctic_canada_south,gravimetry,LEGOS-MAGELLIUM-bis_Pfeffer_et_al,2012,Gt,-13.879565406053132,67.8182860180621,12
arctic_canada_south,4_arctic_canada_south,gravimetry,LEGOS-MAGELLIUM-bis_Pfeffer_et_al,2013,Gt,-13.575082274126686,94.41735231684592,12
arctic_canada_south,4_arctic_canada_south,gravimetry,LEGOS-MAGELLIUM-bis_Pfeffer_et_al,2014,Gt,-37.14962733814457,74.60404009155478,12
arctic_canada_south,4_arctic_canada_south,gravimetry,LEGOS-MAGELLIUM-bis_Pfeffer_et_al,2015,Gt,-18.98203191722274,44.76398555574822,12
arctic_canada_south,4_arctic_canada_south,gravimetry,LEGOS-MAGELLIUM-bis_Pfeffer_et_al,2016,Gt,-18.736063409033815,101.96874503263254,12
arctic_canada_south,4_arctic_canada_south,gravimetry,LEGOS-MAGELLIUM-bis_Pfeffer_et_al,2017,Gt,21.29404245309655,124.34443490567085,12
arctic_canada_south,4_arctic_canada_south,gravimetry,LEGOS-MAGELLIUM-bis_Pfeffer_et_al,2018,Gt,-13.064428661759733,60.19296935090249,12
arctic_canada_south,4_arctic_canada_south,gravimetry,LEGOS-MAGELLIUM-bis_Pfeffer_et_al,2019,Gt,-61.004472375704324,86.48629331092997,12
arctic_canada_south,4_arctic_canada_south,gravimetry,LEGOS-MAGELLIUM-bis_Pfeffer_et_al,2020,Gt,-12.828448389836808,72.18034088731453,12
arctic_canada_south,4_arctic_canada_south,gravimetry,LEGOS-MAGELLIUM-bis_Pfeffer_et_al,2021,Gt,5.205045344559267,80.23589231486187,12
arctic_canada_south,4_arctic_canada_south,gravimetry,LEGOS-MAGELLIUM-bis_Pfeffer_et_al,2022,Gt,-72.72585116023652,73.64222616252613,8
arctic_canada_south,4_arctic_canada_south,gravimetry,LEGOS-MAGELLIUM_Pfeffer_et_al,2002,Gt,-26.925271366459437,96.1506170753185,9
arctic_canada_south,4_arctic_canada_south,gravimetry,LEGOS-MAGELLIUM_Pfeffer_et_al,2003,Gt,-11.495932575842403,105.42490784614762,12
arctic_canada_south,4_arctic_canada_south,gravimetry,LEGOS-MAGELLIUM_Pfeffer_et_al,2004,Gt,-4.46141844944529,54.15701733364087,12
arctic_canada_south,4_arctic_canada_south,gravimetry,LEGOS-MAGELLIUM_Pfeffer_et_al,2005,Gt,-20.21396846998715,70.52024439158241,12
arctic_canada_south,4_arctic_canada_south,gravimetry,LEGOS-MAGELLIUM_Pfeffer_et_al,2006,Gt,-24.042624188657364,79.78004862000049,12
arctic_canada_south,4_arctic_canada_south,gravimetry,LEGOS-MAGELLIUM_Pfeffer_et_al,2007,Gt,-44.65386253242691,67.82130122883572,12
arctic_canada_south,4_arctic_canada_south,gravimetry,LEGOS-MAGELLIUM_Pfeffer_et_al,2008,Gt,-18.63292310191119,82.45640087718218,12
arctic_canada_south,4_arctic_canada_south,gravimetry,LEGOS-MAGELLIUM_Pfeffer_et_al,2009,Gt,-39.108521959166296,90.37785297229698,12
arctic_canada_south,4_arctic_canada_south,gravimetry,LEGOS-MAGELLIUM_Pfeffer_et_al,2010,Gt,-35.29811116285714,70.98533873824194,12
arctic_canada_south,4_arctic_canada_south,gravimetry,LEGOS-MAGELLIUM_Pfeffer_et_al,2011,Gt,-49.28694221331861,119.66633240055215,12
arctic_canada_south,4_arctic_canada_south,gravimetry,LEGOS-MAGELLIUM_Pfeffer_et_al,2012,Gt,-19.893851460191968,67.80743012294913,12
arctic_canada_south,4_arctic_canada_south,gravimetry,LEGOS-MAGELLIUM_Pfeffer_et_al,2013,Gt,-19.525233157004152,94.41574939552892,12
arctic_canada_south,4_arctic_canada_south,gravimetry,LEGOS-MAGELLIUM_Pfeffer_et_al,2014,Gt,-43.46756349422026,74.57180803422737,12
arctic_canada_south,4_arctic_canada_south,gravimetry,LEGOS-MAGELLIUM_Pfeffer_et_al,2015,Gt,-24.59581600742365,44.72177075808264,12
arctic_canada_south,4_arctic_canada_south,gravimetry,LEGOS-MAGELLIUM_Pfeffer_et_al,2016,Gt,-24.02081705018395,101.99949569958599,12
arctic_canada_south,4_arctic_canada_south,gravimetry,LEGOS-MAGELLIUM_Pfeffer_et_al,2017,Gt,15.374942573576789,124.300979282585,12
arctic_canada_south,4_arctic_canada_south,gravimetry,LEGOS-MAGELLIUM_Pfeffer_et_al,2018,Gt,-19.391042175296377,60.24266729642038,12
arctic_canada_south,4_arctic_canada_south,gravimetry,LEGOS-MAGELLIUM_Pfeffer_et_al,2019,Gt,-67.83023573440505,86.49676404006846,12
arctic_canada_south,4_arctic_canada_south,gravimetry,LEGOS-MAGELLIUM_Pfeffer_et_al,2020,Gt,-18.745121035203795,72.15458918277496,12
arctic_canada_south,4_arctic_canada_south,gravimetry,LEGOS-MAGELLIUM_Pfeffer_et_al,2021,Gt,-0.7124913544530482,80.24094070289503,12
arctic_canada_south,4_arctic_canada_south,gravimetry,LEGOS-MAGELLIUM_Pfeffer_et_al,2022,Gt,-76.41623229296249,73.62977667935866,8
arctic_canada_south,4_arctic_canada_south,gravimetry,Sasgen_AWIarc_RL01_2_Sasgen_et_al,2002,Gt,-19.296451612925843,55.05631751560986,9
arctic_canada_south,4_arctic_canada_south,gravimetry,Sasgen_AWIarc_RL01_2_Sasgen_et_al,2003,Gt,-30.428350773358105,76.40722732856902,12
arctic_canada_south,4_arctic_canada_south,gravimetry,Sasgen_AWIarc_RL01_2_Sasgen_et_al,2004,Gt,2.0670795266289446,82.35634683918359,12
arctic_canada_south,4_arctic_canada_south,gravimetry,Sasgen_AWIarc_RL01_2_Sasgen_et_al,2005,Gt,-20.886470688722795,63.494691048346276,12
arctic_canada_south,4_arctic_canada_south,gravimetry,Sasgen_AWIarc_RL01_2_Sasgen_et_al,2006,Gt,0.4312903225739717,62.69521790662146,12
arctic_canada_south,4_arctic_canada_south,gravimetry,Sasgen_AWIarc_RL01_2_Sasgen_et_al,2007,Gt,-12.895142842511177,57.1654351319553,12
arctic_canada_south,4_arctic_canada_south,gravimetry,Sasgen_AWIarc_RL01_2_Sasgen_et_al,2008,Gt,-23.890462316483145,60.79627597396413,12
arctic_canada_south,4_arctic_canada_south,gravimetry,Sasgen_AWIarc_RL01_2_Sasgen_et_al,2009,Gt,-25.903104518421685,72.61607618222726,12
arctic_canada_south,4_arctic_canada_south,gravimetry,Sasgen_AWIarc_RL01_2_Sasgen_et_al,2010,Gt,-53.03202346041658,75.90900345634897,12
arctic_canada_south,4_arctic_canada_south,gravimetry,Sasgen_AWIarc_RL01_2_Sasgen_et_al,2011,Gt,22.952876610055828,71.99005090873499,12
arctic_canada_south,4_arctic_canada_south,gravimetry,Sasgen_AWIarc_RL01_2_Sasgen_et_al,2012,Gt,-20.74264713080447,106.01205338625348,12
arctic_canada_south,4_arctic_canada_south,gravimetry,Sasgen_AWIarc_RL01_2_Sasgen_et_al,2013,Gt,14.296740217765347,60.60494946095723,12
arctic_canada_south,4_arctic_canada_south,gravimetry,Sasgen_AWIarc_RL01_2_Sasgen_et_al,2014,Gt,-0.1475124378884498,46.35457550192936,12
arctic_canada_south,4_arctic_canada_south,gravimetry,Sasgen_AWIarc_RL01_2_Sasgen_et_al,2015,Gt,-4.384996400069156,82.742376490405,12
arctic_canada_south,4_arctic_canada_south,gravimetry,Sasgen_AWIarc_RL01_2_Sasgen_et_al,2016,Gt,13.196262804556536,58.336274258377564,12
arctic_canada_south,4_arctic_canada_south,gravimetry,Sasgen_AWIarc_RL01_2_Sasgen_et_al,2017,Gt,9.310459869832414,59.13998234599729,12
arctic_canada_south,4_arctic_canada_south,gravimetry,Sasgen_AWIarc_RL01_2_Sasgen_et_al,2018,Gt,-37.74496652464293,37.79548619297678,12
arctic_canada_south,4_arctic_canada_south,gravimetry,Sasgen_AWIarc_RL01_2_Sasgen_et_al,2019,Gt,-40.45132038575858,60.11261193641871,12
arctic_canada_south,4_arctic_canada_south,gravimetry,Sasgen_AWIarc_RL01_2_Sasgen_et_al,2020,Gt,-16.31807402817526,63.00292810869542,12
arctic_canada_south,4_arctic_canada_south,gravimetry,Sasgen_AWIarc_RL01_2_Sasgen_et_al,2021,Gt,-5.905121715112617,65.2427152998811,12
arctic_canada_south,4_arctic_canada_south,gravimetry,Sasgen_AWIarc_RL01_2_Sasgen_et_al,2022,Gt,-52.418064516122286,68.98967907331293,11
arctic_canada_south,4_arctic_canada_south,gravimetry,Velicogna_Sutterley_et_al,2002,gt,-20.953254838734885,96.50946275910249,9
arctic_canada_south,4_arctic_canada_south,gravimetry,Velicogna_Sutterley_et_al,2003,gt,-55.69817854748736,134.4777682504162,12
arctic_canada_south,4_arctic_canada_south,gravimetry,Velicogna_Sutterley_et_al,2004,gt,30.383002053489392,144.48940287362245,12
arctic_canada_south,4_arctic_canada_south,gravimetry,Velicogna_Sutterley_et_al,2005,gt,-31.394913828562537,144.52357298137258,12
arctic_canada_south,4_arctic_canada_south,gravimetry,Velicogna_Sutterley_et_al,2006,gt,-35.51205161290039,144.51505955000698,12
arctic_canada_south,4_arctic_canada_south,gravimetry,Velicogna_Sutterley_et_al,2007,gt,-37.515247387801566,144.52313391470094,12
arctic_canada_south,4_arctic_canada_south,gravimetry,Velicogna_Sutterley_et_al,2008,gt,-20.631487170719936,144.48940287362268,12
arctic_canada_south,4_arctic_canada_south,gravimetry,Velicogna_Sutterley_et_al,2009,gt,-45.868575118902896,144.52357298137264,12
arctic_canada_south,4_arctic_canada_south,gravimetry,Velicogna_Sutterley_et_al,2010,gt,-80.31604609075731,141.95997080381568,12
arctic_canada_south,4_arctic_canada_south,gravimetry,Velicogna_Sutterley_et_al,2011,gt,-18.520832693768227,117.81077267319114,12
arctic_canada_south,4_arctic_canada_south,gravimetry,Velicogna_Sutterley_et_al,2012,gt,-26.961304702075438,120.29961126723215,12
arctic_canada_south,4_arctic_canada_south,gravimetry,Velicogna_Sutterley_et_al,2013,gt,-11.414890706947801,114.27296777101871,12
arctic_canada_south,4_arctic_canada_south,gravimetry,Velicogna_Sutterley_et_al,2014,gt,-38.35046290322714,114.6291712682529,12
arctic_canada_south,4_arctic_canada_south,gravimetry,Velicogna_Sutterley_et_al,2015,gt,-4.023218670204187,111.03049886290236,12
arctic_canada_south,4_arctic_canada_south,gravimetry,Velicogna_Sutterley_et_al,2016,gt,-20.200580852904807,114.11300826308661,12
arctic_canada_south,4_arctic_canada_south,gravimetry,Velicogna_Sutterley_et_al,2017,gt,52.22184718108707,80.43968423746783,12
arctic_canada_south,4_arctic_canada_south,gravimetry,Velicogna_Sutterley_et_al,2018,gt,-67.17910088376658,77.28818408518268,12
arctic_canada_south,4_arctic_canada_south,gravimetry,Velicogna_Sutterley_et_al,2019,gt,-62.64595654854031,144.52313391469934,12
arctic_canada_south,4_arctic_canada_south,gravimetry,Velicogna_Sutterley_et_al,2020,gt,-30.09788515918291,144.48940287362095,12
arctic_canada_south,4_arctic_canada_south,gravimetry,Velicogna_Sutterley_et_al,2021,gt,-30.018913130993496,144.52357298137278,12
arctic_canada_south,4_arctic_canada_south,gravimetry,Velicogna_Sutterley_et_al,2022,gt,-1.9776677419321231,144.51505955000857,12
arctic_canada_south,4_arctic_canada_south,gravimetry,Velicogna_Sutterley_et_al,2023,gt,23.64621935483376,47.04718583490242,2
arctic_canada_south,4_arctic_canada_south,gravimetry,Wouters_Wouters_et_al,2002,Gt,-51.408011789143,107.07110847313767,10
arctic_canada_south,4_arctic_canada_south,gravimetry,Wouters_Wouters_et_al,2003,Gt,-25.880684721260906,95.97716346835246,12
arctic_canada_south,4_arctic_canada_south,gravimetry,Wouters_Wouters_et_al,2004,Gt,23.152253084803107,95.29803884783215,12
arctic_canada_south,4_arctic_canada_south,gravimetry,Wouters_Wouters_et_al,2005,Gt,-28.73762059975543,107.0319192936706,12
arctic_canada_south,4_arctic_canada_south,gravimetry,Wouters_Wouters_et_al,2006,Gt,-12.445652792075599,116.97750219840901,12
arctic_canada_south,4_arctic_canada_south,gravimetry,Wouters_Wouters_et_al,2007,Gt,-53.44073427559921,129.73879049654386,12
arctic_canada_south,4_arctic_canada_south,gravimetry,Wouters_Wouters_et_al,2008,Gt,-53.33427757120498,143.8987701835755,12
arctic_canada_south,4_arctic_canada_south,gravimetry,Wouters_Wouters_et_al,2009,Gt,-41.49459690646003,160.8645886459984,12
arctic_canada_south,4_arctic_canada_south,gravimetry,Wouters_Wouters_et_al,2010,Gt,-61.99560692553402,175.54358642161947,12
arctic_canada_south,4_arctic_canada_south,gravimetry,Wouters_Wouters_et_al,2011,Gt,-29.15872673605952,162.76466607955248,12
arctic_canada_south,4_arctic_canada_south,gravimetry,Wouters_Wouters_et_al,2012,Gt,-30.152467762796448,178.51202861652538,12
arctic_canada_south,4_arctic_canada_south,gravimetry,Wouters_Wouters_et_al,2013,Gt,-48.987243312907026,177.25833441077643,12
arctic_canada_south,4_arctic_canada_south,gravimetry,Wouters_Wouters_et_al,2014,Gt,-8.484134821113853,195.02919531676488,12
arctic_canada_south,4_arctic_canada_south,gravimetry,Wouters_Wouters_et_al,2015,Gt,-1.880986551621051,194.45617145055257,12
arctic_canada_south,4_arctic_canada_south,gravimetry,Wouters_Wouters_et_al,2016,Gt,-16.076393305198337,212.9667391680397,12
arctic_canada_south,4_arctic_canada_south,gravimetry,Wouters_Wouters_et_al,2017,Gt,-13.04805639752902,186.59290935896354,12
arctic_canada_south,4_arctic_canada_south,gravimetry,Wouters_Wouters_et_al,2018,Gt,-51.35472968758779,168.8183327130794,12
arctic_canada_south,4_arctic_canada_south,gravimetry,Wouters_Wouters_et_al,2019,Gt,-96.83133043363898,327.86112393406023,12
arctic_canada_south,4_arctic_canada_south,gravimetry,Wouters_Wouters_et_al,2020,Gt,-34.31860557714401,346.92031355562773,12
arctic_canada_south,4_arctic_canada_south,gravimetry,Wouters_Wouters_et_al,2021,Gt,-26.059622352318,331.7096105427643,10
greenland_periphery,5_greenland_periphery,altimetry,Bolch_2013_Bolch_et_al,2003,m,-0.1124886792452811,0.04249245283018795,1
greenland_periphery,5_greenland_periphery,altimetry,Bolch_2013_Bolch_et_al,2004,m,-0.4499547169811244,0.1699698113207518,1
greenland_periphery,5_greenland_periphery,altimetry,Bolch_2013_Bolch_et_al,2005,m,-0.4499547169811244,0.1699698113207518,1
greenland_periphery,5_greenland_periphery,altimetry,Bolch_2013_Bolch_et_al,2006,m,-0.4499547169811244,0.1699698113207518,1
greenland_periphery,5_greenland_periphery,altimetry,Bolch_2013_Bolch_et_al,2007,m,-0.4499547169811244,0.1699698113207518,1
greenland_periphery,5_greenland_periphery,altimetry,Bolch_2013_Bolch_et_al,2008,m,-0.0749924528302215,0.028328301886804852,1
greenland_periphery,5_greenland_periphery,altimetry,Gardner2013_icesat_Gardner_et_al,2003,m,-0.11666666666666665,0.008333333333333333,1
greenland_periphery,5_greenland_periphery,altimetry,Gardner2013_icesat_Gardner_et_al,2004,m,-0.4666666666666666,0.03333333333333333,1
greenland_periphery,5_greenland_periphery,altimetry,Gardner2013_icesat_Gardner_et_al,2005,m,-0.4666666666666666,0.03333333333333333,1
greenland_periphery,5_greenland_periphery,altimetry,Gardner2013_icesat_Gardner_et_al,2006,m,-0.4666666666666666,0.03333333333333333,1
greenland_periphery,5_greenland_periphery,altimetry,Gardner2013_icesat_Gardner_et_al,2007,m,-0.4666666666666666,0.03333333333333333,1
greenland_periphery,5_greenland_periphery,altimetry,Gardner2013_icesat_Gardner_et_al,2008,m,-0.4666666666666666,0.03333333333333333,1
greenland_periphery,5_greenland_periphery,altimetry,Gardner2013_icesat_Gardner_et_al,2009,m,-0.35,0.025,1
greenland_periphery,5_greenland_periphery,altimetry,Jakob_Gourmelen_Jakob_et_al,2010,m,-0.04225904424136451,0.5435521106308095,4
greenland_periphery,5_greenland_periphery,altimetry,Jakob_Gourmelen_Jakob_et_al,2011,m,-0.9453370270412573,1.1474393903006714,12
greenland_periphery,5_greenland_periphery,altimetry,Jakob_Gourmelen_Jakob_et_al,2012,m,-0.7883707385368292,1.1679352400135068,12
greenland_periphery,5_greenland_periphery,altimetry,Jakob_Gourmelen_Jakob_et_al,2013,m,-0.1830993997805489,1.1239186616399819,12
greenland_periphery,5_greenland_periphery,altimetry,Jakob_Gourmelen_Jakob_et_al,2014,m,-0.1235854052000003,1.1197703167605535,12
greenland_periphery,5_greenland_periphery,altimetry,Jakob_Gourmelen_Jakob_et_al,2015,m,-0.2635185603504388,1.1385110556078484,12
greenland_periphery,5_greenland_periphery,altimetry,Jakob_Gourmelen_Jakob_et_al,2016,m,-0.38842979537679767,1.1657156748443527,12
greenland_periphery,5_greenland_periphery,altimetry,Jakob_Gourmelen_Jakob_et_al,2017,m,-0.03837673747276369,1.1173337638181156,12
greenland_periphery,5_greenland_periphery,altimetry,Jakob_Gourmelen_Jakob_et_al,2018,m,-0.003046699600015812,1.1082272547997092,12
greenland_periphery,5_greenland_periphery,altimetry,Jakob_Gourmelen_Jakob_et_al,2019,m,-0.5046864448490639,1.1585577380573848,12
greenland_periphery,5_greenland_periphery,altimetry,Jakob_Gourmelen_Jakob_et_al,2020,m,-0.21536346355092,0.8444972289936374,8
greenland_periphery,5_greenland_periphery,altimetry,Khan_Khan_et_al,2003,m,-0.3349775000000239,0.06762250000000483,1
greenland_periphery,5_greenland_periphery,altimetry,Khan_Khan_et_al,2004,m,-0.36542999999999587,0.07376999999999917,1
greenland_periphery,5_greenland_periphery,altimetry,Khan_Khan_et_al,2005,m,-0.36542999999999587,0.07376999999999917,1
greenland_periphery,5_greenland_periphery,altimetry,Khan_Khan_et_al,2006,m,-0.36542999999999587,0.07376999999999917,1
greenland_periphery,5_greenland_periphery,altimetry,Khan_Khan_et_al,2007,m,-0.36542999999999587,0.07376999999999917,1
greenland_periphery,5_greenland_periphery,altimetry,Khan_Khan_et_al,2008,m,-0.36542999999999587,0.07376999999999917,1
greenland_periphery,5_greenland_periphery,altimetry,Khan_Khan_et_al,2009,m,-0.3903947222222191,0.05888064960770423,2
greenland_periphery,5_greenland_periphery,altimetry,Khan_Khan_et_al,2010,m,-0.46528888888888886,0.08057777777777776,1
greenland_periphery,5_greenland_periphery,altimetry,Khan_Khan_et_al,2011,m,-0.46528888888888886,0.08057777777777776,1
greenland_periphery,5_greenland_periphery,altimetry,Khan_Khan_et_al,2012,m,-0.46528888888888886,0.08057777777777776,1
greenland_periphery,5_greenland_periphery,altimetry,Khan_Khan_et_al,2013,m,-0.46528888888888886,0.08057777777777776,1
greenland_periphery,5_greenland_periphery,altimetry,Khan_Khan_et_al,2014,m,-0.46528888888888886,0.08057777777777776,1
greenland_periphery,5_greenland_periphery,altimetry,Khan_Khan_et_al,2015,m,-0.46528888888888886,0.08057777777777776,1
greenland_periphery,5_greenland_periphery,altimetry,Khan_Khan_et_al,2016,m,-0.46528888888888886,0.08057777777777776,1
greenland_periphery,5_greenland_periphery,altimetry,Khan_Khan_et_al,2017,m,-0.46528888888888886,0.08057777777777776,1
greenland_periphery,5_greenland_periphery,altimetry,Khan_Khan_et_al,2018,m,-0.4916798245614001,0.06310227348560431,2
greenland_periphery,5_greenland_periphery,altimetry,Khan_Khan_et_al,2019,m,-0.5708526315789337,0.07263157894736669,1
greenland_periphery,5_greenland_periphery,altimetry,Khan_Khan_et_al,2020,m,-0.5708526315789337,0.07263157894736669,1
greenland_periphery,5_greenland_periphery,altimetry,Khan_Khan_et_al,2021,m,-0.5232815789473991,0.06657894736842497,1
greenland_periphery,5_greenland_periphery,altimetry,Nilsson_Gardner_Nilsson_et_al,2000,m,-0.6970999999999997,2.0161484499530897,12
greenland_periphery,5_greenland_periphery,altimetry,Nilsson_Gardner_Nilsson_et_al,2001,m,-0.3106999999999999,2.1304805752240075,12
greenland_periphery,5_greenland_periphery,altimetry,Nilsson_Gardner_Nilsson_et_al,2002,m,0.03620000000000004,1.9379388457696205,12
greenland_periphery,5_greenland_periphery,altimetry,Nilsson_Gardner_Nilsson_et_al,2003,m,-0.07209999999999997,1.4846854537713838,12
greenland_periphery,5_greenland_periphery,altimetry,Nilsson_Gardner_Nilsson_et_al,2004,m,-0.3553999999999996,1.104466074864024,12
greenland_periphery,5_greenland_periphery,altimetry,Nilsson_Gardner_Nilsson_et_al,2005,m,-0.42649999999999993,1.1484576817269523,12
greenland_periphery,5_greenland_periphery,altimetry,Nilsson_Gardner_Nilsson_et_al,2006,m,-0.4673999999999992,1.1598589477396877,12
greenland_periphery,5_greenland_periphery,altimetry,Nilsson_Gardner_Nilsson_et_al,2007,m,-0.2918999999999998,1.3939255350319368,12
greenland_periphery,5_greenland_periphery,altimetry,Nilsson_Gardner_Nilsson_et_al,2008,m,-0.8697999999999995,1.5231809119459625,12
greenland_periphery,5_greenland_periphery,altimetry,Nilsson_Gardner_Nilsson_et_al,2009,m,-0.35739999999999944,1.3840526249267642,12
greenland_periphery,5_greenland_periphery,altimetry,Nilsson_Gardner_Nilsson_et_al,2010,m,-0.4774999999999994,1.6537854229431268,12
greenland_periphery,5_greenland_periphery,altimetry,Nilsson_Gardner_Nilsson_et_al,2011,m,-0.3139999999999999,1.139954194936901,12
greenland_periphery,5_greenland_periphery,altimetry,Nilsson_Gardner_Nilsson_et_al,2012,m,-0.3768999999999994,1.1883829416537661,12
greenland_periphery,5_greenland_periphery,altimetry,Nilsson_Gardner_Nilsson_et_al,2013,m,-0.022900000000000687,1.2036108683923146,12
greenland_periphery,5_greenland_periphery,altimetry,Nilsson_Gardner_Nilsson_et_al,2014,m,-0.0501000000000004,1.1990018541667564,12
greenland_periphery,5_greenland_periphery,altimetry,Nilsson_Gardner_Nilsson_et_al,2015,m,-0.1863000000000018,1.1972714658660828,12
greenland_periphery,5_greenland_periphery,altimetry,Nilsson_Gardner_Nilsson_et_al,2016,m,-0.1316999999999995,1.1980282248362137,12
greenland_periphery,5_greenland_periphery,altimetry,Nilsson_Gardner_Nilsson_et_al,2017,m,0.024799999999999905,1.1985002401519156,12
greenland_periphery,5_greenland_periphery,altimetry,Nilsson_Gardner_Nilsson_et_al,2018,m,0.08800000000000059,1.0352843458564787,12
greenland_periphery,5_greenland_periphery,altimetry,Nilsson_Gardner_Nilsson_et_al,2019,m,-0.4008999999999991,0.6807400122348741,12
greenland_periphery,5_greenland_periphery,altimetry,Nilsson_Gardner_Nilsson_et_al,2020,m,-0.2049999999999991,0.6796679982274296,12
greenland_periphery,5_greenland_periphery,altimetry,Nilsson_Gardner_Nilsson_et_al,2021,m,-0.5903999999999993,0.8162762133974805,11
greenland_periphery,5_greenland_periphery,combined,Colgan2015_Colgan_et_al,2003,m,-0.11938877481177275,0.03776842345425508,1
greenland_periphery,5_greenland_periphery,combined,Colgan2015_Colgan_et_al,2004,m,-0.477555099247091,0.15107369381702032,1
greenland_periphery,5_greenland_periphery,combined,Colgan2015_Colgan_et_al,2005,m,-0.477555099247091,0.15107369381702032,1
greenland_periphery,5_greenland_periphery,combined,Colgan2015_Colgan_et_al,2006,m,-0.477555099247091,0.15107369381702032,1
greenland_periphery,5_greenland_periphery,combined,Colgan2015_Colgan_et_al,2007,m,-0.477555099247091,0.15107369381702032,1
greenland_periphery,5_greenland_periphery,combined,Colgan2015_Colgan_et_al,2008,m,-0.477555099247091,0.15107369381702032,1
greenland_periphery,5_greenland_periphery,combined,Colgan2015_Colgan_et_al,2009,m,-0.35816632443531826,0.11330527036276525,1
greenland_periphery,5_greenland_periphery,combined,DUS-combined_Dussaillant_et_al,2000,mwe,-0.22547190385918547,0.5023677095649675,2
greenland_periphery,5_greenland_periphery,combined,DUS-combined_Dussaillant_et_al,2001,mwe,-0.20626162539993267,0.5023666112829003,2
greenland_periphery,5_greenland_periphery,combined,DUS-combined_Dussaillant_et_al,2002,mwe,0.35180238387359775,0.5023649091306969,2
greenland_periphery,5_greenland_periphery,combined,DUS-combined_Dussaillant_et_al,2003,mwe,0.6359002019759405,0.5023618823938464,2
greenland_periphery,5_greenland_periphery,combined,DUS-combined_Dussaillant_et_al,2004,mwe,-0.5738169621288498,0.5023519096076381,2
greenland_periphery,5_greenland_periphery,combined,DUS-combined_Dussaillant_et_al,2005,mwe,-0.7428376133293846,0.5023089750559373,2
greenland_periphery,5_greenland_periphery,combined,DUS-combined_Dussaillant_et_al,2006,mwe,-0.04761277446033044,0.5023119786278897,2
greenland_periphery,5_greenland_periphery,combined,DUS-combined_Dussaillant_et_al,2007,mwe,-0.6498844444710469,0.49379549756019464,2
greenland_periphery,5_greenland_periphery,combined,DUS-combined_Dussaillant_et_al,2008,mwe,-0.2719363354660781,0.40915641034702405,2
greenland_periphery,5_greenland_periphery,combined,DUS-combined_Dussaillant_et_al,2009,mwe,-0.5725546544938067,0.4086078796821187,2
greenland_periphery,5_greenland_periphery,combined,DUS-combined_Dussaillant_et_al,2010,mwe,-1.1066424044434426,0.40839107294897675,2
greenland_periphery,5_greenland_periphery,combined,DUS-combined_Dussaillant_et_al,2011,mwe,-1.060422294350683,0.40839085650721996,2
greenland_periphery,5_greenland_periphery,combined,DUS-combined_Dussaillant_et_al,2012,mwe,-0.49860146715849085,0.4050336152801158,2
greenland_periphery,5_greenland_periphery,combined,DUS-combined_Dussaillant_et_al,2013,mwe,-0.41655054730838537,0.37320687948761366,2
greenland_periphery,5_greenland_periphery,combined,DUS-combined_Dussaillant_et_al,2014,mwe,0.0936910950206296,0.37086922990578713,2
greenland_periphery,5_greenland_periphery,combined,DUS-combined_Dussaillant_et_al,2015,mwe,0.017809685891423566,0.3714805537758253,2
greenland_periphery,5_greenland_periphery,combined,DUS-combined_Dussaillant_et_al,2016,mwe,-0.8300243937086015,0.37131667320636796,2
greenland_periphery,5_greenland_periphery,combined,DUS-combined_Dussaillant_et_al,2017,mwe,-0.04952762641027125,0.37428083390321815,2
greenland_periphery,5_greenland_periphery,combined,DUS-combined_Dussaillant_et_al,2018,mwe,0.007777089540165816,0.37383249686780445,2
greenland_periphery,5_greenland_periphery,combined,DUS-combined_Dussaillant_et_al,2019,mwe,-1.0730489935809588,0.37431221408940074,2
greenland_periphery,5_greenland_periphery,combined,DUS-combined_Dussaillant_et_al,2020,mwe,-0.6761734786997258,0.3744939850697993,2
greenland_periphery,5_greenland_periphery,combined,DUS-combined_Dussaillant_et_al,2021,mwe,-0.7193915471139665,0.3752341954444448,2
greenland_periphery,5_greenland_periphery,combined,DUS-combined_Dussaillant_et_al,2022,mwe,-0.6868943492493327,0.3786959279293016,2
greenland_periphery,5_greenland_periphery,combined,DUS-combined_Dussaillant_et_al,2023,mwe,-0.9662199043019755,0.37764153428433445,2
greenland_periphery,5_greenland_periphery,combined,Huss_Huss_et_al,2000,mwe,-0.22345,0.13660595018153493,2
greenland_periphery,5_greenland_periphery,combined,Huss_Huss_et_al,2001,mwe,-0.26735000000000003,0.14245471648913557,2
greenland_periphery,5_greenland_periphery,combined,Huss_Huss_et_al,2002,mwe,0.03852499999999999,0.25546206420915024,2
greenland_periphery,5_greenland_periphery,combined,Huss_Huss_et_al,2003,mwe,0.08759999999999997,0.5026677145490847,2
greenland_periphery,5_greenland_periphery,combined,Huss_Huss_et_al,2004,mwe,-0.536675,0.24306219625848854,2
greenland_periphery,5_greenland_periphery,combined,Huss_Huss_et_al,2005,mwe,-0.592875,0.17173567079963323,2
greenland_periphery,5_greenland_periphery,combined,Huss_Huss_et_al,2006,mwe,-0.205575,0.17429750607797004,2
greenland_periphery,5_greenland_periphery,combined,Huss_Huss_et_al,2007,mwe,-0.5441,0.1924314975517262,2
greenland_periphery,5_greenland_periphery,combined,Huss_Huss_et_al,2008,mwe,-0.330525,0.22096168502706526,2
greenland_periphery,5_greenland_periphery,combined,Huss_Huss_et_al,2009,mwe,-0.558675,0.19324567588952668,2
greenland_periphery,5_greenland_periphery,combined,Huss_Huss_et_al,2010,mwe,-1.0020250000000002,0.3062814249183257,2
greenland_periphery,5_greenland_periphery,combined,Huss_Huss_et_al,2011,mwe,-1.060075,0.18973469964663817,2
greenland_periphery,5_greenland_periphery,combined,Huss_Huss_et_al,2012,mwe,-0.61055,0.1368324271691473,2
greenland_periphery,5_greenland_periphery,combined,Huss_Huss_et_al,2013,mwe,-0.599375,0.2523762369954826,2
greenland_periphery,5_greenland_periphery,combined,Huss_Huss_et_al,2014,mwe,-0.05365,0.14611706993024465,2
greenland_periphery,5_greenland_periphery,combined,Huss_Huss_et_al,2015,mwe,-0.1436,0.16649006914828285,2
greenland_periphery,5_greenland_periphery,combined,Huss_Huss_et_al,2016,mwe,-0.711525,0.16800203867810654,2
greenland_periphery,5_greenland_periphery,combined,Huss_Huss_et_al,2017,mwe,-0.134725,0.15311757941203225,2
greenland_periphery,5_greenland_periphery,combined,Huss_Huss_et_al,2018,mwe,0.049850000000000005,0.17800812130349558,2
greenland_periphery,5_greenland_periphery,combined,Huss_Huss_et_al,2019,mwe,-0.8605250000000001,0.09580063282671988,2
greenland_periphery,5_greenland_periphery,combined,Huss_Huss_et_al,2020,mwe,-0.762175,0.15682387015374924,2
greenland_periphery,5_greenland_periphery,combined,Huss_Huss_et_al,2021,mwe,-0.690375,0.168075,1
greenland_periphery,5_greenland_periphery,demdiff,DLR_Abdullahi_et_al,2010,m,-0.03311463414631171,0.0025292682926806543,1
greenland_periphery,5_greenland_periphery,demdiff,DLR_Abdullahi_et_al,2011,m,-0.397375609756102,0.03035121951219546,1
greenland_periphery,5_greenland_periphery,demdiff,DLR_Abdullahi_et_al,2012,m,-0.397375609756102,0.03035121951219546,1
greenland_periphery,5_greenland_periphery,demdiff,DLR_Abdullahi_et_al,2013,m,-0.397375609756102,0.03035121951219546,1
greenland_periphery,5_greenland_periphery,demdiff,DLR_Abdullahi_et_al,2014,m,-0.397375609756102,0.03035121951219546,1
greenland_periphery,5_greenland_periphery,demdiff,DLR_Abdullahi_et_al,2015,m,-0.397375609756102,0.03035121951219546,1
greenland_periphery,5_greenland_periphery,demdiff,DLR_Abdullahi_et_al,2016,m,-0.397375609756102,0.03035121951219546,1
greenland_periphery,5_greenland_periphery,demdiff,DLR_Abdullahi_et_al,2017,m,-0.29803170731707646,0.022763414634146596,1
greenland_periphery,5_greenland_periphery,demdiff,ETH_Hugonnet_et_al,2000,m,-0.48700000000000004,0.068,1
greenland_periphery,5_greenland_periphery,demdiff,ETH_Hugonnet_et_al,2001,m,-0.48700000000000004,0.068,1
greenland_periphery,5_greenland_periphery,demdiff,ETH_Hugonnet_et_al,2002,m,-0.48700000000000004,0.068,1
greenland_periphery,5_greenland_periphery,demdiff,ETH_Hugonnet_et_al,2003,m,-0.48700000000000004,0.068,1
greenland_periphery,5_greenland_periphery,demdiff,ETH_Hugonnet_et_al,2004,m,-0.48700000000000004,0.068,1
greenland_periphery,5_greenland_periphery,demdiff,ETH_Hugonnet_et_al,2005,m,-0.488,0.048,1
greenland_periphery,5_greenland_periphery,demdiff,ETH_Hugonnet_et_al,2006,m,-0.488,0.048,1
greenland_periphery,5_greenland_periphery,demdiff,ETH_Hugonnet_et_al,2007,m,-0.488,0.048,1
greenland_periphery,5_greenland_periphery,demdiff,ETH_Hugonnet_et_al,2008,m,-0.488,0.048,1
greenland_periphery,5_greenland_periphery,demdiff,ETH_Hugonnet_et_al,2009,m,-0.488,0.048,1
greenland_periphery,5_greenland_periphery,demdiff,ETH_Hugonnet_et_al,2010,m,-0.5670000000000001,0.054000000000000006,1
greenland_periphery,5_greenland_periphery,demdiff,ETH_Hugonnet_et_al,2011,m,-0.5670000000000001,0.054000000000000006,1
greenland_periphery,5_greenland_periphery,demdiff,ETH_Hugonnet_et_al,2012,m,-0.5670000000000001,0.054000000000000006,1
greenland_periphery,5_greenland_periphery,demdiff,ETH_Hugonnet_et_al,2013,m,-0.5670000000000001,0.054000000000000006,1
greenland_periphery,5_greenland_periphery,demdiff,ETH_Hugonnet_et_al,2014,m,-0.5670000000000001,0.054000000000000006,1
greenland_periphery,5_greenland_periphery,demdiff,ETH_Hugonnet_et_al,2015,m,-0.47000000000000003,0.05,1
greenland_periphery,5_greenland_periphery,demdiff,ETH_Hugonnet_et_al,2016,m,-0.47000000000000003,0.05,1
greenland_periphery,5_greenland_periphery,demdiff,ETH_Hugonnet_et_al,2017,m,-0.47000000000000003,0.05,1
greenland_periphery,5_greenland_periphery,demdiff,ETH_Hugonnet_et_al,2018,m,-0.47000000000000003,0.05,1
greenland_periphery,5_greenland_periphery,demdiff,ETH_Hugonnet_et_al,2019,m,-0.47000000000000003,0.05,1
greenland_periphery,5_greenland_periphery,demdiff,Zheng et al._Zheng_et_al,2012,m,-0.13475315315316846,0.03595675675676084,1
greenland_periphery,5_greenland_periphery,demdiff,Zheng et al._Zheng_et_al,2013,m,-0.20212972972972973,0.05393513513513514,1
greenland_periphery,5_greenland_periphery,demdiff,Zheng et al._Zheng_et_al,2014,m,-0.20212972972972973,0.05393513513513514,1
greenland_periphery,5_greenland_periphery,demdiff,Zheng et al._Zheng_et_al,2015,m,-0.20212972972972973,0.05393513513513514,1
greenland_periphery,5_greenland_periphery,demdiff,Zheng et al._Zheng_et_al,2016,m,-0.20212972972972973,0.05393513513513514,1
greenland_periphery,5_greenland_periphery,demdiff,Zheng et al._Zheng_et_al,2017,m,-0.20212972972972973,0.05393513513513514,1
greenland_periphery,5_greenland_periphery,demdiff,Zheng et al._Zheng_et_al,2018,m,-0.20212972972972973,0.05393513513513514,1
greenland_periphery,5_greenland_periphery,demdiff,Zheng et al._Zheng_et_al,2019,m,-0.20212972972972973,0.05393513513513514,1
greenland_periphery,5_greenland_periphery,demdiff,Zheng et al._Zheng_et_al,2020,m,-0.20212972972972973,0.05393513513513514,1
greenland_periphery,5_greenland_periphery,demdiff,Zheng et al._Zheng_et_al,2021,m,-0.11790900900899369,0.031462162162158074,1
greenland_periphery,5_greenland_periphery,glaciological,UZH_GlaciolSineWave_Zemp_et_al,2000,mwe,-0.8438069771407435,0.6060056659657062,12
greenland_periphery,5_greenland_periphery,glaciological,UZH_GlaciolSineWave_Zemp_et_al,2001,mwe,-0.9286859857395289,0.6251542810086123,12
greenland_periphery,5_greenland_periphery,glaciological,UZH_GlaciolSineWave_Zemp_et_al,2002,mwe,-0.4496975154254674,0.5466017167223768,12
greenland_periphery,5_greenland_periphery,glaciological,UZH_GlaciolSineWave_Zemp_et_al,2003,mwe,0.11812973279218238,0.3900983932038507,12
greenland_periphery,5_greenland_periphery,glaciological,UZH_GlaciolSineWave_Zemp_et_al,2004,mwe,-1.0111626687044457,0.512317688113734,12
greenland_periphery,5_greenland_periphery,glaciological,UZH_GlaciolSineWave_Zemp_et_al,2005,mwe,-1.8012115914437232,0.76361221890736,12
greenland_periphery,5_greenland_periphery,glaciological,UZH_GlaciolSineWave_Zemp_et_al,2006,mwe,-0.7663700095446082,0.46294488975703046,12
greenland_periphery,5_greenland_periphery,glaciological,UZH_GlaciolSineWave_Zemp_et_al,2007,mwe,-1.4416207089079818,0.5709421335625736,12
greenland_periphery,5_greenland_periphery,glaciological,UZH_GlaciolSineWave_Zemp_et_al,2008,mwe,-0.5301735713406368,0.4315525365747822,12
greenland_periphery,5_greenland_periphery,glaciological,UZH_GlaciolSineWave_Zemp_et_al,2009,mwe,-0.8584881330489749,0.4720056787004549,12
greenland_periphery,5_greenland_periphery,glaciological,UZH_GlaciolSineWave_Zemp_et_al,2010,mwe,-1.51825343468831,0.5536349203537437,12
greenland_periphery,5_greenland_periphery,glaciological,UZH_GlaciolSineWave_Zemp_et_al,2011,mwe,-1.542005945932573,0.5842406504314637,12
greenland_periphery,5_greenland_periphery,glaciological,UZH_GlaciolSineWave_Zemp_et_al,2012,mwe,-0.9333015362164352,0.5228497339847719,12
greenland_periphery,5_greenland_periphery,glaciological,UZH_GlaciolSineWave_Zemp_et_al,2013,mwe,-0.7992414441708695,0.48443779387911606,12
greenland_periphery,5_greenland_periphery,glaciological,UZH_GlaciolSineWave_Zemp_et_al,2014,mwe,0.14178078862821916,0.3224949154100269,12
greenland_periphery,5_greenland_periphery,glaciological,UZH_GlaciolSineWave_Zemp_et_al,2015,mwe,-0.031951546015197396,0.37868223738385315,12
greenland_periphery,5_greenland_periphery,glaciological,UZH_GlaciolSineWave_Zemp_et_al,2016,mwe,-0.5073966915618051,0.3478772035654097,12
greenland_periphery,5_greenland_periphery,glaciological,UZH_GlaciolSineWave_Zemp_et_al,2017,mwe,0.18079365326350297,0.2819259116203555,12
greenland_periphery,5_greenland_periphery,glaciological,UZH_GlaciolSineWave_Zemp_et_al,2018,mwe,0.17302373390204162,0.36397047680549427,12
greenland_periphery,5_greenland_periphery,glaciological,UZH_GlaciolSineWave_Zemp_et_al,2019,mwe,-1.2956240189350299,0.5587997212194373,12
greenland_periphery,5_greenland_periphery,glaciological,UZH_GlaciolSineWave_Zemp_et_al,2020,mwe,-0.5465960665546207,0.40961854132643744,12
greenland_periphery,5_greenland_periphery,glaciological,UZH_GlaciolSineWave_Zemp_et_al,2021,mwe,-0.5528779667377751,0.44046117870757284,12
greenland_periphery,5_greenland_periphery,glaciological,UZH_GlaciolSineWave_Zemp_et_al,2022,mwe,-0.4854377957584647,0.40794079865237803,12
greenland_periphery,5_greenland_periphery,glaciological,UZH_GlaciolSineWave_Zemp_et_al,2023,mwe,-1.281981808276033,0.5467814438058805,12
greenland_periphery,5_greenland_periphery,glaciological,WGMS-beta_WGMS,2000,mwe,0.34650000000000003,0.7210158986864371,2
greenland_periphery,5_greenland_periphery,glaciological,WGMS-beta_WGMS,2001,mwe,0.364,0.7210158986864371,2
greenland_periphery,5_greenland_periphery,glaciological,WGMS-beta_WGMS,2002,mwe,0.9189999999999999,0.7210158986864371,2
greenland_periphery,5_greenland_periphery,glaciological,WGMS-beta_WGMS,2003,mwe,1.1965000000000001,0.7210158986864371,2
greenland_periphery,5_greenland_periphery,glaciological,WGMS-beta_WGMS,2004,mwe,-0.04849999999999999,0.7210158986864371,2
greenland_periphery,5_greenland_periphery,glaciological,WGMS-beta_WGMS,2005,mwe,-0.301,0.7210158986864371,2
greenland_periphery,5_greenland_periphery,glaciological,WGMS-beta_WGMS,2006,mwe,0.379,0.7210158986864371,2
greenland_periphery,5_greenland_periphery,glaciological,WGMS-beta_WGMS,2007,mwe,-0.220875,0.7028457001918248,2
greenland_periphery,5_greenland_periphery,glaciological,WGMS-beta_WGMS,2008,mwe,0.1735,0.511023920530017,2
greenland_periphery,5_greenland_periphery,glaciological,WGMS-beta_WGMS,2009,mwe,-0.180375,0.511023920530017,2
greenland_periphery,5_greenland_periphery,glaciological,WGMS-beta_WGMS,2010,mwe,-0.789625,0.511023920530017,2
greenland_periphery,5_greenland_periphery,glaciological,WGMS-beta_WGMS,2011,mwe,-0.74975,0.511023920530017,2
greenland_periphery,5_greenland_periphery,glaciological,WGMS-beta_WGMS,2012,mwe,-0.15720833333333334,0.5033112175027411,2
greenland_periphery,5_greenland_periphery,glaciological,WGMS-beta_WGMS,2013,mwe,-0.01791666666666665,0.42768304906331556,2
greenland_periphery,5_greenland_periphery,glaciological,WGMS-beta_WGMS,2014,mwe,0.4623333333333334,0.4272800003572045,2
greenland_periphery,5_greenland_periphery,glaciological,WGMS-beta_WGMS,2015,mwe,0.5079166666666667,0.42404181951609293,2
greenland_periphery,5_greenland_periphery,glaciological,WGMS-beta_WGMS,2016,mwe,-0.3679166666666667,0.42860954331937656,2
greenland_periphery,5_greenland_periphery,glaciological,WGMS-beta_WGMS,2017,mwe,0.43324999999999997,0.43547642741111714,2
greenland_periphery,5_greenland_periphery,glaciological,WGMS-beta_WGMS,2018,mwe,0.4550833333333334,0.422824501479202,2
greenland_periphery,5_greenland_periphery,glaciological,WGMS-beta_WGMS,2019,mwe,-0.5904166666666666,0.42424890378170893,2
greenland_periphery,5_greenland_periphery,glaciological,WGMS-beta_WGMS,2020,mwe,-0.17416666666666664,0.4368595794298163,2
greenland_periphery,5_greenland_periphery,glaciological,WGMS-beta_WGMS,2021,mwe,-0.20058333333333336,0.43792525754611944,2
greenland_periphery,5_greenland_periphery,glaciological,WGMS-beta_WGMS,2022,mwe,-0.1893333333333333,0.44740214875655954,2
greenland_periphery,5_greenland_periphery,glaciological,WGMS-beta_WGMS,2023,mwe,-0.51795,0.4459831880934459,2
iceland,6_iceland,altimetry,Foresta_Foresta_et_al,2010,m,-0.15762711864406537,0.041694915254236645,1
iceland,6_iceland,altimetry,Foresta_Foresta_et_al,2011,m,-0.6305084745762615,0.16677966101694658,1
iceland,6_iceland,altimetry,Foresta_Foresta_et_al,2012,m,-0.6305084745762615,0.16677966101694658,1
iceland,6_iceland,altimetry,Foresta_Foresta_et_al,2013,m,-0.6305084745762615,0.16677966101694658,1
iceland,6_iceland,altimetry,Foresta_Foresta_et_al,2014,m,-0.6305084745762615,0.16677966101694658,1
iceland,6_iceland,altimetry,Foresta_Foresta_et_al,2015,m,-0.4203389830508888,0.11118644067797702,1
iceland,6_iceland,altimetry,Jakob_Gourmelen_Jakob_et_al,2010,m,-2.1282458812760185,0.5428163038421441,4
iceland,6_iceland,altimetry,Jakob_Gourmelen_Jakob_et_al,2011,m,0.1692983052197067,0.8648370570340643,12
iceland,6_iceland,altimetry,Jakob_Gourmelen_Jakob_et_al,2012,m,-1.4955355582640408,0.8262302083854053,12
iceland,6_iceland,altimetry,Jakob_Gourmelen_Jakob_et_al,2013,m,-0.08707761907964834,0.8728032309867044,12
iceland,6_iceland,altimetry,Jakob_Gourmelen_Jakob_et_al,2014,m,-0.48116259459999977,0.865708468045444,12
iceland,6_iceland,altimetry,Jakob_Gourmelen_Jakob_et_al,2015,m,1.2642470028335913,0.946264048022048,12
iceland,6_iceland,altimetry,Jakob_Gourmelen_Jakob_et_al,2016,m,-1.5828651289418623,0.9197812228806584,12
iceland,6_iceland,altimetry,Jakob_Gourmelen_Jakob_et_al,2017,m,0.14657550377493758,0.9113795310371821,12
iceland,6_iceland,altimetry,Jakob_Gourmelen_Jakob_et_al,2018,m,-0.09180397506653204,0.98262910055768,12
iceland,6_iceland,altimetry,Jakob_Gourmelen_Jakob_et_al,2019,m,-1.3600281797868625,1.059941629283068,12
iceland,6_iceland,altimetry,Jakob_Gourmelen_Jakob_et_al,2020,m,1.054711974186727,0.7479370356440628,8
iceland,6_iceland,altimetry,Tepes_Tepes_et_al,2010,m,-0.06975903614457754,0.010481927710843258,1
iceland,6_iceland,altimetry,Tepes_Tepes_et_al,2011,m,-0.27903614457831016,0.04192771084337303,1
iceland,6_iceland,altimetry,Tepes_Tepes_et_al,2012,m,-0.27903614457831016,0.04192771084337303,1
iceland,6_iceland,altimetry,Tepes_Tepes_et_al,2013,m,-0.27903614457831016,0.04192771084337303,1
iceland,6_iceland,altimetry,Tepes_Tepes_et_al,2014,m,-0.27903614457831016,0.04192771084337303,1
iceland,6_iceland,altimetry,Tepes_Tepes_et_al,2015,m,-0.27903614457831016,0.04192771084337303,1
iceland,6_iceland,altimetry,Tepes_Tepes_et_al,2016,m,-0.27903614457831016,0.04192771084337303,1
iceland,6_iceland,altimetry,Tepes_Tepes_et_al,2017,m,-0.18602409638556128,0.027951807228918532,1
iceland,6_iceland,combined,ArcticInSituvGRACE_Box_et_al,2000,Gt,-15.389999999999999,5.785509917025465,2
iceland,6_iceland,combined,ArcticInSituvGRACE_Box_et_al,2001,Gt,-11.315000000000001,6.661448791366635,2
iceland,6_iceland,combined,ArcticInSituvGRACE_Box_et_al,2002,Gt,-12.02,3.3819520990102747,2
iceland,6_iceland,combined,ArcticInSituvGRACE_Box_et_al,2003,Gt,-16.005,2.3973787769144863,2
iceland,6_iceland,combined,ArcticInSituvGRACE_Box_et_al,2004,Gt,-16.755,3.651990039690689,2
iceland,6_iceland,combined,ArcticInSituvGRACE_Box_et_al,2005,Gt,-13.34,7.401287894684275,2
iceland,6_iceland,combined,ArcticInSituvGRACE_Box_et_al,2006,Gt,-11.147499999999999,3.2104331872817413,2
iceland,6_iceland,combined,ArcticInSituvGRACE_Box_et_al,2007,Gt,-10.5475,2.2841040365972822,2
iceland,6_iceland,combined,ArcticInSituvGRACE_Box_et_al,2008,Gt,-10.7825,2.1579648977682657,2
iceland,6_iceland,combined,ArcticInSituvGRACE_Box_et_al,2009,Gt,-12.7075,2.2203856646988154,2
iceland,6_iceland,combined,ArcticInSituvGRACE_Box_et_al,2010,Gt,-28.89,4.977296580474184,2
iceland,6_iceland,combined,ArcticInSituvGRACE_Box_et_al,2011,Gt,-5.8725,5.259194329933056,2
iceland,6_iceland,combined,ArcticInSituvGRACE_Box_et_al,2012,Gt,-7.62,3.3126726370107873,2
iceland,6_iceland,combined,ArcticInSituvGRACE_Box_et_al,2013,Gt,-7.5575,1.9905040190866232,2
iceland,6_iceland,combined,ArcticInSituvGRACE_Box_et_al,2014,Gt,-6.8025,3.6115033227175637,2
iceland,6_iceland,combined,ArcticInSituvGRACE_Box_et_al,2015,Gt,4.385,1.4659148167611922,2
iceland,6_iceland,combined,ArcticInSituvGRACE_Box_et_al,2016,Gt,-11.195,3.047386175068726,2
iceland,6_iceland,combined,ArcticInSituvGRACE_Box_et_al,2017,Gt,-3.1775,3.174746052836353,2
iceland,6_iceland,combined,ArcticInSituvGRACE_Box_et_al,2018,Gt,-3.1224999999999996,2.9613394351205335,2
iceland,6_iceland,combined,ArcticInSituvGRACE_Box_et_al,2019,Gt,-14.62,4.217348841393133,2
iceland,6_iceland,combined,ArcticInSituvGRACE_Box_et_al,2020,Gt,-8.7275,2.4525114678630966,2
iceland,6_iceland,combined,ArcticInSituvGRACE_Box_et_al,2021,Gt,-12.712499999999999,3.6649846520824614,2
iceland,6_iceland,combined,ArcticInSituvGRACE_Box_et_al,2022,Gt,-0.5625,3.7725,1
iceland,6_iceland,combined,Box2018_Box_et_al,2002,Gt,-3.86,0.74,1
iceland,6_iceland,combined,Box2018_Box_et_al,2003,Gt,-16.005,2.3973787769144863,2
iceland,6_iceland,combined,Box2018_Box_et_al,2004,Gt,-16.755,3.651990039690689,2
iceland,6_iceland,combined,Box2018_Box_et_al,2005,Gt,-13.34,7.401287894684275,2
iceland,6_iceland,combined,Box2018_Box_et_al,2006,Gt,-11.147499999999999,3.2104331872817413,2
iceland,6_iceland,combined,Box2018_Box_et_al,2007,Gt,-10.5475,2.2841040365972822,2
iceland,6_iceland,combined,Box2018_Box_et_al,2008,Gt,-10.7825,2.1579648977682657,2
iceland,6_iceland,combined,Box2018_Box_et_al,2009,Gt,-12.7075,2.2203856646988154,2
iceland,6_iceland,combined,Box2018_Box_et_al,2010,Gt,-28.89,4.977296580474184,2
iceland,6_iceland,combined,Box2018_Box_et_al,2011,Gt,-5.8725,5.259194329933056,2
iceland,6_iceland,combined,Box2018_Box_et_al,2012,Gt,-7.62,3.3126726370107873,2
iceland,6_iceland,combined,Box2018_Box_et_al,2013,Gt,-7.5575,1.9905040190866232,2
iceland,6_iceland,combined,Box2018_Box_et_al,2014,Gt,-6.8025,3.6115033227175637,2
iceland,6_iceland,combined,Box2018_Box_et_al,2015,Gt,7.717499999999999,1.1099999999999999,1
iceland,6_iceland,combined,DUS-combined_Dussaillant_et_al,2000,mwe,-1.2137633715768712,0.3702681776520997,2
iceland,6_iceland,combined,DUS-combined_Dussaillant_et_al,2001,mwe,-0.875744778069323,0.36792456586925004,2
iceland,6_iceland,combined,DUS-combined_Dussaillant_et_al,2002,mwe,-0.8976838647740764,0.36822734525894935,2
iceland,6_iceland,combined,DUS-combined_Dussaillant_et_al,2003,mwe,-1.2249960799615338,0.36882842304853747,2
iceland,6_iceland,combined,DUS-combined_Dussaillant_et_al,2004,mwe,-1.3339149805537351,0.369521917910068,2
iceland,6_iceland,combined,DUS-combined_Dussaillant_et_al,2005,mwe,-1.172128369473043,0.3693905865286209,2
iceland,6_iceland,combined,DUS-combined_Dussaillant_et_al,2006,mwe,-0.877990986337603,0.36515466028710925,2
iceland,6_iceland,combined,DUS-combined_Dussaillant_et_al,2007,mwe,-0.7751007016744398,0.36278315880669665,2
iceland,6_iceland,combined,DUS-combined_Dussaillant_et_al,2008,mwe,-0.7867807532975326,0.3626540319937112,2
iceland,6_iceland,combined,DUS-combined_Dussaillant_et_al,2009,mwe,-0.9527468667965007,0.36387166701865964,2
iceland,6_iceland,combined,DUS-combined_Dussaillant_et_al,2010,mwe,-2.041775299130741,0.36519763566509256,2
iceland,6_iceland,combined,DUS-combined_Dussaillant_et_al,2011,mwe,-0.4633681381004132,0.4079153939638763,2
iceland,6_iceland,combined,DUS-combined_Dussaillant_et_al,2012,mwe,-0.7235441765707538,0.4117649251634104,2
iceland,6_iceland,combined,DUS-combined_Dussaillant_et_al,2013,mwe,-0.5948200120918691,0.40643240380702694,2
iceland,6_iceland,combined,DUS-combined_Dussaillant_et_al,2014,mwe,-0.4569575808704814,0.3779700085503897,2
iceland,6_iceland,combined,DUS-combined_Dussaillant_et_al,2015,mwe,0.2443907118161241,0.3498421181623109,2
iceland,6_iceland,combined,DUS-combined_Dussaillant_et_al,2016,mwe,-0.8990184131076994,0.3488204953337549,2
iceland,6_iceland,combined,DUS-combined_Dussaillant_et_al,2017,mwe,-0.37331539597223096,0.34963600033477293,2
iceland,6_iceland,combined,DUS-combined_Dussaillant_et_al,2018,mwe,-0.4265181043293913,0.35224525416139596,2
iceland,6_iceland,combined,DUS-combined_Dussaillant_et_al,2019,mwe,-1.1433380936525517,0.34834689765278587,2
iceland,6_iceland,combined,DUS-combined_Dussaillant_et_al,2020,mwe,-0.7600612311698662,0.35033204967009246,2
iceland,6_iceland,combined,DUS-combined_Dussaillant_et_al,2021,mwe,-1.058008723981956,0.3505650875255772,2
iceland,6_iceland,combined,DUS-combined_Dussaillant_et_al,2022,mwe,-0.44706303146147586,0.3518331121778261,2
iceland,6_iceland,combined,DUS-combined_Dussaillant_et_al,2023,mwe,-1.0336521965295629,0.35023914958557295,2
iceland,6_iceland,combined,Huss_Huss_et_al,2000,mwe,-1.1357000000000002,0.16771038280321227,2
iceland,6_iceland,combined,Huss_Huss_et_al,2001,mwe,-0.8000250000000001,0.14444992211835908,2
iceland,6_iceland,combined,Huss_Huss_et_al,2002,mwe,-0.875625,0.13014232833709408,2
iceland,6_iceland,combined,Huss_Huss_et_al,2003,mwe,-1.18535,0.11236739128857624,2
iceland,6_iceland,combined,Huss_Huss_et_al,2004,mwe,-1.3329,0.11082130041196955,2
iceland,6_iceland,combined,Huss_Huss_et_al,2005,mwe,-1.33385,0.16716517467762237,2
iceland,6_iceland,combined,Huss_Huss_et_al,2006,mwe,-0.94695,0.13881916519342707,2
iceland,6_iceland,combined,Huss_Huss_et_al,2007,mwe,-0.7988,0.13875966858204872,2
iceland,6_iceland,combined,Huss_Huss_et_al,2008,mwe,-0.8261750000000001,0.1084268676343645,2
iceland,6_iceland,combined,Huss_Huss_et_al,2009,mwe,-0.96465,0.09637082675789391,2
iceland,6_iceland,combined,Huss_Huss_et_al,2010,mwe,-2.05825,0.12730958820921542,2
iceland,6_iceland,combined,Huss_Huss_et_al,2011,mwe,-0.548275,0.1397736227798364,2
iceland,6_iceland,combined,Huss_Huss_et_al,2012,mwe,-0.8530249999999999,0.10647809927398216,2
iceland,6_iceland,combined,Huss_Huss_et_al,2013,mwe,-0.652425,0.09049832180764458,2
iceland,6_iceland,combined,Huss_Huss_et_al,2014,mwe,-0.45345,0.0994280801635031,2
iceland,6_iceland,combined,Huss_Huss_et_al,2015,mwe,0.28964999999999996,0.13142543513338656,2
iceland,6_iceland,combined,Huss_Huss_et_al,2016,mwe,-0.823625,0.0817283610504946,2
iceland,6_iceland,combined,Huss_Huss_et_al,2017,mwe,-0.31455,0.11940784364940187,2
iceland,6_iceland,combined,Huss_Huss_et_al,2018,mwe,-0.41347500000000004,0.1437609343667465,2
iceland,6_iceland,combined,Huss_Huss_et_al,2019,mwe,-1.0566,0.1049479692514343,2
iceland,6_iceland,combined,Huss_Huss_et_al,2020,mwe,-0.6985,0.0883223145643274,2
iceland,6_iceland,combined,Huss_Huss_et_al,2021,mwe,-0.9918750000000001,0.110175,1
iceland,6_iceland,combined,Iceland-mb-group_smb_Palsson_et_al,2000,mwe,-0.8147415243081909,0.11790811856402618,2
iceland,6_iceland,combined,Iceland-mb-group_smb_Palsson_et_al,2001,mwe,-0.6750328343503552,0.11824841669609525,2
iceland,6_iceland,combined,Iceland-mb-group_smb_Palsson_et_al,2002,mwe,-0.6357043956045583,0.11800707861720396,2
iceland,6_iceland,combined,Iceland-mb-group_smb_Palsson_et_al,2003,mwe,-0.9118268076313243,0.11831473710185077,2
iceland,6_iceland,combined,Iceland-mb-group_smb_Palsson_et_al,2004,mwe,-1.087008478550913,0.11804537028299392,2
iceland,6_iceland,combined,Iceland-mb-group_smb_Palsson_et_al,2005,mwe,-1.0904253286605372,0.11836844337026231,2
iceland,6_iceland,combined,Iceland-mb-group_smb_Palsson_et_al,2006,mwe,-0.7643030460875087,0.11815798063245021,2
iceland,6_iceland,combined,Iceland-mb-group_smb_Palsson_et_al,2007,mwe,-0.6788110364395725,0.1185804090887394,2
iceland,6_iceland,combined,Iceland-mb-group_smb_Palsson_et_al,2008,mwe,-0.6397195890990165,0.11893092173520896,2
iceland,6_iceland,combined,Iceland-mb-group_smb_Palsson_et_al,2009,mwe,-0.7642193453396959,0.11868545263658228,2
iceland,6_iceland,combined,Iceland-mb-group_smb_Palsson_et_al,2010,mwe,-1.6686220034222918,0.11882326079869435,2
iceland,6_iceland,combined,Iceland-mb-group_smb_Palsson_et_al,2011,mwe,-0.32908896681265665,0.1188288430002483,2
iceland,6_iceland,combined,Iceland-mb-group_smb_Palsson_et_al,2012,mwe,-0.6288905693584805,0.119170448045297,2
iceland,6_iceland,combined,Iceland-mb-group_smb_Palsson_et_al,2013,mwe,-0.4147550350316622,0.11896309015930077,2
iceland,6_iceland,combined,Iceland-mb-group_smb_Palsson_et_al,2014,mwe,-0.4684457781231683,0.1193162125848404,2
iceland,6_iceland,combined,Iceland-mb-group_smb_Palsson_et_al,2015,mwe,0.3437320732622625,0.11907623869474403,2
iceland,6_iceland,combined,Iceland-mb-group_smb_Palsson_et_al,2016,mwe,-0.5744148599156703,0.11950886863133309,2
iceland,6_iceland,combined,Iceland-mb-group_smb_Palsson_et_al,2017,mwe,-0.12488977451278185,0.11987997110806696,2
iceland,6_iceland,combined,Iceland-mb-group_smb_Palsson_et_al,2018,mwe,-0.31227354885692743,0.11950141609353998,2
iceland,6_iceland,combined,Iceland-mb-group_smb_Palsson_et_al,2019,mwe,-0.9997761462415162,0.11959486876717598,2
iceland,6_iceland,combined,Iceland-mb-group_smb_Palsson_et_al,2020,mwe,-0.5358771495658531,0.11854606510052684,2
iceland,6_iceland,combined,Iceland-mb-group_smb_Palsson_et_al,2021,mwe,-0.8624909956155445,0.11813668801873928,2
iceland,6_iceland,combined,Iceland-mb-group_smb_Palsson_et_al,2022,mwe,-0.05291217281868165,0.11243806840506824,1
iceland,6_iceland,combined,Iceland-mb-group_tot_Palsson_et_al,2000,mwe,-0.9442160180382004,0.11789542939857856,2
iceland,6_iceland,combined,Iceland-mb-group_tot_Palsson_et_al,2001,mwe,-0.8097431766091512,0.11823715447503531,2
iceland,6_iceland,combined,Iceland-mb-group_tot_Palsson_et_al,2002,mwe,-0.7749943282679757,0.1179968746665845,2
iceland,6_iceland,combined,Iceland-mb-group_tot_Palsson_et_al,2003,mwe,-1.051594324668259,0.11829987850415824,2
iceland,6_iceland,combined,Iceland-mb-group_tot_Palsson_et_al,2004,mwe,-1.2272568662301366,0.11802742319997268,2
iceland,6_iceland,combined,Iceland-mb-group_tot_Palsson_et_al,2005,mwe,-1.2309258388596749,0.11834908100735206,2
iceland,6_iceland,combined,Iceland-mb-group_tot_Palsson_et_al,2006,mwe,-0.9043612162268961,0.1181442962810423,2
iceland,6_iceland,combined,Iceland-mb-group_tot_Palsson_et_al,2007,mwe,-0.8186623779504273,0.11856867225862963,2
iceland,6_iceland,combined,Iceland-mb-group_tot_Palsson_et_al,2008,mwe,-0.7850014139774819,0.11891828295451926,2
iceland,6_iceland,combined,Iceland-mb-group_tot_Palsson_et_al,2009,mwe,-0.9226776887077233,0.1186751334690881,2
iceland,6_iceland,combined,Iceland-mb-group_tot_Palsson_et_al,2010,mwe,-1.821295274438825,0.11878695975736059,2
iceland,6_iceland,combined,Iceland-mb-group_tot_Palsson_et_al,2011,mwe,-0.4820877153216182,0.11882305442101587,2
iceland,6_iceland,combined,Iceland-mb-group_tot_Palsson_et_al,2012,mwe,-0.7817474386626153,0.11915643263706543,2
iceland,6_iceland,combined,Iceland-mb-group_tot_Palsson_et_al,2013,mwe,-0.5679517623567691,0.118955724974097,2
iceland,6_iceland,combined,Iceland-mb-group_tot_Palsson_et_al,2014,mwe,-0.6215144923337451,0.11930199439690548,2
iceland,6_iceland,combined,Iceland-mb-group_tot_Palsson_et_al,2015,mwe,0.1903527404731545,0.11908509085408966,2
iceland,6_iceland,combined,Iceland-mb-group_tot_Palsson_et_al,2016,mwe,-0.727627297411282,0.11949526254243305,2
iceland,6_iceland,combined,Iceland-mb-group_tot_Palsson_et_al,2017,mwe,-0.27837786501601675,0.11987577001611713,2
iceland,6_iceland,combined,Iceland-mb-group_tot_Palsson_et_al,2018,mwe,-0.46544301219873613,0.11949750309152118,2
iceland,6_iceland,combined,Iceland-mb-group_tot_Palsson_et_al,2019,mwe,-1.1560413793631974,0.11957192581109226,2
iceland,6_iceland,combined,Iceland-mb-group_tot_Palsson_et_al,2020,mwe,-0.7003872926012537,0.1185357600856934,2
iceland,6_iceland,combined,Iceland-mb-group_tot_Palsson_et_al,2021,mwe,-1.0267458666851859,0.11811382801842343,2
iceland,6_iceland,combined,Iceland-mb-group_tot_Palsson_et_al,2022,mwe,-0.1763739093956057,0.1124350468103007,1
iceland,6_iceland,demdiff,ETH_Hugonnet_et_al,2000,m,-1.211,0.18200000000000002,1
iceland,6_iceland,demdiff,ETH_Hugonnet_et_al,2001,m,-1.211,0.18200000000000002,1
iceland,6_iceland,demdiff,ETH_Hugonnet_et_al,2002,m,-1.211,0.18200000000000002,1
iceland,6_iceland,demdiff,ETH_Hugonnet_et_al,2003,m,-1.211,0.18200000000000002,1
iceland,6_iceland,demdiff,ETH_Hugonnet_et_al,2004,m,-1.211,0.18200000000000002,1
iceland,6_iceland,demdiff,ETH_Hugonnet_et_al,2005,m,-1.173,0.118,1
iceland,6_iceland,demdiff,ETH_Hugonnet_et_al,2006,m,-1.173,0.118,1
iceland,6_iceland,demdiff,ETH_Hugonnet_et_al,2007,m,-1.173,0.118,1
iceland,6_iceland,demdiff,ETH_Hugonnet_et_al,2008,m,-1.173,0.118,1
iceland,6_iceland,demdiff,ETH_Hugonnet_et_al,2009,m,-1.173,0.118,1
iceland,6_iceland,demdiff,ETH_Hugonnet_et_al,2010,m,-0.968,0.122,1
iceland,6_iceland,demdiff,ETH_Hugonnet_et_al,2011,m,-0.968,0.122,1
iceland,6_iceland,demdiff,ETH_Hugonnet_et_al,2012,m,-0.968,0.122,1
iceland,6_iceland,demdiff,ETH_Hugonnet_et_al,2013,m,-0.968,0.122,1
iceland,6_iceland,demdiff,ETH_Hugonnet_et_al,2014,m,-0.968,0.122,1
iceland,6_iceland,demdiff,ETH_Hugonnet_et_al,2015,m,-0.766,0.128,1
iceland,6_iceland,demdiff,ETH_Hugonnet_et_al,2016,m,-0.766,0.128,1
iceland,6_iceland,demdiff,ETH_Hugonnet_et_al,2017,m,-0.766,0.128,1
iceland,6_iceland,demdiff,ETH_Hugonnet_et_al,2018,m,-0.766,0.128,1
iceland,6_iceland,demdiff,ETH_Hugonnet_et_al,2019,m,-0.766,0.128,1
iceland,6_iceland,demdiff,UIO_ASTER_Piermattei_et_al,2003,m,-0.35892858725000004,0.05156057755,1
iceland,6_iceland,demdiff,UIO_ASTER_Piermattei_et_al,2004,m,-1.4357143490000002,0.2062423102,1
iceland,6_iceland,demdiff,UIO_ASTER_Piermattei_et_al,2005,m,-1.4357143490000002,0.2062423102,1
iceland,6_iceland,demdiff,UIO_ASTER_Piermattei_et_al,2006,m,-1.4357143490000002,0.2062423102,1
iceland,6_iceland,demdiff,UIO_ASTER_Piermattei_et_al,2007,m,-1.4357143490000002,0.2062423102,1
iceland,6_iceland,demdiff,UIO_ASTER_Piermattei_et_al,2008,m,-1.4357143490000002,0.2062423102,1
iceland,6_iceland,demdiff,UIO_ASTER_Piermattei_et_al,2009,m,-1.4357143490000002,0.2062423102,1
iceland,6_iceland,demdiff,UIO_ASTER_Piermattei_et_al,2010,m,-1.4357143490000002,0.2062423102,1
iceland,6_iceland,demdiff,UIO_ASTER_Piermattei_et_al,2011,m,-1.4357143490000002,0.2062423102,1
iceland,6_iceland,demdiff,UIO_ASTER_Piermattei_et_al,2012,m,-1.4357143490000002,0.2062423102,1
iceland,6_iceland,demdiff,UIO_ASTER_Piermattei_et_al,2013,m,-1.1590227425833335,0.17176007305694546,2
iceland,6_iceland,demdiff,UIO_ASTER_Piermattei_et_al,2014,m,-0.32894792333333334,0.298665948,1
iceland,6_iceland,demdiff,UIO_ASTER_Piermattei_et_al,2015,m,-0.32894792333333334,0.298665948,1
iceland,6_iceland,demdiff,UIO_ASTER_Piermattei_et_al,2016,m,-0.32894792333333334,0.298665948,1
iceland,6_iceland,demdiff,UIO_ASTER_Piermattei_et_al,2017,m,-0.32894792333333334,0.298665948,1
iceland,6_iceland,demdiff,UIO_ASTER_Piermattei_et_al,2018,m,-0.32894792333333334,0.298665948,1
iceland,6_iceland,demdiff,UIO_ASTER_Piermattei_et_al,2019,m,-0.2467109425,0.223999461,1
iceland,6_iceland,demdiff,UIO_SPOT5ArticDEM_Piermattei_et_al,2003,m,-0.22512141032500002,0.048418759475,1
iceland,6_iceland,demdiff,UIO_SPOT5ArticDEM_Piermattei_et_al,2004,m,-0.9004856413000001,0.1936750379,1
iceland,6_iceland,demdiff,UIO_SPOT5ArticDEM_Piermattei_et_al,2005,m,-0.9004856413000001,0.1936750379,1
iceland,6_iceland,demdiff,UIO_SPOT5ArticDEM_Piermattei_et_al,2006,m,-0.9004856413000001,0.1936750379,1
iceland,6_iceland,demdiff,UIO_SPOT5ArticDEM_Piermattei_et_al,2007,m,-0.9004856413000001,0.1936750379,1
iceland,6_iceland,demdiff,UIO_SPOT5ArticDEM_Piermattei_et_al,2008,m,-0.9004856413000001,0.1936750379,1
iceland,6_iceland,demdiff,UIO_SPOT5ArticDEM_Piermattei_et_al,2009,m,-0.9004856413000001,0.1936750379,1
iceland,6_iceland,demdiff,UIO_SPOT5ArticDEM_Piermattei_et_al,2010,m,-0.9004856413000001,0.1936750379,1
iceland,6_iceland,demdiff,UIO_SPOT5ArticDEM_Piermattei_et_al,2011,m,-0.9004856413000001,0.1936750379,1
iceland,6_iceland,demdiff,UIO_SPOT5ArticDEM_Piermattei_et_al,2012,m,-0.9004856413000001,0.1936750379,1
iceland,6_iceland,demdiff,UIO_SPOT5ArticDEM_Piermattei_et_al,2013,m,-0.783490117225,0.19197644175265158,2
iceland,6_iceland,demdiff,UIO_SPOT5ArticDEM_Piermattei_et_al,2014,m,-0.432503545,0.502084738125,1
iceland,6_iceland,demdiff,UIO_SPOT5ArticDEM_Piermattei_et_al,2015,m,-0.432503545,0.502084738125,1
iceland,6_iceland,demdiff,UIO_SPOT5ArticDEM_Piermattei_et_al,2016,m,-0.432503545,0.502084738125,1
iceland,6_iceland,demdiff,UIO_SPOT5ArticDEM_Piermattei_et_al,2017,m,-0.432503545,0.502084738125,1
iceland,6_iceland,demdiff,UIO_SPOT5ArticDEM_Piermattei_et_al,2018,m,-0.432503545,0.502084738125,1
iceland,6_iceland,demdiff,UIO_SPOT5ArticDEM_Piermattei_et_al,2019,m,-0.432503545,0.502084738125,1
iceland,6_iceland,demdiff,UIO_SPOT5ArticDEM_Piermattei_et_al,2020,m,-0.432503545,0.502084738125,1
iceland,6_iceland,demdiff,UIO_SPOT5ArticDEM_Piermattei_et_al,2021,m,-0.32437765875,0.37656355359375,1
iceland,6_iceland,demdiff,Zheng et al._Zheng_et_al,2012,m,-0.12950000000002357,0.0957777777777952,1
iceland,6_iceland,demdiff,Zheng et al._Zheng_et_al,2013,m,-0.3108,0.22986666666666666,1
iceland,6_iceland,demdiff,Zheng et al._Zheng_et_al,2014,m,-0.3108,0.22986666666666666,1
iceland,6_iceland,demdiff,Zheng et al._Zheng_et_al,2015,m,-0.3108,0.22986666666666666,1
iceland,6_iceland,demdiff,Zheng et al._Zheng_et_al,2016,m,-0.3108,0.22986666666666666,1
iceland,6_iceland,demdiff,Zheng et al._Zheng_et_al,2017,m,-0.3108,0.22986666666666666,1
iceland,6_iceland,demdiff,Zheng et al._Zheng_et_al,2018,m,-0.3108,0.22986666666666666,1
iceland,6_iceland,demdiff,Zheng et al._Zheng_et_al,2019,m,-0.3108,0.22986666666666666,1
iceland,6_iceland,demdiff,Zheng et al._Zheng_et_al,2020,m,-0.3108,0.22986666666666666,1
iceland,6_iceland,demdiff,Zheng et al._Zheng_et_al,2021,m,-0.18129999999997642,0.13408888888887147,1
iceland,6_iceland,glaciological,UZH_GlaciolSineWave_Zemp_et_al,2000,mwe,-1.0187857091110457,0.7265744966450792,12
iceland,6_iceland,glaciological,UZH_GlaciolSineWave_Zemp_et_al,2001,mwe,-0.7933216341885443,0.650754305534873,12
iceland,6_iceland,glaciological,UZH_GlaciolSineWave_Zemp_et_al,2002,mwe,-0.7109461662380094,0.7099539532694286,12
iceland,6_iceland,glaciological,UZH_GlaciolSineWave_Zemp_et_al,2003,mwe,-1.2921890107702003,0.8919173580330756,12
iceland,6_iceland,glaciological,UZH_GlaciolSineWave_Zemp_et_al,2004,mwe,-1.342917782635939,0.7803783459594644,12
iceland,6_iceland,glaciological,UZH_GlaciolSineWave_Zemp_et_al,2005,mwe,-1.1313403705161476,0.7202619952588332,12
iceland,6_iceland,glaciological,UZH_GlaciolSineWave_Zemp_et_al,2006,mwe,-0.5413233824242836,0.6521917550268608,12
iceland,6_iceland,glaciological,UZH_GlaciolSineWave_Zemp_et_al,2007,mwe,-0.6616811042562001,0.6915708056821889,12
iceland,6_iceland,glaciological,UZH_GlaciolSineWave_Zemp_et_al,2008,mwe,-0.7632872947809259,0.752310941917206,12
iceland,6_iceland,glaciological,UZH_GlaciolSineWave_Zemp_et_al,2009,mwe,-0.4388123895911422,0.6256922183956679,12
iceland,6_iceland,glaciological,UZH_GlaciolSineWave_Zemp_et_al,2010,mwe,-2.604146641282183,1.117744162309591,12
iceland,6_iceland,glaciological,UZH_GlaciolSineWave_Zemp_et_al,2011,mwe,-0.32425078667621504,0.6675280137723562,12
iceland,6_iceland,glaciological,UZH_GlaciolSineWave_Zemp_et_al,2012,mwe,-0.7329643012389866,0.7346095154217497,12
iceland,6_iceland,glaciological,UZH_GlaciolSineWave_Zemp_et_al,2013,mwe,-0.38167574345784083,0.580635084382954,12
iceland,6_iceland,glaciological,UZH_GlaciolSineWave_Zemp_et_al,2014,mwe,-0.6595809405691586,0.7303631484196178,12
iceland,6_iceland,glaciological,UZH_GlaciolSineWave_Zemp_et_al,2015,mwe,0.6537676148535406,0.517350187409294,12
iceland,6_iceland,glaciological,UZH_GlaciolSineWave_Zemp_et_al,2016,mwe,-0.7931132300769284,0.7288579922897244,12
iceland,6_iceland,glaciological,UZH_GlaciolSineWave_Zemp_et_al,2017,mwe,-0.31756657483088646,0.6854191360741577,12
iceland,6_iceland,glaciological,UZH_GlaciolSineWave_Zemp_et_al,2018,mwe,-0.031762052300614185,0.548004952953576,12
iceland,6_iceland,glaciological,UZH_GlaciolSineWave_Zemp_et_al,2019,mwe,-1.3990552551219935,0.7921290068123409,12
iceland,6_iceland,glaciological,UZH_GlaciolSineWave_Zemp_et_al,2020,mwe,-0.3946699515085348,0.6114802129694518,12
iceland,6_iceland,glaciological,UZH_GlaciolSineWave_Zemp_et_al,2021,mwe,-0.9987328265585784,0.7867162259739953,12
iceland,6_iceland,glaciological,UZH_GlaciolSineWave_Zemp_et_al,2022,mwe,-0.19039944898538175,0.6529439852072476,12
iceland,6_iceland,glaciological,UZH_GlaciolSineWave_Zemp_et_al,2023,mwe,-0.9478473500504556,0.7067038968968754,12
iceland,6_iceland,glaciological,WGMS-beta_WGMS,2000,mwe,-0.6924062500000001,0.27306513862248505,2
iceland,6_iceland,glaciological,WGMS-beta_WGMS,2001,mwe,-0.43228125,0.27306513862248505,2
iceland,6_iceland,glaciological,WGMS-beta_WGMS,2002,mwe,-0.44959375,0.27306513862248505,2
iceland,6_iceland,glaciological,WGMS-beta_WGMS,2003,mwe,-0.7476875,0.27306513862248505,2
iceland,6_iceland,glaciological,WGMS-beta_WGMS,2004,mwe,-0.8052152777777778,0.27228569705002253,2
iceland,6_iceland,glaciological,WGMS-beta_WGMS,2005,mwe,-0.5829722222222221,0.26516764282603145,2
iceland,6_iceland,glaciological,WGMS-beta_WGMS,2006,mwe,-0.36697222222222214,0.26516764282603145,2
iceland,6_iceland,glaciological,WGMS-beta_WGMS,2007,mwe,-0.31352777777777774,0.26516764282603145,2
iceland,6_iceland,glaciological,WGMS-beta_WGMS,2008,mwe,-0.32649999999999996,0.26516764282603145,2
iceland,6_iceland,glaciological,WGMS-beta_WGMS,2009,mwe,-0.47405555555555556,0.26516764282603145,2
iceland,6_iceland,glaciological,WGMS-beta_WGMS,2010,mwe,-1.6604999999999999,0.2735211916401291,2
iceland,6_iceland,glaciological,WGMS-beta_WGMS,2011,mwe,0.0001944444444443999,0.3395784350413587,2
iceland,6_iceland,glaciological,WGMS-beta_WGMS,2012,mwe,-0.17394444444444443,0.3395784350413587,2
iceland,6_iceland,glaciological,WGMS-beta_WGMS,2013,mwe,-0.1212222222222222,0.3361572049527192,2
iceland,6_iceland,glaciological,WGMS-beta_WGMS,2014,mwe,-0.014138888888888868,0.2978737244376892,2
iceland,6_iceland,glaciological,WGMS-beta_WGMS,2015,mwe,0.8070833333333334,0.23985865528222916,2
iceland,6_iceland,glaciological,WGMS-beta_WGMS,2016,mwe,-0.34908333333333336,0.23985865528222916,2
iceland,6_iceland,glaciological,WGMS-beta_WGMS,2017,mwe,0.21866666666666662,0.23985865528222916,2
iceland,6_iceland,glaciological,WGMS-beta_WGMS,2018,mwe,0.1939444444444444,0.23985865528222916,2
iceland,6_iceland,glaciological,WGMS-beta_WGMS,2019,mwe,-0.599,0.23985865528222916,2
iceland,6_iceland,glaciological,WGMS-beta_WGMS,2020,mwe,-0.1705833333333334,0.23985865528222916,2
iceland,6_iceland,glaciological,WGMS-beta_WGMS,2021,mwe,-0.4710277777777779,0.23985865528222916,2
iceland,6_iceland,glaciological,WGMS-beta_WGMS,2022,mwe,0.1426111111111111,0.23985865528222916,2
iceland,6_iceland,glaciological,WGMS-beta_WGMS,2023,mwe,-0.478625,0.24050404326491037,2
iceland,6_iceland,gravimetry,Harig_Group_Harig_et_al,2002,Gt,0.05952106514299471,72.26546332965734,9
iceland,6_iceland,gravimetry,Harig_Group_Harig_et_al,2003,Gt,-25.436008546323123,103.06040296821877,12
iceland,6_iceland,gravimetry,Harig_Group_Harig_et_al,2004,Gt,-1.8498507063302672,106.09685905894612,12
iceland,6_iceland,gravimetry,Harig_Group_Harig_et_al,2005,Gt,-10.994290015095388,107.92972107358437,12
iceland,6_iceland,gravimetry,Harig_Group_Harig_et_al,2006,Gt,9.65472364438714,107.92347965378383,12
iceland,6_iceland,gravimetry,Harig_Group_Harig_et_al,2007,Gt,-15.43849623544937,107.92950981697417,12
iceland,6_iceland,gravimetry,Harig_Group_Harig_et_al,2008,Gt,-29.123171338086564,107.90675252192503,12
iceland,6_iceland,gravimetry,Harig_Group_Harig_et_al,2009,Gt,11.07920889505514,107.92972107358428,12
iceland,6_iceland,gravimetry,Harig_Group_Harig_et_al,2010,Gt,-38.87422837605725,106.12528742290858,12
iceland,6_iceland,gravimetry,Harig_Group_Harig_et_al,2011,Gt,-5.364728321982042,94.82611350543982,12
iceland,6_iceland,gravimetry,Harig_Group_Harig_et_al,2012,Gt,1.3024279727175099,97.88152812300464,12
iceland,6_iceland,gravimetry,Harig_Group_Harig_et_al,2013,Gt,-11.534996845757263,87.87908560194057,12
iceland,6_iceland,gravimetry,Harig_Group_Harig_et_al,2014,Gt,3.2960589138179444,84.23084813714142,12
iceland,6_iceland,gravimetry,Harig_Group_Harig_et_al,2015,Gt,18.33535489081045,87.50687973420132,12
iceland,6_iceland,gravimetry,Harig_Group_Harig_et_al,2016,Gt,-39.88271254467709,86.2572208091074,12
iceland,6_iceland,gravimetry,Harig_Group_Harig_et_al,2017,Gt,,,12
iceland,6_iceland,gravimetry,Harig_Group_Harig_et_al,2018,Gt,,,12
iceland,6_iceland,gravimetry,Harig_Group_Harig_et_al,2019,Gt,-25.797710957393278,107.92950981697417,12
iceland,6_iceland,gravimetry,Harig_Group_Harig_et_al,2020,Gt,22.177669292410343,107.90675252192483,12
iceland,6_iceland,gravimetry,Harig_Group_Harig_et_al,2021,Gt,-33.75499036840034,107.92972107358455,12
iceland,6_iceland,gravimetry,Harig_Group_Harig_et_al,2022,Gt,-0.39247393311367773,107.92347965378383,12
iceland,6_iceland,gravimetry,Harig_Group_Harig_et_al,2023,Gt,-25.2192067628028,34.837326452247716,2
iceland,6_iceland,gravimetry,Jacob_2012_dmdt_Jacob_et_al,2003,Gt,-10.999578947368315,1.9995789473684018,1
iceland,6_iceland,gravimetry,Jacob_2012_dmdt_Jacob_et_al,2004,Gt,-10.999578947368315,1.9995789473684018,1
iceland,6_iceland,gravimetry,Jacob_2012_dmdt_Jacob_et_al,2005,Gt,-10.999578947368315,1.9995789473684018,1
iceland,6_iceland,gravimetry,Jacob_2012_dmdt_Jacob_et_al,2006,Gt,-10.999578947368315,1.9995789473684018,1
iceland,6_iceland,gravimetry,Jacob_2012_dmdt_Jacob_et_al,2007,Gt,-10.999578947368315,1.9995789473684018,1
iceland,6_iceland,gravimetry,Jacob_2012_dmdt_Jacob_et_al,2008,Gt,-10.999578947368315,1.9995789473684018,1
iceland,6_iceland,gravimetry,Jacob_2012_dmdt_Jacob_et_al,2009,Gt,-10.999578947368315,1.9995789473684018,1
iceland,6_iceland,gravimetry,Jacob_2012_dmdt_Jacob_et_al,2010,Gt,-10.08294736842179,1.8329473684211866,1
iceland,6_iceland,gravimetry,LEGOS-MAGELLIUM-bis_Pfeffer_et_al,2002,Gt,-7.1161171708156905,61.62653408846485,9
iceland,6_iceland,gravimetry,LEGOS-MAGELLIUM-bis_Pfeffer_et_al,2003,Gt,-9.587566610548777,77.2326271216744,12
iceland,6_iceland,gravimetry,LEGOS-MAGELLIUM-bis_Pfeffer_et_al,2004,Gt,-16.06262914162685,69.95047621956158,12
iceland,6_iceland,gravimetry,LEGOS-MAGELLIUM-bis_Pfeffer_et_al,2005,Gt,-13.002642195446342,61.362587046364034,12
iceland,6_iceland,gravimetry,LEGOS-MAGELLIUM-bis_Pfeffer_et_al,2006,Gt,0.9539803295849014,73.04620320109616,12
iceland,6_iceland,gravimetry,LEGOS-MAGELLIUM-bis_Pfeffer_et_al,2007,Gt,-1.6402209491210442,67.06330983666113,12
iceland,6_iceland,gravimetry,LEGOS-MAGELLIUM-bis_Pfeffer_et_al,2008,Gt,-24.931479572727334,63.30158700142174,12
iceland,6_iceland,gravimetry,LEGOS-MAGELLIUM-bis_Pfeffer_et_al,2009,Gt,-1.0544767651972506,89.94995849541348,12
iceland,6_iceland,gravimetry,LEGOS-MAGELLIUM-bis_Pfeffer_et_al,2010,Gt,-25.07068701983249,52.859046292590214,12
iceland,6_iceland,gravimetry,LEGOS-MAGELLIUM-bis_Pfeffer_et_al,2011,Gt,2.616734840343499,64.78066049261231,12
iceland,6_iceland,gravimetry,LEGOS-MAGELLIUM-bis_Pfeffer_et_al,2012,Gt,-2.887117443709542,49.94299210271537,12
iceland,6_iceland,gravimetry,LEGOS-MAGELLIUM-bis_Pfeffer_et_al,2013,Gt,0.9460136439940632,53.47571991856385,12
iceland,6_iceland,gravimetry,LEGOS-MAGELLIUM-bis_Pfeffer_et_al,2014,Gt,-2.8121931871526016,50.66620333073711,12
iceland,6_iceland,gravimetry,LEGOS-MAGELLIUM-bis_Pfeffer_et_al,2015,Gt,4.036175959863286,50.854174553647624,12
iceland,6_iceland,gravimetry,LEGOS-MAGELLIUM-bis_Pfeffer_et_al,2016,Gt,-23.120295845380582,61.6105380663542,12
iceland,6_iceland,gravimetry,LEGOS-MAGELLIUM-bis_Pfeffer_et_al,2017,Gt,13.385817578421452,86.26684952632208,12
iceland,6_iceland,gravimetry,LEGOS-MAGELLIUM-bis_Pfeffer_et_al,2018,Gt,-5.370574442956752,25.444903172458766,12
iceland,6_iceland,gravimetry,LEGOS-MAGELLIUM-bis_Pfeffer_et_al,2019,Gt,-24.614870539556108,39.88733967566481,12
iceland,6_iceland,gravimetry,LEGOS-MAGELLIUM-bis_Pfeffer_et_al,2020,Gt,16.620967127509914,38.522196640821655,12
iceland,6_iceland,gravimetry,LEGOS-MAGELLIUM-bis_Pfeffer_et_al,2021,Gt,-15.341955334727317,39.77921483569233,12
iceland,6_iceland,gravimetry,LEGOS-MAGELLIUM-bis_Pfeffer_et_al,2022,Gt,-8.712466379723143,43.658712968712415,8
iceland,6_iceland,gravimetry,LEGOS-MAGELLIUM_Pfeffer_et_al,2002,Gt,-8.545281808167612,61.59822680151995,9
iceland,6_iceland,gravimetry,LEGOS-MAGELLIUM_Pfeffer_et_al,2003,Gt,-11.902621215613298,77.23477465078132,12
iceland,6_iceland,gravimetry,LEGOS-MAGELLIUM_Pfeffer_et_al,2004,Gt,-18.46584816326913,69.93783541050664,12
iceland,6_iceland,gravimetry,LEGOS-MAGELLIUM_Pfeffer_et_al,2005,Gt,-15.06311428665996,61.34833920001189,12
iceland,6_iceland,gravimetry,LEGOS-MAGELLIUM_Pfeffer_et_al,2006,Gt,-1.0646827117869009,73.05139431393032,12
iceland,6_iceland,gravimetry,LEGOS-MAGELLIUM_Pfeffer_et_al,2007,Gt,-3.6770377108202865,67.07825777531892,12
iceland,6_iceland,gravimetry,LEGOS-MAGELLIUM_Pfeffer_et_al,2008,Gt,-27.021498610009125,63.318250373057694,12
iceland,6_iceland,gravimetry,LEGOS-MAGELLIUM_Pfeffer_et_al,2009,Gt,-3.4789044236155036,89.93223510563608,12
iceland,6_iceland,gravimetry,LEGOS-MAGELLIUM_Pfeffer_et_al,2010,Gt,-27.7293463319086,52.80844105988253,12
iceland,6_iceland,gravimetry,LEGOS-MAGELLIUM_Pfeffer_et_al,2011,Gt,0.901900963136057,64.82678117753815,12
iceland,6_iceland,gravimetry,LEGOS-MAGELLIUM_Pfeffer_et_al,2012,Gt,-4.36181648084154,49.91465403035824,12
iceland,6_iceland,gravimetry,LEGOS-MAGELLIUM_Pfeffer_et_al,2013,Gt,-0.7217238917539959,53.514987078150256,12
iceland,6_iceland,gravimetry,LEGOS-MAGELLIUM_Pfeffer_et_al,2014,Gt,-4.172585282006551,50.636404308561495,12
iceland,6_iceland,gravimetry,LEGOS-MAGELLIUM_Pfeffer_et_al,2015,Gt,2.9582446952593813,50.865220507233055,12
iceland,6_iceland,gravimetry,LEGOS-MAGELLIUM_Pfeffer_et_al,2016,Gt,-24.719225091471742,61.59377240693442,12
iceland,6_iceland,gravimetry,LEGOS-MAGELLIUM_Pfeffer_et_al,2017,Gt,11.82586776089957,86.28990526608504,12
iceland,6_iceland,gravimetry,LEGOS-MAGELLIUM_Pfeffer_et_al,2018,Gt,-6.859440989381255,25.439527081874957,12
iceland,6_iceland,gravimetry,LEGOS-MAGELLIUM_Pfeffer_et_al,2019,Gt,-26.24652689605483,39.87838392805476,12
iceland,6_iceland,gravimetry,LEGOS-MAGELLIUM_Pfeffer_et_al,2020,Gt,14.993115269902546,38.53483948419049,12
iceland,6_iceland,gravimetry,LEGOS-MAGELLIUM_Pfeffer_et_al,2021,Gt,-16.969963002258595,39.768930684484516,12
iceland,6_iceland,gravimetry,LEGOS-MAGELLIUM_Pfeffer_et_al,2022,Gt,-9.727760911528662,43.647917957008666,8
iceland,6_iceland,gravimetry,Sasgen_AWIarc_RL01_2_Sasgen_et_al,2002,Gt,32.049032258060194,40.50117004670468,9
iceland,6_iceland,gravimetry,Sasgen_AWIarc_RL01_2_Sasgen_et_al,2003,Gt,-41.79774217602856,56.21396858313559,12
iceland,6_iceland,gravimetry,Sasgen_AWIarc_RL01_2_Sasgen_et_al,2004,Gt,1.749610182755231,60.58525149063961,12
iceland,6_iceland,gravimetry,Sasgen_AWIarc_RL01_2_Sasgen_et_al,2005,Gt,14.654583606187774,46.71542646281579,12
iceland,6_iceland,gravimetry,Sasgen_AWIarc_RL01_2_Sasgen_et_al,2006,Gt,-17.15903225807521,46.1292635214779,12
iceland,6_iceland,gravimetry,Sasgen_AWIarc_RL01_2_Sasgen_et_al,2007,Gt,1.7454758427377302,42.060071305748096,12
iceland,6_iceland,gravimetry,Sasgen_AWIarc_RL01_2_Sasgen_et_al,2008,Gt,-38.08203336914843,44.73390874313423,12
iceland,6_iceland,gravimetry,Sasgen_AWIarc_RL01_2_Sasgen_et_al,2009,Gt,4.074299461893636,53.42604096937906,12
iceland,6_iceland,gravimetry,Sasgen_AWIarc_RL01_2_Sasgen_et_al,2010,Gt,-32.967829912018736,55.8402428034235,12
iceland,6_iceland,gravimetry,Sasgen_AWIarc_RL01_2_Sasgen_et_al,2011,Gt,3.387476199384622,52.96412018213885,12
iceland,6_iceland,gravimetry,Sasgen_AWIarc_RL01_2_Sasgen_et_al,2012,Gt,20.182197233981668,77.98737198813816,12
iceland,6_iceland,gravimetry,Sasgen_AWIarc_RL01_2_Sasgen_et_al,2013,Gt,10.987296263636281,44.58556107227569,12
iceland,6_iceland,gravimetry,Sasgen_AWIarc_RL01_2_Sasgen_et_al,2014,Gt,20.263681591930045,34.10241134280563,12
iceland,6_iceland,gravimetry,Sasgen_AWIarc_RL01_2_Sasgen_et_al,2015,Gt,-35.61937893492766,60.87345958493883,12
iceland,6_iceland,gravimetry,Sasgen_AWIarc_RL01_2_Sasgen_et_al,2016,Gt,-16.39786487430611,42.91814900835558,12
iceland,6_iceland,gravimetry,Sasgen_AWIarc_RL01_2_Sasgen_et_al,2017,Gt,-2.5389624907257957,43.5094005379637,12
iceland,6_iceland,gravimetry,Sasgen_AWIarc_RL01_2_Sasgen_et_al,2018,Gt,-9.188550560822947,27.79756596630962,12
iceland,6_iceland,gravimetry,Sasgen_AWIarc_RL01_2_Sasgen_et_al,2019,Gt,-17.922784937714695,44.220238441287215,12
iceland,6_iceland,gravimetry,Sasgen_AWIarc_RL01_2_Sasgen_et_al,2020,Gt,9.057923166233834,46.34868283811322,12
iceland,6_iceland,gravimetry,Sasgen_AWIarc_RL01_2_Sasgen_et_al,2021,Gt,-6.621589841427323,47.99650748666086,12
iceland,6_iceland,gravimetry,Sasgen_AWIarc_RL01_2_Sasgen_et_al,2022,Gt,-19.81580645160556,50.75360267996527,11
iceland,6_iceland,gravimetry,Velicogna_Sutterley_et_al,2002,gt,-42.72865806452097,33.701059788651,9
iceland,6_iceland,gravimetry,Velicogna_Sutterley_et_al,2003,gt,1.2704096928080801,46.95957451720644,12
iceland,6_iceland,gravimetry,Velicogna_Sutterley_et_al,2004,gt,-24.1696691040161,50.45563270023654,12
iceland,6_iceland,gravimetry,Velicogna_Sutterley_et_al,2005,gt,-13.713234137169644,50.46756488606927,12
iceland,6_iceland,gravimetry,Velicogna_Sutterley_et_al,2006,gt,-12.002164516139715,50.4645919997712,12
iceland,6_iceland,gravimetry,Velicogna_Sutterley_et_al,2007,gt,1.6298024938702564,50.46741156419035,12
iceland,6_iceland,gravimetry,Velicogna_Sutterley_et_al,2008,gt,-44.6576021636002,50.45563270023634,12
iceland,6_iceland,gravimetry,Velicogna_Sutterley_et_al,2009,gt,6.5949287019870155,50.46756488606919,12
iceland,6_iceland,gravimetry,Velicogna_Sutterley_et_al,2010,gt,-39.2863637506805,49.57235619056742,12
iceland,6_iceland,gravimetry,Velicogna_Sutterley_et_al,2011,gt,-1.8666120709021357,41.139467365151575,12
iceland,6_iceland,gravimetry,Velicogna_Sutterley_et_al,2012,gt,-6.535115016318457,42.0085686518455,12
iceland,6_iceland,gravimetry,Velicogna_Sutterley_et_al,2013,gt,9.103471483059455,39.904067528492035,12
iceland,6_iceland,gravimetry,Velicogna_Sutterley_et_al,2014,gt,-3.1400112903155026,40.02845362508847,12
iceland,6_iceland,gravimetry,Velicogna_Sutterley_et_al,2015,gt,-13.11120539812228,38.771798884452096,12
iceland,6_iceland,gravimetry,Velicogna_Sutterley_et_al,2016,gt,-19.92290536831547,39.848209742255754,12
iceland,6_iceland,gravimetry,Velicogna_Sutterley_et_al,2017,gt,9.490018919332414,28.0895005563735,12
iceland,6_iceland,gravimetry,Velicogna_Sutterley_et_al,2018,gt,-18.181629120630504,26.988998159824085,12
iceland,6_iceland,gravimetry,Velicogna_Sutterley_et_al,2019,gt,-25.214289249017156,50.46741156419035,12
iceland,6_iceland,gravimetry,Velicogna_Sutterley_et_al,2020,gt,12.443464498856514,50.45563270023637,12
iceland,6_iceland,gravimetry,Velicogna_Sutterley_et_al,2021,gt,-37.468075249846265,50.46756488606913,12
iceland,6_iceland,gravimetry,Velicogna_Sutterley_et_al,2022,gt,-9.96934193545701,50.4645919997712,12
iceland,6_iceland,gravimetry,Velicogna_Sutterley_et_al,2023,gt,10.883280645138317,16.42885554826332,2
iceland,6_iceland,gravimetry,Wouters_Wouters_et_al,2002,Gt,-15.330498179349595,48.54543921262142,10
iceland,6_iceland,gravimetry,Wouters_Wouters_et_al,2003,Gt,-9.684985679153103,42.038474943539136,12
iceland,6_iceland,gravimetry,Wouters_Wouters_et_al,2004,Gt,-25.616518887607903,40.67127057303677,12
iceland,6_iceland,gravimetry,Wouters_Wouters_et_al,2005,Gt,4.431408859106202,43.66428584676639,12
iceland,6_iceland,gravimetry,Wouters_Wouters_et_al,2006,Gt,-14.600134981145601,45.68469230546916,12
iceland,6_iceland,gravimetry,Wouters_Wouters_et_al,2007,Gt,-12.113917975967595,48.93906747113985,12
iceland,6_iceland,gravimetry,Wouters_Wouters_et_al,2008,Gt,-16.190326005676496,52.2682779298482,12
iceland,6_iceland,gravimetry,Wouters_Wouters_et_al,2009,Gt,-13.42560589787891,57.59231692374449,12
iceland,6_iceland,gravimetry,Wouters_Wouters_et_al,2010,Gt,-24.696609902476993,62.08369560682731,12
iceland,6_iceland,gravimetry,Wouters_Wouters_et_al,2011,Gt,0.34224790116750725,57.523636271778756,12
iceland,6_iceland,gravimetry,Wouters_Wouters_et_al,2012,Gt,-0.0378135424315067,62.56724603058308,12
iceland,6_iceland,gravimetry,Wouters_Wouters_et_al,2013,Gt,-8.398360895347011,61.145631425272256,12
iceland,6_iceland,gravimetry,Wouters_Wouters_et_al,2014,Gt,4.135428347275994,66.99064593483435,12
iceland,6_iceland,gravimetry,Wouters_Wouters_et_al,2015,Gt,-3.2750407325461026,66.86089416816301,12
iceland,6_iceland,gravimetry,Wouters_Wouters_et_al,2016,Gt,-34.259131815222815,72.36486287761707,12
iceland,6_iceland,gravimetry,Wouters_Wouters_et_al,2017,Gt,13.93137460308671,64.42503293973553,12
iceland,6_iceland,gravimetry,Wouters_Wouters_et_al,2018,Gt,-12.03964773344677,57.39998561917493,12
iceland,6_iceland,gravimetry,Wouters_Wouters_et_al,2019,Gt,-27.713540243653,111.05310326777858,12
iceland,6_iceland,gravimetry,Wouters_Wouters_et_al,2020,Gt,2.5721099754429986,117.59922550638605,12
iceland,6_iceland,gravimetry,Wouters_Wouters_et_al,2021,Gt,-29.665692684321016,112.14192998644904,10
svalbard,7_svalbard,altimetry,Gardner2013_icesat_Gardner_et_al,2003,m,-0.030416666666666665,0.008333333333333333,1
svalbard,7_svalbard,altimetry,Gardner2013_icesat_Gardner_et_al,2004,m,-0.12166666666666666,0.03333333333333333,1
svalbard,7_svalbard,altimetry,Gardner2013_icesat_Gardner_et_al,2005,m,-0.12166666666666666,0.03333333333333333,1
svalbard,7_svalbard,altimetry,Gardner2013_icesat_Gardner_et_al,2006,m,-0.12166666666666666,0.03333333333333333,1
svalbard,7_svalbard,altimetry,Gardner2013_icesat_Gardner_et_al,2007,m,-0.12166666666666666,0.03333333333333333,1
svalbard,7_svalbard,altimetry,Gardner2013_icesat_Gardner_et_al,2008,m,-0.12166666666666666,0.03333333333333333,1
svalbard,7_svalbard,altimetry,Gardner2013_icesat_Gardner_et_al,2009,m,-0.09125,0.025,1
svalbard,7_svalbard,altimetry,Jakob_Gourmelen_Jakob_et_al,2010,m,-0.10909534789665108,0.4782651812529554,4
svalbard,7_svalbard,altimetry,Jakob_Gourmelen_Jakob_et_al,2011,m,-0.4659345535058617,0.8792873031759352,12
svalbard,7_svalbard,altimetry,Jakob_Gourmelen_Jakob_et_al,2012,m,0.020759244296485846,0.857281427411367,12
svalbard,7_svalbard,altimetry,Jakob_Gourmelen_Jakob_et_al,2013,m,-1.4190878218939724,0.8386922958734451,12
svalbard,7_svalbard,altimetry,Jakob_Gourmelen_Jakob_et_al,2014,m,-0.37958992,0.8671362664706143,12
svalbard,7_svalbard,altimetry,Jakob_Gourmelen_Jakob_et_al,2015,m,-0.4075781842232154,0.8990573185064753,12
svalbard,7_svalbard,altimetry,Jakob_Gourmelen_Jakob_et_al,2016,m,-0.556959215234769,0.8665743858039134,12
svalbard,7_svalbard,altimetry,Jakob_Gourmelen_Jakob_et_al,2017,m,-1.0147887658753498,0.9121988638874452,12
svalbard,7_svalbard,altimetry,Jakob_Gourmelen_Jakob_et_al,2018,m,-0.3903483339331696,0.8978073942320492,12
svalbard,7_svalbard,altimetry,Jakob_Gourmelen_Jakob_et_al,2019,m,-1.0347302710903188,0.9369709803627887,12
svalbard,7_svalbard,altimetry,Jakob_Gourmelen_Jakob_et_al,2020,m,-0.2512511636431754,0.8657566807381896,8
svalbard,7_svalbard,altimetry,Tepes_Tepes_et_al,2010,m,-0.11927710843373363,0.01409638554216852,1
svalbard,7_svalbard,altimetry,Tepes_Tepes_et_al,2011,m,-0.4771084337349345,0.05638554216867408,1
svalbard,7_svalbard,altimetry,Tepes_Tepes_et_al,2012,m,-0.4771084337349345,0.05638554216867408,1
svalbard,7_svalbard,altimetry,Tepes_Tepes_et_al,2013,m,-0.4771084337349345,0.05638554216867408,1
svalbard,7_svalbard,altimetry,Tepes_Tepes_et_al,2014,m,-0.4771084337349345,0.05638554216867408,1
svalbard,7_svalbard,altimetry,Tepes_Tepes_et_al,2015,m,-0.4771084337349345,0.05638554216867408,1
svalbard,7_svalbard,altimetry,Tepes_Tepes_et_al,2016,m,-0.4771084337349345,0.05638554216867408,1
svalbard,7_svalbard,altimetry,Tepes_Tepes_et_al,2017,m,-0.31807228915665914,0.03759036144578699,1
svalbard,7_svalbard,combined,ArcticInSituvGRACE_Box_et_al,2000,Gt,-4.505000000000001,8.10829089574369,2
svalbard,7_svalbard,combined,ArcticInSituvGRACE_Box_et_al,2001,Gt,-15.2725,10.291279378677853,2
svalbard,7_svalbard,combined,ArcticInSituvGRACE_Box_et_al,2002,Gt,-11.6325,5.777166801296289,2
svalbard,7_svalbard,combined,ArcticInSituvGRACE_Box_et_al,2003,Gt,-15.84,5.65629350811996,2
svalbard,7_svalbard,combined,ArcticInSituvGRACE_Box_et_al,2004,Gt,-17.33,7.890032081683826,2
svalbard,7_svalbard,combined,ArcticInSituvGRACE_Box_et_al,2005,Gt,-12.0525,5.2503053482630895,2
svalbard,7_svalbard,combined,ArcticInSituvGRACE_Box_et_al,2006,Gt,-7.47,3.390694987756935,2
svalbard,7_svalbard,combined,ArcticInSituvGRACE_Box_et_al,2007,Gt,-3.6325,1.5869034312143886,2
svalbard,7_svalbard,combined,ArcticInSituvGRACE_Box_et_al,2008,Gt,0.73,3.078182296421055,2
svalbard,7_svalbard,combined,ArcticInSituvGRACE_Box_et_al,2009,Gt,-7.1525,8.319863280126663,2
svalbard,7_svalbard,combined,ArcticInSituvGRACE_Box_et_al,2010,Gt,-7.2749999999999995,1.5180003293807285,2
svalbard,7_svalbard,combined,ArcticInSituvGRACE_Box_et_al,2011,Gt,-16.66,3.0258759062459912,2
svalbard,7_svalbard,combined,ArcticInSituvGRACE_Box_et_al,2012,Gt,-10.1125,5.037472084289897,2
svalbard,7_svalbard,combined,ArcticInSituvGRACE_Box_et_al,2013,Gt,-18.5875,9.647835249422535,2
svalbard,7_svalbard,combined,ArcticInSituvGRACE_Box_et_al,2014,Gt,-5.6825,5.181278799678704,2
svalbard,7_svalbard,combined,ArcticInSituvGRACE_Box_et_al,2015,Gt,-20.475,5.660973856148781,2
svalbard,7_svalbard,combined,ArcticInSituvGRACE_Box_et_al,2016,Gt,-28.372500000000002,6.586285466786268,2
svalbard,7_svalbard,combined,ArcticInSituvGRACE_Box_et_al,2017,Gt,-20.4125,6.624538663182515,2
svalbard,7_svalbard,combined,ArcticInSituvGRACE_Box_et_al,2018,Gt,-21.857499999999998,5.969655036097144,2
svalbard,7_svalbard,combined,ArcticInSituvGRACE_Box_et_al,2019,Gt,-24.315,2.294031658456352,2
svalbard,7_svalbard,combined,ArcticInSituvGRACE_Box_et_al,2020,Gt,-35.85,3.4927218970310245,2
svalbard,7_svalbard,combined,ArcticInSituvGRACE_Box_et_al,2021,Gt,-14.9525,2.450979396078229,2
svalbard,7_svalbard,combined,ArcticInSituvGRACE_Box_et_al,2022,Gt,-25.552500000000002,0.96,1
svalbard,7_svalbard,combined,Box2018_Box_et_al,2002,Gt,-3.7275,1.68,1
svalbard,7_svalbard,combined,Box2018_Box_et_al,2003,Gt,-15.84,5.65629350811996,2
svalbard,7_svalbard,combined,Box2018_Box_et_al,2004,Gt,-17.33,7.890032081683826,2
svalbard,7_svalbard,combined,Box2018_Box_et_al,2005,Gt,-12.0525,5.2503053482630895,2
svalbard,7_svalbard,combined,Box2018_Box_et_al,2006,Gt,-7.47,3.390694987756935,2
svalbard,7_svalbard,combined,Box2018_Box_et_al,2007,Gt,-3.6325,1.5869034312143886,2
svalbard,7_svalbard,combined,Box2018_Box_et_al,2008,Gt,0.73,3.078182296421055,2
svalbard,7_svalbard,combined,Box2018_Box_et_al,2009,Gt,-7.1525,8.319863280126663,2
svalbard,7_svalbard,combined,Box2018_Box_et_al,2010,Gt,-7.2749999999999995,1.5180003293807285,2
svalbard,7_svalbard,combined,Box2018_Box_et_al,2011,Gt,-16.66,3.0258759062459912,2
svalbard,7_svalbard,combined,Box2018_Box_et_al,2012,Gt,-10.1125,5.037472084289897,2
svalbard,7_svalbard,combined,Box2018_Box_et_al,2013,Gt,-18.5875,9.647835249422535,2
svalbard,7_svalbard,combined,Box2018_Box_et_al,2014,Gt,-5.6825,5.181278799678704,2
svalbard,7_svalbard,combined,Box2018_Box_et_al,2015,Gt,-12.637500000000001,5.265,1
svalbard,7_svalbard,combined,DUS-combined_Dussaillant_et_al,2000,mwe,-0.0025733630928655438,0.18852049040364927,2
svalbard,7_svalbard,combined,DUS-combined_Dussaillant_et_al,2001,mwe,-0.33023466506368493,0.18825587409525313,2
svalbard,7_svalbard,combined,DUS-combined_Dussaillant_et_al,2002,mwe,-0.23864667903827286,0.18569964721139612,2
svalbard,7_svalbard,combined,DUS-combined_Dussaillant_et_al,2003,mwe,-0.5016183043692768,0.1842640098731858,2
svalbard,7_svalbard,combined,DUS-combined_Dussaillant_et_al,2004,mwe,-0.5992906834599153,0.18426390299414439,2
svalbard,7_svalbard,combined,DUS-combined_Dussaillant_et_al,2005,mwe,-0.4137241418494438,0.18398684998887155,2
svalbard,7_svalbard,combined,DUS-combined_Dussaillant_et_al,2006,mwe,-0.2006178946250466,0.18171737710906272,2
svalbard,7_svalbard,combined,DUS-combined_Dussaillant_et_al,2007,mwe,-0.059700261766680335,0.18363013995867222,2
svalbard,7_svalbard,combined,DUS-combined_Dussaillant_et_al,2008,mwe,0.08197007844193226,0.18120984350155628,2
svalbard,7_svalbard,combined,DUS-combined_Dussaillant_et_al,2009,mwe,-0.13583833002562948,0.18041731230383978,2
svalbard,7_svalbard,combined,DUS-combined_Dussaillant_et_al,2010,mwe,-0.15739693500180832,0.18023600132232867,2
svalbard,7_svalbard,combined,DUS-combined_Dussaillant_et_al,2011,mwe,-0.48980588923597346,0.1785297881742137,2
svalbard,7_svalbard,combined,DUS-combined_Dussaillant_et_al,2012,mwe,-0.19409086407593923,0.17788789809320646,2
svalbard,7_svalbard,combined,DUS-combined_Dussaillant_et_al,2013,mwe,-0.5710640318560347,0.17743280085942667,2
svalbard,7_svalbard,combined,DUS-combined_Dussaillant_et_al,2014,mwe,-0.08481779651308335,0.17743311323662933,2
svalbard,7_svalbard,combined,DUS-combined_Dussaillant_et_al,2015,mwe,-0.5268106994914301,0.1774334064864673,2
svalbard,7_svalbard,combined,DUS-combined_Dussaillant_et_al,2016,mwe,-0.6923610263459774,0.17743289042879712,2
svalbard,7_svalbard,combined,DUS-combined_Dussaillant_et_al,2017,mwe,-0.4319161950771283,0.17743302974830957,2
svalbard,7_svalbard,combined,DUS-combined_Dussaillant_et_al,2018,mwe,-0.5383941203758866,0.17784163822182214,2
svalbard,7_svalbard,combined,DUS-combined_Dussaillant_et_al,2019,mwe,-0.6548650918301634,0.18177097598094838,2
svalbard,7_svalbard,combined,DUS-combined_Dussaillant_et_al,2020,mwe,-1.1109871075370197,0.18411931989957658,2
svalbard,7_svalbard,combined,DUS-combined_Dussaillant_et_al,2021,mwe,-0.5648535776502034,0.1816529583142349,2
svalbard,7_svalbard,combined,DUS-combined_Dussaillant_et_al,2022,mwe,-1.0920164020486585,0.1837071326438799,2
svalbard,7_svalbard,combined,DUS-combined_Dussaillant_et_al,2023,mwe,-0.6791653187819889,0.18709774474634358,2
svalbard,7_svalbard,combined,Huss_Huss_et_al,2000,mwe,-0.03907500000000001,0.11706392484450537,2
svalbard,7_svalbard,combined,Huss_Huss_et_al,2001,mwe,-0.41032500000000005,0.24469419818418253,2
svalbard,7_svalbard,combined,Huss_Huss_et_al,2002,mwe,-0.2831,0.16072577772404775,2
svalbard,7_svalbard,combined,Huss_Huss_et_al,2003,mwe,-0.432225,0.16550181267889486,2
svalbard,7_svalbard,combined,Huss_Huss_et_al,2004,mwe,-0.514575,0.16021125311600307,2
svalbard,7_svalbard,combined,Huss_Huss_et_al,2005,mwe,-0.29617499999999997,0.17527265367135858,2
svalbard,7_svalbard,combined,Huss_Huss_et_al,2006,mwe,-0.184025,0.1204592254665453,2
svalbard,7_svalbard,combined,Huss_Huss_et_al,2007,mwe,-0.1793,0.13977240428639698,2
svalbard,7_svalbard,combined,Huss_Huss_et_al,2008,mwe,-0.09842500000000001,0.1686370751792144,2
svalbard,7_svalbard,combined,Huss_Huss_et_al,2009,mwe,-0.35425,0.22794441482519373,2
svalbard,7_svalbard,combined,Huss_Huss_et_al,2010,mwe,-0.24005,0.14525734490895806,2
svalbard,7_svalbard,combined,Huss_Huss_et_al,2011,mwe,-0.47365,0.1243320403194607,2
svalbard,7_svalbard,combined,Huss_Huss_et_al,2012,mwe,-0.114775,0.14351577003939323,2
svalbard,7_svalbard,combined,Huss_Huss_et_al,2013,mwe,-0.39275000000000004,0.23612384727087601,2
svalbard,7_svalbard,combined,Huss_Huss_et_al,2014,mwe,-0.18277500000000002,0.19798740648081636,2
svalbard,7_svalbard,combined,Huss_Huss_et_al,2015,mwe,-0.49297500000000005,0.2353391342828472,2
svalbard,7_svalbard,combined,Huss_Huss_et_al,2016,mwe,-0.37595,0.2257075126131162,2
svalbard,7_svalbard,combined,Huss_Huss_et_al,2017,mwe,-0.226275,0.20083420556518752,2
svalbard,7_svalbard,combined,Huss_Huss_et_al,2018,mwe,-0.497875,0.22908203361459842,2
svalbard,7_svalbard,combined,Huss_Huss_et_al,2019,mwe,-0.58845,0.18416927845056025,2
svalbard,7_svalbard,combined,Huss_Huss_et_al,2020,mwe,-0.9722750000000001,0.31128190599519273,2
svalbard,7_svalbard,combined,Huss_Huss_et_al,2021,mwe,-0.110175,0.12345,1
svalbard,7_svalbard,demdiff,ETH_Hugonnet_et_al,2000,m,-0.259,0.09000000000000001,1
svalbard,7_svalbard,demdiff,ETH_Hugonnet_et_al,2001,m,-0.259,0.09000000000000001,1
svalbard,7_svalbard,demdiff,ETH_Hugonnet_et_al,2002,m,-0.259,0.09000000000000001,1
svalbard,7_svalbard,demdiff,ETH_Hugonnet_et_al,2003,m,-0.259,0.09000000000000001,1
svalbard,7_svalbard,demdiff,ETH_Hugonnet_et_al,2004,m,-0.259,0.09000000000000001,1
svalbard,7_svalbard,demdiff,ETH_Hugonnet_et_al,2005,m,-0.281,0.06,1
svalbard,7_svalbard,demdiff,ETH_Hugonnet_et_al,2006,m,-0.281,0.06,1
svalbard,7_svalbard,demdiff,ETH_Hugonnet_et_al,2007,m,-0.281,0.06,1
svalbard,7_svalbard,demdiff,ETH_Hugonnet_et_al,2008,m,-0.281,0.06,1
svalbard,7_svalbard,demdiff,ETH_Hugonnet_et_al,2009,m,-0.281,0.06,1
svalbard,7_svalbard,demdiff,ETH_Hugonnet_et_al,2010,m,-0.377,0.062,1
svalbard,7_svalbard,demdiff,ETH_Hugonnet_et_al,2011,m,-0.377,0.062,1
svalbard,7_svalbard,demdiff,ETH_Hugonnet_et_al,2012,m,-0.377,0.062,1
svalbard,7_svalbard,demdiff,ETH_Hugonnet_et_al,2013,m,-0.377,0.062,1
svalbard,7_svalbard,demdiff,ETH_Hugonnet_et_al,2014,m,-0.377,0.062,1
svalbard,7_svalbard,demdiff,ETH_Hugonnet_et_al,2015,m,-0.557,0.07600000000000001,1
svalbard,7_svalbard,demdiff,ETH_Hugonnet_et_al,2016,m,-0.557,0.07600000000000001,1
svalbard,7_svalbard,demdiff,ETH_Hugonnet_et_al,2017,m,-0.557,0.07600000000000001,1
svalbard,7_svalbard,demdiff,ETH_Hugonnet_et_al,2018,m,-0.557,0.07600000000000001,1
svalbard,7_svalbard,demdiff,ETH_Hugonnet_et_al,2019,m,-0.557,0.07600000000000001,1
svalbard,7_svalbard,demdiff,Zheng et al._Zheng_et_al,2012,m,-0.512627027027027,0.07046756756756757,1
svalbard,7_svalbard,demdiff,Zheng et al._Zheng_et_al,2013,m,-0.6835027027027027,0.09395675675675676,1
svalbard,7_svalbard,demdiff,Zheng et al._Zheng_et_al,2014,m,-0.6835027027027027,0.09395675675675676,1
svalbard,7_svalbard,demdiff,Zheng et al._Zheng_et_al,2015,m,-0.6835027027027027,0.09395675675675676,1
svalbard,7_svalbard,demdiff,Zheng et al._Zheng_et_al,2016,m,-0.6835027027027027,0.09395675675675676,1
svalbard,7_svalbard,demdiff,Zheng et al._Zheng_et_al,2017,m,-0.6835027027027027,0.09395675675675676,1
svalbard,7_svalbard,demdiff,Zheng et al._Zheng_et_al,2018,m,-0.6835027027027027,0.09395675675675676,1
svalbard,7_svalbard,demdiff,Zheng et al._Zheng_et_al,2019,m,-0.6835027027027027,0.09395675675675676,1
svalbard,7_svalbard,demdiff,Zheng et al._Zheng_et_al,2020,m,-0.6835027027027027,0.09395675675675676,1
svalbard,7_svalbard,demdiff,Zheng et al._Zheng_et_al,2021,m,-0.3417513513513514,0.04697837837837838,1
svalbard,7_svalbard,glaciological,UZH_GlaciolSineWave_Zemp_et_al,2000,mwe,-0.2135121628200677,0.24014694066768244,12
svalbard,7_svalbard,glaciological,UZH_GlaciolSineWave_Zemp_et_al,2001,mwe,-0.6636245320494721,0.3756942448094704,12
svalbard,7_svalbard,glaciological,UZH_GlaciolSineWave_Zemp_et_al,2002,mwe,-0.5695375962216166,0.3713698353149111,12
svalbard,7_svalbard,glaciological,UZH_GlaciolSineWave_Zemp_et_al,2003,mwe,-0.63853480757931,0.33746147461570647,12
svalbard,7_svalbard,glaciological,UZH_GlaciolSineWave_Zemp_et_al,2004,mwe,-0.7772322422957635,0.38863130778890514,12
svalbard,7_svalbard,glaciological,UZH_GlaciolSineWave_Zemp_et_al,2005,mwe,-0.5566851116216633,0.3530370117445378,12
svalbard,7_svalbard,glaciological,UZH_GlaciolSineWave_Zemp_et_al,2006,mwe,-0.3408899572551824,0.3328102678837961,12
svalbard,7_svalbard,glaciological,UZH_GlaciolSineWave_Zemp_et_al,2007,mwe,-0.2529029237332268,0.2918749207101425,12
svalbard,7_svalbard,glaciological,UZH_GlaciolSineWave_Zemp_et_al,2008,mwe,0.002792006870521141,0.24757648560787848,12
svalbard,7_svalbard,glaciological,UZH_GlaciolSineWave_Zemp_et_al,2009,mwe,-0.4580093681638029,0.34908175010412706,12
svalbard,7_svalbard,glaciological,UZH_GlaciolSineWave_Zemp_et_al,2010,mwe,-0.12036522566886303,0.2698381162866401,12
svalbard,7_svalbard,glaciological,UZH_GlaciolSineWave_Zemp_et_al,2011,mwe,-0.7381334232828558,0.39936972777341495,12
svalbard,7_svalbard,glaciological,UZH_GlaciolSineWave_Zemp_et_al,2012,mwe,-0.22672668124517253,0.2827525305180158,12
svalbard,7_svalbard,glaciological,UZH_GlaciolSineWave_Zemp_et_al,2013,mwe,-0.6613002755073272,0.3373696656898276,12
svalbard,7_svalbard,glaciological,UZH_GlaciolSineWave_Zemp_et_al,2014,mwe,-0.06373719714791408,0.26303620523872545,12
svalbard,7_svalbard,glaciological,UZH_GlaciolSineWave_Zemp_et_al,2015,mwe,-0.4812750430761272,0.34682642757029736,12
svalbard,7_svalbard,glaciological,UZH_GlaciolSineWave_Zemp_et_al,2016,mwe,-0.8502812894731115,0.4061005972760108,12
svalbard,7_svalbard,glaciological,UZH_GlaciolSineWave_Zemp_et_al,2017,mwe,-0.3439906318362047,0.29647979601642416,12
svalbard,7_svalbard,glaciological,UZH_GlaciolSineWave_Zemp_et_al,2018,mwe,-0.5196962280212117,0.3295501755852453,12
svalbard,7_svalbard,glaciological,UZH_GlaciolSineWave_Zemp_et_al,2019,mwe,-0.6465405136782751,0.3494676925492766,12
svalbard,7_svalbard,glaciological,UZH_GlaciolSineWave_Zemp_et_al,2020,mwe,-1.4881779471420649,0.5173867179814068,12
svalbard,7_svalbard,glaciological,UZH_GlaciolSineWave_Zemp_et_al,2021,mwe,-0.557424057005294,0.3129797845995822,12
svalbard,7_svalbard,glaciological,UZH_GlaciolSineWave_Zemp_et_al,2022,mwe,-1.4051109168627214,0.5412724482535669,12
svalbard,7_svalbard,glaciological,UZH_GlaciolSineWave_Zemp_et_al,2023,mwe,-0.9082858305438695,0.4148024002537587,12
svalbard,7_svalbard,glaciological,WGMS-beta_WGMS,2000,mwe,0.4407083333333334,0.17283246308851913,2
svalbard,7_svalbard,glaciological,WGMS-beta_WGMS,2001,mwe,0.14253571428571427,0.17172608527660133,2
svalbard,7_svalbard,glaciological,WGMS-beta_WGMS,2002,mwe,0.31560714285714286,0.16142781968752032,2
svalbard,7_svalbard,glaciological,WGMS-beta_WGMS,2003,mwe,0.07450000000000001,0.16142781968752032,2
svalbard,7_svalbard,glaciological,WGMS-beta_WGMS,2004,mwe,-0.0041428571428571495,0.16142781968752032,2
svalbard,7_svalbard,glaciological,WGMS-beta_WGMS,2005,mwe,0.16069642857142855,0.16035913633426999,2
svalbard,7_svalbard,glaciological,WGMS-beta_WGMS,2006,mwe,0.3432678571428571,0.1513471713866635,2
svalbard,7_svalbard,glaciological,WGMS-beta_WGMS,2007,mwe,0.47764732142857147,0.15876710623498497,2
svalbard,7_svalbard,glaciological,WGMS-beta_WGMS,2008,mwe,0.5987673611111111,0.15011743767949212,2
svalbard,7_svalbard,glaciological,WGMS-beta_WGMS,2009,mwe,0.35383333333333333,0.14312716067596284,2
svalbard,7_svalbard,glaciological,WGMS-beta_WGMS,2010,mwe,0.38450000000000006,0.14099210016665617,2
svalbard,7_svalbard,glaciological,WGMS-beta_WGMS,2011,mwe,0.02782499999999999,0.13531476154042946,2
svalbard,7_svalbard,glaciological,WGMS-beta_WGMS,2012,mwe,0.3108386363636363,0.13425272505302557,2
svalbard,7_svalbard,glaciological,WGMS-beta_WGMS,2013,mwe,-0.05068181818181819,0.13597196340258808,2
svalbard,7_svalbard,glaciological,WGMS-beta_WGMS,2014,mwe,0.45479545454545456,0.13597196340258808,2
svalbard,7_svalbard,glaciological,WGMS-beta_WGMS,2015,mwe,-0.018090909090909116,0.13597196340258808,2
svalbard,7_svalbard,glaciological,WGMS-beta_WGMS,2016,mwe,-0.21304545454545454,0.13597196340258808,2
svalbard,7_svalbard,glaciological,WGMS-beta_WGMS,2017,mwe,0.06388636363636366,0.13597196340258808,2
svalbard,7_svalbard,glaciological,WGMS-beta_WGMS,2018,mwe,-0.023059659090909054,0.1376935818972424,2
svalbard,7_svalbard,glaciological,WGMS-beta_WGMS,2019,mwe,-0.13312053571428573,0.15314390382224968,2
svalbard,7_svalbard,glaciological,WGMS-beta_WGMS,2020,mwe,-0.5892366071428572,0.15962044266885217,2
svalbard,7_svalbard,glaciological,WGMS-beta_WGMS,2021,mwe,-0.04834374999999999,0.1527161712882209,2
svalbard,7_svalbard,glaciological,WGMS-beta_WGMS,2022,mwe,-0.5882291666666667,0.15801382805110556,2
svalbard,7_svalbard,glaciological,WGMS-beta_WGMS,2023,mwe,-0.15763354978354974,0.17046017976230046,2
svalbard,7_svalbard,gravimetry,Harig_Group_Harig_et_al,2002,Gt,-42.015647303181865,94.22339525296336,9
svalbard,7_svalbard,gravimetry,Harig_Group_Harig_et_al,2003,Gt,-3.870731468546243,134.37540750975762,12
svalbard,7_svalbard,gravimetry,Harig_Group_Harig_et_al,2004,Gt,-31.678532004321326,138.33449376233935,12
svalbard,7_svalbard,gravimetry,Harig_Group_Harig_et_al,2005,Gt,25.353147992359695,140.72427269811664,12
svalbard,7_svalbard,gravimetry,Harig_Group_Harig_et_al,2006,Gt,-40.32660407843525,140.716134816787,12
svalbard,7_svalbard,gravimetry,Harig_Group_Harig_et_al,2007,Gt,16.97539698682418,140.72399725097827,12
svalbard,7_svalbard,gravimetry,Harig_Group_Harig_et_al,2008,Gt,-25.657282985978156,140.69432512950388,12
svalbard,7_svalbard,gravimetry,Harig_Group_Harig_et_al,2009,Gt,28.876888279488266,140.72427269811655,12
svalbard,7_svalbard,gravimetry,Harig_Group_Harig_et_al,2010,Gt,-32.22943781633933,138.37156011257932,12
svalbard,7_svalbard,gravimetry,Harig_Group_Harig_et_al,2011,Gt,-27.94468178079086,123.63912111608553,12
svalbard,7_svalbard,gravimetry,Harig_Group_Harig_et_al,2012,Gt,-11.656155456864923,127.62292646248187,12
svalbard,7_svalbard,gravimetry,Harig_Group_Harig_et_al,2013,Gt,-11.417128751925787,114.58123196924969,12
svalbard,7_svalbard,gravimetry,Harig_Group_Harig_et_al,2014,Gt,-16.616482140853346,109.82447397194237,12
svalbard,7_svalbard,gravimetry,Harig_Group_Harig_et_al,2015,Gt,-10.599232987439393,114.09593098347277,12
svalbard,7_svalbard,gravimetry,Harig_Group_Harig_et_al,2016,Gt,-40.81343687917223,112.46656196810532,12
svalbard,7_svalbard,gravimetry,Harig_Group_Harig_et_al,2017,Gt,,,12
svalbard,7_svalbard,gravimetry,Harig_Group_Harig_et_al,2018,Gt,,,12
svalbard,7_svalbard,gravimetry,Harig_Group_Harig_et_al,2019,Gt,-8.731400095913585,140.72399725097986,12
svalbard,7_svalbard,gravimetry,Harig_Group_Harig_et_al,2020,Gt,-56.350186319417304,140.69432512950544,12
svalbard,7_svalbard,gravimetry,Harig_Group_Harig_et_al,2021,Gt,9.917775489896083,140.72427269811786,12
svalbard,7_svalbard,gravimetry,Harig_Group_Harig_et_al,2022,Gt,-63.71102181083762,140.71613481678543,12
svalbard,7_svalbard,gravimetry,Harig_Group_Harig_et_al,2023,Gt,-12.955862807708002,45.42268226929883,2
svalbard,7_svalbard,gravimetry,Jacob_2012_dmdt_Jacob_et_al,2003,Gt,-2.999999999999971,1.9995789473684018,1
svalbard,7_svalbard,gravimetry,Jacob_2012_dmdt_Jacob_et_al,2004,Gt,-2.999999999999971,1.9995789473684018,1
svalbard,7_svalbard,gravimetry,Jacob_2012_dmdt_Jacob_et_al,2005,Gt,-2.999999999999971,1.9995789473684018,1
svalbard,7_svalbard,gravimetry,Jacob_2012_dmdt_Jacob_et_al,2006,Gt,-2.999999999999971,1.9995789473684018,1
svalbard,7_svalbard,gravimetry,Jacob_2012_dmdt_Jacob_et_al,2007,Gt,-2.999999999999971,1.9995789473684018,1
svalbard,7_svalbard,gravimetry,Jacob_2012_dmdt_Jacob_et_al,2008,Gt,-2.999999999999971,1.9995789473684018,1
svalbard,7_svalbard,gravimetry,Jacob_2012_dmdt_Jacob_et_al,2009,Gt,-2.999999999999971,1.9995789473684018,1
svalbard,7_svalbard,gravimetry,Jacob_2012_dmdt_Jacob_et_al,2010,Gt,-2.750000000000201,1.8329473684211866,1
svalbard,7_svalbard,gravimetry,LEGOS-MAGELLIUM-bis_Pfeffer_et_al,2002,Gt,-7.273930741818845,50.86888864692599,9
svalbard,7_svalbard,gravimetry,LEGOS-MAGELLIUM-bis_Pfeffer_et_al,2003,Gt,-28.864563324676887,86.02094470401094,12
svalbard,7_svalbard,gravimetry,LEGOS-MAGELLIUM-bis_Pfeffer_et_al,2004,Gt,-47.55534753067819,94.28570920612955,12
svalbard,7_svalbard,gravimetry,LEGOS-MAGELLIUM-bis_Pfeffer_et_al,2005,Gt,14.379129676739183,111.05819956145186,12
svalbard,7_svalbard,gravimetry,LEGOS-MAGELLIUM-bis_Pfeffer_et_al,2006,Gt,2.8857851475813447,110.51212140259409,12
svalbard,7_svalbard,gravimetry,LEGOS-MAGELLIUM-bis_Pfeffer_et_al,2007,Gt,-7.768161619904571,117.22368898325773,12
svalbard,7_svalbard,gravimetry,LEGOS-MAGELLIUM-bis_Pfeffer_et_al,2008,Gt,-5.035316703985616,82.41838588153297,12
svalbard,7_svalbard,gravimetry,LEGOS-MAGELLIUM-bis_Pfeffer_et_al,2009,Gt,-0.6536083753387629,106.73542584456575,12
svalbard,7_svalbard,gravimetry,LEGOS-MAGELLIUM-bis_Pfeffer_et_al,2010,Gt,-1.0670890447738532,81.23333100727571,12
svalbard,7_svalbard,gravimetry,LEGOS-MAGELLIUM-bis_Pfeffer_et_al,2011,Gt,-17.981313765078667,92.95047644096947,12
svalbard,7_svalbard,gravimetry,LEGOS-MAGELLIUM-bis_Pfeffer_et_al,2012,Gt,-3.9280549539954843,93.65413544387678,12
svalbard,7_svalbard,gravimetry,LEGOS-MAGELLIUM-bis_Pfeffer_et_al,2013,Gt,-33.321180001312385,108.84580710967653,12
svalbard,7_svalbard,gravimetry,LEGOS-MAGELLIUM-bis_Pfeffer_et_al,2014,Gt,-20.627594865804298,73.70261103085264,12
svalbard,7_svalbard,gravimetry,LEGOS-MAGELLIUM-bis_Pfeffer_et_al,2015,Gt,-22.313982591783628,79.50759761726151,12
svalbard,7_svalbard,gravimetry,LEGOS-MAGELLIUM-bis_Pfeffer_et_al,2016,Gt,-56.44180842470601,129.09671327946623,12
svalbard,7_svalbard,gravimetry,LEGOS-MAGELLIUM-bis_Pfeffer_et_al,2017,Gt,-0.7801042295960774,72.88778133233247,12
svalbard,7_svalbard,gravimetry,LEGOS-MAGELLIUM-bis_Pfeffer_et_al,2018,Gt,-34.53431368794793,34.237168026478386,12
svalbard,7_svalbard,gravimetry,LEGOS-MAGELLIUM-bis_Pfeffer_et_al,2019,Gt,-6.677864127695216,52.27798094512981,12
svalbard,7_svalbard,gravimetry,LEGOS-MAGELLIUM-bis_Pfeffer_et_al,2020,Gt,-45.7826466212407,60.06592330213603,12
svalbard,7_svalbard,gravimetry,LEGOS-MAGELLIUM-bis_Pfeffer_et_al,2021,Gt,-19.71222240115867,59.48299775827421,12
svalbard,7_svalbard,gravimetry,LEGOS-MAGELLIUM-bis_Pfeffer_et_al,2022,Gt,-54.43939275933059,42.96524832704825,8
svalbard,7_svalbard,gravimetry,LEGOS-MAGELLIUM_Pfeffer_et_al,2002,Gt,-6.4533358604602284,50.86552993314824,9
svalbard,7_svalbard,gravimetry,LEGOS-MAGELLIUM_Pfeffer_et_al,2003,Gt,-27.68756374459344,86.04126265243492,12
svalbard,7_svalbard,gravimetry,LEGOS-MAGELLIUM_Pfeffer_et_al,2004,Gt,-46.63680730895042,94.30133289475593,12
svalbard,7_svalbard,gravimetry,LEGOS-MAGELLIUM_Pfeffer_et_al,2005,Gt,15.21218169977162,111.03963808448435,12
svalbard,7_svalbard,gravimetry,LEGOS-MAGELLIUM_Pfeffer_et_al,2006,Gt,3.632366737928505,110.51359432024162,12
svalbard,7_svalbard,gravimetry,LEGOS-MAGELLIUM_Pfeffer_et_al,2007,Gt,-7.0060795260230435,117.21637253711253,12
svalbard,7_svalbard,gravimetry,LEGOS-MAGELLIUM_Pfeffer_et_al,2008,Gt,-4.053595913093986,82.41620345159188,12
svalbard,7_svalbard,gravimetry,LEGOS-MAGELLIUM_Pfeffer_et_al,2009,Gt,0.3272261377017145,106.73043045915554,12
svalbard,7_svalbard,gravimetry,LEGOS-MAGELLIUM_Pfeffer_et_al,2010,Gt,-0.17753336982528367,81.23347753753463,12
svalbard,7_svalbard,gravimetry,LEGOS-MAGELLIUM_Pfeffer_et_al,2011,Gt,-17.006739708812574,92.95001926007404,12
svalbard,7_svalbard,gravimetry,LEGOS-MAGELLIUM_Pfeffer_et_al,2012,Gt,-2.8338311713602167,93.6357193294108,12
svalbard,7_svalbard,gravimetry,LEGOS-MAGELLIUM_Pfeffer_et_al,2013,Gt,-31.836134458016744,108.83878249638092,12
svalbard,7_svalbard,gravimetry,LEGOS-MAGELLIUM_Pfeffer_et_al,2014,Gt,-19.27412033933129,73.72136429867054,12
svalbard,7_svalbard,gravimetry,LEGOS-MAGELLIUM_Pfeffer_et_al,2015,Gt,-20.97729380739426,79.51519724008075,12
svalbard,7_svalbard,gravimetry,LEGOS-MAGELLIUM_Pfeffer_et_al,2016,Gt,-54.508220953427745,129.06961855405066,12
svalbard,7_svalbard,gravimetry,LEGOS-MAGELLIUM_Pfeffer_et_al,2017,Gt,1.2999614814953588,72.84477653079348,12
svalbard,7_svalbard,gravimetry,LEGOS-MAGELLIUM_Pfeffer_et_al,2018,Gt,-32.73888836313802,34.27438879210867,12
svalbard,7_svalbard,gravimetry,LEGOS-MAGELLIUM_Pfeffer_et_al,2019,Gt,-5.2723181691586944,52.27313323535625,12
svalbard,7_svalbard,gravimetry,LEGOS-MAGELLIUM_Pfeffer_et_al,2020,Gt,-44.35055969917738,60.071745615469425,12
svalbard,7_svalbard,gravimetry,LEGOS-MAGELLIUM_Pfeffer_et_al,2021,Gt,-18.27956294271201,59.462969548468855,12
svalbard,7_svalbard,gravimetry,LEGOS-MAGELLIUM_Pfeffer_et_al,2022,Gt,-53.54588006068167,42.97105848000622,8
svalbard,7_svalbard,gravimetry,Sasgen_AWIarc_RL01_2_Sasgen_et_al,2002,Gt,-16.563870967745565,23.474856582378866,9
svalbard,7_svalbard,gravimetry,Sasgen_AWIarc_RL01_2_Sasgen_et_al,2003,Gt,-27.924637607944778,32.572679940234025,12
svalbard,7_svalbard,gravimetry,Sasgen_AWIarc_RL01_2_Sasgen_et_al,2004,Gt,-33.27877297770371,35.11452872910852,12
svalbard,7_svalbard,gravimetry,Sasgen_AWIarc_RL01_2_Sasgen_et_al,2005,Gt,13.340184779197912,27.07581001635296,12
svalbard,7_svalbard,gravimetry,Sasgen_AWIarc_RL01_2_Sasgen_et_al,2006,Gt,-11.306129032256747,26.72835996104964,12
svalbard,7_svalbard,gravimetry,Sasgen_AWIarc_RL01_2_Sasgen_et_al,2007,Gt,2.569039944649276,24.375834320481587,12
svalbard,7_svalbard,gravimetry,Sasgen_AWIarc_RL01_2_Sasgen_et_al,2008,Gt,-3.369441675706937,25.919446896503104,12
svalbard,7_svalbard,gravimetry,Sasgen_AWIarc_RL01_2_Sasgen_et_al,2009,Gt,4.421046892350219,30.961251071637896,12
svalbard,7_svalbard,gravimetry,Sasgen_AWIarc_RL01_2_Sasgen_et_al,2010,Gt,-12.946510263930534,32.36973008746451,12
svalbard,7_svalbard,gravimetry,Sasgen_AWIarc_RL01_2_Sasgen_et_al,2011,Gt,-9.627459398906808,30.697182543024987,12
svalbard,7_svalbard,gravimetry,Sasgen_AWIarc_RL01_2_Sasgen_et_al,2012,Gt,-4.196547661995794,45.20244478373596,12
svalbard,7_svalbard,gravimetry,Sasgen_AWIarc_RL01_2_Sasgen_et_al,2013,Gt,-36.76690203000372,25.840068702861174,12
svalbard,7_svalbard,gravimetry,Sasgen_AWIarc_RL01_2_Sasgen_et_al,2014,Gt,-4.867462686572935,19.764433755278038,12
svalbard,7_svalbard,gravimetry,Sasgen_AWIarc_RL01_2_Sasgen_et_al,2015,Gt,-10.039502759929462,35.27387876744005,12
svalbard,7_svalbard,gravimetry,Sasgen_AWIarc_RL01_2_Sasgen_et_al,2016,Gt,-57.17925695576895,24.869545257621485,12
svalbard,7_svalbard,gravimetry,Sasgen_AWIarc_RL01_2_Sasgen_et_al,2017,Gt,-0.9639662769771462,25.217261923175283,12
svalbard,7_svalbard,gravimetry,Sasgen_AWIarc_RL01_2_Sasgen_et_al,2018,Gt,-31.012391965915782,16.108548657627846,12
svalbard,7_svalbard,gravimetry,Sasgen_AWIarc_RL01_2_Sasgen_et_al,2019,Gt,-24.778393673096815,25.633687785449727,12
svalbard,7_svalbard,gravimetry,Sasgen_AWIarc_RL01_2_Sasgen_et_al,2020,Gt,-20.65059673205741,26.854569585482206,12
svalbard,7_svalbard,gravimetry,Sasgen_AWIarc_RL01_2_Sasgen_et_al,2021,Gt,-18.95649346580859,27.82518215807398,12
svalbard,7_svalbard,gravimetry,Sasgen_AWIarc_RL01_2_Sasgen_et_al,2022,Gt,-22.341935483875773,29.4111247969565,11
svalbard,7_svalbard,gravimetry,Velicogna_Sutterley_et_al,2002,gt,2.0703967741890583,46.63634570012948,9
svalbard,7_svalbard,gravimetry,Velicogna_Sutterley_et_al,2003,gt,-49.43516023727808,64.98380065344203,12
svalbard,7_svalbard,gravimetry,Velicogna_Sutterley_et_al,2004,gt,-40.22403388906983,69.8217309450723,12
svalbard,7_svalbard,gravimetry,Velicogna_Sutterley_et_al,2005,gt,19.4921618682871,69.83824299386086,12
svalbard,7_svalbard,gravimetry,Velicogna_Sutterley_et_al,2006,gt,-10.819370967739475,69.83412904154054,12
svalbard,7_svalbard,gravimetry,Velicogna_Sutterley_et_al,2007,gt,1.2216165389896965,69.83803082331859,12
svalbard,7_svalbard,gravimetry,Velicogna_Sutterley_et_al,2008,gt,-4.928047951453264,69.82173094507272,12
svalbard,7_svalbard,gravimetry,Velicogna_Sutterley_et_al,2009,gt,13.782015283428025,69.83824299386126,12
svalbard,7_svalbard,gravimetry,Velicogna_Sutterley_et_al,2010,gt,-9.252246910873552,68.59943144137587,12
svalbard,7_svalbard,gravimetry,Velicogna_Sutterley_et_al,2011,gt,-26.22689013278047,56.92979490830471,12
svalbard,7_svalbard,gravimetry,Velicogna_Sutterley_et_al,2012,gt,-1.1155420526656314,58.13247839389469,12
svalbard,7_svalbard,gravimetry,Velicogna_Sutterley_et_al,2013,gt,-21.280462839164187,55.220218585730436,12
svalbard,7_svalbard,gravimetry,Velicogna_Sutterley_et_al,2014,gt,-25.495577419335504,55.3923470896274,12
svalbard,7_svalbard,gravimetry,Velicogna_Sutterley_et_al,2015,gt,-13.113875909384433,53.65335771429133,12
svalbard,7_svalbard,gravimetry,Velicogna_Sutterley_et_al,2016,gt,-62.31562531489641,55.14292122341319,12
svalbard,7_svalbard,gravimetry,Velicogna_Sutterley_et_al,2017,gt,23.727019872082337,38.870933635510546,12
svalbard,7_svalbard,gravimetry,Velicogna_Sutterley_et_al,2018,gt,-48.53114768007589,37.34803166948426,12
svalbard,7_svalbard,gravimetry,Velicogna_Sutterley_et_al,2019,gt,-10.851924240093297,69.83803082331859,12
svalbard,7_svalbard,gravimetry,Velicogna_Sutterley_et_al,2020,gt,-36.140015648307894,69.82173094507272,12
svalbard,7_svalbard,gravimetry,Velicogna_Sutterley_et_al,2021,gt,-26.288611724499276,69.83824299386126,12
svalbard,7_svalbard,gravimetry,Velicogna_Sutterley_et_al,2022,gt,-40.94243870967813,69.83412904153938,12
svalbard,7_svalbard,gravimetry,Velicogna_Sutterley_et_al,2023,gt,0.9639612903191619,22.7346496404338,2
svalbard,7_svalbard,gravimetry,Wouters_Wouters_et_al,2002,Gt,-40.4215499174175,51.05401544133871,10
svalbard,7_svalbard,gravimetry,Wouters_Wouters_et_al,2003,Gt,-19.332182118977784,43.61157312098267,12
svalbard,7_svalbard,gravimetry,Wouters_Wouters_et_al,2004,Gt,-24.591621947806292,40.83047453472324,12
svalbard,7_svalbard,gravimetry,Wouters_Wouters_et_al,2005,Gt,16.02537598882509,44.36827512414212,12
svalbard,7_svalbard,gravimetry,Wouters_Wouters_et_al,2006,Gt,-9.94449718813469,43.40196611428043,12
svalbard,7_svalbard,gravimetry,Wouters_Wouters_et_al,2007,Gt,-3.3337844881005054,44.09024464662235,12
svalbard,7_svalbard,gravimetry,Wouters_Wouters_et_al,2008,Gt,2.319072450428804,45.080464772393,12
svalbard,7_svalbard,gravimetry,Wouters_Wouters_et_al,2009,Gt,5.660740425339796,47.330578358233204,12
svalbard,7_svalbard,gravimetry,Wouters_Wouters_et_al,2010,Gt,-13.327681349958908,46.66617568632426,12
svalbard,7_svalbard,gravimetry,Wouters_Wouters_et_al,2011,Gt,-11.327942811592438,36.683576804335154,12
svalbard,7_svalbard,gravimetry,Wouters_Wouters_et_al,2012,Gt,-9.95402591149356,34.5809272493455,12
svalbard,7_svalbard,gravimetry,Wouters_Wouters_et_al,2013,Gt,-42.69671221861897,32.61099504302569,12
svalbard,7_svalbard,gravimetry,Wouters_Wouters_et_al,2014,Gt,-2.994808866876838,32.6532483776163,12
svalbard,7_svalbard,gravimetry,Wouters_Wouters_et_al,2015,Gt,-4.272674194052112,32.03686575483243,12
svalbard,7_svalbard,gravimetry,Wouters_Wouters_et_al,2016,Gt,-56.70709040867152,31.45454072005187,12
svalbard,7_svalbard,gravimetry,Wouters_Wouters_et_al,2017,Gt,-12.504489456181119,31.178927609370568,12
svalbard,7_svalbard,gravimetry,Wouters_Wouters_et_al,2018,Gt,-26.708294677870413,24.28073889240618,12
svalbard,7_svalbard,gravimetry,Wouters_Wouters_et_al,2019,Gt,-24.04783604727396,45.52022462802365,12
svalbard,7_svalbard,gravimetry,Wouters_Wouters_et_al,2020,Gt,-21.620945183251024,50.059653077606754,12
svalbard,7_svalbard,gravimetry,Wouters_Wouters_et_al,2021,Gt,-9.027031109830997,46.387959510722176,10
scandinavia,8_scandinavia,combined,DUS-combined_Dussaillant_et_al,2000,mwe,0.1996749574889788,0.19180597269092622,2
scandinavia,8_scandinavia,combined,DUS-combined_Dussaillant_et_al,2001,mwe,-1.0071054104830754,0.1919458385578902,2
scandinavia,8_scandinavia,combined,DUS-combined_Dussaillant_et_al,2002,mwe,-1.326996168993148,0.19190795439321326,2
scandinavia,8_scandinavia,combined,DUS-combined_Dussaillant_et_al,2003,mwe,-1.248065412293292,0.19275954908746915,2
scandinavia,8_scandinavia,combined,DUS-combined_Dussaillant_et_al,2004,mwe,-0.31103509188472267,0.19939400667240523,2
scandinavia,8_scandinavia,combined,DUS-combined_Dussaillant_et_al,2005,mwe,-0.5320473300444247,0.19179737342611913,2
scandinavia,8_scandinavia,combined,DUS-combined_Dussaillant_et_al,2006,mwe,-1.4722239106831618,0.19226964368037222,2
scandinavia,8_scandinavia,combined,DUS-combined_Dussaillant_et_al,2007,mwe,0.09244138565260378,0.19474228271543745,2
scandinavia,8_scandinavia,combined,DUS-combined_Dussaillant_et_al,2008,mwe,0.02765038484699303,0.19186487836331304,2
scandinavia,8_scandinavia,combined,DUS-combined_Dussaillant_et_al,2009,mwe,-0.5978822875099614,0.19183425425914089,2
scandinavia,8_scandinavia,combined,DUS-combined_Dussaillant_et_al,2010,mwe,-1.160965777994183,0.19195764407391466,2
scandinavia,8_scandinavia,combined,DUS-combined_Dussaillant_et_al,2011,mwe,-0.7714058765699067,0.19185007607117632,2
scandinavia,8_scandinavia,combined,DUS-combined_Dussaillant_et_al,2012,mwe,0.10763051861575507,0.1932667653916125,2
scandinavia,8_scandinavia,combined,DUS-combined_Dussaillant_et_al,2013,mwe,-1.2185001457677718,0.20550786211955444,2
scandinavia,8_scandinavia,combined,DUS-combined_Dussaillant_et_al,2014,mwe,-0.6092217315964421,0.19945775442897093,2
scandinavia,8_scandinavia,combined,DUS-combined_Dussaillant_et_al,2015,mwe,0.38277144658431117,0.1918021125350874,2
scandinavia,8_scandinavia,combined,DUS-combined_Dussaillant_et_al,2016,mwe,-0.3048792049351163,0.191843870689521,2
scandinavia,8_scandinavia,combined,DUS-combined_Dussaillant_et_al,2017,mwe,-0.2712308687816682,0.191834358151344,2
scandinavia,8_scandinavia,combined,DUS-combined_Dussaillant_et_al,2018,mwe,-1.355266685056596,0.19188453113081086,2
scandinavia,8_scandinavia,combined,DUS-combined_Dussaillant_et_al,2019,mwe,-0.5319120646430853,0.19183126164641182,2
scandinavia,8_scandinavia,combined,DUS-combined_Dussaillant_et_al,2020,mwe,-0.015438611881281539,0.1917774623201813,2
scandinavia,8_scandinavia,combined,DUS-combined_Dussaillant_et_al,2021,mwe,-0.8224149354979515,0.1919021848663253,2
scandinavia,8_scandinavia,combined,DUS-combined_Dussaillant_et_al,2022,mwe,-0.5408766208459006,0.1918002356365254,2
scandinavia,8_scandinavia,combined,DUS-combined_Dussaillant_et_al,2023,mwe,-0.9713851363555652,0.19195689525651802,2
scandinavia,8_scandinavia,combined,Huss_Huss_et_al,2000,mwe,0.1427,0.1376021302524056,2
scandinavia,8_scandinavia,combined,Huss_Huss_et_al,2001,mwe,-1.220675,0.21646472720745985,2
scandinavia,8_scandinavia,combined,Huss_Huss_et_al,2002,mwe,-1.405,0.14218633241278852,2
scandinavia,8_scandinavia,combined,Huss_Huss_et_al,2003,mwe,-1.298075,0.15006343866845115,2
scandinavia,8_scandinavia,combined,Huss_Huss_et_al,2004,mwe,-0.30145,0.21416691066782467,2
scandinavia,8_scandinavia,combined,Huss_Huss_et_al,2005,mwe,-0.43384999999999996,0.11741488938801586,2
scandinavia,8_scandinavia,combined,Huss_Huss_et_al,2006,mwe,-1.458325,0.1566049827591702,2
scandinavia,8_scandinavia,combined,Huss_Huss_et_al,2007,mwe,0.1818,0.16229128326869563,2
scandinavia,8_scandinavia,combined,Huss_Huss_et_al,2008,mwe,-0.01592500000000001,0.14738960699452316,2
scandinavia,8_scandinavia,combined,Huss_Huss_et_al,2009,mwe,-0.600175,0.10779219011598197,2
scandinavia,8_scandinavia,combined,Huss_Huss_et_al,2010,mwe,-1.238575,0.10656930256879792,2
scandinavia,8_scandinavia,combined,Huss_Huss_et_al,2011,mwe,-0.7813,0.15492080638184144,2
scandinavia,8_scandinavia,combined,Huss_Huss_et_al,2012,mwe,0.10675000000000001,0.13086589032287976,2
scandinavia,8_scandinavia,combined,Huss_Huss_et_al,2013,mwe,-1.329175,0.18546689900087293,2
scandinavia,8_scandinavia,combined,Huss_Huss_et_al,2014,mwe,-0.5689749999999999,0.18687632441002255,2
scandinavia,8_scandinavia,combined,Huss_Huss_et_al,2015,mwe,0.4003,0.15178164620598894,2
scandinavia,8_scandinavia,combined,Huss_Huss_et_al,2016,mwe,-0.24105,0.14892645206611213,2
scandinavia,8_scandinavia,combined,Huss_Huss_et_al,2017,mwe,-0.111875,0.1255811814126623,2
scandinavia,8_scandinavia,combined,Huss_Huss_et_al,2018,mwe,-1.2587249999999999,0.09559104625957392,2
scandinavia,8_scandinavia,combined,Huss_Huss_et_al,2019,mwe,-0.23419999999999996,0.13621473167392723,2
scandinavia,8_scandinavia,combined,Huss_Huss_et_al,2020,mwe,0.265525,0.21267177322108355,2
scandinavia,8_scandinavia,combined,Huss_Huss_et_al,2021,mwe,-0.623175,0.169275,1
scandinavia,8_scandinavia,demdiff,Andreassen_Andreassen_et_al,2010,m,-0.14333333333333334,0.013888888888888888,1
scandinavia,8_scandinavia,demdiff,Andreassen_Andreassen_et_al,2011,m,-0.5733333333333334,0.05555555555555555,1
scandinavia,8_scandinavia,demdiff,Andreassen_Andreassen_et_al,2012,m,-0.5733333333333334,0.05555555555555555,1
scandinavia,8_scandinavia,demdiff,Andreassen_Andreassen_et_al,2013,m,-0.5733333333333334,0.05555555555555555,1
scandinavia,8_scandinavia,demdiff,Andreassen_Andreassen_et_al,2014,m,-0.5733333333333334,0.05555555555555555,1
scandinavia,8_scandinavia,demdiff,Andreassen_Andreassen_et_al,2015,m,-0.5733333333333334,0.05555555555555555,1
scandinavia,8_scandinavia,demdiff,Andreassen_Andreassen_et_al,2016,m,-0.5733333333333334,0.05555555555555555,1
scandinavia,8_scandinavia,demdiff,Andreassen_Andreassen_et_al,2017,m,-0.5733333333333334,0.05555555555555555,1
scandinavia,8_scandinavia,demdiff,Andreassen_Andreassen_et_al,2018,m,-0.5733333333333334,0.05555555555555555,1
scandinavia,8_scandinavia,demdiff,Andreassen_Andreassen_et_al,2019,m,-0.43,0.041666666666666664,1
scandinavia,8_scandinavia,demdiff,ETH_Hugonnet_et_al,2000,m,-0.766,0.18400000000000002,1
scandinavia,8_scandinavia,demdiff,ETH_Hugonnet_et_al,2001,m,-0.766,0.18400000000000002,1
scandinavia,8_scandinavia,demdiff,ETH_Hugonnet_et_al,2002,m,-0.766,0.18400000000000002,1
scandinavia,8_scandinavia,demdiff,ETH_Hugonnet_et_al,2003,m,-0.766,0.18400000000000002,1
scandinavia,8_scandinavia,demdiff,ETH_Hugonnet_et_al,2004,m,-0.766,0.18400000000000002,1
scandinavia,8_scandinavia,demdiff,ETH_Hugonnet_et_al,2005,m,-0.672,0.142,1
scandinavia,8_scandinavia,demdiff,ETH_Hugonnet_et_al,2006,m,-0.672,0.142,1
scandinavia,8_scandinavia,demdiff,ETH_Hugonnet_et_al,2007,m,-0.672,0.142,1
scandinavia,8_scandinavia,demdiff,ETH_Hugonnet_et_al,2008,m,-0.672,0.142,1
scandinavia,8_scandinavia,demdiff,ETH_Hugonnet_et_al,2009,m,-0.672,0.142,1
scandinavia,8_scandinavia,demdiff,ETH_Hugonnet_et_al,2010,m,-0.718,0.144,1
scandinavia,8_scandinavia,demdiff,ETH_Hugonnet_et_al,2011,m,-0.718,0.144,1
scandinavia,8_scandinavia,demdiff,ETH_Hugonnet_et_al,2012,m,-0.718,0.144,1
scandinavia,8_scandinavia,demdiff,ETH_Hugonnet_et_al,2013,m,-0.718,0.144,1
scandinavia,8_scandinavia,demdiff,ETH_Hugonnet_et_al,2014,m,-0.718,0.144,1
scandinavia,8_scandinavia,demdiff,ETH_Hugonnet_et_al,2015,m,-0.561,0.17400000000000002,1
scandinavia,8_scandinavia,demdiff,ETH_Hugonnet_et_al,2016,m,-0.561,0.17400000000000002,1
scandinavia,8_scandinavia,demdiff,ETH_Hugonnet_et_al,2017,m,-0.561,0.17400000000000002,1
scandinavia,8_scandinavia,demdiff,ETH_Hugonnet_et_al,2018,m,-0.561,0.17400000000000002,1
scandinavia,8_scandinavia,demdiff,ETH_Hugonnet_et_al,2019,m,-0.561,0.17400000000000002,1
scandinavia,8_scandinavia,demdiff,Zheng et al._Zheng_et_al,2013,m,-0.21372528735629406,0.18710919540227453,1
scandinavia,8_scandinavia,demdiff,Zheng et al._Zheng_et_al,2014,m,-0.3663862068965517,0.32075862068965516,1
scandinavia,8_scandinavia,demdiff,Zheng et al._Zheng_et_al,2015,m,-0.3663862068965517,0.32075862068965516,1
scandinavia,8_scandinavia,demdiff,Zheng et al._Zheng_et_al,2016,m,-0.3663862068965517,0.32075862068965516,1
scandinavia,8_scandinavia,demdiff,Zheng et al._Zheng_et_al,2017,m,-0.3663862068965517,0.32075862068965516,1
scandinavia,8_scandinavia,demdiff,Zheng et al._Zheng_et_al,2018,m,-0.3663862068965517,0.32075862068965516,1
scandinavia,8_scandinavia,demdiff,Zheng et al._Zheng_et_al,2019,m,-0.3663862068965517,0.32075862068965516,1
scandinavia,8_scandinavia,demdiff,Zheng et al._Zheng_et_al,2020,m,-0.24425747126439556,0.2138390804597944,1
scandinavia,8_scandinavia,glaciological,UZH_GlaciolSineWave_Zemp_et_al,2000,mwe,0.1451196741682534,0.6407503024762162,12
scandinavia,8_scandinavia,glaciological,UZH_GlaciolSineWave_Zemp_et_al,2001,mwe,-0.8885988027788889,0.6688682070904863,12
scandinavia,8_scandinavia,glaciological,UZH_GlaciolSineWave_Zemp_et_al,2002,mwe,-1.4992355724785604,0.9685142704545131,12
scandinavia,8_scandinavia,glaciological,UZH_GlaciolSineWave_Zemp_et_al,2003,mwe,-1.555931672373883,0.9209757999656174,12
scandinavia,8_scandinavia,glaciological,UZH_GlaciolSineWave_Zemp_et_al,2004,mwe,-0.39446578124297044,0.7423896978679946,12
scandinavia,8_scandinavia,glaciological,UZH_GlaciolSineWave_Zemp_et_al,2005,mwe,-0.5383730927297111,0.7939369983581579,12
scandinavia,8_scandinavia,glaciological,UZH_GlaciolSineWave_Zemp_et_al,2006,mwe,-1.9510091210310287,1.024496140741043,12
scandinavia,8_scandinavia,glaciological,UZH_GlaciolSineWave_Zemp_et_al,2007,mwe,0.19717293316942092,0.7695949430264251,12
scandinavia,8_scandinavia,glaciological,UZH_GlaciolSineWave_Zemp_et_al,2008,mwe,0.06636878650873779,0.7292146736179056,12
scandinavia,8_scandinavia,glaciological,UZH_GlaciolSineWave_Zemp_et_al,2009,mwe,-0.7575931782193646,0.7886223757574913,12
scandinavia,8_scandinavia,glaciological,UZH_GlaciolSineWave_Zemp_et_al,2010,mwe,-1.3028838384300923,0.7891225383445885,12
scandinavia,8_scandinavia,glaciological,UZH_GlaciolSineWave_Zemp_et_al,2011,mwe,-1.3161619364652752,0.9606599999078871,12
scandinavia,8_scandinavia,glaciological,UZH_GlaciolSineWave_Zemp_et_al,2012,mwe,0.5156576894422944,0.6088023299667855,12
scandinavia,8_scandinavia,glaciological,UZH_GlaciolSineWave_Zemp_et_al,2013,mwe,-1.1919768930830497,0.9515287459795294,12
scandinavia,8_scandinavia,glaciological,UZH_GlaciolSineWave_Zemp_et_al,2014,mwe,-1.0528481140106023,0.9966017311401995,12
scandinavia,8_scandinavia,glaciological,UZH_GlaciolSineWave_Zemp_et_al,2015,mwe,0.5936448314934778,0.6147123491335134,12
scandinavia,8_scandinavia,glaciological,UZH_GlaciolSineWave_Zemp_et_al,2016,mwe,-0.5121116058612536,0.8000048133108497,12
scandinavia,8_scandinavia,glaciological,UZH_GlaciolSineWave_Zemp_et_al,2017,mwe,-0.22742930171255082,0.676627685411749,12
scandinavia,8_scandinavia,glaciological,UZH_GlaciolSineWave_Zemp_et_al,2018,mwe,-1.647523857468455,0.9057929294238389,12
scandinavia,8_scandinavia,glaciological,UZH_GlaciolSineWave_Zemp_et_al,2019,mwe,-0.8035826504938903,0.8193938121805561,12
scandinavia,8_scandinavia,glaciological,UZH_GlaciolSineWave_Zemp_et_al,2020,mwe,-0.08888150152027496,0.7788775431249209,12
scandinavia,8_scandinavia,glaciological,UZH_GlaciolSineWave_Zemp_et_al,2021,mwe,-1.0465528360777192,0.8387289671034407,12
scandinavia,8_scandinavia,glaciological,UZH_GlaciolSineWave_Zemp_et_al,2022,mwe,-0.7079727696264619,0.7929710430625461,12
scandinavia,8_scandinavia,glaciological,UZH_GlaciolSineWave_Zemp_et_al,2023,mwe,-1.2814904585793219,0.8796115654829803,12
scandinavia,8_scandinavia,glaciological,WGMS-beta_WGMS,2000,mwe,0.6195892857142858,0.24682937228978777,2
scandinavia,8_scandinavia,glaciological,WGMS-beta_WGMS,2001,mwe,-0.6360357142857143,0.2450718828819331,2
scandinavia,8_scandinavia,glaciological,WGMS-beta_WGMS,2002,mwe,-0.8785357142857144,0.2458911891757084,2
scandinavia,8_scandinavia,glaciological,WGMS-beta_WGMS,2003,mwe,-0.8334553571428573,0.24682196854485158,2
scandinavia,8_scandinavia,glaciological,WGMS-beta_WGMS,2004,mwe,0.09304464285714283,0.2611707952811378,2
scandinavia,8_scandinavia,glaciological,WGMS-beta_WGMS,2005,mwe,-0.09723214285714293,0.2451766510825273,2
scandinavia,8_scandinavia,glaciological,WGMS-beta_WGMS,2006,mwe,-1.0656318681318682,0.24779022418608906,2
scandinavia,8_scandinavia,glaciological,WGMS-beta_WGMS,2007,mwe,0.6289079670329671,0.2537496715880396,2
scandinavia,8_scandinavia,glaciological,WGMS-beta_WGMS,2008,mwe,0.5166964285714286,0.24703518499109914,2
scandinavia,8_scandinavia,glaciological,WGMS-beta_WGMS,2009,mwe,-0.16489285714285717,0.24703518499109914,2
scandinavia,8_scandinavia,glaciological,WGMS-beta_WGMS,2010,mwe,-0.7338392857142857,0.24703518499109914,2
scandinavia,8_scandinavia,glaciological,WGMS-beta_WGMS,2011,mwe,-0.30121428571428577,0.24703518499109914,2
scandinavia,8_scandinavia,glaciological,WGMS-beta_WGMS,2012,mwe,0.5671022727272728,0.24970184027884773,2
scandinavia,8_scandinavia,glaciological,WGMS-beta_WGMS,2013,mwe,-0.7160056818181819,0.2715833468374091,2
scandinavia,8_scandinavia,glaciological,WGMS-beta_WGMS,2014,mwe,-0.18063392857142857,0.26136531504084065,2
scandinavia,8_scandinavia,glaciological,WGMS-beta_WGMS,2015,mwe,0.8440535714285715,0.24703518499109914,2
scandinavia,8_scandinavia,glaciological,WGMS-beta_WGMS,2016,mwe,0.10939285714285717,0.24703518499109914,2
scandinavia,8_scandinavia,glaciological,WGMS-beta_WGMS,2017,mwe,0.13139285714285714,0.24703518499109914,2
scandinavia,8_scandinavia,glaciological,WGMS-beta_WGMS,2018,mwe,-0.9371785714285714,0.24703518499109914,2
scandinavia,8_scandinavia,glaciological,WGMS-beta_WGMS,2019,mwe,-0.16066071428571424,0.24844934023882828,2
scandinavia,8_scandinavia,glaciological,WGMS-beta_WGMS,2020,mwe,0.44383928571428577,0.25948528088754663,2
scandinavia,8_scandinavia,glaciological,WGMS-beta_WGMS,2021,mwe,-0.401875,0.24703518499109914,2
scandinavia,8_scandinavia,glaciological,WGMS-beta_WGMS,2022,mwe,-0.18551785714285715,0.24703518499109914,2
scandinavia,8_scandinavia,glaciological,WGMS-beta_WGMS,2023,mwe,-0.5952901785714286,0.24733349588957082,2
scandinavia,8_scandinavia,gravimetry,Jacob_2012_dmdt_Jacob_et_al,2003,Gt,2.999999999999971,4.999578947368373,1
scandinavia,8_scandinavia,gravimetry,Jacob_2012_dmdt_Jacob_et_al,2004,Gt,2.999999999999971,4.999578947368373,1
scandinavia,8_scandinavia,gravimetry,Jacob_2012_dmdt_Jacob_et_al,2005,Gt,2.999999999999971,4.999578947368373,1
scandinavia,8_scandinavia,gravimetry,Jacob_2012_dmdt_Jacob_et_al,2006,Gt,2.999999999999971,4.999578947368373,1
scandinavia,8_scandinavia,gravimetry,Jacob_2012_dmdt_Jacob_et_al,2007,Gt,2.999999999999971,4.999578947368373,1
scandinavia,8_scandinavia,gravimetry,Jacob_2012_dmdt_Jacob_et_al,2008,Gt,2.999999999999971,4.999578947368373,1
scandinavia,8_scandinavia,gravimetry,Jacob_2012_dmdt_Jacob_et_al,2009,Gt,2.999999999999971,4.999578947368373,1
scandinavia,8_scandinavia,gravimetry,Jacob_2012_dmdt_Jacob_et_al,2010,Gt,2.750000000000201,4.5829473684213875,1
scandinavia,8_scandinavia,gravimetry,Sasgen_AWIarc_RL01_2_Sasgen_et_al,2002,Gt,-32.419032258048965,57.275471702109506,9
scandinavia,8_scandinavia,gravimetry,Sasgen_AWIarc_RL01_2_Sasgen_et_al,2003,Gt,-26.21345096341112,79.48474671712523,12
scandinavia,8_scandinavia,gravimetry,Sasgen_AWIarc_RL01_2_Sasgen_et_al,2004,Gt,28.301185781055004,85.6703133882604,12
scandinavia,8_scandinavia,gravimetry,Sasgen_AWIarc_RL01_2_Sasgen_et_al,2005,Gt,-9.069347720902464,66.05168937042026,12
scandinavia,8_scandinavia,gravimetry,Sasgen_AWIarc_RL01_2_Sasgen_et_al,2006,Gt,1.2451612903457203,65.22675308104081,12
scandinavia,8_scandinavia,gravimetry,Sasgen_AWIarc_RL01_2_Sasgen_et_al,2007,Gt,33.079063431489686,59.47614412472792,12
scandinavia,8_scandinavia,gravimetry,Sasgen_AWIarc_RL01_2_Sasgen_et_al,2008,Gt,0.9264733962179195,63.2440929192859,12
scandinavia,8_scandinavia,gravimetry,Sasgen_AWIarc_RL01_2_Sasgen_et_al,2009,Gt,-9.17682715028983,75.5433089735374,12
scandinavia,8_scandinavia,gravimetry,Sasgen_AWIarc_RL01_2_Sasgen_et_al,2010,Gt,-20.17958944281963,78.96265874424644,12
scandinavia,8_scandinavia,gravimetry,Sasgen_AWIarc_RL01_2_Sasgen_et_al,2011,Gt,32.437143923901225,74.89404521077991,12
scandinavia,8_scandinavia,gravimetry,Sasgen_AWIarc_RL01_2_Sasgen_et_al,2012,Gt,17.033853428246598,110.27415561175502,12
scandinavia,8_scandinavia,gravimetry,Sasgen_AWIarc_RL01_2_Sasgen_et_al,2013,Gt,-20.77463371578344,63.04343835672907,12
scandinavia,8_scandinavia,gravimetry,Sasgen_AWIarc_RL01_2_Sasgen_et_al,2014,Gt,-32.700895522427274,48.220318173386005,12
scandinavia,8_scandinavia,gravimetry,Sasgen_AWIarc_RL01_2_Sasgen_et_al,2015,Gt,19.633365587516657,86.06969172170324,12
scandinavia,8_scandinavia,gravimetry,Sasgen_AWIarc_RL01_2_Sasgen_et_al,2016,Gt,6.4806350594798445,60.68391098826808,12
scandinavia,8_scandinavia,gravimetry,Sasgen_AWIarc_RL01_2_Sasgen_et_al,2017,Gt,10.484199457638994,61.51901023009855,12
scandinavia,8_scandinavia,gravimetry,Sasgen_AWIarc_RL01_2_Sasgen_et_al,2018,Gt,15.744308321018774,39.313286604243515,12
scandinavia,8_scandinavia,gravimetry,Sasgen_AWIarc_RL01_2_Sasgen_et_al,2019,Gt,10.215011401840261,62.54109212934067,12
scandinavia,8_scandinavia,gravimetry,Sasgen_AWIarc_RL01_2_Sasgen_et_al,2020,Gt,-23.250313625461747,65.53641860259205,12
scandinavia,8_scandinavia,gravimetry,Sasgen_AWIarc_RL01_2_Sasgen_et_al,2021,Gt,14.525302223629815,67.87432178412935,12
scandinavia,8_scandinavia,gravimetry,Sasgen_AWIarc_RL01_2_Sasgen_et_al,2022,Gt,77.03838709676394,71.76503304346845,11
scandinavia,8_scandinavia,gravimetry,Wouters_Wouters_et_al,2002,Gt,-67.86479311785041,54.12353206625733,10
scandinavia,8_scandinavia,gravimetry,Wouters_Wouters_et_al,2003,Gt,20.3258706343314,50.50034644925066,12
scandinavia,8_scandinavia,gravimetry,Wouters_Wouters_et_al,2004,Gt,-4.464517018917789,52.06709198881739,12
scandinavia,8_scandinavia,gravimetry,Wouters_Wouters_et_al,2005,Gt,-5.107801111454293,58.77393793961303,12
scandinavia,8_scandinavia,gravimetry,Wouters_Wouters_et_al,2006,Gt,27.131392309475693,66.53727743468582,12
scandinavia,8_scandinavia,gravimetry,Wouters_Wouters_et_al,2007,Gt,-23.819534404269085,75.28415307508445,12
scandinavia,8_scandinavia,gravimetry,Wouters_Wouters_et_al,2008,Gt,2.3747094798035064,84.97157644031014,12
scandinavia,8_scandinavia,gravimetry,Wouters_Wouters_et_al,2009,Gt,-5.025070027218986,95.86634163579649,12
scandinavia,8_scandinavia,gravimetry,Wouters_Wouters_et_al,2010,Gt,-22.310572021554208,105.927466557151,12
scandinavia,8_scandinavia,gravimetry,Wouters_Wouters_et_al,2011,Gt,15.909385454082752,99.56414727428891,12
scandinavia,8_scandinavia,gravimetry,Wouters_Wouters_et_al,2012,Gt,2.794238015544245,110.53569044132311,12
scandinavia,8_scandinavia,gravimetry,Wouters_Wouters_et_al,2013,Gt,8.319632618552806,109.80369816428178,12
scandinavia,8_scandinavia,gravimetry,Wouters_Wouters_et_al,2014,Gt,-22.03638332274584,121.39472808027695,12
scandinavia,8_scandinavia,gravimetry,Wouters_Wouters_et_al,2015,Gt,35.2635167561715,121.2963637316206,12
scandinavia,8_scandinavia,gravimetry,Wouters_Wouters_et_al,2016,Gt,-19.722913500469886,133.1041554430707,12
scandinavia,8_scandinavia,gravimetry,Wouters_Wouters_et_al,2017,Gt,-10.000799867139257,116.04756498277966,12
scandinavia,8_scandinavia,gravimetry,Wouters_Wouters_et_al,2018,Gt,0.24641014980088016,105.47529444010539,12
scandinavia,8_scandinavia,gravimetry,Wouters_Wouters_et_al,2019,Gt,7.244830062633497,205.2179497828048,12
scandinavia,8_scandinavia,gravimetry,Wouters_Wouters_et_al,2020,Gt,-12.492920921085398,216.8580555374162,12
scandinavia,8_scandinavia,gravimetry,Wouters_Wouters_et_al,2021,Gt,9.5563199067441,207.5644837824703,10
russian_arctic,9_russian_arctic,altimetry,Gardner2013_icesat_Gardner_et_al,2003,m,-0.05291666666666667,0.009583333333333333,1
russian_arctic,9_russian_arctic,altimetry,Gardner2013_icesat_Gardner_et_al,2004,m,-0.21166666666666667,0.03833333333333333,1
russian_arctic,9_russian_arctic,altimetry,Gardner2013_icesat_Gardner_et_al,2005,m,-0.21166666666666667,0.03833333333333333,1
russian_arctic,9_russian_arctic,altimetry,Gardner2013_icesat_Gardner_et_al,2006,m,-0.21166666666666667,0.03833333333333333,1
russian_arctic,9_russian_arctic,altimetry,Gardner2013_icesat_Gardner_et_al,2007,m,-0.21166666666666667,0.03833333333333333,1
russian_arctic,9_russian_arctic,altimetry,Gardner2013_icesat_Gardner_et_al,2008,m,-0.21166666666666667,0.03833333333333333,1
russian_arctic,9_russian_arctic,altimetry,Gardner2013_icesat_Gardner_et_al,2009,m,-0.15875,0.02875,1
russian_arctic,9_russian_arctic,altimetry,Jakob_Gourmelen_Jakob_et_al,2010,m,-0.1739445638644783,0.05139255277986732,5
russian_arctic,9_russian_arctic,altimetry,Jakob_Gourmelen_Jakob_et_al,2011,m,-0.4880235951034069,0.08749946861760878,12
russian_arctic,9_russian_arctic,altimetry,Jakob_Gourmelen_Jakob_et_al,2012,m,-0.19443559197799604,0.08706461946754347,12
russian_arctic,9_russian_arctic,altimetry,Jakob_Gourmelen_Jakob_et_al,2013,m,-0.9400398139723629,0.08711011744957703,12
russian_arctic,9_russian_arctic,altimetry,Jakob_Gourmelen_Jakob_et_al,2014,m,0.44129471076588533,0.0905677183240701,12
russian_arctic,9_russian_arctic,altimetry,Jakob_Gourmelen_Jakob_et_al,2015,m,-0.6123925717330664,0.08843928628782684,12
russian_arctic,9_russian_arctic,altimetry,Jakob_Gourmelen_Jakob_et_al,2016,m,-1.041039128694571,,12
russian_arctic,9_russian_arctic,altimetry,Jakob_Gourmelen_Jakob_et_al,2017,m,0.06450863745797211,0.0957850794697724,12
russian_arctic,9_russian_arctic,altimetry,Jakob_Gourmelen_Jakob_et_al,2018,m,-0.4630205236463451,0.08784405277118203,12
russian_arctic,9_russian_arctic,altimetry,Jakob_Gourmelen_Jakob_et_al,2019,m,-0.5806769368683469,0.08874960499701033,12
russian_arctic,9_russian_arctic,altimetry,Jakob_Gourmelen_Jakob_et_al,2020,m,-0.22032037636328367,0.06910002813713756,8
russian_arctic,9_russian_arctic,altimetry,Tepes_Tepes_et_al,2010,m,-0.08204819277108344,0.005783132530120419,1
russian_arctic,9_russian_arctic,altimetry,Tepes_Tepes_et_al,2011,m,-0.32819277108433376,0.023132530120481675,1
russian_arctic,9_russian_arctic,altimetry,Tepes_Tepes_et_al,2012,m,-0.32819277108433376,0.023132530120481675,1
russian_arctic,9_russian_arctic,altimetry,Tepes_Tepes_et_al,2013,m,-0.32819277108433376,0.023132530120481675,1
russian_arctic,9_russian_arctic,altimetry,Tepes_Tepes_et_al,2014,m,-0.32819277108433376,0.023132530120481675,1
russian_arctic,9_russian_arctic,altimetry,Tepes_Tepes_et_al,2015,m,-0.32819277108433376,0.023132530120481675,1
russian_arctic,9_russian_arctic,altimetry,Tepes_Tepes_et_al,2016,m,-0.32819277108433376,0.023132530120481675,1
russian_arctic,9_russian_arctic,altimetry,Tepes_Tepes_et_al,2017,m,-0.21879518072291404,0.015421686746989537,1
russian_arctic,9_russian_arctic,combined,ArcticInSituvGRACE_Box_et_al,2000,Gt,-5.065,4.743416490252569,2
russian_arctic,9_russian_arctic,combined,ArcticInSituvGRACE_Box_et_al,2001,Gt,-17.1675,4.743416490252569,2
russian_arctic,9_russian_arctic,combined,ArcticInSituvGRACE_Box_et_al,2002,Gt,-13.075,4.743416490252569,2
russian_arctic,9_russian_arctic,combined,ArcticInSituvGRACE_Box_et_al,2003,Gt,-17.795,4.743416490252569,2
russian_arctic,9_russian_arctic,combined,ArcticInSituvGRACE_Box_et_al,2004,Gt,-19.47,4.743416490252569,2
russian_arctic,9_russian_arctic,combined,ArcticInSituvGRACE_Box_et_al,2005,Gt,-13.542499999999999,4.743416490252569,2
russian_arctic,9_russian_arctic,combined,ArcticInSituvGRACE_Box_et_al,2006,Gt,-8.395000000000001,4.743416490252569,2
russian_arctic,9_russian_arctic,combined,ArcticInSituvGRACE_Box_et_al,2007,Gt,-4.0825000000000005,4.743416490252569,2
russian_arctic,9_russian_arctic,combined,ArcticInSituvGRACE_Box_et_al,2008,Gt,0.8275000000000001,4.743416490252569,2
russian_arctic,9_russian_arctic,combined,ArcticInSituvGRACE_Box_et_al,2009,Gt,-12.715,4.743416490252569,2
russian_arctic,9_russian_arctic,combined,ArcticInSituvGRACE_Box_et_al,2010,Gt,-22.0,4.743416490252569,2
russian_arctic,9_russian_arctic,combined,ArcticInSituvGRACE_Box_et_al,2011,Gt,-22.0,4.743416490252569,2
russian_arctic,9_russian_arctic,combined,ArcticInSituvGRACE_Box_et_al,2012,Gt,-22.0,4.743416490252569,2
russian_arctic,9_russian_arctic,combined,ArcticInSituvGRACE_Box_et_al,2013,Gt,-22.0,4.743416490252569,2
russian_arctic,9_russian_arctic,combined,ArcticInSituvGRACE_Box_et_al,2014,Gt,-22.0,4.743416490252569,2
russian_arctic,9_russian_arctic,combined,ArcticInSituvGRACE_Box_et_al,2015,Gt,-22.0,4.743416490252569,2
russian_arctic,9_russian_arctic,combined,ArcticInSituvGRACE_Box_et_al,2016,Gt,-22.0,4.743416490252569,2
russian_arctic,9_russian_arctic,combined,ArcticInSituvGRACE_Box_et_al,2017,Gt,-23.052500000000002,4.743416490252569,2
russian_arctic,9_russian_arctic,combined,ArcticInSituvGRACE_Box_et_al,2018,Gt,-24.557499999999997,4.743416490252569,2
russian_arctic,9_russian_arctic,combined,ArcticInSituvGRACE_Box_et_al,2019,Gt,-27.325000000000003,4.743416490252569,2
russian_arctic,9_russian_arctic,combined,ArcticInSituvGRACE_Box_et_al,2020,Gt,-40.2875,4.743416490252569,2
russian_arctic,9_russian_arctic,combined,ArcticInSituvGRACE_Box_et_al,2021,Gt,-16.8075,4.743416490252569,2
russian_arctic,9_russian_arctic,combined,ArcticInSituvGRACE_Box_et_al,2022,Gt,-28.71,4.5,1
russian_arctic,9_russian_arctic,combined,Box2018_Box_et_al,2002,Gt,-4.1875,1.5,1
russian_arctic,9_russian_arctic,combined,Box2018_Box_et_al,2003,Gt,-17.795,4.743416490252569,2
russian_arctic,9_russian_arctic,combined,Box2018_Box_et_al,2004,Gt,-19.47,4.743416490252569,2
russian_arctic,9_russian_arctic,combined,Box2018_Box_et_al,2005,Gt,-13.542499999999999,4.743416490252569,2
russian_arctic,9_russian_arctic,combined,Box2018_Box_et_al,2006,Gt,-8.395000000000001,4.743416490252569,2
russian_arctic,9_russian_arctic,combined,Box2018_Box_et_al,2007,Gt,-4.0825000000000005,4.743416490252569,2
russian_arctic,9_russian_arctic,combined,Box2018_Box_et_al,2008,Gt,0.8275000000000001,4.743416490252569,2
russian_arctic,9_russian_arctic,combined,Box2018_Box_et_al,2009,Gt,-12.715,4.743416490252569,2
russian_arctic,9_russian_arctic,combined,Box2018_Box_et_al,2010,Gt,-22.0,4.743416490252569,2
russian_arctic,9_russian_arctic,combined,Box2018_Box_et_al,2011,Gt,-22.0,4.743416490252569,2
russian_arctic,9_russian_arctic,combined,Box2018_Box_et_al,2012,Gt,-22.0,4.743416490252569,2
russian_arctic,9_russian_arctic,combined,Box2018_Box_et_al,2013,Gt,-22.0,4.743416490252569,2
russian_arctic,9_russian_arctic,combined,Box2018_Box_et_al,2014,Gt,-22.0,4.743416490252569,2
russian_arctic,9_russian_arctic,combined,Box2018_Box_et_al,2015,Gt,-16.5,4.5,1
russian_arctic,9_russian_arctic,combined,DUS-combined_Dussaillant_et_al,2000,mwe,0.03437273606579916,0.22409557581733883,2
russian_arctic,9_russian_arctic,combined,DUS-combined_Dussaillant_et_al,2001,mwe,-0.26867031695278026,0.22354441426048743,2
russian_arctic,9_russian_arctic,combined,DUS-combined_Dussaillant_et_al,2002,mwe,-0.1081278157064295,0.21856667688715886,2
russian_arctic,9_russian_arctic,combined,DUS-combined_Dussaillant_et_al,2003,mwe,-0.3522900943782386,0.2169282729954453,2
russian_arctic,9_russian_arctic,combined,DUS-combined_Dussaillant_et_al,2004,mwe,-0.43590152865421883,0.21677185497199178,2
russian_arctic,9_russian_arctic,combined,DUS-combined_Dussaillant_et_al,2005,mwe,-0.2730500876345473,0.21617276121614767,2
russian_arctic,9_russian_arctic,combined,DUS-combined_Dussaillant_et_al,2006,mwe,-0.08641254359379397,0.2134247391144061,2
russian_arctic,9_russian_arctic,combined,DUS-combined_Dussaillant_et_al,2007,mwe,0.0493258047535422,0.21623582651276807,2
russian_arctic,9_russian_arctic,combined,DUS-combined_Dussaillant_et_al,2008,mwe,0.1758799091359351,0.21236527630090232,2
russian_arctic,9_russian_arctic,combined,DUS-combined_Dussaillant_et_al,2009,mwe,-0.05881947527598645,0.21120221577472412,2
russian_arctic,9_russian_arctic,combined,DUS-combined_Dussaillant_et_al,2010,mwe,-0.027648822712930773,0.2102881210316504,2
russian_arctic,9_russian_arctic,combined,DUS-combined_Dussaillant_et_al,2011,mwe,-0.37820499869632684,0.20806157595486702,2
russian_arctic,9_russian_arctic,combined,DUS-combined_Dussaillant_et_al,2012,mwe,-0.09258829148363831,0.20675420486026205,2
russian_arctic,9_russian_arctic,combined,DUS-combined_Dussaillant_et_al,2013,mwe,-0.45550142059342813,0.20660258159177536,2
russian_arctic,9_russian_arctic,combined,DUS-combined_Dussaillant_et_al,2014,mwe,0.05125908881784405,0.20643015180176055,2
russian_arctic,9_russian_arctic,combined,DUS-combined_Dussaillant_et_al,2015,mwe,-0.40538431186153867,0.20625038744711044,2
russian_arctic,9_russian_arctic,combined,DUS-combined_Dussaillant_et_al,2016,mwe,-0.5919828595978455,0.2063828704971791,2
russian_arctic,9_russian_arctic,combined,DUS-combined_Dussaillant_et_al,2017,mwe,-0.3196232855247294,0.2063022734537244,2
russian_arctic,9_russian_arctic,combined,DUS-combined_Dussaillant_et_al,2018,mwe,-0.41046468535927083,0.206817712332343,2
russian_arctic,9_russian_arctic,combined,DUS-combined_Dussaillant_et_al,2019,mwe,-0.520055859760609,0.21267583467494988,2
russian_arctic,9_russian_arctic,combined,DUS-combined_Dussaillant_et_al,2020,mwe,-0.9774986103915572,0.21578008073986724,2
russian_arctic,9_russian_arctic,combined,DUS-combined_Dussaillant_et_al,2021,mwe,-0.4353281482129495,0.21260186952394772,2
russian_arctic,9_russian_arctic,combined,DUS-combined_Dussaillant_et_al,2022,mwe,-0.9767264700904945,0.21521992221603084,2
russian_arctic,9_russian_arctic,combined,DUS-combined_Dussaillant_et_al,2023,mwe,-0.5487980070680909,0.22025469069250492,2
russian_arctic,9_russian_arctic,combined,Huss_Huss_et_al,2000,mwe,0.1282,0.13493890515711177,2
russian_arctic,9_russian_arctic,combined,Huss_Huss_et_al,2001,mwe,-0.24009999999999998,0.23506667272286816,2
russian_arctic,9_russian_arctic,combined,Huss_Huss_et_al,2002,mwe,-0.151,0.17389393498624384,2
russian_arctic,9_russian_arctic,combined,Huss_Huss_et_al,2003,mwe,-0.31694999999999995,0.15315871261537817,2
russian_arctic,9_russian_arctic,combined,Huss_Huss_et_al,2004,mwe,-0.40435,0.27340809470460087,2
russian_arctic,9_russian_arctic,combined,Huss_Huss_et_al,2005,mwe,-0.22405000000000003,0.14754718948526266,2
russian_arctic,9_russian_arctic,combined,Huss_Huss_et_al,2006,mwe,-0.077125,0.10675993220773419,2
russian_arctic,9_russian_arctic,combined,Huss_Huss_et_al,2007,mwe,-0.015875000000000007,0.12389259965792952,2
russian_arctic,9_russian_arctic,combined,Huss_Huss_et_al,2008,mwe,0.10772499999999999,0.13566903202278696,2
russian_arctic,9_russian_arctic,combined,Huss_Huss_et_al,2009,mwe,-0.1397,0.14939272279799976,2
russian_arctic,9_russian_arctic,combined,Huss_Huss_et_al,2010,mwe,-0.10225000000000001,0.10518085614787512,2
russian_arctic,9_russian_arctic,combined,Huss_Huss_et_al,2011,mwe,-0.381325,0.11207196348775193,2
russian_arctic,9_russian_arctic,combined,Huss_Huss_et_al,2012,mwe,-0.06855,0.0886978297366965,2
russian_arctic,9_russian_arctic,combined,Huss_Huss_et_al,2013,mwe,-0.36505,0.13215037835738494,2
russian_arctic,9_russian_arctic,combined,Huss_Huss_et_al,2014,mwe,-0.023849999999999996,0.08996916485663296,2
russian_arctic,9_russian_arctic,combined,Huss_Huss_et_al,2015,mwe,-0.4138,0.11460566358169214,2
russian_arctic,9_russian_arctic,combined,Huss_Huss_et_al,2016,mwe,-0.478275,0.18807893289786606,2
russian_arctic,9_russian_arctic,combined,Huss_Huss_et_al,2017,mwe,-0.25225,0.12050753088500318,2
russian_arctic,9_russian_arctic,combined,Huss_Huss_et_al,2018,mwe,-0.445325,0.1688532647004493,2
russian_arctic,9_russian_arctic,combined,Huss_Huss_et_al,2019,mwe,-0.5674250000000001,0.14163419431761526,2
russian_arctic,9_russian_arctic,combined,Huss_Huss_et_al,2020,mwe,-0.949325,0.2750750408979339,2
russian_arctic,9_russian_arctic,combined,Huss_Huss_et_al,2021,mwe,-0.0672,0.173175,1
russian_arctic,9_russian_arctic,demdiff,ETH_Hugonnet_et_al,2000,m,-0.19,0.098,1
russian_arctic,9_russian_arctic,demdiff,ETH_Hugonnet_et_al,2001,m,-0.19,0.098,1
russian_arctic,9_russian_arctic,demdiff,ETH_Hugonnet_et_al,2002,m,-0.19,0.098,1
russian_arctic,9_russian_arctic,demdiff,ETH_Hugonnet_et_al,2003,m,-0.19,0.098,1
russian_arctic,9_russian_arctic,demdiff,ETH_Hugonnet_et_al,2004,m,-0.19,0.098,1
russian_arctic,9_russian_arctic,demdiff,ETH_Hugonnet_et_al,2005,m,-0.219,0.054000000000000006,1
russian_arctic,9_russian_arctic,demdiff,ETH_Hugonnet_et_al,2006,m,-0.219,0.054000000000000006,1
russian_arctic,9_russian_arctic,demdiff,ETH_Hugonnet_et_al,2007,m,-0.219,0.054000000000000006,1
russian_arctic,9_russian_arctic,demdiff,ETH_Hugonnet_et_al,2008,m,-0.219,0.054000000000000006,1
russian_arctic,9_russian_arctic,demdiff,ETH_Hugonnet_et_al,2009,m,-0.219,0.054000000000000006,1
russian_arctic,9_russian_arctic,demdiff,ETH_Hugonnet_et_al,2010,m,-0.244,0.052000000000000005,1
russian_arctic,9_russian_arctic,demdiff,ETH_Hugonnet_et_al,2011,m,-0.244,0.052000000000000005,1
russian_arctic,9_russian_arctic,demdiff,ETH_Hugonnet_et_al,2012,m,-0.244,0.052000000000000005,1
russian_arctic,9_russian_arctic,demdiff,ETH_Hugonnet_et_al,2013,m,-0.244,0.052000000000000005,1
russian_arctic,9_russian_arctic,demdiff,ETH_Hugonnet_et_al,2014,m,-0.244,0.052000000000000005,1
russian_arctic,9_russian_arctic,demdiff,ETH_Hugonnet_et_al,2015,m,-0.303,0.06,1
russian_arctic,9_russian_arctic,demdiff,ETH_Hugonnet_et_al,2016,m,-0.303,0.06,1
russian_arctic,9_russian_arctic,demdiff,ETH_Hugonnet_et_al,2017,m,-0.303,0.06,1
russian_arctic,9_russian_arctic,demdiff,ETH_Hugonnet_et_al,2018,m,-0.303,0.06,1
russian_arctic,9_russian_arctic,demdiff,ETH_Hugonnet_et_al,2019,m,-0.303,0.06,1
russian_arctic,9_russian_arctic,demdiff,FAU-GLACIER_Braun_et_al,2011,m,-0.5273239436619651,0.14704225352112488,1
russian_arctic,9_russian_arctic,demdiff,FAU-GLACIER_Braun_et_al,2012,m,-0.5273239436619651,0.14704225352112488,1
russian_arctic,9_russian_arctic,demdiff,FAU-GLACIER_Braun_et_al,2013,m,-0.5273239436619651,0.14704225352112488,1
russian_arctic,9_russian_arctic,demdiff,FAU-GLACIER_Braun_et_al,2014,m,-0.5273239436619651,0.14704225352112488,1
russian_arctic,9_russian_arctic,demdiff,FAU-GLACIER_Braun_et_al,2015,m,-0.5273239436619651,0.14704225352112488,1
russian_arctic,9_russian_arctic,demdiff,FAU-GLACIER_Braun_et_al,2016,m,-0.4833802816901746,0.1347887323943756,1
russian_arctic,9_russian_arctic,demdiff,Zheng et al._Zheng_et_al,2012,m,-0.310572321428574,0.060267857142857637,1
russian_arctic,9_russian_arctic,demdiff,Zheng et al._Zheng_et_al,2013,m,-0.4140964285714319,0.08035714285714352,1
russian_arctic,9_russian_arctic,demdiff,Zheng et al._Zheng_et_al,2014,m,-0.4140964285714319,0.08035714285714352,1
russian_arctic,9_russian_arctic,demdiff,Zheng et al._Zheng_et_al,2015,m,-0.4140964285714319,0.08035714285714352,1
russian_arctic,9_russian_arctic,demdiff,Zheng et al._Zheng_et_al,2016,m,-0.4140964285714319,0.08035714285714352,1
russian_arctic,9_russian_arctic,demdiff,Zheng et al._Zheng_et_al,2017,m,-0.4140964285714319,0.08035714285714352,1
russian_arctic,9_russian_arctic,demdiff,Zheng et al._Zheng_et_al,2018,m,-0.4140964285714319,0.08035714285714352,1
russian_arctic,9_russian_arctic,demdiff,Zheng et al._Zheng_et_al,2019,m,-0.4140964285714319,0.08035714285714352,1
russian_arctic,9_russian_arctic,demdiff,Zheng et al._Zheng_et_al,2020,m,-0.4140964285714319,0.08035714285714352,1
russian_arctic,9_russian_arctic,demdiff,Zheng et al._Zheng_et_al,2021,m,-0.24155624999997058,0.04687499999999429,1
russian_arctic,9_russian_arctic,glaciological,UZH_GlaciolSineWave_Zemp_et_al,2000,mwe,0.011135376736087998,0.17571486948969228,12
russian_arctic,9_russian_arctic,glaciological,UZH_GlaciolSineWave_Zemp_et_al,2001,mwe,-0.3576552588944997,0.3031340420999941,12
russian_arctic,9_russian_arctic,glaciological,UZH_GlaciolSineWave_Zemp_et_al,2002,mwe,-0.6438208836370647,0.37883439387465007,12
russian_arctic,9_russian_arctic,glaciological,UZH_GlaciolSineWave_Zemp_et_al,2003,mwe,-0.8148821560240728,0.36259996884766105,12
russian_arctic,9_russian_arctic,glaciological,UZH_GlaciolSineWave_Zemp_et_al,2004,mwe,-1.0685819959900749,0.44526523084634456,12
russian_arctic,9_russian_arctic,glaciological,UZH_GlaciolSineWave_Zemp_et_al,2005,mwe,-0.8058267553293876,0.38654385371073685,12
russian_arctic,9_russian_arctic,glaciological,UZH_GlaciolSineWave_Zemp_et_al,2006,mwe,-0.6078182612834471,0.37297162035525433,12
russian_arctic,9_russian_arctic,glaciological,UZH_GlaciolSineWave_Zemp_et_al,2007,mwe,-0.33631559307973635,0.30898943180098926,12
russian_arctic,9_russian_arctic,glaciological,UZH_GlaciolSineWave_Zemp_et_al,2008,mwe,-0.06188575608232956,0.26056694870443436,12
russian_arctic,9_russian_arctic,glaciological,UZH_GlaciolSineWave_Zemp_et_al,2009,mwe,-0.13412150550474627,0.2823096676600964,12
russian_arctic,9_russian_arctic,glaciological,UZH_GlaciolSineWave_Zemp_et_al,2010,mwe,-0.37785975816766193,0.32676732572685585,12
russian_arctic,9_russian_arctic,glaciological,UZH_GlaciolSineWave_Zemp_et_al,2011,mwe,-0.9335845992235126,0.4349125474141466,12
russian_arctic,9_russian_arctic,glaciological,UZH_GlaciolSineWave_Zemp_et_al,2012,mwe,-0.26886169058089343,0.25998646619421506,12
russian_arctic,9_russian_arctic,glaciological,UZH_GlaciolSineWave_Zemp_et_al,2013,mwe,-0.8519154393929873,0.3818692786829363,12
russian_arctic,9_russian_arctic,glaciological,UZH_GlaciolSineWave_Zemp_et_al,2014,mwe,-0.01601111639956651,0.25920543274731167,12
russian_arctic,9_russian_arctic,glaciological,UZH_GlaciolSineWave_Zemp_et_al,2015,mwe,-0.5992647737521932,0.3497981033191211,12
russian_arctic,9_russian_arctic,glaciological,UZH_GlaciolSineWave_Zemp_et_al,2016,mwe,-1.2933120433604117,0.49082482869154914,12
russian_arctic,9_russian_arctic,glaciological,UZH_GlaciolSineWave_Zemp_et_al,2017,mwe,-0.48525846513055676,0.30009834969245497,12
russian_arctic,9_russian_arctic,glaciological,UZH_GlaciolSineWave_Zemp_et_al,2018,mwe,-0.7502449077745443,0.38070617855184163,12
russian_arctic,9_russian_arctic,glaciological,UZH_GlaciolSineWave_Zemp_et_al,2019,mwe,-0.796046352243723,0.4016647118226614,12
russian_arctic,9_russian_arctic,glaciological,UZH_GlaciolSineWave_Zemp_et_al,2020,mwe,-1.5792787784163347,0.5321360323724115,12
russian_arctic,9_russian_arctic,glaciological,UZH_GlaciolSineWave_Zemp_et_al,2021,mwe,-0.6474948788591632,0.3389392691915939,12
russian_arctic,9_russian_arctic,glaciological,UZH_GlaciolSineWave_Zemp_et_al,2022,mwe,-1.4534743942958264,0.5557873920499471,12
russian_arctic,9_russian_arctic,glaciological,UZH_GlaciolSineWave_Zemp_et_al,2023,mwe,-0.9620203227965283,0.4348346190539506,12
russian_arctic,9_russian_arctic,glaciological,WGMS-beta_WGMS,2000,mwe,0.4407083333333334,0.17283246308851913,2
russian_arctic,9_russian_arctic,glaciological,WGMS-beta_WGMS,2001,mwe,0.14253571428571427,0.17172608527660133,2
russian_arctic,9_russian_arctic,glaciological,WGMS-beta_WGMS,2002,mwe,0.31560714285714286,0.16142781968752032,2
russian_arctic,9_russian_arctic,glaciological,WGMS-beta_WGMS,2003,mwe,0.07450000000000001,0.16142781968752032,2
russian_arctic,9_russian_arctic,glaciological,WGMS-beta_WGMS,2004,mwe,-0.0041428571428571495,0.16142781968752032,2
russian_arctic,9_russian_arctic,glaciological,WGMS-beta_WGMS,2005,mwe,0.16069642857142855,0.16035913633426999,2
russian_arctic,9_russian_arctic,glaciological,WGMS-beta_WGMS,2006,mwe,0.3432678571428571,0.1513471713866635,2
russian_arctic,9_russian_arctic,glaciological,WGMS-beta_WGMS,2007,mwe,0.47764732142857147,0.15876710623498497,2
russian_arctic,9_russian_arctic,glaciological,WGMS-beta_WGMS,2008,mwe,0.5987673611111111,0.15011743767949212,2
russian_arctic,9_russian_arctic,glaciological,WGMS-beta_WGMS,2009,mwe,0.35383333333333333,0.14312716067596284,2
russian_arctic,9_russian_arctic,glaciological,WGMS-beta_WGMS,2010,mwe,0.38450000000000006,0.14099210016665617,2
russian_arctic,9_russian_arctic,glaciological,WGMS-beta_WGMS,2011,mwe,0.02782499999999999,0.13531476154042946,2
russian_arctic,9_russian_arctic,glaciological,WGMS-beta_WGMS,2012,mwe,0.3108386363636363,0.13425272505302557,2
russian_arctic,9_russian_arctic,glaciological,WGMS-beta_WGMS,2013,mwe,-0.05068181818181819,0.13597196340258808,2
russian_arctic,9_russian_arctic,glaciological,WGMS-beta_WGMS,2014,mwe,0.45479545454545456,0.13597196340258808,2
russian_arctic,9_russian_arctic,glaciological,WGMS-beta_WGMS,2015,mwe,-0.018090909090909116,0.13597196340258808,2
russian_arctic,9_russian_arctic,glaciological,WGMS-beta_WGMS,2016,mwe,-0.21304545454545454,0.13597196340258808,2
russian_arctic,9_russian_arctic,glaciological,WGMS-beta_WGMS,2017,mwe,0.06388636363636366,0.13597196340258808,2
russian_arctic,9_russian_arctic,glaciological,WGMS-beta_WGMS,2018,mwe,-0.023059659090909054,0.1376935818972424,2
russian_arctic,9_russian_arctic,glaciological,WGMS-beta_WGMS,2019,mwe,-0.13312053571428573,0.15314390382224968,2
russian_arctic,9_russian_arctic,glaciological,WGMS-beta_WGMS,2020,mwe,-0.5892366071428572,0.15962044266885217,2
russian_arctic,9_russian_arctic,glaciological,WGMS-beta_WGMS,2021,mwe,-0.04834374999999999,0.1527161712882209,2
russian_arctic,9_russian_arctic,glaciological,WGMS-beta_WGMS,2022,mwe,-0.5882291666666667,0.15801382805110556,2
russian_arctic,9_russian_arctic,glaciological,WGMS-beta_WGMS,2023,mwe,-0.15763354978354974,0.17046017976230046,2
russian_arctic,9_russian_arctic,gravimetry,Harig_Group_Harig_et_al,2002,Gt,-26.599457581733404,135.685607576229,9
russian_arctic,9_russian_arctic,gravimetry,Harig_Group_Harig_et_al,2003,Gt,-0.22990086290797507,193.50617500372232,12
russian_arctic,9_russian_arctic,gravimetry,Harig_Group_Harig_et_al,2004,Gt,-59.17671713045911,199.2074238515911,12
russian_arctic,9_russian_arctic,gravimetry,Harig_Group_Harig_et_al,2005,Gt,26.47505298118306,202.6488049014168,12
russian_arctic,9_russian_arctic,gravimetry,Harig_Group_Harig_et_al,2006,Gt,-22.355868954327455,202.63708601387654,12
russian_arctic,9_russian_arctic,gravimetry,Harig_Group_Harig_et_al,2007,Gt,-15.898482649375822,202.6484082460821,12
russian_arctic,9_russian_arctic,gravimetry,Harig_Group_Harig_et_al,2008,Gt,-6.86203162842153,202.60567915720276,12
russian_arctic,9_russian_arctic,gravimetry,Harig_Group_Harig_et_al,2009,Gt,21.75166361324736,202.64880490141633,12
russian_arctic,9_russian_arctic,gravimetry,Harig_Group_Harig_et_al,2010,Gt,-21.17392170111198,199.2608009373919,12
russian_arctic,9_russian_arctic,gravimetry,Harig_Group_Harig_et_al,2011,Gt,-42.10552887328768,178.04547611331336,12
russian_arctic,9_russian_arctic,gravimetry,Harig_Group_Harig_et_al,2012,Gt,-9.072291139713087,183.7823214842533,12
russian_arctic,9_russian_arctic,gravimetry,Harig_Group_Harig_et_al,2013,Gt,-8.360801644592499,165.00173905685352,12
russian_arctic,9_russian_arctic,gravimetry,Harig_Group_Harig_et_al,2014,Gt,-5.689121149589877,158.15180972428269,12
russian_arctic,9_russian_arctic,gravimetry,Harig_Group_Harig_et_al,2015,Gt,-35.85981121004116,164.30288545541345,12
russian_arctic,9_russian_arctic,gravimetry,Harig_Group_Harig_et_al,2016,Gt,24.92607653008426,161.95652631368966,12
russian_arctic,9_russian_arctic,gravimetry,Harig_Group_Harig_et_al,2017,Gt,,,12
russian_arctic,9_russian_arctic,gravimetry,Harig_Group_Harig_et_al,2018,Gt,,,12
russian_arctic,9_russian_arctic,gravimetry,Harig_Group_Harig_et_al,2019,Gt,27.21383702926619,202.6484082460822,12
russian_arctic,9_russian_arctic,gravimetry,Harig_Group_Harig_et_al,2020,Gt,-68.26026406603589,202.60567915720247,12
russian_arctic,9_russian_arctic,gravimetry,Harig_Group_Harig_et_al,2021,Gt,-29.114780289671955,202.64880490141633,12
russian_arctic,9_russian_arctic,gravimetry,Harig_Group_Harig_et_al,2022,Gt,-25.3682877145431,202.6370860138765,12
russian_arctic,9_russian_arctic,gravimetry,Harig_Group_Harig_et_al,2023,Gt,5.969923541555374,65.4105514336995,2
russian_arctic,9_russian_arctic,gravimetry,Jacob_2012_dmdt_Jacob_et_al,2003,Gt,-2.999999999999971,16.000421052631424,1
russian_arctic,9_russian_arctic,gravimetry,Jacob_2012_dmdt_Jacob_et_al,2004,Gt,-2.999999999999971,16.000421052631424,1
russian_arctic,9_russian_arctic,gravimetry,Jacob_2012_dmdt_Jacob_et_al,2005,Gt,-2.999999999999971,16.000421052631424,1
russian_arctic,9_russian_arctic,gravimetry,Jacob_2012_dmdt_Jacob_et_al,2006,Gt,-2.999999999999971,16.000421052631424,1
russian_arctic,9_russian_arctic,gravimetry,Jacob_2012_dmdt_Jacob_et_al,2007,Gt,-2.999999999999971,16.000421052631424,1
russian_arctic,9_russian_arctic,gravimetry,Jacob_2012_dmdt_Jacob_et_al,2008,Gt,-2.999999999999971,16.000421052631424,1
russian_arctic,9_russian_arctic,gravimetry,Jacob_2012_dmdt_Jacob_et_al,2009,Gt,-2.999999999999971,16.000421052631424,1
russian_arctic,9_russian_arctic,gravimetry,Jacob_2012_dmdt_Jacob_et_al,2010,Gt,-2.750000000000201,14.66705263158002,1
russian_arctic,9_russian_arctic,gravimetry,LEGOS-MAGELLIUM-bis_Pfeffer_et_al,2002,Gt,-10.840246369544516,96.6280827078198,9
russian_arctic,9_russian_arctic,gravimetry,LEGOS-MAGELLIUM-bis_Pfeffer_et_al,2003,Gt,0.47187247634277973,208.1703105614645,12
russian_arctic,9_russian_arctic,gravimetry,LEGOS-MAGELLIUM-bis_Pfeffer_et_al,2004,Gt,-53.59182506067333,99.19295638276874,12
russian_arctic,9_russian_arctic,gravimetry,LEGOS-MAGELLIUM-bis_Pfeffer_et_al,2005,Gt,8.864053588917834,140.95654043707316,12
russian_arctic,9_russian_arctic,gravimetry,LEGOS-MAGELLIUM-bis_Pfeffer_et_al,2006,Gt,0.0757536286877496,243.04673233766255,12
russian_arctic,9_russian_arctic,gravimetry,LEGOS-MAGELLIUM-bis_Pfeffer_et_al,2007,Gt,-23.093808275015206,177.30089966239746,12
russian_arctic,9_russian_arctic,gravimetry,LEGOS-MAGELLIUM-bis_Pfeffer_et_al,2008,Gt,-30.504401095877213,93.83640989014891,12
russian_arctic,9_russian_arctic,gravimetry,LEGOS-MAGELLIUM-bis_Pfeffer_et_al,2009,Gt,3.462874912972296,248.98304769618284,12
russian_arctic,9_russian_arctic,gravimetry,LEGOS-MAGELLIUM-bis_Pfeffer_et_al,2010,Gt,-7.661213151159487,214.39225748606256,12
russian_arctic,9_russian_arctic,gravimetry,LEGOS-MAGELLIUM-bis_Pfeffer_et_al,2011,Gt,-11.4823447775467,181.88147138873458,12
russian_arctic,9_russian_arctic,gravimetry,LEGOS-MAGELLIUM-bis_Pfeffer_et_al,2012,Gt,-41.987046401213675,147.36836046369214,12
russian_arctic,9_russian_arctic,gravimetry,LEGOS-MAGELLIUM-bis_Pfeffer_et_al,2013,Gt,-17.27181025638083,122.72758840910086,12
russian_arctic,9_russian_arctic,gravimetry,LEGOS-MAGELLIUM-bis_Pfeffer_et_al,2014,Gt,16.33243350916547,174.5107827425516,12
russian_arctic,9_russian_arctic,gravimetry,LEGOS-MAGELLIUM-bis_Pfeffer_et_al,2015,Gt,-57.886835619717374,103.90152443757256,12
russian_arctic,9_russian_arctic,gravimetry,LEGOS-MAGELLIUM-bis_Pfeffer_et_al,2016,Gt,-20.26514459876529,174.82404244408306,12
russian_arctic,9_russian_arctic,gravimetry,LEGOS-MAGELLIUM-bis_Pfeffer_et_al,2017,Gt,-44.08051845375968,81.31408554781574,12
russian_arctic,9_russian_arctic,gravimetry,LEGOS-MAGELLIUM-bis_Pfeffer_et_al,2018,Gt,-31.158252575039228,29.630088987891437,12
russian_arctic,9_russian_arctic,gravimetry,LEGOS-MAGELLIUM-bis_Pfeffer_et_al,2019,Gt,-1.1338966005070539,59.11773023184485,12
russian_arctic,9_russian_arctic,gravimetry,LEGOS-MAGELLIUM-bis_Pfeffer_et_al,2020,Gt,-53.27645263813764,74.99691552296626,12
russian_arctic,9_russian_arctic,gravimetry,LEGOS-MAGELLIUM-bis_Pfeffer_et_al,2021,Gt,-32.65615528521084,68.09769155066935,12
russian_arctic,9_russian_arctic,gravimetry,LEGOS-MAGELLIUM-bis_Pfeffer_et_al,2022,Gt,-75.37098928420068,71.17797247006996,8
russian_arctic,9_russian_arctic,gravimetry,LEGOS-MAGELLIUM_Pfeffer_et_al,2002,Gt,-11.186706581548364,96.58919867047531,9
russian_arctic,9_russian_arctic,gravimetry,LEGOS-MAGELLIUM_Pfeffer_et_al,2003,Gt,-0.026967999996672987,208.17875349927462,12
russian_arctic,9_russian_arctic,gravimetry,LEGOS-MAGELLIUM_Pfeffer_et_al,2004,Gt,-53.941101776865914,99.17155857081141,12
russian_arctic,9_russian_arctic,gravimetry,LEGOS-MAGELLIUM_Pfeffer_et_al,2005,Gt,8.520012887499261,140.87076934161686,12
russian_arctic,9_russian_arctic,gravimetry,LEGOS-MAGELLIUM_Pfeffer_et_al,2006,Gt,-0.2849075511176906,243.0386137187854,12
russian_arctic,9_russian_arctic,gravimetry,LEGOS-MAGELLIUM_Pfeffer_et_al,2007,Gt,-23.467272392321647,177.3029910342365,12
russian_arctic,9_russian_arctic,gravimetry,LEGOS-MAGELLIUM_Pfeffer_et_al,2008,Gt,-31.049327245056404,93.83765146826497,12
russian_arctic,9_russian_arctic,gravimetry,LEGOS-MAGELLIUM_Pfeffer_et_al,2009,Gt,3.0251605257670207,249.01219808578608,12
russian_arctic,9_russian_arctic,gravimetry,LEGOS-MAGELLIUM_Pfeffer_et_al,2010,Gt,-7.9206857022183765,214.39680404696261,12
russian_arctic,9_russian_arctic,gravimetry,LEGOS-MAGELLIUM_Pfeffer_et_al,2011,Gt,-11.82868808299041,181.85015211258766,12
russian_arctic,9_russian_arctic,gravimetry,LEGOS-MAGELLIUM_Pfeffer_et_al,2012,Gt,-42.619089907428645,147.3764439544225,12
russian_arctic,9_russian_arctic,gravimetry,LEGOS-MAGELLIUM_Pfeffer_et_al,2013,Gt,-17.703329718897237,122.71627025185359,12
russian_arctic,9_russian_arctic,gravimetry,LEGOS-MAGELLIUM_Pfeffer_et_al,2014,Gt,15.930976826885889,174.53005282364657,12
russian_arctic,9_russian_arctic,gravimetry,LEGOS-MAGELLIUM_Pfeffer_et_al,2015,Gt,-58.36047151067015,103.89294912726837,12
russian_arctic,9_russian_arctic,gravimetry,LEGOS-MAGELLIUM_Pfeffer_et_al,2016,Gt,-20.7664985464792,174.82677617983745,12
russian_arctic,9_russian_arctic,gravimetry,LEGOS-MAGELLIUM_Pfeffer_et_al,2017,Gt,-44.64322177385645,81.2579058277224,12
russian_arctic,9_russian_arctic,gravimetry,LEGOS-MAGELLIUM_Pfeffer_et_al,2018,Gt,-31.68969683534226,29.6040297421724,12
russian_arctic,9_russian_arctic,gravimetry,LEGOS-MAGELLIUM_Pfeffer_et_al,2019,Gt,-1.612217386043767,59.10490461136749,12
russian_arctic,9_russian_arctic,gravimetry,LEGOS-MAGELLIUM_Pfeffer_et_al,2020,Gt,-53.73753283792814,74.98877689092573,12
russian_arctic,9_russian_arctic,gravimetry,LEGOS-MAGELLIUM_Pfeffer_et_al,2021,Gt,-33.117162036891784,68.07099381678982,12
russian_arctic,9_russian_arctic,gravimetry,LEGOS-MAGELLIUM_Pfeffer_et_al,2022,Gt,-75.6581075120991,71.13383766182231,8
russian_arctic,9_russian_arctic,gravimetry,Sasgen_AWIarc_RL01_2_Sasgen_et_al,2002,Gt,37.88645161290055,49.4145415407674,9
russian_arctic,9_russian_arctic,gravimetry,Sasgen_AWIarc_RL01_2_Sasgen_et_al,2003,Gt,-44.98750306703439,68.57504157942374,12
russian_arctic,9_russian_arctic,gravimetry,Sasgen_AWIarc_RL01_2_Sasgen_et_al,2004,Gt,-67.97048429166666,73.91014764143107,12
russian_arctic,9_russian_arctic,gravimetry,Sasgen_AWIarc_RL01_2_Sasgen_et_al,2005,Gt,34.45992284257614,56.987761809964205,12
russian_arctic,9_russian_arctic,gravimetry,Sasgen_AWIarc_RL01_2_Sasgen_et_al,2006,Gt,-7.986451612902156,56.27734919726148,12
russian_arctic,9_russian_arctic,gravimetry,Sasgen_AWIarc_RL01_2_Sasgen_et_al,2007,Gt,2.2726051568200933,51.308205833886014,12
russian_arctic,9_russian_arctic,gravimetry,Sasgen_AWIarc_RL01_2_Sasgen_et_al,2008,Gt,-10.047312044040439,54.56967619926779,12
russian_arctic,9_russian_arctic,gravimetry,Sasgen_AWIarc_RL01_2_Sasgen_et_al,2009,Gt,27.25535204850761,65.17559262681498,12
russian_arctic,9_russian_arctic,gravimetry,Sasgen_AWIarc_RL01_2_Sasgen_et_al,2010,Gt,-8.620762463342576,68.13027946017795,12
russian_arctic,9_russian_arctic,gravimetry,Sasgen_AWIarc_RL01_2_Sasgen_et_al,2011,Gt,-33.41697218591023,64.61073200535054,12
russian_arctic,9_russian_arctic,gravimetry,Sasgen_AWIarc_RL01_2_Sasgen_et_al,2012,Gt,-3.1475379641409944,95.14592967795971,12
russian_arctic,9_russian_arctic,gravimetry,Sasgen_AWIarc_RL01_2_Sasgen_et_al,2013,Gt,-19.023974698426485,54.39531509876015,12
russian_arctic,9_russian_arctic,gravimetry,Sasgen_AWIarc_RL01_2_Sasgen_et_al,2014,Gt,-0.7375124377961697,41.61038025116977,12
russian_arctic,9_russian_arctic,gravimetry,Sasgen_AWIarc_RL01_2_Sasgen_et_al,2015,Gt,-52.85953625644805,74.2643633459397,12
russian_arctic,9_russian_arctic,gravimetry,Sasgen_AWIarc_RL01_2_Sasgen_et_al,2016,Gt,13.906257390476128,52.35591538632124,12
russian_arctic,9_russian_arctic,gravimetry,Sasgen_AWIarc_RL01_2_Sasgen_et_al,2017,Gt,-32.4504126495195,53.08606014980986,12
russian_arctic,9_russian_arctic,gravimetry,Sasgen_AWIarc_RL01_2_Sasgen_et_al,2018,Gt,-68.13309712199427,33.92223767404281,12
russian_arctic,9_russian_arctic,gravimetry,Sasgen_AWIarc_RL01_2_Sasgen_et_al,2019,Gt,28.733983362815053,53.95116225711569,12
russian_arctic,9_russian_arctic,gravimetry,Sasgen_AWIarc_RL01_2_Sasgen_et_al,2020,Gt,-38.96602532961603,56.54461113521206,12
russian_arctic,9_russian_arctic,gravimetry,Sasgen_AWIarc_RL01_2_Sasgen_et_al,2021,Gt,-43.2392483557534,58.55677996785588,12
russian_arctic,9_russian_arctic,gravimetry,Sasgen_AWIarc_RL01_2_Sasgen_et_al,2022,Gt,-13.227741935504469,61.91432028202228,11
russian_arctic,9_russian_arctic,gravimetry,Velicogna_Sutterley_et_al,2002,gt,52.51414193546329,208.42702145708304,9
russian_arctic,9_russian_arctic,gravimetry,Velicogna_Sutterley_et_al,2003,gt,-86.27515726509212,290.425414123306,12
russian_arctic,9_russian_arctic,gravimetry,Velicogna_Sutterley_et_al,2004,gt,-88.8901688716145,312.0470782044753,12
russian_arctic,9_russian_arctic,gravimetry,Velicogna_Sutterley_et_al,2005,gt,13.767480975436428,312.12087380521325,12
russian_arctic,9_russian_arctic,gravimetry,Velicogna_Sutterley_et_al,2006,gt,-12.548803225803908,312.1024877413903,12
russian_arctic,9_russian_arctic,gravimetry,Velicogna_Sutterley_et_al,2007,gt,-14.446375518209464,312.11992557323833,12
russian_arctic,9_russian_arctic,gravimetry,Velicogna_Sutterley_et_al,2008,gt,-26.57874574420123,312.0470782044771,12
russian_arctic,9_russian_arctic,gravimetry,Velicogna_Sutterley_et_al,2009,gt,46.636163197886816,312.12087380521484,12
russian_arctic,9_russian_arctic,gravimetry,Velicogna_Sutterley_et_al,2010,gt,-8.014340568609711,306.58438079413025,12
russian_arctic,9_russian_arctic,gravimetry,Velicogna_Sutterley_et_al,2011,gt,-77.68452433717947,254.43047491749527,12
russian_arctic,9_russian_arctic,gravimetry,Velicogna_Sutterley_et_al,2012,gt,-31.239216209150328,259.8055044763924,12
russian_arctic,9_russian_arctic,gravimetry,Velicogna_Sutterley_et_al,2013,gt,-6.408576949579562,246.79004135610887,12
russian_arctic,9_russian_arctic,gravimetry,Velicogna_Sutterley_et_al,2014,gt,-5.577949999954171,247.55931756839493,12
russian_arctic,9_russian_arctic,gravimetry,Velicogna_Sutterley_et_al,2015,gt,-45.64683718904945,239.7874312765886,12
russian_arctic,9_russian_arctic,gravimetry,Velicogna_Sutterley_et_al,2016,gt,-89.79454256928723,246.44458420777443,12
russian_arctic,9_russian_arctic,gravimetry,Velicogna_Sutterley_et_al,2017,gt,74.41930028415857,173.7218642944147,12
russian_arctic,9_russian_arctic,gravimetry,Velicogna_Sutterley_et_al,2018,gt,-107.28500600972342,166.91571522795704,12
russian_arctic,9_russian_arctic,gravimetry,Velicogna_Sutterley_et_al,2019,gt,19.764186632232793,312.11992557323515,12
russian_arctic,9_russian_arctic,gravimetry,Velicogna_Sutterley_et_al,2020,gt,-51.372125478596786,312.0470782044787,12
russian_arctic,9_russian_arctic,gravimetry,Velicogna_Sutterley_et_al,2021,gt,-54.02337728266639,312.12087380521797,12
russian_arctic,9_russian_arctic,gravimetry,Velicogna_Sutterley_et_al,2022,gt,-54.32142580645312,312.1024877413938,12
russian_arctic,9_russian_arctic,gravimetry,Velicogna_Sutterley_et_al,2023,gt,-57.05060000000731,101.60563048603034,2
russian_arctic,9_russian_arctic,gravimetry,Wouters_Wouters_et_al,2002,Gt,-15.037374852783104,78.53874209864718,10
russian_arctic,9_russian_arctic,gravimetry,Wouters_Wouters_et_al,2003,Gt,-10.994968149220904,63.397827364091995,12
russian_arctic,9_russian_arctic,gravimetry,Wouters_Wouters_et_al,2004,Gt,-60.2631344119047,58.96473932893414,12
russian_arctic,9_russian_arctic,gravimetry,Wouters_Wouters_et_al,2005,Gt,34.32998351407068,64.5601580097241,12
russian_arctic,9_russian_arctic,gravimetry,Wouters_Wouters_et_al,2006,Gt,-14.418087923678712,62.165393847601905,12
russian_arctic,9_russian_arctic,gravimetry,Wouters_Wouters_et_al,2007,Gt,-34.82888977527129,62.88452604956842,12
russian_arctic,9_russian_arctic,gravimetry,Wouters_Wouters_et_al,2008,Gt,-4.357605314848982,63.04099596230919,12
russian_arctic,9_russian_arctic,gravimetry,Wouters_Wouters_et_al,2009,Gt,19.998011122075695,65.77902897277832,12
russian_arctic,9_russian_arctic,gravimetry,Wouters_Wouters_et_al,2010,Gt,-17.616906530360694,64.25482345170994,12
russian_arctic,9_russian_arctic,gravimetry,Wouters_Wouters_et_al,2011,Gt,-19.932060583480848,50.38404363318315,12
russian_arctic,9_russian_arctic,gravimetry,Wouters_Wouters_et_al,2012,Gt,-9.33709414516016,46.288530227083314,12
russian_arctic,9_russian_arctic,gravimetry,Wouters_Wouters_et_al,2013,Gt,-46.898695501628,43.34711815910382,12
russian_arctic,9_russian_arctic,gravimetry,Wouters_Wouters_et_al,2014,Gt,7.835727026478569,42.5619975273689,12
russian_arctic,9_russian_arctic,gravimetry,Wouters_Wouters_et_al,2015,Gt,-30.543674315659473,41.75005131078379,12
russian_arctic,9_russian_arctic,gravimetry,Wouters_Wouters_et_al,2016,Gt,21.93670046480571,39.84504136955793,12
russian_arctic,9_russian_arctic,gravimetry,Wouters_Wouters_et_al,2017,Gt,-61.59198245179286,41.63150384931077,12
russian_arctic,9_russian_arctic,gravimetry,Wouters_Wouters_et_al,2018,Gt,-35.35196575341993,29.835421818952685,12
russian_arctic,9_russian_arctic,gravimetry,Wouters_Wouters_et_al,2019,Gt,14.400876128724015,55.00068851400935,12
russian_arctic,9_russian_arctic,gravimetry,Wouters_Wouters_et_al,2020,Gt,-83.32385732389503,64.85694686486912,12
russian_arctic,9_russian_arctic,gravimetry,Wouters_Wouters_et_al,2021,Gt,-66.28104395408297,59.560515371083085,10
