feature,importance_mean,importance_std
Cationic-ATAC,0.8637926465510185,0.07836658400067358
Hydrophobic-BA,0.23268683644193328,0.0267080811453227
Nucleophilic-HEA,0.20716115463545431,0.02301629094443764
Aromatic-PEA,0.18386047674450964,0.023795329033043513
Acidic-CBEA,0.05971468868466727,0.008080548348040421
Amide-AAm,0.004398921190837915,0.0011012032487454128
