No.,Nucleophilic-HEA,Hydrophobic-BA,Acidic-CBEA,Cationic-ATAC,Aromatic-PEA,Amide-AAm,Glass (kPa)_10s,Glass (kPa)_60s,Steel (kPa)_10s,Steel (kPa)_60s,Q,Phase Seperation,Modulus (kPa),Tanδ,Slope,Log_Slope,G'',XlogP3,feature_sum,is_holdout,pred_mean,pred_std,nn_dist
GPRFR-1,0.0,0.48451258787893264,0.0,0.060700692151103144,0.45478647504419284,0.0,238.20712432177402,,,,,,,,,,,,0.9999997550742286,True,123.84736672035703,14.323303297572263,0.35584021437181457
GPRFR-2,0.0,0.5301078450090368,0.0,0.0500926869726537,0.3697016062106456,0.050097791441497265,304.60014154281674,,,,,,,,,,,,0.9999999296338333,True,103.56560869528766,19.818045829292327,0.32843552735823756
GPRFR-3,0.0,0.5706106704507212,0.0,0.14944086180721236,0.20982239211675183,0.0701261674416365,253.19179051663127,,,,,,,,,,,,1.0000000918163219,True,117.79590851405821,10.347358707469915,0.21307468663631818
GPRFR-4,0.0,0.6796300844191252,0.0,0.23033092595743287,0.0900391617164726,0.0,146.24203821656047,,,,,,,,,,,,1.0000001720930307,True,89.48780969363126,15.048235879255499,0.2183556094757345
