model,r2,mae,rmse,fold_r2_mean,fold_r2_std
GradientBoosting,0.6942182654291978,15.157886489970423,19.951504832361177,0.6622203222912303,0.098725339803076
RandomForest,0.6506949072408874,15.78748525414896,21.32418033066816,0.6290290631024453,0.11606148002379917
ExtraTrees,0.6190807468384916,17.4136386350166,22.26826340646041,0.6034689451883464,0.09010246915600177
QuadraticRidge,0.5090076809077362,19.27146234537264,25.281756077551744,0.40566861362645756,0.526306739166041
