{
  "n_total": 184,
  "n_original": 180,
  "n_holdout": 4,
  "target_min_kpa": 1.1889596602972399,
  "target_median_kpa": 42.066525123849964,
  "target_max_kpa": 304.60014154281674,
  "best_model": "GradientBoosting",
  "best_r2": 0.6942182654291978,
  "best_mae": 15.157886489970423,
  "best_rmse": 19.951504832361177,
  "holdout_r2": -4.745322055042134,
  "holdout_mae": 126.88610024361209,
  "holdout_rmse": 136.972738961414,
  "mpa_target_kpa": 1000.0,
  "max_measured_mpa": 0.3046001415428167,
  "applicability_threshold": 0.11190079735679499
}