scenario,time,bus,carrier,curtailment_mw
high_wind,0,Bus1,onshore wind,7246.8951
high_wind,0,Bus2,onshore wind,9370.833
high_wind,0,Bus3,onshore wind,5051.3628
high_wind,0,Bus4,onshore wind,-0.0
high_wind,0,Bus5,onshore wind,0.0
high_wind,0,Bus6,onshore wind,-0.0
high_wind,0,Bus7,onshore wind,-0.0
high_wind,0,Bus8,onshore wind,-0.0
high_wind,0,Bus9,onshore wind,-0.0
high_wind,0,Bus10,onshore wind,-0.0
high_wind,0,Bus11,onshore wind,-0.0
high_wind,0,Bus12,onshore wind,-0.0
high_wind,0,Bus13,onshore wind,-0.0
high_wind,0,Bus14,onshore wind,-0.0
high_wind,0,Bus15,onshore wind,-0.0
high_wind,0,Bus16,onshore wind,-0.0
high_wind,0,Bus17,onshore wind,-0.0
high_wind,0,Bus18,onshore wind,-0.0
high_wind,0,Bus19,onshore wind,0.0
high_wind,0,Bus20,onshore wind,-0.0
high_wind,1,Bus1,onshore wind,8663.1017
high_wind,1,Bus2,onshore wind,6414.2184
high_wind,1,Bus3,onshore wind,-0.0
high_wind,1,Bus4,onshore wind,-0.0
high_wind,1,Bus5,onshore wind,0.0
high_wind,1,Bus6,onshore wind,0.0
high_wind,1,Bus7,onshore wind,-0.0
high_wind,1,Bus8,onshore wind,-0.0
high_wind,1,Bus9,onshore wind,-0.0
high_wind,1,Bus10,onshore wind,-0.0
high_wind,1,Bus11,onshore wind,-0.0
high_wind,1,Bus12,onshore wind,-0.0
high_wind,1,Bus13,onshore wind,-0.0
high_wind,1,Bus14,onshore wind,-0.0
high_wind,1,Bus15,onshore wind,-0.0
high_wind,1,Bus16,onshore wind,-0.0
high_wind,1,Bus17,onshore wind,-0.0
high_wind,1,Bus18,onshore wind,-0.0
high_wind,1,Bus19,onshore wind,0.0
high_wind,1,Bus20,onshore wind,-0.0
high_wind,2,Bus1,onshore wind,6920.6388
high_wind,2,Bus2,onshore wind,8568.5128
high_wind,2,Bus3,onshore wind,-0.0
high_wind,2,Bus4,onshore wind,-0.0
high_wind,2,Bus5,onshore wind,712.6531
high_wind,2,Bus6,onshore wind,-0.0
high_wind,2,Bus7,onshore wind,0.0
high_wind,2,Bus8,onshore wind,-0.0
high_wind,2,Bus9,onshore wind,-0.0
high_wind,2,Bus10,onshore wind,-0.0
high_wind,2,Bus11,onshore wind,-0.0
high_wind,2,Bus12,onshore wind,-0.0
high_wind,2,Bus13,onshore wind,-0.0
high_wind,2,Bus14,onshore wind,-0.0
high_wind,2,Bus15,onshore wind,-0.0
high_wind,2,Bus16,onshore wind,-0.0
high_wind,2,Bus17,onshore wind,-0.0
high_wind,2,Bus18,onshore wind,0.0
high_wind,2,Bus19,onshore wind,0.0
high_wind,2,Bus20,onshore wind,-0.0
high_wind,3,Bus1,onshore wind,7780.4219
high_wind,3,Bus2,onshore wind,9795.6129
high_wind,3,Bus3,onshore wind,-0.0
high_wind,3,Bus4,onshore wind,-0.0
high_wind,3,Bus5,onshore wind,0.0
high_wind,3,Bus6,onshore wind,0.0
high_wind,3,Bus7,onshore wind,-0.0
high_wind,3,Bus8,onshore wind,-0.0
high_wind,3,Bus9,onshore wind,-0.0
high_wind,3,Bus10,onshore wind,-0.0
high_wind,3,Bus11,onshore wind,-0.0
high_wind,3,Bus12,onshore wind,-0.0
high_wind,3,Bus13,onshore wind,-0.0
high_wind,3,Bus14,onshore wind,-0.0
high_wind,3,Bus15,onshore wind,-0.0
high_wind,3,Bus16,onshore wind,-0.0
high_wind,3,Bus17,onshore wind,-0.0
high_wind,3,Bus18,onshore wind,-0.0
high_wind,3,Bus19,onshore wind,0.0
high_wind,3,Bus20,onshore wind,0.0
high_wind,4,Bus1,onshore wind,6789.3286
high_wind,4,Bus2,onshore wind,5901.8416
high_wind,4,Bus3,onshore wind,-0.0
high_wind,4,Bus4,onshore wind,0.0
high_wind,4,Bus5,onshore wind,-0.0
high_wind,4,Bus6,onshore wind,0.0
high_wind,4,Bus7,onshore wind,-0.0
high_wind,4,Bus8,onshore wind,-0.0
high_wind,4,Bus9,onshore wind,-0.0
high_wind,4,Bus10,onshore wind,-0.0
high_wind,4,Bus11,onshore wind,-0.0
high_wind,4,Bus12,onshore wind,-0.0
high_wind,4,Bus13,onshore wind,-0.0
high_wind,4,Bus14,onshore wind,-0.0
high_wind,4,Bus15,onshore wind,-0.0
high_wind,4,Bus16,onshore wind,-0.0
high_wind,4,Bus17,onshore wind,-0.0
high_wind,4,Bus18,onshore wind,-0.0
high_wind,4,Bus19,onshore wind,0.0
high_wind,4,Bus20,onshore wind,0.0
high_wind,5,Bus1,onshore wind,7006.0379
high_wind,5,Bus2,onshore wind,8450.8812
high_wind,5,Bus3,onshore wind,-0.0
high_wind,5,Bus4,onshore wind,0.0
high_wind,5,Bus5,onshore wind,-0.0
high_wind,5,Bus6,onshore wind,-0.0
high_wind,5,Bus7,onshore wind,-0.0
high_wind,5,Bus8,onshore wind,-0.0
high_wind,5,Bus9,onshore wind,-0.0
high_wind,5,Bus10,onshore wind,-0.0
high_wind,5,Bus11,onshore wind,-0.0
high_wind,5,Bus12,onshore wind,-0.0
high_wind,5,Bus13,onshore wind,-0.0
high_wind,5,Bus14,onshore wind,-0.0
high_wind,5,Bus15,onshore wind,-0.0
high_wind,5,Bus16,onshore wind,-0.0
high_wind,5,Bus17,onshore wind,-0.0
high_wind,5,Bus18,onshore wind,-0.0
high_wind,5,Bus19,onshore wind,0.0
high_wind,5,Bus20,onshore wind,-0.0
high_wind,6,Bus1,onshore wind,10324.303
high_wind,6,Bus2,onshore wind,873.27115
high_wind,6,Bus3,onshore wind,-0.0
high_wind,6,Bus4,onshore wind,0.0
high_wind,6,Bus5,onshore wind,-0.0
high_wind,6,Bus6,onshore wind,-0.0
high_wind,6,Bus7,onshore wind,-0.0
high_wind,6,Bus8,onshore wind,-0.0
high_wind,6,Bus9,onshore wind,-0.0
high_wind,6,Bus10,onshore wind,-0.0
high_wind,6,Bus11,onshore wind,-0.0
high_wind,6,Bus12,onshore wind,-0.0
high_wind,6,Bus13,onshore wind,-0.0
high_wind,6,Bus14,onshore wind,-0.0
high_wind,6,Bus15,onshore wind,-0.0
high_wind,6,Bus16,onshore wind,-0.0
high_wind,6,Bus17,onshore wind,-0.0
high_wind,6,Bus18,onshore wind,-0.0
high_wind,6,Bus19,onshore wind,0.0
high_wind,6,Bus20,onshore wind,-0.0
high_wind,7,Bus1,onshore wind,11391.791
high_wind,7,Bus2,onshore wind,3821.5479
high_wind,7,Bus3,onshore wind,-0.0
high_wind,7,Bus4,onshore wind,0.0
high_wind,7,Bus5,onshore wind,-0.0
high_wind,7,Bus6,onshore wind,-0.0
high_wind,7,Bus7,onshore wind,-0.0
high_wind,7,Bus8,onshore wind,-0.0
high_wind,7,Bus9,onshore wind,-0.0
high_wind,7,Bus10,onshore wind,-0.0
high_wind,7,Bus11,onshore wind,-0.0
high_wind,7,Bus12,onshore wind,-0.0
high_wind,7,Bus13,onshore wind,-0.0
high_wind,7,Bus14,onshore wind,-0.0
high_wind,7,Bus15,onshore wind,-0.0
high_wind,7,Bus16,onshore wind,-0.0
high_wind,7,Bus17,onshore wind,-0.0
high_wind,7,Bus18,onshore wind,-0.0
high_wind,7,Bus19,onshore wind,0.0
high_wind,7,Bus20,onshore wind,-0.0
high_wind,8,Bus1,onshore wind,9442.3889
high_wind,8,Bus2,onshore wind,10230.484
high_wind,8,Bus3,onshore wind,-0.0
high_wind,8,Bus4,onshore wind,-0.0
high_wind,8,Bus5,onshore wind,-0.0
high_wind,8,Bus6,onshore wind,-0.0
high_wind,8,Bus7,onshore wind,-0.0
high_wind,8,Bus8,onshore wind,-0.0
high_wind,8,Bus9,onshore wind,-0.0
high_wind,8,Bus10,onshore wind,-0.0
high_wind,8,Bus11,onshore wind,-0.0
high_wind,8,Bus12,onshore wind,-0.0
high_wind,8,Bus13,onshore wind,-0.0
high_wind,8,Bus14,onshore wind,-0.0
high_wind,8,Bus15,onshore wind,-0.0
high_wind,8,Bus16,onshore wind,-0.0
high_wind,8,Bus17,onshore wind,-0.0
high_wind,8,Bus18,onshore wind,-0.0
high_wind,8,Bus19,onshore wind,0.0
high_wind,8,Bus20,onshore wind,-0.0
high_wind,9,Bus1,onshore wind,11185.37
high_wind,9,Bus2,onshore wind,9461.3307
high_wind,9,Bus3,onshore wind,-0.0
high_wind,9,Bus4,onshore wind,-0.0
high_wind,9,Bus5,onshore wind,0.0
high_wind,9,Bus6,onshore wind,0.0
high_wind,9,Bus7,onshore wind,-0.0
high_wind,9,Bus8,onshore wind,-0.0
high_wind,9,Bus9,onshore wind,-0.0
high_wind,9,Bus10,onshore wind,-0.0
high_wind,9,Bus11,onshore wind,-0.0
high_wind,9,Bus12,onshore wind,-0.0
high_wind,9,Bus13,onshore wind,-0.0
high_wind,9,Bus14,onshore wind,-0.0
high_wind,9,Bus15,onshore wind,-0.0
high_wind,9,Bus16,onshore wind,-0.0
high_wind,9,Bus17,onshore wind,-0.0
high_wind,9,Bus18,onshore wind,-0.0
high_wind,9,Bus19,onshore wind,0.0
high_wind,9,Bus20,onshore wind,-0.0
high_wind,10,Bus1,onshore wind,8240.9181
high_wind,10,Bus2,onshore wind,-0.0
high_wind,10,Bus3,onshore wind,-0.0
high_wind,10,Bus4,onshore wind,-0.0
high_wind,10,Bus5,onshore wind,0.0
high_wind,10,Bus6,onshore wind,0.0
high_wind,10,Bus7,onshore wind,-0.0
high_wind,10,Bus8,onshore wind,-0.0
high_wind,10,Bus9,onshore wind,-0.0
high_wind,10,Bus10,onshore wind,-0.0
high_wind,10,Bus11,onshore wind,-0.0
high_wind,10,Bus12,onshore wind,-0.0
high_wind,10,Bus13,onshore wind,-0.0
high_wind,10,Bus14,onshore wind,-0.0
high_wind,10,Bus15,onshore wind,-0.0
high_wind,10,Bus16,onshore wind,-0.0
high_wind,10,Bus17,onshore wind,-0.0
high_wind,10,Bus18,onshore wind,-0.0
high_wind,10,Bus19,onshore wind,0.0
high_wind,10,Bus20,onshore wind,-0.0
high_wind,11,Bus1,onshore wind,8771.5774
high_wind,11,Bus2,onshore wind,1963.8497
high_wind,11,Bus3,onshore wind,-0.0
high_wind,11,Bus4,onshore wind,-0.0
high_wind,11,Bus5,onshore wind,0.0
high_wind,11,Bus6,onshore wind,-0.0
high_wind,11,Bus7,onshore wind,0.0
high_wind,11,Bus8,onshore wind,-0.0
high_wind,11,Bus9,onshore wind,-0.0
high_wind,11,Bus10,onshore wind,-0.0
high_wind,11,Bus11,onshore wind,-0.0
high_wind,11,Bus12,onshore wind,-0.0
high_wind,11,Bus13,onshore wind,-0.0
high_wind,11,Bus14,onshore wind,-0.0
high_wind,11,Bus15,onshore wind,-0.0
high_wind,11,Bus16,onshore wind,-0.0
high_wind,11,Bus17,onshore wind,-0.0
high_wind,11,Bus18,onshore wind,-0.0
high_wind,11,Bus19,onshore wind,0.0
high_wind,11,Bus20,onshore wind,-0.0
high_wind,12,Bus1,onshore wind,9787.249
high_wind,12,Bus2,onshore wind,-0.0
high_wind,12,Bus3,onshore wind,-0.0
high_wind,12,Bus4,onshore wind,-0.0
high_wind,12,Bus5,onshore wind,0.0
high_wind,12,Bus6,onshore wind,-0.0
high_wind,12,Bus7,onshore wind,-0.0
high_wind,12,Bus8,onshore wind,-0.0
high_wind,12,Bus9,onshore wind,-0.0
high_wind,12,Bus10,onshore wind,-0.0
high_wind,12,Bus11,onshore wind,-0.0
high_wind,12,Bus12,onshore wind,-0.0
high_wind,12,Bus13,onshore wind,-0.0
high_wind,12,Bus14,onshore wind,-0.0
high_wind,12,Bus15,onshore wind,-0.0
high_wind,12,Bus16,onshore wind,-0.0
high_wind,12,Bus17,onshore wind,-0.0
high_wind,12,Bus18,onshore wind,-0.0
high_wind,12,Bus19,onshore wind,0.0
high_wind,12,Bus20,onshore wind,-0.0
high_wind,13,Bus1,onshore wind,10868.547
high_wind,13,Bus2,onshore wind,-0.0
high_wind,13,Bus3,onshore wind,-0.0
high_wind,13,Bus4,onshore wind,0.0
high_wind,13,Bus5,onshore wind,-0.0
high_wind,13,Bus6,onshore wind,-0.0
high_wind,13,Bus7,onshore wind,-0.0
high_wind,13,Bus8,onshore wind,-0.0
high_wind,13,Bus9,onshore wind,-0.0
high_wind,13,Bus10,onshore wind,-0.0
high_wind,13,Bus11,onshore wind,-0.0
high_wind,13,Bus12,onshore wind,-0.0
high_wind,13,Bus13,onshore wind,-0.0
high_wind,13,Bus14,onshore wind,-0.0
high_wind,13,Bus15,onshore wind,-0.0
high_wind,13,Bus16,onshore wind,-0.0
high_wind,13,Bus17,onshore wind,-0.0
high_wind,13,Bus18,onshore wind,-0.0
high_wind,13,Bus19,onshore wind,0.0
high_wind,13,Bus20,onshore wind,-0.0
high_wind,14,Bus1,onshore wind,9275.3214
high_wind,14,Bus2,onshore wind,979.01922
high_wind,14,Bus3,onshore wind,-0.0
high_wind,14,Bus4,onshore wind,-0.0
high_wind,14,Bus5,onshore wind,-0.0
high_wind,14,Bus6,onshore wind,-0.0
high_wind,14,Bus7,onshore wind,-0.0
high_wind,14,Bus8,onshore wind,-0.0
high_wind,14,Bus9,onshore wind,-0.0
high_wind,14,Bus10,onshore wind,-0.0
high_wind,14,Bus11,onshore wind,-0.0
high_wind,14,Bus12,onshore wind,-0.0
high_wind,14,Bus13,onshore wind,-0.0
high_wind,14,Bus14,onshore wind,-0.0
high_wind,14,Bus15,onshore wind,-0.0
high_wind,14,Bus16,onshore wind,-0.0
high_wind,14,Bus17,onshore wind,-0.0
high_wind,14,Bus18,onshore wind,-0.0
high_wind,14,Bus19,onshore wind,0.0
high_wind,14,Bus20,onshore wind,-0.0
high_wind,15,Bus1,onshore wind,11417.115
high_wind,15,Bus2,onshore wind,2030.6506
high_wind,15,Bus3,onshore wind,-0.0
high_wind,15,Bus4,onshore wind,0.0
high_wind,15,Bus5,onshore wind,-0.0
high_wind,15,Bus6,onshore wind,-0.0
high_wind,15,Bus7,onshore wind,-0.0
high_wind,15,Bus8,onshore wind,-0.0
high_wind,15,Bus9,onshore wind,-0.0
high_wind,15,Bus10,onshore wind,-0.0
high_wind,15,Bus11,onshore wind,-0.0
high_wind,15,Bus12,onshore wind,-0.0
high_wind,15,Bus13,onshore wind,-0.0
high_wind,15,Bus14,onshore wind,-0.0
high_wind,15,Bus15,onshore wind,-0.0
high_wind,15,Bus16,onshore wind,-0.0
high_wind,15,Bus17,onshore wind,-0.0
high_wind,15,Bus18,onshore wind,-0.0
high_wind,15,Bus19,onshore wind,0.0
high_wind,15,Bus20,onshore wind,-0.0
high_wind,16,Bus1,onshore wind,100.59592
high_wind,16,Bus2,onshore wind,6717.8896
high_wind,16,Bus3,onshore wind,-0.0
high_wind,16,Bus4,onshore wind,-0.0
high_wind,16,Bus5,onshore wind,-0.0
high_wind,16,Bus6,onshore wind,-0.0
high_wind,16,Bus7,onshore wind,-0.0
high_wind,16,Bus8,onshore wind,-0.0
high_wind,16,Bus9,onshore wind,-0.0
high_wind,16,Bus10,onshore wind,-0.0
high_wind,16,Bus11,onshore wind,-0.0
high_wind,16,Bus12,onshore wind,-0.0
high_wind,16,Bus13,onshore wind,-0.0
high_wind,16,Bus14,onshore wind,-0.0
high_wind,16,Bus15,onshore wind,-0.0
high_wind,16,Bus16,onshore wind,-0.0
high_wind,16,Bus17,onshore wind,-0.0
high_wind,16,Bus18,onshore wind,-0.0
high_wind,16,Bus19,onshore wind,-0.0
high_wind,16,Bus20,onshore wind,0.0
high_wind,17,Bus1,onshore wind,9634.8718
high_wind,17,Bus2,onshore wind,2757.3963
high_wind,17,Bus3,onshore wind,-0.0
high_wind,17,Bus4,onshore wind,-0.0
high_wind,17,Bus5,onshore wind,0.0
high_wind,17,Bus6,onshore wind,0.0
high_wind,17,Bus7,onshore wind,-0.0
high_wind,17,Bus8,onshore wind,-0.0
high_wind,17,Bus9,onshore wind,-0.0
high_wind,17,Bus10,onshore wind,-0.0
high_wind,17,Bus11,onshore wind,-0.0
high_wind,17,Bus12,onshore wind,-0.0
high_wind,17,Bus13,onshore wind,-0.0
high_wind,17,Bus14,onshore wind,-0.0
high_wind,17,Bus15,onshore wind,-0.0
high_wind,17,Bus16,onshore wind,-0.0
high_wind,17,Bus17,onshore wind,-0.0
high_wind,17,Bus18,onshore wind,-0.0
high_wind,17,Bus19,onshore wind,-0.0
high_wind,17,Bus20,onshore wind,0.0
high_wind,18,Bus1,onshore wind,6172.2978
high_wind,18,Bus2,onshore wind,-0.0
high_wind,18,Bus3,onshore wind,-0.0
high_wind,18,Bus4,onshore wind,-0.0
high_wind,18,Bus5,onshore wind,-0.0
high_wind,18,Bus6,onshore wind,-0.0
high_wind,18,Bus7,onshore wind,-0.0
high_wind,18,Bus8,onshore wind,-0.0
high_wind,18,Bus9,onshore wind,-0.0
high_wind,18,Bus10,onshore wind,-0.0
high_wind,18,Bus11,onshore wind,-0.0
high_wind,18,Bus12,onshore wind,-0.0
high_wind,18,Bus13,onshore wind,-0.0
high_wind,18,Bus14,onshore wind,-0.0
high_wind,18,Bus15,onshore wind,-0.0
high_wind,18,Bus16,onshore wind,-0.0
high_wind,18,Bus17,onshore wind,-0.0
high_wind,18,Bus18,onshore wind,-0.0
high_wind,18,Bus19,onshore wind,-0.0
high_wind,18,Bus20,onshore wind,0.0
high_wind,19,Bus1,onshore wind,7136.8363
high_wind,19,Bus2,onshore wind,986.52449
high_wind,19,Bus3,onshore wind,-0.0
high_wind,19,Bus4,onshore wind,0.0
high_wind,19,Bus5,onshore wind,-0.0
high_wind,19,Bus6,onshore wind,-0.0
high_wind,19,Bus7,onshore wind,-0.0
high_wind,19,Bus8,onshore wind,-0.0
high_wind,19,Bus9,onshore wind,-0.0
high_wind,19,Bus10,onshore wind,-0.0
high_wind,19,Bus11,onshore wind,-0.0
high_wind,19,Bus12,onshore wind,-0.0
high_wind,19,Bus13,onshore wind,-0.0
high_wind,19,Bus14,onshore wind,-0.0
high_wind,19,Bus15,onshore wind,-0.0
high_wind,19,Bus16,onshore wind,-0.0
high_wind,19,Bus17,onshore wind,-0.0
high_wind,19,Bus18,onshore wind,-0.0
high_wind,19,Bus19,onshore wind,-0.0
high_wind,19,Bus20,onshore wind,0.0
high_wind,20,Bus1,onshore wind,7281.551
high_wind,20,Bus2,onshore wind,1706.9234
high_wind,20,Bus3,onshore wind,-0.0
high_wind,20,Bus4,onshore wind,-0.0
high_wind,20,Bus5,onshore wind,-0.0
high_wind,20,Bus6,onshore wind,-0.0
high_wind,20,Bus7,onshore wind,-0.0
high_wind,20,Bus8,onshore wind,-0.0
high_wind,20,Bus9,onshore wind,-0.0
high_wind,20,Bus10,onshore wind,-0.0
high_wind,20,Bus11,onshore wind,-0.0
high_wind,20,Bus12,onshore wind,-0.0
high_wind,20,Bus13,onshore wind,-0.0
high_wind,20,Bus14,onshore wind,-0.0
high_wind,20,Bus15,onshore wind,-0.0
high_wind,20,Bus16,onshore wind,-0.0
high_wind,20,Bus17,onshore wind,-0.0
high_wind,20,Bus18,onshore wind,-0.0
high_wind,20,Bus19,onshore wind,-0.0
high_wind,20,Bus20,onshore wind,0.0
high_wind,21,Bus1,onshore wind,3712.2142
high_wind,21,Bus2,onshore wind,2348.4721
high_wind,21,Bus3,onshore wind,-0.0
high_wind,21,Bus4,onshore wind,-0.0
high_wind,21,Bus5,onshore wind,-0.0
high_wind,21,Bus6,onshore wind,-0.0
high_wind,21,Bus7,onshore wind,-0.0
high_wind,21,Bus8,onshore wind,-0.0
high_wind,21,Bus9,onshore wind,-0.0
high_wind,21,Bus10,onshore wind,-0.0
high_wind,21,Bus11,onshore wind,-0.0
high_wind,21,Bus12,onshore wind,-0.0
high_wind,21,Bus13,onshore wind,-0.0
high_wind,21,Bus14,onshore wind,-0.0
high_wind,21,Bus15,onshore wind,-0.0
high_wind,21,Bus16,onshore wind,-0.0
high_wind,21,Bus17,onshore wind,-0.0
high_wind,21,Bus18,onshore wind,-0.0
high_wind,21,Bus19,onshore wind,-0.0
high_wind,21,Bus20,onshore wind,0.0
high_wind,22,Bus1,onshore wind,5914.9931
high_wind,22,Bus2,onshore wind,6636.7409
high_wind,22,Bus3,onshore wind,1537.486
high_wind,22,Bus4,onshore wind,-0.0
high_wind,22,Bus5,onshore wind,-0.0
high_wind,22,Bus6,onshore wind,-0.0
high_wind,22,Bus7,onshore wind,-0.0
high_wind,22,Bus8,onshore wind,-0.0
high_wind,22,Bus9,onshore wind,-0.0
high_wind,22,Bus10,onshore wind,-0.0
high_wind,22,Bus11,onshore wind,-0.0
high_wind,22,Bus12,onshore wind,-0.0
high_wind,22,Bus13,onshore wind,-0.0
high_wind,22,Bus14,onshore wind,-0.0
high_wind,22,Bus15,onshore wind,-0.0
high_wind,22,Bus16,onshore wind,-0.0
high_wind,22,Bus17,onshore wind,-0.0
high_wind,22,Bus18,onshore wind,-0.0
high_wind,22,Bus19,onshore wind,-0.0
high_wind,22,Bus20,onshore wind,0.0
high_wind,23,Bus1,onshore wind,6342.5306
high_wind,23,Bus2,onshore wind,4451.4741
high_wind,23,Bus3,onshore wind,-0.0
high_wind,23,Bus4,onshore wind,-0.0
high_wind,23,Bus5,onshore wind,4130.9902
high_wind,23,Bus6,onshore wind,-0.0
high_wind,23,Bus7,onshore wind,-0.0
high_wind,23,Bus8,onshore wind,-0.0
high_wind,23,Bus9,onshore wind,-0.0
high_wind,23,Bus10,onshore wind,-0.0
high_wind,23,Bus11,onshore wind,-0.0
high_wind,23,Bus12,onshore wind,-0.0
high_wind,23,Bus13,onshore wind,-0.0
high_wind,23,Bus14,onshore wind,-0.0
high_wind,23,Bus15,onshore wind,-0.0
high_wind,23,Bus16,onshore wind,-0.0
high_wind,23,Bus17,onshore wind,-0.0
high_wind,23,Bus18,onshore wind,-0.0
high_wind,23,Bus19,onshore wind,-0.0
high_wind,23,Bus20,onshore wind,0.0
high_wind,24,Bus1,onshore wind,7607.3844
high_wind,24,Bus2,onshore wind,1873.8111
high_wind,24,Bus3,onshore wind,-0.0
high_wind,24,Bus4,onshore wind,-0.0
high_wind,24,Bus5,onshore wind,2818.2539
high_wind,24,Bus6,onshore wind,-0.0
high_wind,24,Bus7,onshore wind,0.0
high_wind,24,Bus8,onshore wind,-0.0
high_wind,24,Bus9,onshore wind,-0.0
high_wind,24,Bus10,onshore wind,-0.0
high_wind,24,Bus11,onshore wind,-0.0
high_wind,24,Bus12,onshore wind,-0.0
high_wind,24,Bus13,onshore wind,-0.0
high_wind,24,Bus14,onshore wind,-0.0
high_wind,24,Bus15,onshore wind,-0.0
high_wind,24,Bus16,onshore wind,-0.0
high_wind,24,Bus17,onshore wind,-0.0
high_wind,24,Bus18,onshore wind,-0.0
high_wind,24,Bus19,onshore wind,-0.0
high_wind,24,Bus20,onshore wind,0.0
high_wind,25,Bus1,onshore wind,4227.5517
high_wind,25,Bus2,onshore wind,5130.5418
high_wind,25,Bus3,onshore wind,3836.5259
high_wind,25,Bus4,onshore wind,-0.0
high_wind,25,Bus5,onshore wind,2429.1486
high_wind,25,Bus6,onshore wind,-0.0
high_wind,25,Bus7,onshore wind,-0.0
high_wind,25,Bus8,onshore wind,-0.0
high_wind,25,Bus9,onshore wind,-0.0
high_wind,25,Bus10,onshore wind,-0.0
high_wind,25,Bus11,onshore wind,-0.0
high_wind,25,Bus12,onshore wind,-0.0
high_wind,25,Bus13,onshore wind,-0.0
high_wind,25,Bus14,onshore wind,-0.0
high_wind,25,Bus15,onshore wind,-0.0
high_wind,25,Bus16,onshore wind,-0.0
high_wind,25,Bus17,onshore wind,-0.0
high_wind,25,Bus18,onshore wind,-0.0
high_wind,25,Bus19,onshore wind,-0.0
high_wind,25,Bus20,onshore wind,0.0
high_wind,26,Bus1,onshore wind,3446.079
high_wind,26,Bus2,onshore wind,6993.3287
high_wind,26,Bus3,onshore wind,6865.814
high_wind,26,Bus4,onshore wind,2020.2755
high_wind,26,Bus5,onshore wind,-0.0
high_wind,26,Bus6,onshore wind,-0.0
high_wind,26,Bus7,onshore wind,-0.0
high_wind,26,Bus8,onshore wind,-0.0
high_wind,26,Bus9,onshore wind,-0.0
high_wind,26,Bus10,onshore wind,-0.0
high_wind,26,Bus11,onshore wind,-0.0
high_wind,26,Bus12,onshore wind,-0.0
high_wind,26,Bus13,onshore wind,-0.0
high_wind,26,Bus14,onshore wind,-0.0
high_wind,26,Bus15,onshore wind,-0.0
high_wind,26,Bus16,onshore wind,-0.0
high_wind,26,Bus17,onshore wind,-0.0
high_wind,26,Bus18,onshore wind,-0.0
high_wind,26,Bus19,onshore wind,-0.0
high_wind,26,Bus20,onshore wind,0.0
high_wind,27,Bus1,onshore wind,3607.3198
high_wind,27,Bus2,onshore wind,5481.5978
high_wind,27,Bus3,onshore wind,-0.0
high_wind,27,Bus4,onshore wind,5696.2265
high_wind,27,Bus5,onshore wind,-0.0
high_wind,27,Bus6,onshore wind,-0.0
high_wind,27,Bus7,onshore wind,-0.0
high_wind,27,Bus8,onshore wind,-0.0
high_wind,27,Bus9,onshore wind,-0.0
high_wind,27,Bus10,onshore wind,-0.0
high_wind,27,Bus11,onshore wind,-0.0
high_wind,27,Bus12,onshore wind,-0.0
high_wind,27,Bus13,onshore wind,-0.0
high_wind,27,Bus14,onshore wind,-0.0
high_wind,27,Bus15,onshore wind,-0.0
high_wind,27,Bus16,onshore wind,-0.0
high_wind,27,Bus17,onshore wind,-0.0
high_wind,27,Bus18,onshore wind,-0.0
high_wind,27,Bus19,onshore wind,-0.0
high_wind,27,Bus20,onshore wind,0.0
high_wind,28,Bus1,onshore wind,5488.2243
high_wind,28,Bus2,onshore wind,1840.3344
high_wind,28,Bus3,onshore wind,-0.0
high_wind,28,Bus4,onshore wind,-0.0
high_wind,28,Bus5,onshore wind,3259.2803
high_wind,28,Bus6,onshore wind,-0.0
high_wind,28,Bus7,onshore wind,-0.0
high_wind,28,Bus8,onshore wind,-0.0
high_wind,28,Bus9,onshore wind,-0.0
high_wind,28,Bus10,onshore wind,-0.0
high_wind,28,Bus11,onshore wind,-0.0
high_wind,28,Bus12,onshore wind,-0.0
high_wind,28,Bus13,onshore wind,-0.0
high_wind,28,Bus14,onshore wind,-0.0
high_wind,28,Bus15,onshore wind,-0.0
high_wind,28,Bus16,onshore wind,-0.0
high_wind,28,Bus17,onshore wind,-0.0
high_wind,28,Bus18,onshore wind,-0.0
high_wind,28,Bus19,onshore wind,-0.0
high_wind,28,Bus20,onshore wind,0.0
high_wind,29,Bus1,onshore wind,4422.978
high_wind,29,Bus2,onshore wind,3638.9956
high_wind,29,Bus3,onshore wind,6734.5215
high_wind,29,Bus4,onshore wind,-0.0
high_wind,29,Bus5,onshore wind,1012.8627
high_wind,29,Bus6,onshore wind,-0.0
high_wind,29,Bus7,onshore wind,-0.0
high_wind,29,Bus8,onshore wind,-0.0
high_wind,29,Bus9,onshore wind,-0.0
high_wind,29,Bus10,onshore wind,-0.0
high_wind,29,Bus11,onshore wind,-0.0
high_wind,29,Bus12,onshore wind,-0.0
high_wind,29,Bus13,onshore wind,-0.0
high_wind,29,Bus14,onshore wind,-0.0
high_wind,29,Bus15,onshore wind,-0.0
high_wind,29,Bus16,onshore wind,-0.0
high_wind,29,Bus17,onshore wind,-0.0
high_wind,29,Bus18,onshore wind,-0.0
high_wind,29,Bus19,onshore wind,-0.0
high_wind,29,Bus20,onshore wind,0.0
high_wind,30,Bus1,onshore wind,3013.694
high_wind,30,Bus2,onshore wind,6565.5787
high_wind,30,Bus3,onshore wind,-0.0
high_wind,30,Bus4,onshore wind,7856.1375
high_wind,30,Bus5,onshore wind,-0.0
high_wind,30,Bus6,onshore wind,-0.0
high_wind,30,Bus7,onshore wind,0.0
high_wind,30,Bus8,onshore wind,-0.0
high_wind,30,Bus9,onshore wind,-0.0
high_wind,30,Bus10,onshore wind,-0.0
high_wind,30,Bus11,onshore wind,-0.0
high_wind,30,Bus12,onshore wind,-0.0
high_wind,30,Bus13,onshore wind,-0.0
high_wind,30,Bus14,onshore wind,-0.0
high_wind,30,Bus15,onshore wind,-0.0
high_wind,30,Bus16,onshore wind,-0.0
high_wind,30,Bus17,onshore wind,-0.0
high_wind,30,Bus18,onshore wind,-0.0
high_wind,30,Bus19,onshore wind,-0.0
high_wind,30,Bus20,onshore wind,0.0
high_wind,31,Bus1,onshore wind,4523.2182
high_wind,31,Bus2,onshore wind,3950.7022
high_wind,31,Bus3,onshore wind,-0.0
high_wind,31,Bus4,onshore wind,10197.284
high_wind,31,Bus5,onshore wind,78.759007
high_wind,31,Bus6,onshore wind,-0.0
high_wind,31,Bus7,onshore wind,0.0
high_wind,31,Bus8,onshore wind,-0.0
high_wind,31,Bus9,onshore wind,-0.0
high_wind,31,Bus10,onshore wind,-0.0
high_wind,31,Bus11,onshore wind,-0.0
high_wind,31,Bus12,onshore wind,-0.0
high_wind,31,Bus13,onshore wind,-0.0
high_wind,31,Bus14,onshore wind,-0.0
high_wind,31,Bus15,onshore wind,-0.0
high_wind,31,Bus16,onshore wind,-0.0
high_wind,31,Bus17,onshore wind,-0.0
high_wind,31,Bus18,onshore wind,-0.0
high_wind,31,Bus19,onshore wind,-0.0
high_wind,31,Bus20,onshore wind,0.0
high_wind,32,Bus1,onshore wind,3911.6597
high_wind,32,Bus2,onshore wind,6064.2147
high_wind,32,Bus3,onshore wind,5456.05
high_wind,32,Bus4,onshore wind,-0.0
high_wind,32,Bus5,onshore wind,5803.866
high_wind,32,Bus6,onshore wind,-0.0
high_wind,32,Bus7,onshore wind,0.0
high_wind,32,Bus8,onshore wind,-0.0
high_wind,32,Bus9,onshore wind,-0.0
high_wind,32,Bus10,onshore wind,-0.0
high_wind,32,Bus11,onshore wind,-0.0
high_wind,32,Bus12,onshore wind,-0.0
high_wind,32,Bus13,onshore wind,-0.0
high_wind,32,Bus14,onshore wind,-0.0
high_wind,32,Bus15,onshore wind,-0.0
high_wind,32,Bus16,onshore wind,-0.0
high_wind,32,Bus17,onshore wind,-0.0
high_wind,32,Bus18,onshore wind,-0.0
high_wind,32,Bus19,onshore wind,-0.0
high_wind,32,Bus20,onshore wind,0.0
high_wind,33,Bus1,onshore wind,5299.193
high_wind,33,Bus2,onshore wind,6977.2684
high_wind,33,Bus3,onshore wind,-0.0
high_wind,33,Bus4,onshore wind,6762.8295
high_wind,33,Bus5,onshore wind,-0.0
high_wind,33,Bus6,onshore wind,-0.0
high_wind,33,Bus7,onshore wind,-0.0
high_wind,33,Bus8,onshore wind,-0.0
high_wind,33,Bus9,onshore wind,-0.0
high_wind,33,Bus10,onshore wind,-0.0
high_wind,33,Bus11,onshore wind,-0.0
high_wind,33,Bus12,onshore wind,-0.0
high_wind,33,Bus13,onshore wind,-0.0
high_wind,33,Bus14,onshore wind,-0.0
high_wind,33,Bus15,onshore wind,-0.0
high_wind,33,Bus16,onshore wind,-0.0
high_wind,33,Bus17,onshore wind,-0.0
high_wind,33,Bus18,onshore wind,-0.0
high_wind,33,Bus19,onshore wind,-0.0
high_wind,33,Bus20,onshore wind,0.0
high_wind,34,Bus1,onshore wind,2938.9712
high_wind,34,Bus2,onshore wind,4862.883
high_wind,34,Bus3,onshore wind,-0.0
high_wind,34,Bus4,onshore wind,-0.0
high_wind,34,Bus5,onshore wind,8971.6563
high_wind,34,Bus6,onshore wind,-0.0
high_wind,34,Bus7,onshore wind,-0.0
high_wind,34,Bus8,onshore wind,-0.0
high_wind,34,Bus9,onshore wind,-0.0
high_wind,34,Bus10,onshore wind,-0.0
high_wind,34,Bus11,onshore wind,-0.0
high_wind,34,Bus12,onshore wind,-0.0
high_wind,34,Bus13,onshore wind,-0.0
high_wind,34,Bus14,onshore wind,-0.0
high_wind,34,Bus15,onshore wind,-0.0
high_wind,34,Bus16,onshore wind,-0.0
high_wind,34,Bus17,onshore wind,-0.0
high_wind,34,Bus18,onshore wind,-0.0
high_wind,34,Bus19,onshore wind,-0.0
high_wind,34,Bus20,onshore wind,0.0
high_wind,35,Bus1,onshore wind,3708.7296
high_wind,35,Bus2,onshore wind,6613.181
high_wind,35,Bus3,onshore wind,-0.0
high_wind,35,Bus4,onshore wind,-0.0
high_wind,35,Bus5,onshore wind,775.95774
high_wind,35,Bus6,onshore wind,-0.0
high_wind,35,Bus7,onshore wind,-0.0
high_wind,35,Bus8,onshore wind,-0.0
high_wind,35,Bus9,onshore wind,-0.0
high_wind,35,Bus10,onshore wind,-0.0
high_wind,35,Bus11,onshore wind,-0.0
high_wind,35,Bus12,onshore wind,-0.0
high_wind,35,Bus13,onshore wind,-0.0
high_wind,35,Bus14,onshore wind,-0.0
high_wind,35,Bus15,onshore wind,-0.0
high_wind,35,Bus16,onshore wind,-0.0
high_wind,35,Bus17,onshore wind,-0.0
high_wind,35,Bus18,onshore wind,-0.0
high_wind,35,Bus19,onshore wind,0.0
high_wind,35,Bus20,onshore wind,-0.0
high_wind,36,Bus1,onshore wind,3877.8732
high_wind,36,Bus2,onshore wind,2290.8328
high_wind,36,Bus3,onshore wind,-0.0
high_wind,36,Bus4,onshore wind,3684.3545
high_wind,36,Bus5,onshore wind,-0.0
high_wind,36,Bus6,onshore wind,-0.0
high_wind,36,Bus7,onshore wind,-0.0
high_wind,36,Bus8,onshore wind,-0.0
high_wind,36,Bus9,onshore wind,-0.0
high_wind,36,Bus10,onshore wind,-0.0
high_wind,36,Bus11,onshore wind,-0.0
high_wind,36,Bus12,onshore wind,-0.0
high_wind,36,Bus13,onshore wind,-0.0
high_wind,36,Bus14,onshore wind,-0.0
high_wind,36,Bus15,onshore wind,-0.0
high_wind,36,Bus16,onshore wind,-0.0
high_wind,36,Bus17,onshore wind,-0.0
high_wind,36,Bus18,onshore wind,-0.0
high_wind,36,Bus19,onshore wind,-0.0
high_wind,36,Bus20,onshore wind,0.0
high_wind,37,Bus1,onshore wind,2588.2074
high_wind,37,Bus2,onshore wind,6057.3129
high_wind,37,Bus3,onshore wind,-0.0
high_wind,37,Bus4,onshore wind,6496.5888
high_wind,37,Bus5,onshore wind,-0.0
high_wind,37,Bus6,onshore wind,-0.0
high_wind,37,Bus7,onshore wind,0.0
high_wind,37,Bus8,onshore wind,-0.0
high_wind,37,Bus9,onshore wind,-0.0
high_wind,37,Bus10,onshore wind,-0.0
high_wind,37,Bus11,onshore wind,-0.0
high_wind,37,Bus12,onshore wind,-0.0
high_wind,37,Bus13,onshore wind,-0.0
high_wind,37,Bus14,onshore wind,-0.0
high_wind,37,Bus15,onshore wind,-0.0
high_wind,37,Bus16,onshore wind,-0.0
high_wind,37,Bus17,onshore wind,-0.0
high_wind,37,Bus18,onshore wind,0.0
high_wind,37,Bus19,onshore wind,-0.0
high_wind,37,Bus20,onshore wind,0.0
high_wind,38,Bus1,onshore wind,5589.5601
high_wind,38,Bus2,onshore wind,7637.1255
high_wind,38,Bus3,onshore wind,-0.0
high_wind,38,Bus4,onshore wind,5717.3904
high_wind,38,Bus5,onshore wind,-0.0
high_wind,38,Bus6,onshore wind,0.0
high_wind,38,Bus7,onshore wind,-0.0
high_wind,38,Bus8,onshore wind,-0.0
high_wind,38,Bus9,onshore wind,-0.0
high_wind,38,Bus10,onshore wind,-0.0
high_wind,38,Bus11,onshore wind,-0.0
high_wind,38,Bus12,onshore wind,-0.0
high_wind,38,Bus13,onshore wind,-0.0
high_wind,38,Bus14,onshore wind,-0.0
high_wind,38,Bus15,onshore wind,-0.0
high_wind,38,Bus16,onshore wind,-0.0
high_wind,38,Bus17,onshore wind,-0.0
high_wind,38,Bus18,onshore wind,-0.0
high_wind,38,Bus19,onshore wind,0.0
high_wind,38,Bus20,onshore wind,0.0
high_wind,39,Bus1,onshore wind,5935.1367
high_wind,39,Bus2,onshore wind,6537.7673
high_wind,39,Bus3,onshore wind,-0.0
high_wind,39,Bus4,onshore wind,-0.0
high_wind,39,Bus5,onshore wind,7244.292
high_wind,39,Bus6,onshore wind,-0.0
high_wind,39,Bus7,onshore wind,0.0
high_wind,39,Bus8,onshore wind,-0.0
high_wind,39,Bus9,onshore wind,-0.0
high_wind,39,Bus10,onshore wind,-0.0
high_wind,39,Bus11,onshore wind,-0.0
high_wind,39,Bus12,onshore wind,-0.0
high_wind,39,Bus13,onshore wind,-0.0
high_wind,39,Bus14,onshore wind,-0.0
high_wind,39,Bus15,onshore wind,-0.0
high_wind,39,Bus16,onshore wind,-0.0
high_wind,39,Bus17,onshore wind,-0.0
high_wind,39,Bus18,onshore wind,-0.0
high_wind,39,Bus19,onshore wind,0.0
high_wind,39,Bus20,onshore wind,-0.0
high_wind,40,Bus1,onshore wind,5976.6713
high_wind,40,Bus2,onshore wind,11214.01
high_wind,40,Bus3,onshore wind,8002.7724
high_wind,40,Bus4,onshore wind,-0.0
high_wind,40,Bus5,onshore wind,0.0
high_wind,40,Bus6,onshore wind,-0.0
high_wind,40,Bus7,onshore wind,-0.0
high_wind,40,Bus8,onshore wind,-0.0
high_wind,40,Bus9,onshore wind,-0.0
high_wind,40,Bus10,onshore wind,-0.0
high_wind,40,Bus11,onshore wind,-0.0
high_wind,40,Bus12,onshore wind,-0.0
high_wind,40,Bus13,onshore wind,-0.0
high_wind,40,Bus14,onshore wind,-0.0
high_wind,40,Bus15,onshore wind,-0.0
high_wind,40,Bus16,onshore wind,-0.0
high_wind,40,Bus17,onshore wind,-0.0
high_wind,40,Bus18,onshore wind,-0.0
high_wind,40,Bus19,onshore wind,0.0
high_wind,40,Bus20,onshore wind,-0.0
high_wind,41,Bus1,onshore wind,6060.2231
high_wind,41,Bus2,onshore wind,6930.5713
high_wind,41,Bus3,onshore wind,3427.5702
high_wind,41,Bus4,onshore wind,-0.0
high_wind,41,Bus5,onshore wind,0.0
high_wind,41,Bus6,onshore wind,-0.0
high_wind,41,Bus7,onshore wind,-0.0
high_wind,41,Bus8,onshore wind,-0.0
high_wind,41,Bus9,onshore wind,-0.0
high_wind,41,Bus10,onshore wind,-0.0
high_wind,41,Bus11,onshore wind,-0.0
high_wind,41,Bus12,onshore wind,-0.0
high_wind,41,Bus13,onshore wind,-0.0
high_wind,41,Bus14,onshore wind,-0.0
high_wind,41,Bus15,onshore wind,-0.0
high_wind,41,Bus16,onshore wind,-0.0
high_wind,41,Bus17,onshore wind,-0.0
high_wind,41,Bus18,onshore wind,-0.0
high_wind,41,Bus19,onshore wind,-0.0
high_wind,41,Bus20,onshore wind,0.0
high_wind,42,Bus1,onshore wind,4739.7889
high_wind,42,Bus2,onshore wind,8673.5301
high_wind,42,Bus3,onshore wind,-0.0
high_wind,42,Bus4,onshore wind,5435.6182
high_wind,42,Bus5,onshore wind,-0.0
high_wind,42,Bus6,onshore wind,-0.0
high_wind,42,Bus7,onshore wind,-0.0
high_wind,42,Bus8,onshore wind,-0.0
high_wind,42,Bus9,onshore wind,-0.0
high_wind,42,Bus10,onshore wind,-0.0
high_wind,42,Bus11,onshore wind,-0.0
high_wind,42,Bus12,onshore wind,-0.0
high_wind,42,Bus13,onshore wind,-0.0
high_wind,42,Bus14,onshore wind,-0.0
high_wind,42,Bus15,onshore wind,-0.0
high_wind,42,Bus16,onshore wind,-0.0
high_wind,42,Bus17,onshore wind,-0.0
high_wind,42,Bus18,onshore wind,-0.0
high_wind,42,Bus19,onshore wind,0.0
high_wind,42,Bus20,onshore wind,-0.0
high_wind,43,Bus1,onshore wind,6680.0672
high_wind,43,Bus2,onshore wind,9729.1159
high_wind,43,Bus3,onshore wind,3392.1503
high_wind,43,Bus4,onshore wind,-0.0
high_wind,43,Bus5,onshore wind,0.0
high_wind,43,Bus6,onshore wind,0.0
high_wind,43,Bus7,onshore wind,-0.0
high_wind,43,Bus8,onshore wind,-0.0
high_wind,43,Bus9,onshore wind,-0.0
high_wind,43,Bus10,onshore wind,-0.0
high_wind,43,Bus11,onshore wind,-0.0
high_wind,43,Bus12,onshore wind,-0.0
high_wind,43,Bus13,onshore wind,-0.0
high_wind,43,Bus14,onshore wind,-0.0
high_wind,43,Bus15,onshore wind,-0.0
high_wind,43,Bus16,onshore wind,-0.0
high_wind,43,Bus17,onshore wind,-0.0
high_wind,43,Bus18,onshore wind,-0.0
high_wind,43,Bus19,onshore wind,0.0
high_wind,43,Bus20,onshore wind,-0.0
high_wind,44,Bus1,onshore wind,7232.4708
high_wind,44,Bus2,onshore wind,10014.811
high_wind,44,Bus3,onshore wind,-0.0
high_wind,44,Bus4,onshore wind,-0.0
high_wind,44,Bus5,onshore wind,0.0
high_wind,44,Bus6,onshore wind,0.0
high_wind,44,Bus7,onshore wind,-0.0
high_wind,44,Bus8,onshore wind,-0.0
high_wind,44,Bus9,onshore wind,-0.0
high_wind,44,Bus10,onshore wind,-0.0
high_wind,44,Bus11,onshore wind,-0.0
high_wind,44,Bus12,onshore wind,-0.0
high_wind,44,Bus13,onshore wind,-0.0
high_wind,44,Bus14,onshore wind,-0.0
high_wind,44,Bus15,onshore wind,-0.0
high_wind,44,Bus16,onshore wind,-0.0
high_wind,44,Bus17,onshore wind,-0.0
high_wind,44,Bus18,onshore wind,-0.0
high_wind,44,Bus19,onshore wind,0.0
high_wind,44,Bus20,onshore wind,0.0
high_wind,45,Bus1,onshore wind,6956.106
high_wind,45,Bus2,onshore wind,3579.625
high_wind,45,Bus3,onshore wind,-0.0
high_wind,45,Bus4,onshore wind,-0.0
high_wind,45,Bus5,onshore wind,0.0
high_wind,45,Bus6,onshore wind,0.0
high_wind,45,Bus7,onshore wind,-0.0
high_wind,45,Bus8,onshore wind,-0.0
high_wind,45,Bus9,onshore wind,-0.0
high_wind,45,Bus10,onshore wind,-0.0
high_wind,45,Bus11,onshore wind,-0.0
high_wind,45,Bus12,onshore wind,-0.0
high_wind,45,Bus13,onshore wind,-0.0
high_wind,45,Bus14,onshore wind,-0.0
high_wind,45,Bus15,onshore wind,-0.0
high_wind,45,Bus16,onshore wind,-0.0
high_wind,45,Bus17,onshore wind,-0.0
high_wind,45,Bus18,onshore wind,0.0
high_wind,45,Bus19,onshore wind,0.0
high_wind,45,Bus20,onshore wind,-0.0
high_wind,46,Bus1,onshore wind,8298.7088
high_wind,46,Bus2,onshore wind,7390.6228
high_wind,46,Bus3,onshore wind,-0.0
high_wind,46,Bus4,onshore wind,0.0
high_wind,46,Bus5,onshore wind,-0.0
high_wind,46,Bus6,onshore wind,0.0
high_wind,46,Bus7,onshore wind,-0.0
high_wind,46,Bus8,onshore wind,-0.0
high_wind,46,Bus9,onshore wind,-0.0
high_wind,46,Bus10,onshore wind,-0.0
high_wind,46,Bus11,onshore wind,-0.0
high_wind,46,Bus12,onshore wind,-0.0
high_wind,46,Bus13,onshore wind,-0.0
high_wind,46,Bus14,onshore wind,-0.0
high_wind,46,Bus15,onshore wind,-0.0
high_wind,46,Bus16,onshore wind,-0.0
high_wind,46,Bus17,onshore wind,-0.0
high_wind,46,Bus18,onshore wind,0.0
high_wind,46,Bus19,onshore wind,0.0
high_wind,46,Bus20,onshore wind,-0.0
high_wind,47,Bus1,onshore wind,9487.3497
high_wind,47,Bus2,onshore wind,9193.1876
high_wind,47,Bus3,onshore wind,-0.0
high_wind,47,Bus4,onshore wind,-0.0
high_wind,47,Bus5,onshore wind,0.0
high_wind,47,Bus6,onshore wind,0.0
high_wind,47,Bus7,onshore wind,-0.0
high_wind,47,Bus8,onshore wind,-0.0
high_wind,47,Bus9,onshore wind,-0.0
high_wind,47,Bus10,onshore wind,-0.0
high_wind,47,Bus11,onshore wind,-0.0
high_wind,47,Bus12,onshore wind,-0.0
high_wind,47,Bus13,onshore wind,-0.0
high_wind,47,Bus14,onshore wind,-0.0
high_wind,47,Bus15,onshore wind,-0.0
high_wind,47,Bus16,onshore wind,-0.0
high_wind,47,Bus17,onshore wind,-0.0
high_wind,47,Bus18,onshore wind,-0.0
high_wind,47,Bus19,onshore wind,0.0
high_wind,47,Bus20,onshore wind,-0.0
high_wind,48,Bus1,onshore wind,12003.008
high_wind,48,Bus2,onshore wind,2461.1257
high_wind,48,Bus3,onshore wind,-0.0
high_wind,48,Bus4,onshore wind,-0.0
high_wind,48,Bus5,onshore wind,0.0
high_wind,48,Bus6,onshore wind,0.0
high_wind,48,Bus7,onshore wind,-0.0
high_wind,48,Bus8,onshore wind,-0.0
high_wind,48,Bus9,onshore wind,-0.0
high_wind,48,Bus10,onshore wind,-0.0
high_wind,48,Bus11,onshore wind,-0.0
high_wind,48,Bus12,onshore wind,-0.0
high_wind,48,Bus13,onshore wind,-0.0
high_wind,48,Bus14,onshore wind,-0.0
high_wind,48,Bus15,onshore wind,-0.0
high_wind,48,Bus16,onshore wind,-0.0
high_wind,48,Bus17,onshore wind,-0.0
high_wind,48,Bus18,onshore wind,-0.0
high_wind,48,Bus19,onshore wind,0.0
high_wind,48,Bus20,onshore wind,-0.0
high_wind,49,Bus1,onshore wind,9673.2611
high_wind,49,Bus2,onshore wind,7011.6443
high_wind,49,Bus3,onshore wind,-0.0
high_wind,49,Bus4,onshore wind,0.0
high_wind,49,Bus5,onshore wind,-0.0
high_wind,49,Bus6,onshore wind,0.0
high_wind,49,Bus7,onshore wind,-0.0
high_wind,49,Bus8,onshore wind,-0.0
high_wind,49,Bus9,onshore wind,-0.0
high_wind,49,Bus10,onshore wind,-0.0
high_wind,49,Bus11,onshore wind,-0.0
high_wind,49,Bus12,onshore wind,-0.0
high_wind,49,Bus13,onshore wind,-0.0
high_wind,49,Bus14,onshore wind,-0.0
high_wind,49,Bus15,onshore wind,-0.0
high_wind,49,Bus16,onshore wind,-0.0
high_wind,49,Bus17,onshore wind,-0.0
high_wind,49,Bus18,onshore wind,-0.0
high_wind,49,Bus19,onshore wind,0.0
high_wind,49,Bus20,onshore wind,-0.0
high_wind,50,Bus1,onshore wind,9975.2209
high_wind,50,Bus2,onshore wind,4593.161
high_wind,50,Bus3,onshore wind,-0.0
high_wind,50,Bus4,onshore wind,-0.0
high_wind,50,Bus5,onshore wind,0.0
high_wind,50,Bus6,onshore wind,0.0
high_wind,50,Bus7,onshore wind,-0.0
high_wind,50,Bus8,onshore wind,-0.0
high_wind,50,Bus9,onshore wind,-0.0
high_wind,50,Bus10,onshore wind,-0.0
high_wind,50,Bus11,onshore wind,-0.0
high_wind,50,Bus12,onshore wind,-0.0
high_wind,50,Bus13,onshore wind,-0.0
high_wind,50,Bus14,onshore wind,-0.0
high_wind,50,Bus15,onshore wind,-0.0
high_wind,50,Bus16,onshore wind,-0.0
high_wind,50,Bus17,onshore wind,-0.0
high_wind,50,Bus18,onshore wind,-0.0
high_wind,50,Bus19,onshore wind,0.0
high_wind,50,Bus20,onshore wind,-0.0
high_wind,51,Bus1,onshore wind,9590.5508
high_wind,51,Bus2,onshore wind,1992.0296
high_wind,51,Bus3,onshore wind,-0.0
high_wind,51,Bus4,onshore wind,0.0
high_wind,51,Bus5,onshore wind,-0.0
high_wind,51,Bus6,onshore wind,0.0
high_wind,51,Bus7,onshore wind,-0.0
high_wind,51,Bus8,onshore wind,-0.0
high_wind,51,Bus9,onshore wind,-0.0
high_wind,51,Bus10,onshore wind,-0.0
high_wind,51,Bus11,onshore wind,-0.0
high_wind,51,Bus12,onshore wind,-0.0
high_wind,51,Bus13,onshore wind,-0.0
high_wind,51,Bus14,onshore wind,-0.0
high_wind,51,Bus15,onshore wind,-0.0
high_wind,51,Bus16,onshore wind,-0.0
high_wind,51,Bus17,onshore wind,-0.0
high_wind,51,Bus18,onshore wind,0.0
high_wind,51,Bus19,onshore wind,-0.0
high_wind,51,Bus20,onshore wind,0.0
high_wind,52,Bus1,onshore wind,6870.6489
high_wind,52,Bus2,onshore wind,8546.1889
high_wind,52,Bus3,onshore wind,-0.0
high_wind,52,Bus4,onshore wind,-0.0
high_wind,52,Bus5,onshore wind,1538.4176
high_wind,52,Bus6,onshore wind,0.0
high_wind,52,Bus7,onshore wind,-0.0
high_wind,52,Bus8,onshore wind,-0.0
high_wind,52,Bus9,onshore wind,-0.0
high_wind,52,Bus10,onshore wind,-0.0
high_wind,52,Bus11,onshore wind,-0.0
high_wind,52,Bus12,onshore wind,-0.0
high_wind,52,Bus13,onshore wind,-0.0
high_wind,52,Bus14,onshore wind,-0.0
high_wind,52,Bus15,onshore wind,-0.0
high_wind,52,Bus16,onshore wind,-0.0
high_wind,52,Bus17,onshore wind,0.0
high_wind,52,Bus18,onshore wind,0.0
high_wind,52,Bus19,onshore wind,-0.0
high_wind,52,Bus20,onshore wind,0.0
high_wind,53,Bus1,onshore wind,9687.8294
high_wind,53,Bus2,onshore wind,3434.4694
high_wind,53,Bus3,onshore wind,-0.0
high_wind,53,Bus4,onshore wind,0.0
high_wind,53,Bus5,onshore wind,-0.0
high_wind,53,Bus6,onshore wind,0.0
high_wind,53,Bus7,onshore wind,-0.0
high_wind,53,Bus8,onshore wind,-0.0
high_wind,53,Bus9,onshore wind,-0.0
high_wind,53,Bus10,onshore wind,-0.0
high_wind,53,Bus11,onshore wind,-0.0
high_wind,53,Bus12,onshore wind,-0.0
high_wind,53,Bus13,onshore wind,-0.0
high_wind,53,Bus14,onshore wind,-0.0
high_wind,53,Bus15,onshore wind,-0.0
high_wind,53,Bus16,onshore wind,-0.0
high_wind,53,Bus17,onshore wind,-0.0
high_wind,53,Bus18,onshore wind,0.0
high_wind,53,Bus19,onshore wind,-0.0
high_wind,53,Bus20,onshore wind,0.0
high_wind,54,Bus1,onshore wind,9729.4279
high_wind,54,Bus2,onshore wind,3703.4059
high_wind,54,Bus3,onshore wind,-0.0
high_wind,54,Bus4,onshore wind,0.0
high_wind,54,Bus5,onshore wind,-0.0
high_wind,54,Bus6,onshore wind,0.0
high_wind,54,Bus7,onshore wind,-0.0
high_wind,54,Bus8,onshore wind,-0.0
high_wind,54,Bus9,onshore wind,-0.0
high_wind,54,Bus10,onshore wind,-0.0
high_wind,54,Bus11,onshore wind,-0.0
high_wind,54,Bus12,onshore wind,-0.0
high_wind,54,Bus13,onshore wind,-0.0
high_wind,54,Bus14,onshore wind,-0.0
high_wind,54,Bus15,onshore wind,-0.0
high_wind,54,Bus16,onshore wind,-0.0
high_wind,54,Bus17,onshore wind,-0.0
high_wind,54,Bus18,onshore wind,0.0
high_wind,54,Bus19,onshore wind,-0.0
high_wind,54,Bus20,onshore wind,-0.0
high_wind,55,Bus1,onshore wind,13180.117
high_wind,55,Bus2,onshore wind,4805.7677
high_wind,55,Bus3,onshore wind,-0.0
high_wind,55,Bus4,onshore wind,-0.0
high_wind,55,Bus5,onshore wind,-0.0
high_wind,55,Bus6,onshore wind,0.0
high_wind,55,Bus7,onshore wind,-0.0
high_wind,55,Bus8,onshore wind,-0.0
high_wind,55,Bus9,onshore wind,-0.0
high_wind,55,Bus10,onshore wind,-0.0
high_wind,55,Bus11,onshore wind,-0.0
high_wind,55,Bus12,onshore wind,-0.0
high_wind,55,Bus13,onshore wind,-0.0
high_wind,55,Bus14,onshore wind,-0.0
high_wind,55,Bus15,onshore wind,-0.0
high_wind,55,Bus16,onshore wind,-0.0
high_wind,55,Bus17,onshore wind,-0.0
high_wind,55,Bus18,onshore wind,-0.0
high_wind,55,Bus19,onshore wind,0.0
high_wind,55,Bus20,onshore wind,-0.0
high_wind,56,Bus1,onshore wind,8981.0502
high_wind,56,Bus2,onshore wind,7059.4242
high_wind,56,Bus3,onshore wind,-0.0
high_wind,56,Bus4,onshore wind,-0.0
high_wind,56,Bus5,onshore wind,-0.0
high_wind,56,Bus6,onshore wind,0.0
high_wind,56,Bus7,onshore wind,-0.0
high_wind,56,Bus8,onshore wind,-0.0
high_wind,56,Bus9,onshore wind,-0.0
high_wind,56,Bus10,onshore wind,-0.0
high_wind,56,Bus11,onshore wind,-0.0
high_wind,56,Bus12,onshore wind,-0.0
high_wind,56,Bus13,onshore wind,-0.0
high_wind,56,Bus14,onshore wind,-0.0
high_wind,56,Bus15,onshore wind,-0.0
high_wind,56,Bus16,onshore wind,-0.0
high_wind,56,Bus17,onshore wind,-0.0
high_wind,56,Bus18,onshore wind,0.0
high_wind,56,Bus19,onshore wind,-0.0
high_wind,56,Bus20,onshore wind,0.0
high_wind,57,Bus1,onshore wind,9449.292
high_wind,57,Bus2,onshore wind,4088.7591
high_wind,57,Bus3,onshore wind,-0.0
high_wind,57,Bus4,onshore wind,-0.0
high_wind,57,Bus5,onshore wind,-0.0
high_wind,57,Bus6,onshore wind,-0.0
high_wind,57,Bus7,onshore wind,0.0
high_wind,57,Bus8,onshore wind,-0.0
high_wind,57,Bus9,onshore wind,-0.0
high_wind,57,Bus10,onshore wind,-0.0
high_wind,57,Bus11,onshore wind,-0.0
high_wind,57,Bus12,onshore wind,-0.0
high_wind,57,Bus13,onshore wind,-0.0
high_wind,57,Bus14,onshore wind,-0.0
high_wind,57,Bus15,onshore wind,-0.0
high_wind,57,Bus16,onshore wind,-0.0
high_wind,57,Bus17,onshore wind,-0.0
high_wind,57,Bus18,onshore wind,0.0
high_wind,57,Bus19,onshore wind,-0.0
high_wind,57,Bus20,onshore wind,0.0
high_wind,58,Bus1,onshore wind,8621.4874
high_wind,58,Bus2,onshore wind,4689.1544
high_wind,58,Bus3,onshore wind,-0.0
high_wind,58,Bus4,onshore wind,-0.0
high_wind,58,Bus5,onshore wind,-0.0
high_wind,58,Bus6,onshore wind,0.0
high_wind,58,Bus7,onshore wind,-0.0
high_wind,58,Bus8,onshore wind,-0.0
high_wind,58,Bus9,onshore wind,-0.0
high_wind,58,Bus10,onshore wind,-0.0
high_wind,58,Bus11,onshore wind,-0.0
high_wind,58,Bus12,onshore wind,-0.0
high_wind,58,Bus13,onshore wind,-0.0
high_wind,58,Bus14,onshore wind,-0.0
high_wind,58,Bus15,onshore wind,-0.0
high_wind,58,Bus16,onshore wind,-0.0
high_wind,58,Bus17,onshore wind,0.0
high_wind,58,Bus18,onshore wind,0.0
high_wind,58,Bus19,onshore wind,-0.0
high_wind,58,Bus20,onshore wind,0.0
high_wind,59,Bus1,onshore wind,6553.6378
high_wind,59,Bus2,onshore wind,693.75739
high_wind,59,Bus3,onshore wind,-0.0
high_wind,59,Bus4,onshore wind,-0.0
high_wind,59,Bus5,onshore wind,0.0
high_wind,59,Bus6,onshore wind,-0.0
high_wind,59,Bus7,onshore wind,0.0
high_wind,59,Bus8,onshore wind,-0.0
high_wind,59,Bus9,onshore wind,-0.0
high_wind,59,Bus10,onshore wind,-0.0
high_wind,59,Bus11,onshore wind,-0.0
high_wind,59,Bus12,onshore wind,-0.0
high_wind,59,Bus13,onshore wind,-0.0
high_wind,59,Bus14,onshore wind,-0.0
high_wind,59,Bus15,onshore wind,-0.0
high_wind,59,Bus16,onshore wind,-0.0
high_wind,59,Bus17,onshore wind,0.0
high_wind,59,Bus18,onshore wind,-0.0
high_wind,59,Bus19,onshore wind,0.0
high_wind,59,Bus20,onshore wind,0.0
high_wind,60,Bus1,onshore wind,9618.7988
high_wind,60,Bus2,onshore wind,4816.1609
high_wind,60,Bus3,onshore wind,2201.8119
high_wind,60,Bus4,onshore wind,-0.0
high_wind,60,Bus5,onshore wind,-0.0
high_wind,60,Bus6,onshore wind,0.0
high_wind,60,Bus7,onshore wind,-0.0
high_wind,60,Bus8,onshore wind,-0.0
high_wind,60,Bus9,onshore wind,-0.0
high_wind,60,Bus10,onshore wind,-0.0
high_wind,60,Bus11,onshore wind,-0.0
high_wind,60,Bus12,onshore wind,-0.0
high_wind,60,Bus13,onshore wind,-0.0
high_wind,60,Bus14,onshore wind,-0.0
high_wind,60,Bus15,onshore wind,-0.0
high_wind,60,Bus16,onshore wind,-0.0
high_wind,60,Bus17,onshore wind,-0.0
high_wind,60,Bus18,onshore wind,-0.0
high_wind,60,Bus19,onshore wind,0.0
high_wind,60,Bus20,onshore wind,0.0
high_wind,61,Bus1,onshore wind,8604.2737
high_wind,61,Bus2,onshore wind,5575.638
high_wind,61,Bus3,onshore wind,-0.0
high_wind,61,Bus4,onshore wind,-0.0
high_wind,61,Bus5,onshore wind,829.20812
high_wind,61,Bus6,onshore wind,-0.0
high_wind,61,Bus7,onshore wind,0.0
high_wind,61,Bus8,onshore wind,-0.0
high_wind,61,Bus9,onshore wind,-0.0
high_wind,61,Bus10,onshore wind,-0.0
high_wind,61,Bus11,onshore wind,-0.0
high_wind,61,Bus12,onshore wind,-0.0
high_wind,61,Bus13,onshore wind,-0.0
high_wind,61,Bus14,onshore wind,-0.0
high_wind,61,Bus15,onshore wind,-0.0
high_wind,61,Bus16,onshore wind,-0.0
high_wind,61,Bus17,onshore wind,-0.0
high_wind,61,Bus18,onshore wind,0.0
high_wind,61,Bus19,onshore wind,-0.0
high_wind,61,Bus20,onshore wind,0.0
high_wind,62,Bus1,onshore wind,8218.311
high_wind,62,Bus2,onshore wind,4810.4709
high_wind,62,Bus3,onshore wind,-0.0
high_wind,62,Bus4,onshore wind,2765.2866
high_wind,62,Bus5,onshore wind,-0.0
high_wind,62,Bus6,onshore wind,-0.0
high_wind,62,Bus7,onshore wind,0.0
high_wind,62,Bus8,onshore wind,-0.0
high_wind,62,Bus9,onshore wind,-0.0
high_wind,62,Bus10,onshore wind,-0.0
high_wind,62,Bus11,onshore wind,-0.0
high_wind,62,Bus12,onshore wind,-0.0
high_wind,62,Bus13,onshore wind,-0.0
high_wind,62,Bus14,onshore wind,-0.0
high_wind,62,Bus15,onshore wind,-0.0
high_wind,62,Bus16,onshore wind,-0.0
high_wind,62,Bus17,onshore wind,-0.0
high_wind,62,Bus18,onshore wind,0.0
high_wind,62,Bus19,onshore wind,-0.0
high_wind,62,Bus20,onshore wind,0.0
high_wind,63,Bus1,onshore wind,5216.7013
high_wind,63,Bus2,onshore wind,391.78006
high_wind,63,Bus3,onshore wind,-0.0
high_wind,63,Bus4,onshore wind,-0.0
high_wind,63,Bus5,onshore wind,-0.0
high_wind,63,Bus6,onshore wind,-0.0
high_wind,63,Bus7,onshore wind,0.0
high_wind,63,Bus8,onshore wind,-0.0
high_wind,63,Bus9,onshore wind,-0.0
high_wind,63,Bus10,onshore wind,-0.0
high_wind,63,Bus11,onshore wind,-0.0
high_wind,63,Bus12,onshore wind,-0.0
high_wind,63,Bus13,onshore wind,-0.0
high_wind,63,Bus14,onshore wind,-0.0
high_wind,63,Bus15,onshore wind,-0.0
high_wind,63,Bus16,onshore wind,-0.0
high_wind,63,Bus17,onshore wind,-0.0
high_wind,63,Bus18,onshore wind,0.0
high_wind,63,Bus19,onshore wind,-0.0
high_wind,63,Bus20,onshore wind,0.0
high_wind,64,Bus1,onshore wind,8237.8187
high_wind,64,Bus2,onshore wind,2632.0835
high_wind,64,Bus3,onshore wind,-0.0
high_wind,64,Bus4,onshore wind,-0.0
high_wind,64,Bus5,onshore wind,-0.0
high_wind,64,Bus6,onshore wind,-0.0
high_wind,64,Bus7,onshore wind,0.0
high_wind,64,Bus8,onshore wind,-0.0
high_wind,64,Bus9,onshore wind,-0.0
high_wind,64,Bus10,onshore wind,-0.0
high_wind,64,Bus11,onshore wind,-0.0
high_wind,64,Bus12,onshore wind,-0.0
high_wind,64,Bus13,onshore wind,-0.0
high_wind,64,Bus14,onshore wind,-0.0
high_wind,64,Bus15,onshore wind,-0.0
high_wind,64,Bus16,onshore wind,-0.0
high_wind,64,Bus17,onshore wind,-0.0
high_wind,64,Bus18,onshore wind,0.0
high_wind,64,Bus19,onshore wind,-0.0
high_wind,64,Bus20,onshore wind,0.0
high_wind,65,Bus1,onshore wind,3597.6292
high_wind,65,Bus2,onshore wind,3078.5298
high_wind,65,Bus3,onshore wind,-0.0
high_wind,65,Bus4,onshore wind,-0.0
high_wind,65,Bus5,onshore wind,4039.5522
high_wind,65,Bus6,onshore wind,-0.0
high_wind,65,Bus7,onshore wind,0.0
high_wind,65,Bus8,onshore wind,-0.0
high_wind,65,Bus9,onshore wind,-0.0
high_wind,65,Bus10,onshore wind,-0.0
high_wind,65,Bus11,onshore wind,-0.0
high_wind,65,Bus12,onshore wind,-0.0
high_wind,65,Bus13,onshore wind,-0.0
high_wind,65,Bus14,onshore wind,-0.0
high_wind,65,Bus15,onshore wind,-0.0
high_wind,65,Bus16,onshore wind,-0.0
high_wind,65,Bus17,onshore wind,0.0
high_wind,65,Bus18,onshore wind,0.0
high_wind,65,Bus19,onshore wind,-0.0
high_wind,65,Bus20,onshore wind,0.0
high_wind,66,Bus1,onshore wind,6171.1973
high_wind,66,Bus2,onshore wind,2871.8807
high_wind,66,Bus3,onshore wind,7710.7392
high_wind,66,Bus4,onshore wind,668.56554
high_wind,66,Bus5,onshore wind,-0.0
high_wind,66,Bus6,onshore wind,0.0
high_wind,66,Bus7,onshore wind,-0.0
high_wind,66,Bus8,onshore wind,-0.0
high_wind,66,Bus9,onshore wind,-0.0
high_wind,66,Bus10,onshore wind,-0.0
high_wind,66,Bus11,onshore wind,-0.0
high_wind,66,Bus12,onshore wind,-0.0
high_wind,66,Bus13,onshore wind,-0.0
high_wind,66,Bus14,onshore wind,-0.0
high_wind,66,Bus15,onshore wind,-0.0
high_wind,66,Bus16,onshore wind,-0.0
high_wind,66,Bus17,onshore wind,0.0
high_wind,66,Bus18,onshore wind,0.0
high_wind,66,Bus19,onshore wind,-0.0
high_wind,66,Bus20,onshore wind,0.0
high_wind,67,Bus1,onshore wind,8200.0854
high_wind,67,Bus2,onshore wind,5035.912
high_wind,67,Bus3,onshore wind,-0.0
high_wind,67,Bus4,onshore wind,-0.0
high_wind,67,Bus5,onshore wind,8456.9111
high_wind,67,Bus6,onshore wind,-0.0
high_wind,67,Bus7,onshore wind,0.0
high_wind,67,Bus8,onshore wind,-0.0
high_wind,67,Bus9,onshore wind,-0.0
high_wind,67,Bus10,onshore wind,-0.0
high_wind,67,Bus11,onshore wind,-0.0
high_wind,67,Bus12,onshore wind,-0.0
high_wind,67,Bus13,onshore wind,-0.0
high_wind,67,Bus14,onshore wind,-0.0
high_wind,67,Bus15,onshore wind,-0.0
high_wind,67,Bus16,onshore wind,-0.0
high_wind,67,Bus17,onshore wind,-0.0
high_wind,67,Bus18,onshore wind,-0.0
high_wind,67,Bus19,onshore wind,-0.0
high_wind,67,Bus20,onshore wind,0.0
high_wind,68,Bus1,onshore wind,3093.5836
high_wind,68,Bus2,onshore wind,4370.1715
high_wind,68,Bus3,onshore wind,2253.3498
high_wind,68,Bus4,onshore wind,-0.0
high_wind,68,Bus5,onshore wind,-0.0
high_wind,68,Bus6,onshore wind,-0.0
high_wind,68,Bus7,onshore wind,0.0
high_wind,68,Bus8,onshore wind,-0.0
high_wind,68,Bus9,onshore wind,-0.0
high_wind,68,Bus10,onshore wind,-0.0
high_wind,68,Bus11,onshore wind,-0.0
high_wind,68,Bus12,onshore wind,-0.0
high_wind,68,Bus13,onshore wind,-0.0
high_wind,68,Bus14,onshore wind,-0.0
high_wind,68,Bus15,onshore wind,-0.0
high_wind,68,Bus16,onshore wind,-0.0
high_wind,68,Bus17,onshore wind,-0.0
high_wind,68,Bus18,onshore wind,0.0
high_wind,68,Bus19,onshore wind,-0.0
high_wind,68,Bus20,onshore wind,0.0
high_wind,69,Bus1,onshore wind,3443.9968
high_wind,69,Bus2,onshore wind,2934.3282
high_wind,69,Bus3,onshore wind,5414.421
high_wind,69,Bus4,onshore wind,3338.4929
high_wind,69,Bus5,onshore wind,-0.0
high_wind,69,Bus6,onshore wind,-0.0
high_wind,69,Bus7,onshore wind,0.0
high_wind,69,Bus8,onshore wind,-0.0
high_wind,69,Bus9,onshore wind,-0.0
high_wind,69,Bus10,onshore wind,-0.0
high_wind,69,Bus11,onshore wind,-0.0
high_wind,69,Bus12,onshore wind,-0.0
high_wind,69,Bus13,onshore wind,-0.0
high_wind,69,Bus14,onshore wind,-0.0
high_wind,69,Bus15,onshore wind,-0.0
high_wind,69,Bus16,onshore wind,-0.0
high_wind,69,Bus17,onshore wind,-0.0
high_wind,69,Bus18,onshore wind,-0.0
high_wind,69,Bus19,onshore wind,0.0
high_wind,69,Bus20,onshore wind,-0.0
high_wind,70,Bus1,onshore wind,4212.5091
high_wind,70,Bus2,onshore wind,5524.8984
high_wind,70,Bus3,onshore wind,-0.0
high_wind,70,Bus4,onshore wind,7885.1076
high_wind,70,Bus5,onshore wind,-0.0
high_wind,70,Bus6,onshore wind,-0.0
high_wind,70,Bus7,onshore wind,0.0
high_wind,70,Bus8,onshore wind,-0.0
high_wind,70,Bus9,onshore wind,-0.0
high_wind,70,Bus10,onshore wind,-0.0
high_wind,70,Bus11,onshore wind,-0.0
high_wind,70,Bus12,onshore wind,-0.0
high_wind,70,Bus13,onshore wind,-0.0
high_wind,70,Bus14,onshore wind,-0.0
high_wind,70,Bus15,onshore wind,-0.0
high_wind,70,Bus16,onshore wind,-0.0
high_wind,70,Bus17,onshore wind,-0.0
high_wind,70,Bus18,onshore wind,0.0
high_wind,70,Bus19,onshore wind,0.0
high_wind,70,Bus20,onshore wind,-0.0
high_wind,71,Bus1,onshore wind,3138.1492
high_wind,71,Bus2,onshore wind,4896.4535
high_wind,71,Bus3,onshore wind,6113.9894
high_wind,71,Bus4,onshore wind,113.09078
high_wind,71,Bus5,onshore wind,-0.0
high_wind,71,Bus6,onshore wind,-0.0
high_wind,71,Bus7,onshore wind,0.0
high_wind,71,Bus8,onshore wind,-0.0
high_wind,71,Bus9,onshore wind,-0.0
high_wind,71,Bus10,onshore wind,-0.0
high_wind,71,Bus11,onshore wind,-0.0
high_wind,71,Bus12,onshore wind,-0.0
high_wind,71,Bus13,onshore wind,-0.0
high_wind,71,Bus14,onshore wind,-0.0
high_wind,71,Bus15,onshore wind,-0.0
high_wind,71,Bus16,onshore wind,-0.0
high_wind,71,Bus17,onshore wind,-0.0
high_wind,71,Bus18,onshore wind,0.0
high_wind,71,Bus19,onshore wind,-0.0
high_wind,71,Bus20,onshore wind,0.0
high_wind,72,Bus1,onshore wind,1462.2759
high_wind,72,Bus2,onshore wind,5967.1249
high_wind,72,Bus3,onshore wind,8101.8841
high_wind,72,Bus4,onshore wind,-0.0
high_wind,72,Bus5,onshore wind,292.90513
high_wind,72,Bus6,onshore wind,-0.0
high_wind,72,Bus7,onshore wind,0.0
high_wind,72,Bus8,onshore wind,-0.0
high_wind,72,Bus9,onshore wind,-0.0
high_wind,72,Bus10,onshore wind,-0.0
high_wind,72,Bus11,onshore wind,-0.0
high_wind,72,Bus12,onshore wind,-0.0
high_wind,72,Bus13,onshore wind,-0.0
high_wind,72,Bus14,onshore wind,-0.0
high_wind,72,Bus15,onshore wind,-0.0
high_wind,72,Bus16,onshore wind,-0.0
high_wind,72,Bus17,onshore wind,0.0
high_wind,72,Bus18,onshore wind,-0.0
high_wind,72,Bus19,onshore wind,-0.0
high_wind,72,Bus20,onshore wind,0.0
high_wind,73,Bus1,onshore wind,3852.9772
high_wind,73,Bus2,onshore wind,6049.8639
high_wind,73,Bus3,onshore wind,7019.2024
high_wind,73,Bus4,onshore wind,-0.0
high_wind,73,Bus5,onshore wind,-0.0
high_wind,73,Bus6,onshore wind,-0.0
high_wind,73,Bus7,onshore wind,0.0
high_wind,73,Bus8,onshore wind,-0.0
high_wind,73,Bus9,onshore wind,-0.0
high_wind,73,Bus10,onshore wind,-0.0
high_wind,73,Bus11,onshore wind,-0.0
high_wind,73,Bus12,onshore wind,-0.0
high_wind,73,Bus13,onshore wind,-0.0
high_wind,73,Bus14,onshore wind,-0.0
high_wind,73,Bus15,onshore wind,-0.0
high_wind,73,Bus16,onshore wind,-0.0
high_wind,73,Bus17,onshore wind,0.0
high_wind,73,Bus18,onshore wind,-0.0
high_wind,73,Bus19,onshore wind,0.0
high_wind,73,Bus20,onshore wind,-0.0
high_wind,74,Bus1,onshore wind,2186.3543
high_wind,74,Bus2,onshore wind,4256.6946
high_wind,74,Bus3,onshore wind,626.98034
high_wind,74,Bus4,onshore wind,-0.0
high_wind,74,Bus5,onshore wind,7720.4326
high_wind,74,Bus6,onshore wind,-0.0
high_wind,74,Bus7,onshore wind,0.0
high_wind,74,Bus8,onshore wind,-0.0
high_wind,74,Bus9,onshore wind,-0.0
high_wind,74,Bus10,onshore wind,-0.0
high_wind,74,Bus11,onshore wind,-0.0
high_wind,74,Bus12,onshore wind,-0.0
high_wind,74,Bus13,onshore wind,-0.0
high_wind,74,Bus14,onshore wind,-0.0
high_wind,74,Bus15,onshore wind,-0.0
high_wind,74,Bus16,onshore wind,-0.0
high_wind,74,Bus17,onshore wind,-0.0
high_wind,74,Bus18,onshore wind,-0.0
high_wind,74,Bus19,onshore wind,0.0
high_wind,74,Bus20,onshore wind,0.0
high_wind,75,Bus1,onshore wind,4587.0203
high_wind,75,Bus2,onshore wind,5082.9355
high_wind,75,Bus3,onshore wind,-0.0
high_wind,75,Bus4,onshore wind,6522.4342
high_wind,75,Bus5,onshore wind,-0.0
high_wind,75,Bus6,onshore wind,-0.0
high_wind,75,Bus7,onshore wind,0.0
high_wind,75,Bus8,onshore wind,-0.0
high_wind,75,Bus9,onshore wind,-0.0
high_wind,75,Bus10,onshore wind,-0.0
high_wind,75,Bus11,onshore wind,-0.0
high_wind,75,Bus12,onshore wind,-0.0
high_wind,75,Bus13,onshore wind,-0.0
high_wind,75,Bus14,onshore wind,-0.0
high_wind,75,Bus15,onshore wind,-0.0
high_wind,75,Bus16,onshore wind,-0.0
high_wind,75,Bus17,onshore wind,-0.0
high_wind,75,Bus18,onshore wind,-0.0
high_wind,75,Bus19,onshore wind,0.0
high_wind,75,Bus20,onshore wind,0.0
high_wind,76,Bus1,onshore wind,2659.2729
high_wind,76,Bus2,onshore wind,7485.858
high_wind,76,Bus3,onshore wind,5109.3145
high_wind,76,Bus4,onshore wind,-0.0
high_wind,76,Bus5,onshore wind,-0.0
high_wind,76,Bus6,onshore wind,-0.0
high_wind,76,Bus7,onshore wind,0.0
high_wind,76,Bus8,onshore wind,-0.0
high_wind,76,Bus9,onshore wind,-0.0
high_wind,76,Bus10,onshore wind,-0.0
high_wind,76,Bus11,onshore wind,-0.0
high_wind,76,Bus12,onshore wind,-0.0
high_wind,76,Bus13,onshore wind,-0.0
high_wind,76,Bus14,onshore wind,-0.0
high_wind,76,Bus15,onshore wind,-0.0
high_wind,76,Bus16,onshore wind,-0.0
high_wind,76,Bus17,onshore wind,-0.0
high_wind,76,Bus18,onshore wind,-0.0
high_wind,76,Bus19,onshore wind,-0.0
high_wind,76,Bus20,onshore wind,0.0
high_wind,77,Bus1,onshore wind,6586.3872
high_wind,77,Bus2,onshore wind,7730.8888
high_wind,77,Bus3,onshore wind,-0.0
high_wind,77,Bus4,onshore wind,-0.0
high_wind,77,Bus5,onshore wind,862.16851
high_wind,77,Bus6,onshore wind,-0.0
high_wind,77,Bus7,onshore wind,0.0
high_wind,77,Bus8,onshore wind,-0.0
high_wind,77,Bus9,onshore wind,-0.0
high_wind,77,Bus10,onshore wind,-0.0
high_wind,77,Bus11,onshore wind,-0.0
high_wind,77,Bus12,onshore wind,-0.0
high_wind,77,Bus13,onshore wind,-0.0
high_wind,77,Bus14,onshore wind,-0.0
high_wind,77,Bus15,onshore wind,-0.0
high_wind,77,Bus16,onshore wind,-0.0
high_wind,77,Bus17,onshore wind,-0.0
high_wind,77,Bus18,onshore wind,-0.0
high_wind,77,Bus19,onshore wind,-0.0
high_wind,77,Bus20,onshore wind,0.0
high_wind,78,Bus1,onshore wind,3365.9377
high_wind,78,Bus2,onshore wind,7232.9199
high_wind,78,Bus3,onshore wind,-0.0
high_wind,78,Bus4,onshore wind,-0.0
high_wind,78,Bus5,onshore wind,6209.4304
high_wind,78,Bus6,onshore wind,-0.0
high_wind,78,Bus7,onshore wind,0.0
high_wind,78,Bus8,onshore wind,-0.0
high_wind,78,Bus9,onshore wind,-0.0
high_wind,78,Bus10,onshore wind,-0.0
high_wind,78,Bus11,onshore wind,-0.0
high_wind,78,Bus12,onshore wind,-0.0
high_wind,78,Bus13,onshore wind,-0.0
high_wind,78,Bus14,onshore wind,-0.0
high_wind,78,Bus15,onshore wind,-0.0
high_wind,78,Bus16,onshore wind,-0.0
high_wind,78,Bus17,onshore wind,-0.0
high_wind,78,Bus18,onshore wind,-0.0
high_wind,78,Bus19,onshore wind,-0.0
high_wind,78,Bus20,onshore wind,0.0
high_wind,79,Bus1,onshore wind,4386.9986
high_wind,79,Bus2,onshore wind,7877.5765
high_wind,79,Bus3,onshore wind,10215.974
high_wind,79,Bus4,onshore wind,-0.0
high_wind,79,Bus5,onshore wind,0.0
high_wind,79,Bus6,onshore wind,0.0
high_wind,79,Bus7,onshore wind,-0.0
high_wind,79,Bus8,onshore wind,-0.0
high_wind,79,Bus9,onshore wind,-0.0
high_wind,79,Bus10,onshore wind,-0.0
high_wind,79,Bus11,onshore wind,-0.0
high_wind,79,Bus12,onshore wind,-0.0
high_wind,79,Bus13,onshore wind,-0.0
high_wind,79,Bus14,onshore wind,-0.0
high_wind,79,Bus15,onshore wind,-0.0
high_wind,79,Bus16,onshore wind,-0.0
high_wind,79,Bus17,onshore wind,-0.0
high_wind,79,Bus18,onshore wind,0.0
high_wind,79,Bus19,onshore wind,0.0
high_wind,79,Bus20,onshore wind,-0.0
high_wind,80,Bus1,onshore wind,6462.1374
high_wind,80,Bus2,onshore wind,10033.884
high_wind,80,Bus3,onshore wind,-0.0
high_wind,80,Bus4,onshore wind,8063.1949
high_wind,80,Bus5,onshore wind,-0.0
high_wind,80,Bus6,onshore wind,-0.0
high_wind,80,Bus7,onshore wind,0.0
high_wind,80,Bus8,onshore wind,-0.0
high_wind,80,Bus9,onshore wind,-0.0
high_wind,80,Bus10,onshore wind,-0.0
high_wind,80,Bus11,onshore wind,-0.0
high_wind,80,Bus12,onshore wind,-0.0
high_wind,80,Bus13,onshore wind,-0.0
high_wind,80,Bus14,onshore wind,-0.0
high_wind,80,Bus15,onshore wind,-0.0
high_wind,80,Bus16,onshore wind,-0.0
high_wind,80,Bus17,onshore wind,-0.0
high_wind,80,Bus18,onshore wind,0.0
high_wind,80,Bus19,onshore wind,0.0
high_wind,80,Bus20,onshore wind,-0.0
high_wind,81,Bus1,onshore wind,3801.4291
high_wind,81,Bus2,onshore wind,7614.9199
high_wind,81,Bus3,onshore wind,1592.853
high_wind,81,Bus4,onshore wind,-0.0
high_wind,81,Bus5,onshore wind,0.0
high_wind,81,Bus6,onshore wind,-0.0
high_wind,81,Bus7,onshore wind,0.0
high_wind,81,Bus8,onshore wind,-0.0
high_wind,81,Bus9,onshore wind,-0.0
high_wind,81,Bus10,onshore wind,-0.0
high_wind,81,Bus11,onshore wind,-0.0
high_wind,81,Bus12,onshore wind,-0.0
high_wind,81,Bus13,onshore wind,-0.0
high_wind,81,Bus14,onshore wind,-0.0
high_wind,81,Bus15,onshore wind,-0.0
high_wind,81,Bus16,onshore wind,-0.0
high_wind,81,Bus17,onshore wind,-0.0
high_wind,81,Bus18,onshore wind,-0.0
high_wind,81,Bus19,onshore wind,0.0
high_wind,81,Bus20,onshore wind,0.0
high_wind,82,Bus1,onshore wind,6419.6976
high_wind,82,Bus2,onshore wind,9668.2009
high_wind,82,Bus3,onshore wind,5937.0307
high_wind,82,Bus4,onshore wind,-0.0
high_wind,82,Bus5,onshore wind,-0.0
high_wind,82,Bus6,onshore wind,-0.0
high_wind,82,Bus7,onshore wind,-0.0
high_wind,82,Bus8,onshore wind,-0.0
high_wind,82,Bus9,onshore wind,-0.0
high_wind,82,Bus10,onshore wind,-0.0
high_wind,82,Bus11,onshore wind,-0.0
high_wind,82,Bus12,onshore wind,-0.0
high_wind,82,Bus13,onshore wind,-0.0
high_wind,82,Bus14,onshore wind,-0.0
high_wind,82,Bus15,onshore wind,-0.0
high_wind,82,Bus16,onshore wind,-0.0
high_wind,82,Bus17,onshore wind,-0.0
high_wind,82,Bus18,onshore wind,-0.0
high_wind,82,Bus19,onshore wind,0.0
high_wind,82,Bus20,onshore wind,-0.0
high_wind,83,Bus1,onshore wind,8485.1839
high_wind,83,Bus2,onshore wind,8842.126
high_wind,83,Bus3,onshore wind,-0.0
high_wind,83,Bus4,onshore wind,-0.0
high_wind,83,Bus5,onshore wind,2326.764
high_wind,83,Bus6,onshore wind,-0.0
high_wind,83,Bus7,onshore wind,-0.0
high_wind,83,Bus8,onshore wind,-0.0
high_wind,83,Bus9,onshore wind,-0.0
high_wind,83,Bus10,onshore wind,-0.0
high_wind,83,Bus11,onshore wind,-0.0
high_wind,83,Bus12,onshore wind,-0.0
high_wind,83,Bus13,onshore wind,-0.0
high_wind,83,Bus14,onshore wind,-0.0
high_wind,83,Bus15,onshore wind,-0.0
high_wind,83,Bus16,onshore wind,-0.0
high_wind,83,Bus17,onshore wind,-0.0
high_wind,83,Bus18,onshore wind,-0.0
high_wind,83,Bus19,onshore wind,0.0
high_wind,83,Bus20,onshore wind,-0.0
high_wind,84,Bus1,onshore wind,4564.3054
high_wind,84,Bus2,onshore wind,9062.6021
high_wind,84,Bus3,onshore wind,2880.8834
high_wind,84,Bus4,onshore wind,0.0
high_wind,84,Bus5,onshore wind,-0.0
high_wind,84,Bus6,onshore wind,-0.0
high_wind,84,Bus7,onshore wind,-0.0
high_wind,84,Bus8,onshore wind,-0.0
high_wind,84,Bus9,onshore wind,-0.0
high_wind,84,Bus10,onshore wind,-0.0
high_wind,84,Bus11,onshore wind,-0.0
high_wind,84,Bus12,onshore wind,-0.0
high_wind,84,Bus13,onshore wind,-0.0
high_wind,84,Bus14,onshore wind,-0.0
high_wind,84,Bus15,onshore wind,-0.0
high_wind,84,Bus16,onshore wind,-0.0
high_wind,84,Bus17,onshore wind,-0.0
high_wind,84,Bus18,onshore wind,-0.0
high_wind,84,Bus19,onshore wind,0.0
high_wind,84,Bus20,onshore wind,-0.0
high_wind,85,Bus1,onshore wind,7698.443
high_wind,85,Bus2,onshore wind,11221.338
high_wind,85,Bus3,onshore wind,-0.0
high_wind,85,Bus4,onshore wind,-0.0
high_wind,85,Bus5,onshore wind,282.62552
high_wind,85,Bus6,onshore wind,-0.0
high_wind,85,Bus7,onshore wind,0.0
high_wind,85,Bus8,onshore wind,-0.0
high_wind,85,Bus9,onshore wind,-0.0
high_wind,85,Bus10,onshore wind,-0.0
high_wind,85,Bus11,onshore wind,-0.0
high_wind,85,Bus12,onshore wind,-0.0
high_wind,85,Bus13,onshore wind,-0.0
high_wind,85,Bus14,onshore wind,-0.0
high_wind,85,Bus15,onshore wind,-0.0
high_wind,85,Bus16,onshore wind,-0.0
high_wind,85,Bus17,onshore wind,-0.0
high_wind,85,Bus18,onshore wind,-0.0
high_wind,85,Bus19,onshore wind,0.0
high_wind,85,Bus20,onshore wind,-0.0
high_wind,86,Bus1,onshore wind,8242.0986
high_wind,86,Bus2,onshore wind,10931.524
high_wind,86,Bus3,onshore wind,317.8068
high_wind,86,Bus4,onshore wind,-0.0
high_wind,86,Bus5,onshore wind,0.0
high_wind,86,Bus6,onshore wind,0.0
high_wind,86,Bus7,onshore wind,-0.0
high_wind,86,Bus8,onshore wind,-0.0
high_wind,86,Bus9,onshore wind,-0.0
high_wind,86,Bus10,onshore wind,-0.0
high_wind,86,Bus11,onshore wind,-0.0
high_wind,86,Bus12,onshore wind,-0.0
high_wind,86,Bus13,onshore wind,-0.0
high_wind,86,Bus14,onshore wind,-0.0
high_wind,86,Bus15,onshore wind,-0.0
high_wind,86,Bus16,onshore wind,-0.0
high_wind,86,Bus17,onshore wind,-0.0
high_wind,86,Bus18,onshore wind,0.0
high_wind,86,Bus19,onshore wind,0.0
high_wind,86,Bus20,onshore wind,-0.0
high_wind,87,Bus1,onshore wind,9430.8727
high_wind,87,Bus2,onshore wind,10967.353
high_wind,87,Bus3,onshore wind,431.59166
high_wind,87,Bus4,onshore wind,-0.0
high_wind,87,Bus5,onshore wind,0.0
high_wind,87,Bus6,onshore wind,0.0
high_wind,87,Bus7,onshore wind,-0.0
high_wind,87,Bus8,onshore wind,-0.0
high_wind,87,Bus9,onshore wind,-0.0
high_wind,87,Bus10,onshore wind,-0.0
high_wind,87,Bus11,onshore wind,-0.0
high_wind,87,Bus12,onshore wind,-0.0
high_wind,87,Bus13,onshore wind,-0.0
high_wind,87,Bus14,onshore wind,-0.0
high_wind,87,Bus15,onshore wind,-0.0
high_wind,87,Bus16,onshore wind,-0.0
high_wind,87,Bus17,onshore wind,-0.0
high_wind,87,Bus18,onshore wind,0.0
high_wind,87,Bus19,onshore wind,0.0
high_wind,87,Bus20,onshore wind,-0.0
high_wind,88,Bus1,onshore wind,6774.4831
high_wind,88,Bus2,onshore wind,10202.196
high_wind,88,Bus3,onshore wind,-0.0
high_wind,88,Bus4,onshore wind,-0.0
high_wind,88,Bus5,onshore wind,0.0
high_wind,88,Bus6,onshore wind,0.0
high_wind,88,Bus7,onshore wind,-0.0
high_wind,88,Bus8,onshore wind,-0.0
high_wind,88,Bus9,onshore wind,-0.0
high_wind,88,Bus10,onshore wind,-0.0
high_wind,88,Bus11,onshore wind,-0.0
high_wind,88,Bus12,onshore wind,-0.0
high_wind,88,Bus13,onshore wind,-0.0
high_wind,88,Bus14,onshore wind,-0.0
high_wind,88,Bus15,onshore wind,-0.0
high_wind,88,Bus16,onshore wind,-0.0
high_wind,88,Bus17,onshore wind,-0.0
high_wind,88,Bus18,onshore wind,-0.0
high_wind,88,Bus19,onshore wind,0.0
high_wind,88,Bus20,onshore wind,-0.0
high_wind,89,Bus1,onshore wind,6978.4975
high_wind,89,Bus2,onshore wind,9683.0307
high_wind,89,Bus3,onshore wind,-0.0
high_wind,89,Bus4,onshore wind,-0.0
high_wind,89,Bus5,onshore wind,96.187435
high_wind,89,Bus6,onshore wind,-0.0
high_wind,89,Bus7,onshore wind,-0.0
high_wind,89,Bus8,onshore wind,-0.0
high_wind,89,Bus9,onshore wind,-0.0
high_wind,89,Bus10,onshore wind,-0.0
high_wind,89,Bus11,onshore wind,-0.0
high_wind,89,Bus12,onshore wind,-0.0
high_wind,89,Bus13,onshore wind,-0.0
high_wind,89,Bus14,onshore wind,-0.0
high_wind,89,Bus15,onshore wind,-0.0
high_wind,89,Bus16,onshore wind,-0.0
high_wind,89,Bus17,onshore wind,-0.0
high_wind,89,Bus18,onshore wind,-0.0
high_wind,89,Bus19,onshore wind,0.0
high_wind,89,Bus20,onshore wind,-0.0
high_wind,90,Bus1,onshore wind,10021.427
high_wind,90,Bus2,onshore wind,3670.9959
high_wind,90,Bus3,onshore wind,-0.0
high_wind,90,Bus4,onshore wind,-0.0
high_wind,90,Bus5,onshore wind,0.0
high_wind,90,Bus6,onshore wind,-0.0
high_wind,90,Bus7,onshore wind,-0.0
high_wind,90,Bus8,onshore wind,-0.0
high_wind,90,Bus9,onshore wind,-0.0
high_wind,90,Bus10,onshore wind,-0.0
high_wind,90,Bus11,onshore wind,-0.0
high_wind,90,Bus12,onshore wind,-0.0
high_wind,90,Bus13,onshore wind,-0.0
high_wind,90,Bus14,onshore wind,-0.0
high_wind,90,Bus15,onshore wind,-0.0
high_wind,90,Bus16,onshore wind,-0.0
high_wind,90,Bus17,onshore wind,-0.0
high_wind,90,Bus18,onshore wind,-0.0
high_wind,90,Bus19,onshore wind,0.0
high_wind,90,Bus20,onshore wind,-0.0
high_wind,91,Bus1,onshore wind,9907.0678
high_wind,91,Bus2,onshore wind,2277.5231
high_wind,91,Bus3,onshore wind,-0.0
high_wind,91,Bus4,onshore wind,0.0
high_wind,91,Bus5,onshore wind,-0.0
high_wind,91,Bus6,onshore wind,-0.0
high_wind,91,Bus7,onshore wind,-0.0
high_wind,91,Bus8,onshore wind,-0.0
high_wind,91,Bus9,onshore wind,-0.0
high_wind,91,Bus10,onshore wind,-0.0
high_wind,91,Bus11,onshore wind,-0.0
high_wind,91,Bus12,onshore wind,-0.0
high_wind,91,Bus13,onshore wind,-0.0
high_wind,91,Bus14,onshore wind,-0.0
high_wind,91,Bus15,onshore wind,-0.0
high_wind,91,Bus16,onshore wind,-0.0
high_wind,91,Bus17,onshore wind,-0.0
high_wind,91,Bus18,onshore wind,-0.0
high_wind,91,Bus19,onshore wind,0.0
high_wind,91,Bus20,onshore wind,-0.0
high_wind,92,Bus1,onshore wind,9999.1076
high_wind,92,Bus2,onshore wind,9514.4317
high_wind,92,Bus3,onshore wind,-0.0
high_wind,92,Bus4,onshore wind,-0.0
high_wind,92,Bus5,onshore wind,1624.9458
high_wind,92,Bus6,onshore wind,-0.0
high_wind,92,Bus7,onshore wind,-0.0
high_wind,92,Bus8,onshore wind,-0.0
high_wind,92,Bus9,onshore wind,-0.0
high_wind,92,Bus10,onshore wind,-0.0
high_wind,92,Bus11,onshore wind,-0.0
high_wind,92,Bus12,onshore wind,-0.0
high_wind,92,Bus13,onshore wind,-0.0
high_wind,92,Bus14,onshore wind,-0.0
high_wind,92,Bus15,onshore wind,-0.0
high_wind,92,Bus16,onshore wind,-0.0
high_wind,92,Bus17,onshore wind,-0.0
high_wind,92,Bus18,onshore wind,-0.0
high_wind,92,Bus19,onshore wind,0.0
high_wind,92,Bus20,onshore wind,-0.0
high_wind,93,Bus1,onshore wind,10239.862
high_wind,93,Bus2,onshore wind,1863.7247
high_wind,93,Bus3,onshore wind,-0.0
high_wind,93,Bus4,onshore wind,-0.0
high_wind,93,Bus5,onshore wind,0.0
high_wind,93,Bus6,onshore wind,0.0
high_wind,93,Bus7,onshore wind,-0.0
high_wind,93,Bus8,onshore wind,-0.0
high_wind,93,Bus9,onshore wind,-0.0
high_wind,93,Bus10,onshore wind,-0.0
high_wind,93,Bus11,onshore wind,-0.0
high_wind,93,Bus12,onshore wind,-0.0
high_wind,93,Bus13,onshore wind,-0.0
high_wind,93,Bus14,onshore wind,-0.0
high_wind,93,Bus15,onshore wind,-0.0
high_wind,93,Bus16,onshore wind,-0.0
high_wind,93,Bus17,onshore wind,-0.0
high_wind,93,Bus18,onshore wind,-0.0
high_wind,93,Bus19,onshore wind,0.0
high_wind,93,Bus20,onshore wind,-0.0
high_wind,94,Bus1,onshore wind,8729.8302
high_wind,94,Bus2,onshore wind,5527.3608
high_wind,94,Bus3,onshore wind,-0.0
high_wind,94,Bus4,onshore wind,0.0
high_wind,94,Bus5,onshore wind,-0.0
high_wind,94,Bus6,onshore wind,0.0
high_wind,94,Bus7,onshore wind,-0.0
high_wind,94,Bus8,onshore wind,-0.0
high_wind,94,Bus9,onshore wind,-0.0
high_wind,94,Bus10,onshore wind,-0.0
high_wind,94,Bus11,onshore wind,-0.0
high_wind,94,Bus12,onshore wind,-0.0
high_wind,94,Bus13,onshore wind,-0.0
high_wind,94,Bus14,onshore wind,-0.0
high_wind,94,Bus15,onshore wind,-0.0
high_wind,94,Bus16,onshore wind,-0.0
high_wind,94,Bus17,onshore wind,-0.0
high_wind,94,Bus18,onshore wind,-0.0
high_wind,94,Bus19,onshore wind,0.0
high_wind,94,Bus20,onshore wind,-0.0
high_wind,95,Bus1,onshore wind,10060.109
high_wind,95,Bus2,onshore wind,6790.1553
high_wind,95,Bus3,onshore wind,-0.0
high_wind,95,Bus4,onshore wind,-0.0
high_wind,95,Bus5,onshore wind,-0.0
high_wind,95,Bus6,onshore wind,-0.0
high_wind,95,Bus7,onshore wind,-0.0
high_wind,95,Bus8,onshore wind,-0.0
high_wind,95,Bus9,onshore wind,-0.0
high_wind,95,Bus10,onshore wind,-0.0
high_wind,95,Bus11,onshore wind,-0.0
high_wind,95,Bus12,onshore wind,-0.0
high_wind,95,Bus13,onshore wind,-0.0
high_wind,95,Bus14,onshore wind,-0.0
high_wind,95,Bus15,onshore wind,-0.0
high_wind,95,Bus16,onshore wind,-0.0
high_wind,95,Bus17,onshore wind,-0.0
high_wind,95,Bus18,onshore wind,-0.0
high_wind,95,Bus19,onshore wind,0.0
high_wind,95,Bus20,onshore wind,-0.0
high_wind,96,Bus1,onshore wind,10046.246
high_wind,96,Bus2,onshore wind,2799.3218
high_wind,96,Bus3,onshore wind,-0.0
high_wind,96,Bus4,onshore wind,-0.0
high_wind,96,Bus5,onshore wind,-0.0
high_wind,96,Bus6,onshore wind,-0.0
high_wind,96,Bus7,onshore wind,-0.0
high_wind,96,Bus8,onshore wind,-0.0
high_wind,96,Bus9,onshore wind,-0.0
high_wind,96,Bus10,onshore wind,-0.0
high_wind,96,Bus11,onshore wind,-0.0
high_wind,96,Bus12,onshore wind,-0.0
high_wind,96,Bus13,onshore wind,-0.0
high_wind,96,Bus14,onshore wind,-0.0
high_wind,96,Bus15,onshore wind,-0.0
high_wind,96,Bus16,onshore wind,-0.0
high_wind,96,Bus17,onshore wind,-0.0
high_wind,96,Bus18,onshore wind,-0.0
high_wind,96,Bus19,onshore wind,-0.0
high_wind,96,Bus20,onshore wind,0.0
high_wind,97,Bus1,onshore wind,8365.4408
high_wind,97,Bus2,onshore wind,5198.3255
high_wind,97,Bus3,onshore wind,-0.0
high_wind,97,Bus4,onshore wind,0.0
high_wind,97,Bus5,onshore wind,-0.0
high_wind,97,Bus6,onshore wind,-0.0
high_wind,97,Bus7,onshore wind,-0.0
high_wind,97,Bus8,onshore wind,-0.0
high_wind,97,Bus9,onshore wind,-0.0
high_wind,97,Bus10,onshore wind,-0.0
high_wind,97,Bus11,onshore wind,-0.0
high_wind,97,Bus12,onshore wind,-0.0
high_wind,97,Bus13,onshore wind,-0.0
high_wind,97,Bus14,onshore wind,-0.0
high_wind,97,Bus15,onshore wind,-0.0
high_wind,97,Bus16,onshore wind,-0.0
high_wind,97,Bus17,onshore wind,-0.0
high_wind,97,Bus18,onshore wind,-0.0
high_wind,97,Bus19,onshore wind,0.0
high_wind,97,Bus20,onshore wind,-0.0
high_wind,98,Bus1,onshore wind,10169.022
high_wind,98,Bus2,onshore wind,-0.0
high_wind,98,Bus3,onshore wind,-0.0
high_wind,98,Bus4,onshore wind,0.0
high_wind,98,Bus5,onshore wind,-0.0
high_wind,98,Bus6,onshore wind,-0.0
high_wind,98,Bus7,onshore wind,-0.0
high_wind,98,Bus8,onshore wind,-0.0
high_wind,98,Bus9,onshore wind,-0.0
high_wind,98,Bus10,onshore wind,-0.0
high_wind,98,Bus11,onshore wind,-0.0
high_wind,98,Bus12,onshore wind,-0.0
high_wind,98,Bus13,onshore wind,-0.0
high_wind,98,Bus14,onshore wind,-0.0
high_wind,98,Bus15,onshore wind,-0.0
high_wind,98,Bus16,onshore wind,-0.0
high_wind,98,Bus17,onshore wind,-0.0
high_wind,98,Bus18,onshore wind,-0.0
high_wind,98,Bus19,onshore wind,-0.0
high_wind,98,Bus20,onshore wind,0.0
high_wind,99,Bus1,onshore wind,7014.0047
high_wind,99,Bus2,onshore wind,-0.0
high_wind,99,Bus3,onshore wind,-0.0
high_wind,99,Bus4,onshore wind,0.0
high_wind,99,Bus5,onshore wind,-0.0
high_wind,99,Bus6,onshore wind,-0.0
high_wind,99,Bus7,onshore wind,-0.0
high_wind,99,Bus8,onshore wind,-0.0
high_wind,99,Bus9,onshore wind,-0.0
high_wind,99,Bus10,onshore wind,-0.0
high_wind,99,Bus11,onshore wind,-0.0
high_wind,99,Bus12,onshore wind,-0.0
high_wind,99,Bus13,onshore wind,-0.0
high_wind,99,Bus14,onshore wind,-0.0
high_wind,99,Bus15,onshore wind,-0.0
high_wind,99,Bus16,onshore wind,-0.0
high_wind,99,Bus17,onshore wind,-0.0
high_wind,99,Bus18,onshore wind,-0.0
high_wind,99,Bus19,onshore wind,-0.0
high_wind,99,Bus20,onshore wind,0.0
high_wind,100,Bus1,onshore wind,6798.6428
high_wind,100,Bus2,onshore wind,4346.7305
high_wind,100,Bus3,onshore wind,-0.0
high_wind,100,Bus4,onshore wind,0.0
high_wind,100,Bus5,onshore wind,-0.0
high_wind,100,Bus6,onshore wind,0.0
high_wind,100,Bus7,onshore wind,-0.0
high_wind,100,Bus8,onshore wind,-0.0
high_wind,100,Bus9,onshore wind,-0.0
high_wind,100,Bus10,onshore wind,-0.0
high_wind,100,Bus11,onshore wind,-0.0
high_wind,100,Bus12,onshore wind,-0.0
high_wind,100,Bus13,onshore wind,-0.0
high_wind,100,Bus14,onshore wind,-0.0
high_wind,100,Bus15,onshore wind,-0.0
high_wind,100,Bus16,onshore wind,-0.0
high_wind,100,Bus17,onshore wind,-0.0
high_wind,100,Bus18,onshore wind,-0.0
high_wind,100,Bus19,onshore wind,0.0
high_wind,100,Bus20,onshore wind,-0.0
high_wind,101,Bus1,onshore wind,9193.9187
high_wind,101,Bus2,onshore wind,2410.6467
high_wind,101,Bus3,onshore wind,-0.0
high_wind,101,Bus4,onshore wind,0.0
high_wind,101,Bus5,onshore wind,-0.0
high_wind,101,Bus6,onshore wind,0.0
high_wind,101,Bus7,onshore wind,-0.0
high_wind,101,Bus8,onshore wind,-0.0
high_wind,101,Bus9,onshore wind,-0.0
high_wind,101,Bus10,onshore wind,-0.0
high_wind,101,Bus11,onshore wind,-0.0
high_wind,101,Bus12,onshore wind,-0.0
high_wind,101,Bus13,onshore wind,-0.0
high_wind,101,Bus14,onshore wind,-0.0
high_wind,101,Bus15,onshore wind,-0.0
high_wind,101,Bus16,onshore wind,-0.0
high_wind,101,Bus17,onshore wind,-0.0
high_wind,101,Bus18,onshore wind,-0.0
high_wind,101,Bus19,onshore wind,-0.0
high_wind,101,Bus20,onshore wind,0.0
high_wind,102,Bus1,onshore wind,5564.4683
high_wind,102,Bus2,onshore wind,-0.0
high_wind,102,Bus3,onshore wind,-0.0
high_wind,102,Bus4,onshore wind,-0.0
high_wind,102,Bus5,onshore wind,-0.0
high_wind,102,Bus6,onshore wind,-0.0
high_wind,102,Bus7,onshore wind,-0.0
high_wind,102,Bus8,onshore wind,-0.0
high_wind,102,Bus9,onshore wind,-0.0
high_wind,102,Bus10,onshore wind,-0.0
high_wind,102,Bus11,onshore wind,-0.0
high_wind,102,Bus12,onshore wind,-0.0
high_wind,102,Bus13,onshore wind,-0.0
high_wind,102,Bus14,onshore wind,-0.0
high_wind,102,Bus15,onshore wind,-0.0
high_wind,102,Bus16,onshore wind,-0.0
high_wind,102,Bus17,onshore wind,-0.0
high_wind,102,Bus18,onshore wind,-0.0
high_wind,102,Bus19,onshore wind,-0.0
high_wind,102,Bus20,onshore wind,0.0
high_wind,103,Bus1,onshore wind,8546.9997
high_wind,103,Bus2,onshore wind,1927.758
high_wind,103,Bus3,onshore wind,-0.0
high_wind,103,Bus4,onshore wind,-0.0
high_wind,103,Bus5,onshore wind,-0.0
high_wind,103,Bus6,onshore wind,-0.0
high_wind,103,Bus7,onshore wind,-0.0
high_wind,103,Bus8,onshore wind,-0.0
high_wind,103,Bus9,onshore wind,-0.0
high_wind,103,Bus10,onshore wind,-0.0
high_wind,103,Bus11,onshore wind,-0.0
high_wind,103,Bus12,onshore wind,-0.0
high_wind,103,Bus13,onshore wind,-0.0
high_wind,103,Bus14,onshore wind,-0.0
high_wind,103,Bus15,onshore wind,-0.0
high_wind,103,Bus16,onshore wind,-0.0
high_wind,103,Bus17,onshore wind,-0.0
high_wind,103,Bus18,onshore wind,-0.0
high_wind,103,Bus19,onshore wind,-0.0
high_wind,103,Bus20,onshore wind,0.0
high_wind,104,Bus1,onshore wind,8657.1109
high_wind,104,Bus2,onshore wind,857.60099
high_wind,104,Bus3,onshore wind,-0.0
high_wind,104,Bus4,onshore wind,-0.0
high_wind,104,Bus5,onshore wind,-0.0
high_wind,104,Bus6,onshore wind,-0.0
high_wind,104,Bus7,onshore wind,-0.0
high_wind,104,Bus8,onshore wind,-0.0
high_wind,104,Bus9,onshore wind,-0.0
high_wind,104,Bus10,onshore wind,-0.0
high_wind,104,Bus11,onshore wind,-0.0
high_wind,104,Bus12,onshore wind,-0.0
high_wind,104,Bus13,onshore wind,-0.0
high_wind,104,Bus14,onshore wind,-0.0
high_wind,104,Bus15,onshore wind,-0.0
high_wind,104,Bus16,onshore wind,-0.0
high_wind,104,Bus17,onshore wind,-0.0
high_wind,104,Bus18,onshore wind,-0.0
high_wind,104,Bus19,onshore wind,-0.0
high_wind,104,Bus20,onshore wind,0.0
high_wind,105,Bus1,onshore wind,5237.2134
high_wind,105,Bus2,onshore wind,2738.627
high_wind,105,Bus3,onshore wind,-0.0
high_wind,105,Bus4,onshore wind,127.34534
high_wind,105,Bus5,onshore wind,-0.0
high_wind,105,Bus6,onshore wind,-0.0
high_wind,105,Bus7,onshore wind,-0.0
high_wind,105,Bus8,onshore wind,-0.0
high_wind,105,Bus9,onshore wind,-0.0
high_wind,105,Bus10,onshore wind,-0.0
high_wind,105,Bus11,onshore wind,-0.0
high_wind,105,Bus12,onshore wind,-0.0
high_wind,105,Bus13,onshore wind,-0.0
high_wind,105,Bus14,onshore wind,-0.0
high_wind,105,Bus15,onshore wind,-0.0
high_wind,105,Bus16,onshore wind,-0.0
high_wind,105,Bus17,onshore wind,-0.0
high_wind,105,Bus18,onshore wind,-0.0
high_wind,105,Bus19,onshore wind,-0.0
high_wind,105,Bus20,onshore wind,0.0
high_wind,106,Bus1,onshore wind,7468.6901
high_wind,106,Bus2,onshore wind,4021.9458
high_wind,106,Bus3,onshore wind,-0.0
high_wind,106,Bus4,onshore wind,968.44188
high_wind,106,Bus5,onshore wind,-0.0
high_wind,106,Bus6,onshore wind,-0.0
high_wind,106,Bus7,onshore wind,-0.0
high_wind,106,Bus8,onshore wind,-0.0
high_wind,106,Bus9,onshore wind,-0.0
high_wind,106,Bus10,onshore wind,-0.0
high_wind,106,Bus11,onshore wind,-0.0
high_wind,106,Bus12,onshore wind,-0.0
high_wind,106,Bus13,onshore wind,-0.0
high_wind,106,Bus14,onshore wind,-0.0
high_wind,106,Bus15,onshore wind,-0.0
high_wind,106,Bus16,onshore wind,-0.0
high_wind,106,Bus17,onshore wind,-0.0
high_wind,106,Bus18,onshore wind,-0.0
high_wind,106,Bus19,onshore wind,-0.0
high_wind,106,Bus20,onshore wind,0.0
high_wind,107,Bus1,onshore wind,6214.6068
high_wind,107,Bus2,onshore wind,2780.4682
high_wind,107,Bus3,onshore wind,-0.0
high_wind,107,Bus4,onshore wind,5666.4291
high_wind,107,Bus5,onshore wind,-0.0
high_wind,107,Bus6,onshore wind,-0.0
high_wind,107,Bus7,onshore wind,0.0
high_wind,107,Bus8,onshore wind,-0.0
high_wind,107,Bus9,onshore wind,-0.0
high_wind,107,Bus10,onshore wind,-0.0
high_wind,107,Bus11,onshore wind,-0.0
high_wind,107,Bus12,onshore wind,-0.0
high_wind,107,Bus13,onshore wind,-0.0
high_wind,107,Bus14,onshore wind,-0.0
high_wind,107,Bus15,onshore wind,-0.0
high_wind,107,Bus16,onshore wind,-0.0
high_wind,107,Bus17,onshore wind,-0.0
high_wind,107,Bus18,onshore wind,-0.0
high_wind,107,Bus19,onshore wind,-0.0
high_wind,107,Bus20,onshore wind,0.0
high_wind,108,Bus1,onshore wind,6426.4354
high_wind,108,Bus2,onshore wind,5213.6359
high_wind,108,Bus3,onshore wind,-0.0
high_wind,108,Bus4,onshore wind,4741.196
high_wind,108,Bus5,onshore wind,-0.0
high_wind,108,Bus6,onshore wind,-0.0
high_wind,108,Bus7,onshore wind,0.0
high_wind,108,Bus8,onshore wind,-0.0
high_wind,108,Bus9,onshore wind,-0.0
high_wind,108,Bus10,onshore wind,-0.0
high_wind,108,Bus11,onshore wind,-0.0
high_wind,108,Bus12,onshore wind,-0.0
high_wind,108,Bus13,onshore wind,-0.0
high_wind,108,Bus14,onshore wind,-0.0
high_wind,108,Bus15,onshore wind,-0.0
high_wind,108,Bus16,onshore wind,-0.0
high_wind,108,Bus17,onshore wind,-0.0
high_wind,108,Bus18,onshore wind,-0.0
high_wind,108,Bus19,onshore wind,-0.0
high_wind,108,Bus20,onshore wind,0.0
high_wind,109,Bus1,onshore wind,7671.6344
high_wind,109,Bus2,onshore wind,3552.9127
high_wind,109,Bus3,onshore wind,1173.5472
high_wind,109,Bus4,onshore wind,-0.0
high_wind,109,Bus5,onshore wind,-0.0
high_wind,109,Bus6,onshore wind,-0.0
high_wind,109,Bus7,onshore wind,-0.0
high_wind,109,Bus8,onshore wind,-0.0
high_wind,109,Bus9,onshore wind,-0.0
high_wind,109,Bus10,onshore wind,-0.0
high_wind,109,Bus11,onshore wind,-0.0
high_wind,109,Bus12,onshore wind,-0.0
high_wind,109,Bus13,onshore wind,-0.0
high_wind,109,Bus14,onshore wind,-0.0
high_wind,109,Bus15,onshore wind,-0.0
high_wind,109,Bus16,onshore wind,-0.0
high_wind,109,Bus17,onshore wind,-0.0
high_wind,109,Bus18,onshore wind,-0.0
high_wind,109,Bus19,onshore wind,-0.0
high_wind,109,Bus20,onshore wind,0.0
high_wind,110,Bus1,onshore wind,4134.9468
high_wind,110,Bus2,onshore wind,2625.0827
high_wind,110,Bus3,onshore wind,2329.2233
high_wind,110,Bus4,onshore wind,-0.0
high_wind,110,Bus5,onshore wind,-0.0
high_wind,110,Bus6,onshore wind,-0.0
high_wind,110,Bus7,onshore wind,-0.0
high_wind,110,Bus8,onshore wind,-0.0
high_wind,110,Bus9,onshore wind,-0.0
high_wind,110,Bus10,onshore wind,-0.0
high_wind,110,Bus11,onshore wind,-0.0
high_wind,110,Bus12,onshore wind,-0.0
high_wind,110,Bus13,onshore wind,-0.0
high_wind,110,Bus14,onshore wind,-0.0
high_wind,110,Bus15,onshore wind,-0.0
high_wind,110,Bus16,onshore wind,-0.0
high_wind,110,Bus17,onshore wind,-0.0
high_wind,110,Bus18,onshore wind,-0.0
high_wind,110,Bus19,onshore wind,-0.0
high_wind,110,Bus20,onshore wind,0.0
high_wind,111,Bus1,onshore wind,3099.8041
high_wind,111,Bus2,onshore wind,3536.3361
high_wind,111,Bus3,onshore wind,-0.0
high_wind,111,Bus4,onshore wind,-0.0
high_wind,111,Bus5,onshore wind,4099.2576
high_wind,111,Bus6,onshore wind,-0.0
high_wind,111,Bus7,onshore wind,-0.0
high_wind,111,Bus8,onshore wind,-0.0
high_wind,111,Bus9,onshore wind,-0.0
high_wind,111,Bus10,onshore wind,-0.0
high_wind,111,Bus11,onshore wind,-0.0
high_wind,111,Bus12,onshore wind,-0.0
high_wind,111,Bus13,onshore wind,-0.0
high_wind,111,Bus14,onshore wind,-0.0
high_wind,111,Bus15,onshore wind,-0.0
high_wind,111,Bus16,onshore wind,-0.0
high_wind,111,Bus17,onshore wind,-0.0
high_wind,111,Bus18,onshore wind,-0.0
high_wind,111,Bus19,onshore wind,-0.0
high_wind,111,Bus20,onshore wind,0.0
high_wind,112,Bus1,onshore wind,2680.4744
high_wind,112,Bus2,onshore wind,4854.649
high_wind,112,Bus3,onshore wind,673.74815
high_wind,112,Bus4,onshore wind,-0.0
high_wind,112,Bus5,onshore wind,-0.0
high_wind,112,Bus6,onshore wind,-0.0
high_wind,112,Bus7,onshore wind,-0.0
high_wind,112,Bus8,onshore wind,-0.0
high_wind,112,Bus9,onshore wind,-0.0
high_wind,112,Bus10,onshore wind,-0.0
high_wind,112,Bus11,onshore wind,-0.0
high_wind,112,Bus12,onshore wind,-0.0
high_wind,112,Bus13,onshore wind,-0.0
high_wind,112,Bus14,onshore wind,-0.0
high_wind,112,Bus15,onshore wind,-0.0
high_wind,112,Bus16,onshore wind,-0.0
high_wind,112,Bus17,onshore wind,-0.0
high_wind,112,Bus18,onshore wind,-0.0
high_wind,112,Bus19,onshore wind,-0.0
high_wind,112,Bus20,onshore wind,0.0
high_wind,113,Bus1,onshore wind,2637.2019
high_wind,113,Bus2,onshore wind,3663.3508
high_wind,113,Bus3,onshore wind,-0.0
high_wind,113,Bus4,onshore wind,-0.0
high_wind,113,Bus5,onshore wind,4649.4425
high_wind,113,Bus6,onshore wind,-0.0
high_wind,113,Bus7,onshore wind,-0.0
high_wind,113,Bus8,onshore wind,-0.0
high_wind,113,Bus9,onshore wind,-0.0
high_wind,113,Bus10,onshore wind,-0.0
high_wind,113,Bus11,onshore wind,-0.0
high_wind,113,Bus12,onshore wind,-0.0
high_wind,113,Bus13,onshore wind,-0.0
high_wind,113,Bus14,onshore wind,-0.0
high_wind,113,Bus15,onshore wind,-0.0
high_wind,113,Bus16,onshore wind,-0.0
high_wind,113,Bus17,onshore wind,-0.0
high_wind,113,Bus18,onshore wind,-0.0
high_wind,113,Bus19,onshore wind,-0.0
high_wind,113,Bus20,onshore wind,0.0
high_wind,114,Bus1,onshore wind,3656.7472
high_wind,114,Bus2,onshore wind,3599.9547
high_wind,114,Bus3,onshore wind,-0.0
high_wind,114,Bus4,onshore wind,-0.0
high_wind,114,Bus5,onshore wind,6035.6821
high_wind,114,Bus6,onshore wind,-0.0
high_wind,114,Bus7,onshore wind,0.0
high_wind,114,Bus8,onshore wind,-0.0
high_wind,114,Bus9,onshore wind,-0.0
high_wind,114,Bus10,onshore wind,-0.0
high_wind,114,Bus11,onshore wind,-0.0
high_wind,114,Bus12,onshore wind,-0.0
high_wind,114,Bus13,onshore wind,-0.0
high_wind,114,Bus14,onshore wind,-0.0
high_wind,114,Bus15,onshore wind,-0.0
high_wind,114,Bus16,onshore wind,-0.0
high_wind,114,Bus17,onshore wind,-0.0
high_wind,114,Bus18,onshore wind,-0.0
high_wind,114,Bus19,onshore wind,-0.0
high_wind,114,Bus20,onshore wind,0.0
high_wind,115,Bus1,onshore wind,4262.9223
high_wind,115,Bus2,onshore wind,5566.4934
high_wind,115,Bus3,onshore wind,-0.0
high_wind,115,Bus4,onshore wind,244.19169
high_wind,115,Bus5,onshore wind,9384.7695
high_wind,115,Bus6,onshore wind,-0.0
high_wind,115,Bus7,onshore wind,0.0
high_wind,115,Bus8,onshore wind,-0.0
high_wind,115,Bus9,onshore wind,-0.0
high_wind,115,Bus10,onshore wind,-0.0
high_wind,115,Bus11,onshore wind,-0.0
high_wind,115,Bus12,onshore wind,-0.0
high_wind,115,Bus13,onshore wind,-0.0
high_wind,115,Bus14,onshore wind,-0.0
high_wind,115,Bus15,onshore wind,-0.0
high_wind,115,Bus16,onshore wind,-0.0
high_wind,115,Bus17,onshore wind,-0.0
high_wind,115,Bus18,onshore wind,-0.0
high_wind,115,Bus19,onshore wind,0.0
high_wind,115,Bus20,onshore wind,-0.0
high_wind,116,Bus1,onshore wind,4212.8165
high_wind,116,Bus2,onshore wind,5971.1074
high_wind,116,Bus3,onshore wind,-0.0
high_wind,116,Bus4,onshore wind,9242.5266
high_wind,116,Bus5,onshore wind,-0.0
high_wind,116,Bus6,onshore wind,-0.0
high_wind,116,Bus7,onshore wind,-0.0
high_wind,116,Bus8,onshore wind,-0.0
high_wind,116,Bus9,onshore wind,-0.0
high_wind,116,Bus10,onshore wind,-0.0
high_wind,116,Bus11,onshore wind,-0.0
high_wind,116,Bus12,onshore wind,-0.0
high_wind,116,Bus13,onshore wind,-0.0
high_wind,116,Bus14,onshore wind,-0.0
high_wind,116,Bus15,onshore wind,-0.0
high_wind,116,Bus16,onshore wind,-0.0
high_wind,116,Bus17,onshore wind,-0.0
high_wind,116,Bus18,onshore wind,-0.0
high_wind,116,Bus19,onshore wind,-0.0
high_wind,116,Bus20,onshore wind,0.0
high_wind,117,Bus1,onshore wind,5151.8796
high_wind,117,Bus2,onshore wind,5271.8522
high_wind,117,Bus3,onshore wind,271.97404
high_wind,117,Bus4,onshore wind,-0.0
high_wind,117,Bus5,onshore wind,11554.566
high_wind,117,Bus6,onshore wind,-0.0
high_wind,117,Bus7,onshore wind,-0.0
high_wind,117,Bus8,onshore wind,-0.0
high_wind,117,Bus9,onshore wind,-0.0
high_wind,117,Bus10,onshore wind,-0.0
high_wind,117,Bus11,onshore wind,-0.0
high_wind,117,Bus12,onshore wind,-0.0
high_wind,117,Bus13,onshore wind,-0.0
high_wind,117,Bus14,onshore wind,-0.0
high_wind,117,Bus15,onshore wind,-0.0
high_wind,117,Bus16,onshore wind,-0.0
high_wind,117,Bus17,onshore wind,-0.0
high_wind,117,Bus18,onshore wind,-0.0
high_wind,117,Bus19,onshore wind,-0.0
high_wind,117,Bus20,onshore wind,0.0
high_wind,118,Bus1,onshore wind,4108.1085
high_wind,118,Bus2,onshore wind,5770.5441
high_wind,118,Bus3,onshore wind,5705.8442
high_wind,118,Bus4,onshore wind,-0.0
high_wind,118,Bus5,onshore wind,0.0
high_wind,118,Bus6,onshore wind,-0.0
high_wind,118,Bus7,onshore wind,-0.0
high_wind,118,Bus8,onshore wind,-0.0
high_wind,118,Bus9,onshore wind,-0.0
high_wind,118,Bus10,onshore wind,-0.0
high_wind,118,Bus11,onshore wind,-0.0
high_wind,118,Bus12,onshore wind,-0.0
high_wind,118,Bus13,onshore wind,-0.0
high_wind,118,Bus14,onshore wind,-0.0
high_wind,118,Bus15,onshore wind,-0.0
high_wind,118,Bus16,onshore wind,-0.0
high_wind,118,Bus17,onshore wind,-0.0
high_wind,118,Bus18,onshore wind,-0.0
high_wind,118,Bus19,onshore wind,-0.0
high_wind,118,Bus20,onshore wind,0.0
high_wind,119,Bus1,onshore wind,6506.5716
high_wind,119,Bus2,onshore wind,7276.1803
high_wind,119,Bus3,onshore wind,-0.0
high_wind,119,Bus4,onshore wind,-0.0
high_wind,119,Bus5,onshore wind,2182.9377
high_wind,119,Bus6,onshore wind,-0.0
high_wind,119,Bus7,onshore wind,-0.0
high_wind,119,Bus8,onshore wind,-0.0
high_wind,119,Bus9,onshore wind,-0.0
high_wind,119,Bus10,onshore wind,-0.0
high_wind,119,Bus11,onshore wind,-0.0
high_wind,119,Bus12,onshore wind,-0.0
high_wind,119,Bus13,onshore wind,-0.0
high_wind,119,Bus14,onshore wind,-0.0
high_wind,119,Bus15,onshore wind,-0.0
high_wind,119,Bus16,onshore wind,-0.0
high_wind,119,Bus17,onshore wind,-0.0
high_wind,119,Bus18,onshore wind,-0.0
high_wind,119,Bus19,onshore wind,-0.0
high_wind,119,Bus20,onshore wind,0.0
high_wind,120,Bus1,onshore wind,4221.7414
high_wind,120,Bus2,onshore wind,5202.9564
high_wind,120,Bus3,onshore wind,-0.0
high_wind,120,Bus4,onshore wind,-0.0
high_wind,120,Bus5,onshore wind,3714.1708
high_wind,120,Bus6,onshore wind,-0.0
high_wind,120,Bus7,onshore wind,0.0
high_wind,120,Bus8,onshore wind,-0.0
high_wind,120,Bus9,onshore wind,-0.0
high_wind,120,Bus10,onshore wind,-0.0
high_wind,120,Bus11,onshore wind,-0.0
high_wind,120,Bus12,onshore wind,-0.0
high_wind,120,Bus13,onshore wind,-0.0
high_wind,120,Bus14,onshore wind,-0.0
high_wind,120,Bus15,onshore wind,-0.0
high_wind,120,Bus16,onshore wind,-0.0
high_wind,120,Bus17,onshore wind,-0.0
high_wind,120,Bus18,onshore wind,-0.0
high_wind,120,Bus19,onshore wind,-0.0
high_wind,120,Bus20,onshore wind,0.0
high_wind,121,Bus1,onshore wind,9039.6164
high_wind,121,Bus2,onshore wind,5696.7341
high_wind,121,Bus3,onshore wind,7253.1312
high_wind,121,Bus4,onshore wind,-0.0
high_wind,121,Bus5,onshore wind,0.0
high_wind,121,Bus6,onshore wind,-0.0
high_wind,121,Bus7,onshore wind,0.0
high_wind,121,Bus8,onshore wind,-0.0
high_wind,121,Bus9,onshore wind,-0.0
high_wind,121,Bus10,onshore wind,-0.0
high_wind,121,Bus11,onshore wind,-0.0
high_wind,121,Bus12,onshore wind,-0.0
high_wind,121,Bus13,onshore wind,-0.0
high_wind,121,Bus14,onshore wind,-0.0
high_wind,121,Bus15,onshore wind,-0.0
high_wind,121,Bus16,onshore wind,-0.0
high_wind,121,Bus17,onshore wind,-0.0
high_wind,121,Bus18,onshore wind,-0.0
high_wind,121,Bus19,onshore wind,0.0
high_wind,121,Bus20,onshore wind,0.0
high_wind,122,Bus1,onshore wind,6278.9791
high_wind,122,Bus2,onshore wind,7139.1944
high_wind,122,Bus3,onshore wind,-0.0
high_wind,122,Bus4,onshore wind,-0.0
high_wind,122,Bus5,onshore wind,3416.1603
high_wind,122,Bus6,onshore wind,-0.0
high_wind,122,Bus7,onshore wind,0.0
high_wind,122,Bus8,onshore wind,-0.0
high_wind,122,Bus9,onshore wind,-0.0
high_wind,122,Bus10,onshore wind,-0.0
high_wind,122,Bus11,onshore wind,-0.0
high_wind,122,Bus12,onshore wind,-0.0
high_wind,122,Bus13,onshore wind,-0.0
high_wind,122,Bus14,onshore wind,-0.0
high_wind,122,Bus15,onshore wind,-0.0
high_wind,122,Bus16,onshore wind,-0.0
high_wind,122,Bus17,onshore wind,-0.0
high_wind,122,Bus18,onshore wind,0.0
high_wind,122,Bus19,onshore wind,0.0
high_wind,122,Bus20,onshore wind,-0.0
high_wind,123,Bus1,onshore wind,4467.7211
high_wind,123,Bus2,onshore wind,8272.461
high_wind,123,Bus3,onshore wind,5505.1324
high_wind,123,Bus4,onshore wind,-0.0
high_wind,123,Bus5,onshore wind,-0.0
high_wind,123,Bus6,onshore wind,-0.0
high_wind,123,Bus7,onshore wind,0.0
high_wind,123,Bus8,onshore wind,-0.0
high_wind,123,Bus9,onshore wind,-0.0
high_wind,123,Bus10,onshore wind,-0.0
high_wind,123,Bus11,onshore wind,-0.0
high_wind,123,Bus12,onshore wind,-0.0
high_wind,123,Bus13,onshore wind,-0.0
high_wind,123,Bus14,onshore wind,-0.0
high_wind,123,Bus15,onshore wind,-0.0
high_wind,123,Bus16,onshore wind,-0.0
high_wind,123,Bus17,onshore wind,-0.0
high_wind,123,Bus18,onshore wind,-0.0
high_wind,123,Bus19,onshore wind,0.0
high_wind,123,Bus20,onshore wind,-0.0
high_wind,124,Bus1,onshore wind,4582.6261
high_wind,124,Bus2,onshore wind,9393.1092
high_wind,124,Bus3,onshore wind,-0.0
high_wind,124,Bus4,onshore wind,4618.6758
high_wind,124,Bus5,onshore wind,-0.0
high_wind,124,Bus6,onshore wind,-0.0
high_wind,124,Bus7,onshore wind,-0.0
high_wind,124,Bus8,onshore wind,-0.0
high_wind,124,Bus9,onshore wind,-0.0
high_wind,124,Bus10,onshore wind,-0.0
high_wind,124,Bus11,onshore wind,-0.0
high_wind,124,Bus12,onshore wind,-0.0
high_wind,124,Bus13,onshore wind,-0.0
high_wind,124,Bus14,onshore wind,-0.0
high_wind,124,Bus15,onshore wind,-0.0
high_wind,124,Bus16,onshore wind,-0.0
high_wind,124,Bus17,onshore wind,-0.0
high_wind,124,Bus18,onshore wind,-0.0
high_wind,124,Bus19,onshore wind,0.0
high_wind,124,Bus20,onshore wind,-0.0
high_wind,125,Bus1,onshore wind,7360.8637
high_wind,125,Bus2,onshore wind,11424.69
high_wind,125,Bus3,onshore wind,1408.8642
high_wind,125,Bus4,onshore wind,-0.0
high_wind,125,Bus5,onshore wind,0.0
high_wind,125,Bus6,onshore wind,-0.0
high_wind,125,Bus7,onshore wind,-0.0
high_wind,125,Bus8,onshore wind,-0.0
high_wind,125,Bus9,onshore wind,-0.0
high_wind,125,Bus10,onshore wind,-0.0
high_wind,125,Bus11,onshore wind,-0.0
high_wind,125,Bus12,onshore wind,-0.0
high_wind,125,Bus13,onshore wind,-0.0
high_wind,125,Bus14,onshore wind,-0.0
high_wind,125,Bus15,onshore wind,-0.0
high_wind,125,Bus16,onshore wind,-0.0
high_wind,125,Bus17,onshore wind,-0.0
high_wind,125,Bus18,onshore wind,-0.0
high_wind,125,Bus19,onshore wind,0.0
high_wind,125,Bus20,onshore wind,-0.0
high_wind,126,Bus1,onshore wind,6752.7021
high_wind,126,Bus2,onshore wind,9312.0513
high_wind,126,Bus3,onshore wind,-0.0
high_wind,126,Bus4,onshore wind,-0.0
high_wind,126,Bus5,onshore wind,0.0
high_wind,126,Bus6,onshore wind,-0.0
high_wind,126,Bus7,onshore wind,0.0
high_wind,126,Bus8,onshore wind,-0.0
high_wind,126,Bus9,onshore wind,-0.0
high_wind,126,Bus10,onshore wind,-0.0
high_wind,126,Bus11,onshore wind,-0.0
high_wind,126,Bus12,onshore wind,-0.0
high_wind,126,Bus13,onshore wind,-0.0
high_wind,126,Bus14,onshore wind,-0.0
high_wind,126,Bus15,onshore wind,-0.0
high_wind,126,Bus16,onshore wind,-0.0
high_wind,126,Bus17,onshore wind,-0.0
high_wind,126,Bus18,onshore wind,-0.0
high_wind,126,Bus19,onshore wind,0.0
high_wind,126,Bus20,onshore wind,-0.0
high_wind,127,Bus1,onshore wind,8601.9997
high_wind,127,Bus2,onshore wind,9369.4361
high_wind,127,Bus3,onshore wind,-0.0
high_wind,127,Bus4,onshore wind,-0.0
high_wind,127,Bus5,onshore wind,3297.8258
high_wind,127,Bus6,onshore wind,0.0
high_wind,127,Bus7,onshore wind,-0.0
high_wind,127,Bus8,onshore wind,-0.0
high_wind,127,Bus9,onshore wind,-0.0
high_wind,127,Bus10,onshore wind,-0.0
high_wind,127,Bus11,onshore wind,-0.0
high_wind,127,Bus12,onshore wind,-0.0
high_wind,127,Bus13,onshore wind,-0.0
high_wind,127,Bus14,onshore wind,-0.0
high_wind,127,Bus15,onshore wind,-0.0
high_wind,127,Bus16,onshore wind,-0.0
high_wind,127,Bus17,onshore wind,-0.0
high_wind,127,Bus18,onshore wind,-0.0
high_wind,127,Bus19,onshore wind,0.0
high_wind,127,Bus20,onshore wind,0.0
high_wind,128,Bus1,onshore wind,8666.3026
high_wind,128,Bus2,onshore wind,8026.9069
high_wind,128,Bus3,onshore wind,-0.0
high_wind,128,Bus4,onshore wind,-0.0
high_wind,128,Bus5,onshore wind,0.0
high_wind,128,Bus6,onshore wind,-0.0
high_wind,128,Bus7,onshore wind,0.0
high_wind,128,Bus8,onshore wind,-0.0
high_wind,128,Bus9,onshore wind,-0.0
high_wind,128,Bus10,onshore wind,-0.0
high_wind,128,Bus11,onshore wind,-0.0
high_wind,128,Bus12,onshore wind,-0.0
high_wind,128,Bus13,onshore wind,-0.0
high_wind,128,Bus14,onshore wind,-0.0
high_wind,128,Bus15,onshore wind,-0.0
high_wind,128,Bus16,onshore wind,-0.0
high_wind,128,Bus17,onshore wind,-0.0
high_wind,128,Bus18,onshore wind,0.0
high_wind,128,Bus19,onshore wind,-0.0
high_wind,128,Bus20,onshore wind,0.0
high_wind,129,Bus1,onshore wind,8245.377
high_wind,129,Bus2,onshore wind,8246.1438
high_wind,129,Bus3,onshore wind,-0.0
high_wind,129,Bus4,onshore wind,-0.0
high_wind,129,Bus5,onshore wind,3292.0965
high_wind,129,Bus6,onshore wind,0.0
high_wind,129,Bus7,onshore wind,-0.0
high_wind,129,Bus8,onshore wind,-0.0
high_wind,129,Bus9,onshore wind,-0.0
high_wind,129,Bus10,onshore wind,-0.0
high_wind,129,Bus11,onshore wind,-0.0
high_wind,129,Bus12,onshore wind,-0.0
high_wind,129,Bus13,onshore wind,-0.0
high_wind,129,Bus14,onshore wind,-0.0
high_wind,129,Bus15,onshore wind,-0.0
high_wind,129,Bus16,onshore wind,-0.0
high_wind,129,Bus17,onshore wind,-0.0
high_wind,129,Bus18,onshore wind,0.0
high_wind,129,Bus19,onshore wind,0.0
high_wind,129,Bus20,onshore wind,-0.0
high_wind,130,Bus1,onshore wind,7446.3296
high_wind,130,Bus2,onshore wind,5600.0698
high_wind,130,Bus3,onshore wind,-0.0
high_wind,130,Bus4,onshore wind,0.0
high_wind,130,Bus5,onshore wind,-0.0
high_wind,130,Bus6,onshore wind,0.0
high_wind,130,Bus7,onshore wind,-0.0
high_wind,130,Bus8,onshore wind,-0.0
high_wind,130,Bus9,onshore wind,-0.0
high_wind,130,Bus10,onshore wind,-0.0
high_wind,130,Bus11,onshore wind,-0.0
high_wind,130,Bus12,onshore wind,-0.0
high_wind,130,Bus13,onshore wind,-0.0
high_wind,130,Bus14,onshore wind,-0.0
high_wind,130,Bus15,onshore wind,-0.0
high_wind,130,Bus16,onshore wind,-0.0
high_wind,130,Bus17,onshore wind,-0.0
high_wind,130,Bus18,onshore wind,-0.0
high_wind,130,Bus19,onshore wind,0.0
high_wind,130,Bus20,onshore wind,0.0
high_wind,131,Bus1,onshore wind,6761.6937
high_wind,131,Bus2,onshore wind,2203.024
high_wind,131,Bus3,onshore wind,-0.0
high_wind,131,Bus4,onshore wind,-0.0
high_wind,131,Bus5,onshore wind,0.0
high_wind,131,Bus6,onshore wind,0.0
high_wind,131,Bus7,onshore wind,-0.0
high_wind,131,Bus8,onshore wind,-0.0
high_wind,131,Bus9,onshore wind,-0.0
high_wind,131,Bus10,onshore wind,-0.0
high_wind,131,Bus11,onshore wind,-0.0
high_wind,131,Bus12,onshore wind,-0.0
high_wind,131,Bus13,onshore wind,-0.0
high_wind,131,Bus14,onshore wind,-0.0
high_wind,131,Bus15,onshore wind,-0.0
high_wind,131,Bus16,onshore wind,-0.0
high_wind,131,Bus17,onshore wind,-0.0
high_wind,131,Bus18,onshore wind,-0.0
high_wind,131,Bus19,onshore wind,0.0
high_wind,131,Bus20,onshore wind,-0.0
high_wind,132,Bus1,onshore wind,8630.0048
high_wind,132,Bus2,onshore wind,7055.1113
high_wind,132,Bus3,onshore wind,-0.0
high_wind,132,Bus4,onshore wind,0.0
high_wind,132,Bus5,onshore wind,-0.0
high_wind,132,Bus6,onshore wind,0.0
high_wind,132,Bus7,onshore wind,-0.0
high_wind,132,Bus8,onshore wind,-0.0
high_wind,132,Bus9,onshore wind,-0.0
high_wind,132,Bus10,onshore wind,-0.0
high_wind,132,Bus11,onshore wind,-0.0
high_wind,132,Bus12,onshore wind,-0.0
high_wind,132,Bus13,onshore wind,-0.0
high_wind,132,Bus14,onshore wind,-0.0
high_wind,132,Bus15,onshore wind,-0.0
high_wind,132,Bus16,onshore wind,-0.0
high_wind,132,Bus17,onshore wind,-0.0
high_wind,132,Bus18,onshore wind,-0.0
high_wind,132,Bus19,onshore wind,0.0
high_wind,132,Bus20,onshore wind,-0.0
high_wind,133,Bus1,onshore wind,10792.547
high_wind,133,Bus2,onshore wind,6604.6886
high_wind,133,Bus3,onshore wind,-0.0
high_wind,133,Bus4,onshore wind,-0.0
high_wind,133,Bus5,onshore wind,-0.0
high_wind,133,Bus6,onshore wind,0.0
high_wind,133,Bus7,onshore wind,-0.0
high_wind,133,Bus8,onshore wind,-0.0
high_wind,133,Bus9,onshore wind,-0.0
high_wind,133,Bus10,onshore wind,-0.0
high_wind,133,Bus11,onshore wind,-0.0
high_wind,133,Bus12,onshore wind,-0.0
high_wind,133,Bus13,onshore wind,-0.0
high_wind,133,Bus14,onshore wind,-0.0
high_wind,133,Bus15,onshore wind,-0.0
high_wind,133,Bus16,onshore wind,-0.0
high_wind,133,Bus17,onshore wind,-0.0
high_wind,133,Bus18,onshore wind,0.0
high_wind,133,Bus19,onshore wind,0.0
high_wind,133,Bus20,onshore wind,-0.0
high_wind,134,Bus1,onshore wind,9974.9151
high_wind,134,Bus2,onshore wind,6337.602
high_wind,134,Bus3,onshore wind,-0.0
high_wind,134,Bus4,onshore wind,-0.0
high_wind,134,Bus5,onshore wind,0.0
high_wind,134,Bus6,onshore wind,0.0
high_wind,134,Bus7,onshore wind,-0.0
high_wind,134,Bus8,onshore wind,-0.0
high_wind,134,Bus9,onshore wind,-0.0
high_wind,134,Bus10,onshore wind,-0.0
high_wind,134,Bus11,onshore wind,-0.0
high_wind,134,Bus12,onshore wind,-0.0
high_wind,134,Bus13,onshore wind,-0.0
high_wind,134,Bus14,onshore wind,-0.0
high_wind,134,Bus15,onshore wind,-0.0
high_wind,134,Bus16,onshore wind,-0.0
high_wind,134,Bus17,onshore wind,-0.0
high_wind,134,Bus18,onshore wind,0.0
high_wind,134,Bus19,onshore wind,0.0
high_wind,134,Bus20,onshore wind,-0.0
high_wind,135,Bus1,onshore wind,7865.3484
high_wind,135,Bus2,onshore wind,3936.6561
high_wind,135,Bus3,onshore wind,-0.0
high_wind,135,Bus4,onshore wind,0.0
high_wind,135,Bus5,onshore wind,-0.0
high_wind,135,Bus6,onshore wind,0.0
high_wind,135,Bus7,onshore wind,-0.0
high_wind,135,Bus8,onshore wind,-0.0
high_wind,135,Bus9,onshore wind,-0.0
high_wind,135,Bus10,onshore wind,-0.0
high_wind,135,Bus11,onshore wind,-0.0
high_wind,135,Bus12,onshore wind,-0.0
high_wind,135,Bus13,onshore wind,-0.0
high_wind,135,Bus14,onshore wind,-0.0
high_wind,135,Bus15,onshore wind,-0.0
high_wind,135,Bus16,onshore wind,-0.0
high_wind,135,Bus17,onshore wind,0.0
high_wind,135,Bus18,onshore wind,0.0
high_wind,135,Bus19,onshore wind,0.0
high_wind,135,Bus20,onshore wind,-0.0
high_wind,136,Bus1,onshore wind,10006.454
high_wind,136,Bus2,onshore wind,7409.1682
high_wind,136,Bus3,onshore wind,-0.0
high_wind,136,Bus4,onshore wind,0.0
high_wind,136,Bus5,onshore wind,-0.0
high_wind,136,Bus6,onshore wind,0.0
high_wind,136,Bus7,onshore wind,-0.0
high_wind,136,Bus8,onshore wind,-0.0
high_wind,136,Bus9,onshore wind,-0.0
high_wind,136,Bus10,onshore wind,-0.0
high_wind,136,Bus11,onshore wind,-0.0
high_wind,136,Bus12,onshore wind,-0.0
high_wind,136,Bus13,onshore wind,-0.0
high_wind,136,Bus14,onshore wind,-0.0
high_wind,136,Bus15,onshore wind,-0.0
high_wind,136,Bus16,onshore wind,-0.0
high_wind,136,Bus17,onshore wind,0.0
high_wind,136,Bus18,onshore wind,0.0
high_wind,136,Bus19,onshore wind,-0.0
high_wind,136,Bus20,onshore wind,-0.0
high_wind,137,Bus1,onshore wind,10269.642
high_wind,137,Bus2,onshore wind,2123.5314
high_wind,137,Bus3,onshore wind,-0.0
high_wind,137,Bus4,onshore wind,0.0
high_wind,137,Bus5,onshore wind,-0.0
high_wind,137,Bus6,onshore wind,0.0
high_wind,137,Bus7,onshore wind,-0.0
high_wind,137,Bus8,onshore wind,-0.0
high_wind,137,Bus9,onshore wind,-0.0
high_wind,137,Bus10,onshore wind,-0.0
high_wind,137,Bus11,onshore wind,-0.0
high_wind,137,Bus12,onshore wind,-0.0
high_wind,137,Bus13,onshore wind,-0.0
high_wind,137,Bus14,onshore wind,-0.0
high_wind,137,Bus15,onshore wind,-0.0
high_wind,137,Bus16,onshore wind,-0.0
high_wind,137,Bus17,onshore wind,-0.0
high_wind,137,Bus18,onshore wind,0.0
high_wind,137,Bus19,onshore wind,0.0
high_wind,137,Bus20,onshore wind,-0.0
high_wind,138,Bus1,onshore wind,8244.3625
high_wind,138,Bus2,onshore wind,4056.0227
high_wind,138,Bus3,onshore wind,-0.0
high_wind,138,Bus4,onshore wind,-0.0
high_wind,138,Bus5,onshore wind,-0.0
high_wind,138,Bus6,onshore wind,0.0
high_wind,138,Bus7,onshore wind,-0.0
high_wind,138,Bus8,onshore wind,-0.0
high_wind,138,Bus9,onshore wind,-0.0
high_wind,138,Bus10,onshore wind,-0.0
high_wind,138,Bus11,onshore wind,-0.0
high_wind,138,Bus12,onshore wind,-0.0
high_wind,138,Bus13,onshore wind,-0.0
high_wind,138,Bus14,onshore wind,-0.0
high_wind,138,Bus15,onshore wind,-0.0
high_wind,138,Bus16,onshore wind,-0.0
high_wind,138,Bus17,onshore wind,-0.0
high_wind,138,Bus18,onshore wind,0.0
high_wind,138,Bus19,onshore wind,-0.0
high_wind,138,Bus20,onshore wind,-0.0
high_wind,139,Bus1,onshore wind,9615.4666
high_wind,139,Bus2,onshore wind,4825.1066
high_wind,139,Bus3,onshore wind,-0.0
high_wind,139,Bus4,onshore wind,-0.0
high_wind,139,Bus5,onshore wind,-0.0
high_wind,139,Bus6,onshore wind,0.0
high_wind,139,Bus7,onshore wind,-0.0
high_wind,139,Bus8,onshore wind,-0.0
high_wind,139,Bus9,onshore wind,-0.0
high_wind,139,Bus10,onshore wind,-0.0
high_wind,139,Bus11,onshore wind,-0.0
high_wind,139,Bus12,onshore wind,-0.0
high_wind,139,Bus13,onshore wind,-0.0
high_wind,139,Bus14,onshore wind,-0.0
high_wind,139,Bus15,onshore wind,-0.0
high_wind,139,Bus16,onshore wind,-0.0
high_wind,139,Bus17,onshore wind,-0.0
high_wind,139,Bus18,onshore wind,-0.0
high_wind,139,Bus19,onshore wind,-0.0
high_wind,139,Bus20,onshore wind,0.0
high_wind,140,Bus1,onshore wind,9227.3577
high_wind,140,Bus2,onshore wind,1135.7876
high_wind,140,Bus3,onshore wind,-0.0
high_wind,140,Bus4,onshore wind,0.0
high_wind,140,Bus5,onshore wind,-0.0
high_wind,140,Bus6,onshore wind,0.0
high_wind,140,Bus7,onshore wind,-0.0
high_wind,140,Bus8,onshore wind,-0.0
high_wind,140,Bus9,onshore wind,-0.0
high_wind,140,Bus10,onshore wind,-0.0
high_wind,140,Bus11,onshore wind,-0.0
high_wind,140,Bus12,onshore wind,-0.0
high_wind,140,Bus13,onshore wind,-0.0
high_wind,140,Bus14,onshore wind,-0.0
high_wind,140,Bus15,onshore wind,-0.0
high_wind,140,Bus16,onshore wind,-0.0
high_wind,140,Bus17,onshore wind,-0.0
high_wind,140,Bus18,onshore wind,0.0
high_wind,140,Bus19,onshore wind,-0.0
high_wind,140,Bus20,onshore wind,0.0
high_wind,141,Bus1,onshore wind,7126.7252
high_wind,141,Bus2,onshore wind,677.60765
high_wind,141,Bus3,onshore wind,-0.0
high_wind,141,Bus4,onshore wind,0.0
high_wind,141,Bus5,onshore wind,-0.0
high_wind,141,Bus6,onshore wind,0.0
high_wind,141,Bus7,onshore wind,-0.0
high_wind,141,Bus8,onshore wind,-0.0
high_wind,141,Bus9,onshore wind,-0.0
high_wind,141,Bus10,onshore wind,-0.0
high_wind,141,Bus11,onshore wind,-0.0
high_wind,141,Bus12,onshore wind,-0.0
high_wind,141,Bus13,onshore wind,-0.0
high_wind,141,Bus14,onshore wind,-0.0
high_wind,141,Bus15,onshore wind,-0.0
high_wind,141,Bus16,onshore wind,-0.0
high_wind,141,Bus17,onshore wind,0.0
high_wind,141,Bus18,onshore wind,0.0
high_wind,141,Bus19,onshore wind,-0.0
high_wind,141,Bus20,onshore wind,0.0
high_wind,142,Bus1,onshore wind,8002.6817
high_wind,142,Bus2,onshore wind,-0.0
high_wind,142,Bus3,onshore wind,-0.0
high_wind,142,Bus4,onshore wind,0.0
high_wind,142,Bus5,onshore wind,-0.0
high_wind,142,Bus6,onshore wind,-0.0
high_wind,142,Bus7,onshore wind,0.0
high_wind,142,Bus8,onshore wind,-0.0
high_wind,142,Bus9,onshore wind,-0.0
high_wind,142,Bus10,onshore wind,-0.0
high_wind,142,Bus11,onshore wind,-0.0
high_wind,142,Bus12,onshore wind,-0.0
high_wind,142,Bus13,onshore wind,-0.0
high_wind,142,Bus14,onshore wind,-0.0
high_wind,142,Bus15,onshore wind,-0.0
high_wind,142,Bus16,onshore wind,-0.0
high_wind,142,Bus17,onshore wind,0.0
high_wind,142,Bus18,onshore wind,0.0
high_wind,142,Bus19,onshore wind,-0.0
high_wind,142,Bus20,onshore wind,0.0
high_wind,143,Bus1,onshore wind,8950.6335
high_wind,143,Bus2,onshore wind,2732.9373
high_wind,143,Bus3,onshore wind,-0.0
high_wind,143,Bus4,onshore wind,-0.0
high_wind,143,Bus5,onshore wind,-0.0
high_wind,143,Bus6,onshore wind,0.0
high_wind,143,Bus7,onshore wind,-0.0
high_wind,143,Bus8,onshore wind,-0.0
high_wind,143,Bus9,onshore wind,-0.0
high_wind,143,Bus10,onshore wind,-0.0
high_wind,143,Bus11,onshore wind,-0.0
high_wind,143,Bus12,onshore wind,-0.0
high_wind,143,Bus13,onshore wind,-0.0
high_wind,143,Bus14,onshore wind,-0.0
high_wind,143,Bus15,onshore wind,-0.0
high_wind,143,Bus16,onshore wind,-0.0
high_wind,143,Bus17,onshore wind,0.0
high_wind,143,Bus18,onshore wind,0.0
high_wind,143,Bus19,onshore wind,0.0
high_wind,143,Bus20,onshore wind,-0.0
high_wind,144,Bus1,onshore wind,9317.7151
high_wind,144,Bus2,onshore wind,4034.7223
high_wind,144,Bus3,onshore wind,-0.0
high_wind,144,Bus4,onshore wind,-0.0
high_wind,144,Bus5,onshore wind,-0.0
high_wind,144,Bus6,onshore wind,-0.0
high_wind,144,Bus7,onshore wind,0.0
high_wind,144,Bus8,onshore wind,-0.0
high_wind,144,Bus9,onshore wind,-0.0
high_wind,144,Bus10,onshore wind,-0.0
high_wind,144,Bus11,onshore wind,-0.0
high_wind,144,Bus12,onshore wind,-0.0
high_wind,144,Bus13,onshore wind,-0.0
high_wind,144,Bus14,onshore wind,-0.0
high_wind,144,Bus15,onshore wind,-0.0
high_wind,144,Bus16,onshore wind,-0.0
high_wind,144,Bus17,onshore wind,-0.0
high_wind,144,Bus18,onshore wind,0.0
high_wind,144,Bus19,onshore wind,0.0
high_wind,144,Bus20,onshore wind,-0.0
high_wind,145,Bus1,onshore wind,8836.2021
high_wind,145,Bus2,onshore wind,5281.8016
high_wind,145,Bus3,onshore wind,1933.3124
high_wind,145,Bus4,onshore wind,2325.4114
high_wind,145,Bus5,onshore wind,-0.0
high_wind,145,Bus6,onshore wind,-0.0
high_wind,145,Bus7,onshore wind,0.0
high_wind,145,Bus8,onshore wind,-0.0
high_wind,145,Bus9,onshore wind,-0.0
high_wind,145,Bus10,onshore wind,-0.0
high_wind,145,Bus11,onshore wind,-0.0
high_wind,145,Bus12,onshore wind,-0.0
high_wind,145,Bus13,onshore wind,-0.0
high_wind,145,Bus14,onshore wind,-0.0
high_wind,145,Bus15,onshore wind,-0.0
high_wind,145,Bus16,onshore wind,-0.0
high_wind,145,Bus17,onshore wind,-0.0
high_wind,145,Bus18,onshore wind,0.0
high_wind,145,Bus19,onshore wind,-0.0
high_wind,145,Bus20,onshore wind,0.0
high_wind,146,Bus1,onshore wind,2866.6765
high_wind,146,Bus2,onshore wind,6433.2397
high_wind,146,Bus3,onshore wind,-0.0
high_wind,146,Bus4,onshore wind,-0.0
high_wind,146,Bus5,onshore wind,-0.0
high_wind,146,Bus6,onshore wind,-0.0
high_wind,146,Bus7,onshore wind,0.0
high_wind,146,Bus8,onshore wind,-0.0
high_wind,146,Bus9,onshore wind,-0.0
high_wind,146,Bus10,onshore wind,-0.0
high_wind,146,Bus11,onshore wind,-0.0
high_wind,146,Bus12,onshore wind,-0.0
high_wind,146,Bus13,onshore wind,-0.0
high_wind,146,Bus14,onshore wind,-0.0
high_wind,146,Bus15,onshore wind,-0.0
high_wind,146,Bus16,onshore wind,-0.0
high_wind,146,Bus17,onshore wind,-0.0
high_wind,146,Bus18,onshore wind,0.0
high_wind,146,Bus19,onshore wind,0.0
high_wind,146,Bus20,onshore wind,-0.0
high_wind,147,Bus1,onshore wind,4949.3526
high_wind,147,Bus2,onshore wind,5473.5186
high_wind,147,Bus3,onshore wind,-0.0
high_wind,147,Bus4,onshore wind,3299.7453
high_wind,147,Bus5,onshore wind,-0.0
high_wind,147,Bus6,onshore wind,-0.0
high_wind,147,Bus7,onshore wind,0.0
high_wind,147,Bus8,onshore wind,-0.0
high_wind,147,Bus9,onshore wind,-0.0
high_wind,147,Bus10,onshore wind,-0.0
high_wind,147,Bus11,onshore wind,-0.0
high_wind,147,Bus12,onshore wind,-0.0
high_wind,147,Bus13,onshore wind,-0.0
high_wind,147,Bus14,onshore wind,-0.0
high_wind,147,Bus15,onshore wind,-0.0
high_wind,147,Bus16,onshore wind,-0.0
high_wind,147,Bus17,onshore wind,-0.0
high_wind,147,Bus18,onshore wind,0.0
high_wind,147,Bus19,onshore wind,-0.0
high_wind,147,Bus20,onshore wind,0.0
high_wind,148,Bus1,onshore wind,6687.2056
high_wind,148,Bus2,onshore wind,7103.8587
high_wind,148,Bus3,onshore wind,4821.5275
high_wind,148,Bus4,onshore wind,-0.0
high_wind,148,Bus5,onshore wind,-0.0
high_wind,148,Bus6,onshore wind,-0.0
high_wind,148,Bus7,onshore wind,0.0
high_wind,148,Bus8,onshore wind,-0.0
high_wind,148,Bus9,onshore wind,-0.0
high_wind,148,Bus10,onshore wind,-0.0
high_wind,148,Bus11,onshore wind,-0.0
high_wind,148,Bus12,onshore wind,-0.0
high_wind,148,Bus13,onshore wind,-0.0
high_wind,148,Bus14,onshore wind,-0.0
high_wind,148,Bus15,onshore wind,-0.0
high_wind,148,Bus16,onshore wind,-0.0
high_wind,148,Bus17,onshore wind,0.0
high_wind,148,Bus18,onshore wind,0.0
high_wind,148,Bus19,onshore wind,0.0
high_wind,148,Bus20,onshore wind,-0.0
high_wind,149,Bus1,onshore wind,6262.7781
high_wind,149,Bus2,onshore wind,2627.5497
high_wind,149,Bus3,onshore wind,-0.0
high_wind,149,Bus4,onshore wind,-0.0
high_wind,149,Bus5,onshore wind,8811.7289
high_wind,149,Bus6,onshore wind,0.0
high_wind,149,Bus7,onshore wind,-0.0
high_wind,149,Bus8,onshore wind,-0.0
high_wind,149,Bus9,onshore wind,-0.0
high_wind,149,Bus10,onshore wind,-0.0
high_wind,149,Bus11,onshore wind,-0.0
high_wind,149,Bus12,onshore wind,-0.0
high_wind,149,Bus13,onshore wind,-0.0
high_wind,149,Bus14,onshore wind,-0.0
high_wind,149,Bus15,onshore wind,-0.0
high_wind,149,Bus16,onshore wind,-0.0
high_wind,149,Bus17,onshore wind,0.0
high_wind,149,Bus18,onshore wind,0.0
high_wind,149,Bus19,onshore wind,-0.0
high_wind,149,Bus20,onshore wind,0.0
high_wind,150,Bus1,onshore wind,5870.5535
high_wind,150,Bus2,onshore wind,5058.7106
high_wind,150,Bus3,onshore wind,1131.9692
high_wind,150,Bus4,onshore wind,3661.208
high_wind,150,Bus5,onshore wind,95.942334
high_wind,150,Bus6,onshore wind,-0.0
high_wind,150,Bus7,onshore wind,0.0
high_wind,150,Bus8,onshore wind,-0.0
high_wind,150,Bus9,onshore wind,-0.0
high_wind,150,Bus10,onshore wind,-0.0
high_wind,150,Bus11,onshore wind,-0.0
high_wind,150,Bus12,onshore wind,-0.0
high_wind,150,Bus13,onshore wind,-0.0
high_wind,150,Bus14,onshore wind,-0.0
high_wind,150,Bus15,onshore wind,-0.0
high_wind,150,Bus16,onshore wind,-0.0
high_wind,150,Bus17,onshore wind,0.0
high_wind,150,Bus18,onshore wind,0.0
high_wind,150,Bus19,onshore wind,0.0
high_wind,150,Bus20,onshore wind,-0.0
high_wind,151,Bus1,onshore wind,10520.308
high_wind,151,Bus2,onshore wind,4064.7146
high_wind,151,Bus3,onshore wind,-0.0
high_wind,151,Bus4,onshore wind,-0.0
high_wind,151,Bus5,onshore wind,4377.9594
high_wind,151,Bus6,onshore wind,-0.0
high_wind,151,Bus7,onshore wind,0.0
high_wind,151,Bus8,onshore wind,-0.0
high_wind,151,Bus9,onshore wind,-0.0
high_wind,151,Bus10,onshore wind,-0.0
high_wind,151,Bus11,onshore wind,-0.0
high_wind,151,Bus12,onshore wind,-0.0
high_wind,151,Bus13,onshore wind,-0.0
high_wind,151,Bus14,onshore wind,-0.0
high_wind,151,Bus15,onshore wind,-0.0
high_wind,151,Bus16,onshore wind,-0.0
high_wind,151,Bus17,onshore wind,-0.0
high_wind,151,Bus18,onshore wind,0.0
high_wind,151,Bus19,onshore wind,-0.0
high_wind,151,Bus20,onshore wind,0.0
high_wind,152,Bus1,onshore wind,5286.186
high_wind,152,Bus2,onshore wind,7180.7989
high_wind,152,Bus3,onshore wind,5811.3615
high_wind,152,Bus4,onshore wind,-0.0
high_wind,152,Bus5,onshore wind,154.12935
high_wind,152,Bus6,onshore wind,-0.0
high_wind,152,Bus7,onshore wind,0.0
high_wind,152,Bus8,onshore wind,-0.0
high_wind,152,Bus9,onshore wind,-0.0
high_wind,152,Bus10,onshore wind,-0.0
high_wind,152,Bus11,onshore wind,-0.0
high_wind,152,Bus12,onshore wind,-0.0
high_wind,152,Bus13,onshore wind,-0.0
high_wind,152,Bus14,onshore wind,-0.0
high_wind,152,Bus15,onshore wind,-0.0
high_wind,152,Bus16,onshore wind,-0.0
high_wind,152,Bus17,onshore wind,-0.0
high_wind,152,Bus18,onshore wind,-0.0
high_wind,152,Bus19,onshore wind,0.0
high_wind,152,Bus20,onshore wind,0.0
high_wind,153,Bus1,onshore wind,5874.288
high_wind,153,Bus2,onshore wind,2854.5559
high_wind,153,Bus3,onshore wind,5026.8862
high_wind,153,Bus4,onshore wind,4317.2444
high_wind,153,Bus5,onshore wind,-0.0
high_wind,153,Bus6,onshore wind,-0.0
high_wind,153,Bus7,onshore wind,0.0
high_wind,153,Bus8,onshore wind,-0.0
high_wind,153,Bus9,onshore wind,-0.0
high_wind,153,Bus10,onshore wind,-0.0
high_wind,153,Bus11,onshore wind,-0.0
high_wind,153,Bus12,onshore wind,-0.0
high_wind,153,Bus13,onshore wind,-0.0
high_wind,153,Bus14,onshore wind,-0.0
high_wind,153,Bus15,onshore wind,-0.0
high_wind,153,Bus16,onshore wind,-0.0
high_wind,153,Bus17,onshore wind,-0.0
high_wind,153,Bus18,onshore wind,0.0
high_wind,153,Bus19,onshore wind,-0.0
high_wind,153,Bus20,onshore wind,0.0
high_wind,154,Bus1,onshore wind,5401.3342
high_wind,154,Bus2,onshore wind,3038.9817
high_wind,154,Bus3,onshore wind,6593.2385
high_wind,154,Bus4,onshore wind,-0.0
high_wind,154,Bus5,onshore wind,2576.9185
high_wind,154,Bus6,onshore wind,-0.0
high_wind,154,Bus7,onshore wind,0.0
high_wind,154,Bus8,onshore wind,-0.0
high_wind,154,Bus9,onshore wind,-0.0
high_wind,154,Bus10,onshore wind,-0.0
high_wind,154,Bus11,onshore wind,-0.0
high_wind,154,Bus12,onshore wind,-0.0
high_wind,154,Bus13,onshore wind,-0.0
high_wind,154,Bus14,onshore wind,-0.0
high_wind,154,Bus15,onshore wind,-0.0
high_wind,154,Bus16,onshore wind,-0.0
high_wind,154,Bus17,onshore wind,-0.0
high_wind,154,Bus18,onshore wind,0.0
high_wind,154,Bus19,onshore wind,-0.0
high_wind,154,Bus20,onshore wind,0.0
high_wind,155,Bus1,onshore wind,4809.6481
high_wind,155,Bus2,onshore wind,3686.4541
high_wind,155,Bus3,onshore wind,5933.5799
high_wind,155,Bus4,onshore wind,4627.6122
high_wind,155,Bus5,onshore wind,-0.0
high_wind,155,Bus6,onshore wind,-0.0
high_wind,155,Bus7,onshore wind,0.0
high_wind,155,Bus8,onshore wind,-0.0
high_wind,155,Bus9,onshore wind,-0.0
high_wind,155,Bus10,onshore wind,-0.0
high_wind,155,Bus11,onshore wind,-0.0
high_wind,155,Bus12,onshore wind,-0.0
high_wind,155,Bus13,onshore wind,-0.0
high_wind,155,Bus14,onshore wind,-0.0
high_wind,155,Bus15,onshore wind,-0.0
high_wind,155,Bus16,onshore wind,-0.0
high_wind,155,Bus17,onshore wind,-0.0
high_wind,155,Bus18,onshore wind,-0.0
high_wind,155,Bus19,onshore wind,0.0
high_wind,155,Bus20,onshore wind,0.0
high_wind,156,Bus1,onshore wind,3287.8391
high_wind,156,Bus2,onshore wind,1735.6082
high_wind,156,Bus3,onshore wind,-0.0
high_wind,156,Bus4,onshore wind,-0.0
high_wind,156,Bus5,onshore wind,9510.9055
high_wind,156,Bus6,onshore wind,-0.0
high_wind,156,Bus7,onshore wind,0.0
high_wind,156,Bus8,onshore wind,-0.0
high_wind,156,Bus9,onshore wind,-0.0
high_wind,156,Bus10,onshore wind,-0.0
high_wind,156,Bus11,onshore wind,-0.0
high_wind,156,Bus12,onshore wind,-0.0
high_wind,156,Bus13,onshore wind,-0.0
high_wind,156,Bus14,onshore wind,-0.0
high_wind,156,Bus15,onshore wind,-0.0
high_wind,156,Bus16,onshore wind,-0.0
high_wind,156,Bus17,onshore wind,0.0
high_wind,156,Bus18,onshore wind,0.0
high_wind,156,Bus19,onshore wind,-0.0
high_wind,156,Bus20,onshore wind,0.0
high_wind,157,Bus1,onshore wind,4894.9542
high_wind,157,Bus2,onshore wind,4510.0644
high_wind,157,Bus3,onshore wind,-0.0
high_wind,157,Bus4,onshore wind,8023.9452
high_wind,157,Bus5,onshore wind,-0.0
high_wind,157,Bus6,onshore wind,-0.0
high_wind,157,Bus7,onshore wind,0.0
high_wind,157,Bus8,onshore wind,-0.0
high_wind,157,Bus9,onshore wind,-0.0
high_wind,157,Bus10,onshore wind,-0.0
high_wind,157,Bus11,onshore wind,-0.0
high_wind,157,Bus12,onshore wind,-0.0
high_wind,157,Bus13,onshore wind,-0.0
high_wind,157,Bus14,onshore wind,-0.0
high_wind,157,Bus15,onshore wind,-0.0
high_wind,157,Bus16,onshore wind,-0.0
high_wind,157,Bus17,onshore wind,-0.0
high_wind,157,Bus18,onshore wind,-0.0
high_wind,157,Bus19,onshore wind,0.0
high_wind,157,Bus20,onshore wind,0.0
high_wind,158,Bus1,onshore wind,2660.6915
high_wind,158,Bus2,onshore wind,4570.0516
high_wind,158,Bus3,onshore wind,9410.6049
high_wind,158,Bus4,onshore wind,-0.0
high_wind,158,Bus5,onshore wind,1844.4307
high_wind,158,Bus6,onshore wind,-0.0
high_wind,158,Bus7,onshore wind,0.0
high_wind,158,Bus8,onshore wind,-0.0
high_wind,158,Bus9,onshore wind,-0.0
high_wind,158,Bus10,onshore wind,-0.0
high_wind,158,Bus11,onshore wind,-0.0
high_wind,158,Bus12,onshore wind,-0.0
high_wind,158,Bus13,onshore wind,-0.0
high_wind,158,Bus14,onshore wind,-0.0
high_wind,158,Bus15,onshore wind,-0.0
high_wind,158,Bus16,onshore wind,-0.0
high_wind,158,Bus17,onshore wind,-0.0
high_wind,158,Bus18,onshore wind,-0.0
high_wind,158,Bus19,onshore wind,-0.0
high_wind,158,Bus20,onshore wind,0.0
high_wind,159,Bus1,onshore wind,3594.368
high_wind,159,Bus2,onshore wind,6367.9335
high_wind,159,Bus3,onshore wind,6859.1429
high_wind,159,Bus4,onshore wind,-0.0
high_wind,159,Bus5,onshore wind,-0.0
high_wind,159,Bus6,onshore wind,-0.0
high_wind,159,Bus7,onshore wind,0.0
high_wind,159,Bus8,onshore wind,-0.0
high_wind,159,Bus9,onshore wind,-0.0
high_wind,159,Bus10,onshore wind,-0.0
high_wind,159,Bus11,onshore wind,-0.0
high_wind,159,Bus12,onshore wind,-0.0
high_wind,159,Bus13,onshore wind,-0.0
high_wind,159,Bus14,onshore wind,-0.0
high_wind,159,Bus15,onshore wind,-0.0
high_wind,159,Bus16,onshore wind,-0.0
high_wind,159,Bus17,onshore wind,-0.0
high_wind,159,Bus18,onshore wind,-0.0
high_wind,159,Bus19,onshore wind,-0.0
high_wind,159,Bus20,onshore wind,0.0
high_wind,160,Bus1,onshore wind,3414.5236
high_wind,160,Bus2,onshore wind,7102.3058
high_wind,160,Bus3,onshore wind,6707.4715
high_wind,160,Bus4,onshore wind,-0.0
high_wind,160,Bus5,onshore wind,-0.0
high_wind,160,Bus6,onshore wind,-0.0
high_wind,160,Bus7,onshore wind,0.0
high_wind,160,Bus8,onshore wind,-0.0
high_wind,160,Bus9,onshore wind,-0.0
high_wind,160,Bus10,onshore wind,-0.0
high_wind,160,Bus11,onshore wind,-0.0
high_wind,160,Bus12,onshore wind,-0.0
high_wind,160,Bus13,onshore wind,-0.0
high_wind,160,Bus14,onshore wind,-0.0
high_wind,160,Bus15,onshore wind,-0.0
high_wind,160,Bus16,onshore wind,-0.0
high_wind,160,Bus17,onshore wind,-0.0
high_wind,160,Bus18,onshore wind,-0.0
high_wind,160,Bus19,onshore wind,0.0
high_wind,160,Bus20,onshore wind,-0.0
high_wind,161,Bus1,onshore wind,4517.2972
high_wind,161,Bus2,onshore wind,9854.8815
high_wind,161,Bus3,onshore wind,7742.2786
high_wind,161,Bus4,onshore wind,-0.0
high_wind,161,Bus5,onshore wind,548.53454
high_wind,161,Bus6,onshore wind,-0.0
high_wind,161,Bus7,onshore wind,0.0
high_wind,161,Bus8,onshore wind,-0.0
high_wind,161,Bus9,onshore wind,-0.0
high_wind,161,Bus10,onshore wind,-0.0
high_wind,161,Bus11,onshore wind,-0.0
high_wind,161,Bus12,onshore wind,-0.0
high_wind,161,Bus13,onshore wind,-0.0
high_wind,161,Bus14,onshore wind,-0.0
high_wind,161,Bus15,onshore wind,-0.0
high_wind,161,Bus16,onshore wind,-0.0
high_wind,161,Bus17,onshore wind,-0.0
high_wind,161,Bus18,onshore wind,-0.0
high_wind,161,Bus19,onshore wind,0.0
high_wind,161,Bus20,onshore wind,0.0
high_wind,162,Bus1,onshore wind,8171.6401
high_wind,162,Bus2,onshore wind,8910.6446
high_wind,162,Bus3,onshore wind,206.17348
high_wind,162,Bus4,onshore wind,-0.0
high_wind,162,Bus5,onshore wind,8032.8158
high_wind,162,Bus6,onshore wind,-0.0
high_wind,162,Bus7,onshore wind,0.0
high_wind,162,Bus8,onshore wind,-0.0
high_wind,162,Bus9,onshore wind,-0.0
high_wind,162,Bus10,onshore wind,-0.0
high_wind,162,Bus11,onshore wind,-0.0
high_wind,162,Bus12,onshore wind,-0.0
high_wind,162,Bus13,onshore wind,-0.0
high_wind,162,Bus14,onshore wind,-0.0
high_wind,162,Bus15,onshore wind,-0.0
high_wind,162,Bus16,onshore wind,-0.0
high_wind,162,Bus17,onshore wind,-0.0
high_wind,162,Bus18,onshore wind,0.0
high_wind,162,Bus19,onshore wind,0.0
high_wind,162,Bus20,onshore wind,-0.0
high_wind,163,Bus1,onshore wind,2250.2711
high_wind,163,Bus2,onshore wind,7047.4211
high_wind,163,Bus3,onshore wind,-0.0
high_wind,163,Bus4,onshore wind,-0.0
high_wind,163,Bus5,onshore wind,7555.9332
high_wind,163,Bus6,onshore wind,0.0
high_wind,163,Bus7,onshore wind,-0.0
high_wind,163,Bus8,onshore wind,-0.0
high_wind,163,Bus9,onshore wind,-0.0
high_wind,163,Bus10,onshore wind,-0.0
high_wind,163,Bus11,onshore wind,-0.0
high_wind,163,Bus12,onshore wind,-0.0
high_wind,163,Bus13,onshore wind,-0.0
high_wind,163,Bus14,onshore wind,-0.0
high_wind,163,Bus15,onshore wind,-0.0
high_wind,163,Bus16,onshore wind,-0.0
high_wind,163,Bus17,onshore wind,-0.0
high_wind,163,Bus18,onshore wind,-0.0
high_wind,163,Bus19,onshore wind,0.0
high_wind,163,Bus20,onshore wind,0.0
high_wind,164,Bus1,onshore wind,6470.4799
high_wind,164,Bus2,onshore wind,6966.6364
high_wind,164,Bus3,onshore wind,500.40547
high_wind,164,Bus4,onshore wind,-0.0
high_wind,164,Bus5,onshore wind,7635.8877
high_wind,164,Bus6,onshore wind,-0.0
high_wind,164,Bus7,onshore wind,0.0
high_wind,164,Bus8,onshore wind,-0.0
high_wind,164,Bus9,onshore wind,-0.0
high_wind,164,Bus10,onshore wind,-0.0
high_wind,164,Bus11,onshore wind,-0.0
high_wind,164,Bus12,onshore wind,-0.0
high_wind,164,Bus13,onshore wind,-0.0
high_wind,164,Bus14,onshore wind,-0.0
high_wind,164,Bus15,onshore wind,-0.0
high_wind,164,Bus16,onshore wind,-0.0
high_wind,164,Bus17,onshore wind,-0.0
high_wind,164,Bus18,onshore wind,-0.0
high_wind,164,Bus19,onshore wind,0.0
high_wind,164,Bus20,onshore wind,0.0
high_wind,165,Bus1,onshore wind,3441.526
high_wind,165,Bus2,onshore wind,9418.2572
high_wind,165,Bus3,onshore wind,4518.2511
high_wind,165,Bus4,onshore wind,-0.0
high_wind,165,Bus5,onshore wind,0.0
high_wind,165,Bus6,onshore wind,-0.0
high_wind,165,Bus7,onshore wind,0.0
high_wind,165,Bus8,onshore wind,-0.0
high_wind,165,Bus9,onshore wind,-0.0
high_wind,165,Bus10,onshore wind,-0.0
high_wind,165,Bus11,onshore wind,-0.0
high_wind,165,Bus12,onshore wind,-0.0
high_wind,165,Bus13,onshore wind,-0.0
high_wind,165,Bus14,onshore wind,-0.0
high_wind,165,Bus15,onshore wind,-0.0
high_wind,165,Bus16,onshore wind,-0.0
high_wind,165,Bus17,onshore wind,-0.0
high_wind,165,Bus18,onshore wind,-0.0
high_wind,165,Bus19,onshore wind,0.0
high_wind,165,Bus20,onshore wind,-0.0
high_wind,166,Bus1,onshore wind,5592.3182
high_wind,166,Bus2,onshore wind,7022.5101
high_wind,166,Bus3,onshore wind,-0.0
high_wind,166,Bus4,onshore wind,-0.0
high_wind,166,Bus5,onshore wind,1518.0864
high_wind,166,Bus6,onshore wind,-0.0
high_wind,166,Bus7,onshore wind,-0.0
high_wind,166,Bus8,onshore wind,-0.0
high_wind,166,Bus9,onshore wind,-0.0
high_wind,166,Bus10,onshore wind,-0.0
high_wind,166,Bus11,onshore wind,-0.0
high_wind,166,Bus12,onshore wind,-0.0
high_wind,166,Bus13,onshore wind,-0.0
high_wind,166,Bus14,onshore wind,-0.0
high_wind,166,Bus15,onshore wind,-0.0
high_wind,166,Bus16,onshore wind,-0.0
high_wind,166,Bus17,onshore wind,-0.0
high_wind,166,Bus18,onshore wind,-0.0
high_wind,166,Bus19,onshore wind,0.0
high_wind,166,Bus20,onshore wind,-0.0
high_wind,167,Bus1,onshore wind,8383.4259
high_wind,167,Bus2,onshore wind,12021.601
high_wind,167,Bus3,onshore wind,-0.0
high_wind,167,Bus4,onshore wind,-0.0
high_wind,167,Bus5,onshore wind,3297.4623
high_wind,167,Bus6,onshore wind,-0.0
high_wind,167,Bus7,onshore wind,-0.0
high_wind,167,Bus8,onshore wind,-0.0
high_wind,167,Bus9,onshore wind,-0.0
high_wind,167,Bus10,onshore wind,-0.0
high_wind,167,Bus11,onshore wind,-0.0
high_wind,167,Bus12,onshore wind,-0.0
high_wind,167,Bus13,onshore wind,-0.0
high_wind,167,Bus14,onshore wind,-0.0
high_wind,167,Bus15,onshore wind,-0.0
high_wind,167,Bus16,onshore wind,-0.0
high_wind,167,Bus17,onshore wind,-0.0
high_wind,167,Bus18,onshore wind,-0.0
high_wind,167,Bus19,onshore wind,0.0
high_wind,167,Bus20,onshore wind,-0.0
