scenario,time,bus,carrier,curtailment_mw
tight_lines,0,Bus1,onshore wind,4831.2634
tight_lines,0,Bus2,onshore wind,6247.222
tight_lines,0,Bus3,onshore wind,-0.0
tight_lines,0,Bus4,onshore wind,4384.5428
tight_lines,0,Bus5,onshore wind,-0.0
tight_lines,0,Bus6,onshore wind,-0.0
tight_lines,0,Bus7,onshore wind,-0.0
tight_lines,0,Bus8,onshore wind,-0.0
tight_lines,0,Bus9,onshore wind,-0.0
tight_lines,0,Bus10,onshore wind,-0.0
tight_lines,0,Bus11,onshore wind,-0.0
tight_lines,0,Bus12,onshore wind,-0.0
tight_lines,0,Bus13,onshore wind,-0.0
tight_lines,0,Bus14,onshore wind,-0.0
tight_lines,0,Bus15,onshore wind,-0.0
tight_lines,0,Bus16,onshore wind,-0.0
tight_lines,0,Bus17,onshore wind,-0.0
tight_lines,0,Bus18,onshore wind,-0.0
tight_lines,0,Bus19,onshore wind,-0.0
tight_lines,0,Bus20,onshore wind,-0.0
tight_lines,1,Bus1,onshore wind,5775.4011
tight_lines,1,Bus2,onshore wind,5248.1877
tight_lines,1,Bus3,onshore wind,-0.0
tight_lines,1,Bus4,onshore wind,-0.0
tight_lines,1,Bus5,onshore wind,197.24584
tight_lines,1,Bus6,onshore wind,-0.0
tight_lines,1,Bus7,onshore wind,-0.0
tight_lines,1,Bus8,onshore wind,-0.0
tight_lines,1,Bus9,onshore wind,-0.0
tight_lines,1,Bus10,onshore wind,-0.0
tight_lines,1,Bus11,onshore wind,-0.0
tight_lines,1,Bus12,onshore wind,-0.0
tight_lines,1,Bus13,onshore wind,-0.0
tight_lines,1,Bus14,onshore wind,-0.0
tight_lines,1,Bus15,onshore wind,-0.0
tight_lines,1,Bus16,onshore wind,-0.0
tight_lines,1,Bus17,onshore wind,-0.0
tight_lines,1,Bus18,onshore wind,-0.0
tight_lines,1,Bus19,onshore wind,-0.0
tight_lines,1,Bus20,onshore wind,-0.0
tight_lines,2,Bus1,onshore wind,4613.7592
tight_lines,2,Bus2,onshore wind,5712.3419
tight_lines,2,Bus3,onshore wind,-0.0
tight_lines,2,Bus4,onshore wind,1844.7292
tight_lines,2,Bus5,onshore wind,-0.0
tight_lines,2,Bus6,onshore wind,-0.0
tight_lines,2,Bus7,onshore wind,-0.0
tight_lines,2,Bus8,onshore wind,-0.0
tight_lines,2,Bus9,onshore wind,-0.0
tight_lines,2,Bus10,onshore wind,-0.0
tight_lines,2,Bus11,onshore wind,-0.0
tight_lines,2,Bus12,onshore wind,-0.0
tight_lines,2,Bus13,onshore wind,-0.0
tight_lines,2,Bus14,onshore wind,-0.0
tight_lines,2,Bus15,onshore wind,-0.0
tight_lines,2,Bus16,onshore wind,-0.0
tight_lines,2,Bus17,onshore wind,-0.0
tight_lines,2,Bus18,onshore wind,-0.0
tight_lines,2,Bus19,onshore wind,-0.0
tight_lines,2,Bus20,onshore wind,-0.0
tight_lines,3,Bus1,onshore wind,5186.9479
tight_lines,3,Bus2,onshore wind,7165.3798
tight_lines,3,Bus3,onshore wind,810.43239
tight_lines,3,Bus4,onshore wind,-0.0
tight_lines,3,Bus5,onshore wind,0.0
tight_lines,3,Bus6,onshore wind,-0.0
tight_lines,3,Bus7,onshore wind,-0.0
tight_lines,3,Bus8,onshore wind,-0.0
tight_lines,3,Bus9,onshore wind,-0.0
tight_lines,3,Bus10,onshore wind,-0.0
tight_lines,3,Bus11,onshore wind,-0.0
tight_lines,3,Bus12,onshore wind,-0.0
tight_lines,3,Bus13,onshore wind,-0.0
tight_lines,3,Bus14,onshore wind,-0.0
tight_lines,3,Bus15,onshore wind,-0.0
tight_lines,3,Bus16,onshore wind,-0.0
tight_lines,3,Bus17,onshore wind,-0.0
tight_lines,3,Bus18,onshore wind,-0.0
tight_lines,3,Bus19,onshore wind,0.0
tight_lines,3,Bus20,onshore wind,-0.0
tight_lines,4,Bus1,onshore wind,4526.2191
tight_lines,4,Bus2,onshore wind,5253.6715
tight_lines,4,Bus3,onshore wind,-0.0
tight_lines,4,Bus4,onshore wind,-0.0
tight_lines,4,Bus5,onshore wind,-0.0
tight_lines,4,Bus6,onshore wind,-0.0
tight_lines,4,Bus7,onshore wind,-0.0
tight_lines,4,Bus8,onshore wind,-0.0
tight_lines,4,Bus9,onshore wind,-0.0
tight_lines,4,Bus10,onshore wind,-0.0
tight_lines,4,Bus11,onshore wind,-0.0
tight_lines,4,Bus12,onshore wind,-0.0
tight_lines,4,Bus13,onshore wind,-0.0
tight_lines,4,Bus14,onshore wind,-0.0
tight_lines,4,Bus15,onshore wind,-0.0
tight_lines,4,Bus16,onshore wind,-0.0
tight_lines,4,Bus17,onshore wind,-0.0
tight_lines,4,Bus18,onshore wind,-0.0
tight_lines,4,Bus19,onshore wind,-0.0
tight_lines,4,Bus20,onshore wind,-0.0
tight_lines,5,Bus1,onshore wind,4670.6919
tight_lines,5,Bus2,onshore wind,6683.5413
tight_lines,5,Bus3,onshore wind,-0.0
tight_lines,5,Bus4,onshore wind,17.824359
tight_lines,5,Bus5,onshore wind,-0.0
tight_lines,5,Bus6,onshore wind,-0.0
tight_lines,5,Bus7,onshore wind,-0.0
tight_lines,5,Bus8,onshore wind,-0.0
tight_lines,5,Bus9,onshore wind,-0.0
tight_lines,5,Bus10,onshore wind,-0.0
tight_lines,5,Bus11,onshore wind,-0.0
tight_lines,5,Bus12,onshore wind,-0.0
tight_lines,5,Bus13,onshore wind,-0.0
tight_lines,5,Bus14,onshore wind,-0.0
tight_lines,5,Bus15,onshore wind,-0.0
tight_lines,5,Bus16,onshore wind,-0.0
tight_lines,5,Bus17,onshore wind,-0.0
tight_lines,5,Bus18,onshore wind,-0.0
tight_lines,5,Bus19,onshore wind,-0.0
tight_lines,5,Bus20,onshore wind,-0.0
tight_lines,6,Bus1,onshore wind,6882.8685
tight_lines,6,Bus2,onshore wind,1445.1984
tight_lines,6,Bus3,onshore wind,-0.0
tight_lines,6,Bus4,onshore wind,0.0
tight_lines,6,Bus5,onshore wind,-0.0
tight_lines,6,Bus6,onshore wind,-0.0
tight_lines,6,Bus7,onshore wind,-0.0
tight_lines,6,Bus8,onshore wind,-0.0
tight_lines,6,Bus9,onshore wind,-0.0
tight_lines,6,Bus10,onshore wind,-0.0
tight_lines,6,Bus11,onshore wind,-0.0
tight_lines,6,Bus12,onshore wind,-0.0
tight_lines,6,Bus13,onshore wind,-0.0
tight_lines,6,Bus14,onshore wind,-0.0
tight_lines,6,Bus15,onshore wind,-0.0
tight_lines,6,Bus16,onshore wind,-0.0
tight_lines,6,Bus17,onshore wind,-0.0
tight_lines,6,Bus18,onshore wind,-0.0
tight_lines,6,Bus19,onshore wind,-0.0
tight_lines,6,Bus20,onshore wind,-0.0
tight_lines,7,Bus1,onshore wind,7594.5274
tight_lines,7,Bus2,onshore wind,-0.0
tight_lines,7,Bus3,onshore wind,3390.7261
tight_lines,7,Bus4,onshore wind,-0.0
tight_lines,7,Bus5,onshore wind,-0.0
tight_lines,7,Bus6,onshore wind,-0.0
tight_lines,7,Bus7,onshore wind,-0.0
tight_lines,7,Bus8,onshore wind,-0.0
tight_lines,7,Bus9,onshore wind,-0.0
tight_lines,7,Bus10,onshore wind,-0.0
tight_lines,7,Bus11,onshore wind,-0.0
tight_lines,7,Bus12,onshore wind,-0.0
tight_lines,7,Bus13,onshore wind,-0.0
tight_lines,7,Bus14,onshore wind,-0.0
tight_lines,7,Bus15,onshore wind,-0.0
tight_lines,7,Bus16,onshore wind,-0.0
tight_lines,7,Bus17,onshore wind,-0.0
tight_lines,7,Bus18,onshore wind,-0.0
tight_lines,7,Bus19,onshore wind,-0.0
tight_lines,7,Bus20,onshore wind,-0.0
tight_lines,8,Bus1,onshore wind,6294.9259
tight_lines,8,Bus2,onshore wind,7825.2193
tight_lines,8,Bus3,onshore wind,-0.0
tight_lines,8,Bus4,onshore wind,-0.0
tight_lines,8,Bus5,onshore wind,-0.0
tight_lines,8,Bus6,onshore wind,-0.0
tight_lines,8,Bus7,onshore wind,-0.0
tight_lines,8,Bus8,onshore wind,-0.0
tight_lines,8,Bus9,onshore wind,-0.0
tight_lines,8,Bus10,onshore wind,-0.0
tight_lines,8,Bus11,onshore wind,-0.0
tight_lines,8,Bus12,onshore wind,-0.0
tight_lines,8,Bus13,onshore wind,-0.0
tight_lines,8,Bus14,onshore wind,-0.0
tight_lines,8,Bus15,onshore wind,-0.0
tight_lines,8,Bus16,onshore wind,-0.0
tight_lines,8,Bus17,onshore wind,-0.0
tight_lines,8,Bus18,onshore wind,-0.0
tight_lines,8,Bus19,onshore wind,-0.0
tight_lines,8,Bus20,onshore wind,-0.0
tight_lines,9,Bus1,onshore wind,7456.9134
tight_lines,9,Bus2,onshore wind,6550.5847
tight_lines,9,Bus3,onshore wind,965.30411
tight_lines,9,Bus4,onshore wind,-0.0
tight_lines,9,Bus5,onshore wind,-0.0
tight_lines,9,Bus6,onshore wind,-0.0
tight_lines,9,Bus7,onshore wind,-0.0
tight_lines,9,Bus8,onshore wind,-0.0
tight_lines,9,Bus9,onshore wind,-0.0
tight_lines,9,Bus10,onshore wind,-0.0
tight_lines,9,Bus11,onshore wind,-0.0
tight_lines,9,Bus12,onshore wind,-0.0
tight_lines,9,Bus13,onshore wind,-0.0
tight_lines,9,Bus14,onshore wind,-0.0
tight_lines,9,Bus15,onshore wind,-0.0
tight_lines,9,Bus16,onshore wind,-0.0
tight_lines,9,Bus17,onshore wind,-0.0
tight_lines,9,Bus18,onshore wind,-0.0
tight_lines,9,Bus19,onshore wind,-0.0
tight_lines,9,Bus20,onshore wind,-0.0
tight_lines,10,Bus1,onshore wind,6748.3505
tight_lines,10,Bus2,onshore wind,-0.0
tight_lines,10,Bus3,onshore wind,-0.0
tight_lines,10,Bus4,onshore wind,-0.0
tight_lines,10,Bus5,onshore wind,0.0
tight_lines,10,Bus6,onshore wind,-0.0
tight_lines,10,Bus7,onshore wind,-0.0
tight_lines,10,Bus8,onshore wind,-0.0
tight_lines,10,Bus9,onshore wind,-0.0
tight_lines,10,Bus10,onshore wind,-0.0
tight_lines,10,Bus11,onshore wind,-0.0
tight_lines,10,Bus12,onshore wind,-0.0
tight_lines,10,Bus13,onshore wind,-0.0
tight_lines,10,Bus14,onshore wind,-0.0
tight_lines,10,Bus15,onshore wind,-0.0
tight_lines,10,Bus16,onshore wind,-0.0
tight_lines,10,Bus17,onshore wind,-0.0
tight_lines,10,Bus18,onshore wind,-0.0
tight_lines,10,Bus19,onshore wind,-0.0
tight_lines,10,Bus20,onshore wind,-0.0
tight_lines,11,Bus1,onshore wind,5847.7183
tight_lines,11,Bus2,onshore wind,2418.5502
tight_lines,11,Bus3,onshore wind,-0.0
tight_lines,11,Bus4,onshore wind,-0.0
tight_lines,11,Bus5,onshore wind,0.0
tight_lines,11,Bus6,onshore wind,-0.0
tight_lines,11,Bus7,onshore wind,-0.0
tight_lines,11,Bus8,onshore wind,-0.0
tight_lines,11,Bus9,onshore wind,-0.0
tight_lines,11,Bus10,onshore wind,-0.0
tight_lines,11,Bus11,onshore wind,-0.0
tight_lines,11,Bus12,onshore wind,-0.0
tight_lines,11,Bus13,onshore wind,-0.0
tight_lines,11,Bus14,onshore wind,-0.0
tight_lines,11,Bus15,onshore wind,-0.0
tight_lines,11,Bus16,onshore wind,-0.0
tight_lines,11,Bus17,onshore wind,-0.0
tight_lines,11,Bus18,onshore wind,-0.0
tight_lines,11,Bus19,onshore wind,-0.0
tight_lines,11,Bus20,onshore wind,-0.0
tight_lines,12,Bus1,onshore wind,6806.3548
tight_lines,12,Bus2,onshore wind,-0.0
tight_lines,12,Bus3,onshore wind,582.25206
tight_lines,12,Bus4,onshore wind,-0.0
tight_lines,12,Bus5,onshore wind,0.0
tight_lines,12,Bus6,onshore wind,-0.0
tight_lines,12,Bus7,onshore wind,-0.0
tight_lines,12,Bus8,onshore wind,-0.0
tight_lines,12,Bus9,onshore wind,-0.0
tight_lines,12,Bus10,onshore wind,-0.0
tight_lines,12,Bus11,onshore wind,-0.0
tight_lines,12,Bus12,onshore wind,-0.0
tight_lines,12,Bus13,onshore wind,-0.0
tight_lines,12,Bus14,onshore wind,-0.0
tight_lines,12,Bus15,onshore wind,-0.0
tight_lines,12,Bus16,onshore wind,-0.0
tight_lines,12,Bus17,onshore wind,-0.0
tight_lines,12,Bus18,onshore wind,-0.0
tight_lines,12,Bus19,onshore wind,-0.0
tight_lines,12,Bus20,onshore wind,-0.0
tight_lines,13,Bus1,onshore wind,7891.1489
tight_lines,13,Bus2,onshore wind,-0.0
tight_lines,13,Bus3,onshore wind,-0.0
tight_lines,13,Bus4,onshore wind,-0.0
tight_lines,13,Bus5,onshore wind,28.238881
tight_lines,13,Bus6,onshore wind,-0.0
tight_lines,13,Bus7,onshore wind,-0.0
tight_lines,13,Bus8,onshore wind,-0.0
tight_lines,13,Bus9,onshore wind,-0.0
tight_lines,13,Bus10,onshore wind,-0.0
tight_lines,13,Bus11,onshore wind,-0.0
tight_lines,13,Bus12,onshore wind,-0.0
tight_lines,13,Bus13,onshore wind,-0.0
tight_lines,13,Bus14,onshore wind,-0.0
tight_lines,13,Bus15,onshore wind,-0.0
tight_lines,13,Bus16,onshore wind,-0.0
tight_lines,13,Bus17,onshore wind,-0.0
tight_lines,13,Bus18,onshore wind,-0.0
tight_lines,13,Bus19,onshore wind,-0.0
tight_lines,13,Bus20,onshore wind,-0.0
tight_lines,14,Bus1,onshore wind,6183.5476
tight_lines,14,Bus2,onshore wind,1324.5987
tight_lines,14,Bus3,onshore wind,-0.0
tight_lines,14,Bus4,onshore wind,-0.0
tight_lines,14,Bus5,onshore wind,-0.0
tight_lines,14,Bus6,onshore wind,-0.0
tight_lines,14,Bus7,onshore wind,-0.0
tight_lines,14,Bus8,onshore wind,-0.0
tight_lines,14,Bus9,onshore wind,-0.0
tight_lines,14,Bus10,onshore wind,-0.0
tight_lines,14,Bus11,onshore wind,-0.0
tight_lines,14,Bus12,onshore wind,-0.0
tight_lines,14,Bus13,onshore wind,-0.0
tight_lines,14,Bus14,onshore wind,-0.0
tight_lines,14,Bus15,onshore wind,-0.0
tight_lines,14,Bus16,onshore wind,-0.0
tight_lines,14,Bus17,onshore wind,-0.0
tight_lines,14,Bus18,onshore wind,-0.0
tight_lines,14,Bus19,onshore wind,-0.0
tight_lines,14,Bus20,onshore wind,-0.0
tight_lines,15,Bus1,onshore wind,7611.4102
tight_lines,15,Bus2,onshore wind,-0.0
tight_lines,15,Bus3,onshore wind,-0.0
tight_lines,15,Bus4,onshore wind,-0.0
tight_lines,15,Bus5,onshore wind,2202.9545
tight_lines,15,Bus6,onshore wind,-0.0
tight_lines,15,Bus7,onshore wind,-0.0
tight_lines,15,Bus8,onshore wind,-0.0
tight_lines,15,Bus9,onshore wind,-0.0
tight_lines,15,Bus10,onshore wind,-0.0
tight_lines,15,Bus11,onshore wind,-0.0
tight_lines,15,Bus12,onshore wind,-0.0
tight_lines,15,Bus13,onshore wind,-0.0
tight_lines,15,Bus14,onshore wind,-0.0
tight_lines,15,Bus15,onshore wind,-0.0
tight_lines,15,Bus16,onshore wind,-0.0
tight_lines,15,Bus17,onshore wind,-0.0
tight_lines,15,Bus18,onshore wind,-0.0
tight_lines,15,Bus19,onshore wind,-0.0
tight_lines,15,Bus20,onshore wind,-0.0
tight_lines,16,Bus1,onshore wind,3219.4478
tight_lines,16,Bus2,onshore wind,2387.4181
tight_lines,16,Bus3,onshore wind,-0.0
tight_lines,16,Bus4,onshore wind,-0.0
tight_lines,16,Bus5,onshore wind,-0.0
tight_lines,16,Bus6,onshore wind,-0.0
tight_lines,16,Bus7,onshore wind,-0.0
tight_lines,16,Bus8,onshore wind,-0.0
tight_lines,16,Bus9,onshore wind,-0.0
tight_lines,16,Bus10,onshore wind,-0.0
tight_lines,16,Bus11,onshore wind,-0.0
tight_lines,16,Bus12,onshore wind,-0.0
tight_lines,16,Bus13,onshore wind,-0.0
tight_lines,16,Bus14,onshore wind,-0.0
tight_lines,16,Bus15,onshore wind,-0.0
tight_lines,16,Bus16,onshore wind,-0.0
tight_lines,16,Bus17,onshore wind,-0.0
tight_lines,16,Bus18,onshore wind,-0.0
tight_lines,16,Bus19,onshore wind,-0.0
tight_lines,16,Bus20,onshore wind,-0.0
tight_lines,17,Bus1,onshore wind,6423.2479
tight_lines,17,Bus2,onshore wind,2976.871
tight_lines,17,Bus3,onshore wind,-0.0
tight_lines,17,Bus4,onshore wind,-0.0
tight_lines,17,Bus5,onshore wind,-0.0
tight_lines,17,Bus6,onshore wind,-0.0
tight_lines,17,Bus7,onshore wind,-0.0
tight_lines,17,Bus8,onshore wind,-0.0
tight_lines,17,Bus9,onshore wind,-0.0
tight_lines,17,Bus10,onshore wind,-0.0
tight_lines,17,Bus11,onshore wind,-0.0
tight_lines,17,Bus12,onshore wind,-0.0
tight_lines,17,Bus13,onshore wind,-0.0
tight_lines,17,Bus14,onshore wind,-0.0
tight_lines,17,Bus15,onshore wind,-0.0
tight_lines,17,Bus16,onshore wind,-0.0
tight_lines,17,Bus17,onshore wind,-0.0
tight_lines,17,Bus18,onshore wind,-0.0
tight_lines,17,Bus19,onshore wind,-0.0
tight_lines,17,Bus20,onshore wind,-0.0
tight_lines,18,Bus1,onshore wind,5130.7937
tight_lines,18,Bus2,onshore wind,-0.0
tight_lines,18,Bus3,onshore wind,-0.0
tight_lines,18,Bus4,onshore wind,-0.0
tight_lines,18,Bus5,onshore wind,-0.0
tight_lines,18,Bus6,onshore wind,-0.0
tight_lines,18,Bus7,onshore wind,-0.0
tight_lines,18,Bus8,onshore wind,-0.0
tight_lines,18,Bus9,onshore wind,-0.0
tight_lines,18,Bus10,onshore wind,-0.0
tight_lines,18,Bus11,onshore wind,-0.0
tight_lines,18,Bus12,onshore wind,-0.0
tight_lines,18,Bus13,onshore wind,-0.0
tight_lines,18,Bus14,onshore wind,-0.0
tight_lines,18,Bus15,onshore wind,-0.0
tight_lines,18,Bus16,onshore wind,-0.0
tight_lines,18,Bus17,onshore wind,-0.0
tight_lines,18,Bus18,onshore wind,-0.0
tight_lines,18,Bus19,onshore wind,-0.0
tight_lines,18,Bus20,onshore wind,-0.0
tight_lines,19,Bus1,onshore wind,4757.8909
tight_lines,19,Bus2,onshore wind,-0.0
tight_lines,19,Bus3,onshore wind,-0.0
tight_lines,19,Bus4,onshore wind,-0.0
tight_lines,19,Bus5,onshore wind,1439.2036
tight_lines,19,Bus6,onshore wind,-0.0
tight_lines,19,Bus7,onshore wind,-0.0
tight_lines,19,Bus8,onshore wind,-0.0
tight_lines,19,Bus9,onshore wind,-0.0
tight_lines,19,Bus10,onshore wind,-0.0
tight_lines,19,Bus11,onshore wind,-0.0
tight_lines,19,Bus12,onshore wind,-0.0
tight_lines,19,Bus13,onshore wind,-0.0
tight_lines,19,Bus14,onshore wind,-0.0
tight_lines,19,Bus15,onshore wind,-0.0
tight_lines,19,Bus16,onshore wind,-0.0
tight_lines,19,Bus17,onshore wind,-0.0
tight_lines,19,Bus18,onshore wind,-0.0
tight_lines,19,Bus19,onshore wind,-0.0
tight_lines,19,Bus20,onshore wind,-0.0
tight_lines,20,Bus1,onshore wind,4854.3673
tight_lines,20,Bus2,onshore wind,-0.0
tight_lines,20,Bus3,onshore wind,1748.2361
tight_lines,20,Bus4,onshore wind,-0.0
tight_lines,20,Bus5,onshore wind,-0.0
tight_lines,20,Bus6,onshore wind,-0.0
tight_lines,20,Bus7,onshore wind,-0.0
tight_lines,20,Bus8,onshore wind,-0.0
tight_lines,20,Bus9,onshore wind,-0.0
tight_lines,20,Bus10,onshore wind,-0.0
tight_lines,20,Bus11,onshore wind,-0.0
tight_lines,20,Bus12,onshore wind,-0.0
tight_lines,20,Bus13,onshore wind,-0.0
tight_lines,20,Bus14,onshore wind,-0.0
tight_lines,20,Bus15,onshore wind,-0.0
tight_lines,20,Bus16,onshore wind,-0.0
tight_lines,20,Bus17,onshore wind,-0.0
tight_lines,20,Bus18,onshore wind,-0.0
tight_lines,20,Bus19,onshore wind,-0.0
tight_lines,20,Bus20,onshore wind,-0.0
tight_lines,21,Bus1,onshore wind,2474.8094
tight_lines,21,Bus2,onshore wind,1430.9703
tight_lines,21,Bus3,onshore wind,-0.0
tight_lines,21,Bus4,onshore wind,-0.0
tight_lines,21,Bus5,onshore wind,765.20798
tight_lines,21,Bus6,onshore wind,-0.0
tight_lines,21,Bus7,onshore wind,-0.0
tight_lines,21,Bus8,onshore wind,-0.0
tight_lines,21,Bus9,onshore wind,-0.0
tight_lines,21,Bus10,onshore wind,-0.0
tight_lines,21,Bus11,onshore wind,-0.0
tight_lines,21,Bus12,onshore wind,-0.0
tight_lines,21,Bus13,onshore wind,-0.0
tight_lines,21,Bus14,onshore wind,-0.0
tight_lines,21,Bus15,onshore wind,-0.0
tight_lines,21,Bus16,onshore wind,-0.0
tight_lines,21,Bus17,onshore wind,-0.0
tight_lines,21,Bus18,onshore wind,-0.0
tight_lines,21,Bus19,onshore wind,-0.0
tight_lines,21,Bus20,onshore wind,-0.0
tight_lines,22,Bus1,onshore wind,3943.3287
tight_lines,22,Bus2,onshore wind,-0.0
tight_lines,22,Bus3,onshore wind,4398.8011
tight_lines,22,Bus4,onshore wind,1876.9503
tight_lines,22,Bus5,onshore wind,-0.0
tight_lines,22,Bus6,onshore wind,-0.0
tight_lines,22,Bus7,onshore wind,-0.0
tight_lines,22,Bus8,onshore wind,-0.0
tight_lines,22,Bus9,onshore wind,-0.0
tight_lines,22,Bus10,onshore wind,-0.0
tight_lines,22,Bus11,onshore wind,-0.0
tight_lines,22,Bus12,onshore wind,-0.0
tight_lines,22,Bus13,onshore wind,-0.0
tight_lines,22,Bus14,onshore wind,-0.0
tight_lines,22,Bus15,onshore wind,-0.0
tight_lines,22,Bus16,onshore wind,-0.0
tight_lines,22,Bus17,onshore wind,-0.0
tight_lines,22,Bus18,onshore wind,-0.0
tight_lines,22,Bus19,onshore wind,-0.0
tight_lines,22,Bus20,onshore wind,-0.0
tight_lines,23,Bus1,onshore wind,4228.3538
tight_lines,23,Bus2,onshore wind,2967.6494
tight_lines,23,Bus3,onshore wind,1183.9314
tight_lines,23,Bus4,onshore wind,-0.0
tight_lines,23,Bus5,onshore wind,2619.4648
tight_lines,23,Bus6,onshore wind,-0.0
tight_lines,23,Bus7,onshore wind,-0.0
tight_lines,23,Bus8,onshore wind,-0.0
tight_lines,23,Bus9,onshore wind,-0.0
tight_lines,23,Bus10,onshore wind,-0.0
tight_lines,23,Bus11,onshore wind,-0.0
tight_lines,23,Bus12,onshore wind,-0.0
tight_lines,23,Bus13,onshore wind,-0.0
tight_lines,23,Bus14,onshore wind,-0.0
tight_lines,23,Bus15,onshore wind,-0.0
tight_lines,23,Bus16,onshore wind,-0.0
tight_lines,23,Bus17,onshore wind,-0.0
tight_lines,23,Bus18,onshore wind,-0.0
tight_lines,23,Bus19,onshore wind,-0.0
tight_lines,23,Bus20,onshore wind,-0.0
tight_lines,24,Bus1,onshore wind,5071.5896
tight_lines,24,Bus2,onshore wind,1249.2074
tight_lines,24,Bus3,onshore wind,-0.0
tight_lines,24,Bus4,onshore wind,-0.0
tight_lines,24,Bus5,onshore wind,3011.328
tight_lines,24,Bus6,onshore wind,-0.0
tight_lines,24,Bus7,onshore wind,-0.0
tight_lines,24,Bus8,onshore wind,-0.0
tight_lines,24,Bus9,onshore wind,-0.0
tight_lines,24,Bus10,onshore wind,-0.0
tight_lines,24,Bus11,onshore wind,-0.0
tight_lines,24,Bus12,onshore wind,-0.0
tight_lines,24,Bus13,onshore wind,-0.0
tight_lines,24,Bus14,onshore wind,-0.0
tight_lines,24,Bus15,onshore wind,-0.0
tight_lines,24,Bus16,onshore wind,-0.0
tight_lines,24,Bus17,onshore wind,-0.0
tight_lines,24,Bus18,onshore wind,-0.0
tight_lines,24,Bus19,onshore wind,-0.0
tight_lines,24,Bus20,onshore wind,-0.0
tight_lines,25,Bus1,onshore wind,2818.3678
tight_lines,25,Bus2,onshore wind,3420.3612
tight_lines,25,Bus3,onshore wind,1550.34
tight_lines,25,Bus4,onshore wind,1957.09
tight_lines,25,Bus5,onshore wind,1685.9104
tight_lines,25,Bus6,onshore wind,-0.0
tight_lines,25,Bus7,onshore wind,-0.0
tight_lines,25,Bus8,onshore wind,-0.0
tight_lines,25,Bus9,onshore wind,-0.0
tight_lines,25,Bus10,onshore wind,-0.0
tight_lines,25,Bus11,onshore wind,-0.0
tight_lines,25,Bus12,onshore wind,-0.0
tight_lines,25,Bus13,onshore wind,-0.0
tight_lines,25,Bus14,onshore wind,-0.0
tight_lines,25,Bus15,onshore wind,-0.0
tight_lines,25,Bus16,onshore wind,-0.0
tight_lines,25,Bus17,onshore wind,-0.0
tight_lines,25,Bus18,onshore wind,-0.0
tight_lines,25,Bus19,onshore wind,-0.0
tight_lines,25,Bus20,onshore wind,-0.0
tight_lines,26,Bus1,onshore wind,0.0
tight_lines,26,Bus2,onshore wind,-0.0
tight_lines,26,Bus3,onshore wind,406.94345
tight_lines,26,Bus4,onshore wind,6508.1349
tight_lines,26,Bus5,onshore wind,6763.1483
tight_lines,26,Bus6,onshore wind,-0.0
tight_lines,26,Bus7,onshore wind,-0.0
tight_lines,26,Bus8,onshore wind,-0.0
tight_lines,26,Bus9,onshore wind,-0.0
tight_lines,26,Bus10,onshore wind,-0.0
tight_lines,26,Bus11,onshore wind,-0.0
tight_lines,26,Bus12,onshore wind,-0.0
tight_lines,26,Bus13,onshore wind,-0.0
tight_lines,26,Bus14,onshore wind,-0.0
tight_lines,26,Bus15,onshore wind,-0.0
tight_lines,26,Bus16,onshore wind,-0.0
tight_lines,26,Bus17,onshore wind,-0.0
tight_lines,26,Bus18,onshore wind,-0.0
tight_lines,26,Bus19,onshore wind,-0.0
tight_lines,26,Bus20,onshore wind,-0.0
tight_lines,27,Bus1,onshore wind,0.0
tight_lines,27,Bus2,onshore wind,-0.0
tight_lines,27,Bus3,onshore wind,5449.18
tight_lines,27,Bus4,onshore wind,5050.748
tight_lines,27,Bus5,onshore wind,-0.0
tight_lines,27,Bus6,onshore wind,-0.0
tight_lines,27,Bus7,onshore wind,-0.0
tight_lines,27,Bus8,onshore wind,-0.0
tight_lines,27,Bus9,onshore wind,-0.0
tight_lines,27,Bus10,onshore wind,-0.0
tight_lines,27,Bus11,onshore wind,-0.0
tight_lines,27,Bus12,onshore wind,-0.0
tight_lines,27,Bus13,onshore wind,-0.0
tight_lines,27,Bus14,onshore wind,-0.0
tight_lines,27,Bus15,onshore wind,-0.0
tight_lines,27,Bus16,onshore wind,-0.0
tight_lines,27,Bus17,onshore wind,-0.0
tight_lines,27,Bus18,onshore wind,-0.0
tight_lines,27,Bus19,onshore wind,-0.0
tight_lines,27,Bus20,onshore wind,-0.0
tight_lines,28,Bus1,onshore wind,3658.8162
tight_lines,28,Bus2,onshore wind,1092.607
tight_lines,28,Bus3,onshore wind,-0.0
tight_lines,28,Bus4,onshore wind,2992.7319
tight_lines,28,Bus5,onshore wind,-0.0
tight_lines,28,Bus6,onshore wind,-0.0
tight_lines,28,Bus7,onshore wind,-0.0
tight_lines,28,Bus8,onshore wind,-0.0
tight_lines,28,Bus9,onshore wind,-0.0
tight_lines,28,Bus10,onshore wind,-0.0
tight_lines,28,Bus11,onshore wind,-0.0
tight_lines,28,Bus12,onshore wind,-0.0
tight_lines,28,Bus13,onshore wind,-0.0
tight_lines,28,Bus14,onshore wind,-0.0
tight_lines,28,Bus15,onshore wind,-0.0
tight_lines,28,Bus16,onshore wind,-0.0
tight_lines,28,Bus17,onshore wind,-0.0
tight_lines,28,Bus18,onshore wind,-0.0
tight_lines,28,Bus19,onshore wind,-0.0
tight_lines,28,Bus20,onshore wind,-0.0
tight_lines,29,Bus1,onshore wind,2948.652
tight_lines,29,Bus2,onshore wind,-0.0
tight_lines,29,Bus3,onshore wind,1544.6841
tight_lines,29,Bus4,onshore wind,-0.0
tight_lines,29,Bus5,onshore wind,6945.4213
tight_lines,29,Bus6,onshore wind,-0.0
tight_lines,29,Bus7,onshore wind,-0.0
tight_lines,29,Bus8,onshore wind,-0.0
tight_lines,29,Bus9,onshore wind,-0.0
tight_lines,29,Bus10,onshore wind,-0.0
tight_lines,29,Bus11,onshore wind,-0.0
tight_lines,29,Bus12,onshore wind,-0.0
tight_lines,29,Bus13,onshore wind,-0.0
tight_lines,29,Bus14,onshore wind,-0.0
tight_lines,29,Bus15,onshore wind,-0.0
tight_lines,29,Bus16,onshore wind,-0.0
tight_lines,29,Bus17,onshore wind,-0.0
tight_lines,29,Bus18,onshore wind,-0.0
tight_lines,29,Bus19,onshore wind,-0.0
tight_lines,29,Bus20,onshore wind,-0.0
tight_lines,30,Bus1,onshore wind,2009.1293
tight_lines,30,Bus2,onshore wind,4377.0525
tight_lines,30,Bus3,onshore wind,-0.0
tight_lines,30,Bus4,onshore wind,6369.6675
tight_lines,30,Bus5,onshore wind,-0.0
tight_lines,30,Bus6,onshore wind,-0.0
tight_lines,30,Bus7,onshore wind,-0.0
tight_lines,30,Bus8,onshore wind,-0.0
tight_lines,30,Bus9,onshore wind,-0.0
tight_lines,30,Bus10,onshore wind,-0.0
tight_lines,30,Bus11,onshore wind,-0.0
tight_lines,30,Bus12,onshore wind,-0.0
tight_lines,30,Bus13,onshore wind,-0.0
tight_lines,30,Bus14,onshore wind,-0.0
tight_lines,30,Bus15,onshore wind,-0.0
tight_lines,30,Bus16,onshore wind,-0.0
tight_lines,30,Bus17,onshore wind,-0.0
tight_lines,30,Bus18,onshore wind,-0.0
tight_lines,30,Bus19,onshore wind,-0.0
tight_lines,30,Bus20,onshore wind,-0.0
tight_lines,31,Bus1,onshore wind,3015.4788
tight_lines,31,Bus2,onshore wind,2633.8014
tight_lines,31,Bus3,onshore wind,2071.179
tight_lines,31,Bus4,onshore wind,-0.0
tight_lines,31,Bus5,onshore wind,5999.0099
tight_lines,31,Bus6,onshore wind,-0.0
tight_lines,31,Bus7,onshore wind,-0.0
tight_lines,31,Bus8,onshore wind,-0.0
tight_lines,31,Bus9,onshore wind,-0.0
tight_lines,31,Bus10,onshore wind,-0.0
tight_lines,31,Bus11,onshore wind,-0.0
tight_lines,31,Bus12,onshore wind,-0.0
tight_lines,31,Bus13,onshore wind,-0.0
tight_lines,31,Bus14,onshore wind,-0.0
tight_lines,31,Bus15,onshore wind,-0.0
tight_lines,31,Bus16,onshore wind,-0.0
tight_lines,31,Bus17,onshore wind,-0.0
tight_lines,31,Bus18,onshore wind,-0.0
tight_lines,31,Bus19,onshore wind,-0.0
tight_lines,31,Bus20,onshore wind,-0.0
tight_lines,32,Bus1,onshore wind,2607.7731
tight_lines,32,Bus2,onshore wind,4042.8098
tight_lines,32,Bus3,onshore wind,410.41912
tight_lines,32,Bus4,onshore wind,-0.0
tight_lines,32,Bus5,onshore wind,8204.0539
tight_lines,32,Bus6,onshore wind,-0.0
tight_lines,32,Bus7,onshore wind,-0.0
tight_lines,32,Bus8,onshore wind,-0.0
tight_lines,32,Bus9,onshore wind,-0.0
tight_lines,32,Bus10,onshore wind,-0.0
tight_lines,32,Bus11,onshore wind,-0.0
tight_lines,32,Bus12,onshore wind,-0.0
tight_lines,32,Bus13,onshore wind,-0.0
tight_lines,32,Bus14,onshore wind,-0.0
tight_lines,32,Bus15,onshore wind,-0.0
tight_lines,32,Bus16,onshore wind,-0.0
tight_lines,32,Bus17,onshore wind,-0.0
tight_lines,32,Bus18,onshore wind,-0.0
tight_lines,32,Bus19,onshore wind,-0.0
tight_lines,32,Bus20,onshore wind,-0.0
tight_lines,33,Bus1,onshore wind,3532.7953
tight_lines,33,Bus2,onshore wind,4651.5123
tight_lines,33,Bus3,onshore wind,-0.0
tight_lines,33,Bus4,onshore wind,116.34118
tight_lines,33,Bus5,onshore wind,5289.0178
tight_lines,33,Bus6,onshore wind,-0.0
tight_lines,33,Bus7,onshore wind,-0.0
tight_lines,33,Bus8,onshore wind,-0.0
tight_lines,33,Bus9,onshore wind,-0.0
tight_lines,33,Bus10,onshore wind,-0.0
tight_lines,33,Bus11,onshore wind,-0.0
tight_lines,33,Bus12,onshore wind,-0.0
tight_lines,33,Bus13,onshore wind,-0.0
tight_lines,33,Bus14,onshore wind,-0.0
tight_lines,33,Bus15,onshore wind,-0.0
tight_lines,33,Bus16,onshore wind,-0.0
tight_lines,33,Bus17,onshore wind,-0.0
tight_lines,33,Bus18,onshore wind,-0.0
tight_lines,33,Bus19,onshore wind,-0.0
tight_lines,33,Bus20,onshore wind,-0.0
tight_lines,34,Bus1,onshore wind,0.0
tight_lines,34,Bus2,onshore wind,-0.0
tight_lines,34,Bus3,onshore wind,7039.2177
tight_lines,34,Bus4,onshore wind,4905.6278
tight_lines,34,Bus5,onshore wind,-0.0
tight_lines,34,Bus6,onshore wind,-0.0
tight_lines,34,Bus7,onshore wind,-0.0
tight_lines,34,Bus8,onshore wind,-0.0
tight_lines,34,Bus9,onshore wind,-0.0
tight_lines,34,Bus10,onshore wind,-0.0
tight_lines,34,Bus11,onshore wind,-0.0
tight_lines,34,Bus12,onshore wind,-0.0
tight_lines,34,Bus13,onshore wind,-0.0
tight_lines,34,Bus14,onshore wind,-0.0
tight_lines,34,Bus15,onshore wind,-0.0
tight_lines,34,Bus16,onshore wind,-0.0
tight_lines,34,Bus17,onshore wind,-0.0
tight_lines,34,Bus18,onshore wind,-0.0
tight_lines,34,Bus19,onshore wind,-0.0
tight_lines,34,Bus20,onshore wind,-0.0
tight_lines,35,Bus1,onshore wind,-0.0
tight_lines,35,Bus2,onshore wind,2869.4128
tight_lines,35,Bus3,onshore wind,-0.0
tight_lines,35,Bus4,onshore wind,5352.7895
tight_lines,35,Bus5,onshore wind,-0.0
tight_lines,35,Bus6,onshore wind,-0.0
tight_lines,35,Bus7,onshore wind,-0.0
tight_lines,35,Bus8,onshore wind,-0.0
tight_lines,35,Bus9,onshore wind,-0.0
tight_lines,35,Bus10,onshore wind,-0.0
tight_lines,35,Bus11,onshore wind,-0.0
tight_lines,35,Bus12,onshore wind,-0.0
tight_lines,35,Bus13,onshore wind,-0.0
tight_lines,35,Bus14,onshore wind,-0.0
tight_lines,35,Bus15,onshore wind,-0.0
tight_lines,35,Bus16,onshore wind,-0.0
tight_lines,35,Bus17,onshore wind,-0.0
tight_lines,35,Bus18,onshore wind,-0.0
tight_lines,35,Bus19,onshore wind,-0.0
tight_lines,35,Bus20,onshore wind,-0.0
tight_lines,36,Bus1,onshore wind,2585.2488
tight_lines,36,Bus2,onshore wind,1527.2219
tight_lines,36,Bus3,onshore wind,-0.0
tight_lines,36,Bus4,onshore wind,3507.0951
tight_lines,36,Bus5,onshore wind,-0.0
tight_lines,36,Bus6,onshore wind,-0.0
tight_lines,36,Bus7,onshore wind,-0.0
tight_lines,36,Bus8,onshore wind,-0.0
tight_lines,36,Bus9,onshore wind,-0.0
tight_lines,36,Bus10,onshore wind,-0.0
tight_lines,36,Bus11,onshore wind,-0.0
tight_lines,36,Bus12,onshore wind,-0.0
tight_lines,36,Bus13,onshore wind,-0.0
tight_lines,36,Bus14,onshore wind,-0.0
tight_lines,36,Bus15,onshore wind,-0.0
tight_lines,36,Bus16,onshore wind,-0.0
tight_lines,36,Bus17,onshore wind,-0.0
tight_lines,36,Bus18,onshore wind,-0.0
tight_lines,36,Bus19,onshore wind,-0.0
tight_lines,36,Bus20,onshore wind,-0.0
tight_lines,37,Bus1,onshore wind,1725.4716
tight_lines,37,Bus2,onshore wind,4038.2086
tight_lines,37,Bus3,onshore wind,-0.0
tight_lines,37,Bus4,onshore wind,5620.2179
tight_lines,37,Bus5,onshore wind,-0.0
tight_lines,37,Bus6,onshore wind,-0.0
tight_lines,37,Bus7,onshore wind,-0.0
tight_lines,37,Bus8,onshore wind,-0.0
tight_lines,37,Bus9,onshore wind,-0.0
tight_lines,37,Bus10,onshore wind,-0.0
tight_lines,37,Bus11,onshore wind,-0.0
tight_lines,37,Bus12,onshore wind,-0.0
tight_lines,37,Bus13,onshore wind,-0.0
tight_lines,37,Bus14,onshore wind,-0.0
tight_lines,37,Bus15,onshore wind,-0.0
tight_lines,37,Bus16,onshore wind,-0.0
tight_lines,37,Bus17,onshore wind,-0.0
tight_lines,37,Bus18,onshore wind,-0.0
tight_lines,37,Bus19,onshore wind,-0.0
tight_lines,37,Bus20,onshore wind,-0.0
tight_lines,38,Bus1,onshore wind,3726.3734
tight_lines,38,Bus2,onshore wind,5091.417
tight_lines,38,Bus3,onshore wind,4786.4086
tight_lines,38,Bus4,onshore wind,400.8665
tight_lines,38,Bus5,onshore wind,-0.0
tight_lines,38,Bus6,onshore wind,-0.0
tight_lines,38,Bus7,onshore wind,-0.0
tight_lines,38,Bus8,onshore wind,-0.0
tight_lines,38,Bus9,onshore wind,-0.0
tight_lines,38,Bus10,onshore wind,-0.0
tight_lines,38,Bus11,onshore wind,-0.0
tight_lines,38,Bus12,onshore wind,-0.0
tight_lines,38,Bus13,onshore wind,-0.0
tight_lines,38,Bus14,onshore wind,-0.0
tight_lines,38,Bus15,onshore wind,-0.0
tight_lines,38,Bus16,onshore wind,-0.0
tight_lines,38,Bus17,onshore wind,-0.0
tight_lines,38,Bus18,onshore wind,-0.0
tight_lines,38,Bus19,onshore wind,0.0
tight_lines,38,Bus20,onshore wind,-0.0
tight_lines,39,Bus1,onshore wind,3956.7578
tight_lines,39,Bus2,onshore wind,4358.5116
tight_lines,39,Bus3,onshore wind,-0.0
tight_lines,39,Bus4,onshore wind,640.85934
tight_lines,39,Bus5,onshore wind,5452.3545
tight_lines,39,Bus6,onshore wind,-0.0
tight_lines,39,Bus7,onshore wind,-0.0
tight_lines,39,Bus8,onshore wind,-0.0
tight_lines,39,Bus9,onshore wind,-0.0
tight_lines,39,Bus10,onshore wind,-0.0
tight_lines,39,Bus11,onshore wind,-0.0
tight_lines,39,Bus12,onshore wind,-0.0
tight_lines,39,Bus13,onshore wind,-0.0
tight_lines,39,Bus14,onshore wind,-0.0
tight_lines,39,Bus15,onshore wind,-0.0
tight_lines,39,Bus16,onshore wind,-0.0
tight_lines,39,Bus17,onshore wind,-0.0
tight_lines,39,Bus18,onshore wind,-0.0
tight_lines,39,Bus19,onshore wind,-0.0
tight_lines,39,Bus20,onshore wind,-0.0
tight_lines,40,Bus1,onshore wind,3984.4475
tight_lines,40,Bus2,onshore wind,7476.0066
tight_lines,40,Bus3,onshore wind,6022.185
tight_lines,40,Bus4,onshore wind,371.00976
tight_lines,40,Bus5,onshore wind,-0.0
tight_lines,40,Bus6,onshore wind,-0.0
tight_lines,40,Bus7,onshore wind,-0.0
tight_lines,40,Bus8,onshore wind,-0.0
tight_lines,40,Bus9,onshore wind,-0.0
tight_lines,40,Bus10,onshore wind,-0.0
tight_lines,40,Bus11,onshore wind,-0.0
tight_lines,40,Bus12,onshore wind,-0.0
tight_lines,40,Bus13,onshore wind,-0.0
tight_lines,40,Bus14,onshore wind,-0.0
tight_lines,40,Bus15,onshore wind,-0.0
tight_lines,40,Bus16,onshore wind,-0.0
tight_lines,40,Bus17,onshore wind,-0.0
tight_lines,40,Bus18,onshore wind,-0.0
tight_lines,40,Bus19,onshore wind,-0.0
tight_lines,40,Bus20,onshore wind,-0.0
tight_lines,41,Bus1,onshore wind,4040.1487
tight_lines,41,Bus2,onshore wind,-0.0
tight_lines,41,Bus3,onshore wind,-0.0
tight_lines,41,Bus4,onshore wind,6359.0917
tight_lines,41,Bus5,onshore wind,1481.4822
tight_lines,41,Bus6,onshore wind,-0.0
tight_lines,41,Bus7,onshore wind,-0.0
tight_lines,41,Bus8,onshore wind,-0.0
tight_lines,41,Bus9,onshore wind,-0.0
tight_lines,41,Bus10,onshore wind,-0.0
tight_lines,41,Bus11,onshore wind,-0.0
tight_lines,41,Bus12,onshore wind,-0.0
tight_lines,41,Bus13,onshore wind,-0.0
tight_lines,41,Bus14,onshore wind,-0.0
tight_lines,41,Bus15,onshore wind,-0.0
tight_lines,41,Bus16,onshore wind,-0.0
tight_lines,41,Bus17,onshore wind,-0.0
tight_lines,41,Bus18,onshore wind,-0.0
tight_lines,41,Bus19,onshore wind,-0.0
tight_lines,41,Bus20,onshore wind,-0.0
tight_lines,42,Bus1,onshore wind,3159.8592
tight_lines,42,Bus2,onshore wind,5782.3534
tight_lines,42,Bus3,onshore wind,-0.0
tight_lines,42,Bus4,onshore wind,1061.7603
tight_lines,42,Bus5,onshore wind,3570.7003
tight_lines,42,Bus6,onshore wind,-0.0
tight_lines,42,Bus7,onshore wind,-0.0
tight_lines,42,Bus8,onshore wind,-0.0
tight_lines,42,Bus9,onshore wind,-0.0
tight_lines,42,Bus10,onshore wind,-0.0
tight_lines,42,Bus11,onshore wind,-0.0
tight_lines,42,Bus12,onshore wind,-0.0
tight_lines,42,Bus13,onshore wind,-0.0
tight_lines,42,Bus14,onshore wind,-0.0
tight_lines,42,Bus15,onshore wind,-0.0
tight_lines,42,Bus16,onshore wind,-0.0
tight_lines,42,Bus17,onshore wind,-0.0
tight_lines,42,Bus18,onshore wind,-0.0
tight_lines,42,Bus19,onshore wind,-0.0
tight_lines,42,Bus20,onshore wind,-0.0
tight_lines,43,Bus1,onshore wind,4453.3781
tight_lines,43,Bus2,onshore wind,6486.0773
tight_lines,43,Bus3,onshore wind,-0.0
tight_lines,43,Bus4,onshore wind,-0.0
tight_lines,43,Bus5,onshore wind,3504.2946
tight_lines,43,Bus6,onshore wind,-0.0
tight_lines,43,Bus7,onshore wind,-0.0
tight_lines,43,Bus8,onshore wind,-0.0
tight_lines,43,Bus9,onshore wind,-0.0
tight_lines,43,Bus10,onshore wind,-0.0
tight_lines,43,Bus11,onshore wind,-0.0
tight_lines,43,Bus12,onshore wind,-0.0
tight_lines,43,Bus13,onshore wind,-0.0
tight_lines,43,Bus14,onshore wind,-0.0
tight_lines,43,Bus15,onshore wind,-0.0
tight_lines,43,Bus16,onshore wind,-0.0
tight_lines,43,Bus17,onshore wind,-0.0
tight_lines,43,Bus18,onshore wind,-0.0
tight_lines,43,Bus19,onshore wind,-0.0
tight_lines,43,Bus20,onshore wind,-0.0
tight_lines,44,Bus1,onshore wind,4821.6472
tight_lines,44,Bus2,onshore wind,7887.6068
tight_lines,44,Bus3,onshore wind,268.36023
tight_lines,44,Bus4,onshore wind,-0.0
tight_lines,44,Bus5,onshore wind,-0.0
tight_lines,44,Bus6,onshore wind,-0.0
tight_lines,44,Bus7,onshore wind,-0.0
tight_lines,44,Bus8,onshore wind,-0.0
tight_lines,44,Bus9,onshore wind,-0.0
tight_lines,44,Bus10,onshore wind,-0.0
tight_lines,44,Bus11,onshore wind,-0.0
tight_lines,44,Bus12,onshore wind,-0.0
tight_lines,44,Bus13,onshore wind,-0.0
tight_lines,44,Bus14,onshore wind,-0.0
tight_lines,44,Bus15,onshore wind,-0.0
tight_lines,44,Bus16,onshore wind,-0.0
tight_lines,44,Bus17,onshore wind,-0.0
tight_lines,44,Bus18,onshore wind,-0.0
tight_lines,44,Bus19,onshore wind,0.0
tight_lines,44,Bus20,onshore wind,-0.0
tight_lines,45,Bus1,onshore wind,4637.404
tight_lines,45,Bus2,onshore wind,3944.6848
tight_lines,45,Bus3,onshore wind,-0.0
tight_lines,45,Bus4,onshore wind,-0.0
tight_lines,45,Bus5,onshore wind,0.0
tight_lines,45,Bus6,onshore wind,-0.0
tight_lines,45,Bus7,onshore wind,-0.0
tight_lines,45,Bus8,onshore wind,-0.0
tight_lines,45,Bus9,onshore wind,-0.0
tight_lines,45,Bus10,onshore wind,-0.0
tight_lines,45,Bus11,onshore wind,-0.0
tight_lines,45,Bus12,onshore wind,-0.0
tight_lines,45,Bus13,onshore wind,-0.0
tight_lines,45,Bus14,onshore wind,-0.0
tight_lines,45,Bus15,onshore wind,-0.0
tight_lines,45,Bus16,onshore wind,-0.0
tight_lines,45,Bus17,onshore wind,-0.0
tight_lines,45,Bus18,onshore wind,-0.0
tight_lines,45,Bus19,onshore wind,0.0
tight_lines,45,Bus20,onshore wind,-0.0
tight_lines,46,Bus1,onshore wind,5532.4725
tight_lines,46,Bus2,onshore wind,6366.1683
tight_lines,46,Bus3,onshore wind,-0.0
tight_lines,46,Bus4,onshore wind,0.0
tight_lines,46,Bus5,onshore wind,-0.0
tight_lines,46,Bus6,onshore wind,-0.0
tight_lines,46,Bus7,onshore wind,-0.0
tight_lines,46,Bus8,onshore wind,-0.0
tight_lines,46,Bus9,onshore wind,-0.0
tight_lines,46,Bus10,onshore wind,-0.0
tight_lines,46,Bus11,onshore wind,-0.0
tight_lines,46,Bus12,onshore wind,-0.0
tight_lines,46,Bus13,onshore wind,-0.0
tight_lines,46,Bus14,onshore wind,-0.0
tight_lines,46,Bus15,onshore wind,-0.0
tight_lines,46,Bus16,onshore wind,-0.0
tight_lines,46,Bus17,onshore wind,-0.0
tight_lines,46,Bus18,onshore wind,-0.0
tight_lines,46,Bus19,onshore wind,0.0
tight_lines,46,Bus20,onshore wind,-0.0
tight_lines,47,Bus1,onshore wind,6324.8998
tight_lines,47,Bus2,onshore wind,6462.3309
tight_lines,47,Bus3,onshore wind,-0.0
tight_lines,47,Bus4,onshore wind,-0.0
tight_lines,47,Bus5,onshore wind,823.45756
tight_lines,47,Bus6,onshore wind,-0.0
tight_lines,47,Bus7,onshore wind,-0.0
tight_lines,47,Bus8,onshore wind,-0.0
tight_lines,47,Bus9,onshore wind,-0.0
tight_lines,47,Bus10,onshore wind,-0.0
tight_lines,47,Bus11,onshore wind,-0.0
tight_lines,47,Bus12,onshore wind,-0.0
tight_lines,47,Bus13,onshore wind,-0.0
tight_lines,47,Bus14,onshore wind,-0.0
tight_lines,47,Bus15,onshore wind,-0.0
tight_lines,47,Bus16,onshore wind,-0.0
tight_lines,47,Bus17,onshore wind,-0.0
tight_lines,47,Bus18,onshore wind,-0.0
tight_lines,47,Bus19,onshore wind,-0.0
tight_lines,47,Bus20,onshore wind,-0.0
tight_lines,48,Bus1,onshore wind,8002.0056
tight_lines,48,Bus2,onshore wind,2829.3252
tight_lines,48,Bus3,onshore wind,-0.0
tight_lines,48,Bus4,onshore wind,-0.0
tight_lines,48,Bus5,onshore wind,0.0
tight_lines,48,Bus6,onshore wind,-0.0
tight_lines,48,Bus7,onshore wind,-0.0
tight_lines,48,Bus8,onshore wind,-0.0
tight_lines,48,Bus9,onshore wind,-0.0
tight_lines,48,Bus10,onshore wind,-0.0
tight_lines,48,Bus11,onshore wind,-0.0
tight_lines,48,Bus12,onshore wind,-0.0
tight_lines,48,Bus13,onshore wind,-0.0
tight_lines,48,Bus14,onshore wind,-0.0
tight_lines,48,Bus15,onshore wind,-0.0
tight_lines,48,Bus16,onshore wind,-0.0
tight_lines,48,Bus17,onshore wind,-0.0
tight_lines,48,Bus18,onshore wind,-0.0
tight_lines,48,Bus19,onshore wind,-0.0
tight_lines,48,Bus20,onshore wind,-0.0
tight_lines,49,Bus1,onshore wind,6448.8407
tight_lines,49,Bus2,onshore wind,5866.7267
tight_lines,49,Bus3,onshore wind,-0.0
tight_lines,49,Bus4,onshore wind,-0.0
tight_lines,49,Bus5,onshore wind,-0.0
tight_lines,49,Bus6,onshore wind,-0.0
tight_lines,49,Bus7,onshore wind,-0.0
tight_lines,49,Bus8,onshore wind,-0.0
tight_lines,49,Bus9,onshore wind,-0.0
tight_lines,49,Bus10,onshore wind,-0.0
tight_lines,49,Bus11,onshore wind,-0.0
tight_lines,49,Bus12,onshore wind,-0.0
tight_lines,49,Bus13,onshore wind,-0.0
tight_lines,49,Bus14,onshore wind,-0.0
tight_lines,49,Bus15,onshore wind,-0.0
tight_lines,49,Bus16,onshore wind,-0.0
tight_lines,49,Bus17,onshore wind,-0.0
tight_lines,49,Bus18,onshore wind,-0.0
tight_lines,49,Bus19,onshore wind,-0.0
tight_lines,49,Bus20,onshore wind,-0.0
tight_lines,50,Bus1,onshore wind,6650.1472
tight_lines,50,Bus2,onshore wind,4487.9463
tight_lines,50,Bus3,onshore wind,-0.0
tight_lines,50,Bus4,onshore wind,-0.0
tight_lines,50,Bus5,onshore wind,0.0
tight_lines,50,Bus6,onshore wind,-0.0
tight_lines,50,Bus7,onshore wind,-0.0
tight_lines,50,Bus8,onshore wind,-0.0
tight_lines,50,Bus9,onshore wind,-0.0
tight_lines,50,Bus10,onshore wind,-0.0
tight_lines,50,Bus11,onshore wind,-0.0
tight_lines,50,Bus12,onshore wind,-0.0
tight_lines,50,Bus13,onshore wind,-0.0
tight_lines,50,Bus14,onshore wind,-0.0
tight_lines,50,Bus15,onshore wind,-0.0
tight_lines,50,Bus16,onshore wind,-0.0
tight_lines,50,Bus17,onshore wind,-0.0
tight_lines,50,Bus18,onshore wind,-0.0
tight_lines,50,Bus19,onshore wind,0.0
tight_lines,50,Bus20,onshore wind,-0.0
tight_lines,51,Bus1,onshore wind,6393.7005
tight_lines,51,Bus2,onshore wind,2981.2218
tight_lines,51,Bus3,onshore wind,-0.0
tight_lines,51,Bus4,onshore wind,0.0
tight_lines,51,Bus5,onshore wind,-0.0
tight_lines,51,Bus6,onshore wind,-0.0
tight_lines,51,Bus7,onshore wind,-0.0
tight_lines,51,Bus8,onshore wind,-0.0
tight_lines,51,Bus9,onshore wind,-0.0
tight_lines,51,Bus10,onshore wind,-0.0
tight_lines,51,Bus11,onshore wind,-0.0
tight_lines,51,Bus12,onshore wind,-0.0
tight_lines,51,Bus13,onshore wind,-0.0
tight_lines,51,Bus14,onshore wind,-0.0
tight_lines,51,Bus15,onshore wind,-0.0
tight_lines,51,Bus16,onshore wind,-0.0
tight_lines,51,Bus17,onshore wind,-0.0
tight_lines,51,Bus18,onshore wind,-0.0
tight_lines,51,Bus19,onshore wind,-0.0
tight_lines,51,Bus20,onshore wind,0.0
tight_lines,52,Bus1,onshore wind,4580.4326
tight_lines,52,Bus2,onshore wind,5697.4593
tight_lines,52,Bus3,onshore wind,2742.8224
tight_lines,52,Bus4,onshore wind,-0.0
tight_lines,52,Bus5,onshore wind,-0.0
tight_lines,52,Bus6,onshore wind,-0.0
tight_lines,52,Bus7,onshore wind,-0.0
tight_lines,52,Bus8,onshore wind,-0.0
tight_lines,52,Bus9,onshore wind,-0.0
tight_lines,52,Bus10,onshore wind,-0.0
tight_lines,52,Bus11,onshore wind,-0.0
tight_lines,52,Bus12,onshore wind,-0.0
tight_lines,52,Bus13,onshore wind,-0.0
tight_lines,52,Bus14,onshore wind,-0.0
tight_lines,52,Bus15,onshore wind,-0.0
tight_lines,52,Bus16,onshore wind,-0.0
tight_lines,52,Bus17,onshore wind,-0.0
tight_lines,52,Bus18,onshore wind,-0.0
tight_lines,52,Bus19,onshore wind,0.0
tight_lines,52,Bus20,onshore wind,-0.0
tight_lines,53,Bus1,onshore wind,6458.5529
tight_lines,53,Bus2,onshore wind,3873.7478
tight_lines,53,Bus3,onshore wind,-0.0
tight_lines,53,Bus4,onshore wind,-0.0
tight_lines,53,Bus5,onshore wind,-0.0
tight_lines,53,Bus6,onshore wind,-0.0
tight_lines,53,Bus7,onshore wind,-0.0
tight_lines,53,Bus8,onshore wind,-0.0
tight_lines,53,Bus9,onshore wind,-0.0
tight_lines,53,Bus10,onshore wind,-0.0
tight_lines,53,Bus11,onshore wind,-0.0
tight_lines,53,Bus12,onshore wind,-0.0
tight_lines,53,Bus13,onshore wind,-0.0
tight_lines,53,Bus14,onshore wind,-0.0
tight_lines,53,Bus15,onshore wind,-0.0
tight_lines,53,Bus16,onshore wind,-0.0
tight_lines,53,Bus17,onshore wind,-0.0
tight_lines,53,Bus18,onshore wind,-0.0
tight_lines,53,Bus19,onshore wind,-0.0
tight_lines,53,Bus20,onshore wind,0.0
tight_lines,54,Bus1,onshore wind,6486.2853
tight_lines,54,Bus2,onshore wind,3838.0853
tight_lines,54,Bus3,onshore wind,-0.0
tight_lines,54,Bus4,onshore wind,-0.0
tight_lines,54,Bus5,onshore wind,-0.0
tight_lines,54,Bus6,onshore wind,-0.0
tight_lines,54,Bus7,onshore wind,-0.0
tight_lines,54,Bus8,onshore wind,-0.0
tight_lines,54,Bus9,onshore wind,-0.0
tight_lines,54,Bus10,onshore wind,-0.0
tight_lines,54,Bus11,onshore wind,-0.0
tight_lines,54,Bus12,onshore wind,-0.0
tight_lines,54,Bus13,onshore wind,-0.0
tight_lines,54,Bus14,onshore wind,-0.0
tight_lines,54,Bus15,onshore wind,-0.0
tight_lines,54,Bus16,onshore wind,-0.0
tight_lines,54,Bus17,onshore wind,-0.0
tight_lines,54,Bus18,onshore wind,-0.0
tight_lines,54,Bus19,onshore wind,0.0
tight_lines,54,Bus20,onshore wind,-0.0
tight_lines,55,Bus1,onshore wind,8786.7447
tight_lines,55,Bus2,onshore wind,4452.6521
tight_lines,55,Bus3,onshore wind,-0.0
tight_lines,55,Bus4,onshore wind,-0.0
tight_lines,55,Bus5,onshore wind,-0.0
tight_lines,55,Bus6,onshore wind,-0.0
tight_lines,55,Bus7,onshore wind,-0.0
tight_lines,55,Bus8,onshore wind,-0.0
tight_lines,55,Bus9,onshore wind,-0.0
tight_lines,55,Bus10,onshore wind,-0.0
tight_lines,55,Bus11,onshore wind,-0.0
tight_lines,55,Bus12,onshore wind,-0.0
tight_lines,55,Bus13,onshore wind,-0.0
tight_lines,55,Bus14,onshore wind,-0.0
tight_lines,55,Bus15,onshore wind,-0.0
tight_lines,55,Bus16,onshore wind,-0.0
tight_lines,55,Bus17,onshore wind,-0.0
tight_lines,55,Bus18,onshore wind,-0.0
tight_lines,55,Bus19,onshore wind,-0.0
tight_lines,55,Bus20,onshore wind,-0.0
tight_lines,56,Bus1,onshore wind,5987.3668
tight_lines,56,Bus2,onshore wind,6032.5679
tight_lines,56,Bus3,onshore wind,-0.0
tight_lines,56,Bus4,onshore wind,-0.0
tight_lines,56,Bus5,onshore wind,-0.0
tight_lines,56,Bus6,onshore wind,-0.0
tight_lines,56,Bus7,onshore wind,-0.0
tight_lines,56,Bus8,onshore wind,-0.0
tight_lines,56,Bus9,onshore wind,-0.0
tight_lines,56,Bus10,onshore wind,-0.0
tight_lines,56,Bus11,onshore wind,-0.0
tight_lines,56,Bus12,onshore wind,-0.0
tight_lines,56,Bus13,onshore wind,-0.0
tight_lines,56,Bus14,onshore wind,-0.0
tight_lines,56,Bus15,onshore wind,-0.0
tight_lines,56,Bus16,onshore wind,-0.0
tight_lines,56,Bus17,onshore wind,-0.0
tight_lines,56,Bus18,onshore wind,-0.0
tight_lines,56,Bus19,onshore wind,-0.0
tight_lines,56,Bus20,onshore wind,-0.0
tight_lines,57,Bus1,onshore wind,6299.528
tight_lines,57,Bus2,onshore wind,2956.4617
tight_lines,57,Bus3,onshore wind,1259.7646
tight_lines,57,Bus4,onshore wind,-0.0
tight_lines,57,Bus5,onshore wind,-0.0
tight_lines,57,Bus6,onshore wind,-0.0
tight_lines,57,Bus7,onshore wind,-0.0
tight_lines,57,Bus8,onshore wind,-0.0
tight_lines,57,Bus9,onshore wind,-0.0
tight_lines,57,Bus10,onshore wind,-0.0
tight_lines,57,Bus11,onshore wind,-0.0
tight_lines,57,Bus12,onshore wind,-0.0
tight_lines,57,Bus13,onshore wind,-0.0
tight_lines,57,Bus14,onshore wind,-0.0
tight_lines,57,Bus15,onshore wind,-0.0
tight_lines,57,Bus16,onshore wind,-0.0
tight_lines,57,Bus17,onshore wind,-0.0
tight_lines,57,Bus18,onshore wind,-0.0
tight_lines,57,Bus19,onshore wind,0.0
tight_lines,57,Bus20,onshore wind,-0.0
tight_lines,58,Bus1,onshore wind,5747.6582
tight_lines,58,Bus2,onshore wind,4953.6385
tight_lines,58,Bus3,onshore wind,-0.0
tight_lines,58,Bus4,onshore wind,-0.0
tight_lines,58,Bus5,onshore wind,-0.0
tight_lines,58,Bus6,onshore wind,-0.0
tight_lines,58,Bus7,onshore wind,-0.0
tight_lines,58,Bus8,onshore wind,-0.0
tight_lines,58,Bus9,onshore wind,-0.0
tight_lines,58,Bus10,onshore wind,-0.0
tight_lines,58,Bus11,onshore wind,-0.0
tight_lines,58,Bus12,onshore wind,-0.0
tight_lines,58,Bus13,onshore wind,-0.0
tight_lines,58,Bus14,onshore wind,-0.0
tight_lines,58,Bus15,onshore wind,-0.0
tight_lines,58,Bus16,onshore wind,-0.0
tight_lines,58,Bus17,onshore wind,-0.0
tight_lines,58,Bus18,onshore wind,-0.0
tight_lines,58,Bus19,onshore wind,0.0
tight_lines,58,Bus20,onshore wind,-0.0
tight_lines,59,Bus1,onshore wind,4369.0918
tight_lines,59,Bus2,onshore wind,1669.9687
tight_lines,59,Bus3,onshore wind,-0.0
tight_lines,59,Bus4,onshore wind,601.31278
tight_lines,59,Bus5,onshore wind,-0.0
tight_lines,59,Bus6,onshore wind,-0.0
tight_lines,59,Bus7,onshore wind,0.0
tight_lines,59,Bus8,onshore wind,-0.0
tight_lines,59,Bus9,onshore wind,-0.0
tight_lines,59,Bus10,onshore wind,-0.0
tight_lines,59,Bus11,onshore wind,-0.0
tight_lines,59,Bus12,onshore wind,-0.0
tight_lines,59,Bus13,onshore wind,-0.0
tight_lines,59,Bus14,onshore wind,-0.0
tight_lines,59,Bus15,onshore wind,-0.0
tight_lines,59,Bus16,onshore wind,-0.0
tight_lines,59,Bus17,onshore wind,-0.0
tight_lines,59,Bus18,onshore wind,-0.0
tight_lines,59,Bus19,onshore wind,0.0
tight_lines,59,Bus20,onshore wind,-0.0
tight_lines,60,Bus1,onshore wind,6412.5325
tight_lines,60,Bus2,onshore wind,3210.7739
tight_lines,60,Bus3,onshore wind,-0.0
tight_lines,60,Bus4,onshore wind,3124.8367
tight_lines,60,Bus5,onshore wind,-0.0
tight_lines,60,Bus6,onshore wind,-0.0
tight_lines,60,Bus7,onshore wind,-0.0
tight_lines,60,Bus8,onshore wind,-0.0
tight_lines,60,Bus9,onshore wind,-0.0
tight_lines,60,Bus10,onshore wind,-0.0
tight_lines,60,Bus11,onshore wind,-0.0
tight_lines,60,Bus12,onshore wind,-0.0
tight_lines,60,Bus13,onshore wind,-0.0
tight_lines,60,Bus14,onshore wind,-0.0
tight_lines,60,Bus15,onshore wind,-0.0
tight_lines,60,Bus16,onshore wind,-0.0
tight_lines,60,Bus17,onshore wind,-0.0
tight_lines,60,Bus18,onshore wind,-0.0
tight_lines,60,Bus19,onshore wind,-0.0
tight_lines,60,Bus20,onshore wind,0.0
tight_lines,61,Bus1,onshore wind,5736.1824
tight_lines,61,Bus2,onshore wind,3717.092
tight_lines,61,Bus3,onshore wind,-0.0
tight_lines,61,Bus4,onshore wind,1982.6935
tight_lines,61,Bus5,onshore wind,-0.0
tight_lines,61,Bus6,onshore wind,-0.0
tight_lines,61,Bus7,onshore wind,-0.0
tight_lines,61,Bus8,onshore wind,-0.0
tight_lines,61,Bus9,onshore wind,-0.0
tight_lines,61,Bus10,onshore wind,-0.0
tight_lines,61,Bus11,onshore wind,-0.0
tight_lines,61,Bus12,onshore wind,-0.0
tight_lines,61,Bus13,onshore wind,-0.0
tight_lines,61,Bus14,onshore wind,-0.0
tight_lines,61,Bus15,onshore wind,-0.0
tight_lines,61,Bus16,onshore wind,-0.0
tight_lines,61,Bus17,onshore wind,-0.0
tight_lines,61,Bus18,onshore wind,-0.0
tight_lines,61,Bus19,onshore wind,-0.0
tight_lines,61,Bus20,onshore wind,0.0
tight_lines,62,Bus1,onshore wind,5478.874
tight_lines,62,Bus2,onshore wind,3206.9806
tight_lines,62,Bus3,onshore wind,-0.0
tight_lines,62,Bus4,onshore wind,-0.0
tight_lines,62,Bus5,onshore wind,3197.1931
tight_lines,62,Bus6,onshore wind,-0.0
tight_lines,62,Bus7,onshore wind,-0.0
tight_lines,62,Bus8,onshore wind,-0.0
tight_lines,62,Bus9,onshore wind,-0.0
tight_lines,62,Bus10,onshore wind,-0.0
tight_lines,62,Bus11,onshore wind,-0.0
tight_lines,62,Bus12,onshore wind,-0.0
tight_lines,62,Bus13,onshore wind,-0.0
tight_lines,62,Bus14,onshore wind,-0.0
tight_lines,62,Bus15,onshore wind,-0.0
tight_lines,62,Bus16,onshore wind,-0.0
tight_lines,62,Bus17,onshore wind,-0.0
tight_lines,62,Bus18,onshore wind,-0.0
tight_lines,62,Bus19,onshore wind,-0.0
tight_lines,62,Bus20,onshore wind,-0.0
tight_lines,63,Bus1,onshore wind,3477.8009
tight_lines,63,Bus2,onshore wind,1587.3043
tight_lines,63,Bus3,onshore wind,-0.0
tight_lines,63,Bus4,onshore wind,-0.0
tight_lines,63,Bus5,onshore wind,-0.0
tight_lines,63,Bus6,onshore wind,-0.0
tight_lines,63,Bus7,onshore wind,-0.0
tight_lines,63,Bus8,onshore wind,-0.0
tight_lines,63,Bus9,onshore wind,-0.0
tight_lines,63,Bus10,onshore wind,-0.0
tight_lines,63,Bus11,onshore wind,-0.0
tight_lines,63,Bus12,onshore wind,-0.0
tight_lines,63,Bus13,onshore wind,-0.0
tight_lines,63,Bus14,onshore wind,-0.0
tight_lines,63,Bus15,onshore wind,-0.0
tight_lines,63,Bus16,onshore wind,-0.0
tight_lines,63,Bus17,onshore wind,-0.0
tight_lines,63,Bus18,onshore wind,-0.0
tight_lines,63,Bus19,onshore wind,-0.0
tight_lines,63,Bus20,onshore wind,0.0
tight_lines,64,Bus1,onshore wind,5491.8791
tight_lines,64,Bus2,onshore wind,2422.8212
tight_lines,64,Bus3,onshore wind,924.15992
tight_lines,64,Bus4,onshore wind,-0.0
tight_lines,64,Bus5,onshore wind,-0.0
tight_lines,64,Bus6,onshore wind,-0.0
tight_lines,64,Bus7,onshore wind,-0.0
tight_lines,64,Bus8,onshore wind,-0.0
tight_lines,64,Bus9,onshore wind,-0.0
tight_lines,64,Bus10,onshore wind,-0.0
tight_lines,64,Bus11,onshore wind,-0.0
tight_lines,64,Bus12,onshore wind,-0.0
tight_lines,64,Bus13,onshore wind,-0.0
tight_lines,64,Bus14,onshore wind,-0.0
tight_lines,64,Bus15,onshore wind,-0.0
tight_lines,64,Bus16,onshore wind,-0.0
tight_lines,64,Bus17,onshore wind,-0.0
tight_lines,64,Bus18,onshore wind,-0.0
tight_lines,64,Bus19,onshore wind,-0.0
tight_lines,64,Bus20,onshore wind,0.0
tight_lines,65,Bus1,onshore wind,2398.4195
tight_lines,65,Bus2,onshore wind,2052.3532
tight_lines,65,Bus3,onshore wind,1144.4446
tight_lines,65,Bus4,onshore wind,2784.4808
tight_lines,65,Bus5,onshore wind,550.29584
tight_lines,65,Bus6,onshore wind,-0.0
tight_lines,65,Bus7,onshore wind,0.0
tight_lines,65,Bus8,onshore wind,-0.0
tight_lines,65,Bus9,onshore wind,-0.0
tight_lines,65,Bus10,onshore wind,-0.0
tight_lines,65,Bus11,onshore wind,-0.0
tight_lines,65,Bus12,onshore wind,-0.0
tight_lines,65,Bus13,onshore wind,-0.0
tight_lines,65,Bus14,onshore wind,-0.0
tight_lines,65,Bus15,onshore wind,-0.0
tight_lines,65,Bus16,onshore wind,-0.0
tight_lines,65,Bus17,onshore wind,-0.0
tight_lines,65,Bus18,onshore wind,-0.0
tight_lines,65,Bus19,onshore wind,-0.0
tight_lines,65,Bus20,onshore wind,0.0
tight_lines,66,Bus1,onshore wind,4114.1315
tight_lines,66,Bus2,onshore wind,1914.5871
tight_lines,66,Bus3,onshore wind,-0.0
tight_lines,66,Bus4,onshore wind,974.81998
tight_lines,66,Bus5,onshore wind,6418.7836
tight_lines,66,Bus6,onshore wind,0.0
tight_lines,66,Bus7,onshore wind,-0.0
tight_lines,66,Bus8,onshore wind,-0.0
tight_lines,66,Bus9,onshore wind,-0.0
tight_lines,66,Bus10,onshore wind,-0.0
tight_lines,66,Bus11,onshore wind,-0.0
tight_lines,66,Bus12,onshore wind,-0.0
tight_lines,66,Bus13,onshore wind,-0.0
tight_lines,66,Bus14,onshore wind,-0.0
tight_lines,66,Bus15,onshore wind,-0.0
tight_lines,66,Bus16,onshore wind,-0.0
tight_lines,66,Bus17,onshore wind,-0.0
tight_lines,66,Bus18,onshore wind,-0.0
tight_lines,66,Bus19,onshore wind,-0.0
tight_lines,66,Bus20,onshore wind,0.0
tight_lines,67,Bus1,onshore wind,5466.7236
tight_lines,67,Bus2,onshore wind,3357.2747
tight_lines,67,Bus3,onshore wind,94.771625
tight_lines,67,Bus4,onshore wind,-0.0
tight_lines,67,Bus5,onshore wind,7178.5885
tight_lines,67,Bus6,onshore wind,-0.0
tight_lines,67,Bus7,onshore wind,-0.0
tight_lines,67,Bus8,onshore wind,-0.0
tight_lines,67,Bus9,onshore wind,-0.0
tight_lines,67,Bus10,onshore wind,-0.0
tight_lines,67,Bus11,onshore wind,-0.0
tight_lines,67,Bus12,onshore wind,-0.0
tight_lines,67,Bus13,onshore wind,-0.0
tight_lines,67,Bus14,onshore wind,-0.0
tight_lines,67,Bus15,onshore wind,-0.0
tight_lines,67,Bus16,onshore wind,-0.0
tight_lines,67,Bus17,onshore wind,-0.0
tight_lines,67,Bus18,onshore wind,-0.0
tight_lines,67,Bus19,onshore wind,-0.0
tight_lines,67,Bus20,onshore wind,0.0
tight_lines,68,Bus1,onshore wind,2062.389
tight_lines,68,Bus2,onshore wind,2913.4477
tight_lines,68,Bus3,onshore wind,1753.8754
tight_lines,68,Bus4,onshore wind,-0.0
tight_lines,68,Bus5,onshore wind,1143.7585
tight_lines,68,Bus6,onshore wind,-0.0
tight_lines,68,Bus7,onshore wind,-0.0
tight_lines,68,Bus8,onshore wind,-0.0
tight_lines,68,Bus9,onshore wind,-0.0
tight_lines,68,Bus10,onshore wind,-0.0
tight_lines,68,Bus11,onshore wind,-0.0
tight_lines,68,Bus12,onshore wind,-0.0
tight_lines,68,Bus13,onshore wind,-0.0
tight_lines,68,Bus14,onshore wind,-0.0
tight_lines,68,Bus15,onshore wind,-0.0
tight_lines,68,Bus16,onshore wind,-0.0
tight_lines,68,Bus17,onshore wind,-0.0
tight_lines,68,Bus18,onshore wind,-0.0
tight_lines,68,Bus19,onshore wind,-0.0
tight_lines,68,Bus20,onshore wind,0.0
tight_lines,69,Bus1,onshore wind,2295.9979
tight_lines,69,Bus2,onshore wind,1956.2188
tight_lines,69,Bus3,onshore wind,-0.0
tight_lines,69,Bus4,onshore wind,7098.1492
tight_lines,69,Bus5,onshore wind,-0.0
tight_lines,69,Bus6,onshore wind,-0.0
tight_lines,69,Bus7,onshore wind,-0.0
tight_lines,69,Bus8,onshore wind,-0.0
tight_lines,69,Bus9,onshore wind,-0.0
tight_lines,69,Bus10,onshore wind,-0.0
tight_lines,69,Bus11,onshore wind,-0.0
tight_lines,69,Bus12,onshore wind,-0.0
tight_lines,69,Bus13,onshore wind,-0.0
tight_lines,69,Bus14,onshore wind,-0.0
tight_lines,69,Bus15,onshore wind,-0.0
tight_lines,69,Bus16,onshore wind,-0.0
tight_lines,69,Bus17,onshore wind,-0.0
tight_lines,69,Bus18,onshore wind,-0.0
tight_lines,69,Bus19,onshore wind,-0.0
tight_lines,69,Bus20,onshore wind,-0.0
tight_lines,70,Bus1,onshore wind,2808.3394
tight_lines,70,Bus2,onshore wind,3683.2656
tight_lines,70,Bus3,onshore wind,2822.8099
tight_lines,70,Bus4,onshore wind,-0.0
tight_lines,70,Bus5,onshore wind,3764.0513
tight_lines,70,Bus6,onshore wind,-0.0
tight_lines,70,Bus7,onshore wind,-0.0
tight_lines,70,Bus8,onshore wind,-0.0
tight_lines,70,Bus9,onshore wind,-0.0
tight_lines,70,Bus10,onshore wind,-0.0
tight_lines,70,Bus11,onshore wind,-0.0
tight_lines,70,Bus12,onshore wind,-0.0
tight_lines,70,Bus13,onshore wind,-0.0
tight_lines,70,Bus14,onshore wind,-0.0
tight_lines,70,Bus15,onshore wind,-0.0
tight_lines,70,Bus16,onshore wind,-0.0
tight_lines,70,Bus17,onshore wind,-0.0
tight_lines,70,Bus18,onshore wind,-0.0
tight_lines,70,Bus19,onshore wind,-0.0
tight_lines,70,Bus20,onshore wind,-0.0
tight_lines,71,Bus1,onshore wind,2092.0995
tight_lines,71,Bus2,onshore wind,3264.3024
tight_lines,71,Bus3,onshore wind,-0.0
tight_lines,71,Bus4,onshore wind,-0.0
tight_lines,71,Bus5,onshore wind,5687.3577
tight_lines,71,Bus6,onshore wind,-0.0
tight_lines,71,Bus7,onshore wind,-0.0
tight_lines,71,Bus8,onshore wind,-0.0
tight_lines,71,Bus9,onshore wind,-0.0
tight_lines,71,Bus10,onshore wind,-0.0
tight_lines,71,Bus11,onshore wind,-0.0
tight_lines,71,Bus12,onshore wind,-0.0
tight_lines,71,Bus13,onshore wind,-0.0
tight_lines,71,Bus14,onshore wind,-0.0
tight_lines,71,Bus15,onshore wind,-0.0
tight_lines,71,Bus16,onshore wind,-0.0
tight_lines,71,Bus17,onshore wind,-0.0
tight_lines,71,Bus18,onshore wind,-0.0
tight_lines,71,Bus19,onshore wind,-0.0
tight_lines,71,Bus20,onshore wind,0.0
tight_lines,72,Bus1,onshore wind,974.8506
tight_lines,72,Bus2,onshore wind,3978.0833
tight_lines,72,Bus3,onshore wind,1181.2126
tight_lines,72,Bus4,onshore wind,-0.0
tight_lines,72,Bus5,onshore wind,6127.7285
tight_lines,72,Bus6,onshore wind,-0.0
tight_lines,72,Bus7,onshore wind,-0.0
tight_lines,72,Bus8,onshore wind,-0.0
tight_lines,72,Bus9,onshore wind,-0.0
tight_lines,72,Bus10,onshore wind,-0.0
tight_lines,72,Bus11,onshore wind,-0.0
tight_lines,72,Bus12,onshore wind,-0.0
tight_lines,72,Bus13,onshore wind,-0.0
tight_lines,72,Bus14,onshore wind,-0.0
tight_lines,72,Bus15,onshore wind,-0.0
tight_lines,72,Bus16,onshore wind,-0.0
tight_lines,72,Bus17,onshore wind,-0.0
tight_lines,72,Bus18,onshore wind,-0.0
tight_lines,72,Bus19,onshore wind,-0.0
tight_lines,72,Bus20,onshore wind,0.0
tight_lines,73,Bus1,onshore wind,2568.6514
tight_lines,73,Bus2,onshore wind,4033.2426
tight_lines,73,Bus3,onshore wind,1569.6984
tight_lines,73,Bus4,onshore wind,4822.386
tight_lines,73,Bus5,onshore wind,-0.0
tight_lines,73,Bus6,onshore wind,-0.0
tight_lines,73,Bus7,onshore wind,-0.0
tight_lines,73,Bus8,onshore wind,-0.0
tight_lines,73,Bus9,onshore wind,-0.0
tight_lines,73,Bus10,onshore wind,-0.0
tight_lines,73,Bus11,onshore wind,-0.0
tight_lines,73,Bus12,onshore wind,-0.0
tight_lines,73,Bus13,onshore wind,-0.0
tight_lines,73,Bus14,onshore wind,-0.0
tight_lines,73,Bus15,onshore wind,-0.0
tight_lines,73,Bus16,onshore wind,-0.0
tight_lines,73,Bus17,onshore wind,-0.0
tight_lines,73,Bus18,onshore wind,-0.0
tight_lines,73,Bus19,onshore wind,0.0
tight_lines,73,Bus20,onshore wind,-0.0
tight_lines,74,Bus1,onshore wind,1457.5695
tight_lines,74,Bus2,onshore wind,2837.7964
tight_lines,74,Bus3,onshore wind,3867.2435
tight_lines,74,Bus4,onshore wind,3220.4785
tight_lines,74,Bus5,onshore wind,-0.0
tight_lines,74,Bus6,onshore wind,-0.0
tight_lines,74,Bus7,onshore wind,-0.0
tight_lines,74,Bus8,onshore wind,-0.0
tight_lines,74,Bus9,onshore wind,-0.0
tight_lines,74,Bus10,onshore wind,-0.0
tight_lines,74,Bus11,onshore wind,-0.0
tight_lines,74,Bus12,onshore wind,-0.0
tight_lines,74,Bus13,onshore wind,-0.0
tight_lines,74,Bus14,onshore wind,-0.0
tight_lines,74,Bus15,onshore wind,-0.0
tight_lines,74,Bus16,onshore wind,-0.0
tight_lines,74,Bus17,onshore wind,-0.0
tight_lines,74,Bus18,onshore wind,-0.0
tight_lines,74,Bus19,onshore wind,0.0
tight_lines,74,Bus20,onshore wind,-0.0
tight_lines,75,Bus1,onshore wind,3058.0135
tight_lines,75,Bus2,onshore wind,3388.6236
tight_lines,75,Bus3,onshore wind,-0.0
tight_lines,75,Bus4,onshore wind,613.20946
tight_lines,75,Bus5,onshore wind,5007.8168
tight_lines,75,Bus6,onshore wind,-0.0
tight_lines,75,Bus7,onshore wind,-0.0
tight_lines,75,Bus8,onshore wind,-0.0
tight_lines,75,Bus9,onshore wind,-0.0
tight_lines,75,Bus10,onshore wind,-0.0
tight_lines,75,Bus11,onshore wind,-0.0
tight_lines,75,Bus12,onshore wind,-0.0
tight_lines,75,Bus13,onshore wind,-0.0
tight_lines,75,Bus14,onshore wind,-0.0
tight_lines,75,Bus15,onshore wind,-0.0
tight_lines,75,Bus16,onshore wind,-0.0
tight_lines,75,Bus17,onshore wind,-0.0
tight_lines,75,Bus18,onshore wind,-0.0
tight_lines,75,Bus19,onshore wind,-0.0
tight_lines,75,Bus20,onshore wind,-0.0
tight_lines,76,Bus1,onshore wind,1772.8486
tight_lines,76,Bus2,onshore wind,4990.572
tight_lines,76,Bus3,onshore wind,3933.7878
tight_lines,76,Bus4,onshore wind,609.58868
tight_lines,76,Bus5,onshore wind,-0.0
tight_lines,76,Bus6,onshore wind,-0.0
tight_lines,76,Bus7,onshore wind,-0.0
tight_lines,76,Bus8,onshore wind,-0.0
tight_lines,76,Bus9,onshore wind,-0.0
tight_lines,76,Bus10,onshore wind,-0.0
tight_lines,76,Bus11,onshore wind,-0.0
tight_lines,76,Bus12,onshore wind,-0.0
tight_lines,76,Bus13,onshore wind,-0.0
tight_lines,76,Bus14,onshore wind,-0.0
tight_lines,76,Bus15,onshore wind,-0.0
tight_lines,76,Bus16,onshore wind,-0.0
tight_lines,76,Bus17,onshore wind,-0.0
tight_lines,76,Bus18,onshore wind,-0.0
tight_lines,76,Bus19,onshore wind,-0.0
tight_lines,76,Bus20,onshore wind,-0.0
tight_lines,77,Bus1,onshore wind,4390.9248
tight_lines,77,Bus2,onshore wind,5153.9259
tight_lines,77,Bus3,onshore wind,1777.4591
tight_lines,77,Bus4,onshore wind,-0.0
tight_lines,77,Bus5,onshore wind,-0.0
tight_lines,77,Bus6,onshore wind,-0.0
tight_lines,77,Bus7,onshore wind,-0.0
tight_lines,77,Bus8,onshore wind,-0.0
tight_lines,77,Bus9,onshore wind,-0.0
tight_lines,77,Bus10,onshore wind,-0.0
tight_lines,77,Bus11,onshore wind,-0.0
tight_lines,77,Bus12,onshore wind,-0.0
tight_lines,77,Bus13,onshore wind,-0.0
tight_lines,77,Bus14,onshore wind,-0.0
tight_lines,77,Bus15,onshore wind,-0.0
tight_lines,77,Bus16,onshore wind,-0.0
tight_lines,77,Bus17,onshore wind,-0.0
tight_lines,77,Bus18,onshore wind,-0.0
tight_lines,77,Bus19,onshore wind,-0.0
tight_lines,77,Bus20,onshore wind,-0.0
tight_lines,78,Bus1,onshore wind,2243.9585
tight_lines,78,Bus2,onshore wind,4821.9466
tight_lines,78,Bus3,onshore wind,-0.0
tight_lines,78,Bus4,onshore wind,-0.0
tight_lines,78,Bus5,onshore wind,5541.5822
tight_lines,78,Bus6,onshore wind,-0.0
tight_lines,78,Bus7,onshore wind,-0.0
tight_lines,78,Bus8,onshore wind,-0.0
tight_lines,78,Bus9,onshore wind,-0.0
tight_lines,78,Bus10,onshore wind,-0.0
tight_lines,78,Bus11,onshore wind,-0.0
tight_lines,78,Bus12,onshore wind,-0.0
tight_lines,78,Bus13,onshore wind,-0.0
tight_lines,78,Bus14,onshore wind,-0.0
tight_lines,78,Bus15,onshore wind,-0.0
tight_lines,78,Bus16,onshore wind,-0.0
tight_lines,78,Bus17,onshore wind,-0.0
tight_lines,78,Bus18,onshore wind,-0.0
tight_lines,78,Bus19,onshore wind,-0.0
tight_lines,78,Bus20,onshore wind,0.0
tight_lines,79,Bus1,onshore wind,2924.6657
tight_lines,79,Bus2,onshore wind,5251.7177
tight_lines,79,Bus3,onshore wind,6693.8842
tight_lines,79,Bus4,onshore wind,-0.0
tight_lines,79,Bus5,onshore wind,1681.8928
tight_lines,79,Bus6,onshore wind,-0.0
tight_lines,79,Bus7,onshore wind,-0.0
tight_lines,79,Bus8,onshore wind,-0.0
tight_lines,79,Bus9,onshore wind,-0.0
tight_lines,79,Bus10,onshore wind,-0.0
tight_lines,79,Bus11,onshore wind,-0.0
tight_lines,79,Bus12,onshore wind,-0.0
tight_lines,79,Bus13,onshore wind,-0.0
tight_lines,79,Bus14,onshore wind,-0.0
tight_lines,79,Bus15,onshore wind,-0.0
tight_lines,79,Bus16,onshore wind,-0.0
tight_lines,79,Bus17,onshore wind,-0.0
tight_lines,79,Bus18,onshore wind,-0.0
tight_lines,79,Bus19,onshore wind,0.0
tight_lines,79,Bus20,onshore wind,-0.0
tight_lines,80,Bus1,onshore wind,4308.0916
tight_lines,80,Bus2,onshore wind,6689.2562
tight_lines,80,Bus3,onshore wind,6924.6469
tight_lines,80,Bus4,onshore wind,-0.0
tight_lines,80,Bus5,onshore wind,-0.0
tight_lines,80,Bus6,onshore wind,-0.0
tight_lines,80,Bus7,onshore wind,-0.0
tight_lines,80,Bus8,onshore wind,-0.0
tight_lines,80,Bus9,onshore wind,-0.0
tight_lines,80,Bus10,onshore wind,-0.0
tight_lines,80,Bus11,onshore wind,-0.0
tight_lines,80,Bus12,onshore wind,-0.0
tight_lines,80,Bus13,onshore wind,-0.0
tight_lines,80,Bus14,onshore wind,-0.0
tight_lines,80,Bus15,onshore wind,-0.0
tight_lines,80,Bus16,onshore wind,-0.0
tight_lines,80,Bus17,onshore wind,-0.0
tight_lines,80,Bus18,onshore wind,-0.0
tight_lines,80,Bus19,onshore wind,0.0
tight_lines,80,Bus20,onshore wind,-0.0
tight_lines,81,Bus1,onshore wind,2534.2861
tight_lines,81,Bus2,onshore wind,5076.6133
tight_lines,81,Bus3,onshore wind,2408.9151
tight_lines,81,Bus4,onshore wind,-0.0
tight_lines,81,Bus5,onshore wind,-0.0
tight_lines,81,Bus6,onshore wind,-0.0
tight_lines,81,Bus7,onshore wind,-0.0
tight_lines,81,Bus8,onshore wind,-0.0
tight_lines,81,Bus9,onshore wind,-0.0
tight_lines,81,Bus10,onshore wind,-0.0
tight_lines,81,Bus11,onshore wind,-0.0
tight_lines,81,Bus12,onshore wind,-0.0
tight_lines,81,Bus13,onshore wind,-0.0
tight_lines,81,Bus14,onshore wind,-0.0
tight_lines,81,Bus15,onshore wind,-0.0
tight_lines,81,Bus16,onshore wind,-0.0
tight_lines,81,Bus17,onshore wind,-0.0
tight_lines,81,Bus18,onshore wind,-0.0
tight_lines,81,Bus19,onshore wind,0.0
tight_lines,81,Bus20,onshore wind,-0.0
tight_lines,82,Bus1,onshore wind,4279.7984
tight_lines,82,Bus2,onshore wind,6445.4673
tight_lines,82,Bus3,onshore wind,5050.9267
tight_lines,82,Bus4,onshore wind,-0.0
tight_lines,82,Bus5,onshore wind,-0.0
tight_lines,82,Bus6,onshore wind,-0.0
tight_lines,82,Bus7,onshore wind,-0.0
tight_lines,82,Bus8,onshore wind,-0.0
tight_lines,82,Bus9,onshore wind,-0.0
tight_lines,82,Bus10,onshore wind,-0.0
tight_lines,82,Bus11,onshore wind,-0.0
tight_lines,82,Bus12,onshore wind,-0.0
tight_lines,82,Bus13,onshore wind,-0.0
tight_lines,82,Bus14,onshore wind,-0.0
tight_lines,82,Bus15,onshore wind,-0.0
tight_lines,82,Bus16,onshore wind,-0.0
tight_lines,82,Bus17,onshore wind,-0.0
tight_lines,82,Bus18,onshore wind,-0.0
tight_lines,82,Bus19,onshore wind,-0.0
tight_lines,82,Bus20,onshore wind,-0.0
tight_lines,83,Bus1,onshore wind,5656.7893
tight_lines,83,Bus2,onshore wind,-0.0
tight_lines,83,Bus3,onshore wind,6687.2679
tight_lines,83,Bus4,onshore wind,-0.0
tight_lines,83,Bus5,onshore wind,1719.0742
tight_lines,83,Bus6,onshore wind,-0.0
tight_lines,83,Bus7,onshore wind,-0.0
tight_lines,83,Bus8,onshore wind,-0.0
tight_lines,83,Bus9,onshore wind,-0.0
tight_lines,83,Bus10,onshore wind,-0.0
tight_lines,83,Bus11,onshore wind,-0.0
tight_lines,83,Bus12,onshore wind,-0.0
tight_lines,83,Bus13,onshore wind,-0.0
tight_lines,83,Bus14,onshore wind,-0.0
tight_lines,83,Bus15,onshore wind,-0.0
tight_lines,83,Bus16,onshore wind,-0.0
tight_lines,83,Bus17,onshore wind,-0.0
tight_lines,83,Bus18,onshore wind,-0.0
tight_lines,83,Bus19,onshore wind,-0.0
tight_lines,83,Bus20,onshore wind,-0.0
tight_lines,84,Bus1,onshore wind,3042.8702
tight_lines,84,Bus2,onshore wind,6041.7347
tight_lines,84,Bus3,onshore wind,2950.9079
tight_lines,84,Bus4,onshore wind,-0.0
tight_lines,84,Bus5,onshore wind,-0.0
tight_lines,84,Bus6,onshore wind,-0.0
tight_lines,84,Bus7,onshore wind,-0.0
tight_lines,84,Bus8,onshore wind,-0.0
tight_lines,84,Bus9,onshore wind,-0.0
tight_lines,84,Bus10,onshore wind,-0.0
tight_lines,84,Bus11,onshore wind,-0.0
tight_lines,84,Bus12,onshore wind,-0.0
tight_lines,84,Bus13,onshore wind,-0.0
tight_lines,84,Bus14,onshore wind,-0.0
tight_lines,84,Bus15,onshore wind,-0.0
tight_lines,84,Bus16,onshore wind,-0.0
tight_lines,84,Bus17,onshore wind,-0.0
tight_lines,84,Bus18,onshore wind,-0.0
tight_lines,84,Bus19,onshore wind,-0.0
tight_lines,84,Bus20,onshore wind,-0.0
tight_lines,85,Bus1,onshore wind,5132.2954
tight_lines,85,Bus2,onshore wind,7480.8918
tight_lines,85,Bus3,onshore wind,1417.6431
tight_lines,85,Bus4,onshore wind,-0.0
tight_lines,85,Bus5,onshore wind,0.0
tight_lines,85,Bus6,onshore wind,-0.0
tight_lines,85,Bus7,onshore wind,-0.0
tight_lines,85,Bus8,onshore wind,-0.0
tight_lines,85,Bus9,onshore wind,-0.0
tight_lines,85,Bus10,onshore wind,-0.0
tight_lines,85,Bus11,onshore wind,-0.0
tight_lines,85,Bus12,onshore wind,-0.0
tight_lines,85,Bus13,onshore wind,-0.0
tight_lines,85,Bus14,onshore wind,-0.0
tight_lines,85,Bus15,onshore wind,-0.0
tight_lines,85,Bus16,onshore wind,-0.0
tight_lines,85,Bus17,onshore wind,-0.0
tight_lines,85,Bus18,onshore wind,-0.0
tight_lines,85,Bus19,onshore wind,-0.0
tight_lines,85,Bus20,onshore wind,-0.0
tight_lines,86,Bus1,onshore wind,5494.7324
tight_lines,86,Bus2,onshore wind,7287.6829
tight_lines,86,Bus3,onshore wind,1597.4456
tight_lines,86,Bus4,onshore wind,-0.0
tight_lines,86,Bus5,onshore wind,0.0
tight_lines,86,Bus6,onshore wind,-0.0
tight_lines,86,Bus7,onshore wind,-0.0
tight_lines,86,Bus8,onshore wind,-0.0
tight_lines,86,Bus9,onshore wind,-0.0
tight_lines,86,Bus10,onshore wind,-0.0
tight_lines,86,Bus11,onshore wind,-0.0
tight_lines,86,Bus12,onshore wind,-0.0
tight_lines,86,Bus13,onshore wind,-0.0
tight_lines,86,Bus14,onshore wind,-0.0
tight_lines,86,Bus15,onshore wind,-0.0
tight_lines,86,Bus16,onshore wind,-0.0
tight_lines,86,Bus17,onshore wind,-0.0
tight_lines,86,Bus18,onshore wind,-0.0
tight_lines,86,Bus19,onshore wind,0.0
tight_lines,86,Bus20,onshore wind,-0.0
tight_lines,87,Bus1,onshore wind,6287.2485
tight_lines,87,Bus2,onshore wind,7311.5685
tight_lines,87,Bus3,onshore wind,1648.1061
tight_lines,87,Bus4,onshore wind,-0.0
tight_lines,87,Bus5,onshore wind,-0.0
tight_lines,87,Bus6,onshore wind,-0.0
tight_lines,87,Bus7,onshore wind,-0.0
tight_lines,87,Bus8,onshore wind,-0.0
tight_lines,87,Bus9,onshore wind,-0.0
tight_lines,87,Bus10,onshore wind,-0.0
tight_lines,87,Bus11,onshore wind,-0.0
tight_lines,87,Bus12,onshore wind,-0.0
tight_lines,87,Bus13,onshore wind,-0.0
tight_lines,87,Bus14,onshore wind,-0.0
tight_lines,87,Bus15,onshore wind,-0.0
tight_lines,87,Bus16,onshore wind,-0.0
tight_lines,87,Bus17,onshore wind,-0.0
tight_lines,87,Bus18,onshore wind,-0.0
tight_lines,87,Bus19,onshore wind,0.0
tight_lines,87,Bus20,onshore wind,-0.0
tight_lines,88,Bus1,onshore wind,4516.3221
tight_lines,88,Bus2,onshore wind,7794.1615
tight_lines,88,Bus3,onshore wind,160.47438
tight_lines,88,Bus4,onshore wind,-0.0
tight_lines,88,Bus5,onshore wind,0.0
tight_lines,88,Bus6,onshore wind,-0.0
tight_lines,88,Bus7,onshore wind,-0.0
tight_lines,88,Bus8,onshore wind,-0.0
tight_lines,88,Bus9,onshore wind,-0.0
tight_lines,88,Bus10,onshore wind,-0.0
tight_lines,88,Bus11,onshore wind,-0.0
tight_lines,88,Bus12,onshore wind,-0.0
tight_lines,88,Bus13,onshore wind,-0.0
tight_lines,88,Bus14,onshore wind,-0.0
tight_lines,88,Bus15,onshore wind,-0.0
tight_lines,88,Bus16,onshore wind,-0.0
tight_lines,88,Bus17,onshore wind,-0.0
tight_lines,88,Bus18,onshore wind,-0.0
tight_lines,88,Bus19,onshore wind,-0.0
tight_lines,88,Bus20,onshore wind,-0.0
tight_lines,89,Bus1,onshore wind,4652.3316
tight_lines,89,Bus2,onshore wind,-0.0
tight_lines,89,Bus3,onshore wind,-0.0
tight_lines,89,Bus4,onshore wind,4359.466
tight_lines,89,Bus5,onshore wind,3062.4868
tight_lines,89,Bus6,onshore wind,-0.0
tight_lines,89,Bus7,onshore wind,-0.0
tight_lines,89,Bus8,onshore wind,-0.0
tight_lines,89,Bus9,onshore wind,-0.0
tight_lines,89,Bus10,onshore wind,-0.0
tight_lines,89,Bus11,onshore wind,-0.0
tight_lines,89,Bus12,onshore wind,-0.0
tight_lines,89,Bus13,onshore wind,-0.0
tight_lines,89,Bus14,onshore wind,-0.0
tight_lines,89,Bus15,onshore wind,-0.0
tight_lines,89,Bus16,onshore wind,-0.0
tight_lines,89,Bus17,onshore wind,-0.0
tight_lines,89,Bus18,onshore wind,-0.0
tight_lines,89,Bus19,onshore wind,-0.0
tight_lines,89,Bus20,onshore wind,-0.0
tight_lines,90,Bus1,onshore wind,6680.9512
tight_lines,90,Bus2,onshore wind,-0.0
tight_lines,90,Bus3,onshore wind,-0.0
tight_lines,90,Bus4,onshore wind,2746.3351
tight_lines,90,Bus5,onshore wind,481.4197
tight_lines,90,Bus6,onshore wind,-0.0
tight_lines,90,Bus7,onshore wind,-0.0
tight_lines,90,Bus8,onshore wind,-0.0
tight_lines,90,Bus9,onshore wind,-0.0
tight_lines,90,Bus10,onshore wind,-0.0
tight_lines,90,Bus11,onshore wind,-0.0
tight_lines,90,Bus12,onshore wind,-0.0
tight_lines,90,Bus13,onshore wind,-0.0
tight_lines,90,Bus14,onshore wind,-0.0
tight_lines,90,Bus15,onshore wind,-0.0
tight_lines,90,Bus16,onshore wind,-0.0
tight_lines,90,Bus17,onshore wind,-0.0
tight_lines,90,Bus18,onshore wind,-0.0
tight_lines,90,Bus19,onshore wind,-0.0
tight_lines,90,Bus20,onshore wind,-0.0
tight_lines,91,Bus1,onshore wind,6604.7118
tight_lines,91,Bus2,onshore wind,-0.0
tight_lines,91,Bus3,onshore wind,655.57649
tight_lines,91,Bus4,onshore wind,1724.5859
tight_lines,91,Bus5,onshore wind,-0.0
tight_lines,91,Bus6,onshore wind,-0.0
tight_lines,91,Bus7,onshore wind,-0.0
tight_lines,91,Bus8,onshore wind,-0.0
tight_lines,91,Bus9,onshore wind,-0.0
tight_lines,91,Bus10,onshore wind,-0.0
tight_lines,91,Bus11,onshore wind,-0.0
tight_lines,91,Bus12,onshore wind,-0.0
tight_lines,91,Bus13,onshore wind,-0.0
tight_lines,91,Bus14,onshore wind,-0.0
tight_lines,91,Bus15,onshore wind,-0.0
tight_lines,91,Bus16,onshore wind,-0.0
tight_lines,91,Bus17,onshore wind,-0.0
tight_lines,91,Bus18,onshore wind,-0.0
tight_lines,91,Bus19,onshore wind,-0.0
tight_lines,91,Bus20,onshore wind,-0.0
tight_lines,92,Bus1,onshore wind,6666.0718
tight_lines,92,Bus2,onshore wind,6342.9544
tight_lines,92,Bus3,onshore wind,1641.6232
tight_lines,92,Bus4,onshore wind,-0.0
tight_lines,92,Bus5,onshore wind,508.9128
tight_lines,92,Bus6,onshore wind,-0.0
tight_lines,92,Bus7,onshore wind,-0.0
tight_lines,92,Bus8,onshore wind,-0.0
tight_lines,92,Bus9,onshore wind,-0.0
tight_lines,92,Bus10,onshore wind,-0.0
tight_lines,92,Bus11,onshore wind,-0.0
tight_lines,92,Bus12,onshore wind,-0.0
tight_lines,92,Bus13,onshore wind,-0.0
tight_lines,92,Bus14,onshore wind,-0.0
tight_lines,92,Bus15,onshore wind,-0.0
tight_lines,92,Bus16,onshore wind,-0.0
tight_lines,92,Bus17,onshore wind,-0.0
tight_lines,92,Bus18,onshore wind,-0.0
tight_lines,92,Bus19,onshore wind,-0.0
tight_lines,92,Bus20,onshore wind,-0.0
tight_lines,93,Bus1,onshore wind,6826.575
tight_lines,93,Bus2,onshore wind,2466.1446
tight_lines,93,Bus3,onshore wind,-0.0
tight_lines,93,Bus4,onshore wind,-0.0
tight_lines,93,Bus5,onshore wind,0.0
tight_lines,93,Bus6,onshore wind,-0.0
tight_lines,93,Bus7,onshore wind,-0.0
tight_lines,93,Bus8,onshore wind,-0.0
tight_lines,93,Bus9,onshore wind,-0.0
tight_lines,93,Bus10,onshore wind,-0.0
tight_lines,93,Bus11,onshore wind,-0.0
tight_lines,93,Bus12,onshore wind,-0.0
tight_lines,93,Bus13,onshore wind,-0.0
tight_lines,93,Bus14,onshore wind,-0.0
tight_lines,93,Bus15,onshore wind,-0.0
tight_lines,93,Bus16,onshore wind,-0.0
tight_lines,93,Bus17,onshore wind,-0.0
tight_lines,93,Bus18,onshore wind,-0.0
tight_lines,93,Bus19,onshore wind,-0.0
tight_lines,93,Bus20,onshore wind,-0.0
tight_lines,94,Bus1,onshore wind,5819.8868
tight_lines,94,Bus2,onshore wind,4881.1685
tight_lines,94,Bus3,onshore wind,-0.0
tight_lines,94,Bus4,onshore wind,0.0
tight_lines,94,Bus5,onshore wind,-0.0
tight_lines,94,Bus6,onshore wind,-0.0
tight_lines,94,Bus7,onshore wind,-0.0
tight_lines,94,Bus8,onshore wind,-0.0
tight_lines,94,Bus9,onshore wind,-0.0
tight_lines,94,Bus10,onshore wind,-0.0
tight_lines,94,Bus11,onshore wind,-0.0
tight_lines,94,Bus12,onshore wind,-0.0
tight_lines,94,Bus13,onshore wind,-0.0
tight_lines,94,Bus14,onshore wind,-0.0
tight_lines,94,Bus15,onshore wind,-0.0
tight_lines,94,Bus16,onshore wind,-0.0
tight_lines,94,Bus17,onshore wind,-0.0
tight_lines,94,Bus18,onshore wind,-0.0
tight_lines,94,Bus19,onshore wind,-0.0
tight_lines,94,Bus20,onshore wind,-0.0
tight_lines,95,Bus1,onshore wind,6706.7397
tight_lines,95,Bus2,onshore wind,-0.0
tight_lines,95,Bus3,onshore wind,3041.7431
tight_lines,95,Bus4,onshore wind,2476.2101
tight_lines,95,Bus5,onshore wind,-0.0
tight_lines,95,Bus6,onshore wind,-0.0
tight_lines,95,Bus7,onshore wind,-0.0
tight_lines,95,Bus8,onshore wind,-0.0
tight_lines,95,Bus9,onshore wind,-0.0
tight_lines,95,Bus10,onshore wind,-0.0
tight_lines,95,Bus11,onshore wind,-0.0
tight_lines,95,Bus12,onshore wind,-0.0
tight_lines,95,Bus13,onshore wind,-0.0
tight_lines,95,Bus14,onshore wind,-0.0
tight_lines,95,Bus15,onshore wind,-0.0
tight_lines,95,Bus16,onshore wind,-0.0
tight_lines,95,Bus17,onshore wind,-0.0
tight_lines,95,Bus18,onshore wind,-0.0
tight_lines,95,Bus19,onshore wind,-0.0
tight_lines,95,Bus20,onshore wind,-0.0
tight_lines,96,Bus1,onshore wind,6697.4973
tight_lines,96,Bus2,onshore wind,2617.1551
tight_lines,96,Bus3,onshore wind,-0.0
tight_lines,96,Bus4,onshore wind,-0.0
tight_lines,96,Bus5,onshore wind,-0.0
tight_lines,96,Bus6,onshore wind,-0.0
tight_lines,96,Bus7,onshore wind,-0.0
tight_lines,96,Bus8,onshore wind,-0.0
tight_lines,96,Bus9,onshore wind,-0.0
tight_lines,96,Bus10,onshore wind,-0.0
tight_lines,96,Bus11,onshore wind,-0.0
tight_lines,96,Bus12,onshore wind,-0.0
tight_lines,96,Bus13,onshore wind,-0.0
tight_lines,96,Bus14,onshore wind,-0.0
tight_lines,96,Bus15,onshore wind,-0.0
tight_lines,96,Bus16,onshore wind,-0.0
tight_lines,96,Bus17,onshore wind,-0.0
tight_lines,96,Bus18,onshore wind,-0.0
tight_lines,96,Bus19,onshore wind,-0.0
tight_lines,96,Bus20,onshore wind,-0.0
tight_lines,97,Bus1,onshore wind,5576.9606
tight_lines,97,Bus2,onshore wind,-0.0
tight_lines,97,Bus3,onshore wind,-0.0
tight_lines,97,Bus4,onshore wind,632.09619
tight_lines,97,Bus5,onshore wind,3479.4324
tight_lines,97,Bus6,onshore wind,-0.0
tight_lines,97,Bus7,onshore wind,-0.0
tight_lines,97,Bus8,onshore wind,-0.0
tight_lines,97,Bus9,onshore wind,-0.0
tight_lines,97,Bus10,onshore wind,-0.0
tight_lines,97,Bus11,onshore wind,-0.0
tight_lines,97,Bus12,onshore wind,-0.0
tight_lines,97,Bus13,onshore wind,-0.0
tight_lines,97,Bus14,onshore wind,-0.0
tight_lines,97,Bus15,onshore wind,-0.0
tight_lines,97,Bus16,onshore wind,-0.0
tight_lines,97,Bus17,onshore wind,-0.0
tight_lines,97,Bus18,onshore wind,-0.0
tight_lines,97,Bus19,onshore wind,-0.0
tight_lines,97,Bus20,onshore wind,-0.0
tight_lines,98,Bus1,onshore wind,7524.3055
tight_lines,98,Bus2,onshore wind,-0.0
tight_lines,98,Bus3,onshore wind,-0.0
tight_lines,98,Bus4,onshore wind,-0.0
tight_lines,98,Bus5,onshore wind,-0.0
tight_lines,98,Bus6,onshore wind,-0.0
tight_lines,98,Bus7,onshore wind,-0.0
tight_lines,98,Bus8,onshore wind,-0.0
tight_lines,98,Bus9,onshore wind,-0.0
tight_lines,98,Bus10,onshore wind,-0.0
tight_lines,98,Bus11,onshore wind,-0.0
tight_lines,98,Bus12,onshore wind,-0.0
tight_lines,98,Bus13,onshore wind,-0.0
tight_lines,98,Bus14,onshore wind,-0.0
tight_lines,98,Bus15,onshore wind,-0.0
tight_lines,98,Bus16,onshore wind,-0.0
tight_lines,98,Bus17,onshore wind,-0.0
tight_lines,98,Bus18,onshore wind,-0.0
tight_lines,98,Bus19,onshore wind,-0.0
tight_lines,98,Bus20,onshore wind,-0.0
tight_lines,99,Bus1,onshore wind,5638.5431
tight_lines,99,Bus2,onshore wind,-0.0
tight_lines,99,Bus3,onshore wind,-0.0
tight_lines,99,Bus4,onshore wind,-0.0
tight_lines,99,Bus5,onshore wind,-0.0
tight_lines,99,Bus6,onshore wind,-0.0
tight_lines,99,Bus7,onshore wind,-0.0
tight_lines,99,Bus8,onshore wind,-0.0
tight_lines,99,Bus9,onshore wind,-0.0
tight_lines,99,Bus10,onshore wind,-0.0
tight_lines,99,Bus11,onshore wind,-0.0
tight_lines,99,Bus12,onshore wind,-0.0
tight_lines,99,Bus13,onshore wind,-0.0
tight_lines,99,Bus14,onshore wind,-0.0
tight_lines,99,Bus15,onshore wind,-0.0
tight_lines,99,Bus16,onshore wind,-0.0
tight_lines,99,Bus17,onshore wind,-0.0
tight_lines,99,Bus18,onshore wind,-0.0
tight_lines,99,Bus19,onshore wind,-0.0
tight_lines,99,Bus20,onshore wind,-0.0
tight_lines,100,Bus1,onshore wind,4532.4285
tight_lines,100,Bus2,onshore wind,4022.2427
tight_lines,100,Bus3,onshore wind,-0.0
tight_lines,100,Bus4,onshore wind,-0.0
tight_lines,100,Bus5,onshore wind,-0.0
tight_lines,100,Bus6,onshore wind,-0.0
tight_lines,100,Bus7,onshore wind,-0.0
tight_lines,100,Bus8,onshore wind,-0.0
tight_lines,100,Bus9,onshore wind,-0.0
tight_lines,100,Bus10,onshore wind,-0.0
tight_lines,100,Bus11,onshore wind,-0.0
tight_lines,100,Bus12,onshore wind,-0.0
tight_lines,100,Bus13,onshore wind,-0.0
tight_lines,100,Bus14,onshore wind,-0.0
tight_lines,100,Bus15,onshore wind,-0.0
tight_lines,100,Bus16,onshore wind,-0.0
tight_lines,100,Bus17,onshore wind,-0.0
tight_lines,100,Bus18,onshore wind,-0.0
tight_lines,100,Bus19,onshore wind,-0.0
tight_lines,100,Bus20,onshore wind,-0.0
tight_lines,101,Bus1,onshore wind,6129.2792
tight_lines,101,Bus2,onshore wind,2707.2067
tight_lines,101,Bus3,onshore wind,-0.0
tight_lines,101,Bus4,onshore wind,-0.0
tight_lines,101,Bus5,onshore wind,-0.0
tight_lines,101,Bus6,onshore wind,-0.0
tight_lines,101,Bus7,onshore wind,-0.0
tight_lines,101,Bus8,onshore wind,-0.0
tight_lines,101,Bus9,onshore wind,-0.0
tight_lines,101,Bus10,onshore wind,-0.0
tight_lines,101,Bus11,onshore wind,-0.0
tight_lines,101,Bus12,onshore wind,-0.0
tight_lines,101,Bus13,onshore wind,-0.0
tight_lines,101,Bus14,onshore wind,-0.0
tight_lines,101,Bus15,onshore wind,-0.0
tight_lines,101,Bus16,onshore wind,-0.0
tight_lines,101,Bus17,onshore wind,-0.0
tight_lines,101,Bus18,onshore wind,-0.0
tight_lines,101,Bus19,onshore wind,-0.0
tight_lines,101,Bus20,onshore wind,-0.0
tight_lines,102,Bus1,onshore wind,4225.0478
tight_lines,102,Bus2,onshore wind,-0.0
tight_lines,102,Bus3,onshore wind,-0.0
tight_lines,102,Bus4,onshore wind,386.91444
tight_lines,102,Bus5,onshore wind,-0.0
tight_lines,102,Bus6,onshore wind,-0.0
tight_lines,102,Bus7,onshore wind,-0.0
tight_lines,102,Bus8,onshore wind,-0.0
tight_lines,102,Bus9,onshore wind,-0.0
tight_lines,102,Bus10,onshore wind,-0.0
tight_lines,102,Bus11,onshore wind,-0.0
tight_lines,102,Bus12,onshore wind,-0.0
tight_lines,102,Bus13,onshore wind,-0.0
tight_lines,102,Bus14,onshore wind,-0.0
tight_lines,102,Bus15,onshore wind,-0.0
tight_lines,102,Bus16,onshore wind,-0.0
tight_lines,102,Bus17,onshore wind,-0.0
tight_lines,102,Bus18,onshore wind,-0.0
tight_lines,102,Bus19,onshore wind,-0.0
tight_lines,102,Bus20,onshore wind,-0.0
tight_lines,103,Bus1,onshore wind,5697.9998
tight_lines,103,Bus2,onshore wind,1962.4971
tight_lines,103,Bus3,onshore wind,-0.0
tight_lines,103,Bus4,onshore wind,-0.0
tight_lines,103,Bus5,onshore wind,-0.0
tight_lines,103,Bus6,onshore wind,-0.0
tight_lines,103,Bus7,onshore wind,-0.0
tight_lines,103,Bus8,onshore wind,-0.0
tight_lines,103,Bus9,onshore wind,-0.0
tight_lines,103,Bus10,onshore wind,-0.0
tight_lines,103,Bus11,onshore wind,-0.0
tight_lines,103,Bus12,onshore wind,-0.0
tight_lines,103,Bus13,onshore wind,-0.0
tight_lines,103,Bus14,onshore wind,-0.0
tight_lines,103,Bus15,onshore wind,-0.0
tight_lines,103,Bus16,onshore wind,-0.0
tight_lines,103,Bus17,onshore wind,-0.0
tight_lines,103,Bus18,onshore wind,-0.0
tight_lines,103,Bus19,onshore wind,-0.0
tight_lines,103,Bus20,onshore wind,-0.0
tight_lines,104,Bus1,onshore wind,5771.4073
tight_lines,104,Bus2,onshore wind,-0.0
tight_lines,104,Bus3,onshore wind,-0.0
tight_lines,104,Bus4,onshore wind,1165.3509
tight_lines,104,Bus5,onshore wind,-0.0
tight_lines,104,Bus6,onshore wind,-0.0
tight_lines,104,Bus7,onshore wind,-0.0
tight_lines,104,Bus8,onshore wind,-0.0
tight_lines,104,Bus9,onshore wind,-0.0
tight_lines,104,Bus10,onshore wind,-0.0
tight_lines,104,Bus11,onshore wind,-0.0
tight_lines,104,Bus12,onshore wind,-0.0
tight_lines,104,Bus13,onshore wind,-0.0
tight_lines,104,Bus14,onshore wind,-0.0
tight_lines,104,Bus15,onshore wind,-0.0
tight_lines,104,Bus16,onshore wind,-0.0
tight_lines,104,Bus17,onshore wind,-0.0
tight_lines,104,Bus18,onshore wind,-0.0
tight_lines,104,Bus19,onshore wind,-0.0
tight_lines,104,Bus20,onshore wind,-0.0
tight_lines,105,Bus1,onshore wind,3491.4756
tight_lines,105,Bus2,onshore wind,-0.0
tight_lines,105,Bus3,onshore wind,-0.0
tight_lines,105,Bus4,onshore wind,2624.2528
tight_lines,105,Bus5,onshore wind,-0.0
tight_lines,105,Bus6,onshore wind,-0.0
tight_lines,105,Bus7,onshore wind,-0.0
tight_lines,105,Bus8,onshore wind,-0.0
tight_lines,105,Bus9,onshore wind,-0.0
tight_lines,105,Bus10,onshore wind,-0.0
tight_lines,105,Bus11,onshore wind,-0.0
tight_lines,105,Bus12,onshore wind,-0.0
tight_lines,105,Bus13,onshore wind,-0.0
tight_lines,105,Bus14,onshore wind,-0.0
tight_lines,105,Bus15,onshore wind,-0.0
tight_lines,105,Bus16,onshore wind,-0.0
tight_lines,105,Bus17,onshore wind,-0.0
tight_lines,105,Bus18,onshore wind,-0.0
tight_lines,105,Bus19,onshore wind,-0.0
tight_lines,105,Bus20,onshore wind,-0.0
tight_lines,106,Bus1,onshore wind,4979.1267
tight_lines,106,Bus2,onshore wind,-0.0
tight_lines,106,Bus3,onshore wind,-0.0
tight_lines,106,Bus4,onshore wind,-0.0
tight_lines,106,Bus5,onshore wind,4273.0391
tight_lines,106,Bus6,onshore wind,-0.0
tight_lines,106,Bus7,onshore wind,-0.0
tight_lines,106,Bus8,onshore wind,-0.0
tight_lines,106,Bus9,onshore wind,-0.0
tight_lines,106,Bus10,onshore wind,-0.0
tight_lines,106,Bus11,onshore wind,-0.0
tight_lines,106,Bus12,onshore wind,-0.0
tight_lines,106,Bus13,onshore wind,-0.0
tight_lines,106,Bus14,onshore wind,-0.0
tight_lines,106,Bus15,onshore wind,-0.0
tight_lines,106,Bus16,onshore wind,-0.0
tight_lines,106,Bus17,onshore wind,-0.0
tight_lines,106,Bus18,onshore wind,-0.0
tight_lines,106,Bus19,onshore wind,-0.0
tight_lines,106,Bus20,onshore wind,-0.0
tight_lines,107,Bus1,onshore wind,4143.0712
tight_lines,107,Bus2,onshore wind,1853.6454
tight_lines,107,Bus3,onshore wind,3194.314
tight_lines,107,Bus4,onshore wind,-0.0
tight_lines,107,Bus5,onshore wind,1699.1127
tight_lines,107,Bus6,onshore wind,-0.0
tight_lines,107,Bus7,onshore wind,-0.0
tight_lines,107,Bus8,onshore wind,-0.0
tight_lines,107,Bus9,onshore wind,-0.0
tight_lines,107,Bus10,onshore wind,-0.0
tight_lines,107,Bus11,onshore wind,-0.0
tight_lines,107,Bus12,onshore wind,-0.0
tight_lines,107,Bus13,onshore wind,-0.0
tight_lines,107,Bus14,onshore wind,-0.0
tight_lines,107,Bus15,onshore wind,-0.0
tight_lines,107,Bus16,onshore wind,-0.0
tight_lines,107,Bus17,onshore wind,-0.0
tight_lines,107,Bus18,onshore wind,-0.0
tight_lines,107,Bus19,onshore wind,-0.0
tight_lines,107,Bus20,onshore wind,-0.0
tight_lines,108,Bus1,onshore wind,4284.2903
tight_lines,108,Bus2,onshore wind,3475.7573
tight_lines,108,Bus3,onshore wind,90.075255
tight_lines,108,Bus4,onshore wind,3979.3927
tight_lines,108,Bus5,onshore wind,188.01267
tight_lines,108,Bus6,onshore wind,-0.0
tight_lines,108,Bus7,onshore wind,-0.0
tight_lines,108,Bus8,onshore wind,-0.0
tight_lines,108,Bus9,onshore wind,-0.0
tight_lines,108,Bus10,onshore wind,-0.0
tight_lines,108,Bus11,onshore wind,-0.0
tight_lines,108,Bus12,onshore wind,-0.0
tight_lines,108,Bus13,onshore wind,-0.0
tight_lines,108,Bus14,onshore wind,-0.0
tight_lines,108,Bus15,onshore wind,-0.0
tight_lines,108,Bus16,onshore wind,-0.0
tight_lines,108,Bus17,onshore wind,-0.0
tight_lines,108,Bus18,onshore wind,-0.0
tight_lines,108,Bus19,onshore wind,-0.0
tight_lines,108,Bus20,onshore wind,-0.0
tight_lines,109,Bus1,onshore wind,5114.423
tight_lines,109,Bus2,onshore wind,2368.6085
tight_lines,109,Bus3,onshore wind,1690.3663
tight_lines,109,Bus4,onshore wind,-0.0
tight_lines,109,Bus5,onshore wind,-0.0
tight_lines,109,Bus6,onshore wind,-0.0
tight_lines,109,Bus7,onshore wind,-0.0
tight_lines,109,Bus8,onshore wind,-0.0
tight_lines,109,Bus9,onshore wind,-0.0
tight_lines,109,Bus10,onshore wind,-0.0
tight_lines,109,Bus11,onshore wind,-0.0
tight_lines,109,Bus12,onshore wind,-0.0
tight_lines,109,Bus13,onshore wind,-0.0
tight_lines,109,Bus14,onshore wind,-0.0
tight_lines,109,Bus15,onshore wind,-0.0
tight_lines,109,Bus16,onshore wind,-0.0
tight_lines,109,Bus17,onshore wind,-0.0
tight_lines,109,Bus18,onshore wind,-0.0
tight_lines,109,Bus19,onshore wind,-0.0
tight_lines,109,Bus20,onshore wind,-0.0
tight_lines,110,Bus1,onshore wind,2756.6312
tight_lines,110,Bus2,onshore wind,-0.0
tight_lines,110,Bus3,onshore wind,2470.7233
tight_lines,110,Bus4,onshore wind,-0.0
tight_lines,110,Bus5,onshore wind,1531.7381
tight_lines,110,Bus6,onshore wind,-0.0
tight_lines,110,Bus7,onshore wind,-0.0
tight_lines,110,Bus8,onshore wind,-0.0
tight_lines,110,Bus9,onshore wind,-0.0
tight_lines,110,Bus10,onshore wind,-0.0
tight_lines,110,Bus11,onshore wind,-0.0
tight_lines,110,Bus12,onshore wind,-0.0
tight_lines,110,Bus13,onshore wind,-0.0
tight_lines,110,Bus14,onshore wind,-0.0
tight_lines,110,Bus15,onshore wind,-0.0
tight_lines,110,Bus16,onshore wind,-0.0
tight_lines,110,Bus17,onshore wind,-0.0
tight_lines,110,Bus18,onshore wind,-0.0
tight_lines,110,Bus19,onshore wind,-0.0
tight_lines,110,Bus20,onshore wind,-0.0
tight_lines,111,Bus1,onshore wind,0.0
tight_lines,111,Bus2,onshore wind,-0.0
tight_lines,111,Bus3,onshore wind,-0.0
tight_lines,111,Bus4,onshore wind,5638.278
tight_lines,111,Bus5,onshore wind,2156.3826
tight_lines,111,Bus6,onshore wind,-0.0
tight_lines,111,Bus7,onshore wind,-0.0
tight_lines,111,Bus8,onshore wind,-0.0
tight_lines,111,Bus9,onshore wind,-0.0
tight_lines,111,Bus10,onshore wind,-0.0
tight_lines,111,Bus11,onshore wind,-0.0
tight_lines,111,Bus12,onshore wind,-0.0
tight_lines,111,Bus13,onshore wind,-0.0
tight_lines,111,Bus14,onshore wind,-0.0
tight_lines,111,Bus15,onshore wind,-0.0
tight_lines,111,Bus16,onshore wind,-0.0
tight_lines,111,Bus17,onshore wind,-0.0
tight_lines,111,Bus18,onshore wind,-0.0
tight_lines,111,Bus19,onshore wind,-0.0
tight_lines,111,Bus20,onshore wind,-0.0
tight_lines,112,Bus1,onshore wind,0.0
tight_lines,112,Bus2,onshore wind,-0.0
tight_lines,112,Bus3,onshore wind,3919.4764
tight_lines,112,Bus4,onshore wind,2331.5916
tight_lines,112,Bus5,onshore wind,-0.0
tight_lines,112,Bus6,onshore wind,-0.0
tight_lines,112,Bus7,onshore wind,-0.0
tight_lines,112,Bus8,onshore wind,-0.0
tight_lines,112,Bus9,onshore wind,-0.0
tight_lines,112,Bus10,onshore wind,-0.0
tight_lines,112,Bus11,onshore wind,-0.0
tight_lines,112,Bus12,onshore wind,-0.0
tight_lines,112,Bus13,onshore wind,-0.0
tight_lines,112,Bus14,onshore wind,-0.0
tight_lines,112,Bus15,onshore wind,-0.0
tight_lines,112,Bus16,onshore wind,-0.0
tight_lines,112,Bus17,onshore wind,-0.0
tight_lines,112,Bus18,onshore wind,-0.0
tight_lines,112,Bus19,onshore wind,-0.0
tight_lines,112,Bus20,onshore wind,-0.0
tight_lines,113,Bus1,onshore wind,1758.1346
tight_lines,113,Bus2,onshore wind,2442.2339
tight_lines,113,Bus3,onshore wind,1940.0942
tight_lines,113,Bus4,onshore wind,2184.5202
tight_lines,113,Bus5,onshore wind,-0.0
tight_lines,113,Bus6,onshore wind,-0.0
tight_lines,113,Bus7,onshore wind,-0.0
tight_lines,113,Bus8,onshore wind,-0.0
tight_lines,113,Bus9,onshore wind,-0.0
tight_lines,113,Bus10,onshore wind,-0.0
tight_lines,113,Bus11,onshore wind,-0.0
tight_lines,113,Bus12,onshore wind,-0.0
tight_lines,113,Bus13,onshore wind,-0.0
tight_lines,113,Bus14,onshore wind,-0.0
tight_lines,113,Bus15,onshore wind,-0.0
tight_lines,113,Bus16,onshore wind,-0.0
tight_lines,113,Bus17,onshore wind,-0.0
tight_lines,113,Bus18,onshore wind,-0.0
tight_lines,113,Bus19,onshore wind,-0.0
tight_lines,113,Bus20,onshore wind,-0.0
tight_lines,114,Bus1,onshore wind,2437.8315
tight_lines,114,Bus2,onshore wind,2399.9698
tight_lines,114,Bus3,onshore wind,3437.336
tight_lines,114,Bus4,onshore wind,1787.5568
tight_lines,114,Bus5,onshore wind,-0.0
tight_lines,114,Bus6,onshore wind,-0.0
tight_lines,114,Bus7,onshore wind,-0.0
tight_lines,114,Bus8,onshore wind,-0.0
tight_lines,114,Bus9,onshore wind,-0.0
tight_lines,114,Bus10,onshore wind,-0.0
tight_lines,114,Bus11,onshore wind,-0.0
tight_lines,114,Bus12,onshore wind,-0.0
tight_lines,114,Bus13,onshore wind,-0.0
tight_lines,114,Bus14,onshore wind,-0.0
tight_lines,114,Bus15,onshore wind,-0.0
tight_lines,114,Bus16,onshore wind,-0.0
tight_lines,114,Bus17,onshore wind,-0.0
tight_lines,114,Bus18,onshore wind,-0.0
tight_lines,114,Bus19,onshore wind,-0.0
tight_lines,114,Bus20,onshore wind,-0.0
tight_lines,115,Bus1,onshore wind,2841.9482
tight_lines,115,Bus2,onshore wind,3710.9956
tight_lines,115,Bus3,onshore wind,2811.0344
tight_lines,115,Bus4,onshore wind,4793.7939
tight_lines,115,Bus5,onshore wind,-0.0
tight_lines,115,Bus6,onshore wind,-0.0
tight_lines,115,Bus7,onshore wind,-0.0
tight_lines,115,Bus8,onshore wind,-0.0
tight_lines,115,Bus9,onshore wind,-0.0
tight_lines,115,Bus10,onshore wind,-0.0
tight_lines,115,Bus11,onshore wind,-0.0
tight_lines,115,Bus12,onshore wind,-0.0
tight_lines,115,Bus13,onshore wind,-0.0
tight_lines,115,Bus14,onshore wind,-0.0
tight_lines,115,Bus15,onshore wind,-0.0
tight_lines,115,Bus16,onshore wind,-0.0
tight_lines,115,Bus17,onshore wind,-0.0
tight_lines,115,Bus18,onshore wind,-0.0
tight_lines,115,Bus19,onshore wind,-0.0
tight_lines,115,Bus20,onshore wind,-0.0
tight_lines,116,Bus1,onshore wind,2808.5443
tight_lines,116,Bus2,onshore wind,3980.7383
tight_lines,116,Bus3,onshore wind,1359.1321
tight_lines,116,Bus4,onshore wind,-0.0
tight_lines,116,Bus5,onshore wind,5806.5712
tight_lines,116,Bus6,onshore wind,-0.0
tight_lines,116,Bus7,onshore wind,-0.0
tight_lines,116,Bus8,onshore wind,-0.0
tight_lines,116,Bus9,onshore wind,-0.0
tight_lines,116,Bus10,onshore wind,-0.0
tight_lines,116,Bus11,onshore wind,-0.0
tight_lines,116,Bus12,onshore wind,-0.0
tight_lines,116,Bus13,onshore wind,-0.0
tight_lines,116,Bus14,onshore wind,-0.0
tight_lines,116,Bus15,onshore wind,-0.0
tight_lines,116,Bus16,onshore wind,-0.0
tight_lines,116,Bus17,onshore wind,-0.0
tight_lines,116,Bus18,onshore wind,-0.0
tight_lines,116,Bus19,onshore wind,-0.0
tight_lines,116,Bus20,onshore wind,-0.0
tight_lines,117,Bus1,onshore wind,3434.5864
tight_lines,117,Bus2,onshore wind,-0.0
tight_lines,117,Bus3,onshore wind,5825.3017
tight_lines,117,Bus4,onshore wind,6111.3293
tight_lines,117,Bus5,onshore wind,272.07514
tight_lines,117,Bus6,onshore wind,-0.0
tight_lines,117,Bus7,onshore wind,-0.0
tight_lines,117,Bus8,onshore wind,-0.0
tight_lines,117,Bus9,onshore wind,-0.0
tight_lines,117,Bus10,onshore wind,-0.0
tight_lines,117,Bus11,onshore wind,-0.0
tight_lines,117,Bus12,onshore wind,-0.0
tight_lines,117,Bus13,onshore wind,-0.0
tight_lines,117,Bus14,onshore wind,-0.0
tight_lines,117,Bus15,onshore wind,-0.0
tight_lines,117,Bus16,onshore wind,-0.0
tight_lines,117,Bus17,onshore wind,-0.0
tight_lines,117,Bus18,onshore wind,-0.0
tight_lines,117,Bus19,onshore wind,-0.0
tight_lines,117,Bus20,onshore wind,-0.0
tight_lines,118,Bus1,onshore wind,2738.739
tight_lines,118,Bus2,onshore wind,1411.1296
tight_lines,118,Bus3,onshore wind,5838.718
tight_lines,118,Bus4,onshore wind,1167.7275
tight_lines,118,Bus5,onshore wind,-0.0
tight_lines,118,Bus6,onshore wind,-0.0
tight_lines,118,Bus7,onshore wind,-0.0
tight_lines,118,Bus8,onshore wind,-0.0
tight_lines,118,Bus9,onshore wind,-0.0
tight_lines,118,Bus10,onshore wind,-0.0
tight_lines,118,Bus11,onshore wind,-0.0
tight_lines,118,Bus12,onshore wind,-0.0
tight_lines,118,Bus13,onshore wind,-0.0
tight_lines,118,Bus14,onshore wind,-0.0
tight_lines,118,Bus15,onshore wind,-0.0
tight_lines,118,Bus16,onshore wind,-0.0
tight_lines,118,Bus17,onshore wind,-0.0
tight_lines,118,Bus18,onshore wind,-0.0
tight_lines,118,Bus19,onshore wind,-0.0
tight_lines,118,Bus20,onshore wind,-0.0
tight_lines,119,Bus1,onshore wind,4337.7144
tight_lines,119,Bus2,onshore wind,-0.0
tight_lines,119,Bus3,onshore wind,-0.0
tight_lines,119,Bus4,onshore wind,3097.1863
tight_lines,119,Bus5,onshore wind,4133.1966
tight_lines,119,Bus6,onshore wind,-0.0
tight_lines,119,Bus7,onshore wind,-0.0
tight_lines,119,Bus8,onshore wind,-0.0
tight_lines,119,Bus9,onshore wind,-0.0
tight_lines,119,Bus10,onshore wind,-0.0
tight_lines,119,Bus11,onshore wind,-0.0
tight_lines,119,Bus12,onshore wind,-0.0
tight_lines,119,Bus13,onshore wind,-0.0
tight_lines,119,Bus14,onshore wind,-0.0
tight_lines,119,Bus15,onshore wind,-0.0
tight_lines,119,Bus16,onshore wind,-0.0
tight_lines,119,Bus17,onshore wind,-0.0
tight_lines,119,Bus18,onshore wind,-0.0
tight_lines,119,Bus19,onshore wind,-0.0
tight_lines,119,Bus20,onshore wind,-0.0
tight_lines,120,Bus1,onshore wind,2814.4942
tight_lines,120,Bus2,onshore wind,3468.6376
tight_lines,120,Bus3,onshore wind,-0.0
tight_lines,120,Bus4,onshore wind,-0.0
tight_lines,120,Bus5,onshore wind,3656.4283
tight_lines,120,Bus6,onshore wind,-0.0
tight_lines,120,Bus7,onshore wind,-0.0
tight_lines,120,Bus8,onshore wind,-0.0
tight_lines,120,Bus9,onshore wind,-0.0
tight_lines,120,Bus10,onshore wind,-0.0
tight_lines,120,Bus11,onshore wind,-0.0
tight_lines,120,Bus12,onshore wind,-0.0
tight_lines,120,Bus13,onshore wind,-0.0
tight_lines,120,Bus14,onshore wind,-0.0
tight_lines,120,Bus15,onshore wind,-0.0
tight_lines,120,Bus16,onshore wind,-0.0
tight_lines,120,Bus17,onshore wind,-0.0
tight_lines,120,Bus18,onshore wind,-0.0
tight_lines,120,Bus19,onshore wind,-0.0
tight_lines,120,Bus20,onshore wind,-0.0
tight_lines,121,Bus1,onshore wind,6026.4109
tight_lines,121,Bus2,onshore wind,3797.8227
tight_lines,121,Bus3,onshore wind,5756.0985
tight_lines,121,Bus4,onshore wind,437.3706
tight_lines,121,Bus5,onshore wind,-0.0
tight_lines,121,Bus6,onshore wind,-0.0
tight_lines,121,Bus7,onshore wind,-0.0
tight_lines,121,Bus8,onshore wind,-0.0
tight_lines,121,Bus9,onshore wind,-0.0
tight_lines,121,Bus10,onshore wind,-0.0
tight_lines,121,Bus11,onshore wind,-0.0
tight_lines,121,Bus12,onshore wind,-0.0
tight_lines,121,Bus13,onshore wind,-0.0
tight_lines,121,Bus14,onshore wind,-0.0
tight_lines,121,Bus15,onshore wind,-0.0
tight_lines,121,Bus16,onshore wind,-0.0
tight_lines,121,Bus17,onshore wind,-0.0
tight_lines,121,Bus18,onshore wind,-0.0
tight_lines,121,Bus19,onshore wind,-0.0
tight_lines,121,Bus20,onshore wind,0.0
tight_lines,122,Bus1,onshore wind,4185.9861
tight_lines,122,Bus2,onshore wind,4759.463
tight_lines,122,Bus3,onshore wind,-0.0
tight_lines,122,Bus4,onshore wind,3618.5004
tight_lines,122,Bus5,onshore wind,-0.0
tight_lines,122,Bus6,onshore wind,-0.0
tight_lines,122,Bus7,onshore wind,-0.0
tight_lines,122,Bus8,onshore wind,-0.0
tight_lines,122,Bus9,onshore wind,-0.0
tight_lines,122,Bus10,onshore wind,-0.0
tight_lines,122,Bus11,onshore wind,-0.0
tight_lines,122,Bus12,onshore wind,-0.0
tight_lines,122,Bus13,onshore wind,-0.0
tight_lines,122,Bus14,onshore wind,-0.0
tight_lines,122,Bus15,onshore wind,-0.0
tight_lines,122,Bus16,onshore wind,-0.0
tight_lines,122,Bus17,onshore wind,-0.0
tight_lines,122,Bus18,onshore wind,-0.0
tight_lines,122,Bus19,onshore wind,0.0
tight_lines,122,Bus20,onshore wind,-0.0
tight_lines,123,Bus1,onshore wind,2978.4807
tight_lines,123,Bus2,onshore wind,5514.974
tight_lines,123,Bus3,onshore wind,136.12353
tight_lines,123,Bus4,onshore wind,-0.0
tight_lines,123,Bus5,onshore wind,4695.6163
tight_lines,123,Bus6,onshore wind,-0.0
tight_lines,123,Bus7,onshore wind,-0.0
tight_lines,123,Bus8,onshore wind,-0.0
tight_lines,123,Bus9,onshore wind,-0.0
tight_lines,123,Bus10,onshore wind,-0.0
tight_lines,123,Bus11,onshore wind,-0.0
tight_lines,123,Bus12,onshore wind,-0.0
tight_lines,123,Bus13,onshore wind,-0.0
tight_lines,123,Bus14,onshore wind,-0.0
tight_lines,123,Bus15,onshore wind,-0.0
tight_lines,123,Bus16,onshore wind,-0.0
tight_lines,123,Bus17,onshore wind,-0.0
tight_lines,123,Bus18,onshore wind,-0.0
tight_lines,123,Bus19,onshore wind,-0.0
tight_lines,123,Bus20,onshore wind,-0.0
tight_lines,124,Bus1,onshore wind,3055.084
tight_lines,124,Bus2,onshore wind,6262.0728
tight_lines,124,Bus3,onshore wind,-0.0
tight_lines,124,Bus4,onshore wind,4055.2818
tight_lines,124,Bus5,onshore wind,-0.0
tight_lines,124,Bus6,onshore wind,-0.0
tight_lines,124,Bus7,onshore wind,-0.0
tight_lines,124,Bus8,onshore wind,-0.0
tight_lines,124,Bus9,onshore wind,-0.0
tight_lines,124,Bus10,onshore wind,-0.0
tight_lines,124,Bus11,onshore wind,-0.0
tight_lines,124,Bus12,onshore wind,-0.0
tight_lines,124,Bus13,onshore wind,-0.0
tight_lines,124,Bus14,onshore wind,-0.0
tight_lines,124,Bus15,onshore wind,-0.0
tight_lines,124,Bus16,onshore wind,-0.0
tight_lines,124,Bus17,onshore wind,-0.0
tight_lines,124,Bus18,onshore wind,-0.0
tight_lines,124,Bus19,onshore wind,-0.0
tight_lines,124,Bus20,onshore wind,-0.0
tight_lines,125,Bus1,onshore wind,4907.2424
tight_lines,125,Bus2,onshore wind,7616.4602
tight_lines,125,Bus3,onshore wind,1885.0683
tight_lines,125,Bus4,onshore wind,-0.0
tight_lines,125,Bus5,onshore wind,0.0
tight_lines,125,Bus6,onshore wind,-0.0
tight_lines,125,Bus7,onshore wind,-0.0
tight_lines,125,Bus8,onshore wind,-0.0
tight_lines,125,Bus9,onshore wind,-0.0
tight_lines,125,Bus10,onshore wind,-0.0
tight_lines,125,Bus11,onshore wind,-0.0
tight_lines,125,Bus12,onshore wind,-0.0
tight_lines,125,Bus13,onshore wind,-0.0
tight_lines,125,Bus14,onshore wind,-0.0
tight_lines,125,Bus15,onshore wind,-0.0
tight_lines,125,Bus16,onshore wind,-0.0
tight_lines,125,Bus17,onshore wind,-0.0
tight_lines,125,Bus18,onshore wind,-0.0
tight_lines,125,Bus19,onshore wind,-0.0
tight_lines,125,Bus20,onshore wind,-0.0
tight_lines,126,Bus1,onshore wind,4501.8014
tight_lines,126,Bus2,onshore wind,7151.6034
tight_lines,126,Bus3,onshore wind,170.29774
tight_lines,126,Bus4,onshore wind,-0.0
tight_lines,126,Bus5,onshore wind,0.0
tight_lines,126,Bus6,onshore wind,-0.0
tight_lines,126,Bus7,onshore wind,-0.0
tight_lines,126,Bus8,onshore wind,-0.0
tight_lines,126,Bus9,onshore wind,-0.0
tight_lines,126,Bus10,onshore wind,-0.0
tight_lines,126,Bus11,onshore wind,-0.0
tight_lines,126,Bus12,onshore wind,-0.0
tight_lines,126,Bus13,onshore wind,-0.0
tight_lines,126,Bus14,onshore wind,-0.0
tight_lines,126,Bus15,onshore wind,-0.0
tight_lines,126,Bus16,onshore wind,-0.0
tight_lines,126,Bus17,onshore wind,-0.0
tight_lines,126,Bus18,onshore wind,-0.0
tight_lines,126,Bus19,onshore wind,-0.0
tight_lines,126,Bus20,onshore wind,-0.0
tight_lines,127,Bus1,onshore wind,5734.6664
tight_lines,127,Bus2,onshore wind,6246.2908
tight_lines,127,Bus3,onshore wind,-0.0
tight_lines,127,Bus4,onshore wind,401.37351
tight_lines,127,Bus5,onshore wind,3169.6714
tight_lines,127,Bus6,onshore wind,-0.0
tight_lines,127,Bus7,onshore wind,-0.0
tight_lines,127,Bus8,onshore wind,-0.0
tight_lines,127,Bus9,onshore wind,-0.0
tight_lines,127,Bus10,onshore wind,-0.0
tight_lines,127,Bus11,onshore wind,-0.0
tight_lines,127,Bus12,onshore wind,-0.0
tight_lines,127,Bus13,onshore wind,-0.0
tight_lines,127,Bus14,onshore wind,-0.0
tight_lines,127,Bus15,onshore wind,-0.0
tight_lines,127,Bus16,onshore wind,-0.0
tight_lines,127,Bus17,onshore wind,-0.0
tight_lines,127,Bus18,onshore wind,-0.0
tight_lines,127,Bus19,onshore wind,0.0
tight_lines,127,Bus20,onshore wind,-0.0
tight_lines,128,Bus1,onshore wind,5777.5351
tight_lines,128,Bus2,onshore wind,6456.4061
tight_lines,128,Bus3,onshore wind,439.71706
tight_lines,128,Bus4,onshore wind,-0.0
tight_lines,128,Bus5,onshore wind,0.0
tight_lines,128,Bus6,onshore wind,-0.0
tight_lines,128,Bus7,onshore wind,-0.0
tight_lines,128,Bus8,onshore wind,-0.0
tight_lines,128,Bus9,onshore wind,-0.0
tight_lines,128,Bus10,onshore wind,-0.0
tight_lines,128,Bus11,onshore wind,-0.0
tight_lines,128,Bus12,onshore wind,-0.0
tight_lines,128,Bus13,onshore wind,-0.0
tight_lines,128,Bus14,onshore wind,-0.0
tight_lines,128,Bus15,onshore wind,-0.0
tight_lines,128,Bus16,onshore wind,-0.0
tight_lines,128,Bus17,onshore wind,-0.0
tight_lines,128,Bus18,onshore wind,-0.0
tight_lines,128,Bus19,onshore wind,0.0
tight_lines,128,Bus20,onshore wind,-0.0
tight_lines,129,Bus1,onshore wind,5496.918
tight_lines,129,Bus2,onshore wind,5497.4292
tight_lines,129,Bus3,onshore wind,-0.0
tight_lines,129,Bus4,onshore wind,3714.3048
tight_lines,129,Bus5,onshore wind,-0.0
tight_lines,129,Bus6,onshore wind,-0.0
tight_lines,129,Bus7,onshore wind,-0.0
tight_lines,129,Bus8,onshore wind,-0.0
tight_lines,129,Bus9,onshore wind,-0.0
tight_lines,129,Bus10,onshore wind,-0.0
tight_lines,129,Bus11,onshore wind,-0.0
tight_lines,129,Bus12,onshore wind,-0.0
tight_lines,129,Bus13,onshore wind,-0.0
tight_lines,129,Bus14,onshore wind,-0.0
tight_lines,129,Bus15,onshore wind,-0.0
tight_lines,129,Bus16,onshore wind,-0.0
tight_lines,129,Bus17,onshore wind,-0.0
tight_lines,129,Bus18,onshore wind,-0.0
tight_lines,129,Bus19,onshore wind,0.0
tight_lines,129,Bus20,onshore wind,-0.0
tight_lines,130,Bus1,onshore wind,4964.2197
tight_lines,130,Bus2,onshore wind,5068.8511
tight_lines,130,Bus3,onshore wind,-0.0
tight_lines,130,Bus4,onshore wind,0.0
tight_lines,130,Bus5,onshore wind,-0.0
tight_lines,130,Bus6,onshore wind,-0.0
tight_lines,130,Bus7,onshore wind,-0.0
tight_lines,130,Bus8,onshore wind,-0.0
tight_lines,130,Bus9,onshore wind,-0.0
tight_lines,130,Bus10,onshore wind,-0.0
tight_lines,130,Bus11,onshore wind,-0.0
tight_lines,130,Bus12,onshore wind,-0.0
tight_lines,130,Bus13,onshore wind,-0.0
tight_lines,130,Bus14,onshore wind,-0.0
tight_lines,130,Bus15,onshore wind,-0.0
tight_lines,130,Bus16,onshore wind,-0.0
tight_lines,130,Bus17,onshore wind,-0.0
tight_lines,130,Bus18,onshore wind,-0.0
tight_lines,130,Bus19,onshore wind,-0.0
tight_lines,130,Bus20,onshore wind,-0.0
tight_lines,131,Bus1,onshore wind,4507.7958
tight_lines,131,Bus2,onshore wind,2620.5511
tight_lines,131,Bus3,onshore wind,-0.0
tight_lines,131,Bus4,onshore wind,-0.0
tight_lines,131,Bus5,onshore wind,0.0
tight_lines,131,Bus6,onshore wind,-0.0
tight_lines,131,Bus7,onshore wind,-0.0
tight_lines,131,Bus8,onshore wind,-0.0
tight_lines,131,Bus9,onshore wind,-0.0
tight_lines,131,Bus10,onshore wind,-0.0
tight_lines,131,Bus11,onshore wind,-0.0
tight_lines,131,Bus12,onshore wind,-0.0
tight_lines,131,Bus13,onshore wind,-0.0
tight_lines,131,Bus14,onshore wind,-0.0
tight_lines,131,Bus15,onshore wind,-0.0
tight_lines,131,Bus16,onshore wind,-0.0
tight_lines,131,Bus17,onshore wind,-0.0
tight_lines,131,Bus18,onshore wind,-0.0
tight_lines,131,Bus19,onshore wind,-0.0
tight_lines,131,Bus20,onshore wind,-0.0
tight_lines,132,Bus1,onshore wind,5753.3365
tight_lines,132,Bus2,onshore wind,5830.5861
tight_lines,132,Bus3,onshore wind,-0.0
tight_lines,132,Bus4,onshore wind,-0.0
tight_lines,132,Bus5,onshore wind,-0.0
tight_lines,132,Bus6,onshore wind,-0.0
tight_lines,132,Bus7,onshore wind,-0.0
tight_lines,132,Bus8,onshore wind,-0.0
tight_lines,132,Bus9,onshore wind,-0.0
tight_lines,132,Bus10,onshore wind,-0.0
tight_lines,132,Bus11,onshore wind,-0.0
tight_lines,132,Bus12,onshore wind,-0.0
tight_lines,132,Bus13,onshore wind,-0.0
tight_lines,132,Bus14,onshore wind,-0.0
tight_lines,132,Bus15,onshore wind,-0.0
tight_lines,132,Bus16,onshore wind,-0.0
tight_lines,132,Bus17,onshore wind,-0.0
tight_lines,132,Bus18,onshore wind,-0.0
tight_lines,132,Bus19,onshore wind,-0.0
tight_lines,132,Bus20,onshore wind,-0.0
tight_lines,133,Bus1,onshore wind,7195.0316
tight_lines,133,Bus2,onshore wind,5328.4566
tight_lines,133,Bus3,onshore wind,372.84478
tight_lines,133,Bus4,onshore wind,-0.0
tight_lines,133,Bus5,onshore wind,-0.0
tight_lines,133,Bus6,onshore wind,-0.0
tight_lines,133,Bus7,onshore wind,-0.0
tight_lines,133,Bus8,onshore wind,-0.0
tight_lines,133,Bus9,onshore wind,-0.0
tight_lines,133,Bus10,onshore wind,-0.0
tight_lines,133,Bus11,onshore wind,-0.0
tight_lines,133,Bus12,onshore wind,-0.0
tight_lines,133,Bus13,onshore wind,-0.0
tight_lines,133,Bus14,onshore wind,-0.0
tight_lines,133,Bus15,onshore wind,-0.0
tight_lines,133,Bus16,onshore wind,-0.0
tight_lines,133,Bus17,onshore wind,-0.0
tight_lines,133,Bus18,onshore wind,-0.0
tight_lines,133,Bus19,onshore wind,-0.0
tight_lines,133,Bus20,onshore wind,-0.0
tight_lines,134,Bus1,onshore wind,6649.9434
tight_lines,134,Bus2,onshore wind,5776.9594
tight_lines,134,Bus3,onshore wind,-0.0
tight_lines,134,Bus4,onshore wind,-0.0
tight_lines,134,Bus5,onshore wind,0.0
tight_lines,134,Bus6,onshore wind,-0.0
tight_lines,134,Bus7,onshore wind,-0.0
tight_lines,134,Bus8,onshore wind,-0.0
tight_lines,134,Bus9,onshore wind,-0.0
tight_lines,134,Bus10,onshore wind,-0.0
tight_lines,134,Bus11,onshore wind,-0.0
tight_lines,134,Bus12,onshore wind,-0.0
tight_lines,134,Bus13,onshore wind,-0.0
tight_lines,134,Bus14,onshore wind,-0.0
tight_lines,134,Bus15,onshore wind,-0.0
tight_lines,134,Bus16,onshore wind,-0.0
tight_lines,134,Bus17,onshore wind,-0.0
tight_lines,134,Bus18,onshore wind,-0.0
tight_lines,134,Bus19,onshore wind,0.0
tight_lines,134,Bus20,onshore wind,-0.0
tight_lines,135,Bus1,onshore wind,5243.5656
tight_lines,135,Bus2,onshore wind,4335.9744
tight_lines,135,Bus3,onshore wind,-0.0
tight_lines,135,Bus4,onshore wind,0.0
tight_lines,135,Bus5,onshore wind,-0.0
tight_lines,135,Bus6,onshore wind,-0.0
tight_lines,135,Bus7,onshore wind,-0.0
tight_lines,135,Bus8,onshore wind,-0.0
tight_lines,135,Bus9,onshore wind,-0.0
tight_lines,135,Bus10,onshore wind,-0.0
tight_lines,135,Bus11,onshore wind,-0.0
tight_lines,135,Bus12,onshore wind,-0.0
tight_lines,135,Bus13,onshore wind,-0.0
tight_lines,135,Bus14,onshore wind,-0.0
tight_lines,135,Bus15,onshore wind,-0.0
tight_lines,135,Bus16,onshore wind,-0.0
tight_lines,135,Bus17,onshore wind,-0.0
tight_lines,135,Bus18,onshore wind,-0.0
tight_lines,135,Bus19,onshore wind,0.0
tight_lines,135,Bus20,onshore wind,-0.0
tight_lines,136,Bus1,onshore wind,6670.9695
tight_lines,136,Bus2,onshore wind,5391.5303
tight_lines,136,Bus3,onshore wind,-0.0
tight_lines,136,Bus4,onshore wind,-0.0
tight_lines,136,Bus5,onshore wind,1218.9393
tight_lines,136,Bus6,onshore wind,-0.0
tight_lines,136,Bus7,onshore wind,-0.0
tight_lines,136,Bus8,onshore wind,-0.0
tight_lines,136,Bus9,onshore wind,-0.0
tight_lines,136,Bus10,onshore wind,-0.0
tight_lines,136,Bus11,onshore wind,-0.0
tight_lines,136,Bus12,onshore wind,-0.0
tight_lines,136,Bus13,onshore wind,-0.0
tight_lines,136,Bus14,onshore wind,-0.0
tight_lines,136,Bus15,onshore wind,-0.0
tight_lines,136,Bus16,onshore wind,-0.0
tight_lines,136,Bus17,onshore wind,-0.0
tight_lines,136,Bus18,onshore wind,-0.0
tight_lines,136,Bus19,onshore wind,0.0
tight_lines,136,Bus20,onshore wind,-0.0
tight_lines,137,Bus1,onshore wind,6846.4278
tight_lines,137,Bus2,onshore wind,2891.346
tight_lines,137,Bus3,onshore wind,-0.0
tight_lines,137,Bus4,onshore wind,-0.0
tight_lines,137,Bus5,onshore wind,-0.0
tight_lines,137,Bus6,onshore wind,-0.0
tight_lines,137,Bus7,onshore wind,-0.0
tight_lines,137,Bus8,onshore wind,-0.0
tight_lines,137,Bus9,onshore wind,-0.0
tight_lines,137,Bus10,onshore wind,-0.0
tight_lines,137,Bus11,onshore wind,-0.0
tight_lines,137,Bus12,onshore wind,-0.0
tight_lines,137,Bus13,onshore wind,-0.0
tight_lines,137,Bus14,onshore wind,-0.0
tight_lines,137,Bus15,onshore wind,-0.0
tight_lines,137,Bus16,onshore wind,-0.0
tight_lines,137,Bus17,onshore wind,-0.0
tight_lines,137,Bus18,onshore wind,-0.0
tight_lines,137,Bus19,onshore wind,0.0
tight_lines,137,Bus20,onshore wind,-0.0
tight_lines,138,Bus1,onshore wind,5496.2417
tight_lines,138,Bus2,onshore wind,3991.5744
tight_lines,138,Bus3,onshore wind,-0.0
tight_lines,138,Bus4,onshore wind,-0.0
tight_lines,138,Bus5,onshore wind,-0.0
tight_lines,138,Bus6,onshore wind,-0.0
tight_lines,138,Bus7,onshore wind,-0.0
tight_lines,138,Bus8,onshore wind,-0.0
tight_lines,138,Bus9,onshore wind,-0.0
tight_lines,138,Bus10,onshore wind,-0.0
tight_lines,138,Bus11,onshore wind,-0.0
tight_lines,138,Bus12,onshore wind,-0.0
tight_lines,138,Bus13,onshore wind,-0.0
tight_lines,138,Bus14,onshore wind,-0.0
tight_lines,138,Bus15,onshore wind,-0.0
tight_lines,138,Bus16,onshore wind,-0.0
tight_lines,138,Bus17,onshore wind,-0.0
tight_lines,138,Bus18,onshore wind,-0.0
tight_lines,138,Bus19,onshore wind,-0.0
tight_lines,138,Bus20,onshore wind,-0.0
tight_lines,139,Bus1,onshore wind,6410.311
tight_lines,139,Bus2,onshore wind,4243.2139
tight_lines,139,Bus3,onshore wind,-0.0
tight_lines,139,Bus4,onshore wind,-0.0
tight_lines,139,Bus5,onshore wind,235.6638
tight_lines,139,Bus6,onshore wind,-0.0
tight_lines,139,Bus7,onshore wind,-0.0
tight_lines,139,Bus8,onshore wind,-0.0
tight_lines,139,Bus9,onshore wind,-0.0
tight_lines,139,Bus10,onshore wind,-0.0
tight_lines,139,Bus11,onshore wind,-0.0
tight_lines,139,Bus12,onshore wind,-0.0
tight_lines,139,Bus13,onshore wind,-0.0
tight_lines,139,Bus14,onshore wind,-0.0
tight_lines,139,Bus15,onshore wind,-0.0
tight_lines,139,Bus16,onshore wind,-0.0
tight_lines,139,Bus17,onshore wind,-0.0
tight_lines,139,Bus18,onshore wind,-0.0
tight_lines,139,Bus19,onshore wind,-0.0
tight_lines,139,Bus20,onshore wind,-0.0
tight_lines,140,Bus1,onshore wind,6151.5718
tight_lines,140,Bus2,onshore wind,2186.8922
tight_lines,140,Bus3,onshore wind,-0.0
tight_lines,140,Bus4,onshore wind,-0.0
tight_lines,140,Bus5,onshore wind,-0.0
tight_lines,140,Bus6,onshore wind,-0.0
tight_lines,140,Bus7,onshore wind,-0.0
tight_lines,140,Bus8,onshore wind,-0.0
tight_lines,140,Bus9,onshore wind,-0.0
tight_lines,140,Bus10,onshore wind,-0.0
tight_lines,140,Bus11,onshore wind,-0.0
tight_lines,140,Bus12,onshore wind,-0.0
tight_lines,140,Bus13,onshore wind,-0.0
tight_lines,140,Bus14,onshore wind,-0.0
tight_lines,140,Bus15,onshore wind,-0.0
tight_lines,140,Bus16,onshore wind,-0.0
tight_lines,140,Bus17,onshore wind,-0.0
tight_lines,140,Bus18,onshore wind,-0.0
tight_lines,140,Bus19,onshore wind,-0.0
tight_lines,140,Bus20,onshore wind,0.0
tight_lines,141,Bus1,onshore wind,4751.1501
tight_lines,141,Bus2,onshore wind,2124.0318
tight_lines,141,Bus3,onshore wind,-0.0
tight_lines,141,Bus4,onshore wind,-0.0
tight_lines,141,Bus5,onshore wind,-0.0
tight_lines,141,Bus6,onshore wind,-0.0
tight_lines,141,Bus7,onshore wind,-0.0
tight_lines,141,Bus8,onshore wind,-0.0
tight_lines,141,Bus9,onshore wind,-0.0
tight_lines,141,Bus10,onshore wind,-0.0
tight_lines,141,Bus11,onshore wind,-0.0
tight_lines,141,Bus12,onshore wind,-0.0
tight_lines,141,Bus13,onshore wind,-0.0
tight_lines,141,Bus14,onshore wind,-0.0
tight_lines,141,Bus15,onshore wind,-0.0
tight_lines,141,Bus16,onshore wind,-0.0
tight_lines,141,Bus17,onshore wind,-0.0
tight_lines,141,Bus18,onshore wind,-0.0
tight_lines,141,Bus19,onshore wind,-0.0
tight_lines,141,Bus20,onshore wind,0.0
tight_lines,142,Bus1,onshore wind,6021.1494
tight_lines,142,Bus2,onshore wind,1127.4517
tight_lines,142,Bus3,onshore wind,-0.0
tight_lines,142,Bus4,onshore wind,-0.0
tight_lines,142,Bus5,onshore wind,-0.0
tight_lines,142,Bus6,onshore wind,-0.0
tight_lines,142,Bus7,onshore wind,0.0
tight_lines,142,Bus8,onshore wind,-0.0
tight_lines,142,Bus9,onshore wind,-0.0
tight_lines,142,Bus10,onshore wind,-0.0
tight_lines,142,Bus11,onshore wind,-0.0
tight_lines,142,Bus12,onshore wind,-0.0
tight_lines,142,Bus13,onshore wind,-0.0
tight_lines,142,Bus14,onshore wind,-0.0
tight_lines,142,Bus15,onshore wind,-0.0
tight_lines,142,Bus16,onshore wind,-0.0
tight_lines,142,Bus17,onshore wind,-0.0
tight_lines,142,Bus18,onshore wind,-0.0
tight_lines,142,Bus19,onshore wind,-0.0
tight_lines,142,Bus20,onshore wind,0.0
tight_lines,143,Bus1,onshore wind,5967.089
tight_lines,143,Bus2,onshore wind,2716.4383
tight_lines,143,Bus3,onshore wind,-0.0
tight_lines,143,Bus4,onshore wind,858.15089
tight_lines,143,Bus5,onshore wind,-0.0
tight_lines,143,Bus6,onshore wind,-0.0
tight_lines,143,Bus7,onshore wind,-0.0
tight_lines,143,Bus8,onshore wind,-0.0
tight_lines,143,Bus9,onshore wind,-0.0
tight_lines,143,Bus10,onshore wind,-0.0
tight_lines,143,Bus11,onshore wind,-0.0
tight_lines,143,Bus12,onshore wind,-0.0
tight_lines,143,Bus13,onshore wind,-0.0
tight_lines,143,Bus14,onshore wind,-0.0
tight_lines,143,Bus15,onshore wind,-0.0
tight_lines,143,Bus16,onshore wind,-0.0
tight_lines,143,Bus17,onshore wind,-0.0
tight_lines,143,Bus18,onshore wind,-0.0
tight_lines,143,Bus19,onshore wind,-0.0
tight_lines,143,Bus20,onshore wind,0.0
tight_lines,144,Bus1,onshore wind,6211.8101
tight_lines,144,Bus2,onshore wind,3266.6175
tight_lines,144,Bus3,onshore wind,-0.0
tight_lines,144,Bus4,onshore wind,-0.0
tight_lines,144,Bus5,onshore wind,964.70904
tight_lines,144,Bus6,onshore wind,-0.0
tight_lines,144,Bus7,onshore wind,-0.0
tight_lines,144,Bus8,onshore wind,-0.0
tight_lines,144,Bus9,onshore wind,-0.0
tight_lines,144,Bus10,onshore wind,-0.0
tight_lines,144,Bus11,onshore wind,-0.0
tight_lines,144,Bus12,onshore wind,-0.0
tight_lines,144,Bus13,onshore wind,-0.0
tight_lines,144,Bus14,onshore wind,-0.0
tight_lines,144,Bus15,onshore wind,-0.0
tight_lines,144,Bus16,onshore wind,-0.0
tight_lines,144,Bus17,onshore wind,-0.0
tight_lines,144,Bus18,onshore wind,-0.0
tight_lines,144,Bus19,onshore wind,0.0
tight_lines,144,Bus20,onshore wind,-0.0
tight_lines,145,Bus1,onshore wind,5890.8014
tight_lines,145,Bus2,onshore wind,3521.201
tight_lines,145,Bus3,onshore wind,513.17498
tight_lines,145,Bus4,onshore wind,-0.0
tight_lines,145,Bus5,onshore wind,3720.8082
tight_lines,145,Bus6,onshore wind,-0.0
tight_lines,145,Bus7,onshore wind,-0.0
tight_lines,145,Bus8,onshore wind,-0.0
tight_lines,145,Bus9,onshore wind,-0.0
tight_lines,145,Bus10,onshore wind,-0.0
tight_lines,145,Bus11,onshore wind,-0.0
tight_lines,145,Bus12,onshore wind,-0.0
tight_lines,145,Bus13,onshore wind,-0.0
tight_lines,145,Bus14,onshore wind,-0.0
tight_lines,145,Bus15,onshore wind,-0.0
tight_lines,145,Bus16,onshore wind,-0.0
tight_lines,145,Bus17,onshore wind,-0.0
tight_lines,145,Bus18,onshore wind,-0.0
tight_lines,145,Bus19,onshore wind,-0.0
tight_lines,145,Bus20,onshore wind,0.0
tight_lines,146,Bus1,onshore wind,3159.9523
tight_lines,146,Bus2,onshore wind,4288.8265
tight_lines,146,Bus3,onshore wind,15.981616
tight_lines,146,Bus4,onshore wind,-0.0
tight_lines,146,Bus5,onshore wind,-0.0
tight_lines,146,Bus6,onshore wind,-0.0
tight_lines,146,Bus7,onshore wind,-0.0
tight_lines,146,Bus8,onshore wind,-0.0
tight_lines,146,Bus9,onshore wind,-0.0
tight_lines,146,Bus10,onshore wind,-0.0
tight_lines,146,Bus11,onshore wind,-0.0
tight_lines,146,Bus12,onshore wind,-0.0
tight_lines,146,Bus13,onshore wind,-0.0
tight_lines,146,Bus14,onshore wind,-0.0
tight_lines,146,Bus15,onshore wind,-0.0
tight_lines,146,Bus16,onshore wind,-0.0
tight_lines,146,Bus17,onshore wind,-0.0
tight_lines,146,Bus18,onshore wind,-0.0
tight_lines,146,Bus19,onshore wind,-0.0
tight_lines,146,Bus20,onshore wind,-0.0
tight_lines,147,Bus1,onshore wind,3299.5684
tight_lines,147,Bus2,onshore wind,3649.0124
tight_lines,147,Bus3,onshore wind,-0.0
tight_lines,147,Bus4,onshore wind,3675.0932
tight_lines,147,Bus5,onshore wind,-0.0
tight_lines,147,Bus6,onshore wind,-0.0
tight_lines,147,Bus7,onshore wind,-0.0
tight_lines,147,Bus8,onshore wind,-0.0
tight_lines,147,Bus9,onshore wind,-0.0
tight_lines,147,Bus10,onshore wind,-0.0
tight_lines,147,Bus11,onshore wind,-0.0
tight_lines,147,Bus12,onshore wind,-0.0
tight_lines,147,Bus13,onshore wind,-0.0
tight_lines,147,Bus14,onshore wind,-0.0
tight_lines,147,Bus15,onshore wind,-0.0
tight_lines,147,Bus16,onshore wind,-0.0
tight_lines,147,Bus17,onshore wind,-0.0
tight_lines,147,Bus18,onshore wind,-0.0
tight_lines,147,Bus19,onshore wind,-0.0
tight_lines,147,Bus20,onshore wind,0.0
tight_lines,148,Bus1,onshore wind,4458.137
tight_lines,148,Bus2,onshore wind,4735.9058
tight_lines,148,Bus3,onshore wind,-0.0
tight_lines,148,Bus4,onshore wind,4917.7861
tight_lines,148,Bus5,onshore wind,-0.0
tight_lines,148,Bus6,onshore wind,-0.0
tight_lines,148,Bus7,onshore wind,-0.0
tight_lines,148,Bus8,onshore wind,-0.0
tight_lines,148,Bus9,onshore wind,-0.0
tight_lines,148,Bus10,onshore wind,-0.0
tight_lines,148,Bus11,onshore wind,-0.0
tight_lines,148,Bus12,onshore wind,-0.0
tight_lines,148,Bus13,onshore wind,-0.0
tight_lines,148,Bus14,onshore wind,-0.0
tight_lines,148,Bus15,onshore wind,-0.0
tight_lines,148,Bus16,onshore wind,-0.0
tight_lines,148,Bus17,onshore wind,-0.0
tight_lines,148,Bus18,onshore wind,-0.0
tight_lines,148,Bus19,onshore wind,0.0
tight_lines,148,Bus20,onshore wind,-0.0
tight_lines,149,Bus1,onshore wind,4175.1854
tight_lines,149,Bus2,onshore wind,1751.6998
tight_lines,149,Bus3,onshore wind,-0.0
tight_lines,149,Bus4,onshore wind,4977.2642
tight_lines,149,Bus5,onshore wind,2720.7303
tight_lines,149,Bus6,onshore wind,0.0
tight_lines,149,Bus7,onshore wind,-0.0
tight_lines,149,Bus8,onshore wind,-0.0
tight_lines,149,Bus9,onshore wind,-0.0
tight_lines,149,Bus10,onshore wind,-0.0
tight_lines,149,Bus11,onshore wind,-0.0
tight_lines,149,Bus12,onshore wind,-0.0
tight_lines,149,Bus13,onshore wind,-0.0
tight_lines,149,Bus14,onshore wind,-0.0
tight_lines,149,Bus15,onshore wind,-0.0
tight_lines,149,Bus16,onshore wind,-0.0
tight_lines,149,Bus17,onshore wind,-0.0
tight_lines,149,Bus18,onshore wind,-0.0
tight_lines,149,Bus19,onshore wind,-0.0
tight_lines,149,Bus20,onshore wind,0.0
tight_lines,150,Bus1,onshore wind,3913.7023
tight_lines,150,Bus2,onshore wind,3372.4737
tight_lines,150,Bus3,onshore wind,147.64067
tight_lines,150,Bus4,onshore wind,-0.0
tight_lines,150,Bus5,onshore wind,4852.244
tight_lines,150,Bus6,onshore wind,-0.0
tight_lines,150,Bus7,onshore wind,-0.0
tight_lines,150,Bus8,onshore wind,-0.0
tight_lines,150,Bus9,onshore wind,-0.0
tight_lines,150,Bus10,onshore wind,-0.0
tight_lines,150,Bus11,onshore wind,-0.0
tight_lines,150,Bus12,onshore wind,-0.0
tight_lines,150,Bus13,onshore wind,-0.0
tight_lines,150,Bus14,onshore wind,-0.0
tight_lines,150,Bus15,onshore wind,-0.0
tight_lines,150,Bus16,onshore wind,-0.0
tight_lines,150,Bus17,onshore wind,-0.0
tight_lines,150,Bus18,onshore wind,-0.0
tight_lines,150,Bus19,onshore wind,-0.0
tight_lines,150,Bus20,onshore wind,0.0
tight_lines,151,Bus1,onshore wind,7013.5385
tight_lines,151,Bus2,onshore wind,2709.8097
tight_lines,151,Bus3,onshore wind,1710.6053
tight_lines,151,Bus4,onshore wind,-0.0
tight_lines,151,Bus5,onshore wind,2720.5199
tight_lines,151,Bus6,onshore wind,-0.0
tight_lines,151,Bus7,onshore wind,-0.0
tight_lines,151,Bus8,onshore wind,-0.0
tight_lines,151,Bus9,onshore wind,-0.0
tight_lines,151,Bus10,onshore wind,-0.0
tight_lines,151,Bus11,onshore wind,-0.0
tight_lines,151,Bus12,onshore wind,-0.0
tight_lines,151,Bus13,onshore wind,-0.0
tight_lines,151,Bus14,onshore wind,-0.0
tight_lines,151,Bus15,onshore wind,-0.0
tight_lines,151,Bus16,onshore wind,-0.0
tight_lines,151,Bus17,onshore wind,-0.0
tight_lines,151,Bus18,onshore wind,-0.0
tight_lines,151,Bus19,onshore wind,-0.0
tight_lines,151,Bus20,onshore wind,0.0
tight_lines,152,Bus1,onshore wind,3524.124
tight_lines,152,Bus2,onshore wind,4787.1993
tight_lines,152,Bus3,onshore wind,-0.0
tight_lines,152,Bus4,onshore wind,5283.6241
tight_lines,152,Bus5,onshore wind,-0.0
tight_lines,152,Bus6,onshore wind,-0.0
tight_lines,152,Bus7,onshore wind,-0.0
tight_lines,152,Bus8,onshore wind,-0.0
tight_lines,152,Bus9,onshore wind,-0.0
tight_lines,152,Bus10,onshore wind,-0.0
tight_lines,152,Bus11,onshore wind,-0.0
tight_lines,152,Bus12,onshore wind,-0.0
tight_lines,152,Bus13,onshore wind,-0.0
tight_lines,152,Bus14,onshore wind,-0.0
tight_lines,152,Bus15,onshore wind,-0.0
tight_lines,152,Bus16,onshore wind,-0.0
tight_lines,152,Bus17,onshore wind,-0.0
tight_lines,152,Bus18,onshore wind,-0.0
tight_lines,152,Bus19,onshore wind,-0.0
tight_lines,152,Bus20,onshore wind,-0.0
tight_lines,153,Bus1,onshore wind,3916.192
tight_lines,153,Bus2,onshore wind,1903.0373
tight_lines,153,Bus3,onshore wind,-0.0
tight_lines,153,Bus4,onshore wind,59.937983
tight_lines,153,Bus5,onshore wind,7441.2004
tight_lines,153,Bus6,onshore wind,-0.0
tight_lines,153,Bus7,onshore wind,-0.0
tight_lines,153,Bus8,onshore wind,-0.0
tight_lines,153,Bus9,onshore wind,-0.0
tight_lines,153,Bus10,onshore wind,-0.0
tight_lines,153,Bus11,onshore wind,-0.0
tight_lines,153,Bus12,onshore wind,-0.0
tight_lines,153,Bus13,onshore wind,-0.0
tight_lines,153,Bus14,onshore wind,-0.0
tight_lines,153,Bus15,onshore wind,-0.0
tight_lines,153,Bus16,onshore wind,-0.0
tight_lines,153,Bus17,onshore wind,-0.0
tight_lines,153,Bus18,onshore wind,-0.0
tight_lines,153,Bus19,onshore wind,-0.0
tight_lines,153,Bus20,onshore wind,-0.0
tight_lines,154,Bus1,onshore wind,3600.8895
tight_lines,154,Bus2,onshore wind,2025.9878
tight_lines,154,Bus3,onshore wind,575.94624
tight_lines,154,Bus4,onshore wind,-0.0
tight_lines,154,Bus5,onshore wind,6962.5189
tight_lines,154,Bus6,onshore wind,-0.0
tight_lines,154,Bus7,onshore wind,-0.0
tight_lines,154,Bus8,onshore wind,-0.0
tight_lines,154,Bus9,onshore wind,-0.0
tight_lines,154,Bus10,onshore wind,-0.0
tight_lines,154,Bus11,onshore wind,-0.0
tight_lines,154,Bus12,onshore wind,-0.0
tight_lines,154,Bus13,onshore wind,-0.0
tight_lines,154,Bus14,onshore wind,-0.0
tight_lines,154,Bus15,onshore wind,-0.0
tight_lines,154,Bus16,onshore wind,-0.0
tight_lines,154,Bus17,onshore wind,-0.0
tight_lines,154,Bus18,onshore wind,-0.0
tight_lines,154,Bus19,onshore wind,-0.0
tight_lines,154,Bus20,onshore wind,0.0
tight_lines,155,Bus1,onshore wind,3206.432
tight_lines,155,Bus2,onshore wind,2457.6361
tight_lines,155,Bus3,onshore wind,3292.7336
tight_lines,155,Bus4,onshore wind,4377.983
tight_lines,155,Bus5,onshore wind,1009.2753
tight_lines,155,Bus6,onshore wind,-0.0
tight_lines,155,Bus7,onshore wind,-0.0
tight_lines,155,Bus8,onshore wind,-0.0
tight_lines,155,Bus9,onshore wind,-0.0
tight_lines,155,Bus10,onshore wind,-0.0
tight_lines,155,Bus11,onshore wind,-0.0
tight_lines,155,Bus12,onshore wind,-0.0
tight_lines,155,Bus13,onshore wind,-0.0
tight_lines,155,Bus14,onshore wind,-0.0
tight_lines,155,Bus15,onshore wind,-0.0
tight_lines,155,Bus16,onshore wind,-0.0
tight_lines,155,Bus17,onshore wind,-0.0
tight_lines,155,Bus18,onshore wind,-0.0
tight_lines,155,Bus19,onshore wind,-0.0
tight_lines,155,Bus20,onshore wind,0.0
tight_lines,156,Bus1,onshore wind,2191.8927
tight_lines,156,Bus2,onshore wind,1157.0721
tight_lines,156,Bus3,onshore wind,4439.1237
tight_lines,156,Bus4,onshore wind,3640.7479
tight_lines,156,Bus5,onshore wind,-0.0
tight_lines,156,Bus6,onshore wind,-0.0
tight_lines,156,Bus7,onshore wind,-0.0
tight_lines,156,Bus8,onshore wind,-0.0
tight_lines,156,Bus9,onshore wind,-0.0
tight_lines,156,Bus10,onshore wind,-0.0
tight_lines,156,Bus11,onshore wind,-0.0
tight_lines,156,Bus12,onshore wind,-0.0
tight_lines,156,Bus13,onshore wind,-0.0
tight_lines,156,Bus14,onshore wind,-0.0
tight_lines,156,Bus15,onshore wind,-0.0
tight_lines,156,Bus16,onshore wind,-0.0
tight_lines,156,Bus17,onshore wind,-0.0
tight_lines,156,Bus18,onshore wind,-0.0
tight_lines,156,Bus19,onshore wind,-0.0
tight_lines,156,Bus20,onshore wind,0.0
tight_lines,157,Bus1,onshore wind,3263.3028
tight_lines,157,Bus2,onshore wind,3006.7096
tight_lines,157,Bus3,onshore wind,4300.1517
tight_lines,157,Bus4,onshore wind,-0.0
tight_lines,157,Bus5,onshore wind,2685.1129
tight_lines,157,Bus6,onshore wind,-0.0
tight_lines,157,Bus7,onshore wind,-0.0
tight_lines,157,Bus8,onshore wind,-0.0
tight_lines,157,Bus9,onshore wind,-0.0
tight_lines,157,Bus10,onshore wind,-0.0
tight_lines,157,Bus11,onshore wind,-0.0
tight_lines,157,Bus12,onshore wind,-0.0
tight_lines,157,Bus13,onshore wind,-0.0
tight_lines,157,Bus14,onshore wind,-0.0
tight_lines,157,Bus15,onshore wind,-0.0
tight_lines,157,Bus16,onshore wind,-0.0
tight_lines,157,Bus17,onshore wind,-0.0
tight_lines,157,Bus18,onshore wind,-0.0
tight_lines,157,Bus19,onshore wind,-0.0
tight_lines,157,Bus20,onshore wind,0.0
tight_lines,158,Bus1,onshore wind,1773.7943
tight_lines,158,Bus2,onshore wind,3046.701
tight_lines,158,Bus3,onshore wind,-0.0
tight_lines,158,Bus4,onshore wind,2854.5522
tight_lines,158,Bus5,onshore wind,6042.5686
tight_lines,158,Bus6,onshore wind,-0.0
tight_lines,158,Bus7,onshore wind,-0.0
tight_lines,158,Bus8,onshore wind,-0.0
tight_lines,158,Bus9,onshore wind,-0.0
tight_lines,158,Bus10,onshore wind,-0.0
tight_lines,158,Bus11,onshore wind,-0.0
tight_lines,158,Bus12,onshore wind,-0.0
tight_lines,158,Bus13,onshore wind,-0.0
tight_lines,158,Bus14,onshore wind,-0.0
tight_lines,158,Bus15,onshore wind,-0.0
tight_lines,158,Bus16,onshore wind,-0.0
tight_lines,158,Bus17,onshore wind,-0.0
tight_lines,158,Bus18,onshore wind,-0.0
tight_lines,158,Bus19,onshore wind,-0.0
tight_lines,158,Bus20,onshore wind,0.0
tight_lines,159,Bus1,onshore wind,2396.2454
tight_lines,159,Bus2,onshore wind,4245.289
tight_lines,159,Bus3,onshore wind,-0.0
tight_lines,159,Bus4,onshore wind,-0.0
tight_lines,159,Bus5,onshore wind,5754.6153
tight_lines,159,Bus6,onshore wind,-0.0
tight_lines,159,Bus7,onshore wind,-0.0
tight_lines,159,Bus8,onshore wind,-0.0
tight_lines,159,Bus9,onshore wind,-0.0
tight_lines,159,Bus10,onshore wind,-0.0
tight_lines,159,Bus11,onshore wind,-0.0
tight_lines,159,Bus12,onshore wind,-0.0
tight_lines,159,Bus13,onshore wind,-0.0
tight_lines,159,Bus14,onshore wind,-0.0
tight_lines,159,Bus15,onshore wind,-0.0
tight_lines,159,Bus16,onshore wind,-0.0
tight_lines,159,Bus17,onshore wind,-0.0
tight_lines,159,Bus18,onshore wind,-0.0
tight_lines,159,Bus19,onshore wind,-0.0
tight_lines,159,Bus20,onshore wind,-0.0
tight_lines,160,Bus1,onshore wind,2276.3491
tight_lines,160,Bus2,onshore wind,4734.8705
tight_lines,160,Bus3,onshore wind,4652.5966
tight_lines,160,Bus4,onshore wind,-0.0
tight_lines,160,Bus5,onshore wind,964.46772
tight_lines,160,Bus6,onshore wind,-0.0
tight_lines,160,Bus7,onshore wind,-0.0
tight_lines,160,Bus8,onshore wind,-0.0
tight_lines,160,Bus9,onshore wind,-0.0
tight_lines,160,Bus10,onshore wind,-0.0
tight_lines,160,Bus11,onshore wind,-0.0
tight_lines,160,Bus12,onshore wind,-0.0
tight_lines,160,Bus13,onshore wind,-0.0
tight_lines,160,Bus14,onshore wind,-0.0
tight_lines,160,Bus15,onshore wind,-0.0
tight_lines,160,Bus16,onshore wind,-0.0
tight_lines,160,Bus17,onshore wind,-0.0
tight_lines,160,Bus18,onshore wind,-0.0
tight_lines,160,Bus19,onshore wind,-0.0
tight_lines,160,Bus20,onshore wind,-0.0
tight_lines,161,Bus1,onshore wind,3011.5315
tight_lines,161,Bus2,onshore wind,6569.921
tight_lines,161,Bus3,onshore wind,-0.0
tight_lines,161,Bus4,onshore wind,6822.3705
tight_lines,161,Bus5,onshore wind,-0.0
tight_lines,161,Bus6,onshore wind,-0.0
tight_lines,161,Bus7,onshore wind,-0.0
tight_lines,161,Bus8,onshore wind,-0.0
tight_lines,161,Bus9,onshore wind,-0.0
tight_lines,161,Bus10,onshore wind,-0.0
tight_lines,161,Bus11,onshore wind,-0.0
tight_lines,161,Bus12,onshore wind,-0.0
tight_lines,161,Bus13,onshore wind,-0.0
tight_lines,161,Bus14,onshore wind,-0.0
tight_lines,161,Bus15,onshore wind,-0.0
tight_lines,161,Bus16,onshore wind,-0.0
tight_lines,161,Bus17,onshore wind,-0.0
tight_lines,161,Bus18,onshore wind,-0.0
tight_lines,161,Bus19,onshore wind,-0.0
tight_lines,161,Bus20,onshore wind,-0.0
tight_lines,162,Bus1,onshore wind,5447.76
tight_lines,162,Bus2,onshore wind,5940.4297
tight_lines,162,Bus3,onshore wind,761.80752
tight_lines,162,Bus4,onshore wind,6230.1194
tight_lines,162,Bus5,onshore wind,-0.0
tight_lines,162,Bus6,onshore wind,-0.0
tight_lines,162,Bus7,onshore wind,-0.0
tight_lines,162,Bus8,onshore wind,-0.0
tight_lines,162,Bus9,onshore wind,-0.0
tight_lines,162,Bus10,onshore wind,-0.0
tight_lines,162,Bus11,onshore wind,-0.0
tight_lines,162,Bus12,onshore wind,-0.0
tight_lines,162,Bus13,onshore wind,-0.0
tight_lines,162,Bus14,onshore wind,-0.0
tight_lines,162,Bus15,onshore wind,-0.0
tight_lines,162,Bus16,onshore wind,-0.0
tight_lines,162,Bus17,onshore wind,-0.0
tight_lines,162,Bus18,onshore wind,-0.0
tight_lines,162,Bus19,onshore wind,0.0
tight_lines,162,Bus20,onshore wind,-0.0
tight_lines,163,Bus1,onshore wind,1500.1807
tight_lines,163,Bus2,onshore wind,4698.2807
tight_lines,163,Bus3,onshore wind,4956.9355
tight_lines,163,Bus4,onshore wind,1664.2111
tight_lines,163,Bus5,onshore wind,-0.0
tight_lines,163,Bus6,onshore wind,-0.0
tight_lines,163,Bus7,onshore wind,-0.0
tight_lines,163,Bus8,onshore wind,-0.0
tight_lines,163,Bus9,onshore wind,-0.0
tight_lines,163,Bus10,onshore wind,-0.0
tight_lines,163,Bus11,onshore wind,-0.0
tight_lines,163,Bus12,onshore wind,-0.0
tight_lines,163,Bus13,onshore wind,-0.0
tight_lines,163,Bus14,onshore wind,-0.0
tight_lines,163,Bus15,onshore wind,-0.0
tight_lines,163,Bus16,onshore wind,-0.0
tight_lines,163,Bus17,onshore wind,-0.0
tight_lines,163,Bus18,onshore wind,-0.0
tight_lines,163,Bus19,onshore wind,-0.0
tight_lines,163,Bus20,onshore wind,0.0
tight_lines,164,Bus1,onshore wind,4313.6533
tight_lines,164,Bus2,onshore wind,4644.4243
tight_lines,164,Bus3,onshore wind,1735.2938
tight_lines,164,Bus4,onshore wind,-0.0
tight_lines,164,Bus5,onshore wind,5090.5918
tight_lines,164,Bus6,onshore wind,-0.0
tight_lines,164,Bus7,onshore wind,-0.0
tight_lines,164,Bus8,onshore wind,-0.0
tight_lines,164,Bus9,onshore wind,-0.0
tight_lines,164,Bus10,onshore wind,-0.0
tight_lines,164,Bus11,onshore wind,-0.0
tight_lines,164,Bus12,onshore wind,-0.0
tight_lines,164,Bus13,onshore wind,-0.0
tight_lines,164,Bus14,onshore wind,-0.0
tight_lines,164,Bus15,onshore wind,-0.0
tight_lines,164,Bus16,onshore wind,-0.0
tight_lines,164,Bus17,onshore wind,-0.0
tight_lines,164,Bus18,onshore wind,-0.0
tight_lines,164,Bus19,onshore wind,0.0
tight_lines,164,Bus20,onshore wind,-0.0
tight_lines,165,Bus1,onshore wind,2294.3507
tight_lines,165,Bus2,onshore wind,6278.8381
tight_lines,165,Bus3,onshore wind,3957.4614
tight_lines,165,Bus4,onshore wind,-0.0
tight_lines,165,Bus5,onshore wind,132.06417
tight_lines,165,Bus6,onshore wind,-0.0
tight_lines,165,Bus7,onshore wind,-0.0
tight_lines,165,Bus8,onshore wind,-0.0
tight_lines,165,Bus9,onshore wind,-0.0
tight_lines,165,Bus10,onshore wind,-0.0
tight_lines,165,Bus11,onshore wind,-0.0
tight_lines,165,Bus12,onshore wind,-0.0
tight_lines,165,Bus13,onshore wind,-0.0
tight_lines,165,Bus14,onshore wind,-0.0
tight_lines,165,Bus15,onshore wind,-0.0
tight_lines,165,Bus16,onshore wind,-0.0
tight_lines,165,Bus17,onshore wind,-0.0
tight_lines,165,Bus18,onshore wind,-0.0
tight_lines,165,Bus19,onshore wind,-0.0
tight_lines,165,Bus20,onshore wind,-0.0
tight_lines,166,Bus1,onshore wind,3728.2121
tight_lines,166,Bus2,onshore wind,4681.6734
tight_lines,166,Bus3,onshore wind,1877.5225
tight_lines,166,Bus4,onshore wind,-0.0
tight_lines,166,Bus5,onshore wind,0.0
tight_lines,166,Bus6,onshore wind,-0.0
tight_lines,166,Bus7,onshore wind,-0.0
tight_lines,166,Bus8,onshore wind,-0.0
tight_lines,166,Bus9,onshore wind,-0.0
tight_lines,166,Bus10,onshore wind,-0.0
tight_lines,166,Bus11,onshore wind,-0.0
tight_lines,166,Bus12,onshore wind,-0.0
tight_lines,166,Bus13,onshore wind,-0.0
tight_lines,166,Bus14,onshore wind,-0.0
tight_lines,166,Bus15,onshore wind,-0.0
tight_lines,166,Bus16,onshore wind,-0.0
tight_lines,166,Bus17,onshore wind,-0.0
tight_lines,166,Bus18,onshore wind,-0.0
tight_lines,166,Bus19,onshore wind,-0.0
tight_lines,166,Bus20,onshore wind,-0.0
tight_lines,167,Bus1,onshore wind,5588.9506
tight_lines,167,Bus2,onshore wind,-0.0
tight_lines,167,Bus3,onshore wind,8393.9957
tight_lines,167,Bus4,onshore wind,2652.3476
tight_lines,167,Bus5,onshore wind,-0.0
tight_lines,167,Bus6,onshore wind,-0.0
tight_lines,167,Bus7,onshore wind,-0.0
tight_lines,167,Bus8,onshore wind,-0.0
tight_lines,167,Bus9,onshore wind,-0.0
tight_lines,167,Bus10,onshore wind,-0.0
tight_lines,167,Bus11,onshore wind,-0.0
tight_lines,167,Bus12,onshore wind,-0.0
tight_lines,167,Bus13,onshore wind,-0.0
tight_lines,167,Bus14,onshore wind,-0.0
tight_lines,167,Bus15,onshore wind,-0.0
tight_lines,167,Bus16,onshore wind,-0.0
tight_lines,167,Bus17,onshore wind,-0.0
tight_lines,167,Bus18,onshore wind,-0.0
tight_lines,167,Bus19,onshore wind,-0.0
tight_lines,167,Bus20,onshore wind,-0.0
