fold,ap,roc,bal_acc
1,0.035492557132849364,0.35267302113551596,0.36496753695261774
2,0.06735089521209145,0.523421052631579,0.5223684210526316
3,0.07741618081379707,0.4838157894736842,0.48289473684210527
4,0.06199672593362533,0.4842105263157895,0.5276315789473685
5,0.04349484412040493,0.41973684210526313,0.4710526315789474
