fold,ap,roc,bal_acc
1,0.05484454797268681,0.5169398907103825,0.49071038251366117
2,0.0666508360092964,0.4527138157894737,0.5542763157894737
3,0.04831905566711192,0.4640213815789474,0.46875
4,0.05442730505271659,0.5234375,0.47368421052631576
5,0.13336454832440853,0.5063733552631579,0.5
