method,band,recall,occluded_share,count
ByteTrack-lite,band_1,0.20773961301934904,0.9947502624868757,6667
ByteTrack-lite,band_2,0.17339133043347832,0.9958002099895005,6667
ByteTrack-lite,band_3,0.2530753075307531,0.9881488148814882,6666
SORT,band_1,0.08939553022348883,0.9947502624868757,6667
SORT,band_2,0.09899505024748763,0.9958002099895005,6667
SORT,band_3,0.14416441644164416,0.9881488148814882,6666
SparseDepth,band_1,0.2231888405579721,0.9947502624868757,6667
SparseDepth,band_2,0.1790910454477276,0.9958002099895005,6667
SparseDepth,band_3,0.2566756675667567,0.9881488148814882,6666
