method,MOTA,IDF1,Recall,Precision,OcclusionRecall,FP,FN,IDSW,Fragments,Predictions
SORT,0.10525,0.042938,0.11085,0.999549,0.109679,1,17783,111,1777,2218
ByteTrack-lite,0.1899,0.062479,0.2114,0.999055,0.210192,4,15772,426,2740,4232
SparseDepth,0.19455,0.062223,0.21965,0.999318,0.218048,3,15607,499,2771,4396
