feature,variance,cv,age_corr,age_corr_abs,dpt_corr,dpt_corr_abs,traj_score,laplacian_score,mi_age,mi_dpt,mi_combined,kw_stat_phase,kw_pval_phase,mw_stat_state,mw_pval_state,composite_score,norm_variance,norm_cv,norm_age_corr,norm_dpt_corr,norm_lap,norm_mi,norm_kw,norm_mw,protein,compartment
Int_Med_cycB1_ring,0.012809296,1.0258185,0.560699121186191,0.560699121186191,0.234745633878763,0.234745633878763,0.397722377532477,0.23590368863370084,0.2766444286449623,0.1269782654659437,0.4302259544245006,1454.464618661375,0.0,713445.5,1.4344364559622297e-90,0.8776970954356846,0.8651452282157677,0.8858921161825726,0.9730290456431535,0.46680497925311204,0.9730290456431535,0.9336099585062241,0.9771784232365145,0.9854771784232366,cycB1,ring
Int_Med_cycB1_cyto,0.012809296,1.0258185,0.560699121186191,0.560699121186191,0.234745633878763,0.234745633878763,0.397722377532477,0.23590368863370084,0.27547071629089803,0.12713269318114762,0.4293626157584703,1454.464618661375,0.0,713445.5,1.4344364559622297e-90,0.8770746887966805,0.8651452282157677,0.8858921161825726,0.9730290456431535,0.46680497925311204,0.9730290456431535,0.9294605809128631,0.9771784232365145,0.9854771784232366,cycB1,cyto
Int_Med_cycB1_cell,0.011533202,1.0360401,0.5493045847193913,0.5493045847193913,0.2563636543695176,0.2563636543695176,0.4028341195444544,0.23414856822822797,0.23904882815092332,0.13190465342535873,0.4025440920306231,1419.8458619707258,1.454637267437091e-307,710718.5,7.897664551000304e-89,0.8726141078838173,0.8215767634854771,0.9004149377593361,0.9626556016597511,0.49377593360995853,0.979253112033195,0.9128630705394191,0.970954356846473,0.979253112033195,cycB1,cell
Int_Med_cycA_nuc,0.024504459,1.0619849,0.73238994282907,0.73238994282907,-0.011257693455191385,0.011257693455191385,0.37182381814213067,0.2751129221290044,0.5224590195923327,0.07465611051509846,0.5833096438864303,1792.88702316185,0.0,670787.0,2.6104249153833427e-65,0.8278008298755186,0.9875518672199171,0.9087136929460581,0.991701244813278,0.016597510373444035,0.9087136929460581,0.995850622406639,0.995850622406639,0.975103734439834,cycA,nuc
Int_Intg_DNA_nuc,0.013663321,0.46526903,0.7359945236404305,0.7359945236404305,0.10879708258209969,0.10879708258209969,0.4223958031112651,0.3647179104678315,0.5445674962092975,0.0429184962860516,0.5595628691196218,1618.407012696454,0.0,636991.5,2.801992189486844e-48,0.7885892116182572,0.9045643153526971,0.27385892116182575,0.995850622406639,0.20331950207468885,0.7344398340248963,0.991701244813278,0.991701244813278,0.966804979253112,DNA,nuc
Int_MeanEdge_cycB1_cell,0.01682797,0.788461,0.274448762228661,0.274448762228661,0.2971783529767737,0.2971783529767737,0.2858135576027173,0.361229010491093,0.0825058596740531,0.08550647418935764,0.19442060649251133,602.1782302988075,3.3976663922936687e-130,611895.0,2.4664200335265294e-37,0.7838174273858921,0.9377593360995851,0.7966804979253113,0.8796680497925311,0.5809128630705394,0.7385892116182573,0.5892116182572614,0.9211618257261411,0.9585062240663901,cycB1,cell
Int_Med_Skp2_nuc,0.031221703,0.74143225,0.5137867003929677,0.5137867003929677,0.0244414614347417,0.0244414614347417,0.2691140809138547,0.419560969918487,0.5420192731372984,0.03188443119704765,0.5419099684178248,1575.20197944097,0.0,720236.0,5.631516923860428e-95,0.7738589211618258,0.995850622406639,0.7510373443983402,0.9585062240663901,0.0456431535269709,0.6141078838174274,0.9875518672199171,0.9875518672199171,0.991701244813278,Skp2,nuc
Int_Med_cycA_ring,0.0041985647,0.7978555,0.2937574364225623,0.2937574364225623,0.2676210093279619,0.2676210093279619,0.2806892228752621,0.2633671047156154,0.09529918658634884,0.12231227248823728,0.25724650961130513,560.6691215290699,3.383086424080382e-121,521266.0,7.395946375324002e-10,0.7731327800829877,0.450207468879668,0.8070539419087137,0.8983402489626556,0.5165975103734439,0.9315352697095436,0.7468879668049793,0.9107883817427386,0.8775933609958506,cycA,ring
Int_Med_cycA_cyto,0.0041985647,0.7978555,0.2937574364225623,0.2937574364225623,0.2676210093279619,0.2676210093279619,0.2806892228752621,0.2633671047156154,0.09464872132438629,0.12139933776537415,0.2553822953914328,560.6691215290699,3.383086424080382e-121,521266.0,7.395946375324002e-10,0.7725103734439835,0.450207468879668,0.8070539419087137,0.8983402489626556,0.5165975103734439,0.9315352697095436,0.7427385892116183,0.9107883817427386,0.8775933609958506,cycA,cyto
Int_MeanEdge_AKT_cell,0.009520735,0.61560094,-0.18263115063609164,0.18263115063609164,0.5516199698657407,0.5516199698657407,0.36712556025091614,0.23605631045821202,0.03832723861826093,0.2558318518028466,0.3902374319965609,69.27844223682587,6.091930535997717e-15,361339.0,3.372511768600567e-08,0.7479253112033195,0.7634854771784232,0.6224066390041494,0.7842323651452282,0.9087136929460581,0.966804979253112,0.9087136929460581,0.6016597510373445,0.05809128630705396,AKT,cell
Int_Med_pH2AX_nuc,0.015501865,0.7506594,0.5826144580301129,0.5826144580301129,0.014785052948696841,0.014785052948696841,0.29869975548940486,0.44565668009774995,0.33786324900971465,0.03929517137367622,0.36474683327629304,1209.7431686908953,5.639672209615944e-262,601057.5,4.6796645632151634e-33,0.7280082987551867,0.9211618257261411,0.7593360995850622,0.979253112033195,0.03734439834024894,0.5020746887966805,0.8713692946058091,0.950207468879668,0.9543568464730291,pH2AX,nuc
Int_Med_S6_cell,0.013303702,0.53862417,0.09848727986970829,0.09848727986970829,0.4445909948537191,0.4445909948537191,0.2715391373617137,0.2223179217515535,0.012812002575601333,0.17393889364502346,0.2531582132153036,78.42617384687594,6.67695893822155e-17,444727.0,0.5714618579430422,0.7236514522821578,0.8713692946058091,0.5020746887966805,0.5477178423236515,0.7883817427385892,0.991701244813278,0.7385892116182573,0.6348547717842323,0.6058091286307055,S6,cell
Int_Med_CDK2_nuc,0.015399682,0.42939702,0.6007035083485317,0.6007035083485317,0.12559576463730376,0.12559576463730376,0.36314963649291776,0.4447525303816696,0.2561284416080998,0.0530353279098188,0.30876999128555827,1025.8977086646664,4.3356864803256806e-222,553691.5,1.5994730914717713e-17,0.7199170124481328,0.91701244813278,0.19502074688796678,0.983402489626556,0.24896265560165975,0.5062240663900415,0.8091286307053942,0.9336099585062241,0.9377593360995851,CDK2,nuc
Int_Med_cFos_nuc,0.00964524,0.47780755,0.31391288072518436,0.31391288072518436,-0.3244575975966218,0.3244575975966218,0.3191852391609031,0.4081193679498853,0.05831144677354949,0.10452295550483637,0.19859759819193032,160.31182117987726,1.5697747219953886e-34,485113.0,0.0004416609922173194,0.7159751037344397,0.7717842323651453,0.30290456431535273,0.9128630705394191,0.6307053941908713,0.6514522821576764,0.6182572614107884,0.7883817427385892,0.7717842323651453,cFos,nuc
Int_Med_E2F1_nuc,0.0055323867,0.82351327,0.42886615522800786,0.42886615522800786,-0.17047901247738134,0.17047901247738134,0.2996725838526946,0.5177250116420788,0.3712186449050252,0.05783256156563166,0.42109885852799844,1408.5686433857127,4.072325305210864e-305,641343.5,2.5223509883189334e-50,0.7078838174273858,0.5518672199170125,0.8215767634854771,0.9377593360995851,0.34439834024896265,0.27385892116182575,0.91701244813278,0.966804979253112,0.970954356846473,E2F1,nuc
Int_MeanEdge_YAP_cell,0.017278602,0.53597105,-0.12364819655305123,0.12364819655305123,0.5448596943706536,0.5448596943706536,0.33425394546185244,0.24983762008693075,0.01569842541813582,0.253231165530063,0.3658512971515309,28.331003329032683,3.095004849742707e-06,385557.0,0.0001746431199927864,0.7070539419087135,0.9585062240663901,0.49377593360995853,0.6556016597510373,0.9045643153526971,0.946058091286307,0.8755186721991701,0.34024896265560167,0.12448132780082988,YAP,cell
Int_Med_ERK_cell,0.010498822,0.3833718,0.08446699430615631,0.08446699430615631,0.5673030238554279,0.5673030238554279,0.3258850090807921,0.2578512066502993,0.0,0.25595936804601127,0.355223869849804,94.80315242245813,2.0352563067171722e-20,424533.0,0.36382861064304206,0.7037344398340248,0.8008298755186722,0.09128630705394192,0.4730290456431535,0.9377593360995851,0.941908713692946,0.8672199170124482,0.6804979253112033,0.44398340248962653,ERK,cell
Int_Med_cycA_cell,0.00065534405,1.3207879,0.28653325024829934,0.28653325024829934,0.3341467616945796,0.3341467616945796,0.31034000597143946,0.45526577291481013,0.08872802775140176,0.15222703794916015,0.292729251285592,523.2798207619295,4.29897888407995e-113,525448.0,1.0373234137540569e-10,0.6952282157676349,0.020746887966805017,0.9377593360995851,0.892116182572614,0.6597510373443983,0.46058091286307057,0.8008298755186722,0.9045643153526971,0.892116182572614,cycA,cell
AreaShape_Area_nuc,0.007515461,0.38873914,0.7146348635615428,0.7146348635615428,0.1623915420991204,0.1623915420991204,0.4385132028303316,0.5297716700898297,0.4073878193206628,0.06784947019174847,0.46820954273135845,1041.008194820722,2.2857377937244647e-225,562800.5,4.1290195944909257e-20,0.691701244813278,0.6887966804979253,0.11618257261410792,0.9875518672199171,0.3278008298755186,0.2406639004149378,0.975103734439834,0.9377593360995851,0.941908713692946,nuc,unknown
Int_MeanEdge_p38_cell,0.007337304,0.5169931,-0.15884155318255996,0.15884155318255996,0.5633225460203894,0.5633225460203894,0.3610820496014747,0.35091333332448094,0.03825800891265452,0.22021209569335287,0.3407402891898338,40.9700791021692,6.635455377519688e-09,403022.0,0.013201916232761358,0.683195020746888,0.6721991701244814,0.41908713692946054,0.7510373443983402,0.91701244813278,0.7717842323651453,0.8340248962655602,0.43568464730290457,0.22821576763485474,p38,cell
Int_MeanEdge_pGSK3b_cell,0.007405834,0.59694296,-0.18913191256818476,0.18913191256818476,0.4818877236428594,0.4818877236428594,0.3355098181055221,0.3474989037366676,0.027666791112129552,0.1833826667206031,0.2799034792312567,57.58214309573668,1.93034674364509e-12,374984.0,6.042476894034434e-06,0.6817427385892116,0.6846473029045643,0.6099585062240664,0.7925311203319502,0.8464730290456431,0.7759336099585062,0.7883817427385892,0.5269709543568465,0.09958506224066388,pGSK3b,cell
Int_Std_PCNA_nuc,0.023470003,0.5345346,0.5537299982861966,0.5537299982861966,-0.09452062107597596,0.09452062107597596,0.32412530968108627,0.5846226619152652,0.2915492206192507,0.04236856651324761,0.3264884521274826,1306.5026319109547,5.713278827205037e-283,612854.0,1.0011151025784214e-37,0.6811203319502075,0.983402489626556,0.48547717842323657,0.966804979253112,0.1659751037344398,0.1659751037344398,0.8215767634854771,0.9585062240663901,0.9626556016597511,PCNA,nuc
Int_Med_S6_cyto,0.014904062,0.49093902,0.07586815438434266,0.07586815438434266,0.44265208506089015,0.44265208506089015,0.2592601197226164,0.2244271974721323,0.01162576733508125,0.16458608507020056,0.23908910553979634,64.30574088779947,7.06079166158273e-14,435578.5,0.9188918896876539,0.6787344398340249,0.9107883817427386,0.34232365145228216,0.44190871369294604,0.7821576763485477,0.9854771784232366,0.7219917012448133,0.5622406639004149,0.524896265560166,S6,cyto
Int_Med_S6_ring,0.014904062,0.49093902,0.07586815438434266,0.07586815438434266,0.44265208506089015,0.44265208506089015,0.2592601197226164,0.2244271974721323,0.011549978463515131,0.16383557678868055,0.2379779537073324,64.30574088779947,7.06079166158273e-14,435578.5,0.9188918896876539,0.6781120331950208,0.9107883817427386,0.34232365145228216,0.44190871369294604,0.7821576763485477,0.9854771784232366,0.7178423236514523,0.5622406639004149,0.524896265560166,S6,ring
Int_Med_ERK_ring,0.010058904,0.37189746,0.07848939123929342,0.07848939123929342,0.5648005527962403,0.5648005527962403,0.3216449720177669,0.2663876869271752,0.003530637063032138,0.24759373063902146,0.34685561433561884,81.52360878978425,1.446064073664955e-17,414004.0,0.09360898674360908,0.6779045643153526,0.7863070539419087,0.08506224066390045,0.46265560165975106,0.9232365145228216,0.9149377593360996,0.8506224066390041,0.6452282157676348,0.34647302904564314,ERK,ring
Int_Med_ERK_cyto,0.010058904,0.37189746,0.07848939123929342,0.07848939123929342,0.5648005527962403,0.5648005527962403,0.3216449720177669,0.2663876869271752,0.003229074018862299,0.24727105433724805,0.3461309167300595,81.52360878978425,1.446064073664955e-17,414004.0,0.09360898674360908,0.6772821576763485,0.7863070539419087,0.08506224066390045,0.46265560165975106,0.9232365145228216,0.9149377593360996,0.8464730290456431,0.6452282157676348,0.34647302904564314,ERK,cyto
Int_Med_pS6_cyto,0.0042417953,0.80907965,0.10846889436826473,0.10846889436826473,0.4472883749686204,0.4472883749686204,0.27787863466844254,0.4109642002692245,0.04877172842338151,0.15611231857517716,0.26143502722434503,182.57508317514203,2.4510079106104547e-39,436766.0,0.9879152029314998,0.675,0.46265560165975106,0.8153526970954357,0.607883817427386,0.8029045643153527,0.6410788381742738,0.7551867219917012,0.8236514522821576,0.54149377593361,pS6,cyto
Int_Med_pS6_ring,0.0042417953,0.80907965,0.10846889436826473,0.10846889436826473,0.4472883749686204,0.4472883749686204,0.27787863466844254,0.4109642002692245,0.04793319476639457,0.15630584378456724,0.26093369620477175,182.57508317514203,2.4510079106104547e-39,436766.0,0.9879152029314998,0.6743775933609959,0.46265560165975106,0.8153526970954357,0.607883817427386,0.8029045643153527,0.6410788381742738,0.7510373443983402,0.8236514522821576,0.54149377593361,pS6,ring
Int_Med_cycB1_nuc,0.00945933,0.53502065,0.4304464779673577,0.4304464779673577,-0.027379788741204784,0.027379788741204784,0.22891313335428123,0.416838879903387,0.14963530641271294,0.04894216780393812,0.20531172942078912,577.375969396399,8.087623205055904e-125,542788.5,1.1286179149400095e-14,0.671161825726141,0.7593360995850622,0.48962655601659755,0.941908713692946,0.049792531120331995,0.6224066390041494,0.6514522821576764,0.91701244813278,0.9211618257261411,cycB1,nuc
Int_Med_BP1_nuc,0.013557203,0.784468,0.2680758638404665,0.2680758638404665,0.2784075381488089,0.2784075381488089,0.27324170099463774,0.4795643489240401,0.11138695705111523,0.0818346130106562,0.21584221140102738,105.19708975957012,1.1851005496333676e-22,439352.5,0.8621934452243216,0.6672199170124482,0.8838174273858921,0.7925311203319502,0.8755186721991701,0.5269709543568465,0.36929460580912865,0.6680497925311204,0.7219917012448133,0.5726141078838174,BP1,nuc
Int_MeanEdge_ERK_cell,0.007992668,0.38759673,-0.09640514762218497,0.09640514762218497,0.531533637655453,0.531533637655453,0.313969392638819,0.24729963468664332,0.016609962729647876,0.2571169391165604,0.37208096318820383,37.99944165291163,2.8272443130054258e-08,404389.0,0.0173836183711776,0.6549792531120332,0.7012448132780082,0.11203319502074693,0.5311203319502075,0.8713692946058091,0.950207468879668,0.892116182572614,0.4107883817427386,0.24896265560165975,ERK,cell
Int_Med_AKT_ring,0.013659527,0.4537239,-0.0935730414438983,0.0935730414438983,0.5140640414139616,0.5140640414139616,0.30381854142892994,0.28088597940389803,0.0,0.2530891390739214,0.3512405272958502,56.18856296036113,3.829176046103477e-12,346062.5,3.221818702149845e-11,0.6534232365145228,0.8983402489626556,0.2634854771784232,0.5165975103734439,0.8568464730290457,0.8941908713692946,0.8589211618257262,0.5207468879668049,0.03526970954356845,AKT,ring
Int_Med_AKT_cyto,0.013659527,0.4537239,-0.0935730414438983,0.0935730414438983,0.5140640414139616,0.5140640414139616,0.30381854142892994,0.28088597940389803,0.0,0.2516517725729184,0.3492457306420822,56.18856296036113,3.829176046103477e-12,346062.5,3.221818702149845e-11,0.6528008298755187,0.8983402489626556,0.2634854771784232,0.5165975103734439,0.8568464730290457,0.8941908713692946,0.8547717842323651,0.5207468879668049,0.03526970954356845,AKT,cyto
Int_Med_AKT_cell,0.009883867,0.5036223,-0.07227270445232711,0.07227270445232711,0.5550883732436787,0.5550883732436787,0.3136805388480029,0.2583091272719131,0.015684378286192846,0.3068381059706953,0.4402348359935766,41.6773353673969,4.697216011900888e-09,354465.0,1.7151979510301623e-09,0.6493775933609958,0.7800829875518672,0.3817427385892116,0.4232365145228216,0.9128630705394191,0.9377593360995851,0.9377593360995851,0.4522821576763485,0.04149377593360992,AKT,cell
Int_MeanEdge_S6_cell,0.011213967,0.5726896,-0.14149742010444838,0.14149742010444838,0.36376519500504656,0.36376519500504656,0.2526313075547475,0.3018142014512064,0.022523405462903767,0.11325289936116256,0.1778539903040647,40.30251695829764,9.192349340129828e-09,418918.0,0.18751916452993322,0.6477178423236514,0.8174273858921162,0.5892116182572614,0.7053941908713692,0.6804979253112033,0.8672199170124482,0.5352697095435685,0.4315352697095436,0.39834024896265563,S6,cell
Int_Med_p38_cyto,0.017262222,0.4078509,-0.036855516536157346,0.036855516536157346,0.6578839880783315,0.6578839880783315,0.34736975230724443,0.23726215207599097,0.005956826371832591,0.32061832051859174,0.4504277565437927,34.546358077711865,1.5190109352886175e-07,395226.0,0.002308495498985271,0.6411825726141078,0.9522821576763485,0.13485477178423233,0.2551867219917012,0.9896265560165975,0.9605809128630706,0.950207468879668,0.39626556016597514,0.13485477178423233,p38,cyto
Int_Med_p38_ring,0.017262222,0.4078509,-0.036855516536157346,0.036855516536157346,0.6578839880783315,0.6578839880783315,0.34736975230724443,0.23726215207599097,0.004070779490679577,0.3202949330198557,0.4482472625183281,34.546358077711865,1.5190109352886175e-07,395226.0,0.002308495498985271,0.6405601659751037,0.9522821576763485,0.13485477178423233,0.2551867219917012,0.9896265560165975,0.9605809128630706,0.946058091286307,0.39626556016597514,0.13485477178423233,p38,ring
Int_Med_pS6_cell,0.0028945727,0.7837821,0.13543170062563092,0.13543170062563092,0.43677024038615264,0.43677024038615264,0.2861009705058918,0.44256401714712623,0.02527385105846669,0.13928986094238827,0.21651378609552302,208.7717552258035,5.365754381068623e-45,436596.0,0.9780164228938361,0.6398340248962656,0.31950207468879666,0.7883817427385892,0.6846473029045643,0.7676348547717842,0.5103734439834025,0.6721991701244814,0.8547717842323651,0.5352697095435685,pS6,cell
Int_MeanEdge_pRB_cell,0.005965947,1.5616193,-0.2102144011146283,0.2102144011146283,0.12104040953768166,0.12104040953768166,0.165627405326155,0.45535508663719193,0.04168712106471606,0.10927715751655054,0.1899317559145824,163.8720088168213,2.6758651872505416e-35,553348.0,1.985561762369717e-17,0.6352697095435684,0.5975103734439834,0.966804979253112,0.8215767634854771,0.2406639004149378,0.4564315352697096,0.5684647302904564,0.7966804979253113,0.9336099585062241,pRB,cell
Int_MeanEdge_cJun_cell,0.0029906982,2.0110412,-0.21672360168731614,0.21672360168731614,0.3985077548964148,0.3985077548964148,0.3076156782918655,0.4172869734892866,0.02234453516832513,0.11261188222625718,0.17680014654258974,66.59941969734274,2.2812618870490195e-14,417457.0,0.15427322625258927,0.6275933609958506,0.3568464730290456,0.983402489626556,0.8257261410788381,0.7178423236514523,0.6182572614107884,0.5311203319502075,0.5933609958506224,0.3817427385892116,cJun,cell
Int_Med_p38_cell,0.011759653,0.44127637,-0.015064807256720804,0.015064807256720804,0.6735388254118175,0.6735388254118175,0.34430181633426915,0.218563588860069,0.010956595160511284,0.36027895331785587,0.5100599055551236,38.89916227961766,1.8231704197342043e-08,406479.5,0.026019803296091337,0.6242738589211618,0.8340248962655602,0.2157676348547718,0.0705394190871369,0.995850622406639,0.995850622406639,0.983402489626556,0.4273858921161826,0.26970954356846477,p38,cell
Int_Med_cycD1_nuc,0.012135805,0.6922904,-0.15777634535034174,0.15777634535034174,0.10997246348829987,0.10997246348829987,0.1338744044193208,0.3908193036736581,0.2579602516461845,0.06520062300723861,0.3273350466100063,1222.4858800094798,9.693505504516212e-265,203044.5,2.2567403267831605e-65,0.6242738589211618,0.8423236514522822,0.6929460580912863,0.7468879668049793,0.2116182572614108,0.6970954356846473,0.8257261410788381,0.9543568464730291,0.004149377593360981,cycD1,nuc
Int_Med_Fra1_ring,0.0049609193,0.47897834,-0.14575576650308933,0.14575576650308933,0.28945424601186953,0.28945424601186953,0.21760500625747942,0.4015147393619647,0.0432697496843959,0.10146328828501971,0.18054066862844484,144.74362126156396,3.5853513688769194e-31,455996.5,0.16462692786429345,0.6233402489626556,0.5207468879668049,0.32157676348547715,0.7116182572614108,0.5622406639004149,0.6701244813278009,0.5518672199170125,0.7821576763485477,0.6701244813278009,Fra1,ring
Int_Med_pCHK1_cell,0.0037384254,0.7264126,0.050714029650198375,0.050714029650198375,0.5703233227236304,0.5703233227236304,0.31051867618691437,0.30078658126492136,0.030778849807060027,0.22332077077149037,0.3381874870155081,25.690597719886885,1.1071274465281633e-05,431314.5,0.6795157096463964,0.6226141078838174,0.41908713692946054,0.7385892116182573,0.32365145228215764,0.941908713692946,0.8713692946058091,0.8298755186721991,0.3319502074688797,0.49377593360995853,pCHK1,cell
Int_Med_p14ARF_nuc,0.009769213,0.49152878,0.1009676982165501,0.1009676982165501,-0.39347962631095523,0.39347962631095523,0.24722366226375267,0.467044329555602,0.03931507811027757,0.13912900171080267,0.2291826341296842,51.940350827036056,3.0840466635804395e-11,526896.0,5.24586946203501e-11,0.6190871369294606,0.7759336099585062,0.34854771784232363,0.5601659751037344,0.7053941908713692,0.4024896265560166,0.7012448132780082,0.5103734439834025,0.8962655601659751,p14ARF,nuc
Int_Med_Fra1_cyto,0.0049609193,0.47897834,-0.14575576650308933,0.14575576650308933,0.28945424601186953,0.28945424601186953,0.21760500625747942,0.4015147393619647,0.04432176268323129,0.09646369055658166,0.17456807541613223,144.74362126156396,3.5853513688769194e-31,455996.5,0.16462692786429345,0.6171161825726141,0.5207468879668049,0.32157676348547715,0.7116182572614108,0.5622406639004149,0.6701244813278009,0.5103734439834025,0.7821576763485477,0.6701244813278009,Fra1,cyto
Int_MeanEdge_CDK2_cell,0.012188418,0.42699653,-0.1908493565087633,0.1908493565087633,0.12518573103210306,0.12518573103210306,0.1580175437704332,0.3327697977706302,0.0,0.10667095423088213,0.14803939176648456,79.48120170415919,3.96563884623131e-17,506916.0,3.301820151609942e-07,0.6159751037344399,0.8464730290456431,0.18257261410788383,0.8008298755186722,0.24481327800829877,0.8008298755186722,0.3775933609958506,0.6390041493775933,0.8464730290456431,CDK2,cell
Int_Med_Cdt1_nuc,0.0077581573,0.97973347,-0.5046733847071078,0.5046733847071078,-0.16375333210498286,0.16375333210498286,0.3342133584060453,0.636026344502697,0.3079668365089736,0.0733537257059993,0.38456407019139427,1403.1015505877401,6.254078427669298e-304,384390.5,0.00012389892796090113,0.6124481327800829,0.6929460580912863,0.8713692946058091,0.9543568464730291,0.3319502074688797,0.10373443983402486,0.9004149377593361,0.9626556016597511,0.1203319502074689,Cdt1,nuc
Int_Med_p21_nuc,0.011806693,0.98753077,-0.22669044155715593,0.22669044155715593,0.10210523779879803,0.10210523779879803,0.16439783967797697,0.4680572607770148,0.2867666384285341,0.06465278567068733,0.35302361775579594,1551.5828391499015,0.0,96315.5,1.726983264766381e-136,0.6099585062240664,0.8381742738589212,0.8796680497925311,0.8298755186721991,0.1908713692946058,0.39834024896265563,0.8630705394190872,0.983402489626556,0.0,p21,nuc
Int_MeanEdge_Fra1_cell,0.0031830303,1.6171626,-0.23031404301665187,0.23031404301665187,0.0757896182930585,0.0757896182930585,0.15305183065485517,0.3379728526590653,0.04134748221940843,0.10266744240359493,0.18044686121661824,99.21918204050408,2.287594508463314e-21,451601.0,0.28567605828403564,0.6080912863070539,0.37344398340248963,0.970954356846473,0.8340248962655602,0.13692946058091282,0.7966804979253113,0.5477178423236515,0.6887966804979253,0.6431535269709543,Fra1,cell
Int_Med_CDK2_cell,0.008838555,0.43073672,-0.13665014731929784,0.13665014731929784,0.18014152808566972,0.18014152808566972,0.15839583770248378,0.34425952990614933,0.012215751797692853,0.08753397304625476,0.13269684327286457,108.64883739362666,2.143387951292371e-23,545699.0,2.0814732867067452e-15,0.6006224066390042,0.7302904564315353,0.19917012448132776,0.6887966804979253,0.3609958506224067,0.7842323651452282,0.2863070539419087,0.7261410788381742,0.9253112033195021,CDK2,cell
Int_MeanEdge_pERK_cell,0.013470189,0.4869842,-0.23287717648141512,0.23287717648141512,0.3134435046078908,0.3134435046078908,0.27316034054465294,0.3704316318824041,0.03291569603831501,0.0829230700749175,0.1453036271151166,83.96545102310711,4.327202975448752e-18,370122.0,1.0619498065173747e-06,0.5995850622406639,0.8796680497925311,0.3319502074688797,0.8381742738589212,0.6141078838174274,0.7302904564315353,0.3568464730290456,0.6514522821576764,0.0705394190871369,pERK,cell
Int_Med_pH2AX_cell,0.009096426,0.56849766,0.0657626283914205,0.0657626283914205,0.34090896168843876,0.34090896168843876,0.20333579503992963,0.24561028073518568,0.008692820055141048,0.1186622874297889,0.17266252421148937,21.87780762163255,6.9163456591648e-05,447180.5,0.45622768790332646,0.5902489626556017,0.7385892116182573,0.5601659751037344,0.39419087136929465,0.6680497925311204,0.9543568464730291,0.5020746887966805,0.2904564315352697,0.6182572614107884,pH2AX,cell
Int_MeanEdge_pS6_cell,0.0057822876,0.834044,-0.09196464653274017,0.09196464653274017,0.40814307955089557,0.40814307955089557,0.25005386304181787,0.37105609916773696,0.008657117071575904,0.1400576502262778,0.20232251677873206,42.41582650050927,3.2743384083062276e-09,413774.5,0.09037911239982291,0.5898340248962656,0.5601659751037344,0.8298755186721991,0.5103734439834025,0.7261410788381742,0.7219917012448133,0.6224066390041494,0.4564315352697096,0.34024896265560167,pS6,cell
Int_Med_YAP_cell,0.011011273,0.49517345,0.025633598053227194,0.025633598053227194,0.5408099963951178,0.5408099963951178,0.2832217972241725,0.29183931253269124,0.019472511582511842,0.21490090662661654,0.31612126018694164,23.084858039693145,3.8771271572464324e-05,411307.0,0.06099644810564075,0.587344398340249,0.8049792531120332,0.3568464730290456,0.18257261410788383,0.8962655601659751,0.8879668049792531,0.8174273858921162,0.30290456431535273,0.31950207468879666,YAP,cell
Int_Med_pRB_nuc,0.026878322,0.3689525,0.2582264626136358,0.2582264626136358,-0.10521608425907977,0.10521608425907977,0.1817212734363578,0.5328156091755432,0.10091351735624876,0.03486780483501484,0.1410447487199707,1070.305926024236,1.0072108968684962e-231,858808.0,3.3986955215440135e-208,0.5842323651452282,0.991701244813278,0.07468879668049788,0.8630705394190872,0.19917012448132776,0.23236514522821572,0.3319502074688797,0.946058091286307,0.995850622406639,pRB,nuc
Int_Med_cJun_cyto,0.0021635897,0.45367628,-0.1071843575033122,0.1071843575033122,0.5322853778810014,0.5322853778810014,0.3197348676921568,0.4197986033772439,0.026954906606960094,0.2512864597836044,0.37348765709709325,20.456182558133655,0.0001365225835492363,421554.0,0.2594980972766404,0.5810165975103734,0.2385892116182573,0.2551867219917012,0.5912863070539419,0.8775933609958506,0.607883817427386,0.8962655601659751,0.2634854771784232,0.4253112033195021,cJun,cyto
Int_Med_CDK2_ring,0.008563544,0.38352987,-0.1475608326528131,0.1475608326528131,0.14607232247990248,0.14607232247990248,0.1468165775663578,0.3569167544252002,0.024716170035469887,0.0727156345837594,0.12360913479883724,103.3611088422451,2.942262469681124e-22,539333.5,7.91289041937203e-14,0.5803941908713693,0.7240663900414938,0.09751037344398339,0.7199170124481328,0.3049792531120332,0.7655601659751037,0.24481327800829877,0.7157676348547718,0.9024896265560166,CDK2,ring
Int_Med_CDK2_cyto,0.008563544,0.38352987,-0.1475608326528131,0.1475608326528131,0.14607232247990248,0.14607232247990248,0.1468165775663578,0.3569167544252002,0.02491576548927288,0.07162846761953556,0.12228361032261657,103.3611088422451,2.942262469681124e-22,539333.5,7.91289041937203e-14,0.5797717842323652,0.7240663900414938,0.09751037344398339,0.7199170124481328,0.3049792531120332,0.7655601659751037,0.2406639004149378,0.7157676348547718,0.9024896265560166,CDK2,cyto
Int_Med_cJun_ring,0.0021635897,0.45367628,-0.1071843575033122,0.1071843575033122,0.5322853778810014,0.5322853778810014,0.3197348676921568,0.4197986033772439,0.02216238457882902,0.252347464877837,0.3705598330917502,20.456182558133655,0.0001365225835492363,421554.0,0.2594980972766404,0.5785269709543568,0.2385892116182573,0.2551867219917012,0.5912863070539419,0.8775933609958506,0.607883817427386,0.8796680497925311,0.2634854771784232,0.4253112033195021,cJun,ring
Int_MeanEdge_Bcl2_cell,0.0036452273,0.6785251,-0.10733214947020463,0.10733214947020463,0.5434497238926218,0.5434497238926218,0.3253909366814132,0.4393620729592158,0.015331136470103424,0.23672014616930337,0.3425998514047726,30.92639245451431,8.809300765532476e-07,367144.0,3.447594747621447e-07,0.5782157676348548,0.41493775933609955,0.6804979253112033,0.6016597510373445,0.9004149377593361,0.5228215767634854,0.8381742738589212,0.36514522821576767,0.06639004149377592,Bcl2,cell
Int_Med_p16_cell,0.0058932225,0.43629393,-0.04706970134742349,0.04706970134742349,0.6348584064549411,0.6348584064549411,0.3409640539011823,0.3229579707001766,0.015429291037813542,0.31482629013278274,0.4510867350563417,11.077249407808061,0.011315409101649248,400948.5,0.00854327910323515,0.5740663900414937,0.5892116182572614,0.20746887966804983,0.29460580912863066,0.970954356846473,0.8257261410788381,0.9543568464730291,0.12448132780082988,0.20746887966804983,p16,cell
Int_Med_pAKT_nuc,0.007315478,0.6269273,-0.14149436584683492,0.14149436584683492,-0.3067103090819222,0.3067103090819222,0.22410233746437858,0.45333393296940055,0.0744398515220972,0.09081359426891566,0.19438001477865446,22.639358025593044,4.801164498897944e-05,438645.5,0.90291958096141,0.571161825726141,0.6680497925311204,0.6348547717842323,0.7012448132780082,0.5933609958506224,0.46473029045643155,0.5850622406639003,0.29460580912863066,0.5643153526970954,pAKT,nuc
Int_Med_pRB_cell,0.0011773119,2.7463171,-0.05814899491813319,0.05814899491813319,0.5968887332424119,0.5968887332424119,0.32751886408027253,0.675988521893891,0.023177590600131026,0.26237138948026617,0.3854032925004906,84.75927125780804,2.922993745920685e-18,542260.5,1.4925434724782053e-14,0.5705394190871369,0.0954356846473029,0.991701244813278,0.34854771784232363,0.9543568464730291,0.03734439834024894,0.9045643153526971,0.6556016597510373,0.91701244813278,pRB,cell
Int_Med_CDK4_cell,0.0063810367,0.2737334,0.09828133808582998,0.09828133808582998,0.3662671360715524,0.3662671360715524,0.23227423707869121,0.3765297701098441,0.006676653684300149,0.1153222205449067,0.16617597127981107,60.34576742819875,4.958752431380072e-13,451736.0,0.28121886738546065,0.5703319502074689,0.6265560165975104,0.020746887966805017,0.5435684647302905,0.6846473029045643,0.7095435684647302,0.46473029045643155,0.5435684647302905,0.6473029045643153,CDK4,cell
Int_Med_pGSK3b_ring,0.01116385,0.42610836,-0.1159699814494251,0.1159699814494251,0.38540670785213826,0.38540670785213826,0.25068834465078166,0.37548692889757296,0.011489328286473643,0.12671517448814207,0.1864060712163676,51.27016366261929,4.2848297367110535e-11,357511.0,6.6178356067429404e-09,0.5689834024896265,0.8112033195020747,0.1680497925311203,0.6369294605809128,0.6991701244813278,0.7157676348547718,0.5643153526970954,0.504149377593361,0.047717842323651505,pGSK3b,ring
Int_Med_p16_ring,0.0051652617,0.4263637,-0.05991985797997554,0.05991985797997554,0.6086051083536399,0.6086051083536399,0.33426248316680773,0.3423774462884498,0.05344286372787366,0.3000765385787423,0.4655193659874189,10.822359337904345,0.012726269687292398,395535.0,0.002486100318802427,0.5687759336099585,0.529045643153527,0.17634854771784236,0.3630705394190872,0.9647302904564315,0.7904564315352697,0.966804979253112,0.1182572614107884,0.1431535269709544,p16,ring
Int_Med_pGSK3b_cyto,0.01116385,0.42610836,-0.1159699814494251,0.1159699814494251,0.38540670785213826,0.38540670785213826,0.25068834465078166,0.37548692889757296,0.011579073503811266,0.12661677476847633,0.1863519112092393,51.27016366261929,4.2848297367110535e-11,357511.0,6.6178356067429404e-09,0.5683609958506224,0.8112033195020747,0.1680497925311203,0.6369294605809128,0.6991701244813278,0.7157676348547718,0.5601659751037344,0.504149377593361,0.047717842323651505,pGSK3b,cyto
Int_Med_p16_cyto,0.0051652617,0.4263637,-0.05991985797997554,0.05991985797997554,0.6086051083536399,0.6086051083536399,0.33426248316680773,0.3423774462884498,0.05053129448588223,0.29937015975937165,0.46186575799469887,10.822359337904345,0.012726269687292398,395535.0,0.002486100318802427,0.5681535269709543,0.529045643153527,0.17634854771784236,0.3630705394190872,0.9647302904564315,0.7904564315352697,0.9626556016597511,0.1182572614107884,0.1431535269709544,p16,cyto
Int_Med_pp21_nuc,0.0018224826,1.4995072,0.4840634471442134,0.4840634471442134,0.062319881528181915,0.062319881528181915,0.2731916643361977,0.5976980932236139,0.18211961299892554,0.028764651304155286,0.2071348847841863,689.87700230536,3.2890192104794817e-149,505349.0,6.003529860178466e-07,0.5670124481327801,0.20331950207468885,0.9626556016597511,0.946058091286307,0.09128630705394192,0.13692946058091282,0.6556016597510373,0.9253112033195021,0.8423236514522822,pp21,nuc
Int_Med_Cdh1_nuc,0.017832275,0.5258631,-0.3670278266151216,0.3670278266151216,-0.01463099993529631,0.01463099993529631,0.19082941327520897,0.5082520411642502,0.27136258490461795,0.026590247011708534,0.286056529079316,692.5274940108591,8.756886612563628e-150,239868.0,6.186960692773929e-47,0.566804979253112,0.970954356846473,0.4522821576763485,0.9294605809128631,0.03319502074688796,0.2904564315352697,0.7925311203319502,0.9294605809128631,0.008298755186721962,Cdh1,nuc
Int_Med_pRB_ring,0.0005521056,1.4683553,-0.07797778424554547,0.07797778424554547,0.5659592859825964,0.5659592859825964,0.3219685351140709,0.6552948191640222,0.03611082575047764,0.24384292829299525,0.37156402067580124,58.653166681096245,1.1400823887324077e-12,514707.0,1.3719169277326344e-08,0.5631742738589213,0.014522821576763434,0.9522821576763485,0.4543568464730291,0.9315352697095436,0.07261410788381739,0.8879668049792531,0.533195020746888,0.8609958506224067,pRB,ring
Int_Med_pRB_cyto,0.0005521056,1.4683553,-0.07797778424554547,0.07797778424554547,0.5659592859825964,0.5659592859825964,0.3219685351140709,0.6552948191640222,0.03358157772306569,0.24548152389501787,0.3715158318551793,58.653166681096245,1.1400823887324077e-12,514707.0,1.3719169277326344e-08,0.5625518672199171,0.014522821576763434,0.9522821576763485,0.4543568464730291,0.9315352697095436,0.07261410788381739,0.8838174273858921,0.533195020746888,0.8609958506224067,pRB,cyto
Int_Med_CDK6_cell,0.0034764097,0.72285295,-0.024208970597518368,0.024208970597518368,0.447368955203412,0.447368955203412,0.2357889629004652,0.3976140108999196,0.003041873818331986,0.14509158014952295,0.20415298195815018,38.25517440803571,2.495842521923385e-08,524257.0,1.8690754869637628e-10,0.5622406639004149,0.4107883817427386,0.7344398340248963,0.17427385892116187,0.8091286307053942,0.6763485477178424,0.6431535269709543,0.41493775933609955,0.8879668049792531,CDK6,cell
Int_Med_pGSK3b_cell,0.009048377,0.44508594,-0.0889384021762424,0.0889384021762424,0.43331543377469334,0.43331543377469334,0.2611269179754679,0.357590713456331,0.0,0.16465562868067884,0.22851130653670398,32.18122501855605,4.792842174266541e-07,366575.0,2.766161163251893e-07,0.5605809128630704,0.7344398340248963,0.22821576763485474,0.4979253112033195,0.7634854771784232,0.7593360995850622,0.6970954356846473,0.36929460580912865,0.06224066390041494,pGSK3b,cell
Int_Med_Bcl2_cyto,0.005826879,0.50982934,-0.023220854545899543,0.023220854545899543,0.5776132852623591,0.5776132852623591,0.3004170699041293,0.30282122827080493,0.0,0.3070631107242461,0.42614633452282163,24.348893167284533,2.1121904371673283e-05,371663.0,1.8577436497306395e-06,0.5590248962655601,0.5663900414937759,0.4045643153526971,0.1639004149377593,0.9481327800829875,0.8568464730290457,0.9253112033195021,0.32157676348547715,0.07676348547717837,Bcl2,cyto
Int_Med_PCNA_ring,0.0030177366,0.63062596,-0.2745114406756147,0.2745114406756147,0.2864871642211285,0.2864871642211285,0.2804993024483716,0.4851231756725306,0.07739505170780703,0.09140969469628235,0.19792063710860566,191.51199851290974,2.877306877368227e-41,325119.0,3.1225700372129204e-16,0.558402489626556,0.36721991701244816,0.6452282157676348,0.8858921161825726,0.549792531120332,0.34232365145228216,0.6141078838174274,0.8402489626556017,0.022821576763485507,PCNA,ring
Int_Med_Bcl2_ring,0.005826879,0.50982934,-0.023220854545899543,0.023220854545899543,0.5776132852623591,0.5776132852623591,0.3004170699041293,0.30282122827080493,0.0,0.30687152646747684,0.4258804513023269,24.348893167284533,2.1121904371673283e-05,371663.0,1.8577436497306395e-06,0.5584024896265559,0.5663900414937759,0.4045643153526971,0.1639004149377593,0.9481327800829875,0.8568464730290457,0.9211618257261411,0.32157676348547715,0.07676348547717837,Bcl2,ring
Int_Med_pp53_nuc,0.002665842,0.47354156,0.3704153269125631,0.3704153269125631,-0.14066651563844956,0.14066651563844956,0.2555409212755063,0.46905980726526214,0.1090427774654783,0.029808660731928782,0.14148756025133574,324.6728103896178,4.541397799488798e-70,508117.0,2.0689988936966244e-07,0.5568464730290457,0.29875518672199175,0.2863070539419087,0.9336099585062241,0.2863070539419087,0.39419087136929465,0.3360995850622407,0.8838174273858921,0.8506224066390041,pp53,nuc
Int_Med_PCNA_cyto,0.0030177366,0.63062596,-0.2745114406756147,0.2745114406756147,0.2864871642211285,0.2864871642211285,0.2804993024483716,0.4851231756725306,0.07820794806845743,0.08835311286344982,0.19442504032094265,191.51199851290974,2.877306877368227e-41,325119.0,3.1225700372129204e-16,0.5552904564315353,0.36721991701244816,0.6452282157676348,0.8858921161825726,0.549792531120332,0.34232365145228216,0.5933609958506224,0.8402489626556017,0.022821576763485507,PCNA,cyto
Int_Med_Bcl2_cell,0.0058607417,0.55236804,-0.0168932715547858,0.0168932715547858,0.6023952090524627,0.6023952090524627,0.30964424030362425,0.30005770587960834,0.007971400182247734,0.3173973492777886,0.4478073498778498,20.07083535473245,0.00016410029311393645,376577.5,1.0370627540509748e-05,0.5549792531120331,0.5726141078838174,0.5311203319502075,0.0954356846473029,0.9585062240663901,0.8755186721991701,0.941908713692946,0.25311203319502074,0.10373443983402486,Bcl2,cell
Int_Med_p14ARF_ring,0.006826223,0.54867566,-0.10633435157098928,0.10633435157098928,-0.18278198359069853,0.18278198359069853,0.1445581675808439,0.3857887412541613,0.012779417196923326,0.09600851946610689,0.14497546824148005,49.54678796380644,9.977315232833959e-11,491334.0,7.249123347412764e-05,0.5482365145228214,0.6369294605809128,0.524896265560166,0.5829875518672198,0.3755186721991701,0.7033195020746887,0.3526970954356846,0.48340248962655596,0.7863070539419087,p14ARF,ring
Int_Med_p14ARF_cyto,0.006826223,0.54867566,-0.10633435157098928,0.10633435157098928,-0.18278198359069853,0.18278198359069853,0.1445581675808439,0.3857887412541613,0.012763786514506492,0.0957435536061757,0.1445933935757659,49.54678796380644,9.977315232833959e-11,491334.0,7.249123347412764e-05,0.5476141078838173,0.6369294605809128,0.524896265560166,0.5829875518672198,0.3755186721991701,0.7033195020746887,0.34854771784232363,0.48340248962655596,0.7863070539419087,p14ARF,cyto
Int_Med_AKT_nuc,0.021186927,0.4865,0.16672144984083065,0.16672144984083065,0.15270670735736727,0.15270670735736727,0.15971407859909897,0.4800343502838245,0.0793851481629444,0.04344346718838832,0.1331796850112852,128.4309630241147,1.1781173770221283e-27,443411.0,0.6384765161497148,0.5464730290456432,0.975103734439834,0.3278008298755186,0.7676348547717842,0.3112033195020747,0.36514522821576767,0.2904564315352697,0.7427385892116183,0.5975103734439834,AKT,nuc
Int_MeanEdge_DNA_cell,0.0033320284,1.7554345,-0.19907465870862515,0.19907465870862515,0.06598859196051393,0.06598859196051393,0.13253162533456952,0.31020388188162756,0.023171753098499615,0.07577047096651324,0.12643065641895362,60.796395906528566,3.9726868449457625e-13,441314.5,0.7513980351051162,0.5448132780082987,0.39834024896265563,0.975103734439834,0.8049792531120332,0.10373443983402486,0.8506224066390041,0.2614107883817427,0.5477178423236515,0.5809128630705394,DNA,cell
Int_Med_Cdh1_cell,0.0029070103,0.40440613,-0.07070545787489889,0.07070545787489889,0.3751664457331486,0.3751664457331486,0.22293595180402376,0.41163547714489596,0.054414651593386765,0.14001176456747721,0.24427156618073337,177.697228832498,2.7716675260895775e-38,413168.0,0.0822586706399112,0.5423236514522821,0.3360995850622407,0.12448132780082988,0.4024896265560166,0.6887966804979253,0.6348547717842323,0.7261410788381742,0.8174273858921162,0.3278008298755186,Cdh1,cell
Int_Med_YAP_ring,0.017683873,0.4509576,0.017320961051890734,0.017320961051890734,0.5217019408416138,0.5217019408416138,0.2695114509467523,0.3168101167044219,0.02392650483498926,0.17579624759725476,0.2659407636395936,19.252926667964875,0.00024237318670560428,397378.5,0.003849576066044379,0.5397302904564314,0.9647302904564315,0.2385892116182573,0.10165975103734437,0.8651452282157677,0.8402489626556017,0.7634854771784232,0.2385892116182573,0.1680497925311203,YAP,ring
Int_Med_YAP_cyto,0.017683873,0.4509576,0.017320961051890734,0.017320961051890734,0.5217019408416138,0.5217019408416138,0.2695114509467523,0.3168101167044219,0.02424050574563985,0.17551628453260015,0.2658405301381104,19.252926667964875,0.00024237318670560428,397378.5,0.003849576066044379,0.5391078838174272,0.9647302904564315,0.2385892116182573,0.10165975103734437,0.8651452282157677,0.8402489626556017,0.7593360995850622,0.2385892116182573,0.1680497925311203,YAP,cyto
Int_Med_p27_nuc,0.016722526,0.5528197,-0.49477946900436137,0.49477946900436137,-0.009985173557482461,0.009985173557482461,0.2523823212809219,0.5788589095638894,0.20380672899976116,0.02696057167738175,0.22454339744969132,1052.9889811568798,5.753231079726978e-228,244863.0,1.126957296498682e-44,0.5365145228215767,0.9336099585062241,0.5394190871369295,0.950207468879668,0.012448132780082943,0.17012448132780078,0.6887966804979253,0.941908713692946,0.012448132780082943,p27,nuc
Int_Med_CDK4_nuc,0.0079085305,1.2959095,0.163320444142171,0.163320444142171,-0.06286018800276008,0.06286018800276008,0.11309031607246554,0.34552233809007105,0.06832296634362933,0.05383304850520787,0.13744163537723023,208.5908111204817,5.87132061281668e-45,303325.0,1.7451203528282082e-22,0.5340248962655602,0.6970954356846473,0.9336099585062241,0.7551867219917012,0.0954356846473029,0.7800829875518672,0.32365145228215764,0.8506224066390041,0.016597510373444035,CDK4,nuc
Int_Med_GSK3b_nuc,0.0063704606,0.5547895,0.31112700357368656,0.31112700357368656,0.0115740183015008,0.0115740183015008,0.16135051093759367,0.4407813384940144,0.08425520786977891,0.03736248142152121,0.12921190398418606,225.255081737282,1.4678212982997178e-48,436907.5,0.996156088639391,0.5338174273858922,0.6141078838174274,0.5435684647302905,0.9087136929460581,0.020746887966805017,0.5186721991701244,0.27385892116182575,0.8672199170124482,0.5477178423236515,GSK3b,nuc
Int_Med_PCNA_cell,0.0013938992,0.9810785,-0.25491389892986577,0.25491389892986577,0.3262867289038243,0.3262867289038243,0.29060031391684504,0.5337453413723157,0.06861729629801161,0.09667979415374894,0.19717516993353992,163.4498609510627,3.300495046372964e-35,334263.0,6.379024685070011e-14,0.533402489626556,0.12863070539419086,0.8755186721991701,0.8589211618257262,0.6473029045643153,0.22821576763485474,0.6099585062240664,0.7925311203319502,0.02904564315352698,PCNA,cell
Int_Med_GSK3b_cell,0.009597353,0.5596635,0.002208635052129933,0.002208635052129933,0.5008799719510996,0.5008799719510996,0.2515443035016148,0.30236303101315853,0.012282978559667868,0.19905620735203033,0.2875306319968431,18.912736246556094,0.0002849954481479064,406926.0,0.02828331697602938,0.53298755186722,0.7676348547717842,0.5560165975103735,0.008298755186721962,0.8506224066390041,0.8630705394190872,0.7966804979253113,0.22821576763485474,0.27385892116182575,GSK3b,cell
Int_Med_pCHK1_ring,0.0034302005,0.6410546,0.01866619100179283,0.01866619100179283,0.5378267198930751,0.5378267198930751,0.2782464554474339,0.31956668368016644,0.0183305806002938,0.21071002382921655,0.30925662125068504,14.915879662240776,0.0018899650384547782,417619.5,0.15766316642525324,0.5310165975103734,0.4045643153526971,0.6576763485477178,0.10995850622406644,0.8858921161825726,0.8319502074688796,0.8132780082987552,0.17219917012448138,0.38796680497925307,pCHK1,ring
Int_Med_pCHK1_cyto,0.0034302005,0.6410546,0.01866619100179283,0.01866619100179283,0.5378267198930751,0.5378267198930751,0.2782464554474339,0.31956668368016644,0.013662079754540812,0.2128611440985484,0.3079555450842697,14.915879662240776,0.0018899650384547782,417619.5,0.15766316642525324,0.5297717842323652,0.4045643153526971,0.6576763485477178,0.10995850622406644,0.8858921161825726,0.8319502074688796,0.8049792531120332,0.17219917012448138,0.38796680497925307,pCHK1,cyto
Int_MeanEdge_PCNA_cell,0.005313182,1.3354892,-0.25977044219430495,0.25977044219430495,0.19682274083541926,0.19682274083541926,0.2282965915148621,0.448869422895329,0.03492316236111748,0.06833710439954555,0.12690420178379816,101.25574452416181,8.345870194445408e-22,391533.5,0.0009103074356656801,0.5290456431535269,0.5352697095435685,0.941908713692946,0.8672199170124482,0.4024896265560166,0.4813278008298755,0.2655601659751037,0.6970954356846473,0.12863070539419086,PCNA,cell
Int_Med_pCHK1_nuc,0.006997042,0.4979609,0.32934887790097084,0.32934887790097084,0.035962968838917,0.035962968838917,0.1826559233699439,0.4822701314453798,0.10229940119948555,0.016787568157480948,0.11722521480838671,261.3109087351706,2.340068208012159e-56,488010.0,0.00019506256695112336,0.5265560165975104,0.6473029045643153,0.3609958506224067,0.9211618257261411,0.06639004149377592,0.3526970954356846,0.20746887966804983,0.8796680497925311,0.7759336099585062,pCHK1,nuc
Int_MeanEdge_Cdh1_cell,0.004887204,0.5021231,-0.1571476446738223,0.1571476446738223,0.31864321604396567,0.31864321604396567,0.237895430358894,0.45983483962843563,0.03373497740301623,0.08464753503273226,0.1484490941258406,59.897815570403836,6.181264583647179e-13,417882.5,0.16345669750696923,0.5259336099585062,0.5103734439834025,0.36929460580912865,0.7385892116182573,0.6224066390041494,0.4315352697095436,0.3817427385892116,0.5394190871369295,0.39419087136929465,Cdh1,cell
Int_Med_CDK4_ring,0.009219067,0.23941828,0.08634106449394835,0.08634106449394835,0.32451588900244804,0.32451588900244804,0.2054284767481982,0.4300984093072831,0.023685562265906235,0.0962775619288383,0.15536243331456961,44.266753346369605,1.3245662489211368e-09,447548.5,0.4401630864414948,0.5247925311203319,0.7489626556016598,0.0020746887966804906,0.48340248962655596,0.6369294605809128,0.5746887966804979,0.41493775933609955,0.46680497925311204,0.6244813278008299,CDK4,ring
Int_Med_pAKT_cell,0.012742515,0.43864095,-0.24059667631057924,0.24059667631057924,-0.2089454899961356,0.2089454899961356,0.22477108315335742,0.4523961493485991,0.08375979443501613,0.03212943761923093,0.12149454636399627,73.99125359135859,5.960581237560492e-16,410204.5,0.050701698293317,0.5240663900414938,0.8589211618257262,0.2116182572614108,0.8423236514522822,0.41493775933609955,0.46887966804979253,0.23236514522821572,0.6141078838174274,0.30290456431535273,pAKT,cell
Int_Med_CDK4_cyto,0.009219067,0.23941828,0.08634106449394835,0.08634106449394835,0.32451588900244804,0.32451588900244804,0.2054284767481982,0.4300984093072831,0.020976556184341355,0.0949266708907377,0.15100034791219635,44.266753346369605,1.3245662489211368e-09,447548.5,0.4401630864414948,0.5229253112033194,0.7489626556016598,0.0020746887966804906,0.48340248962655596,0.6369294605809128,0.5746887966804979,0.4024896265560166,0.46680497925311204,0.6244813278008299,CDK4,cyto
Int_MeanEdge_RB_cell,0.005328276,1.1375288,-0.15739859654985608,0.15739859654985608,0.21303468396369304,0.21303468396369304,0.18521664025677456,0.5528960640044936,0.027730636999166336,0.10799977202582323,0.17534470002515076,41.121335217017204,6.1629647415047805e-09,438543.0,0.9088477880460535,0.5221991701244814,0.5394190871369295,0.9211618257261411,0.7427385892116183,0.43568464730290457,0.20331950207468885,0.5186721991701244,0.43983402489626555,0.5601659751037344,RB,cell
Int_Med_Cdt1_cyto,0.0054659117,0.51804924,-0.03169742840929819,0.03169742840929819,-0.08056062131194686,0.08056062131194686,0.056129024860622524,0.27639956491898504,0.006925769400607962,0.15173053998839592,0.216932657046701,75.83941837957411,2.394332250417531e-16,494162.5,2.980426273114471e-05,0.5218879668049793,0.545643153526971,0.4253112033195021,0.22614107883817425,0.14730290456431538,0.9024896265560166,0.6763485477178424,0.6203319502074689,0.7987551867219918,Cdt1,cyto
Int_MeanEdge_pH2AX_cell,0.0049003456,0.75838226,-0.14883763862002602,0.14883763862002602,0.2574629742929456,0.2574629742929456,0.20315030645648582,0.4165874133239451,0.022313756481471714,0.07029627646640435,0.1180457172884103,32.93006695760051,3.331941646085626e-07,428045.0,0.5145740028043354,0.5207468879668049,0.5145228215767634,0.7676348547717842,0.7261410788381742,0.5020746887966805,0.6265560165975104,0.2116182572614108,0.3775933609958506,0.46887966804979253,pH2AX,cell
Int_MeanEdge_GSK3b_cell,0.0032325017,0.6753238,-0.14003489423084062,0.14003489423084062,0.4066189132472383,0.4066189132472383,0.27332690373903945,0.47235455915421415,0.02851839011926849,0.12260393241705891,0.19633583443884586,23.40339653935142,3.3272709827785007e-05,401668.5,0.009964071273531432,0.5203319502074689,0.3775933609958506,0.6763485477178424,0.6929460580912863,0.7219917012448133,0.3858921161825726,0.6058091286307055,0.3112033195020747,0.21991701244813278,GSK3b,cell
Int_Med_Cdt1_ring,0.0054659117,0.51804924,-0.03169742840929819,0.03169742840929819,-0.08056062131194686,0.08056062131194686,0.056129024860622524,0.27639956491898504,0.004416020946219845,0.1503698544349792,0.2127399290328039,75.83941837957411,2.394332250417531e-16,494162.5,2.980426273114471e-05,0.5200207468879668,0.545643153526971,0.4253112033195021,0.22614107883817425,0.14730290456431538,0.9024896265560166,0.6639004149377593,0.6203319502074689,0.7987551867219918,Cdt1,ring
Int_Med_Fra1_cell,0.0008619117,1.9834541,-0.11327101455998687,0.11327101455998687,0.3261243070545549,0.3261243070545549,0.21969766080727088,0.5906221476342434,0.03175108648549596,0.10568169225916968,0.17581905281869115,129.29898190401605,7.6584547445312185e-28,456181.0,0.16066983684045566,0.5188796680497926,0.0456431535269709,0.979253112033195,0.6307053941908713,0.6431535269709543,0.1410788381742739,0.5228215767634854,0.7551867219917012,0.6763485477178424,Fra1,cell
Int_Med_p14ARF_cell,0.008321489,0.54559237,-0.07950769083552546,0.07950769083552546,-0.16212003719088033,0.16212003719088033,0.1208138640132029,0.3709551466197678,0.007695889758671193,0.08543510814704636,0.12563405443948536,43.49348257905968,1.9334105988310193e-09,504444.0,8.439593689247862e-07,0.5163900414937759,0.7095435684647302,0.5145228215767634,0.46887966804979253,0.32365145228215764,0.7261410788381742,0.2572614107883817,0.46058091286307057,0.8381742738589212,p14ARF,cell
Int_MeanEdge_pCHK1_cell,0.0011836957,1.0508536,-0.1702349070120387,0.1702349070120387,0.41663977222583587,0.41663977222583587,0.29343733961893725,0.5226235593993944,0.008181838983458256,0.12828317575139092,0.18554536074075326,44.78275196313434,1.0290500091205839e-09,405908.5,0.0233550224166927,0.5153526970954356,0.09958506224066388,0.9045643153526971,0.7717842323651453,0.7385892116182573,0.24896265560165975,0.5560165975103735,0.4771784232365145,0.2655601659751037,pCHK1,cell
Int_Med_pp38_nuc,0.004701226,0.40446898,0.20999956954906698,0.20999956954906698,-0.1381854862521336,0.1381854862521336,0.17409252790060029,0.4496201344854502,0.03463587745633134,0.05464455172142468,0.10763771868499403,138.23364238641565,9.0845041375075e-30,494590.5,2.6031677327016335e-05,0.5145228215767635,0.48962655601659755,0.12863070539419086,0.8174273858921162,0.27800829875518673,0.4730290456431535,0.17427385892116187,0.7634854771784232,0.8049792531120332,pp38,nuc
Int_Med_pAKT_ring,0.012575388,0.42811438,-0.24997320120585825,0.24997320120585825,-0.21767082646282646,0.21767082646282646,0.23382201383434237,0.45786480248889033,0.07044157377344185,0.02966755334285498,0.10584965487205275,90.13797221253438,2.0460788202502838e-19,403134.5,0.01350870048073544,0.512759336099585,0.8526970954356846,0.1887966804979253,0.8485477178423236,0.450207468879668,0.43775933609958506,0.16182572614107882,0.6742738589211619,0.23443983402489632,pAKT,ring
Int_Med_CDK6_cyto,0.0029507794,0.6619023,-0.0484252437261092,0.0484252437261092,0.3953945507401194,0.3953945507401194,0.2219098972331143,0.4282239821256987,0.01670449940611274,0.09765445910197723,0.15086357832612182,41.38691655274356,5.413199877411765e-09,520662.5,9.991893095542015e-10,0.512759336099585,0.34232365145228216,0.6701244813278009,0.30082987551867224,0.7116182572614108,0.5829875518672198,0.39419087136929465,0.446058091286307,0.8692946058091287,CDK6,cyto
Int_Med_pAKT_cyto,0.012575388,0.42811438,-0.24997320120585825,0.24997320120585825,-0.21767082646282646,0.21767082646282646,0.23382201383434237,0.45786480248889033,0.07036487493246657,0.029361330580345957,0.10535425298931173,90.13797221253438,2.0460788202502838e-19,403134.5,0.01350870048073544,0.5121369294605809,0.8526970954356846,0.1887966804979253,0.8485477178423236,0.450207468879668,0.43775933609958506,0.15767634854771784,0.6742738589211619,0.23443983402489632,pAKT,cyto
Int_Med_CDK6_ring,0.0029507794,0.6619023,-0.0484252437261092,0.0484252437261092,0.3953945507401194,0.3953945507401194,0.2219098972331143,0.4282239821256987,0.01678771077086605,0.0961086997637306,0.148794753960629,41.38691655274356,5.413199877411765e-09,520662.5,9.991893095542015e-10,0.5115145228215767,0.34232365145228216,0.6701244813278009,0.30082987551867224,0.7116182572614108,0.5829875518672198,0.3858921161825726,0.446058091286307,0.8692946058091287,CDK6,ring
Int_Med_cFos_cell,0.003304616,0.5462141,0.11223505652981729,0.11223505652981729,-0.07664884994589559,0.07664884994589559,0.09444195323785644,0.4214594646203088,0.02353872301046689,0.10636229816866738,0.1692233446411708,77.349344926003,1.1362691546844917e-16,479347.0,0.00198159106269756,0.5112033195020746,0.39419087136929465,0.5186721991701244,0.6224066390041494,0.1410788381742739,0.5933609958506224,0.4813278008298755,0.6307053941908713,0.7593360995850622,cFos,cell
Int_Med_RB_cell,0.0016238986,1.4993398,-0.06324483684459589,0.06324483684459589,0.652598873444066,0.652598873444066,0.35792185514433095,0.5758096775261706,0.006548501834200415,0.32544990264069273,0.4576763441460593,11.240296211681441,0.010494997895398034,416597.0,0.13679713423108975,0.5103734439834025,0.18672199170124482,0.9585062240663901,0.3817427385892116,0.983402489626556,0.17842323651452285,0.9585062240663901,0.12863070539419086,0.36514522821576767,RB,cell
Int_MeanEdge_p27_cell,0.00118899,1.0325358,-0.17931421544369522,0.17931421544369522,0.1404612771426103,0.1404612771426103,0.15988774629315278,0.43133492927555195,0.028077519877554913,0.08665870689623478,0.1460457753732547,87.0421400648041,9.456936754895057e-19,430168.5,0.6193807888758959,0.5091286307053943,0.11203319502074693,0.892116182572614,0.7800829875518672,0.2821576763485477,0.5684647302904564,0.36514522821576767,0.6597510373443983,0.48962655601659755,p27,cell
Int_Med_pGSK3b_nuc,0.010136929,0.5735282,0.17471514653448733,0.17471514653448733,0.05195849940647491,0.05195849940647491,0.11333682297048112,0.535604354428777,0.10038988922515113,0.04677250473235617,0.15708547779412513,125.89920987519412,4.137088906782772e-27,444202.5,0.5977735252144578,0.5076763485477178,0.7925311203319502,0.5933609958506224,0.7759336099585062,0.07883817427385897,0.22406639004149376,0.4273858921161826,0.7385892116182573,0.6016597510373445,pGSK3b,nuc
Int_MeanEdge_pp38_cell,0.0065612365,0.63283837,-0.15027399494425017,0.15027399494425017,0.23150761893038324,0.23150761893038324,0.1908908069373167,0.4459152490998181,0.02336184337664804,0.06585102184330349,0.11283884413806224,36.347415641215285,6.323043017228387e-08,436037.0,0.9454995206384695,0.5056016597510374,0.6307053941908713,0.6514522821576764,0.7302904564315353,0.46058091286307057,0.4979253112033195,0.17842323651452285,0.4024896265560166,0.5311203319502075,pp38,cell
Int_Med_YAP_nuc,0.016110195,0.36916354,0.13119370681931283,0.13119370681931283,-0.3091954180440403,0.3091954180440403,0.22019456243167657,0.6570655630587791,0.05533443143512429,0.06005950650695269,0.13415724692285824,50.33566788655781,6.776586691086988e-11,492017.0,5.874267640186676e-05,0.5051867219917012,0.9253112033195021,0.07883817427385897,0.6804979253112033,0.5975103734439834,0.06639004149377592,0.29875518672199175,0.48962655601659755,0.7925311203319502,YAP,nuc
Int_Med_p38_nuc,0.004142753,0.5020445,0.20726432061059424,0.20726432061059424,0.041842874474202124,0.041842874474202124,0.12455359754239818,0.4203612289798654,0.07154094580481196,0.05010515306575858,0.13522263118644565,140.9779948175166,2.325849309667712e-30,438189.0,0.9293584553414401,0.5016597510373444,0.43568464730290457,0.36514522821576767,0.8091286307053942,0.0705394190871369,0.5975103734439834,0.30290456431535273,0.7676348547717842,0.5560165975103735,p38,nuc
Int_Med_STAT3_cell,0.002181344,0.6166126,-0.056873499520277905,0.056873499520277905,0.45943985495398754,0.45943985495398754,0.2581566772371327,0.4122029317531909,0.0,0.16919243821995078,0.23480755212292523,24.894305241227038,1.624646119490745e-05,379010.5,2.326019366135705e-05,0.4943983402489626,0.24481327800829877,0.6265560165975104,0.34439834024896265,0.8340248962655602,0.6307053941908713,0.7095435684647302,0.3278008298755186,0.10788381742738584,STAT3,cell
Int_Med_cFos_ring,0.0026805112,0.5148251,0.10522462487500346,0.10522462487500346,-0.13149356669292248,0.13149356669292248,0.11835909578396298,0.43666533773367044,0.04138263899634431,0.0924556320926122,0.1663070524113407,64.95614980689702,5.1255382800319267e-14,478899.0,0.002211315623060089,0.4897302904564315,0.3049792531120332,0.41286307053941906,0.5705394190871369,0.2676348547717843,0.533195020746888,0.46887966804979253,0.5871369294605809,0.7531120331950207,cFos,ring
Int_Med_pp21_cell,0.0042251567,0.4235337,0.0350453150133394,0.0350453150133394,0.4236948322616099,0.4236948322616099,0.22937007363747466,0.4391995604745955,0.010889092710590909,0.15622086463806362,0.22680335453336067,50.70978842296663,5.640525575551013e-11,419613.0,0.20327496381480448,0.48962655601659755,0.4564315352697096,0.16182572614107882,0.24896265560165975,0.7510373443983402,0.5269709543568465,0.6929460580912863,0.49377593360995853,0.4107883817427386,pp21,cell
Int_Med_STAT3_ring,0.002901611,0.5752035,-0.07173629666069929,0.07173629666069929,0.4383500191600625,0.4383500191600625,0.2550431579103809,0.4336203149961279,0.0,0.14734072270148868,0.20448144603592402,33.429637652446516,2.613998108640767e-07,373801.5,4.001559393483988e-06,0.4893153526970954,0.3257261410788381,0.5995850622406639,0.41701244813278004,0.7738589211618258,0.549792531120332,0.6473029045643153,0.3838174273858921,0.09336099585062241,STAT3,ring
Int_Med_pH2AX_cyto,0.0073747844,0.5061399,0.02813812094666046,0.02813812094666046,0.29388984514414335,0.29388984514414335,0.1610139830454019,0.265198158362837,0.0,0.12622888691971124,0.17518215504576795,8.969785134348308,0.029695318716374118,433147.0,0.7799673738659844,0.4878630705394191,0.6784232365145229,0.38796680497925307,0.20124481327800825,0.5746887966804979,0.9232365145228216,0.5145228215767634,0.08091286307053946,0.504149377593361,pH2AX,cyto
Int_Med_cFos_cyto,0.0026805112,0.5148251,0.10522462487500346,0.10522462487500346,-0.13149356669292248,0.13149356669292248,0.11835909578396298,0.43666533773367044,0.04125576332114633,0.09190430728315935,0.16542542424209103,64.95614980689702,5.1255382800319267e-14,478899.0,0.002211315623060089,0.4878630705394191,0.3049792531120332,0.41286307053941906,0.5705394190871369,0.2676348547717843,0.533195020746888,0.4564315352697096,0.5871369294605809,0.7531120331950207,cFos,cyto
Int_Med_STAT3_cyto,0.002901611,0.5752035,-0.07173629666069929,0.07173629666069929,0.4383500191600625,0.4383500191600625,0.2550431579103809,0.4336203149961279,0.0,0.14683609730690428,0.20378112009412638,33.429637652446516,2.613998108640767e-07,373801.5,4.001559393483988e-06,0.487448132780083,0.3257261410788381,0.5995850622406639,0.41701244813278004,0.7738589211618258,0.549792531120332,0.6348547717842323,0.3838174273858921,0.09336099585062241,STAT3,cyto
Int_Med_Cdt1_cell,0.0029060226,0.66152984,-0.021134028369449515,0.021134028369449515,-0.013142311057984989,0.013142311057984989,0.017138169713717254,0.2966567398876564,0.014667092709148122,0.15996966573483373,0.2354747991926203,89.498717810558,2.8068714348843202e-19,498708.0,6.585158932106332e-06,0.48734439834024895,0.3319502074688797,0.6639004149377593,0.1410788381742739,0.02904564315352698,0.8796680497925311,0.7136929460580913,0.6680497925311204,0.8257261410788381,Cdt1,cell
Int_Med_cJun_cell,0.0004944567,2.0272307,-0.07105082382683355,0.07105082382683355,0.5383854659502978,0.5383854659502978,0.3047181448885657,0.6422124670686566,0.025865357633548136,0.23151954976689115,0.34505449215746403,23.624659962617248,2.9917813737621904e-05,431702.0,0.7000072529210268,0.48651452282157676,0.004149377593360981,0.9875518672199171,0.4107883817427386,0.892116182572614,0.08713692946058094,0.8423236514522822,0.3153526970954357,0.4979253112033195,cJun,cell
Int_Med_p16_nuc,0.013392003,0.47530335,0.3242281444594991,0.3242281444594991,0.006553198421722542,0.006553198421722542,0.16539067144061081,0.5398280509049105,0.06747440643742841,0.015665972967929598,0.08369373856087531,200.21962550572118,3.781875174798212e-43,459507.5,0.10001348757600434,0.4856846473029046,0.8755186721991701,0.29875518672199175,0.91701244813278,0.004149377593360981,0.2157676348547718,0.08298755186721996,0.8464730290456431,0.6970954356846473,p16,nuc
Int_Med_pH2AX_ring,0.0073747844,0.5061399,0.02813812094666046,0.02813812094666046,0.29388984514414335,0.29388984514414335,0.1610139830454019,0.265198158362837,0.0,0.12339052502073145,0.17124303804650814,8.969785134348308,0.029695318716374118,433147.0,0.7799673738659844,0.4853734439834025,0.6784232365145229,0.38796680497925307,0.20124481327800825,0.5746887966804979,0.9232365145228216,0.4979253112033195,0.08091286307053946,0.504149377593361,pH2AX,ring
Int_Med_RB_cyto,0.0011878404,0.7119193,-0.07580263457210897,0.07580263457210897,0.6467889805585005,0.6467889805585005,0.36129580756530477,0.5893807899137788,0.012565504212210143,0.32962652459467634,0.4689972864174087,10.807699930869555,0.012812485567131283,404283.0,0.016979565602808753,0.48412863070539425,0.10580912863070535,0.7199170124481328,0.4336099585062241,0.9771784232365145,0.14730290456431538,0.979253112033195,0.10995850622406644,0.24273858921161828,RB,cyto
Int_Med_GSK3b_cyto,0.0047890595,0.52126086,-0.02171518649091654,0.02171518649091654,0.4578549172982377,0.4578549172982377,0.2397850518945771,0.35905419700520247,0.012719499718096827,0.1718961186149084,0.25023829001575537,14.421987273589108,0.0023835600006588326,399360.0,0.006039540711357394,0.48392116182572614,0.495850622406639,0.446058091286307,0.14730290456431538,0.8278008298755186,0.7531120331950207,0.7344398340248963,0.15145228215767637,0.20124481327800825,GSK3b,cyto
Int_Med_GSK3b_ring,0.0047890595,0.52126086,-0.02171518649091654,0.02171518649091654,0.4578549172982377,0.4578549172982377,0.2397850518945771,0.35905419700520247,0.011822808388777695,0.17199566116038767,0.2495531305466143,14.421987273589108,0.0023835600006588326,399360.0,0.006039540711357394,0.483298755186722,0.495850622406639,0.446058091286307,0.14730290456431538,0.8278008298755186,0.7531120331950207,0.7302904564315353,0.15145228215767637,0.20124481327800825,GSK3b,ring
Int_Med_RB_ring,0.0011878404,0.7119193,-0.07580263457210897,0.07580263457210897,0.6467889805585005,0.6467889805585005,0.36129580756530477,0.5893807899137788,0.014207926865067222,0.32650368888491776,0.46617137932385844,10.807699930869555,0.012812485567131283,404283.0,0.016979565602808753,0.48288381742738595,0.10580912863070535,0.7199170124481328,0.4336099585062241,0.9771784232365145,0.14730290456431538,0.970954356846473,0.10995850622406644,0.24273858921161828,RB,ring
Int_Med_S6_nuc,0.007297246,0.5287969,0.07103784385741135,0.07103784385741135,-0.24300621797343439,0.24300621797343439,0.15702203091542288,0.39732013650432063,0.020532700640533363,0.09173443659522551,0.1461625916881609,10.194803700601243,0.016980785622564082,473675.0,0.007385513667570635,0.4821576763485478,0.6597510373443983,0.4730290456431535,0.4066390041493776,0.4771784232365145,0.6804979253112033,0.36929460580912865,0.0954356846473029,0.7261410788381742,S6,nuc
Int_MeanEdge_p14ARF_cell,0.005914233,0.5524163,-0.12968895943101802,0.12968895943101802,-0.1745075563021102,0.1745075563021102,0.1520982578665641,0.5308490859821107,0.017564070843902435,0.10075436961735029,0.1559548999952168,34.12339865508407,1.8658385146414305e-07,465519.5,0.037193808471458735,0.48215767634854767,0.5933609958506224,0.5352697095435685,0.6763485477178424,0.3526970954356846,0.2365145228215768,0.41908713692946054,0.39004149377593356,0.7053941908713692,p14ARF,cell
Int_Med_pRSK_nuc,0.00836018,0.8551266,0.118745420387973,0.118745420387973,0.2923442255492358,0.2923442255492358,0.20554482296860438,0.6653245609685949,0.02452232572184787,0.11063042009409418,0.17604980642475387,54.025192839594254,1.1082640253663796e-11,395995.0,0.0027787453343141597,0.4804979253112033,0.7136929460580913,0.8423236514522822,0.6473029045643153,0.5684647302904564,0.0456431535269709,0.5269709543568465,0.5145228215767634,0.14937759336099588,pRSK,nuc
Int_MeanEdge_Cdt1_cell,0.004623093,0.7183074,-0.16461699705960914,0.16461699705960914,-0.031552831727271996,0.031552831727271996,0.09808491439344057,0.4946266717111025,0.012185916899952076,0.0893938504015157,0.1352506129950686,99.04447941989544,2.4942503952451635e-21,473738.0,0.007284807445277947,0.4802904564315353,0.48547717842323657,0.7261410788381742,0.7593360995850622,0.05809128630705396,0.3153526970954357,0.3070539419087137,0.6846473029045643,0.7302904564315353,Cdt1,cell
Int_MeanEdge_pp53_cell,0.011557185,0.94203866,-0.11851613260173162,0.11851613260173162,0.23492443811232191,0.23492443811232191,0.17672028535702677,0.5870057571571478,0.008353788188872002,0.08225706343545625,0.12182757695376377,27.40696417207665,4.837062906753793e-06,445357.0,0.5406190922799589,0.47904564315352693,0.8257261410788381,0.8630705394190872,0.6431535269709543,0.4730290456431535,0.15767634854771784,0.2365145228215768,0.3360995850622407,0.6099585062240664,pp53,cell
Int_Med_bCat_nuc,0.00442289,0.47804376,0.18944362607729187,0.18944362607729187,-0.11172591031503763,0.11172591031503763,0.15058476819616476,0.5065866815992917,0.05600635184944469,0.049632731111111106,0.1203037574612609,115.7473243709965,6.356060786624407e-25,462524.5,0.0621771388957017,0.47821576763485485,0.46887966804979253,0.3153526970954357,0.7966804979253113,0.22406639004149376,0.30290456431535273,0.22406639004149376,0.7344398340248963,0.7012448132780082,bCat,nuc
Int_Med_DNA_ring,0.0023605567,0.5344568,-0.04945690942483249,0.04945690942483249,0.42552990135691937,0.42552990135691937,0.23749340539087593,0.46131719818605305,0.03191650658797851,0.13898647798702868,0.22219176660520595,28.711555398947137,2.5747696137559287e-06,429758.0,0.5978474718781857,0.47811203319502066,0.27178423236514526,0.479253112033195,0.31742738589211617,0.7572614107883817,0.4253112033195021,0.6846473029045643,0.3506224066390041,0.48340248962655596,DNA,ring
Int_Med_DNA_cyto,0.0023605567,0.5344568,-0.04945690942483249,0.04945690942483249,0.42552990135691937,0.42552990135691937,0.23749340539087593,0.46131719818605305,0.026873879896349706,0.14081016570376992,0.22009276779436124,28.711555398947137,2.5747696137559287e-06,429758.0,0.5978474718781857,0.4774896265560165,0.27178423236514526,0.479253112033195,0.31742738589211617,0.7572614107883817,0.4253112033195021,0.6804979253112033,0.3506224066390041,0.48340248962655596,DNA,cyto
Int_Med_p21_cell,0.0024339939,0.62887615,-0.037143232133353896,0.037143232133353896,0.3133960587283196,0.3133960587283196,0.17526964543083676,0.41082931133846023,0.00862225075347034,0.13244459464602887,0.19172500251364807,70.05877000644026,4.146428001288852e-15,409776.5,0.047097399956096596,0.4771784232365145,0.27800829875518673,0.6390041493775933,0.2614107883817427,0.6099585062240664,0.6473029045643153,0.5767634854771784,0.6058091286307055,0.29460580912863066,p21,cell
Int_Med_p53_nuc,0.009108955,0.7514269,0.29796223528395205,0.29796223528395205,0.11801896597008968,0.11801896597008968,0.20799060062702085,0.6298628840303043,0.07001536652264129,0.021830574182735596,0.09458206291244081,214.4856438325282,3.123807322798165e-46,407981.5,0.03432232330627466,0.4761410788381743,0.7427385892116183,0.7634854771784232,0.9045643153526971,0.2365145228215768,0.11203319502074693,0.11203319502074693,0.8589211618257262,0.27800829875518673,p53,nuc
Int_Med_pp38_cell,0.002262856,0.61130553,0.04607951551245458,0.04607951551245458,0.2543449079115741,0.2543449079115741,0.15021221171201435,0.29589117923369873,0.019522088885840283,0.10446543945510278,0.16290294637858357,17.309005658714884,0.0006104941804843479,455488.0,0.1765439831118364,0.4748962655601659,0.2614107883817427,0.6182572614107884,0.2821576763485477,0.48962655601659755,0.8838174273858921,0.4522821576763485,0.2116182572614108,0.6639004149377593,pp38,cell
Int_Med_Bcl2_nuc,0.0041758595,0.73070884,0.06187786949951481,0.06187786949951481,0.3204183836902334,0.3204183836902334,0.1911481265948741,0.4724094720377879,0.0649089227725339,0.08177586804552561,0.1730864202706899,101.40016689280726,7.769879271368818e-22,398870.0,0.005412844525578651,0.47302904564315357,0.44398340248962653,0.7427385892116183,0.3775933609958506,0.6265560165975104,0.3817427385892116,0.5062240663900415,0.7012448132780082,0.18672199170124482,Bcl2,nuc
Int_Med_pp65_cell,0.0025820748,0.5991915,0.051860092169872266,0.051860092169872266,0.2088794272389253,0.2088794272389253,0.1303697597043988,0.4788755907286473,0.015194817583403797,0.13020400413763866,0.19465014757449545,77.26947836560139,1.1819668078670994e-16,478431.5,0.002475617950564003,0.4703319502074689,0.29460580912863066,0.6141078838174274,0.3278008298755186,0.4107883817427386,0.37344398340248963,0.5975103734439834,0.6265560165975104,0.7468879668049793,pp65,cell
Int_Med_Cdh1_cyto,0.0022131135,0.3412365,-0.0944384466312921,0.0944384466312921,0.31203037446351306,0.31203037446351306,0.20323441054740257,0.4486806108436615,0.0487277064801761,0.0809614399581351,0.15709920315751588,142.92183497727527,8.85961061247955e-31,409759.5,0.046972012958111126,0.46794605809128637,0.25103734439834025,0.06431535269709543,0.524896265560166,0.603734439834025,0.48755186721991706,0.4315352697095436,0.7738589211618258,0.2883817427385892,Cdh1,cyto
Int_Med_Cdh1_ring,0.0022131135,0.3412365,-0.0944384466312921,0.0944384466312921,0.31203037446351306,0.31203037446351306,0.20323441054740257,0.4486806108436615,0.04712861295959048,0.08146080714848658,0.1563240082566535,142.92183497727527,8.85961061247955e-31,409759.5,0.046972012958111126,0.46670124481327807,0.25103734439834025,0.06431535269709543,0.524896265560166,0.603734439834025,0.48755186721991706,0.4232365145228216,0.7738589211618258,0.2883817427385892,Cdh1,ring
Int_Med_pp27_cell,0.008034875,0.27597454,0.061198213968419166,0.061198213968419166,0.19959985461146634,0.19959985461146634,0.13039903428994276,0.44644704233504334,0.035634925845611676,0.09360699287101193,0.1626276071262992,50.816758537968404,5.3521939602301114e-11,458854.5,0.10805196860345254,0.46639004149377594,0.7053941908713692,0.024896265560165998,0.36929460580912865,0.4066390041493776,0.49377593360995853,0.44398340248962653,0.4979253112033195,0.6929460580912863,pp27,cell
Int_Med_pSTAT3_nuc,0.0016745758,0.89263266,0.20884752910319032,0.20884752910319032,0.07257079642510346,0.07257079642510346,0.14070916276414688,0.7674019290176267,0.09611788321558379,0.041600954171844506,0.14598594572761336,186.17368085774152,4.093664966654758e-40,500855.0,3.1171933251003656e-06,0.4659751037344398,0.1908713692946058,0.8506224066390041,0.8132780082987552,0.13278008298755184,0.008298755186721962,0.3609958506224067,0.8340248962655602,0.8298755186721991,pSTAT3,nuc
Int_Med_pp65_nuc,0.008369559,0.27704096,0.08693845415683658,0.08693845415683658,-0.06683507704403177,0.06683507704403177,0.07688676560043417,0.4558734733175807,0.07300531601524352,0.046556229198229104,0.13164191258929836,223.16147872351613,4.161821697049785e-48,495087.0,2.2163534145617664e-05,0.46473029045643155,0.7178423236514523,0.02904564315352698,0.48962655601659755,0.11203319502074693,0.4522821576763485,0.27800829875518673,0.8630705394190872,0.8091286307053942,pp65,nuc
Int_MeanEdge_cycA_cell,0.002532339,1.3943717,0.03378840063731623,0.03378840063731623,0.2706416956026157,0.2706416956026157,0.15221504811996597,0.6264431687791302,0.04315382909511367,0.11749576404239104,0.20268432150881738,133.70710572202512,8.592125823431767e-29,472550.5,0.00940815747964392,0.4628630705394191,0.2904564315352697,0.946058091286307,0.2365145228215768,0.5228215767634854,0.1203319502074689,0.6307053941908713,0.7593360995850622,0.7219917012448133,cycA,cell
Int_MeanEdge_p53_cell,0.002472249,0.73166424,-0.1401330627363786,0.1401330627363786,0.3567098741527453,0.3567098741527453,0.24842146844456195,0.6237767639557142,0.0,0.10925633162232362,0.15162741344750758,29.694976243983692,1.5997368102627924e-06,410920.0,0.05720197449478589,0.4537344398340249,0.2821576763485477,0.7468879668049793,0.6970954356846473,0.6763485477178424,0.12448132780082988,0.4066390041493776,0.3609958506224067,0.3153526970954357,p53,cell
Int_Med_Skp2_cell,0.0011707441,0.43077818,0.11302957756603871,0.11302957756603871,0.25148300693395576,0.25148300693395576,0.18225629224999723,0.588577410501232,0.02720103001788754,0.07696502637676605,0.1317879967730099,128.98294607011397,8.958681526949033e-28,549879.0,1.6708547602671634e-16,0.4508298755186722,0.09128630705394192,0.20331950207468885,0.6265560165975104,0.48547717842323657,0.15352697095435686,0.2821576763485477,0.7510373443983402,0.9294605809128631,Skp2,cell
Int_MeanEdge_bCat_cell,0.007303191,0.41631177,-0.12662570985310673,0.12662570985310673,0.14109152762762875,0.14109152762762875,0.13385861874036775,0.39288309378266584,0.031170304802575544,0.05145532770982619,0.10002972090424957,23.24432318854059,3.59139040085267e-05,424282.0,0.35423257479626025,0.4487551867219918,0.6639004149377593,0.1410788381742739,0.6721991701244814,0.2904564315352697,0.6929460580912863,0.12448132780082988,0.3070539419087137,0.43983402489626555,bCat,cell
Int_Med_cycD1_cell,0.003825398,0.53971183,0.015994824819345235,0.015994824819345235,0.25798474090543594,0.25798474090543594,0.13698978286239058,0.47022068816775975,0.08212696816482534,0.07388716183987132,0.17794728483386107,408.13957139501406,3.819642894471074e-88,443401.5,0.6389693457026642,0.44854771784232367,0.4232365145228216,0.5062240663900415,0.08298755186721996,0.5062240663900415,0.39004149377593356,0.5394190871369295,0.8962655601659751,0.5933609958506224,cycD1,cell
Int_Med_BP1_cell,0.0021089632,0.74859124,-0.04571271175415493,0.04571271175415493,0.45037065623675754,0.45037065623675754,0.24804168399545623,0.47262876889724226,0.009058751118064201,0.19473689640595016,0.2785758777762085,8.811069908251422,0.03191119265794433,405534.5,0.021717872236573413,0.44481327800829873,0.22406639004149376,0.7551867219917012,0.27800829875518673,0.8132780082987552,0.3775933609958506,0.7842323651452282,0.07468879668049788,0.25311203319502074,BP1,cell
Int_Med_CDK6_nuc,0.004171435,0.50255036,0.2602163261912233,0.2602163261912233,0.028527872519680933,0.028527872519680933,0.14437209935545212,0.6430675595941056,0.07379652553119342,0.010311882789443949,0.08206797565468553,229.25525767768863,2.0037113795652217e-49,523821.0,2.3075940272778123e-10,0.44356846473029055,0.43983402489626555,0.37344398340248963,0.8713692946058091,0.053941908713692976,0.08298755186721996,0.0705394190871369,0.8713692946058091,0.8838174273858921,CDK6,nuc
Int_Med_BP1_cyto,0.0014814256,0.51969343,-0.06471022969012238,0.06471022969012238,0.42066268313255945,0.42066268313255945,0.2426864564113409,0.4345691731512664,0.0,0.14687306924109844,0.20383243024401673,16.53104188227404,0.0008823479845901143,399212.5,0.005833365755923752,0.44284232365145226,0.15145228215767637,0.43775933609958506,0.38796680497925307,0.7448132780082988,0.54149377593361,0.6390041493775933,0.20124481327800825,0.1929460580912863,BP1,cyto
Int_Med_p21_cyto,0.004562818,0.47786212,-0.04899299173364124,0.04899299173364124,0.2822581759145549,0.2822581759145549,0.16562558382409806,0.3954934790454019,0.01151618916114483,0.10051094619590728,0.15006415166091117,64.4104914946381,6.705791136762232e-14,397418.5,0.0038809448217205587,0.4409751037344399,0.475103734439834,0.3091286307053942,0.3091286307053942,0.533195020746888,0.6867219917012448,0.39004149377593356,0.5705394190871369,0.17634854771784236,p21,cyto
Int_Med_BP1_ring,0.0014814256,0.51969343,-0.06471022969012238,0.06471022969012238,0.42066268313255945,0.42066268313255945,0.2426864564113409,0.4345691731512664,0.0,0.1458918347468341,0.2024706597530846,16.53104188227404,0.0008823479845901143,399212.5,0.005833365755923752,0.4409751037344398,0.15145228215767637,0.43775933609958506,0.38796680497925307,0.7448132780082988,0.54149377593361,0.6265560165975104,0.20124481327800825,0.1929460580912863,BP1,ring
Int_MeanEdge_pAKT_cell,0.009433483,0.40329573,-0.25311296386772736,0.25311296386772736,0.06529484094734889,0.06529484094734889,0.15920390240753812,0.449392191896164,0.05641683429579469,0.03725566299258709,0.10350358356373257,99.42260664315715,2.068435624752481e-21,379395.5,2.6353803290846292e-05,0.44004149377593366,0.7551867219917012,0.1203319502074689,0.8547717842323651,0.09958506224066388,0.4771784232365145,0.13692946058091282,0.6929460580912863,0.11203319502074693,pAKT,cell
Int_Med_p21_ring,0.004562818,0.47786212,-0.04899299173364124,0.04899299173364124,0.2822581759145549,0.2822581759145549,0.16562558382409806,0.3954934790454019,0.010179468521158697,0.0998809686464952,0.14796253710851484,64.4104914946381,6.705791136762232e-14,397418.5,0.0038809448217205587,0.4384854771784233,0.475103734439834,0.3091286307053942,0.3091286307053942,0.533195020746888,0.6867219917012448,0.37344398340248963,0.5705394190871369,0.17634854771784236,p21,ring
Int_Med_DNA_cell,0.0013890185,3.1457543,-0.028943728751336665,0.028943728751336665,0.451161907560929,0.451161907560929,0.24005281815613283,0.6648669852493331,0.01955215798344634,0.139891825507942,0.21209577191040027,37.041131604451415,4.510094493979729e-08,447159.0,0.45674639897741653,0.4365145228215768,0.12448132780082988,0.995850622406639,0.2157676348547718,0.8174273858921162,0.049792531120331995,0.6597510373443983,0.4066390041493776,0.6141078838174274,DNA,cell
Int_MeanEdge_p16_cell,0.0058908295,0.79609895,-0.055480953598460246,0.055480953598460246,0.4531425757183505,0.4531425757183505,0.2543117646584054,0.7528352547991267,0.0,0.16639029816201667,0.23091870428414804,4.2829927655687925,0.23248297669463036,410366.0,0.05211249347390167,0.4286307053941909,0.5850622406639003,0.8008298755186722,0.3360995850622407,0.8215767634854771,0.012448132780082943,0.7053941908713692,0.012448132780082943,0.3070539419087137,p16,cell
Int_Med_cJun_nuc,0.01047288,0.291245,0.1653456250167014,0.1653456250167014,-0.0503687982620525,0.0503687982620525,0.10785721163937695,0.7084996019844313,0.04304838054394011,0.0,0.03952529378231108,170.93769876283517,7.984138444237535e-37,567822.5,1.2820499146441124e-21,0.42572614107883816,0.7966804979253113,0.04149377593360992,0.7634854771784232,0.07468879668049788,0.024896265560165998,0.008298755186721962,0.8049792531120332,0.946058091286307,cJun,nuc
Int_MeanEdge_cMyc_cell,0.002871842,0.83169216,-0.11962012879982781,0.11962012879982781,0.09759312906046796,0.09759312906046796,0.10860662893014789,0.4315935429220765,0.009712650686442892,0.06921157552070145,0.1049705254974692,44.423706351422474,1.2266701919158073e-09,419133.0,0.192827583757182,0.42551867219917017,0.3153526970954357,0.8257261410788381,0.6514522821576764,0.17842323651452285,0.5643153526970954,0.15352697095435686,0.4730290456431535,0.4066390041493776,cMyc,cell
Int_MeanEdge_CDK6_cell,0.0018715028,1.2852329,-0.10719738920254983,0.10719738920254983,0.3557973246818307,0.3557973246818307,0.23149735694219026,0.622561268808446,0.0,0.09018341936251506,0.125157768073883,13.436646174785137,0.003781475062901975,454828.0,0.19250350552986195,0.42510373443983396,0.2116182572614108,0.9294605809128631,0.5975103734439834,0.6721991701244814,0.12863070539419086,0.24896265560165975,0.1452282157676349,0.6597510373443983,CDK6,cell
Int_Med_p53_cell,0.0015723608,0.4478658,0.009913395457826062,0.009913395457826062,0.46131050158166675,0.46131050158166675,0.2356119485197464,0.40470482198963065,0.025357668032569336,0.17706384949347598,0.26901399523961994,1.5426245826020084,0.6724681093940281,425552.0,0.40432447122339366,0.4246887966804979,0.17842323651452285,0.23236514522821572,0.049792531120331995,0.8381742738589212,0.6639004149377593,0.7676348547717842,0.0,0.4481327800829875,p53,cell
Int_Med_cycE_nuc,0.0015232954,0.50305116,0.36154346809320304,0.36154346809320304,-0.024389149270161163,0.024389149270161163,0.1929663086816821,0.66850273620491,0.11373953815050619,0.0,0.10443107506621353,183.0201304959403,1.9643863168637377e-39,510871.0,6.888706953958119e-08,0.4228215767634854,0.16182572614107882,0.3775933609958506,0.9253112033195021,0.04149377593360992,0.04149377593360992,0.1452282157676349,0.8298755186721991,0.8547717842323651,cycE,nuc
Int_Med_pp53_cell,0.0022200875,0.58150285,0.014484472811277701,0.014484472811277701,0.28789557385830106,0.28789557385830106,0.15119002333478937,0.31218078535488003,0.003587142243139496,0.09515959712679045,0.13535734473395206,20.344345123185295,0.00014401298417586068,457411.0,0.1357162517919923,0.42157676348547723,0.2572614107883817,0.6058091286307055,0.06639004149377592,0.5560165975103735,0.8464730290456431,0.3153526970954357,0.2572614107883817,0.6887966804979253,pp53,cell
Int_Med_p27_ring,0.0012719365,0.5710724,-0.025685647733713974,0.025685647733713974,0.2830073241810077,0.2830073241810077,0.15434648595736083,0.506955753354576,0.03537327000028778,0.11513453545255015,0.19226357974418162,173.45464594368374,2.2846397299126146e-37,422373.5,0.28643169730453266,0.4158713692946058,0.1182572614107884,0.5788381742738589,0.1887966804979253,0.54149377593361,0.29668049792531115,0.5809128630705394,0.8112033195020747,0.4336099585062241,p27,ring
Int_Med_p27_cyto,0.0012719365,0.5710724,-0.025685647733713974,0.025685647733713974,0.2830073241810077,0.2830073241810077,0.15434648595736083,0.506955753354576,0.03757563177450418,0.11276843995423391,0.191002000550929,173.45464594368374,2.2846397299126146e-37,422373.5,0.28643169730453266,0.4146265560165975,0.1182572614107884,0.5788381742738589,0.1887966804979253,0.54149377593361,0.29668049792531115,0.5726141078838174,0.8112033195020747,0.4336099585062241,p27,cyto
Int_Med_p27_cell,0.0005342423,1.1178818,-0.024158415798324062,0.024158415798324062,0.31806801264635287,0.31806801264635287,0.17111321422233847,0.6103551240700702,0.032431947980354536,0.119362917073917,0.19543118117084635,164.84280953491293,1.6516758436612927e-35,429577.0,0.5891915676883748,0.4114107883817427,0.008298755186721962,0.91701244813278,0.17012448132780078,0.6182572614107884,0.13278008298755184,0.6016597510373445,0.8008298755186722,0.4771784232365145,p27,cell
Int_Med_RB_nuc,0.011587773,0.25895998,0.0758886216652919,0.0758886216652919,-0.06647988414473995,0.06647988414473995,0.07118425290501593,0.5646871916094394,0.036901765300892286,0.02491213437195494,0.06845511530125234,229.36956888805125,1.8928670688916506e-49,592537.5,6.98309670829869e-30,0.4070539419087137,0.8298755186721991,0.016597510373444035,0.4481327800829875,0.10788381742738584,0.18257261410788383,0.049792531120331995,0.8755186721991701,0.950207468879668,RB,nuc
Int_MeanEdge_cFos_cell,0.0058656624,0.53700346,-0.02744291432543554,0.02744291432543554,-0.16436362932380033,0.16436362932380033,0.09590327182461794,0.42619268953539496,0.011079277972926072,0.1041967314933494,0.15477818000160304,12.369386339374614,0.006219202405392775,466254.0,0.032578084229891655,0.4066390041493776,0.5767634854771784,0.4979253112033195,0.19502074688796678,0.3360995850622407,0.5892116182572614,0.4107883817427386,0.13692946058091282,0.7095435684647302,cFos,cell
Int_Med_cycD1_cyto,0.0032522397,0.46884495,0.01653630703430416,0.01653630703430416,0.21712574663675274,0.21712574663675274,0.11683102683552846,0.48195487529707853,0.06711675613284829,0.0727951685149435,0.16265002800638195,390.07272625126944,3.1290009593760527e-84,441766.5,0.7264933324364602,0.4052904564315353,0.3838174273858921,0.2800829875518672,0.08921161825726143,0.44190871369294604,0.3589211618257261,0.4481327800829875,0.8900414937759336,0.5871369294605809,cycD1,cyto
Int_MeanEdge_cycD1_cell,0.006218958,0.569241,-0.0728479788376462,0.0728479788376462,0.18498660566976027,0.18498660566976027,0.12891729225370324,0.562010567510981,0.016513075134734656,0.06446338873924251,0.10462480427670046,109.83216814929303,1.1924881860093988e-23,428662.5,0.5440779276478269,0.40477178423236515,0.6058091286307055,0.5643153526970954,0.4273858921161826,0.39004149377593356,0.19502074688796678,0.14937759336099588,0.7302904564315353,0.4730290456431535,cycD1,cell
Int_Med_cycD1_ring,0.0032522397,0.46884495,0.01653630703430416,0.01653630703430416,0.21712574663675274,0.21712574663675274,0.11683102683552846,0.48195487529707853,0.06700857287839579,0.07154761343509897,0.16081932468932303,390.07272625126944,3.1290009593760527e-84,441766.5,0.7264933324364602,0.40342323651452283,0.3838174273858921,0.2800829875518672,0.08921161825726143,0.44190871369294604,0.3589211618257261,0.43568464730290457,0.8900414937759336,0.5871369294605809,cycD1,ring
Int_Med_Skp2_ring,0.00089741737,0.24077176,0.10010103323701743,0.10010103323701743,0.18213100769492743,0.18213100769492743,0.14111602046597244,0.5191853312377732,0.032713535362324464,0.05339071648309979,0.10413261190655568,102.99351279778544,3.529757033142062e-22,539354.5,7.653934688932277e-14,0.3938796680497926,0.05601659751037347,0.010373443983402453,0.553941908713693,0.36721991701244816,0.2593360995850622,0.1410788381742739,0.7074688796680497,0.9107883817427386,Skp2,ring
Int_Med_bCat_cell,0.0070284004,0.34441084,0.03179761300010028,0.03179761300010028,0.15713980116811516,0.15713980116811516,0.09446870708410772,0.32634199909127787,0.0,0.09037360562510965,0.12542171113917056,11.561440421854385,0.009046916149261616,437002.5,0.9983686100780417,0.39273858921161825,0.6514522821576764,0.0705394190871369,0.23236514522821572,0.31950207468879666,0.8215767634854771,0.25311203319502074,0.13278008298755184,0.5518672199170125,bCat,cell
Int_Med_Skp2_cyto,0.00089741737,0.24077176,0.10010103323701743,0.10010103323701743,0.18213100769492743,0.18213100769492743,0.14111602046597244,0.5191853312377732,0.03307338337340138,0.050767805326424664,0.1008228983477795,102.99351279778544,3.529757033142062e-22,539354.5,7.653934688932277e-14,0.39201244813278013,0.05601659751037347,0.010373443983402453,0.553941908713693,0.36721991701244816,0.2593360995850622,0.12863070539419086,0.7074688796680497,0.9107883817427386,Skp2,cyto
Int_Med_STAT3_nuc,0.005865666,0.77047133,0.11089699144424732,0.11089699144424732,0.19036122419789284,0.19036122419789284,0.15062910782107009,0.5243611045999531,0.02962488797406948,0.05075326833139293,0.09763645375839708,19.512058834070572,0.00021421835273903355,410892.5,0.056939354405984494,0.39024896265560166,0.5809128630705394,0.7842323651452282,0.6182572614107884,0.39419087136929465,0.24481327800829877,0.11618257261410792,0.24896265560165975,0.3112033195020747,STAT3,nuc
Int_Med_pS6_nuc,0.0022821287,0.9057003,0.1538910972520072,0.1538910972520072,-0.10980481702829085,0.10980481702829085,0.13184795714014902,0.6299878952224909,0.04167688618043641,0.03881877225717467,0.0921392594612517,66.92616646470327,1.9420269231621483e-14,426934.5,0.4636834869361529,0.3852697095435685,0.2655601659751037,0.8589211618257262,0.7344398340248963,0.20746887966804983,0.10788381742738584,0.10788381742738584,0.5975103734439834,0.4564315352697096,pS6,nuc
Int_MeanEdge_pp21_cell,0.0029782937,1.2042632,-0.12393793844722409,0.12393793844722409,0.2570545733445562,0.2570545733445562,0.19049625589589014,0.6411964471613962,0.021980397925064565,0.07201442761101351,0.12012411422928668,10.55549820622933,0.014389108376067486,414222.5,0.09677377115702059,0.3807053941908714,0.3526970954356846,0.9253112033195021,0.6597510373443983,0.4979253112033195,0.0954356846473029,0.21991701244813278,0.09958506224066388,0.3526970954356846,pp21,cell
Int_Med_p53_ring,0.0015378683,0.38364923,-0.023092906349823264,0.023092906349823264,0.4126824512412924,0.4126824512412924,0.21788767879555782,0.40572692433467256,0.0068054280717717575,0.11679372654854348,0.16833638266644424,6.514146921314451,0.08910625092481034,421229.0,0.25030237431308333,0.3801867219917013,0.1680497925311203,0.10580912863070535,0.15560165975103735,0.7323651452282158,0.6576763485477178,0.4771784232365145,0.051867219917012486,0.41701244813278004,p53,ring
Int_Med_p53_cyto,0.0015378683,0.38364923,-0.023092906349823264,0.023092906349823264,0.4126824512412924,0.4126824512412924,0.21788767879555782,0.40572692433467256,0.008260399972315646,0.1147304675319818,0.16680886067520678,6.514146921314451,0.08910625092481034,421229.0,0.25030237431308333,0.37956431535269713,0.1680497925311203,0.10580912863070535,0.15560165975103735,0.7323651452282158,0.6576763485477178,0.4730290456431535,0.051867219917012486,0.41701244813278004,p53,cyto
Int_Med_pp53_cyto,0.0021244558,0.5281527,-0.019313854239664852,0.019313854239664852,0.21180424251570448,0.21180424251570448,0.11555904837768467,0.3322348354370826,0.0014698173149545468,0.08580456054693109,0.12043025585316688,15.938208683670895,0.0011675461392932828,452092.5,0.2697095443281853,0.37437759336099585,0.23029045643153523,0.46680497925311204,0.1182572614107884,0.4294605809128631,0.8070539419087137,0.22821576763485474,0.1929460580912863,0.6535269709543569,pp53,cyto
Int_Med_cMyc_cell,0.0014068572,0.76851743,0.0445129865216665,0.0445129865216665,0.24397804333854256,0.24397804333854256,0.14424551493010454,0.5095180553285442,0.01781817736642477,0.09094673398903375,0.14257704113759795,70.11243315888858,4.03815547021254e-15,416278.5,0.13083911254185018,0.370954356846473,0.13278008298755184,0.7800829875518672,0.27385892116182575,0.4813278008298755,0.2863070539419087,0.34439834024896265,0.6099585062240664,0.3609958506224067,cMyc,cell
Int_Med_pp53_ring,0.0021244558,0.5281527,-0.019313854239664852,0.019313854239664852,0.21180424251570448,0.21180424251570448,0.11555904837768467,0.3322348354370826,0.00022350802439774498,0.08417388205542853,0.11702286707975258,15.938208683670895,0.0011675461392932828,452092.5,0.2697095443281853,0.37064315352697097,0.23029045643153523,0.46680497925311204,0.1182572614107884,0.4294605809128631,0.8070539419087137,0.20331950207468885,0.1929460580912863,0.6535269709543569,pp53,ring
Int_Med_pERK_ring,0.016871948,0.42281637,-0.12473731716753018,0.12473731716753018,0.0979399561956458,0.0979399561956458,0.111338636681588,0.48804204698821374,0.0247940856149107,0.027731510551155303,0.061251098534152934,38.688324699331254,2.0206286088003548e-08,373221.5,3.262114265563669e-06,0.3700207468879668,0.9439834024896265,0.15560165975103735,0.6659751037344399,0.18464730290456433,0.3340248962655602,0.04149377593360992,0.421161825726141,0.08506224066390045,pERK,ring
Int_Med_pERK_cyto,0.016871948,0.42281637,-0.12473731716753018,0.12473731716753018,0.0979399561956458,0.0979399561956458,0.111338636681588,0.48804204698821374,0.024122439783271332,0.027630985085615123,0.0604949097117226,38.688324699331254,2.0206286088003548e-08,373221.5,3.262114265563669e-06,0.3693983402489627,0.9439834024896265,0.15560165975103735,0.6659751037344399,0.18464730290456433,0.3340248962655602,0.03734439834024894,0.421161825726141,0.08506224066390045,pERK,cyto
Int_Med_pp65_ring,0.0017437667,0.50883645,0.04625381596583965,0.04625381596583965,0.12985018863076542,0.12985018863076542,0.08805200229830254,0.562721030148354,0.010105918505477263,0.11623417676992531,0.17059020965935556,61.484307030706944,2.8318699070536577e-13,474100.5,0.006723890080923879,0.36753112033195023,0.19709543568464727,0.39626556016597514,0.2883817427385892,0.2593360995850622,0.1887966804979253,0.49377593360995853,0.553941908713693,0.7365145228215768,pp65,ring
Int_Med_pp65_cyto,0.0017437667,0.50883645,0.04625381596583965,0.04625381596583965,0.12985018863076542,0.12985018863076542,0.08805200229830254,0.562721030148354,0.008451930883790482,0.11408432883811948,0.16608799665355842,61.484307030706944,2.8318699070536577e-13,474100.5,0.006723890080923879,0.362551867219917,0.19709543568464727,0.39626556016597514,0.2883817427385892,0.2593360995850622,0.1887966804979253,0.46058091286307057,0.553941908713693,0.7365145228215768,pp65,cyto
Int_MeanEdge_CDK4_cell,0.0068605,0.31834307,-0.025407566050300624,0.025407566050300624,0.3392469977636415,0.3392469977636415,0.18232728190697106,0.4987304454348903,0.02543163561507722,0.10601962369020423,0.1704857726854171,3.0638909056798656,0.3818789724738869,418948.0,0.18825332857226318,0.36244813278008303,0.6431535269709543,0.0456431535269709,0.17842323651452285,0.6639004149377593,0.3070539419087137,0.48962655601659755,0.008298755186721962,0.4024896265560166,CDK4,cell
Int_Med_cMyc_ring,0.0040392163,0.47403833,0.03383750528771295,0.03383750528771295,0.21171095314513771,0.21171095314513771,0.12277422921642533,0.4635535212343558,0.019675923116230898,0.08914548367117447,0.1417829491281992,64.54778260427892,6.267383630098586e-14,401047.5,0.008719631457243662,0.3608921161825726,0.4294605809128631,0.29253112033195017,0.24273858921161828,0.421161825726141,0.4087136929460581,0.34024896265560167,0.5788381742738589,0.2136929460580913,cMyc,ring
Int_Med_cMyc_cyto,0.0040392163,0.47403833,0.03383750528771295,0.03383750528771295,0.21171095314513771,0.21171095314513771,0.12277422921642533,0.4635535212343558,0.019270324857139087,0.08642708607503646,0.13763791618073873,64.54778260427892,6.267383630098586e-14,401047.5,0.008719631457243662,0.35902489626556017,0.4294605809128631,0.29253112033195017,0.24273858921161828,0.421161825726141,0.4087136929460581,0.3278008298755186,0.5788381742738589,0.2136929460580913,cMyc,cyto
Int_Med_pRSK_cell,0.0008737385,0.57228607,-0.001206207317802089,0.001206207317802089,0.47103068488753813,0.47103068488753813,0.2361184461026701,0.4931558374875761,0.032850981505526455,0.17755037133594787,0.2765692562551584,13.14873077076817,0.004325761066532481,396708.0,0.0032909037458171667,0.35705394190871365,0.049792531120331995,0.5850622406639003,0.004149377593360981,0.8423236514522822,0.3278008298755186,0.7800829875518672,0.1410788381742739,0.15352697095435686,pRSK,cell
Int_Med_pERK_cell,0.016605178,0.42075947,-0.10596157112035923,0.10596157112035923,0.11634277299193842,0.11634277299193842,0.11115217205614883,0.48418503636261856,0.01503294567845348,0.05173237283653265,0.08559753295724112,21.190627983038745,9.610238924973654e-05,383220.0,8.718521032487556e-05,0.35601659751037346,0.9294605809128631,0.14937759336099588,0.5767634854771784,0.23236514522821572,0.34854771784232363,0.09128630705394192,0.27800829875518673,0.11618257261410792,pERK,cell
Int_Med_pp27_nuc,0.0004638799,0.84859324,0.18297683057954195,0.18297683057954195,-0.03464994758385745,0.03464994758385745,0.1088133890816997,0.8052418796187341,0.05730460211385857,0.007832559251951032,0.06348491533630345,128.9465924095319,9.121744674779322e-28,449841.5,0.34720479324897846,0.3549792531120332,0.0,0.8381742738589212,0.7883817427385892,0.06224066390041494,0.004149377593360981,0.0456431535269709,0.7468879668049793,0.6390041493775933,pp27,nuc
Int_MeanEdge_Skp2_cell,0.002479093,0.45697543,-0.052183797555815564,0.052183797555815564,0.1702705509270897,0.1702705509270897,0.11122717424145263,0.4317406982554074,0.014207112057115445,0.05065581235829075,0.08334522051980327,14.978417490503627,0.0018351858984537622,490465.0,9.441390592785311e-05,0.3512448132780083,0.2863070539419087,0.26970954356846477,0.3319502074688797,0.34024896265560167,0.5601659751037344,0.07883817427385897,0.17842323651452285,0.7800829875518672,Skp2,cell
Int_Med_pp21_ring,0.004834544,0.44262922,-0.01572091851764839,0.01572091851764839,0.3295051071743797,0.3295051071743797,0.17261301284601405,0.5180490452189404,0.04022325721019904,0.1016819472538768,0.1780469594866036,20.695197767215245,0.0001217895850652475,405666.5,0.02164209701937625,0.34968879668049796,0.504149377593361,0.22199170124481327,0.07676348547717837,0.6535269709543569,0.2676348547717843,0.5435684647302905,0.27178423236514526,0.2593360995850622,pp21,ring
Int_Med_pRSK_cyto,0.00080017967,0.5692413,-0.004077172202488541,0.004077172202488541,0.4462884634437553,0.4462884634437553,0.2251828178231219,0.5110618100980866,0.030207575553064636,0.1777796991264422,0.2744604513006188,15.553148588664438,0.001400072015677058,397216.0,0.003706803637122009,0.34865145228215766,0.026970954356846488,0.5705394190871369,0.026970954356846488,0.7946058091286308,0.2800829875518672,0.7759336099585062,0.18464730290456433,0.15975103734439833,pRSK,cyto
Int_Med_pRSK_ring,0.00080017967,0.5692413,-0.004077172202488541,0.004077172202488541,0.4462884634437553,0.4462884634437553,0.2251828178231219,0.5110618100980866,0.030338442684714195,0.1775961701776838,0.2743259042888456,15.553148588664438,0.001400072015677058,397216.0,0.003706803637122009,0.3480290456431535,0.026970954356846488,0.5705394190871369,0.026970954356846488,0.7946058091286308,0.2800829875518672,0.7717842323651453,0.18464730290456433,0.15975103734439833,pRSK,ring
Int_MeanEdge_pp65_cell,0.006331088,0.6971713,-0.0974407377625937,0.0974407377625937,0.1546244685007886,0.1546244685007886,0.12603260313169115,0.6624010226412519,0.02355272949438003,0.06830128198918839,0.1164146122453077,7.0137694105680275,0.07146018710467951,434410.5,0.8515939025475381,0.3462655601659751,0.6099585062240664,0.7053941908713692,0.5394190871369295,0.3153526970954357,0.053941908713692976,0.19917012448132776,0.05809128630705396,0.5103734439834025,pp65,cell
Int_MeanEdge_STAT3_cell,0.003017001,0.8384707,-0.0901483593492867,0.0901483593492867,0.2981905828359013,0.2981905828359013,0.19416947109259397,0.6946332993358062,0.01400857264631572,0.06801638157438639,0.10725616216606332,19.413872769448858,0.00022448134779557872,402075.0,0.0108528526919498,0.3435684647302904,0.3609958506224067,0.8340248962655602,0.5062240663900415,0.5850622406639003,0.02904564315352698,0.17012448132780078,0.24481327800829877,0.22406639004149376,STAT3,cell
Int_MeanEdge_p21_cell,0.003259176,0.86100763,-0.10938292525994235,0.10938292525994235,0.2241205244624607,0.2241205244624607,0.16675172486120152,0.7247743104840164,0.0,0.05970466692548104,0.08285894357088164,32.36717712806711,4.3791933607804844e-07,398115.0,0.004561670506175137,0.3425311203319502,0.39004149377593356,0.8464730290456431,0.6141078838174274,0.4564315352697096,0.020746887966805017,0.07468879668049788,0.37344398340248963,0.18257261410788383,p21,cell
Int_MeanEdge_RSK1_cell,0.006122501,0.90168756,-0.10157582083547603,0.10157582083547603,0.17405882981257523,0.17405882981257523,0.13781732532402563,0.6290415487412231,0.013690531936813244,0.02886382259048137,0.05262769952097274,18.964521224629735,0.0002780559515526522,409974.0,0.04874479112773106,0.3423236514522821,0.6016597510373445,0.8547717842323651,0.5643153526970954,0.34854771784232363,0.11618257261410792,0.024896265560165998,0.23236514522821572,0.29875518672199175,RSK1,cell
Int_Med_pp21_cyto,0.004834544,0.44262922,-0.01572091851764839,0.01572091851764839,0.3295051071743797,0.3295051071743797,0.17261301284601405,0.5180490452189404,0.03061843028877309,0.10171556698218565,0.1692748511419789,20.695197767215245,0.0001217895850652475,405666.5,0.02164209701937625,0.34097510373443984,0.504149377593361,0.22199170124481327,0.07676348547717837,0.6535269709543569,0.2676348547717843,0.48547717842323657,0.27178423236514526,0.2593360995850622,pp21,cyto
Int_Med_cMyc_nuc,0.007061354,0.762837,-0.005860143167957815,0.005860143167957815,-0.0007230609019610278,0.0007230609019610278,0.0032916020349594215,0.5764270363271781,0.14611729544189345,0.020011494016550557,0.1619312530309725,415.7434822019303,8.60683665057822e-90,426867.5,0.460706779286573,0.33838174273858923,0.6556016597510373,0.7759336099585062,0.03319502074688796,0.0,0.17427385892116187,0.43983402489626555,0.9004149377593361,0.4522821576763485,cMyc,nuc
Int_MeanEdge_BP1_cell,0.0015397753,1.1158499,-0.08976532499241018,0.08976532499241018,0.2998537177275456,0.2998537177275456,0.1948095213599779,0.642209673983991,0.0,0.06056296958091778,0.08405010759466448,17.057078223942767,0.0006878936714488478,416607.0,0.13710882696043958,0.33630705394190874,0.17427385892116187,0.9128630705394191,0.5020746887966805,0.5892116182572614,0.09128630705394192,0.08713692946058094,0.20746887966804983,0.36929460580912865,BP1,cell
Int_Med_pp27_ring,0.013629197,0.2888673,0.02034600823852023,0.02034600823852023,0.1448218363929424,0.1448218363929424,0.08258392231573132,0.4945213624257224,0.043489417930397956,0.05336272240447437,0.11398774385783153,21.219478686061926,9.478513160741154e-05,456644.5,0.14796938235782656,0.3357883817427386,0.8900414937759336,0.03526970954356845,0.13485477178423233,0.29668049792531115,0.32157676348547715,0.1908713692946058,0.2842323651452282,0.6825726141078838,pp27,ring
Int_Med_Fra1_nuc,0.021419603,0.31866553,-0.0616491710298524,0.0616491710298524,-0.09242743023850201,0.09242743023850201,0.07703830063417721,0.7473576502094287,0.02151696813405568,0.023726269345060835,0.05268365303334075,28.55322288142367,2.7796828529097095e-06,496751.5,1.2805723645681343e-05,0.3228215767634855,0.979253112033195,0.049792531120331995,0.37344398340248963,0.16182572614107882,0.016597510373444035,0.02904564315352698,0.34439834024896265,0.8215767634854771,Fra1,nuc
Int_Med_pp27_cyto,0.013629197,0.2888673,0.02034600823852023,0.02034600823852023,0.1448218363929424,0.1448218363929424,0.08258392231573132,0.4945213624257224,0.024409764906101472,0.048168211166041974,0.08926055997949459,21.219478686061926,9.478513160741154e-05,456644.5,0.14796938235782656,0.3227178423236514,0.8900414937759336,0.03526970954356845,0.13485477178423233,0.29668049792531115,0.32157676348547715,0.10373443983402486,0.2842323651452282,0.6825726141078838,pp27,cyto
Int_Med_RSK1_nuc,0.0015062366,1.033505,0.08812780653742924,0.08812780653742924,0.12621221624871407,0.12621221624871407,0.10717001139307165,0.6500822357274587,0.033648117076586104,0.06331641290322754,0.11876572291641958,29.012601574117376,2.22581632590678e-06,417369.0,0.15242128218280562,0.3145228215767635,0.15767634854771784,0.8962655601659751,0.49377593360995853,0.25311203319502074,0.07883817427385897,0.2157676348547718,0.3568464730290456,0.37344398340248963,RSK1,nuc
Int_Med_pp38_cyto,0.0020132216,0.5265082,0.01195164677237723,0.01195164677237723,0.1829587926447927,0.1829587926447927,0.09745521970858496,0.328295620975895,0.0,0.05170413781388028,0.07175570115563251,5.536983825930506,0.13644323307103579,448083.5,0.4173837744812464,0.312551867219917,0.21784232365145229,0.4585062240663901,0.06016597510373445,0.3838174273858921,0.8153526970954357,0.05809128630705396,0.03941908713692943,0.6327800829875518,pp38,cyto
Int_Med_pp38_ring,0.0020132216,0.5265082,0.01195164677237723,0.01195164677237723,0.1829587926447927,0.1829587926447927,0.09745521970858496,0.328295620975895,0.0,0.05058596262166137,0.07020388251354769,5.536983825930506,0.13644323307103579,448083.5,0.4173837744812464,0.31192946058091287,0.21784232365145229,0.4585062240663901,0.06016597510373445,0.3838174273858921,0.8153526970954357,0.053941908713692976,0.03941908713692943,0.6327800829875518,pp38,ring
Int_Med_E2F1_cell,0.0014343453,0.5398695,0.04396401281832011,0.04396401281832011,0.10267707919474364,0.10267707919474364,0.07332054600653187,0.43207683847163886,0.017323296360659768,0.061908585163902075,0.10182312593425807,8.153904597718027,0.04293577540909014,479414.5,0.0019479896490620374,0.3091286307053942,0.1452282157676349,0.5103734439834025,0.26970954356846477,0.19502074688796678,0.5560165975103735,0.13278008298755184,0.06224066390041494,0.7634854771784232,E2F1,cell
Int_Med_pERK_nuc,0.004616043,0.51925385,-0.05677977697738273,0.05677977697738273,-0.2667265603946435,0.2667265603946435,0.1617531686860131,0.5540853489404273,0.04696534176321965,0.045401704185111136,0.1061307888298318,8.314410222538914,0.03994163711849487,408261.5,0.03609788009636134,0.303941908713693,0.4813278008298755,0.4315352697095436,0.34024896265560167,0.5103734439834025,0.19917012448132776,0.1659751037344398,0.06639004149377592,0.2821576763485477,pERK,nuc
Int_Med_ERK_nuc,0.005764394,0.49418417,-0.042191771674500625,0.042191771674500625,-0.05530715482321333,0.05530715482321333,0.048749463248856977,0.4956248214229034,0.07267555182414576,0.0485440235194341,0.13409782417628757,89.43151265867272,2.9017256279543016e-19,360619.0,2.4970314355248552e-08,0.3020746887966805,0.5560165975103735,0.3526970954356846,0.2655601659751037,0.08713692946058094,0.3112033195020747,0.29460580912863066,0.6639004149377593,0.053941908713692976,ERK,nuc
Int_MeanEdge_cycE_cell,0.0011013461,0.7603769,-0.06677828053949578,0.06677828053949578,-0.05201457245354057,0.05201457245354057,0.059396426496518176,0.5357480464897931,0.0,0.08187860071357012,0.11363222852672825,18.18979463971118,0.0004019304252547051,482139.0,0.0009780573984036413,0.2989626556016598,0.08713692946058094,0.7717842323651453,0.39834024896265563,0.08298755186721996,0.21991701244813278,0.18257261410788383,0.22406639004149376,0.7676348547717842,cycE,cell
Int_MeanEdge_pRSK_cell,0.0029728748,0.62240696,-0.006487175609937316,0.006487175609937316,0.3774827934925038,0.3774827934925038,0.19198498455122057,0.5868261808706288,0.0,0.10879249198627594,0.15098369053256053,5.4157242915956685,0.14376703436460167,412721.0,0.07667700068366982,0.29751037344398334,0.34854771784232363,0.6307053941908713,0.03734439834024894,0.6929460580912863,0.16182572614107882,0.39834024896265563,0.03319502074688796,0.32365145228215764,pRSK,cell
Int_Med_E2F1_cyto,0.0014078658,0.5573494,0.028438183784505227,0.028438183784505227,0.07241437930320482,0.07241437930320482,0.05042628154385503,0.4615903408969601,0.027591078608731223,0.07972667633297448,0.13597877884949897,4.6562879390429055,0.1987662653106439,469743.0,0.016754379316945022,0.28703319502074687,0.1390041493775933,0.549792531120332,0.20954356846473032,0.12655601659751037,0.41701244813278004,0.31950207468879666,0.026970954356846488,0.7157676348547718,E2F1,cyto
Int_Med_E2F1_ring,0.0014078658,0.5573494,0.028438183784505227,0.028438183784505227,0.07241437930320482,0.07241437930320482,0.05042628154385503,0.4615903408969601,0.028140436557308135,0.07884647682842516,0.13526162448355103,4.6562879390429055,0.1987662653106439,469743.0,0.016754379316945022,0.2857883817427386,0.1390041493775933,0.549792531120332,0.20954356846473032,0.12655601659751037,0.41701244813278004,0.3112033195020747,0.026970954356846488,0.7157676348547718,E2F1,ring
Int_MeanEdge_E2F1_cell,0.001831811,0.7059259,-0.011847915902740426,0.011847915902740426,0.009737219294814635,0.009737219294814635,0.01079256759877753,0.42015462714007307,0.012523912155450567,0.06253517514447182,0.0982861141884156,14.59773319871268,0.002194773635326167,474480.0,0.006187081769640141,0.2674273858921162,0.20746887966804983,0.7095435684647302,0.053941908713692976,0.008298755186721962,0.6016597510373445,0.1203319502074689,0.1659751037344398,0.7427385892116183,E2F1,cell
Int_Med_bCat_ring,0.0063732318,0.32398516,-0.0029269861185564636,0.0029269861185564636,0.08728426962309603,0.08728426962309603,0.04510562787082625,0.36035927500251436,0.010769618651202073,0.056564558862324255,0.0883892904024012,4.337462645579791,0.22725457425130074,427801.5,0.5029581367080354,0.26670124481327806,0.6203319502074689,0.05601659751037347,0.018672199170124526,0.15560165975103735,0.7448132780082988,0.09958506224066388,0.018672199170124526,0.46265560165975106,bCat,ring
Int_Med_bCat_cyto,0.0063732318,0.32398516,-0.0029269861185564636,0.0029269861185564636,0.08728426962309603,0.08728426962309603,0.04510562787082625,0.36035927500251436,0.012011415166664818,0.054852836129890115,0.08715390614129154,4.337462645579791,0.22725457425130074,427801.5,0.5029581367080354,0.2660788381742739,0.6203319502074689,0.05601659751037347,0.018672199170124526,0.15560165975103735,0.7448132780082988,0.0954356846473029,0.018672199170124526,0.46265560165975106,bCat,cyto
Int_MeanEdge_pSTAT3_cell,0.002791598,0.9705729,-0.0851007512885164,0.0851007512885164,0.11274451177725243,0.11274451177725243,0.09892263153288441,0.8575435796979364,0.0225736457658412,0.04418073974052117,0.08204084241240295,8.52963463340044,0.03624465221153481,417372.0,0.15248660531507563,0.2589211618257261,0.3112033195020747,0.8672199170124482,0.4771784232365145,0.22821576763485474,0.0,0.06639004149377592,0.0705394190871369,0.3775933609958506,pSTAT3,cell
Int_MeanEdge_pp27_cell,0.0016143377,0.41951483,-0.09699049977798928,0.09699049977798928,0.13173921232642669,0.13173921232642669,0.11436485605220797,0.6936529695454661,0.020830038623746105,0.039482348545438306,0.07391944158273786,10.574160426535022,0.014266171450982038,439370.5,0.8611621267283206,0.2560165975103734,0.18257261410788383,0.1452282157676349,0.5352697095435685,0.27385892116182575,0.03319502074688796,0.06224066390041494,0.10373443983402486,0.5767634854771784,pp27,cell
Int_Med_pSTAT3_cell,0.0009922805,0.490871,-0.02975553623307318,0.02975553623307318,0.1760573581579359,0.1760573581579359,0.10290644719550454,0.521422603545003,0.0008700660376366187,0.04132621797313707,0.058151943445516975,2.9497143279818396,0.39944339495291237,439322.0,0.8639319183698209,0.22240663900414936,0.07883817427385897,0.3360995850622407,0.21991701244813278,0.3568464730290456,0.25311203319502074,0.03319502074688796,0.004149377593360981,0.5684647302904564,pSTAT3,cell
Int_Med_cycE_cell,0.0010834554,0.71933126,-0.002652896986770219,0.002652896986770219,-0.011931637929799458,0.011931637929799458,0.007292267458284839,0.6375129773534081,0.0,0.0917688318776122,0.12735802498661253,22.78231489421002,4.4829497465666026e-05,502135.0,1.9701272769749055e-06,0.21970954356846473,0.08298755186721996,0.7302904564315353,0.012448132780082943,0.024896265560165998,0.09958506224066388,0.26970954356846477,0.29875518672199175,0.8340248962655602,cycE,cell
Int_Med_RSK1_cell,0.000832669,0.70837855,0.0004180954171696553,0.0004180954171696553,0.19051051951829467,0.19051051951829467,0.09546430746773217,0.44106001847808873,0.0,0.03708520110825564,0.051467343244357165,6.208192836068494,0.10190902630008766,415426.0,0.11571814388935787,0.21929460580912863,0.03319502074688796,0.7136929460580913,0.0,0.39834024896265563,0.5145228215767634,0.020746887966805017,0.0456431535269709,0.3568464730290456,RSK1,cell
Int_Med_RSK1_cyto,0.0008467314,0.6786831,-0.02011618487608783,0.02011618487608783,0.11171304054316206,0.11171304054316206,0.06591461270962494,0.457339270715701,0.0,0.022134609925531734,0.030718710767991337,14.554955055006761,0.0022393136648651223,413576.5,0.08762174625871216,0.21317427385892113,0.03941908713692943,0.6867219917012448,0.12655601659751037,0.21784232365145229,0.446058091286307,0.004149377593360981,0.15975103734439833,0.3340248962655602,RSK1,cyto
Int_Med_RSK1_ring,0.0008467314,0.6786831,-0.02011618487608783,0.02011618487608783,0.11171304054316206,0.11171304054316206,0.06591461270962494,0.457339270715701,0.0,0.0203835570408053,0.028288575911929445,14.554955055006761,0.0022393136648651223,413576.5,0.08762174625871216,0.21255186721991698,0.03941908713692943,0.6867219917012448,0.12655601659751037,0.21784232365145229,0.446058091286307,0.0,0.15975103734439833,0.3340248962655602,RSK1,ring
Int_Med_cycE_cyto,0.0009724699,0.6962595,-0.007390527993064244,0.007390527993064244,-0.07046937051324739,0.07046937051324739,0.03892994925315582,0.6615326763308198,0.004441204700063928,0.0804073113870647,0.11566808907181744,17.562807452445746,0.0005412752301753551,496134.5,1.5711215096762632e-05,0.21026970954356844,0.07261410788381739,0.6991701244813278,0.04356846473029041,0.1182572614107884,0.06016597510373445,0.19502074688796678,0.21784232365145229,0.8153526970954357,cycE,cyto
Int_Med_pSTAT3_ring,0.0009507202,0.4514328,-0.0590357736561028,0.0590357736561028,0.09653431031051546,0.09653431031051546,0.07778504198330913,0.5456956357895585,0.0014014786519362943,0.03193806879388017,0.04561086486479692,9.242847209957237,0.026230420298738084,435308.0,0.9032253527994782,0.21006224066390045,0.06431535269709543,0.24688796680497926,0.3547717842323651,0.17219917012448138,0.20954356846473032,0.016597510373444035,0.08921161825726143,0.5165975103734439,pSTAT3,ring
Int_Med_pSTAT3_cyto,0.0009507202,0.4514328,-0.0590357736561028,0.0590357736561028,0.09653431031051546,0.09653431031051546,0.07778504198330913,0.5456956357895585,0.001571153620621324,0.03084570656773522,0.04425065854633305,9.242847209957237,0.026230420298738084,435308.0,0.9032253527994782,0.20943983402489624,0.06431535269709543,0.24688796680497926,0.3547717842323651,0.17219917012448138,0.20954356846473032,0.012448132780082943,0.08921161825726143,0.5165975103734439,pSTAT3,cyto
Int_Med_cycE_ring,0.0009724699,0.6962595,-0.007390527993064244,0.007390527993064244,-0.07046937051324739,0.07046937051324739,0.03892994925315582,0.6615326763308198,0.002562137446492585,0.08019564395652434,0.11364905008038742,17.562807452445746,0.0005412752301753551,496134.5,1.5711215096762632e-05,0.20902489626556015,0.07261410788381739,0.6991701244813278,0.04356846473029041,0.1182572614107884,0.06016597510373445,0.18672199170124482,0.21784232365145229,0.8153526970954357,cycE,ring
