duration_s,capacity_ah,v_start,v_end,v_mean,v_std,temp_rise_c,temp_mean_c,current_mean_a,dv_dt_mid
2354.4235467186513,2.482576847585567,4.170440044488307,2.762558357496103,3.648458477755674,0.34724628475276104,5.9142340227634245,28.957117011381712,-2.0265416416401862,-0.0002944925695055219
2861.5435560462993,2.8259556752732906,4.178476557186316,2.7666675354324703,3.6577602689876656,0.3443470417731647,6.254241841681785,29.12712092084089,-2.045453275864493,-0.0002886940835463293
2606.299228771575,2.21700872296767,4.202603592684165,2.7623517788267145,3.655160846461295,0.34073843479417687,5.7664954578890715,28.883247728944536,-2.029500955851272,-0.0002814768695883537
2890.069724022098,2.5017221513843984,4.211122170518513,2.7785160398876445,3.6793761805626417,0.3348487620834588,7.390384941782756,29.695192470891378,-2.0407687344586987,-0.00026969752416691756
1304.0733604157572,1.3054563107101338,4.172528658782557,2.7471643659168743,3.631477859126946,0.3509394198937267,7.754187950834102,29.87709397541705,-1.9873408732319613,-0.00030187883978745333
1733.3079460723511,1.684218398412766,4.18230958121123,2.74778644338435,3.660770668764843,0.3502376820372237,6.643196630473661,29.32159831523683,-2.048150836187129,-0.00030047536407444743
3587.7633673424994,3.2895149075058265,4.187709474145229,2.7759538718664842,3.661228452245758,0.33823400343721777,5.600083242473908,28.800041621236954,-1.9764581767761888,-0.00027646800687443547
2241.0295706895095,1.9005511113629587,4.207001726489254,2.758505575728147,3.709354031597597,0.3419911809841541,7.44101878751042,29.72050939375521,-2.0202745194520952,-0.0002839823619683081
2401.1174306627777,2.439754705689012,4.177444448411792,2.7709029527966886,3.659739869319675,0.34256354450153814,7.050540558446498,29.52527027922325,-1.9811645752378586,-0.0002851270890030762
2153.62982898471,2.1768058095074045,4.1804382552004675,2.7646372453320858,3.7045958133876957,0.3449150774080616,7.499333702218182,29.74966685110909,-1.9906492301556455,-0.0002898301548161231
2848.0153113509796,2.926542022953303,4.176392928409956,2.762673978859597,3.686430801204311,0.34696502108664523,5.495762239315568,28.747881119657784,-2.0557840431029795,-0.0002939300421732902
2081.5810047255,2.15217698144439,4.169213089615829,2.7558418405972844,3.6991477261113985,0.3495329703029975,5.877279182538779,28.93863959126939,-1.983093714459108,-0.0002990659406059951
1681.8563762962344,1.4424926933790012,4.197027512665438,2.7509784455075947,3.665348293471739,0.3448172129595547,8.219285343112762,30.10964267155638,-1.970597282201413,-0.00028963442591910927
1687.76556808717,1.5227047072351123,4.194946119283263,2.7598370942855537,3.6297744517471138,0.3425662659701597,9.919271427080382,30.95963571354019,-1.9964683845274764,-0.0002851325319403193
2498.5843984984103,2.493640151744011,4.171225818100217,2.7616467390156214,3.6324211654892986,0.3462808973947465,5.974000591149289,28.987000295574646,-2.014506166552135,-0.00029256179478949295
2697.562744405878,2.700238247002076,4.18214842044139,2.762520668547351,3.7060321899169035,0.3458977823777487,7.914733380561626,29.957366690280814,-2.034963757493871,-0.00029179556475549727
2042.9687069954293,2.202728040303983,4.166312399986878,2.7582588561543675,3.6920057732200093,0.3495869499797459,6.616463142801598,29.3082315714008,-1.989400222876366,-0.0002991738999594917
2608.361663821589,2.8130910879483366,4.156786146437914,2.758920531038318,3.6365622123198738,0.35028652964825624,7.943290978934888,29.971645489467445,-2.0220810475517763,-0.0003005730592965124
2144.1850937365953,2.1393460430903364,4.186476541092378,2.764707557066777,3.698678439224781,0.34414360581110304,6.968806302060546,29.48440315103027,-2.010644785045898,-0.00028828721162220606
3440.8152648540895,3.318137765303813,4.188235739752624,2.779380213002271,3.674252905997361,0.3382706253907752,5.165117792414322,28.58255889620716,-2.016660781135589,-0.0002765412507815503
1440.9342307318295,1.5933232724438762,4.162003776825683,2.7405577622997175,3.7024302484120617,0.357091520253448,8.641950361600435,30.320975180800218,-2.0131200649399537,-0.0003141830405068959
1764.5130882081428,1.923778938763255,4.171695257376279,2.7573109964501508,3.6899223519450013,0.34999269111033415,6.776290250120713,29.388145125060355,-2.041489942811556,-0.0002999853822206682
1928.8254670679282,1.657238817482682,4.2030570061506936,2.748241264265739,3.653776821102878,0.3460016430567493,7.963392112691128,29.981696056345562,-2.0606067588789805,-0.0002920032861134985
1836.3731577342776,1.6845967186904711,4.184304074975669,2.748322125024005,3.649236178331329,0.348312938637993,8.752299907431773,30.37614995371589,-1.9996467123624273,-0.0002966258772759859
1761.847472052229,1.5591012883445032,4.204735081998698,2.761183150643449,3.649514619184715,0.34138183356870405,8.042011277425233,30.021005638712616,-2.030069503298699,-0.000282763667137408
2447.4025541580654,2.3774862740352827,4.176408369474054,2.761349419882816,3.648344868396755,0.34566270003346516,7.581659886605964,29.79082994330298,-2.0101414919252996,-0.00029132540006693026
1831.3132075607311,1.692414566105994,4.182923031560135,2.7468395397545864,3.6426820123041144,0.34886147059088946,6.627118229236824,29.31355911461841,-1.9865990042221648,-0.0002977229411817789
2357.743847336739,2.127645135380125,4.203635982030106,2.7684679560484247,3.6750734323352225,0.33967199251539765,8.56877568057609,30.284387840288044,-2.043759222100797,-0.00027934398503079525
1768.5893287798017,1.599158534213311,4.195653862773105,2.745298048796139,3.7074606042061484,0.3487517312627581,6.8938979867384385,29.44694899336922,-2.020032446676207,-0.00029750346252551606
1687.7582144218343,1.8777112043888309,4.161802267093168,2.756229474538408,3.6912473426288877,0.3512845398910006,6.578318065432882,29.28915903271644,-1.9913465009123816,-0.0003025690797820012
1862.4148766023782,2.059367261780322,4.1670717045867445,2.7550007730240584,3.6718638810386928,0.3512370306137506,7.543692741172205,29.771846370586104,-2.0314062279119733,-0.00030247406122750116
1833.2444062494692,1.7254403275609929,4.195459374996751,2.761486070648949,3.6562572690478903,0.343300642285145,8.31785665643049,30.158928328215246,-2.037291492245186,-0.0002866012845702899
2099.3884936007485,1.8879140515826456,4.2031315186594735,2.766428140942814,3.706714331744601,0.3404410856177069,7.773436940764914,29.88671847038246,-2.0198280590194333,-0.0002808821712354138
2353.723816165177,2.5024797083490147,4.157989033232371,2.751953581074032,3.700774917291391,0.352821718036146,7.315643965033946,29.65782198251697,-1.9887337738494677,-0.00030564343607229186
2603.7002921040084,2.21043612778862,4.204530927256718,2.7638570401977445,3.718137239524999,0.34042109517115626,7.4984851285215415,29.749242564260772,-2.0095988994773055,-0.0002808421903423125
1174.2956370952738,1.222593676470267,4.158523752786561,2.733678417046673,3.628548331512144,0.35786476060868233,10.71278729333524,31.35639364666762,-1.9843278787164977,-0.0003157295212173646
1908.4408435782034,1.5975473493406007,4.2111617871356986,2.7542742213945366,3.6872938227336065,0.34279135564343355,6.450454723449434,29.225227361724716,-2.0420116918842766,-0.0002855827112868669
2045.8411894947803,1.7863598598033585,4.198231124191277,2.756429536722681,3.653699006549652,0.34321489889157164,9.280981226859529,30.640490613429765,-1.9942064592712079,-0.00028642979778314314
2986.6082840681647,2.524606994961921,4.202409182038655,2.780359097213372,3.6443942978379025,0.33404849972088535,5.833260610373338,28.91663030518667,-2.007543096907489,-0.00026809699944177067
1605.936815752118,1.688927093883994,4.172871740558406,2.745556702784446,3.657499467694594,0.3534902522124337,8.513070660492186,30.256535330246095,-2.0707343265275147,-0.00030698050442486743
2475.107003812837,2.320014475766354,4.192716178137941,2.764783067188431,3.6507766440638103,0.3424667718302903,5.876452153218156,28.938226076609077,-2.0444900755636266,-0.0002849335436605804
2017.8984561717346,1.8558119538100237,4.187906629087975,2.747276900801653,3.653840201757585,0.34860288250303006,7.8646203868384905,29.932310193419244,-2.022831437174,-0.0002972057650060601
2787.656804496564,2.6281717501126267,4.1855108201658195,2.757555615488269,3.6857012119190804,0.3461754285989039,7.6387444813628145,29.819372240681407,-2.0350637140859393,-0.0002923508571978077
2085.1184582519186,2.219238096375401,4.15997541509813,2.7481877242637935,3.6989914834839674,0.3539682510227797,6.709003395717476,29.354501697858737,-1.997570786111576,-0.0003079365020455594
2620.680422857375,2.5013078078177897,4.191308737733424,2.7636786735823575,3.6841446584684303,0.3436240900070185,8.064511172992226,30.032255586496113,-2.045227469700039,-0.0002872481800140369
2127.5697701016943,2.0769779468924945,4.189592603444611,2.763416319658314,3.721284311487908,0.3441947964746217,7.107941071046659,29.55397053552333,-2.004532962812213,-0.0002883895929492433
2529.4506485813004,2.4137363515185264,4.180080619521217,2.76661289750345,3.6623669151806317,0.34325067791853286,6.868884074641138,29.43444203732057,-2.003417028890242,-0.00028650135583706575
3815.435204259645,3.301209443898354,4.2123972774225615,2.785325155830517,3.715899957582523,0.3327573878930921,6.19513003673425,29.097565018367124,-2.044303456504047,-0.0002655147757861841
2603.1336101364805,2.3364302196534075,4.192473497417147,2.7609601949459064,3.6967923444392476,0.34320349278072887,7.745325732238727,29.872662866119363,-2.001074394021982,-0.0002864069855614576
1949.5748346498353,2.038425728195745,4.166494724819475,2.7570938929924544,3.646639968421067,0.3495079700120603,7.56007542979208,29.78003771489604,-2.0240124897641074,-0.00029901594002412047
2243.5334129644416,1.9778117300770357,4.194659285615419,2.76156288446546,3.684634929660326,0.3421035726729768,6.4323753249798985,29.21618766248995,-1.9778885266929076,-0.0002842071453459536
2815.8075618092043,2.4258781038952066,4.203310964581095,2.7760727108149714,3.6569291422863084,0.3355357843012673,5.594009260448905,28.797004630224453,-1.9749100715629115,-0.0002710715686025346
2885.8212252326916,2.518243247474148,4.20077744711806,2.760303241362806,3.676245221828001,0.34248406491672145,7.918781075763138,29.959390537881568,-2.054143556447115,-0.00028496812983344285
1441.3093264875658,1.3440717775071984,4.185898843685651,2.7476197637986925,3.664819677039003,0.3483167735369684,8.343196291078026,30.171598145539015,-1.9642703488893507,-0.00029663354707393675
2279.7523204653457,2.1006490095202746,4.198954608946341,2.7678488625796756,3.687917561114687,0.3407393343602665,7.23077836015535,29.615389180077674,-2.0360410256190855,-0.00028147866872053293
1809.9570953456414,1.892799114092482,4.175587396093284,2.7607232671916115,3.6844927322191396,0.34741520189130926,7.340244707165905,29.670122353582954,-2.016902020717664,-0.0002948304037826185
2395.671255322231,2.1540599590697864,4.197622106866246,2.755470167401942,3.6797880275226613,0.3449460582201006,6.371200540037217,29.185600270018607,-2.053086280203553,-0.00028989211644020116
2493.6553344633844,2.2720020807667245,4.185858459116612,2.7636168124841873,3.666717053881734,0.34254681392324476,6.655015513249444,29.327507756624723,-1.9648987691367308,-0.0002850936278464895
1402.505829799029,1.4926643849916768,4.157626750107512,2.7379365017964816,3.6420818555821435,0.3574199567641382,8.478667186489268,30.239333593244634,-2.017742275232621,-0.0003148399135282763
1109.818842952107,1.219933036327002,4.164519060916214,2.7456912624985543,3.6644108546542897,0.3544216952616507,9.660536876372648,30.830268438186323,-2.015023490722168,-0.00030884339052330136
1508.218313035769,1.4781059388525948,4.188378890764499,2.7559646216072546,3.6977187972501544,0.3464802215466062,8.194243134873524,30.097121567436762,-1.993289047099791,-0.0002929604430932124
1386.7992082677395,1.3532130156806246,4.185786311360663,2.7463764028178765,3.665194586950128,0.35028086118268104,10.693683323874183,31.34684166193709,-2.0400709702092,-0.0003005617223653619
1554.1968175504683,1.5238136948232908,4.1797811772159195,2.7512547306147144,3.648574455013105,0.3483934089653962,8.401289697640667,30.200644848820332,-1.9732646488661465,-0.0002967868179307924
2079.00630777131,2.0326499128470243,4.1906302767282195,2.766828832999369,3.7040541281516597,0.3428197771371463,7.505275638384016,29.752637819192007,-2.0195663628138796,-0.00028563955427429255
2418.7926824948354,2.172347796958108,4.195274407635837,2.7626335451076693,3.6953619768609616,0.3424295153702181,6.238703332114881,29.11935166605744,-2.0125849333101344,-0.0002848590307404362
2224.6773542528326,2.350635023881185,4.158943471934293,2.749859596743725,3.6564206281924068,0.3530236084611178,7.919188847620662,29.95959442381033,-2.0040316098712534,-0.00030604721692223554
2587.004379968158,2.2411758405636513,4.196016707000045,2.7618909178879223,3.671847089288747,0.3414570335620634,7.4066708072195535,29.703335403609778,-1.9764011198069316,-0.0002829140671241267
1988.7433704868652,1.8894937614449312,4.178847648428708,2.749383476597324,3.6250443744810497,0.3489147310066737,7.566896137539315,29.78344806876966,-2.014616572396369,-0.00029782946201334734
3035.117803018383,2.7002292054321457,4.200645032097683,2.7850622111575074,3.6529029302733296,0.3336013179909856,5.113475447206242,28.55673772360312,-2.0231324722522808,-0.0002672026359819711
2867.251859105117,2.461455961987131,4.200762024002517,2.76542785879064,3.683753026649587,0.34018828738935375,7.034304125754788,29.517152062877393,-2.0203979462554256,-0.0002803765747787074
3032.0233101640233,2.9767396855389845,4.187636142297851,2.7731928052285113,3.7108282746808023,0.34136347204408773,5.322683383233887,28.661341691616943,-2.037866297854843,-0.0002827269440881754
2544.536595212895,2.4249686289600088,4.186048152059292,2.757362602559473,3.6998619397704955,0.3462939465919652,7.465954279336616,29.732977139668307,-2.0201095907115523,-0.00029258789318393043
3252.9503629605756,2.7402241718129416,4.212187057326785,2.7759474599784,3.730690714402472,0.33551616274800566,5.246239112546201,28.6231195562731,-2.011325546247069,-0.00027103232549601137
1606.661010410479,1.7245190545352576,4.162253638100186,2.742749938514026,3.636229491227689,0.35537419355522704,9.682242705764189,30.841121352882094,-2.0343579855033904,-0.000310748387110454
3179.466361113116,2.8493109024965615,4.207409447372738,2.7781265912384656,3.7329996919805812,0.33619717577653924,5.549402254433047,28.774701127216524,-2.015815170858327,-0.0002723943515530783
1407.0600313920459,1.2993893255649034,4.184174675476814,2.741292479083747,3.6717080875599235,0.3509023285613527,8.798823027698553,30.399411513849277,-1.9860136266992283,-0.0003018046571227053
2153.281841088116,1.8663837951731053,4.1988235411092045,2.7537933859734443,3.671075966221118,0.34443527251477407,8.813250846261013,30.406625423130507,-2.0226134981928063,-0.00028887054502954807
3033.548631161038,2.7296488032247326,4.187460776286968,2.765156837262897,3.6395740997338066,0.3416280208468171,6.002870068101442,29.001435034050722,-1.9923357956504502,-0.00028325604169363413
3084.207646149668,2.8300876527000445,4.193768943155379,2.772258008948369,3.704596779453176,0.3396784896843521,5.853742006948164,28.926871003474083,-2.0121338991391027,-0.00027935697936870405
2068.854392346459,1.9955563384221473,4.184299098929236,2.7660060035270524,3.6620915008022163,0.34281672187334755,6.839875849447684,29.419937924723843,-1.9829951968959998,-0.000285633443746695
1877.0135470323944,1.7126981025988013,4.189610339173775,2.7492754862684055,3.6373360367008085,0.3475980395137371,8.250794601655995,30.125397300828,-2.038137730979411,-0.0002951960790274741
1941.3043418677892,2.005832487596652,4.1674281859381725,2.7490520459268044,3.672083078461907,0.3524589758333733,7.185990457330265,29.59299522866513,-2.033494754674373,-0.00030491795166674653
2145.4321511142966,2.2034933268693204,4.180083289226599,2.7646330567660207,3.7093581946312004,0.3458390234200137,7.620384293886348,29.810192146943173,-2.0384649365568897,-0.0002916780468400274
2465.4190523609245,2.30726771349349,4.1947512806516905,2.7710208405463126,3.673224736125299,0.3399386279340942,7.563904247380817,29.78195212369041,-2.014313211002698,-0.00027987725586818834
1986.2087407504105,2.1185881213071664,4.166668426513103,2.7507821870033307,3.700031650897343,0.35254495355229964,5.96250120417869,28.981250602089347,-2.022435403445221,-0.00030508990710459926
1957.2543315447954,1.9931815158454078,4.173632545040773,2.7555822148432787,3.662312088503748,0.3487826870249044,7.061984244857549,29.530992122428774,-2.0094846877439485,-0.00029756537404980867
2360.7446367404905,2.224371953832547,4.1873791769486495,2.764378730989162,3.670926790841235,0.3426877950371163,7.690039598207201,29.8450197991036,-1.9737710433764628,-0.0002853755900742325
2168.635590371642,2.0082116461582897,4.183758037959907,2.751255710853608,3.6636817652452764,0.3474321305824524,6.356774071544743,29.17838703577237,-1.9814853365791685,-0.0002948642611649049
2732.6745293198333,2.410890649494244,4.202673076822221,2.7719584890930897,3.663187045980542,0.33774487414621374,6.1941665660201295,29.097083283010065,-2.0061711034121026,-0.00027548974829242744
1407.4235498388528,1.4703904147311406,4.16588252598849,2.739780534555589,3.6595052071930376,0.356016794852878,8.817571828230353,30.408785914115178,-2.0452568199463728,-0.000312033589705756
2497.9505242458117,2.3128705389034576,4.186739658942315,2.771470781217993,3.6653806897648242,0.33999377007988835,5.680696572719249,28.840348286359625,-1.9696361183342093,-0.00027998754015977665
1581.333289937602,1.4816004878165718,4.189565963554608,2.750284202764513,3.6405725144672085,0.3474157681526086,8.957390771434302,30.478695385717153,-2.018627494729254,-0.0002948315363052171
2181.5642832661306,2.2447882240905725,4.172500575699658,2.7593941008559133,3.6602285108959034,0.347842215627959,8.19566466461676,30.09783233230838,-2.018963145626045,-0.00029568443125591785
2043.4067402805485,2.050747798933088,4.178043481258087,2.7621432073051513,3.653013633846729,0.3453807265854337,6.999039645745705,29.499519822872852,-1.9883945291057707,-0.0002907614531708672
2511.856959560412,2.404267311217768,4.192382232416562,2.769992211760217,3.6766129473837688,0.3410794044130318,6.418785262500051,29.209392631250026,-2.029382747425653,-0.00028215880882606344
1840.0035378338505,1.9039903275009935,4.167645327316014,2.744234675654484,3.6948545965313215,0.3537650766623408,8.015403092716378,30.007701546358188,-1.9869187961141959,-0.0003075301533246815
2226.418556153459,2.0696986768622407,4.200671592170296,2.765247949652933,3.6745145203543954,0.34156878285140985,7.201906497085814,29.600953248542908,-2.050095702595168,-0.00028313756570281953
2562.957600380415,2.7757096861403117,4.172907822397624,2.76936496964317,3.7003669577194125,0.3454613263117679,5.74169489628445,28.870847448142225,-2.023019074630485,-0.00029092265262353577
2779.896429423963,2.80248095922364,4.174971536378918,2.7607982874715384,3.6911492463111673,0.34710279177815134,7.18067803247659,29.590339016238296,-2.0170397110234517,-0.0002942055835563026
1640.3641835179221,1.7337031771917566,4.166068364036434,2.7399603289031678,3.7021333375895615,0.35610786822225404,9.425919937125032,30.712959968562515,-2.0068897830568386,-0.00031221573644450793
2420.1657892878366,2.5307317845867523,4.167241917634344,2.7594325795911336,3.70775200355244,0.34888262470820985,7.700081148420569,29.850040574210283,-1.9891625202955205,-0.00029776524941641967
2333.52900860376,1.9493441939914333,4.203932392337336,2.7523201388827765,3.672894288604565,0.3437712351736714,7.919253012862727,29.959626506431363,-2.0144938450709233,-0.00028754247034734284
2497.9671447818637,2.375210284632338,4.178421773221895,2.7585566549670384,3.6310602398340666,0.3459211350508713,6.006854311546445,29.003427155773224,-2.0209774257915236,-0.0002918422701017426
1444.268124979876,1.4956516342290926,4.16873179924924,2.7353788141871096,3.675894971933093,0.35702375912327966,8.952078939686741,30.47603946984337,-2.0299966572643813,-0.0003140475182465593
2142.244174916739,2.06419056462564,4.180048152361487,2.7495144423656073,3.6536018968181248,0.34940088493902527,7.744706909195931,29.872353454597967,-2.021261900142477,-0.0002988017698780504
1552.8499637562477,1.5704102835205846,4.170576548289561,2.742730317634119,3.6948879242441337,0.35360478060120093,8.916219474744874,30.45810973737244,-1.9864358241774926,-0.0003072095612024018
2842.6677538700987,2.6301914055830267,4.185880661564898,2.762781712012261,3.666326193342637,0.3436608038522533,7.828984890648697,29.91449244532435,-2.017154844651046,-0.0002873216077045065
3492.98254291337,3.203659821853778,4.19461521134325,2.7753790920199175,3.6607761646371197,0.33838180062933043,5.605155553920981,28.80257777696049,-2.0412999462030714,-0.0002767636012586607
2432.267683018307,2.074404614472178,4.2004370732531155,2.7545568195133012,3.68053064036925,0.3436067985541495,9.07640497106945,30.538202485534725,-2.0006016108770437,-0.00028721359710829887
2385.026650565515,2.248321972596747,4.188054761728123,2.7557790381717995,3.694753142212017,0.34679619437168047,6.5936773560559905,29.296838678027996,-2.0534225923881158,-0.0002935923887433609
2430.900696044631,2.3138248516008186,4.190746790964375,2.7628488655255756,3.6538223190724404,0.34368943991775996,7.123486066020836,29.56174303301042,-2.051165054923996,-0.0002873788798355199
2897.6427247453917,2.9160272009443937,4.18125777437348,2.766106504137266,3.671729075538754,0.3448621730617019,7.671043113547941,29.83552155677397,-2.06627841620286,-0.00028972434612340364
1687.3857201413493,1.6340334200588325,4.185473209921005,2.7470949945589314,3.648921794271965,0.34997876193669997,10.169524839653562,31.08476241982678,-2.054113765329633,-0.00029995752387339985
1551.4303946923626,1.5949018673969888,4.167556086081656,2.744523727656657,3.6449796093934834,0.35332876337101965,6.763405103283835,29.38170255164192,-2.0110762399270836,-0.00030665752674203926
1797.7283065265426,1.7790899329018568,4.1795137416001635,2.7577791868945782,3.6378740853898224,0.34662536174300873,7.421774535698285,29.71088726784914,-2.012311200575267,-0.0002932507234860174
2700.946696735908,2.2921663153268805,4.206624483180087,2.767530798511081,3.6697781451712133,0.33894359999356316,7.071025249604877,29.53551262480244,-2.058025595383619,-0.0002778871999871263
2582.3409416100726,2.610671324361225,4.172068850675082,2.768346724849144,3.6436198825513335,0.3442228992508934,7.149362382220401,29.5746811911102,-2.013622438367667,-0.00028844579850178674
2842.693619758733,2.65676236394337,4.185067163763522,2.7733917243487523,3.6533635572879857,0.3398443797734324,6.724158065911252,29.362079032955627,-1.9988795493636973,-0.0002796887595468647
2723.162236274605,2.707815317958592,4.182873322917109,2.769429494891509,3.675840283078039,0.3431371788785547,7.005124337058726,29.502562168529362,-2.0453945875322024,-0.0002862743577571094
2380.125005531722,2.5518443460998994,4.1677665115114575,2.770527267766672,3.6592077161047767,0.3448498043891016,5.430439479671544,28.71521973983577,-2.001448484301234,-0.0002896996087782031
3059.6812064659525,2.6729304595926697,4.205788448407094,2.783472867473027,3.7187442421229684,0.333654786551032,7.0838687278593,29.54193436392965,-1.98745577249603,-0.000267309573102064
2002.036172018651,2.1257264154280042,4.1634218772826035,2.760051752790558,3.6463278822639604,0.3486332875980531,6.43571577578135,29.217857887890673,-1.9913868150725549,-0.00029726657519610615
3011.903126269033,3.253280794929018,4.165939352400253,2.7740257688283334,3.659957777398536,0.3437845787151266,7.415040704311242,29.70752035215562,-1.9875399489096386,-0.000287569157430253
2767.5041576689655,2.7603003500753953,4.182831578781621,2.7660625940791594,3.6957860007873076,0.34420941895523854,6.965776896734516,29.48288844836726,-2.018521966938715,-0.0002884188379104769
1446.6841521627682,1.2232749115917247,4.208020943915646,2.748096044055044,3.676287190431926,0.34530974068537873,9.852506986795172,30.926253493397585,-2.0444505279193024,-0.0002906194813707574
2737.7783865891975,2.4853203823379304,4.19507546256336,2.764104478782769,3.714465514324773,0.34221957831856975,6.682789899966681,29.34139494998334,-2.0037139435905176,-0.0002844391566371395
2934.8836923745057,2.706376859087802,4.199532698371284,2.7770083520809306,3.6619225049872433,0.33737665477767137,7.085122176391784,29.542561088195892,-2.0461332254047515,-0.0002747533095553427
1141.6160063008692,1.1504943297345376,4.173257681232987,2.733925373910993,3.676055680449483,0.35660773810212165,9.405095933243544,30.702547966621772,-2.0319969128853277,-0.00031321547620424324
2612.282227646409,2.8061126261317586,4.170438173764316,2.761997175695764,3.694766131789025,0.3484942961603739,7.9390047268750585,29.969502363437527,-2.0459528126769846,-0.0002969885923207478
1962.1588468652158,1.8561596091051025,4.191235480935169,2.762224913107378,3.6429643909732756,0.34348854104624044,6.389287676754209,29.194643838377104,-2.0399814720916094,-0.0002869770820924809
2947.397578046656,2.8812731895972936,4.186667047410789,2.7690779840778363,3.731715833495855,0.34289252695358236,7.478872462090078,29.73943623104504,-2.0140783239558875,-0.0002857850539071647
2008.7009675936258,2.1677751385652493,4.165800669569538,2.754332649781778,3.7107084592332846,0.3514246278853446,6.257396314202409,29.128698157101205,-2.000031362027621,-0.00030284925577068924
2742.3675158255705,2.96897955975208,4.161443853498525,2.7552501590376868,3.704109628593395,0.35218246970937156,5.857812270885251,28.928906135442624,-2.0402435803021994,-0.0003043649394187432
1816.7943343132147,1.5712903215137344,4.203682129930053,2.7562948964951257,3.689609411587726,0.34305282575734425,6.550507079347049,29.275253539673525,-2.0108122132014215,-0.00028610565151468843
2068.611517124695,2.012009078142612,4.1841890485736855,2.756927202608439,3.7036414743481716,0.3470655135338302,7.751168617681682,29.875584308840843,-2.0260906577864324,-0.00029413102706766033
1501.098152568563,1.309241280722038,4.203079079560407,2.7467974117603378,3.671417531523924,0.346663551714958,10.680704613801044,31.34035230690052,-2.0419248971308677,-0.00029332710342991596
1454.4083317895736,1.4009642729220078,4.181019833776417,2.749852431351335,3.64679376847558,0.34842217457997515,10.642689344946138,31.321344672473067,-1.9684600839866297,-0.0002968443491599501
2474.6021777494734,2.3947179652824953,4.173929693609127,2.759680752284809,3.6752285064042325,0.3463635915708616,7.872149332961227,29.936074666480614,-1.9736503443837603,-0.00029272718314172315
1446.0482872884602,1.3422960633184724,4.1918375258916445,2.754478557218545,3.679752269116331,0.34552107061979404,9.30623809136263,30.653119045681315,-1.9796733073502997,-0.00029104214123958793
1679.634556223457,1.7885739961298608,4.173553285676523,2.752135171691993,3.6955986665570304,0.35123419884624224,8.325353318209466,30.162676659104733,-2.0345510405855722,-0.0003024683976924844
2815.6299254615565,3.053400647112937,4.169024155707578,2.7710095489421573,3.711283411161079,0.34510276335414053,6.686341195659729,29.343170597829864,-1.9886134521680763,-0.00029020552670828097
2123.9953881235256,2.3157819931892174,4.171010376755837,2.766438965646618,3.6649352473076915,0.34686133109564105,6.764114100487549,29.382057050243773,-2.057581637615535,-0.00029372266219128196
1527.2579317074715,1.349310872261441,4.201734140392332,2.7597850925099836,3.651592263597105,0.34195151337106033,9.488107398872124,30.744053699436062,-2.007726749680665,-0.00028390302674212057
2540.8331039240825,2.4514379362413465,4.190520591647078,2.7634737211441824,3.7084443082273424,0.34404138667911127,8.0277559357936,30.0138779678968,-2.0318894902810753,-0.0002880827733582226
2443.615055242248,2.3334241283652646,4.183443934902007,2.770680194714119,3.641161217133856,0.34103085589521026,5.692440779102866,28.846220389551434,-1.9970621970503983,-0.0002820617117904205
1811.0377969258625,1.9332464641688596,4.162795285681772,2.7434301107968366,3.6398531849281333,0.3552183187783579,7.472856045618044,29.736428022809022,-2.0468967685532493,-0.00031043663755671573
2283.2866362331188,2.1004215680929788,4.186338272200891,2.753325945120214,3.688834600248376,0.3467096883382677,6.004644369178409,29.002322184589204,-1.9924903569240882,-0.00029341937667653534
1435.763287519501,1.4433304792146464,4.185282648337123,2.7519596733253406,3.7093210888052695,0.34888813484851944,7.504658174096596,29.7523290870483,-2.0035755680857252,-0.00029777626969703877
1707.7596899007387,1.4940423147339361,4.202713442161637,2.7488479964619064,3.7066112486173437,0.3462632443218104,9.63450610209526,30.81725305104763,-2.0230197480688585,-0.0002925264886436208
2694.288904687576,2.6355886109694375,4.180146362855055,2.762142602639166,3.6818571862994056,0.3457926337029422,5.94985668778087,28.974928343890436,-2.040818630208647,-0.0002915852674058844
2609.038211531621,2.5271359917261424,4.182285760240316,2.7564882099443637,3.6965939513249846,0.3474471988515305,7.67890118989247,29.839450594946236,-2.0367372847430283,-0.000294894397703061
2549.524011255497,2.8104781772437444,4.166545933890853,2.7668625844710784,3.7008139939158404,0.3473323027670714,5.555775377138912,28.777887688569457,-2.0177820296412268,-0.0002946646055341427
2001.6009858445555,2.177709118695215,4.166995843216495,2.7592898767260605,3.673832569519891,0.3497593087504922,8.134377576528594,30.067188788264296,-2.042465204874547,-0.00029951861750098435
2588.357404295129,2.542479407575721,4.185817295225779,2.7733300965555525,3.676667628764336,0.3413462888566995,6.420725489224241,29.21036274461212,-2.050941133644799,-0.00028269257771339884
3033.4647818444623,2.9492464459932246,4.1872169314690515,2.77274176224915,3.7006938948982655,0.34131802745303774,6.4296400712646875,29.214820035632343,-2.036496306220601,-0.0002826360549060754
2216.6370926259556,2.0976059440532504,4.184788719033717,2.753684188324663,3.6541012129679498,0.3473965840165801,8.142663275545566,30.071331637772783,-2.041841336598541,-0.00029479316803316004
2461.6908143700502,2.6558293348718243,4.15533809066001,2.756676907060599,3.6539509305448847,0.3514851561013911,7.134637994587864,29.56731899729393,-2.0123025942619726,-0.00030297031220278214
2208.3900141606346,2.3790461544564687,4.1703373859809805,2.76475162680109,3.6527702581629504,0.34690664643146296,7.090368505468399,29.5451842527342,-2.0336385817418896,-0.0002938132928629258
1381.5270841409706,1.2397678113250172,4.202623456402508,2.75982286075793,3.6671746071109665,0.34223821486337785,8.823849860728336,30.41192493036417,-2.0120394454378028,-0.0002844764297267556
2098.5798308350777,2.3504239117204877,4.1592898428250855,2.757250443325967,3.6527505927284936,0.3512854998986408,6.3173099599166145,29.158654979958307,-2.0202059462961004,-0.00030257099979728137
2547.827910185544,2.2113780893625474,4.198316593616169,2.7661822196983503,3.6531308858940696,0.34004646978242714,7.52156803567832,29.76078401783916,-2.0196648601939717,-0.0002800929395648542
1904.4646515315253,1.6713136422522843,4.196517159214595,2.7592821794021045,3.647318994075199,0.34218805025384486,9.303718386706516,30.651859193353257,-1.972909026565932,-0.0002843761005076896
2476.1242930546614,2.2497280053245086,4.197298000967232,2.77277912694747,3.6838499495277524,0.33859465278498135,7.882254481072702,29.94112724053635,-1.9998688950040684,-0.0002771893055699626
2417.4785158903132,2.071664631947801,4.204704462117232,2.7676015839266856,3.6744912012664135,0.33884825206486097,7.176745174296722,29.58837258714836,-2.0159579017052733,-0.0002776965041297218
2061.476680080929,2.200174034512916,4.166329067203504,2.748403314115465,3.7201137285936423,0.35366950554644766,7.357517512526846,29.678758756263424,-2.013114972944662,-0.00030733901109289516
1842.6078318651,1.901899825026255,4.165710275675214,2.752364328973204,3.665289971922596,0.3505045234946477,7.461163076753422,29.73058153837671,-1.9616589038588943,-0.0003010090469892952
1348.5493233954992,1.2227575278846683,4.1905936007584845,2.7414907300130626,3.645527655654259,0.3500806673614009,10.336889418408234,31.168444709204117,-2.030444923024824,-0.0003001613347228018
1475.0520939538467,1.4381985419561174,4.186789404453341,2.756572657869178,3.688510354491887,0.34621664498457894,6.588280395956179,29.294140197978088,-1.987024711003192,-0.00029243328996915777
2619.2821427577774,2.6821725418251514,4.1694578724188665,2.754519597058548,3.668245342361671,0.35023983728552466,6.348379810408735,29.17418990520437,-2.040361613881143,-0.0003004796745710492
3066.216011982156,2.807296655393358,4.1888056682054104,2.770858279905811,3.6602239804355663,0.34027967224818495,6.130536426148328,29.065268213074162,-2.014168563705753,-0.0002805593444963698
2068.0818588110424,2.038959573551671,4.177461335023511,2.754449502899688,3.659322261202567,0.3481581589803986,6.059221163210909,29.029610581605453,-2.003077481287081,-0.0002963163179607972
2678.675592689799,2.481034347950553,4.1913637169321305,2.7741684417290973,3.663838110372173,0.33887284485521163,6.943545538996123,29.47177276949806,-2.0011035987174464,-0.00027774568971042325
2376.706518078868,2.3656664367920834,4.175284760174387,2.7619243437970398,3.6549454143264346,0.346401584875618,7.664894671498071,29.832447335749034,-2.0407657394402974,-0.0002928031697512359
2574.507462593955,2.7131060549412553,4.175627597075592,2.7713575901737877,3.693171652283518,0.3442478584479221,5.4537008516768894,28.726850425838446,-2.040424712933403,-0.00028849571689584417
2026.0757662486,1.922895576895828,4.189061092421977,2.7490688628764843,3.708666481782437,0.3488882239534848,9.545261987848882,30.77263099392444,-2.020133767550844,-0.0002977764479069694
1719.8066716202661,1.4196874644337862,4.207305249443087,2.7509566126610716,3.651601372777711,0.34376200484897257,8.643697805902313,30.321848902951157,-2.037788704422648,-0.00028752400969794513
1316.3591567427852,1.4206990137950815,4.167550825267698,2.74817495942721,3.64598474371623,0.35297604783421954,9.548771028602152,30.774385514301077,-2.034176878542284,-0.00030595209566843917
3077.6411307348494,2.75389980143864,4.195272385390895,2.774180575888446,3.64385248799625,0.33798737992888567,7.519284948561331,29.759642474280664,-2.028255541398484,-0.00027597475985777133
2118.2091203656123,2.1562712325751017,4.183570389325259,2.7619166458410365,3.660842195612163,0.3457611818486134,8.04804364863806,30.02402182431903,-2.046608225560085,-0.0002915223636972267
1347.3261980025643,1.189881432115993,4.203103120353207,2.753324548043894,3.6862905805092594,0.3444557117476219,10.35280922360893,31.176404611804465,-2.0168572787036307,-0.00028891142349524374
2812.041336333502,2.817027717283625,4.172907013818728,2.7643816270422716,3.710777350205968,0.34583128898928445,6.069509531810654,29.034754765905326,-1.9820473392707634,-0.00029166257797856885
3074.768815478703,2.716841384187246,4.20234597259949,2.7838155511736833,3.678975192856434,0.3338591975748279,6.5222993052903,29.26114965264515,-2.003513542702353,-0.00026771839514965574
2619.4586469209326,2.7639493068874095,4.1607846466139025,2.760234441530461,3.6360622817113954,0.3489627595653402,5.674890902182866,28.837445451091433,-2.0185819744434683,-0.0002979255191306803
2185.4266395624063,2.0926466569289586,4.193697873216039,2.7692555087118245,3.712012759066972,0.3413212879739889,6.231412680224844,29.11570634011242,-2.009393919217332,-0.00028264257594797784
1550.9728802123614,1.4583766209481839,4.192002310623091,2.748920327008539,3.699460907206529,0.34834629756688684,7.592777575503708,29.796388787751855,-2.022891175884083,-0.00029669259513377357
2143.166477810014,2.288055376976655,4.17397440572401,2.765693732490549,3.671407829980928,0.34636899859435333,6.15938785706944,29.07969392853472,-2.043725016503164,-0.0002927379971887066
2113.77294078841,1.8723679365045438,4.199262187465055,2.767165522556644,3.6723583896839216,0.33975009243596865,6.6859167280907785,29.34295836404539,-1.9909796255199967,-0.0002795001848719372
2915.9073419630995,3.1747901055887158,4.165275721791407,2.7695259646728867,3.674664072111204,0.3460378521881026,5.670335101973217,28.835167550986608,-2.010264224927004,-0.0002920757043762053
2129.872347367072,2.40393759748013,4.161185652747421,2.768588135572775,3.7102600774935577,0.34735907413302153,6.432300754696798,29.2161503773484,-1.9815923554742942,-0.00029471814826604296
2872.898722179487,2.4404014541751753,4.204493803386644,2.7736212431129053,3.6706467906931435,0.33613886904883583,7.921465337255682,29.96073266862784,-1.9688873410795433,-0.0002722777380976716
1871.4393896228,1.69023340076986,4.20032756253546,2.7586530122789323,3.7032441196690815,0.34340417926465777,9.005085673882089,30.502542836941046,-2.0142638546319214,-0.0002868083585293155
2880.419013070562,2.805879814666441,4.185162833002188,2.7730899019762254,3.6951785217741913,0.34079459060803063,6.300685957835083,29.150342978917543,-1.9868474535541145,-0.00028158918121606126
2885.994091206254,2.5402186474322956,4.205572905478999,2.7749197384368633,3.6747624712346734,0.3365733768295357,5.8492949345729315,28.924647467286466,-2.014034150948007,-0.0002731467536590714
1799.4493354545048,1.8278503351232889,4.182181086568709,2.756659262751942,3.7188354766134557,0.3480753657553175,6.214895066191872,29.107447533095936,-2.0146935329654965,-0.00029615073151063485
1443.02206859423,1.5455196403698366,4.166962672445229,2.7425768391056553,3.641257945020496,0.35501226872600256,7.20206097114256,29.60103048557128,-2.046712791497846,-0.000310024537452005
1493.5771013185702,1.5523456727125835,4.165894564151596,2.7382281375340933,3.6713627009273457,0.3563260844800801,6.615551452774298,29.30777572638715,-2.0235101950009002,-0.0003126521689601601
3379.814047029429,3.1268244158995446,4.189232055540598,2.7766953046300196,3.650400454242926,0.33805594200204675,5.563811932588457,28.78190596629423,-2.0020010541942685,-0.00027611188400409334
2052.101816130343,2.2436615499682233,4.154898947882016,2.752452683014003,3.66620014051289,0.35292196622870275,6.668206526834739,29.33410326341737,-1.9822285054988216,-0.00030584393245740543
1803.5564277293174,1.5681318593432452,4.203840043593916,2.7549246004633585,3.67352811025202,0.34350489859303035,6.513731692929254,29.256865846464628,-2.0185463059808173,-0.0002870097971860605
2197.2407027816803,2.1402546002719993,4.181659669534159,2.7592817012428705,3.6395265349196957,0.345649153955538,7.011328380051046,29.505664190025524,-2.011273642225316,-0.0002912983079110759
1587.2054651074725,1.6601544201158702,4.166915364389507,2.7524038039582504,3.652463453721042,0.35050512463375977,8.650655269807624,30.32532763490381,-1.9741032027639498,-0.0003010102492675195
2803.3209644503327,2.7972820791188364,4.188550381911343,2.77449259003284,3.723954190415075,0.3410702688903105,6.964314913662466,29.48215745683123,-2.0298456577816895,-0.0002821405377806209
1774.489147929766,1.6921087983125982,4.19244876353606,2.751635163159753,3.654866396083949,0.3475825222229401,8.413099373524963,30.206549686762482,-2.067569480635004,-0.0002951650444458801
1580.5725483676472,1.5023918341695104,4.1878844780377005,2.747145538084088,3.683764587371973,0.34975655159330976,8.355595915134966,30.177797957567485,-2.0514521632206097,-0.0002995131031866195
2172.744419592692,2.23683759333262,4.161465884361264,2.7514970832831773,3.660593860008217,0.3514007529909063,8.439572255259224,30.21978612762961,-1.9709175901015874,-0.0003028015059818125
2238.814807202073,2.4497521927581487,4.160905503539246,2.758695734808076,3.68774920541318,0.3503939672364402,7.375241770479195,29.687620885239596,-1.9963001570018435,-0.00030078793447288027
1321.9539794475259,1.3639372997280401,4.166313874531996,2.738843763259421,3.6494330948692464,0.35569616309854934,8.657538383230353,30.328769191615176,-2.0218291891434816,-0.00031139232619709865
1750.6188459890006,1.743016423188585,4.1850799218564365,2.7539325691900975,3.688326212219346,0.34809137963966635,9.158366308606086,30.579183154303042,-2.025954512207377,-0.00029618275927933264
2188.135590397991,1.8668632018361102,4.201938310938765,2.7606339255364696,3.678662066210737,0.34138524176700236,6.989252139273582,29.49462606963679,-2.004043478030475,-0.00028277048353400467
2841.0537571220298,2.880390151351712,4.168177642673194,2.764018312239365,3.6468997844982765,0.3462041580720757,6.631953687336187,29.315976843668093,-2.0026680507187007,-0.0002924083161441514
2502.5616914136845,2.327043177773068,4.186391162619973,2.7602797231393,3.640727569827419,0.3442707251254845,6.952957734432819,29.47647886721641,-2.0219680187602047,-0.000288541450250969
1670.7982430751774,1.4979979685749687,4.186828042685289,2.744841901212807,3.6127384215564815,0.34855240507137536,6.640034465536289,29.320017232768144,-2.017622840033582,-0.0002971048101427507
1558.811240940754,1.4857539374584507,4.189213154902355,2.76211541765337,3.6758354766159425,0.34337268995158404,8.387734662285803,30.1938673311429,-1.9691343192934887,-0.00028674537990316804
2271.0476630782823,2.3787668834605995,4.157345219038126,2.752461376217222,3.6621879405459303,0.3518390363095323,6.587051502568507,29.293525751284253,-1.9697491219428072,-0.00030367807261906456
1585.6601823587505,1.6518972437936432,4.1800056667218675,2.756188261935723,3.6792168041330395,0.3485479239392222,8.335424937216617,30.167712468608308,-2.0366523465482573,-0.00029709584787844425
1635.2662809492715,1.5061456698952822,4.191512969004302,2.742936303234033,3.691803467493974,0.35025452301662124,6.683974281122425,29.341987140561212,-2.036443671029777,-0.0003005090460332425
1816.9978560557718,1.8184390290205161,4.17010132921176,2.749784445505456,3.626936959624176,0.35070694644435446,6.070840078795625,29.035420039397813,-2.0256049393307247,-0.0003014138928887088
2869.3882607705127,2.9231003979694017,4.16994709603735,2.764271872328754,3.6498594359011354,0.34610035974484576,7.317274646464849,29.658637323232426,-2.010371050697941,-0.00029220071948969146
1707.3756218957453,1.8349331300667269,4.173520644823435,2.7562246102106687,3.6774739718022134,0.3495184821866906,9.172507027470164,30.58625351373508,-2.0200560799235765,-0.0002990369643733811
2745.054150387292,2.3052026632181972,4.201195866388699,2.76819859020525,3.6433865260048073,0.3385290220106503,6.161074227376185,29.08053711368809,-2.0282895647038175,-0.0002770580440213006
1383.6634710550582,1.4496252037636177,4.170887424135165,2.7421863222159573,3.6682038413801124,0.3545679455977564,10.020592413930896,31.01029620696545,-2.039117314699523,-0.0003091358911955127
2816.6933690319734,2.48476261205802,4.196028056097567,2.768076654760088,3.651854633568911,0.3399920788264165,7.7145085648022675,29.857254282401133,-2.0314853834194353,-0.0002799841576528329
2016.156955544776,1.8277214445173495,4.204900142843021,2.7662701106268477,3.6781314066787183,0.3404477374340952,5.958407288779233,28.979203644389617,-2.0508445839684493,-0.00028089547486819026
1763.1259880360494,1.6547891196405788,4.193098513055302,2.7582869605398277,3.6983741522734705,0.3448255505064008,6.682246111958759,29.34112305597938,-2.014345587732253,-0.00028965110101280157
2283.076612444411,2.403601129042529,4.158148631945328,2.752967997363086,3.634244687182031,0.3515373635348557,7.556077821469502,29.77803891073475,-1.9958840294051898,-0.00030307472706971137
1988.2137001655328,2.067894873449845,4.169895040469345,2.7483584715423612,3.6576921129244555,0.3525057469444751,7.97245524241658,29.98622762120829,-2.0496719789929907,-0.0003050114938889501
1305.988999880317,1.3624541784393642,4.170445827115355,2.7393314429103564,3.702119118982775,0.3558912751527804,7.989701699566818,29.994850849783408,-2.030027431150672,-0.00031178255030556065
2926.2776421783237,2.5896357491843442,4.199921850205408,2.7743884638242347,3.680858209362652,0.336978044985467,8.078828833764254,30.039414416882128,-1.9658798673812286,-0.0002739560899709339
2811.625976971687,2.5416272625439613,4.189524282788003,2.7670875501922674,3.635424752383383,0.340989051779245,5.629507397284563,28.81475369864228,-2.018472478312843,-0.0002819781035584899
1568.9934773708605,1.5466766948025072,4.178275678322893,2.7407779523887617,3.6459926061317582,0.3532438425544301,6.878299744148878,29.439149872074438,-2.052501942658151,-0.00030648768510886003
1193.1254806214554,1.2407128538903585,4.169895429329234,2.7465740162357735,3.6379384852866985,0.35215654089156545,8.30011599813008,30.15005799906504,-1.995742212801722,-0.0003043130817831308
2201.5762615353437,1.9529444643606928,4.200354938703496,2.762212627906342,3.7142098642093466,0.34196415728297413,6.538799666130423,29.26939983306521,-2.004379447562734,-0.0002839283145659482
2562.275346323759,2.189363133089838,4.210903624344126,2.772287998665935,3.6552113957188523,0.3366754123023004,6.845074241622706,29.422537120811352,-2.0473441099797114,-0.00027335082460460075
1691.7695290527345,1.7584790913039072,4.169795219181306,2.7468256036912364,3.711136916990509,0.35336711942597737,8.47872932386254,30.23936466193127,-2.023037211640058,-0.00030673423885195473
2408.4746646198487,2.2464314738745004,4.181496441240158,2.7633770106746485,3.670781585893839,0.34354843246564937,6.063096783429529,29.031548391714765,-1.9680591559446745,-0.00028709686493129876
2831.217781459745,3.043142641210457,4.155798436355746,2.7557274172692696,3.677940327653811,0.35190373120081786,7.311861964469076,29.655930982234537,-2.004694949756364,-0.00030380746240163566
1713.3744341650001,1.7964815288226663,4.160726758636561,2.745911055737636,3.647990508514429,0.35389666409355874,7.876695810043277,29.938347905021637,-2.000278279084269,-0.0003077933281871174
2318.5014361669514,2.253448898618671,4.184177045955207,2.766988248845999,3.655658993866645,0.34316114575209866,5.484582089726898,28.74229104486345,-2.0353143184115057,-0.0002863222915041973
2614.3050700043896,2.6755888688529277,4.164849946870993,2.7602401172480566,3.6707111671353365,0.34833995194256023,5.579650979780793,28.789825489890397,-1.998185540025015,-0.00029667990388512045
1600.62203903444,1.521709857254173,4.18516524084533,2.752136898540082,3.666057765961963,0.34755820619322286,7.357725208520043,29.678862604260022,-2.000279758429674,-0.00029511641238644574
1836.0986072325934,1.5957852344229508,4.200710224157341,2.762433491728117,3.659576012350593,0.3405494867172944,9.408245786693007,30.704122893346504,-1.9655523402824406,-0.0002810989734345888
2403.6098339964337,2.121680019058515,4.197442112024099,2.75639846838766,3.679184347094986,0.3439602073002694,8.912408463618283,30.456204231809142,-2.0162009990789054,-0.0002879204146005387
2170.0281036003803,2.0011815545861693,4.1931700933655005,2.7636033845724635,3.6679625424411735,0.3421670645032965,7.429669732413357,29.71483486620668,-1.9915530724384012,-0.00028433412900659297
2592.246859539074,2.3658769174930625,4.19796608440345,2.7737818079712246,3.671080141467149,0.3382835108015487,7.741658051672452,29.870829025836226,-2.0154126310444815,-0.0002765670216030975
2983.17407801714,2.6632206245560544,4.198715521581178,2.776094787853741,3.6501223535301794,0.3370349889766974,7.338884354691682,29.669442177345843,-2.030613511487699,-0.00027406997795339485
2107.206654083865,2.1987528839283748,4.176235335929201,2.7681276413376734,3.6998233196122725,0.3446564554237624,5.612122017693875,28.80606100884694,-1.9967533641309243,-0.0002893129108475247
2500.2020927014073,2.263030530436296,4.196487077319248,2.766396267123993,3.6439577703264368,0.34061365072835376,7.193101340488275,29.596550670244138,-2.0183006533735126,-0.0002812273014567075
1470.0599510787129,1.5624289530239097,4.165605136654504,2.739552276723361,3.706023009874839,0.3567280152421304,7.98395669223546,29.99197834611773,-2.0276291100010653,-0.0003134560304842605
3059.4690086925625,2.9112622287886887,4.19385364291238,2.7781952591382884,3.72485438854852,0.3381056126696551,5.846391709738412,28.923195854869206,-1.9934308813031494,-0.0002762112253393101
2954.0548418349526,3.006446964969601,4.176610654195996,2.7712549002824827,3.680357088476855,0.34304264128810336,7.421926732293197,29.710963366146597,-1.9984215112547856,-0.00028608528257620673
1580.9793188597284,1.405555708341486,4.198764452295044,2.7559283892948843,3.657000307728464,0.34370630800196955,9.123544618394932,30.561772309197465,-2.0036324798668534,-0.00028741261600393896
2547.8570113964565,2.817623551337975,4.169449568926543,2.768819091758664,3.7212023779881855,0.3465674971653466,5.864178323676721,28.93208916183836,-2.017947666685516,-0.0002931349943306933
2812.160684978781,3.106677780495249,4.1609726240914515,2.770440748195134,3.656230787740338,0.3458799245866138,6.2500140924985725,29.125007046249287,-1.985844075369451,-0.00029175984917322755
1853.1668736216977,1.5492432357367116,4.202567249205809,2.7580593156400153,3.656076686363325,0.34133310766371416,6.831697895451396,29.4158489477257,-1.969559525947805,-0.00028266621532742824
1843.5717478234615,1.6531834542170798,4.195723145649344,2.7530580549960604,3.6837689835217904,0.3453207275616272,6.346492507512099,29.173246253756048,-1.9948565933995588,-0.00029064145512325425
1801.6972239268537,1.8426353167747436,4.18234097113784,2.7594131236207025,3.673839449796688,0.34688920929511274,6.602971182348287,29.301485591174142,-2.0392188067535533,-0.0002937784185902253
2532.95702994856,2.55577043958547,4.172029786644643,2.7592539778990806,3.658472446284237,0.34791116203284994,6.517072611252617,29.258536305626308,-2.0363801082087605,-0.0002958223240656998
2684.908328062265,2.3941751370895417,4.2018544648719764,2.776919696316616,3.6664450171525926,0.3363933189358733,7.640218471756664,29.82010923587833,-2.0141218655806417,-0.00027278663787174665
2152.960565068875,2.2443126562262807,4.1745249476650415,2.7613208199958725,3.694135639190415,0.3476571912871967,6.36292567972132,29.18146283986066,-2.034429261939088,-0.0002953143825743932
2240.436683441339,2.2732820600601866,4.1787273091269626,2.767018523578438,3.712414730359705,0.3444363294353047,7.018242501596841,29.509121250798422,-1.9888001063642555,-0.0002888726588706094
1841.7450220486287,1.8175799043478051,4.1915091995454175,2.763569233458031,3.7158917560179145,0.34403091251551204,8.695021911228508,30.347510955614254,-2.0119591407075976,-0.00028806182503102396
2027.0964988471783,1.9159343766583303,4.1985670826460675,2.7633275990602115,3.7104573082951435,0.34265914427424427,7.981895634450524,29.990947817225262,-2.0134780608065395,-0.00028531828854848844
2060.1128351429793,1.7280123044393143,4.2040929724306055,2.7548249023924583,3.6891058624392583,0.34278097907390137,6.6488729382013165,29.324436469100657,-1.9836820026789965,-0.00028556195814780257
2369.988175111996,2.3548032009154376,4.180970117754551,2.7669308246531594,3.6746245675870735,0.3432223751460079,5.914616375552277,28.95730818777614,-1.9678880359582622,-0.0002864447502920157
1709.7097076401483,1.8551480778071698,4.158958410944224,2.7449447866103505,3.6389960282928047,0.3550703727220451,7.072339967059376,29.53616998352969,-2.0226723204553116,-0.00031014074544409017
2292.310011928117,2.1305356008338765,4.190069501859767,2.7528944761558436,3.7180534554294375,0.34724062713730325,7.232599406169667,29.616299703084835,-2.0137898477125975,-0.0002944812542746064
1504.0681219828618,1.5938906379686846,4.177525761806453,2.7489158294876255,3.7155217024098826,0.3518600586654793,8.384714179054368,30.192357089527185,-2.013272771562373,-0.00030372011733095853
2388.3473655787398,2.5464728254055498,4.159323154197769,2.7575319348308134,3.6800921766297705,0.35012344031885034,7.309812198371766,29.654906099185883,-1.9602986039053856,-0.00030024688063770067
2493.9828195746422,2.610895416423447,4.171672139680639,2.7598233951287847,3.686215631332409,0.3482495000437865,7.084116991872511,29.542058495936256,-2.014532267074031,-0.000296499000087573
2205.111297112307,1.9800014440422875,4.195497009734421,2.7564566630959493,3.6698436524688423,0.3443894382763777,7.467848565473442,29.733924282736723,-2.0231244834800575,-0.0002887788765527553
2084.9379042585306,1.8311561855877891,4.199283264615959,2.76866703235858,3.6685674261365806,0.3388683140828816,7.244242514101168,29.622121257050583,-1.9720055066726094,-0.0002777366281657631
3027.722649922997,2.5794628183698025,4.20298623840078,2.76390682426309,3.683094718021587,0.3404426404408157,8.076483229977438,30.03824161498872,-2.028955807839352,-0.0002808852808816313
2368.7220719687316,2.1836954372200394,4.187550558547733,2.762635698395186,3.6644132228520627,0.34301364219789776,8.331615768523916,30.16580788426196,-1.9815671554987448,-0.00028602728439579555
2678.779841407201,2.562668763207261,4.181254745621831,2.7648088289945396,3.6360862557890727,0.34338067744179523,6.892022422746749,29.446011211373374,-2.0051545203594765,-0.0002867613548835906
3678.715049455597,3.1541325473316686,4.206651193948666,2.7857594726535293,3.705266453983764,0.3322581506052527,5.755690273321689,28.877845136660845,-1.97550915969052,-0.00026451630121050523
3189.198341948697,2.6985236434169706,4.207563973376628,2.780013041565543,3.652100777080698,0.3340469183824498,5.961225444253269,28.980612722126633,-2.033543495735655,-0.00026809383676489957
2314.99669794444,2.11766429767974,4.191117911031863,2.7607863640743084,3.676057496781527,0.3433922180657132,7.9982224713421015,29.99911123567105,-1.9944668143151976,-0.0002867844361314262
2910.6489774268625,2.970612868172711,4.177903758312882,2.766078849096206,3.7244370215588,0.34559675381641364,5.751953904041678,28.87597695202084,-2.025456749194567,-0.0002911935076328272
1947.3238599796975,2.0218623486463394,4.159814426562849,2.7485198419154444,3.652714016787238,0.35264927267890755,6.128672085962359,29.06433604298118,-1.97005226536481,-0.00030529854535781497
1746.4102093965196,1.8309327561265112,4.157109306193293,2.7439746071291746,3.649740834709689,0.3546930202531815,6.390238421684615,29.195119210842307,-1.972010187313547,-0.00030938604050636295
2335.463472667561,2.583445621233166,4.161985066846674,2.7681326222700666,3.662818874610789,0.3467389887173106,7.822929105448952,29.911464552724475,-1.9914929626496078,-0.0002934779774346212
2444.6886211693977,2.350791985139884,4.180930927640789,2.7572481371148636,3.681887911097567,0.3467637266074981,6.504017397905772,29.252008698952885,-2.010063453052036,-0.00029352745321499626
2871.2316754097674,3.0796701495731353,4.157647332912986,2.7607369765327103,3.679841131239787,0.34955324750457584,6.18525720676308,29.09262860338154,-1.9777469434885084,-0.0002991064950091516
2835.7961664206814,2.680426097956679,4.187714057632117,2.7649924714406025,3.7153779484421103,0.3433736925520984,6.380245335544594,29.190122667772297,-2.0064077527326227,-0.00028674738510419675
3082.3674852109602,2.7714716935765793,4.197957490328884,2.7785291683217688,3.676298317975137,0.33611520560229824,5.881694737881801,28.9408473689409,-1.981039240751067,-0.0002722304112045964
2165.484610586181,1.8446243206497361,4.201606763259671,2.767090107509706,3.641110351082504,0.33867853534443576,5.978517982499612,28.989258991249805,-1.993392141511645,-0.00027735707068887147
2333.7776435288138,2.5641958701138328,4.163350690958978,2.7649172951589294,3.6716806621619367,0.34835492744416513,6.304846499324678,29.152423249662338,-2.0387567460664786,-0.0002967098548883302
1837.1574054615664,1.5888239004423963,4.202452919699497,2.7550540329497513,3.6556198448214587,0.34357771928088643,7.946934128796608,29.973467064398303,-2.036745442026317,-0.0002871554385617728
2287.632507295359,2.3406386249849236,4.174380202586368,2.7665503330732797,3.696606569824357,0.3449545019092398,7.823565169390674,29.911782584695338,-1.9798037131621786,-0.0002899090038184796
1412.3673429336018,1.5585070871297764,4.1527203936819745,2.7439243205280848,3.6266130034932758,0.35590869331109454,8.233352747768684,30.116676373884342,-1.9973717221972593,-0.00031181738662218906
1471.455398268415,1.423794196212114,4.1818480933931195,2.742513781609861,3.6950150556024575,0.35218130383319995,8.78098575790126,30.39049287895063,-2.0269805042527613,-0.0003043626076663999
2670.7110098026255,2.358107921634712,4.188805413280485,2.7625275575217474,3.651667893989594,0.34223809056666266,7.555824982632326,29.77791249131616,-1.9874274665214646,-0.0002844761811333252
2861.743410500491,2.6894361654709313,4.187931633465253,2.76494692032864,3.6649402500724992,0.3428506633080005,7.239250194899593,29.619625097449795,-2.016429183872491,-0.0002857013266160011
1561.759446123315,1.3977546231323021,4.194244957346709,2.754198470902624,3.671764250390742,0.3446195907996151,6.968658914889895,29.484329457444947,-1.9660784623451029,-0.0002892391815992302
1777.6171283304275,1.8551126489091623,4.166456915095555,2.7479752919256364,3.6446253880932042,0.3528971954323929,8.775674281911614,30.387837140955806,-2.044075899189523,-0.0003057943908647858
2802.372273132182,2.4787496248519916,4.203185818190737,2.7810921050630646,3.695606569064477,0.3346569164983308,5.552714448845911,28.776357224422956,-1.9848102967102599,-0.0002693138329966616
1315.260714285003,1.1485048267324638,4.19159523920027,2.7431229128870243,3.648775938696181,0.34815509781020404,10.448698184987808,31.224349092493902,-1.9651904192297431,-0.0002963101956204081
1654.1812062792076,1.67275565823688,4.172196578969649,2.7529177635504016,3.6777163416091745,0.3494493668007675,6.4574227534629385,29.228711376731468,-1.9695406134054978,-0.00029889873360153485
1892.1521483682593,2.0795447271804766,4.160811361552102,2.7549391385742608,3.6574890400523206,0.35157398319887956,6.171385632016394,29.085692816008198,-2.0092323542869397,-0.0003031479663977591
2574.3239286079192,2.3580393352921023,4.191237022427938,2.7726967742698982,3.637748435778391,0.3390556054336483,6.939173772078426,29.469586886039213,-2.0200379238039794,-0.00027811121086729655
1876.8291505072916,1.9776366586309275,4.164792956122881,2.7523317628065143,3.651737582689021,0.35167270687021235,7.322336913975511,29.661168456987756,-2.0326137729221743,-0.0003033454137404246
1306.0806561569616,1.2056580154246532,4.189881625896504,2.7400013279476423,3.6984415300717317,0.35124435061170484,7.63770204044183,29.818851020220915,-2.0062653488259006,-0.00030248870122340953
2047.2313964265607,2.293118206885917,4.158051511704725,2.758453710871635,3.646905386478989,0.35063386844166256,6.895529242589393,29.447764621294695,-1.997477661876084,-0.0003012677368833252
2214.3328585801787,2.4746668426921166,4.160481262262827,2.765889796848364,3.6727049824530336,0.34839642501963136,6.854227179657087,29.427113589828544,-2.022312278044139,-0.0002967928500392627
2298.304998640727,2.304057140416152,4.1771611558193165,2.759097826099228,3.7031770425262445,0.3473841978171971,5.801217296908457,28.900608648454227,-2.00994191289153,-0.0002947683956343941
1203.389350470096,1.2385798795664626,4.168423316999849,2.7346443838927113,3.67632623094569,0.35723373013295734,9.968954102011875,30.98447705100594,-2.0292149060210587,-0.0003144674602659147
1901.3111603347538,2.0432586853333765,4.164421590425933,2.754622834677753,3.657583274985475,0.35156333764698466,7.979810587429639,29.98990529371482,-2.056016958914199,-0.00030312667529396915
2510.2103452217934,2.66591184051143,4.159435772152546,2.751781975999114,3.6679403900835097,0.3526021789159684,7.334111524164897,29.667055762082448,-2.0119119317632492,-0.0003052043578319367
1543.1046421610545,1.5001109312134013,4.182369677771985,2.745344392814563,3.640648594034154,0.3508794414453676,7.449135136508202,29.724567568254102,-2.05051998723952,-0.0003017588828907351
3152.1716552613816,2.6892314130606207,4.199367725080765,2.778989657591227,3.639253273801696,0.3349037164821087,5.351693585663039,28.67584679283152,-2.012760558180315,-0.0002698074329642174
3203.0095815735644,3.1176057650806954,4.182770421319131,2.7751318206846114,3.658334155274569,0.34038550351154306,7.073434116791326,29.536717058395663,-2.0210527666821423,-0.000280771007023086
1629.97382013699,1.4374535527719807,4.197481478889898,2.750050619375863,3.6401762131263573,0.34581728353988367,10.037779820160333,31.018889910080166,-2.023471076707595,-0.0002916345670797673
2486.1318656714325,2.7746617141556045,4.164627052868638,2.7649143667359732,3.7129948592401023,0.3483293760168183,7.78932528425683,29.894662642128417,-2.0004186212306436,-0.0002966587520336366
1849.8104301979256,1.8476782902243478,4.178257441981722,2.751701798683611,3.6955977115543086,0.35000518725902896,8.002052877046683,30.00102643852334,-2.0368527169972963,-0.00030001037451805776
2131.1388327997797,2.2382459264542347,4.167596231081694,2.7631177002577263,3.6650148704260195,0.34688906483785137,6.873722639613216,29.436861319806606,-1.9722371407732047,-0.0002937781296757027
1531.6648568319729,1.6178770644862526,4.163467416727542,2.7427825723499666,3.683326393495129,0.35529335363323084,6.29106848612371,29.145534243061856,-2.01375451327183,-0.00031058670726646155
1234.0384923055315,1.1332810929431083,4.18767881224673,2.7443345215655732,3.649368577948652,0.3491971758965829,11.12447937017509,31.562239685087544,-1.9912103951979039,-0.00029839435179316573
2310.993711828592,2.446023000121038,4.159776640778632,2.7549923273846924,3.7039339888707605,0.3514803577280525,7.468847023457929,29.734423511728963,-1.9863126552205752,-0.0003029607154561049
2005.9130197802049,1.7992290168655654,4.1912902969399495,2.753648625940812,3.6480657417353144,0.34570087194671334,5.844230626928609,28.922115313464303,-2.0312607936988822,-0.0002914017438934266
1269.1090435059325,1.2887544800600528,4.168141299702926,2.738498785268304,3.625888958374824,0.355068847269516,7.684035193438544,29.842017596719273,-2.022753378390399,-0.0003101376945390319
2379.699852325749,2.501425137316946,4.1603222239019,2.754755145798301,3.6377834943178438,0.35111292775009884,6.636392665564696,29.31819633278235,-2.0296252999701228,-0.00030222585550019763
2835.927250850007,2.915763415237391,4.172352837370648,2.7711283955662362,3.6804864878576398,0.3437035431849184,6.228557257398211,29.114278628699104,-1.9934127077166874,-0.0002874070863698367
1377.5644199172366,1.5054747551629921,4.159941812046502,2.748257131576133,3.6702798238180385,0.3535960123108135,8.370839432866903,30.18541971643345,-1.9734611299515443,-0.00030719202462162697
1822.2598266954008,1.7165688518475475,4.1944435715265485,2.760116229291202,3.6990578274672945,0.34433590820321414,8.833698615484435,30.41684930774222,-2.034969664217404,-0.00028867181640642825
2070.227501016355,2.301004893946662,4.154587546190866,2.761272583028619,3.640850099800769,0.34992930310181236,7.6354540281999315,29.817727014099965,-1.9998739987142593,-0.0002998586062036246
2459.1714388318196,2.5907376430993354,4.178924853059609,2.7653065770202683,3.7058513148892627,0.3460363575077518,5.618889574089488,28.809444787044743,-2.0401775770186252,-0.0002920727150155035
1627.9865199945452,1.7345775033949922,4.159241589293091,2.7387620111006346,3.6536716525890545,0.3568538547181892,8.675616807064843,30.33780840353242,-2.0015114348256255,-0.00031370770943637833
3263.114853359013,2.7803161951414346,4.207219688803916,2.771021253650438,3.692590527971846,0.3377677601772862,7.350774724284827,29.675387362142413,-2.0414277777869696,-0.0002755355203545723
2018.9432365015775,1.7553455858163494,4.204374443000804,2.7633841320508354,3.698658028361926,0.34071725762187105,6.306180925110738,29.15309046255537,-2.0118172377075405,-0.0002814345152437421
2391.469012357377,2.1550786951404586,4.197607674349164,2.7678721601054708,3.6684456322769763,0.34034964006625174,5.685256223962152,28.842628111981075,-2.0309487494734952,-0.0002806992801325034
3159.1797183258045,2.7753659498427523,4.2015267627207304,2.772282244047367,3.7012346419011575,0.33802604155979893,6.3892394050899615,29.19461970254498,-2.001278092931917,-0.0002760520831195978
1825.381353400387,1.9035125479206312,4.175844875977668,2.7595370252380054,3.7033525916172745,0.3479239773855637,6.639728301036686,29.31986415051834,-2.0124878927170458,-0.0002958479547711273
1484.1829557627439,1.6090641334647824,4.1604698566840606,2.7410898809102537,3.6886336225008596,0.35625111835076895,9.502778553696569,30.751389276848286,-1.982631157039635,-0.00031250223670153786
2160.3561205493847,2.2110068009027892,4.16964407469669,2.754448192186033,3.6399260911548823,0.3497819175328262,8.163243755200497,30.08162187760025,-2.0346444438233453,-0.0002995638350656524
1443.7199742035768,1.576512364045855,4.16197535856318,2.7450689772915107,3.662689476205747,0.3553430514491913,8.571213242209108,30.285606621104556,-2.047852492749427,-0.00031068610289838264
2450.5400634934067,2.152349823563371,4.202134048377093,2.764053792714201,3.7134678375972756,0.3411003182317393,8.153325542253118,30.076662771126557,-2.0155971376180726,-0.0002822006364634786
2521.6369121032208,2.7414557673543647,4.164884793558533,2.76377543580556,3.6767727075231034,0.3485241936060638,5.550650115172732,28.775325057586365,-2.0422583795239087,-0.00029704838721212755
1256.9613728320771,1.341750546774906,4.164015192106716,2.746363654990726,3.63965789832156,0.35313910116045444,7.942408126946889,29.971204063473444,-1.980251000120357,-0.0003062782023209088
3109.5602402487925,3.0905531096044,4.178899882681354,2.7646862747578145,3.726278502558466,0.34540922161202176,5.7158996636458115,28.857949831822907,-2.0064765556865085,-0.00029081844322404344
2662.565978345299,2.8840227070158098,4.16943514130325,2.7736211803009305,3.6561443453873355,0.34394125191723834,5.855801469144253,28.927900734572127,-2.025980464256615,-0.0002878825038344766
2626.3783388613065,2.4042539856014913,4.194191333532079,2.7622623667372355,3.6859781531869844,0.3433165047398034,5.531898732871285,28.765949366435642,-2.052195598905239,-0.0002866330094796068
1655.777101888277,1.6434050196425223,4.174891970863576,2.742816004510913,3.693704883234371,0.35288599479340305,7.653626385680399,29.8268131928402,-1.99624811633446,-0.000305771989586806
2163.73243216247,2.3168825868168814,4.157968031672654,2.749307706979054,3.6687881216144866,0.35397311848351354,7.793347699955336,29.896673849977667,-2.027043333387085,-0.0003079462369670271
2525.920381683077,2.5793208972073516,4.17808174932514,2.765102557109045,3.669040703310564,0.345362119078492,6.480422726163349,29.240211363081674,-2.035056627717159,-0.00029072423815698395
2139.7223528577892,1.9976734235170808,4.199656186847109,2.7608987996870322,3.718488743047055,0.343417408173438,6.590655520564143,29.29532776028207,-2.017175971442861,-0.0002868348163468761
1676.9520525554249,1.501630591724821,4.198148710926654,2.7504218466661055,3.666471263492795,0.3460214968941113,10.61400414405258,31.30700207202629,-2.018071057874172,-0.0002920429937882225
3152.697374535165,3.064814170821911,4.18569902008284,2.7708278063055465,3.707839606668978,0.3418956876818851,6.265529012725192,29.132764506362598,-2.008534193628047,-0.00028379137536377016
1660.311659761983,1.5293775834067866,4.196204677629541,2.756053882153741,3.669459551700876,0.34502554950159,7.26411195866415,29.632055979332076,-2.043964621454785,-0.0002900510990031799
1603.7824957339697,1.562285866557918,4.188265409036174,2.7591429742203126,3.6818026455625876,0.3453093375440966,6.973088737171312,29.486544368585655,-2.006781504319378,-0.00029061867508819317
1344.279110447518,1.4372624504578142,4.159577569828538,2.742938784560266,3.6202456645471917,0.3551212453079264,9.510635117161478,30.75531755858074,-2.0208113923740676,-0.00031024249061585265
2348.833137292231,2.5792462468061688,4.15734336969747,2.762723525883764,3.6933838475819396,0.34948375642169,5.746508114633007,28.873254057316505,-1.987637472784878,-0.00029896751284337993
1564.5238121618115,1.5591141124846428,4.170387658438546,2.7398228775064277,3.660651068129315,0.3541150561880381,8.08629530652229,30.043147653261144,-1.9922248454514313,-0.00030823011237607627
2236.7936427071486,1.944172953970373,4.204084236182855,2.7659724058553943,3.6909292770602002,0.33954662405949754,6.557647429377116,29.278823714688556,-1.9913449625410606,-0.0002790932481189949
2367.0946440881808,2.2585504196541795,4.184385044695761,2.7579466458517574,3.706512715088537,0.34642319459195753,6.76388849351963,29.381944246759815,-2.0223219917106503,-0.00029284638918391506
2521.2573347464695,2.2678417515947595,4.204315821016521,2.7702264493252997,3.68794407772346,0.33883461703993056,7.452908936893681,29.72645446844684,-2.0232922917846063,-0.0002776692340798609
2544.641944566356,2.7101897840045543,4.166136175707708,2.7675181681255867,3.652795184362915,0.346007485813268,7.1906901639948995,29.59534508199745,-2.006630650929983,-0.000292014971626536
1319.1544818382245,1.334197550679388,4.169351492382517,2.739547067382855,3.6158940386437908,0.3542467875300976,8.085154806518318,30.04257740325916,-2.018430412707078,-0.00030849357506019506
3265.369578510713,2.9990649384618355,4.194654650821039,2.7757054678226947,3.6626853253326117,0.33801158858410063,5.442779405293476,28.72138970264674,-2.0163973145698217,-0.0002760231771682012
1634.7142335705637,1.6651846858251018,4.179754328343114,2.7565510720407302,3.6724040944368705,0.3477466797309489,6.542512786501456,29.271256393250727,-2.008364355461998,-0.00029549335946189777
2533.9536211056416,2.3574661691281205,4.186551073879939,2.757570959426487,3.6650683126094523,0.34550373519476296,6.481983747726329,29.240991873863166,-2.0229911959413283,-0.0002910074703895259
2098.3828616907513,1.7947192242846737,4.198471762755141,2.7587468626420533,3.62907928330882,0.3417830931461532,9.013584198791454,30.506792099395728,-1.9925023065727343,-0.00028356618629230625
1706.9258789685737,1.573573849434652,4.194881285635899,2.7514391403032614,3.6642782423623985,0.34665650728670705,8.076627212811317,30.03831360640566,-2.038049773918627,-0.00029331301457341405
2655.3901033484735,2.6929640944726527,4.182325959115832,2.767286427756202,3.6960010812416155,0.3445535100065645,5.675676161026419,28.837838080513208,-2.0566828602592855,-0.0002891070200131289
2218.864879608487,2.0165852932266812,4.188329224938222,2.7596797015838463,3.65124794387947,0.34391125049021326,8.116343975210892,30.058171987605448,-2.00766666995588,-0.0002878225009804264
1462.003316173072,1.405892514066399,4.189870651988619,2.7545489872560616,3.6637309975821593,0.346639021168181,9.747415808489693,30.873707904244846,-2.0305505795588235,-0.00029327804233636185
2267.7711333597413,2.2792383931182947,4.166717641096363,2.7549583279412624,3.627140421066062,0.3491475681260639,8.249567283699495,30.124783641849746,-2.0117938666560202,-0.0002982951362521277
1258.599406942121,1.179031949879303,4.193344053204335,2.748831008389647,3.6932823959226324,0.34804776981339525,7.275971971159475,29.63798598557974,-2.020074233220099,-0.0002960955396267905
2040.3868158569812,2.2433727731442894,4.162160405630282,2.7622181827139154,3.6624969751952814,0.3483660761828954,6.156187361029375,29.078093680514687,-1.967684691420953,-0.00029673215236579063
2169.536758863097,1.8176798051103775,4.208743264996542,2.761705047672475,3.7050614529774424,0.3404707170138026,6.2134009467765345,29.106700473388265,-2.020743346781169,-0.0002809414340276052
2887.395298645396,2.435079151439328,4.211908736152747,2.769762261978482,3.709644727134601,0.33764711654081137,6.157895341998814,29.07894767099941,-2.034286440933886,-0.0002752942330816227
2431.211586896483,2.31620839793536,4.186719705559152,2.759680184848022,3.7094843977636556,0.34572920217240105,6.871049963551701,29.43552498177585,-2.036514242985221,-0.000291458404344802
3493.1895495837516,3.3114161864708755,4.197641786349767,2.7833224874251616,3.7234143033867335,0.3361042438564048,6.865206039434698,29.432603019717348,-2.0185649730642674,-0.00027220848771280956
1750.072278898168,1.7729602090935024,4.177781916641438,2.7616379189082854,3.643552793873682,0.3458707710429065,7.968767905280965,29.98438395264048,-2.0120791915116762,-0.0002917415420858128
2611.3521713480945,2.9243361987408676,4.155868676373049,2.768630093467404,3.644622579836237,0.34732562775412024,6.321894103585716,29.16094705179286,-2.0012116861001448,-0.0002946512555082403
1550.1501469155621,1.3607129183586906,4.200155514053326,2.75789040925445,3.636004715323601,0.34243301334438714,7.549134765761845,29.77456738288092,-1.999962636011186,-0.00028486602668877423
2489.162077156664,2.5972480493698327,4.174607784314706,2.7734528825247526,3.6596257953322318,0.3431923305718909,6.967659649717141,29.48382982485857,-2.0452509352048707,-0.00028638466114378174
1446.0698613085758,1.578077586616995,4.158517990333239,2.7405247957560257,3.7004546216787446,0.3571237060958639,8.813386981015,30.4066934905075,-1.9943007472799303,-0.00031424741219172766
1932.4420748510204,1.7705478598846043,4.195693632148034,2.7585493898595144,3.6793003061678315,0.3436522094355939,7.373313754615667,29.686656877307833,-1.993216539150973,-0.00028730441887118773
2249.688609038377,2.451030626438431,4.162588997293224,2.761719435939017,3.6623675162950113,0.34838355175233476,7.40963681159974,29.70481840579987,-1.9682164603376264,-0.00029676710350466943
1378.7862137656848,1.5627549032380506,4.164831346809127,2.74919374482738,3.6645046306969347,0.3541057628259376,9.89661809597202,30.948309047986008,-2.0574784935618453,-0.0003082115256518751
2117.7037891167884,2.1994745377792038,4.17931416214104,2.766288374283074,3.6682605874018055,0.3453633666444492,7.045298026172957,29.52264901308648,-2.0639514508853702,-0.0002907267332888984
1626.7063441034802,1.792164909263506,4.164359266126855,2.7535324487847626,3.643972940973171,0.3514994116996253,6.854533013267332,29.427266506633664,-2.015311001951304,-0.0003029988233992505
2371.273931089773,2.4574959693063936,4.168229470599166,2.7641336271824195,3.682877142621967,0.34648547453533995,7.117214802724224,29.55860740136211,-1.9710375717918975,-0.00029297094907067994
2421.8068968839507,2.0765478062526697,4.199469976201331,2.761321991609012,3.6427060497252675,0.34111700768497083,7.170716873472693,29.585358436736346,-2.002696528458963,-0.00028223401536994156
1716.281586071396,1.7714821489444132,4.162185563430164,2.7456909686676965,3.6298498951160783,0.3536087451234647,8.16671172847703,30.083355864238513,-2.0243139955457417,-0.00030721749024692924
3327.345860073809,2.978509657886506,4.19826167792894,2.770986416773736,3.692680081605722,0.3393145338364842,5.857041552466803,28.928520776233402,-2.0275267743617986,-0.0002786290676729683
1657.5284275970978,1.6534304590817483,4.177326551835093,2.7465450671265335,3.633839240655084,0.3512675478658029,9.0905611351894,30.545280567594702,-2.044874758914351,-0.00030253509573160563
2308.796094332232,2.1562193942501797,4.186041171762321,2.762860885276158,3.6347313503219976,0.34334794105535876,5.928525915384277,28.96426295769214,-2.0210810867631577,-0.00028669588211071743
2551.7739664286987,2.770770582786905,4.158370929145685,2.760167156600172,3.6738203248404293,0.3500048653800459,6.6998797228905325,29.349939861445264,-1.997906400586828,-0.0003000097307600917
1723.6218075588504,1.4383332906654627,4.199814289961903,2.7496020096513547,3.652280262155119,0.3444971746472527,9.37785949428148,30.68892974714074,-1.9728821722793313,-0.0002889943492945055
2525.2974826388963,2.820827024435498,4.16018585652057,2.7675698171645613,3.680790602715394,0.34804170997518175,6.371841466444298,29.185920733222147,-2.0288617089268746,-0.0002960834199503635
1734.018638177056,1.6937799250348087,4.180589614939966,2.7494443496053806,3.6713197125457264,0.3500044990724894,7.041643872419733,29.520821936209867,-2.0433026236882466,-0.00030000899814497855
3084.773781079659,2.6019815873720122,4.20313286456682,2.7638958137247496,3.702480770642094,0.34004965726536646,6.942168355757329,29.471084177878666,-1.989663274063991,-0.0002800993145307328
2277.189389959099,2.4428402956780433,4.173690337707666,2.7679478524585392,3.6790277431091085,0.3458684741628715,6.266437686023713,29.133218843011857,-2.0507053770497317,-0.0002917369483257428
2935.2512076957078,2.9777275354453416,4.177392027727104,2.766384879064764,3.6739037629021,0.34499060789657254,6.8490791527071995,29.4245395763536,-2.035355478469147,-0.00028998121579314505
1798.8075519949232,1.6762591405622662,4.1894840860112295,2.745401825123712,3.6683138916912337,0.34961248465330985,9.540785951038693,30.770392975519346,-2.041863311345258,-0.0002992249693066196
2179.658450791447,2.2299491870515853,4.168849671854321,2.754388267041891,3.6403543833693304,0.34973123171553555,8.174045939607145,30.087022969803574,-2.0209106197308655,-0.00029946246343107104
1390.301458812659,1.41801496325487,4.18463746267964,2.750158260043885,3.697905794631958,0.35002287339498717,8.475832027899111,30.237916013949555,-2.037925790524695,-0.0003000457467899743
1922.4643266553303,1.832917106884067,4.179642605978347,2.751421122534832,3.6935844282594554,0.3485933093698595,6.462079750094132,29.231039875047067,-1.981794075200261,-0.0002971866187397189
2289.7552196926113,2.1870124583301362,4.17743478732262,2.7537905893169383,3.6745831417304275,0.3476195824078228,7.687519007117438,29.84375950355872,-1.9616870095996477,-0.00029523916481564554
1358.3359447010018,1.3311317208864402,4.18342509656217,2.7498771408283638,3.6615345080942467,0.34895472594463445,7.485823534070147,29.742911767035075,-2.005735603767957,-0.0002979094518892688
1665.7690754403236,1.774610570641248,4.16012076740737,2.7442177916252954,3.666905855300368,0.35475875515235106,7.62657333466996,29.813286667334978,-1.9834449402826795,-0.000309517510304702
2382.533529280476,2.5196838977407463,4.163362947881369,2.764894027266243,3.6768386748001687,0.3470755131721957,7.323775801109525,29.661887900554763,-1.9729493322312373,-0.0002941510263443914
2173.9173863774904,2.097663222296181,4.187571603101722,2.755682532561994,3.6965717861194185,0.3470312994615876,8.498192572652508,30.249096286326253,-2.0380913033677635,-0.0002940625989231752
2475.551779011441,2.0559553513926074,4.203455238727883,2.7563480359681924,3.6651149016736397,0.34221881625941314,8.147517039821148,30.073758519910573,-2.0079833903503044,-0.0002844376325188261
3034.564048703134,3.0347353083339446,4.165793587747226,2.760537361091675,3.6339463583674143,0.34736752317645947,5.847120133156118,28.92356006657806,-2.0121577564638424,-0.00029473504635291886
3231.5642380866752,2.996282778754377,4.193395149787405,2.7754187642667434,3.6918564982343747,0.3383322716695965,7.025973401852873,29.512986700926437,-1.9866830126049235,-0.0002766645433391929
1976.0841746104445,1.6484034817192743,4.20341725280369,2.7571983056135254,3.6609789925960494,0.34180347260079574,6.697356690413359,29.34867834520668,-1.9932645479449504,-0.0002836069452015914
3110.3656977657974,2.6862824165300356,4.206685444847346,2.786282534476258,3.7080748869256626,0.332342300008842,5.091015979520505,28.545507989760253,-1.9887141783889801,-0.0002646846000176841
1987.6855586147412,2.1132868716931204,4.166777136604456,2.752015028775083,3.684388803402379,0.3523076166811385,6.866642264541151,29.433321132270574,-2.0546672570910474,-0.00030461523336227693
2213.5566185810467,2.4380997123854513,4.162794266554459,2.7596027617365633,3.7117716184217655,0.35079082422703206,6.7642725565725605,29.382136278286282,-2.0392878493944724,-0.00030158164845406414
2128.713089116141,2.002436344847986,4.191746525027099,2.7539093976514866,3.70245881343126,0.34675293768779325,7.57333057725166,29.78666528862583,-2.0280477369518524,-0.0002935058753755865
1924.2192208779873,1.7736022929852446,4.19285411209019,2.756488705614939,3.6591123154320475,0.34507593879136106,7.12815492102653,29.564077460513264,-2.03516311926832,-0.00029015187758272214
2122.623565223948,2.066144402157838,4.183980895135417,2.7561850142325666,3.6899828892605724,0.34718356191654165,6.051879034581134,29.025939517290567,-2.0252921535565047,-0.0002943671238330832
1536.8995155020343,1.636414837803603,4.174986946504598,2.7516751611588304,3.686770911164903,0.3511681570144183,9.109729650478677,30.55486482523934,-2.040462528470644,-0.0003023363140288365
2542.164903611418,2.511856109005512,4.174524688718052,2.7615345882773523,3.6968013812068703,0.34628994133681146,7.294206269887633,29.647103134943816,-1.984270061792585,-0.00029257988267362284
1718.2439269104893,1.733947877327253,4.173248641705149,2.7491977873880558,3.643371325264043,0.3512293934431256,6.339668486156987,29.169834243078494,-2.050977609064143,-0.0003024587868862511
2304.2202433162734,2.4061489561490377,4.177087490121918,2.76669215658886,3.6616022715859353,0.3451255622643211,6.21785543937901,29.108927719689504,-2.035771122754542,-0.0002902511245286422
1644.3705303701793,1.8221975821206533,4.166553368006596,2.7550149459466913,3.696900773825088,0.3512351779962566,6.892823615070254,29.446411807535128,-2.003057560300684,-0.00030247035599251313
1922.2610965899162,1.9498198403342746,4.168795848432623,2.7549962857058174,3.6632964659863343,0.3491605940930677,7.738067559416179,29.86903377970809,-1.9774533095920632,-0.0002983211881861354
1704.5580466333358,1.8253316431325977,4.162341366279385,2.7504330230529788,3.6313433719431063,0.3523774097611146,6.416915376333983,29.20845768816699,-2.021225196046889,-0.00030475481952222907
1677.6433086994389,1.6173676623598425,4.1843103341096555,2.7546117624178645,3.635238673400864,0.34698538575209154,7.2263171857481465,29.613158592874072,-2.0300186160441487,-0.00029397077150418303
1827.462145059979,1.893428210323303,4.17322247702793,2.749459118802663,3.710886847889259,0.35192521066501575,6.132308186312417,29.066154093156207,-2.0208598290656075,-0.00030385042133003134
1902.5089448622603,1.6232209873649361,4.206513781250074,2.7531074369852404,3.6722017315683733,0.34387118038240416,6.41161533694076,29.20580766847038,-2.0467788350045617,-0.00028774236076480834
2218.0164251891133,1.8836540468634952,4.204266611063505,2.7631363228096184,3.6941694685693687,0.34023464409144877,6.550911289046564,29.275455644523284,-1.99292718410455,-0.0002804692881828975
2878.846752498876,2.9061781324650595,4.174053060077295,2.763435814189858,3.7085998416674175,0.34638638433542,6.54565503442387,29.272827517211937,-2.0056696438252644,-0.0002927727686708399
1525.5376673189203,1.3632402013093776,4.197468086476519,2.745960864695127,3.684303841006928,0.3481474942342814,7.710539330947069,29.855269665473536,-2.049192249641892,-0.0002962949884685627
2220.714030244197,2.3613369289203447,4.174185493853349,2.7623271119272688,3.710384045671252,0.34721089134043376,7.6835542238761665,29.841777111938082,-1.9906469065361518,-0.00029442178268086755
1582.9160482434631,1.5049192242929776,4.1836369982099795,2.749481378918428,3.642043952100846,0.3485204695642202,7.465535789527919,29.73276789476396,-2.010262523781394,-0.0002970409391284403
2510.6816981629277,2.7042843648892063,4.1559431427435864,2.7614797374536817,3.6542709882557474,0.34936739617522894,6.493276175072321,29.246638087536162,-1.9864706001125658,-0.0002987347923504578
3485.8276899086704,3.1209799618592213,4.196661428677276,2.785669267195722,3.6515066605727355,0.33360650248427076,5.47196168367,28.735980841835,-1.9979750709670823,-0.0002672130049685413
1409.5202182789549,1.508552141374443,4.1670827931342656,2.7417891284803093,3.6606261083370524,0.3557883151054217,6.482147488700422,29.24107374435021,-2.068341313108046,-0.0003115766302108434
1849.6453108862383,1.9212179134494578,4.167463510855952,2.742464940224433,3.6472853157983733,0.35476778414394927,7.68391466413959,29.841957332069796,-2.0531361293768056,-0.0003095355682878985
1659.6574875261035,1.5430237778947706,4.19787189830803,2.756812147169061,3.6799992201949197,0.34473506203256743,8.024313734762604,30.0121568673813,-2.039495734113961,-0.0002894701240651348
2879.2920593575745,2.6755532557049504,4.188117857738841,2.764154069984846,3.655511232993835,0.3431301125710109,7.217694637100093,29.608847318550048,-2.0401278159970317,-0.00028626022514202166
2781.779238739601,2.358965541267735,4.202290324723465,2.7703507427499368,3.6970739275446554,0.33802467009148296,6.299016839909386,29.149508419954692,-1.9969269393114761,-0.00027604934018296583
1348.0575774303081,1.3072254619659047,4.1794190547512535,2.748604991182272,3.640938372136859,0.34933986037551523,8.671155289244977,30.33557764462249,-1.9903542672625991,-0.0002986797207510303
2873.1685513670996,2.8659570168086157,4.178655590860042,2.7761564420058606,3.6638125244263797,0.3403943144670741,5.952798112878786,28.976399056439394,-1.9788789208857687,-0.000280788628934148
2241.473603675127,2.345879255623872,4.180688009509504,2.7675240324009374,3.6836178797952797,0.3448088340598951,5.912796341280916,28.95639817064046,-2.048303647400633,-0.0002896176681197901
3284.3155000349634,3.0378331283039617,4.183881042905035,2.76398727622552,3.6812472565809724,0.3433837371509287,6.48348927232823,29.241744636164114,-1.996170538520321,-0.0002867674743018573
2366.7258952656266,2.5459060174726007,4.162593633197074,2.765803373821138,3.685029923499704,0.34757369791154186,7.15730279164952,29.57865139582476,-2.0032006654168697,-0.00029514739582308367
3279.7197058076003,2.749890240477836,4.206792250832473,2.7752667953803147,3.7087026900045292,0.3356980358097073,7.2784426871840555,29.639221343592027,-1.9867144965963606,-0.0002713960716194145
3069.2420245353233,2.7934197061683097,4.196041863394703,2.76949282423441,3.6996866165464253,0.3401331746759935,7.542309329518836,29.77115466475942,-2.006513813418912,-0.00028026634935198694
1688.5190642676075,1.7669035313495518,4.162398517184783,2.746706388507384,3.67184861419239,0.35316310587478683,8.079490971903155,30.039745485951578,-1.9636545622767914,-0.0003063262117495736
1420.6923995253992,1.537852679682922,4.172218826681578,2.755666404514746,3.7041674631599757,0.3500031936482625,7.772146696187963,29.88607334809398,-1.997967668187101,-0.0003000063872965249
2143.2848135615054,2.2233399756251995,4.173896764374511,2.7650740338155626,3.671539766247113,0.34544282964289036,7.84527288209273,29.922636441046365,-1.9823925682715269,-0.00029088565928578065
2078.7083438523155,1.9836643939087821,4.181627540442534,2.755934169056319,3.678219658545168,0.346824265861859,7.9589922386113345,29.97949611930567,-1.9968213613127623,-0.000293648531723718
2928.640055886098,2.621061282403853,4.197745642715451,2.775826090508705,3.6496739302282286,0.33713039395784916,6.371816414549814,29.185908207274906,-2.018749186762891,-0.0002742607879156982
2027.7166719663471,2.242922700369125,4.162319920199008,2.763294304050577,3.668379464855937,0.3481916870868787,6.904167624391487,29.452083812195745,-1.9734501104631437,-0.00029638337417375735
1584.355083244379,1.6607914958390306,4.173125089509878,2.7489065830186274,3.672343472307667,0.3522483434045769,7.256691270125566,29.628345635062782,-2.057220037906946,-0.0003044966868091538
1648.8541992162966,1.5456298735483496,4.190329333812282,2.7525273357353286,3.6917916841571916,0.3468391128424976,8.150496387981228,30.075248193990614,-1.9965256561314442,-0.0002936782256849951
2289.026178105673,2.237278615915001,4.181290146055641,2.758837338679267,3.6420914656481482,0.3462240477244102,7.799474317555161,29.89973715877758,-2.0347719884976683,-0.0002924480954488203
1691.2435570820435,1.733525232342533,4.162738222166844,2.7421610178339226,3.6406198243722265,0.35458678178617914,6.322457445124674,29.16122872256234,-2.003758806636435,-0.00030917356357235815
2115.0827187228683,2.287332821632265,4.150988405171218,2.747606522932947,3.630717172245017,0.35467730533373737,7.358228616817384,29.679114308408693,-1.9986633212669518,-0.0003093546106674747
2700.9535841433035,2.347203529840351,4.2063547750420085,2.7776493376881306,3.6607700543857002,0.3354061922619151,6.284544500755594,29.142272250377797,-2.028742409336131,-0.00027081238452383004
2417.5388631927,2.1986840993068033,4.188698857619601,2.7639987564099684,3.6702304597723767,0.34212467184853435,6.486361423453909,29.243180711726954,-1.9677614624530413,-0.0002842493436970686
2701.316873628442,2.652268662588199,4.177415246478968,2.771037659919728,3.6624682017039705,0.3420914171837769,7.205651575605091,29.602825787802544,-1.9770214483269977,-0.0002841828343675537
2115.3458556572095,2.2522164736674246,4.167758371797876,2.7581923474300236,3.659314078672793,0.34897025177837077,8.772689239935515,30.38634461996776,-1.995458876259736,-0.0002979405035567416
3172.046571936708,2.8681840929283267,4.201372643828779,2.7749763301907726,3.6934550586271504,0.3378908358200737,7.2598324832051295,29.629916241602565,-2.042041189462971,-0.00027578167164014715
2501.7330175191196,2.1763891687928023,4.1958435144623785,2.7618064594599456,3.6294744747191254,0.3415414252040105,8.537698835863425,30.268849417931712,-2.0217510215448993,-0.0002830828504080208
1779.5002193233408,1.57901510195272,4.200891143607023,2.7539825761151984,3.712747937089187,0.34482955565475,6.8212011543107876,29.410600577155392,-2.009737904965372,-0.0002896591113095
2557.347198580164,2.384155963313207,4.182866795416142,2.759152714226009,3.683338216149161,0.34505735494864276,7.130826763758909,29.565413381879456,-1.976483300852604,-0.00029011470989728544
3407.9992408674098,3.0055871995879655,4.1936584047693195,2.773253337224136,3.6698308630839107,0.3380385952422243,6.392051179477852,29.196025589738927,-1.9752182958452145,-0.0002760771904844485
2262.790880857682,1.9829213061530677,4.201075916147483,2.7711583512852065,3.6354319042847956,0.33780743700996096,8.22771176185369,30.113855880926845,-2.0124235279785854,-0.0002756148740199218
1389.5265227575214,1.3587346819786132,4.177227303814888,2.7403101137459345,3.635625068914678,0.3531207138361859,8.552329901331158,30.276164950665578,-2.0378493405839735,-0.00030624142767237176
1828.6877281101806,1.761090005800029,4.184336607892261,2.7460612366042287,3.6594098506544612,0.35059239979597456,8.066434892027718,30.033217446013857,-2.059937008696826,-0.00030118479959194904
2168.3885200873465,2.1070262499546186,4.189272436565994,2.7602464130469313,3.6913084042564703,0.3454016492027372,8.0680967886865,30.03404839434325,-2.048427343056486,-0.00029080329840547434
3269.964450958111,2.8870737531043678,4.2045008961826795,2.782485790013522,3.6752883965251844,0.33442638881841175,6.085996990713486,29.04299849535674,-2.038886399507429,-0.0002688527776368234
2763.178966745921,2.7522911556383827,4.175621082020794,2.7639861708645355,3.6503927832734155,0.3455157515579097,6.7802159202619645,29.390107960130983,-2.03529044429425,-0.00029103150311581927
2618.030870529427,2.35365740326953,4.1950370256299845,2.770588534693837,3.6927136764402486,0.33946468559357856,6.5445999503945185,29.27229997519726,-1.9914911346799415,-0.00027892937118715705
2352.1662771569427,2.117400745870449,4.1996367741128235,2.76716707981069,3.660289992606663,0.3402734317044569,7.604991283044267,29.802495641522135,-2.0324691955904712,-0.0002805468634089138
3189.6840633167135,2.737919338881023,4.198332353617261,2.7676090457341243,3.6385242030814946,0.3392060035770044,6.086954647718965,29.043477323859484,-2.021167320593736,-0.00027841200715400874
1920.1879275590452,1.742992828255638,4.190065941538224,2.7564322366811216,3.637532392353743,0.34475798797138574,7.606123572263332,29.803061786131664,-2.017880062635374,-0.00028951597594277143
1760.6962513149147,1.7411835262095383,4.187144210623405,2.760693550122978,3.7005603069351842,0.34507486778679153,8.288158162934376,30.14407908146719,-1.9879403615024058,-0.0002901497355735829
2815.510672684258,2.3185476449500158,4.2075768743541495,2.766408608543495,3.7131588403735596,0.33858616777150624,7.246825066885122,29.62341253344256,-1.999322766730704,-0.00027717233554301244
2895.2189137123755,2.4865425580743037,4.2079530856216225,2.77864936837207,3.7146458080583034,0.33485584458451917,6.669966599157824,29.334983299578912,-1.9917333141508993,-0.0002697116891690383
1260.0024074206572,1.2161794945770654,4.172352617305419,2.73854382956069,3.622447276647842,0.35337501529239734,7.62149425526561,29.810747127632805,-1.989579491401998,-0.0003067500305847945
2085.5153022319255,1.7477217099282887,4.204050490783025,2.7600353357317116,3.676813018895046,0.34100463785384394,6.2698377998579335,29.134918899928966,-1.9962691833102268,-0.0002820092757076878
2944.446607803374,2.4710914408139533,4.196294616366785,2.7692869646714438,3.6578221723234954,0.3382799734157694,6.048593597899452,29.024296798949727,-1.9752791295108787,-0.00027655994683153863
1585.861382526682,1.6306955993378522,4.168901893277645,2.7398286699340617,3.66686450824338,0.3551968330278951,10.240436659605697,31.12021832980285,-2.024136974292581,-0.0003103936660557901
1190.2328396105986,1.3083767580751382,4.156150758465456,2.7370610804080937,3.6719877121514024,0.3582909756736344,10.622909184272487,31.311454592136243,-1.9895020477969665,-0.00031658195134726873
1782.4924813759467,1.7479775644007456,4.1716121699250115,2.750209670159215,3.6264823496716483,0.3498941275850401,6.544983062083086,29.272491531041542,-2.009960726929015,-0.00029978825517008016
3441.8184663705138,2.975194051855522,4.208735915836005,2.7857125959291227,3.6769620760411748,0.3324738947774067,6.729039733906438,29.36451986695322,-2.028979961663773,-0.0002649477895548133
1832.702717241714,1.8317756688982108,4.180441544484237,2.7573226737406658,3.671027670957323,0.3469567330064253,6.679802408004258,29.33990120400213,-1.993332954711371,-0.0002939134660128505
2110.372262205412,1.748471242492453,4.207522973089759,2.7563021043011515,3.677125452215445,0.34209860379467544,7.888138918266533,29.944069459133267,-2.0290945017951425,-0.0002841972075893508
2464.8735324810223,2.679681623083625,4.161289934742236,2.7680432345477675,3.6732267995945587,0.3464706484416485,7.527840368176944,29.763920184088473,-1.9671325364187642,-0.000292941296883297
2068.4925474274783,1.825340412831236,4.197400524198569,2.7671587679703227,3.649038314910738,0.33949998527010083,8.691530332239976,30.34576516611999,-1.9760269456085808,-0.0002789999705402017
1784.661693175129,1.6605509468399355,4.184725401484062,2.7484455471223583,3.6651628895352655,0.3486162584206498,6.830837813543189,29.415418906771595,-2.0026494066396854,-0.00029723251684129955
1728.003277421206,1.472847486835937,4.206372566584577,2.7566553211568525,3.6394791741779318,0.3423641932781442,8.372977492690767,30.186488746345383,-2.0493355774811626,-0.0002847283865562884
1566.1809440059026,1.6187680986794073,4.174623994726348,2.7456838798882184,3.669357955361998,0.3526515837731648,9.865082104778411,30.932541052389205,-2.0345368288508476,-0.00030530316754632955
2354.010607714209,2.0242584860012514,4.2024295447587585,2.757182885473588,3.6802063907939933,0.3427023083628209,9.19168340609149,30.595841703045746,-2.0097919329206593,-0.0002854046167256418
1454.0106725789076,1.4656453644377432,4.1700309630989665,2.7429458400939297,3.634000482682859,0.35335621856880245,8.179310087280797,30.0896550436404,-2.0267561609246636,-0.0003067124371376048
2815.0986930459785,2.8794256478782776,4.1812331272110566,2.771864043574588,3.66822346038174,0.34256479975734105,6.370685794777734,29.185342897388868,-2.0304865086314807,-0.000285129599514682
2329.8393431901995,2.42043319576869,4.169543310036977,2.7596514448726768,3.6774874431175384,0.3490178208816652,5.791365099330175,28.89568254966509,-2.06069081257283,-0.0002980356417633303
1656.7610538613105,1.5884091796400046,4.184824982842515,2.7592280406070486,3.628821691132373,0.3448176468837466,8.843729427988505,30.421864713994253,-2.0054795273675,-0.0002896352937674932
2940.644672428854,2.67864421572671,4.199046599454266,2.770378517065726,3.69834983630785,0.339591364045087,5.746592358063553,28.873296179031776,-2.016778803898265,-0.00027918272809017387
2264.8826677973007,2.553883659704878,4.168343877053111,2.7650489493703265,3.717498311397959,0.3485023519408748,6.238842167605346,29.119421083802674,-2.040282178551238,-0.00029700470388174956
1878.0007177673483,1.7308105828818157,4.194609992294959,2.756521917690046,3.6943750208356625,0.3448218320605906,7.963427882078011,29.981713941039004,-2.0019670521084705,-0.00028964366412118114
1996.455026085935,1.8380495468899676,4.196852565216378,2.7593651131021284,3.706124697397894,0.3436195569870317,7.867621503422924,29.933810751711462,-1.994301829751472,-0.0002872391139740634
1179.0499134419817,1.275280852563189,4.171504151661372,2.7519289965690357,3.6388652983493985,0.35113645259666393,9.658520803678375,30.829260401839186,-2.0398376319303524,-0.00030227290519332776
2740.1355945814125,2.7570411243912316,4.178849155915468,2.7736583096411054,3.6813394419161725,0.34184451661936566,5.659537613293806,28.829768806646904,-2.0020368017065557,-0.0002836890332387313
1888.2561619481892,1.7332367402596764,4.19383487847208,2.760625581330858,3.6664506677531046,0.342929810879681,8.01017386703322,30.00508693351661,-1.982673212361035,-0.0002858596217593619
1398.4266585214611,1.4488428370721882,4.166523562110705,2.7348666017470302,3.6958745230706667,0.3574324538504276,7.737130131240983,29.86856506562049,-2.0042688340420485,-0.00031486490770085517
2696.8884040953235,2.390767519363854,4.193685560753709,2.768520218223675,3.673985401372212,0.3399018590320696,6.668732952753575,29.334366476376786,-1.9864934185616252,-0.0002798037180641391
2000.058325753299,1.8949780493681292,4.191049086414589,2.755242073402717,3.706886686644613,0.34634473449939795,6.661801120119408,29.330900560059703,-2.012435284893494,-0.0002926894689987959
1308.3579867875371,1.3105694310336333,4.178931065648721,2.7394490613053457,3.6739141107574267,0.35406836763852456,7.228178677677288,29.614089338838646,-2.0477338014428077,-0.000308136735277049
3372.477137152637,2.9672423038858304,4.200959761025147,2.7797246416662396,3.686844664031989,0.33533012617221886,7.350420616034434,29.675210308017217,-1.9936062397288208,-0.0002706602523444376
1285.9499251839154,1.274749715590501,4.189047849056291,2.7547513818364795,3.6860791771539243,0.3471489940740012,10.310715963709804,31.155357981854902,-2.0202888714314877,-0.00029429798814800223
2024.4117729406678,2.168729451193243,4.167725515728585,2.7530852697954047,3.655982592319149,0.35127480827458696,7.845439354569779,29.92271967728489,-2.032733707408847,-0.0003025496165491739
1839.795511308799,1.8900779407230663,4.172535417871649,2.7551776201460094,3.646431735588523,0.34862751317667134,6.392863390993977,29.19643169549699,-1.9828585239936667,-0.00029725502635334254
1636.2914714055746,1.6173234254364035,4.177866502906401,2.7435322976412535,3.689318397216779,0.3523799379851281,7.177399567429055,29.588699783714528,-2.0145390487669075,-0.00030475987597025617
1531.374070456322,1.467211674953096,4.186610049691167,2.7428417838130703,3.700532404254738,0.3512654579384398,7.403856335940273,29.701928167970138,-2.0129456785739666,-0.0003025309158768794
2076.165019098258,2.229486353853223,4.176241258486403,2.767337787990779,3.708018123041874,0.3458408191407561,5.906257581440008,28.953128790720005,-2.032782535058233,-0.0002916816382815122
2464.776638809982,2.2752900729718775,4.198066889216505,2.769562828568889,3.655891855909267,0.3400752431207681,7.383142628675474,29.691571314337736,-2.0471378047090987,-0.0002801504862415361
3395.060082049996,2.9462821074544454,4.196925856013004,2.773879495561411,3.6497571487660094,0.33743279623859995,6.4145538904489445,29.20727694522447,-2.014619914626571,-0.00027486559247719985
1555.7372329496561,1.507502883315387,4.193900859920903,2.754329283496963,3.6633624043292334,0.3468475817375156,9.729785090682729,30.864892545341363,-2.074332393938675,-0.0002936951634750312
1753.5386740241966,1.732834259539975,4.184427173724991,2.7551351851937285,3.67567739328029,0.3477650608358474,7.992734973584405,29.996367486792202,-2.0443577536286806,-0.0002955301216716947
2528.5955879568914,2.1855708930898694,4.204660957369446,2.7637196787601193,3.6929587592892057,0.3407503386112307,6.947044578868565,29.473522289434282,-2.0406368874459457,-0.00028150067722246134
2108.950409152408,2.024552737995905,4.185075257364169,2.753101678469201,3.665783516567344,0.3482523050082868,7.297726035128344,29.64886301756417,-2.0717995440155526,-0.0002965046100165735
1336.6241169957502,1.2944109875853678,4.1927300623458805,2.7561379864453865,3.6660270353909885,0.34605833284519727,7.916980636756806,29.958490318378402,-2.0476914372330457,-0.0002921166656903944
1709.1088505759935,1.7769170731892403,4.16735554357627,2.742661250066296,3.670326442936342,0.3548548706826636,6.965002355283106,29.482501177641552,-2.0428979743520044,-0.00030970974136532706
1325.8200902197452,1.2837536668885614,4.177002308361052,2.742444800415992,3.641602950655422,0.351788722067876,8.771895119964675,30.385947559982338,-1.9927059032628855,-0.0003035774441357519
2374.5722311834575,2.6308959710841298,4.1645551623347,2.7625535904787335,3.6863673301960507,0.3493213284976565,7.682936199677316,29.841468099838657,-2.042166706084079,-0.0002986426569953129
2445.9790421954276,2.640669587689471,4.163648041772165,2.7691597955940366,3.65443862364427,0.34581904147334513,7.448044645606161,29.72402232280308,-1.9966924565463942,-0.00029163808294669014
2164.281688630304,1.8983486414128161,4.190782737796079,2.7494984242761396,3.6218705397339326,0.34630987280978937,7.751997582601565,29.87599879130078,-2.0137631010002983,-0.00029261974561957865
1963.825545522329,1.8888555151028286,4.184473549860666,2.751461172660826,3.6918426904447856,0.3483480330561503,7.902577730580502,29.951288865290252,-2.0036868288714107,-0.0002966960661123006
3394.043049238918,3.058628603050442,4.188012134483876,2.7697240523148117,3.6875245973234088,0.34024446323688473,7.152858133317343,29.576429066658672,-1.9640590631434465,-0.0002804889264737694
3137.8247931663773,3.138830758505363,4.189328575027375,2.7786992719305683,3.70597386615521,0.3394765268336101,6.0337889574555295,29.016894478727764,-2.0425856758987773,-0.0002789530536672202
2799.2831411459556,2.6389132859737994,4.184109688740951,2.768453531891466,3.6695885171966434,0.341716866905909,7.233098837109093,29.61654941855455,-1.976790657116101,-0.00028343373381181793
1929.5404482769688,1.6989322729289131,4.197825527488305,2.7541935460482305,3.669810963880366,0.3447150004942512,6.225492763564297,29.11274638178215,-2.0308450993291447,-0.00028943000098850233
2677.005541501705,2.3918181939064915,4.197350923291458,2.7699662880875553,3.652215269538394,0.3393040468097304,7.758784591501085,29.87939229575054,-2.025909479419661,-0.0002786080936194607
1569.933402916753,1.3552881617670673,4.192902567949748,2.746103054137983,3.627828775489856,0.34683110742457524,8.717097953152324,30.358548976576163,-1.9867088780031787,-0.0002936622148491504
1828.4836327144774,1.8251579842163084,4.18172489777623,2.7598917385343054,3.6416859999888542,0.3460146147529333,8.143321887486517,30.071660943743257,-2.0312511539378746,-0.0002920292295058666
2631.0102886453674,2.246545067720643,4.207128581936989,2.7685171886198496,3.6783698148234842,0.3381241472659373,7.264270837767214,29.632135418883607,-2.0041111959825053,-0.00027624829453187457
2471.510067000374,2.6539252466639627,4.168837032558448,2.7611870507172056,3.6526726006207504,0.3485473873671399,7.9180746142334995,29.95903730711675,-2.0512529337753977,-0.00029709477473427985
1989.2650482481988,1.8359058544459739,4.19953812203904,2.762842056278911,3.707523044657628,0.34230757637173836,7.2707630347992,29.6353815173996,-2.007985507107194,-0.00028461515274347666
1513.4281974039263,1.5540650756294934,4.1716127567253425,2.7400222372106775,3.681697133744256,0.35498151000892497,7.649540190996942,29.824770095498472,-2.028480687791717,-0.0003099630200178498
1414.0093311077271,1.449706050864907,4.167902584801004,2.740729137420616,3.636084787020559,0.3547713817043844,8.751966329999155,30.375983164999578,-2.035970600425297,-0.0003095427634087686
1453.1134059092215,1.428067520762388,4.17230067217481,2.7400150081159436,3.663848454114656,0.3533121805565027,9.523665528436963,30.761832764218482,-1.9654519943620379,-0.0003066243611130054
1477.2297211120333,1.3905112122234138,4.199353842470985,2.7555722332229835,3.6987680161840752,0.34531055972392694,6.8778069485883435,29.43890347429417,-2.0357919390278694,-0.00029062111944785386
3382.266626705658,2.9566341662686306,4.201754443865221,2.7786434532397957,3.6680455284443454,0.3352834444868863,5.6236248577788865,28.811812428889443,-1.9884999701152632,-0.00027056688897377244
1775.229836316107,1.9414472134093552,4.162748096231598,2.752463480334201,3.6350374978778395,0.3519677208799234,6.828119714996828,29.414059857498415,-2.023665048221324,-0.00030393544175984666
2361.1372861265636,2.488427927919455,4.173601199189428,2.7642560375227365,3.6719681221314526,0.34619829054117984,7.971078338130605,29.9855391690653,-2.0009632758088722,-0.0002923965810823596
2874.2507154353157,2.91368853445763,4.17319874040767,2.7702207754980326,3.6403193653187387,0.34343471722697266,6.712770244493977,29.356385122246987,-2.019257119353359,-0.0002868694344539452
1941.8928582566039,1.9126048918244318,4.17136038015778,2.7510238387745045,3.6271814612094655,0.34972003078908404,8.865685295898686,30.432842647949343,-2.0107564015748607,-0.000299440061578168
1924.9709650496,1.9947265048006244,4.175504977419608,2.7596536461285197,3.6760248865391305,0.34783454507122935,8.43461004094373,30.217305020471866,-2.035034209762978,-0.00029566909014245874
2407.4299799651735,2.0713529339206374,4.203111697908979,2.754184564600546,3.6717132596376914,0.34398586190889907,8.948161073836273,30.474080536918137,-2.046152212560373,-0.0002879717238177981
1882.9497383213525,1.8283006825169985,4.183350225694499,2.7517695679725214,3.7031109803367404,0.34856299792241696,6.637651916012516,29.318825958006258,-1.996497584764726,-0.0002971259958448339
2903.6223993882186,2.6441303873711424,4.189969961165415,2.768935809874884,3.6613491630244357,0.340397239115379,5.477296695471414,28.738648347735708,-1.9844944633403245,-0.00028079447823075795
1916.692165973901,1.9107148556894635,4.1658911373505125,2.7479795693089577,3.6312989848266866,0.35153271801725805,8.583311828757967,30.291655914378985,-1.9957134277217525,-0.0003030654360345161
2297.3465568107363,2.6250214173966384,4.159772050203171,2.7666867177051526,3.6713383536230224,0.34828582881981945,6.188189789338046,29.094094894669023,-2.0106818989666846,-0.00029657165763963874
1462.7227711455919,1.4667281060686408,4.180876422089652,2.7557780146920057,3.6492557631971616,0.34721638047938974,6.889300492373722,29.44465024618686,-1.9927112882917462,-0.0002944327609587794
2392.775314565194,2.59476659557421,4.1619409783462284,2.758224652194222,3.682859023476932,0.35091794272490495,7.332877207955655,29.666438603977827,-2.0448451147199362,-0.00030183588544980996
2272.8965686035317,2.2140328085721848,4.186719206131117,2.7607442800068807,3.6833295207479573,0.3453526507438526,8.543369649528945,30.27168482476447,-2.0369886399000667,-0.0002907053014877051
2373.0496175474377,2.0483746579624387,4.1989515316707715,2.7638884281202922,3.6595969434203295,0.3404725990055843,5.947786681210195,28.9738933406051,-1.9939981149228143,-0.0002809451980111685
2678.4257674818787,2.72360826412495,4.178400711170301,2.7684418102830493,3.651821128239412,0.3437777692567197,6.182777131602207,29.091388565801104,-2.026635099965608,-0.00028755553851343946
2229.792157508861,2.335220811058945,4.1712525734175,2.7588389235552935,3.6925817423152387,0.34899865073389386,7.684733223803949,29.842366611901973,-2.0351881794022826,-0.0002979973014677876
2337.2226021491856,2.5972106222970117,4.158814901400373,2.7621217161060434,3.660605042730216,0.34972523930057275,5.72197345473002,28.86098672736501,-2.0235376252646056,-0.0002994504786011456
1813.75134633924,1.9944276906903557,4.1681144847129294,2.760026328965759,3.6698734964840196,0.3494009237005589,7.265937124490243,29.63296856224512,-2.0406550399829415,-0.0002988018474011179
2171.393418630733,2.1012343054756153,4.18111508587403,2.752906991934387,3.6987544820030447,0.3486015560523402,7.128618343045734,29.56430917152287,-2.017363631516726,-0.00029720311210468047
2302.6913160702466,2.020011449617743,4.199880446611037,2.768221359360685,3.6487380394893307,0.3391311283751254,5.971194147198847,28.985597073599422,-2.007939468481074,-0.00027826225675025066
1957.445792122072,1.6560021828628384,4.210496201849338,2.7647232957581545,3.6518107053686673,0.3391629324625186,8.460629080968445,30.230314540484223,-2.0482690893331084,-0.0002783258649250371
1306.4035147299692,1.3138275934227917,4.170620130802887,2.737486351138938,3.6460027444209175,0.355297772163701,8.493521108824488,30.246760554412244,-2.027042459093863,-0.000310595544327402
2063.415505955254,1.7714490477723224,4.198663246667927,2.7499786852116537,3.6741967420171235,0.34539220172587454,6.898754727069965,29.449377363534982,-1.9992868649774262,-0.0002907844034517489
3061.5274360267103,2.6341504918430028,4.20207439475203,2.7729655189489293,3.692446076407653,0.33753633192151594,5.874508610556284,28.93725430527814,-2.017093956573221,-0.0002750726638430318
2085.3788525091454,2.2166969917942296,4.160531826352341,2.7452981433476444,3.6654804321087977,0.35494537410519716,8.54203696234051,30.271018481170255,-2.0320740109534885,-0.00030989074821039425
3064.656373853858,3.1059680113925623,4.177810092748466,2.7670447903826108,3.694331933819198,0.3449147542980765,5.746467169220104,28.873233584610052,-2.0348287261117894,-0.0002898295085961529
1636.261792564612,1.3874040950565802,4.203099440234201,2.752955264877213,3.6642012509000454,0.34343253088399617,8.274891159307662,30.137445579653832,-1.9823869564228953,-0.00028686506176799233
2204.641267486907,2.39449985585059,4.164758100511985,2.758301845898556,3.658967839243982,0.3496871116910494,5.893625791043,28.9468128955215,-2.004504018625525,-0.0002993742233820986
1666.9113363471754,1.727302585790038,4.168285766657843,2.750440175436431,3.6586065800005056,0.3511682161265347,8.309499096780453,30.154749548390228,-1.9895882176007498,-0.0003023364322530692
2325.8946180394587,2.2746788234433697,4.18534611922978,2.7576016915445165,3.692680336517016,0.347004095262984,5.709122046024428,28.854561023012213,-2.0561837818116966,-0.0002940081905259679
3017.94895556528,3.0094159569577688,4.187526529310468,2.7733915191301723,3.6872405397212002,0.3414094738054983,6.549912775725344,29.274956387862673,-2.0514277085555293,-0.0002828189476109965
3033.1773509930335,3.1215208084941977,4.176534518472177,2.778880874423168,3.6492247249641405,0.3404051198096414,5.830911745247379,28.91545587262369,-2.0248061691767427,-0.00028081023961928263
2033.8120572956218,2.228561521042239,4.16312797525627,2.755625421264445,3.6501108923305017,0.3512225531552593,6.737683639959155,29.36884181997958,-2.034033402285527,-0.0003024451063105186
2620.8555736728313,2.8119317350967723,4.171846144272976,2.761734451162235,3.7114319206475033,0.3485649734113366,7.270223602355968,29.635111801177985,-2.0439847239442126,-0.0002971299468226731
1988.1554986397753,2.1551902416009106,4.173874109950287,2.758489017302872,3.714027689237477,0.3494650432193818,5.93307693667347,28.966538468336736,-2.034966640424022,-0.0002989300864387636
1712.895027648131,1.7908505203689533,4.176036911308893,2.7571519018071347,3.6855982699835694,0.34870250772976996,8.103515042958602,30.051757521479303,-2.024896126877361,-0.0002974050154595397
2805.8851790709446,2.4235725868649163,4.211289555188662,2.7725960364891837,3.7150298179198344,0.33713193654308476,5.952892421656648,28.976446210828325,-2.0346411459383766,-0.0002742638730861694
1319.055396396316,1.28513215536247,4.189642683378618,2.7505430325005187,3.6573625946622763,0.3484980531641894,9.148508538812864,30.57425426940643,-2.0591237002441387,-0.00029699610632837867
2405.043201767285,2.0204760010601057,4.198735848276312,2.755481144388052,3.640624393795312,0.3428559109581342,7.679900362342727,29.839950181171364,-1.999352209204302,-0.00028571182191626835
1679.9722400703217,1.6791349170761585,4.179959485652648,2.7438200663319665,3.658722699110892,0.3524941474307237,7.996835765061629,29.998417882530816,-2.0676180523769148,-0.00030498829486144734
1537.511195927641,1.4761731424934732,4.182405758690805,2.7480450633735796,3.637767137486991,0.3495979430625454,6.387346470978824,29.193673235489413,-2.039135070816729,-0.00029919588612509066
1787.269797782909,1.6497419463388152,4.188830286230451,2.74952262869162,3.674957399150644,0.34782851486875527,7.072430246589855,29.536215123294927,-2.009891987381878,-0.0002956570297375105
1327.0310146130473,1.3470458449661211,4.165067753545988,2.7343007890549385,3.6629996903540896,0.3566201481644284,7.882694756514878,29.94134737825744,-1.9651247796384168,-0.0003132402963288568
2202.655126238809,1.8666594818861326,4.205965331330707,2.7670040029001646,3.665866227891154,0.338397928798092,8.164997214709095,30.082498607354548,-1.989794182983118,-0.0002767958575961839
3025.2145788905163,2.6087483071707265,4.203021383121724,2.780726836233882,3.6836646166568965,0.33431057790059016,7.034569951084343,29.51728497554217,-1.9802257075036853,-0.00026862115580118025
1626.6608059029368,1.7962072277125698,4.160029273185322,2.7567106584562384,3.6360422855945504,0.35076583566471065,8.05759029129099,30.028795145645496,-2.0089768066974307,-0.0003015316713294212
1269.2108032935541,1.1633179402949405,4.193241147021023,2.740770623298154,3.661050792591008,0.35064325785038125,7.085662768631169,29.542831384315583,-2.057778329134107,-0.00030128651570076237
3014.7834960986215,2.5575943786463653,4.2027390304904495,2.7644849340702704,3.660174533490616,0.33991187122877586,6.238112589388691,29.119056294694346,-2.021091274807904,-0.0002798237424575517
2314.9604901771945,2.341021660606691,4.186061881321619,2.7652917740479426,3.7268869398954148,0.34473589317180237,6.631633024326199,29.3158165121631,-2.0217627717206526,-0.0002894717863436046
1889.9044007310383,1.825614959818277,4.191984527722248,2.7589006870234893,3.708385884555044,0.3453649862390585,6.538311530142506,29.269155765071254,-2.0238003604866677,-0.0002907299724781169
1232.5214127432978,1.3081376810276815,4.162945797441715,2.735823063214305,3.696615828518039,0.35793508008494895,8.853862673296167,30.42693133664808,-2.0073855155169467,-0.00031587016016989785
2541.989041828057,2.8593253155412066,4.158436490084784,2.765859377088851,3.6516899868939987,0.3482384499398725,5.964262351605293,28.982131175802646,-2.006457600594956,-0.000296476899879745
1965.3412190905196,2.07968431943089,4.1669382713520875,2.752095655363987,3.6465469661477847,0.3516307161045248,8.541868266915433,30.270934133457715,-2.0462148110212715,-0.0003032614322090495
1274.570253989732,1.4246066677608236,4.1568577808316896,2.747583979267577,3.626545386938255,0.35451965882006276,7.913935159255332,29.956967579627666,-2.0206612133217496,-0.0003090393176401255
2407.8338153347886,2.218131383212366,4.197526016431147,2.773203202695845,3.6824270340716496,0.33870258515548735,6.1787610147922845,29.089380507396143,-2.0101192837871835,-0.0002774051703109747
1743.7056019303047,1.7591336883773627,4.1782329906768725,2.751000330203896,3.671017722085063,0.3499883644708359,8.175372260069087,30.087686130034545,-2.0284477006350676,-0.00029997672894167165
3067.1186151947363,2.6707472250578657,4.202196890899265,2.7723276638247394,3.6700733492225504,0.337787535952934,6.933573879033062,29.46678693951653,-2.0253832651389883,-0.0002755750719058678
1583.1498014359065,1.4302707020429914,4.199707650644849,2.7577942796753128,3.6788210330186817,0.3432182551514292,7.798835280184701,29.899417640092352,-1.9901579037927617,-0.00028643651030285823
1829.6739582681896,1.9907287248308767,4.164796765362,2.7501312929022834,3.6703880423572426,0.3529272982071897,8.195804225116174,30.09790211255809,-2.0240224621101284,-0.00030585459641437946
3556.320006316067,3.0336303368371897,4.201304304172828,2.771111019831486,3.6502317397685866,0.3379271421031034,5.912721371992549,28.956360685996273,-2.0373443684102335,-0.0002758542842062067
2795.603036395335,2.470065880710973,4.197658372403267,2.775498985811228,3.6553837030153242,0.3368765175832207,6.611889225199877,29.305944612599937,-1.9932354772501029,-0.0002737530351664414
2599.6545953827936,2.461486595596108,4.177567827120604,2.7582345763399285,3.6515553365728057,0.3459701451833114,5.995007422760845,28.99750371138042,-1.9832690064943959,-0.0002919402903666227
1742.472260364006,1.7242814448506605,4.173756445062322,2.744510578361298,3.62193232531203,0.351928023273116,9.580146779949882,30.790073389974943,-2.030164307166116,-0.00030385604654623196
2085.142784173133,2.1839909502434116,4.166908499401083,2.7545260987560507,3.668268137373933,0.35095735263667693,6.471100856138956,29.235550428069477,-2.0474068820410856,-0.00030191470527335374
1995.1408713196172,1.8439030973684771,4.195221350109318,2.7622126364045307,3.6740289661194963,0.3425969170837019,8.319328620276996,30.1596643101385,-2.0007581855980696,-0.00028519383416740365
3051.7326437999245,2.9796279582025593,4.192901179537986,2.7774370992225887,3.694552546674412,0.3392136500265058,7.234045545630312,29.617022772815154,-2.0558211643231763,-0.0002784273000530115
2658.0684588861786,2.3153298801356077,4.209968866350235,2.777357476796049,3.6906492345040762,0.3354422638115419,6.885555846658563,29.44277792332928,-2.0302451147157963,-0.00027088452762308383
2433.0862572180245,2.1393680119481036,4.197951431277866,2.755960776493879,3.709760318939291,0.3442355649501289,7.08457433633783,29.542287168168915,-2.006164080375459,-0.00028847112990025776
1349.2527964665117,1.3676964440204684,4.173870045715939,2.7414701174978817,3.680364198256826,0.3537266979062067,8.294691333523765,30.147345666761883,-2.007119580512284,-0.00030745339581241346
1567.0032573346716,1.70200408514289,4.1643380065319135,2.742634947178159,3.6865947218263186,0.35587978186672836,6.657675747442138,29.32883787372107,-2.0336219979163355,-0.0003117595637334567
1417.7572180351262,1.3832166558529386,4.184785989442902,2.7543276689790845,3.629088887378789,0.3470252885293034,7.6109165155218275,29.805458257760915,-2.0260641495213196,-0.00029405057705860676
1295.959723990632,1.3725610264556944,4.169027616789693,2.7444002580544304,3.6364230271308506,0.35366864695819833,8.038047723257957,30.01902386162898,-2.0293299818982793,-0.00030733729391639657
2034.96853667752,2.1589890099637707,4.1686046120760105,2.7624369324203313,3.6366265432950686,0.34724844337443095,7.461245896908744,29.73062294845437,-2.0169391340749407,-0.0002944968867488617
1619.247745558165,1.6888742180586596,4.175595796948159,2.757997274658464,3.6698597772910975,0.34813320172054474,7.198851978023956,29.599425989011976,-2.0149756161267667,-0.00029626640344108935
2295.6523645549155,2.061893499503887,4.192908212960045,2.7635356735996566,3.666422414455935,0.3415409287339041,8.241246831214864,30.120623415607433,-1.9639322022259156,-0.00028308185746780815
1468.4928625224554,1.6052240446349204,4.159965464376788,2.7421114985617474,3.682815232985176,0.356533016483534,8.47343603554072,30.23671801777036,-2.0221433942072533,-0.00031306603296706785
2780.5658066739015,2.6418713439429062,4.18464087592084,2.7697356551313113,3.6451782293940775,0.3416337776404428,6.133808573656133,29.066904286828066,-2.030715933540301,-0.00028326755528088553
1894.1110946191206,2.1049264229562685,4.162458878642728,2.750880257956489,3.662469145795704,0.3536786954547353,8.406254344886612,30.203127172443306,-2.062581424664867,-0.0003073573909094705
2112.732803673345,2.035066584686639,4.174380897291226,2.7498380803464,3.623237461493891,0.3493304030635406,8.979620959634092,30.489810479817045,-2.0063577149001155,-0.000298660806127081
1804.4550719154577,1.7123810812383375,4.182668296541,2.75213174866982,3.668745336393063,0.3474771959453328,8.51785727250685,30.258928636253426,-1.968266387352349,-0.0002949543918906654
1711.439423882354,1.6728604041004824,4.181301392750157,2.758451072716921,3.6335548762187626,0.34583508218848263,6.077125644440973,29.038562822220488,-2.0038968233427865,-0.0002916701643769652
1836.0704412124364,1.9395555061054564,4.16743794944779,2.7592352275320824,3.664718169923583,0.3485659530863556,8.50422345582756,30.25211172791378,-1.9909164006075442,-0.0002971319061727111
1969.719313837657,2.1773264683634483,4.157660269754689,2.756293289479032,3.6794787928420325,0.35157431522534904,8.094149322849953,30.047074661424976,-1.9876199029632726,-0.000303148630450698
1124.3008488634719,1.1502173568751484,4.16529674759793,2.7352262318719407,3.615952556678784,0.3565860193811681,9.468806683100292,30.734403341550145,-2.0300454129802614,-0.000313172038762336
1820.564030361811,1.7513324192225268,4.176779673148312,2.7520121452298905,3.631297862876523,0.3484880642076688,7.757601248362934,29.878800624181466,-2.0114573983395183,-0.0002969761284153375
1927.5019203864733,1.705024183545389,4.199282186689538,2.7582082308199842,3.684090476635673,0.34316696695570853,6.993839912359591,29.496919956179795,-2.0128336148143484,-0.00028633393391141695
2325.9482761450436,2.2801128773091635,4.178857326253884,2.75303202582935,3.655050325487312,0.34896051794913463,6.673820480898023,29.33691024044901,-2.0513750665738715,-0.0002979210358982693
3510.425283405038,3.1818660107554053,4.192717235903282,2.77267762600971,3.660703636103966,0.33919671823022846,5.524977301695733,28.762488650847867,-2.025638046028884,-0.0002783934364604569
1624.6284361977541,1.532864956035635,4.183767337680316,2.7511146042883685,3.649465644253387,0.347516131577758,7.541306938965412,29.770653469482706,-1.9765714350675276,-0.00029503226315551596
3065.1332907405454,3.014821397119326,4.1815484045015845,2.778550170672548,3.675564277141049,0.339130545291932,7.229069472142046,29.614534736071022,-1.975234445481168,-0.0002782610905838639
2143.8986088214297,2.35353981023718,4.160886214714192,2.7548768787950393,3.6858486913168877,0.35210736700579387,8.14280067273145,30.071400336365727,-2.0236312314750244,-0.00030421473401158754
2724.2560824932334,2.9535660394649628,4.1682103433277,2.7678057514939916,3.6726491295651855,0.3467307840405881,5.8044840535718665,28.902242026785935,-2.0521893899551493,-0.00029346156808117624
1295.1659623862847,1.3513529548139946,4.172718033185701,2.7439415495468813,3.645357497757776,0.35341609465626433,7.571125044696168,29.785562522348084,-2.0398659938930215,-0.0003068321893125287
2050.3740325323292,2.164653020671775,4.163869554554637,2.75445815405958,3.6792633574470366,0.3506638218587174,6.640236050640725,29.32011802532036,-1.976897730282533,-0.00030132764371743466
2726.3890326552423,2.765034960681082,4.176234885674885,2.772486333789832,3.6642551618819703,0.3425255679550229,7.193670457200943,29.596835228600472,-2.0056008418868148,-0.00028505113591004573
2416.77975428339,2.3822719009100477,4.183489176578664,2.7668017201124804,3.6436340236461913,0.34293036576941993,7.36422216054103,29.682111080270516,-2.0050587624520704,-0.00028586073153883984
1520.5374701339463,1.2684709206939144,4.208630626358961,2.752219110341909,3.6966040992926437,0.3432958475909623,9.414294548129368,30.707147274064685,-1.9920749786848653,-0.0002865916951819246
2970.111160536988,2.668307225055391,4.20866738939243,2.7796194726385957,3.683643663336487,0.33559371825232914,7.0740714617777,29.53703573088885,-2.070183315223914,-0.0002711874365046581
2749.0974246712585,2.403154773259288,4.20323000591175,2.7641695631505625,3.700229666896504,0.34101802318413904,5.696619647621371,28.848309823810684,-2.043194177863322,-0.0002820360463682781
1361.1088594947664,1.2165444972174824,4.20041521772493,2.759197620360261,3.6551048604178185,0.3423697203678224,9.520088739238435,30.760044369619216,-1.99739899980256,-0.00028473944073564486
3219.8657770047726,3.0054626645092357,4.196492591498021,2.7727241297403693,3.724229810414857,0.3398130670250163,7.015265787670498,29.50763289383525,-2.0243671890702917,-0.0002796261340500326
3362.693637816598,2.8933065697633107,4.204269721450104,2.7766918519228243,3.6941263529888078,0.3357007766289872,6.935482300799591,29.467741150399796,-1.9872858306781713,-0.0002714015532579742
2289.806494199881,2.459643978775666,4.154040891046021,2.7524405416411044,3.64010401385514,0.35254198683363774,6.025840017913814,29.012920008956907,-1.9886710051888543,-0.00030508397366727543
3188.7969599556995,2.761429199680238,4.203746177094656,2.7750895096702655,3.6605028701206535,0.3363940786775046,5.525881231411577,28.762940615705787,-2.016638927866428,-0.0002727881573550093
2117.599151548881,1.939440732615726,4.193235050488785,2.7609531249590176,3.6668932253408455,0.3432274776950823,6.182424814815513,29.091212407407756,-2.0129881535309693,-0.00028645495539016445
2693.1001785893177,2.6377111849871633,4.180843082459945,2.760392967610034,3.7141962849950003,0.34653324169199184,6.819482040039867,29.409741020019933,-2.0273030194671176,-0.0002930664833839836
1328.7977820969909,1.3165323834483094,4.1735055496148785,2.746189670481494,3.649724975129941,0.35109938358777965,7.637518729908699,29.81875936495435,-1.9745604442234335,-0.0003021987671755592
2311.0693954196627,2.046811967661895,4.199371333948644,2.7616160843379207,3.691077201467786,0.3417895001059032,6.2448072378732356,29.122403618936616,-1.9880456530358583,-0.0002835790002118063
2570.8374958178074,2.3549732247441226,4.195516106104067,2.7721837700824934,3.6472214642608054,0.33880701248132894,5.97879193099923,28.989395965499615,-2.009125433488748,-0.0002776140249626578
2826.9108823899965,2.5263132099481944,4.202458283593228,2.780509344392975,3.6732347338761966,0.3355255803389953,5.2852083171820725,28.642604158591038,-2.043259021855891,-0.00027105116067799046
2645.893128854738,2.3281142727490254,4.200162143737148,2.772345438087833,3.6398989683200527,0.33773369130362696,6.884813291510299,29.44240664575515,-2.022419743816586,-0.0002754673826072539
2878.577632833554,2.8953373671552174,4.177349138304659,2.772787787541635,3.6890419341706604,0.34217462825888745,6.117684705579263,29.058842352789632,-1.983214158387918,-0.0002843492565177748
2012.1447990483562,2.211148591613128,4.161561015912893,2.7566292153056815,3.700530722547861,0.3513176372257103,7.313604787173664,29.656802393586833,-2.003237529255122,-0.0003026352744514205
2368.187370679541,1.966440176761262,4.203733423582822,2.760186935160321,3.633707184393266,0.3408138617447645,8.08803406639391,30.044017033196955,-2.0349050261443637,-0.0002816277234895289
2470.932099272415,2.2917930201882317,4.196707318286133,2.767664812585434,3.7225368858688563,0.34122115286090154,7.01645095811242,29.50822547905621,-2.0049852650321083,-0.0002824423057218029
2452.2243929004353,2.1453860484902516,4.199149010676023,2.763515976586803,3.6725035667275705,0.34113797873106594,6.575542073672479,29.28777103683624,-2.016183578001635,-0.00028227595746213173
1854.225236358859,1.7852158670218625,4.191575782011429,2.75351515050637,3.714612609277036,0.34733111560556507,8.410809691098956,30.205404845549477,-2.020008975160266,-0.0002946622312111301
2369.6608107588536,2.4311616420182647,4.1742938336753905,2.7544414908248087,3.681538094184877,0.3499703820071512,7.316093544872043,29.658046772436023,-2.05326008227026,-0.0002999407640143024
2070.3707924147884,1.9246703831417138,4.189690125227404,2.7628968990996747,3.6435081676131436,0.34271091076577204,6.3799429636281975,29.189971481814098,-1.9969180374794757,-0.000285421821531544
2517.327597269335,2.454024865582565,4.178651701236506,2.766339929056307,3.6625869865088942,0.3435705304400777,7.942543490232414,29.97127174511621,-1.9848623511455317,-0.0002871410608801552
2799.826398966265,2.5321826078752667,4.194184287005649,2.769860301596925,3.694070074409313,0.3398941632762736,7.291269958827501,29.64563497941375,-1.9903499280782946,-0.0002797883265525472
1906.6921142510023,1.9145039049521781,4.176037923215277,2.758730273848435,3.6458589068573963,0.34702655035089763,8.67825771826635,30.339128859133176,-2.011558891865169,-0.00029405310070179517
1515.068021211908,1.6374020254894839,4.155228478033645,2.7344001481512024,3.6258902876490966,0.3591537706725435,6.816083458634776,29.40804172931739,-2.034579838945765,-0.0003183075413450869
2207.6294818122624,1.9613776644132823,4.201051862579856,2.763865532641742,3.70821257174262,0.3411815945359911,7.8631498192246605,29.93157490961233,-1.9985075603750848,-0.0002823631890719822
2350.067992374907,2.1953060306759693,4.196649832597354,2.766673449673652,3.7127329635631217,0.3418148293199264,7.8052990219783105,29.902649510989157,-2.0305717419474543,-0.0002836296586398528
1918.4062919056034,1.8916487125931178,4.175380234168509,2.7513125392178046,3.6253884028713754,0.3492494106569494,8.557523175142897,30.27876158757145,-2.0224600517189737,-0.0002984988213138987
2232.797020663482,2.1419275893224197,4.185201489114107,2.7542334235754278,3.6443702746715623,0.34734389812483035,7.46779530201615,29.733897651008075,-2.052012434927264,-0.00029468779624966074
3111.8064010155413,3.0532532406941497,4.179408898080935,2.7663792190380545,3.661369587437978,0.3441328235206901,6.121861508533258,29.06093075426663,-2.0327687452052308,-0.00028826564704138006
3218.9094348415847,3.067487234310711,4.189277020191312,2.7754218450740518,3.6583455500743014,0.33924598854649946,5.707064601946519,28.85353230097326,-2.0231599894860213,-0.00027849197709299886
2887.472960197788,3.093227590013408,4.17590480815935,2.7728411387597096,3.715546319605914,0.3442425297301983,6.228808601073387,29.114404300536695,-2.046969366434439,-0.00028848505946039657
2412.9293559820844,2.1793377205034963,4.202549779815699,2.766906265056027,3.688152605111748,0.3402761769509015,7.854039428794359,29.92701971439718,-2.0267813232165786,-0.00028055235390180304
2115.696758804816,2.4015221562044973,4.164734933008629,2.760125540374628,3.699965140438372,0.3505443511257038,6.49848579786055,29.249242898930277,-2.040329478270904,-0.00030108870225140755
3111.4205789104894,2.6317423705818217,4.2091988665883635,2.7708623079951122,3.6872473915046777,0.3372928202274457,6.447831461596104,29.22391573079805,-2.0264786149582568,-0.00027458564045489137
2954.32881721047,2.6103251142011086,4.204148213860874,2.7771011332604263,3.706029556224349,0.3360816552075709,6.938381095675951,29.469190547837975,-1.9912082341589639,-0.00027216331041514174
2020.4637290391993,2.261022786250543,4.166233095774194,2.7573444544886905,3.707467365600433,0.35110069310058895,7.087603662152274,29.543801831076138,-2.0301025644876556,-0.0003022013862011779
1979.1689620747184,1.8345850714962544,4.194241101544621,2.7586021348823264,3.651349781991186,0.34441944576426586,8.087560871735889,30.043780435867944,-2.055890631696046,-0.00028883889152853164
2685.3080824449157,2.2394857093658276,4.2054354944108665,2.7684612730897027,3.6583616735956075,0.3380227425203861,5.77293857097196,28.88646928548598,-2.023692687168152,-0.00027604548504077224
2215.799804892218,2.041240542965909,4.199056316331346,2.7615217095189486,3.6702617682773138,0.34294512785541864,6.5337415170244615,29.26687075851223,-2.054832593319752,-0.00028589025571083723
3290.0221171233297,2.9926526524777444,4.199576606490161,2.783939480474299,3.6939906510157576,0.3346895363345965,7.070923576855232,29.535461788427614,-2.0066836254541753,-0.000269379072669193
2103.8888518376084,2.094295255762611,4.184241224274583,2.759580455520343,3.685454101249653,0.34600691081028273,8.525642027991802,30.2628210139959,-2.0095900457836655,-0.00029201382162056535
2745.4595859665187,2.6945067701235472,4.182098438549087,2.7678680924320735,3.6942323046400145,0.3433070891466772,5.876513555676793,28.938256777838397,-2.0061224466478023,-0.0002866141782933544
2573.2411078442265,2.639121586291632,4.1627720549489675,2.752526782927393,3.6642144517471027,0.3510922674495836,7.309122508061092,29.654561254030547,-1.9880376648226514,-0.00030218453489916716
1814.0773135481643,1.6429873152702652,4.198382223822304,2.758382715950089,3.6973685678233,0.34368189888746,7.285777711113675,29.642888855556837,-2.0138667875536513,-0.0002873637977749198
2103.8470565272746,2.304561822312187,4.165202014830637,2.752262865693853,3.722764707097108,0.3528966942115729,7.88283671352364,29.94141835676182,-2.017986111718993,-0.0003057933884231457
1752.0861907744124,1.8269921719469246,4.17508765702589,2.760590153775146,3.6787926499408536,0.3473025885274879,6.792862615912261,29.39643130795613,-2.00731799596745,-0.0002946051770549757
1444.1833220354486,1.2824510317172226,4.2042570047077295,2.754984721291149,3.699589954188481,0.34394807684381123,9.627267815601408,30.813633907800703,-2.0136774630681806,-0.00028789615368762236
2698.1060754379278,2.673088568532558,4.185530315601356,2.7708554885657155,3.6921396310442214,0.3426252062960366,5.87778929329334,28.93889464664667,-2.0601083429572373,-0.0002852504125920732
2497.2544173894016,2.7091092993116783,4.151731954461431,2.757325154673227,3.6387456294004283,0.35154360981726923,7.432478098050535,29.71623904902527,-2.014301656664326,-0.00030308721963453827
1944.1329376057056,1.7503961563026778,4.199061208836207,2.7576411848805633,3.699681760685022,0.3439116801194293,7.969381869963149,29.984690934981575,-2.0227940090801835,-0.00028782336023885853
1586.4718982335069,1.5212106672232262,4.184634385204816,2.7525179137669036,3.6424587969942244,0.3473052960654908,7.787670676740615,29.89383533837031,-1.997555073775044,-0.00029461059213098167
1918.7904594664071,1.8453972811628756,4.178054642905307,2.757249310086155,3.6408093537033,0.3463543001223496,6.628180905003186,29.314090452501592,-1.9866233609624866,-0.00029270860024469903
1104.8604643263852,1.1864760811169985,4.162142127143599,2.740643480160835,3.6744907067073953,0.3558953084664082,9.20003914134942,30.60001957067471,-1.9831356398691697,-0.0003117906169328163
2370.9249443684607,2.462360389672291,4.162807224662754,2.754879890179659,3.656910084600863,0.35065852144246823,5.994622012164044,28.997311006082022,-2.0115588529141175,-0.0003013170428849363
2022.948872556837,1.7527886883273287,4.202356688527866,2.7513469002280857,3.700623446725745,0.3453135830733122,9.183534412786203,30.5917672063931,-2.0337462500319448,-0.0002906271661466244
1531.128341416652,1.428343653882193,4.1873625854073895,2.7447667149389483,3.666652958578505,0.3497595104029806,8.92721674692483,30.463608373462414,-2.0150084695943637,-0.0002995190208059611
1489.3458124487536,1.3612477472045545,4.190829239013899,2.746451075472663,3.6309217837391086,0.34840191091304773,7.511505036548431,29.755752518274214,-2.040622601918516,-0.00029680382182609545
2779.141509605475,2.976125001593289,4.174526790568936,2.771517545655427,3.7188068011689954,0.3444048139287925,7.59180737463973,29.795903687319864,-2.008078500419232,-0.000288809627857585
3051.1622608599982,2.7476584394749075,4.190662189505746,2.7620782067536687,3.652492999531251,0.3429134693825502,7.0840358386685995,29.5420179193343,-2.026113800414184,-0.0002858269387651003
1587.744297594562,1.7471485887848544,4.161557000386147,2.751592501642445,3.6771539267734012,0.3525808205389232,6.802437975042553,29.401218987521275,-1.9879359497388438,-0.0003051616410778463
2767.2885904081622,2.620957612606877,4.1852171956689475,2.769804313558632,3.6336064156632775,0.3410147830186019,6.156096988713219,29.078048494356608,-2.012050350559993,-0.0002820295660372037
1922.5927120208607,1.9972444961907425,4.163731232645505,2.7550120631875923,3.6420205687785714,0.3500933705710534,6.437627969579479,29.21881398478974,-1.9974442383424433,-0.00030018674114210665
2379.68536553212,2.3257230317204622,4.175086967079222,2.762113639055152,3.6738281513928066,0.34541305989620685,7.186667589069966,29.593333794534985,-1.9672244024865826,-0.00029082611979241367
1360.8408637608104,1.421806874237038,4.181244780260058,2.751300184690818,3.7159958580297228,0.3503778734031682,9.770567861003432,30.885283930501714,-2.013624482438991,-0.00030075574680633643
2806.3686179656434,2.464735560171089,4.2002849137124345,2.7727574779154236,3.658834325113192,0.3377266664443872,6.0014160382749635,29.00070801913748,-2.014303035732624,-0.0002754533328887744
2543.702869285149,2.324034024636085,4.20185605455313,2.775120693540744,3.6709960040692224,0.33767101296708657,6.4931479489243165,29.24657397446216,-2.0404632604000703,-0.00027534202593417303
1379.9752025586263,1.4794973807702414,4.16700763130629,2.746939764618148,3.663188596450858,0.3530215579178729,6.933585451315238,29.46679272565762,-1.991060469575798,-0.0003060431158357457
1991.6912816633203,2.2129887875437433,4.16020694689552,2.7609058030022284,3.6570300965727798,0.34937158138394725,6.368691714918405,29.184345857459203,-1.984887771885265,-0.00029874316276789445
2135.532924784939,1.9511591714709429,4.1955622032136795,2.755278819551493,3.6783380810016633,0.3452779979587434,7.766816682316837,29.883408341158418,-2.0379033910823847,-0.0002905559959174867
2131.7581333023004,2.0219430047875266,4.193625575917725,2.765037366523181,3.655105842518818,0.34233538101361277,8.254833022058868,30.127416511029434,-2.0335287360207976,-0.0002846707620272256
1767.00670222778,1.5386089204725433,4.209078886052325,2.760014921285975,3.653816640995251,0.3413090867660561,9.842153846380134,30.921076923190068,-2.0458745966876575,-0.00028261817353211207
2331.5691002698,2.442958843400653,4.169352410291641,2.7617651263420577,3.667453730970302,0.34791062775503595,6.569509138873787,29.284754569436892,-2.0311975755681675,-0.00029582125551007185
2822.342504746022,2.5334572549586687,4.197444053143813,2.7689318483156367,3.6456435294151266,0.33963215239868005,6.697421852087879,29.34871092604394,-2.0265177047979166,-0.0002792643047973601
3190.6323563956084,2.9341350598352514,4.184268461212911,2.7629802775540475,3.653601612011651,0.3434978059015929,6.8039261155710715,29.401963057785537,-2.0124795346266446,-0.0002869956118031857
2177.4862499149235,2.062847151985478,4.187445160879082,2.75842027582165,3.717620329339281,0.3458835923712813,6.594043290656861,29.29702164532843,-2.0161872604047546,-0.0002917671847425626
2520.174935991441,2.5724120194105504,4.178127517291461,2.7720697797174605,3.7083993878311583,0.34297828445459544,6.650849082667693,29.325424541333845,-2.003492302492266,-0.0002859565689091907
2491.263888422149,2.3192292482696133,4.185481931690648,2.7605318291823373,3.647218096500974,0.34448141307822544,6.695590826657667,29.347795413328832,-2.0287869890477506,-0.0002889628261564508
2802.3552381887393,2.3811743844424753,4.207513974315198,2.768229751398018,3.645169029332852,0.33824465149685434,5.941432008417809,28.970716004208903,-2.0470088618115554,-0.0002764893029937085
2337.827306720859,2.0915161738502506,4.203312420031704,2.768893587311908,3.678819823199105,0.3390995001578446,8.253580681889872,30.126790340944936,-2.0101838273315185,-0.000278199000315689
2625.0983988906246,2.4450392360761843,4.194175259704311,2.780053733094434,3.6480595656436927,0.33661487911207805,6.105644110209685,29.05282205510484,-2.025138182147577,-0.000273229758224156
2726.193400216896,2.601045642059599,4.1866072215144445,2.780046280719221,3.646325558779102,0.337652718539902,6.034041252528478,29.01702062626424,-2.015887796570764,-0.000275305437079804
3443.8022549820917,2.9506000399560928,4.202643220003627,2.7675455787057905,3.691392273374996,0.3394186395534823,5.509608152858702,28.75480407642935,-2.0313409917959007,-0.0002788372791069645
2844.957335492389,2.3928633856812196,4.200933560716659,2.7667024533597315,3.653873919946964,0.339062157210979,6.0607612245810385,29.030380612290518,-2.012513628807126,-0.0002781243144219579
1630.274552144916,1.4298705524816813,4.204534899960241,2.7621883960287157,3.6810795113206005,0.34075953475495013,8.664467591055883,30.33223379552794,-1.986507653855836,-0.0002815190695099003
1696.7424753530252,1.9258731616773215,4.164270737452297,2.7515066218577697,3.6884947798471495,0.3534464401583095,8.158605007556524,30.079302503778262,-2.040355300834122,-0.000306892880316619
1553.5615395828286,1.4515186816086334,4.181551129691301,2.742897092933415,3.617736262178482,0.3506913177658454,8.08744780722003,30.043723903610015,-2.0302861581034026,-0.0003013826355316908
3038.547745798721,2.787090395613172,4.191295979458071,2.7634859514668593,3.695704940350397,0.34292816192514197,7.290246540242668,29.645123270121335,-2.015276006458509,-0.0002858563238502839
1938.5696908134364,2.03130109639305,4.162671424019642,2.747565963434792,3.664767029202496,0.353645341860706,8.300079248458303,30.15003962422915,-2.0291709296857694,-0.00030729068372141184
2610.556128020347,2.3974234249385815,4.192298795504423,2.764011950786561,3.65625032914667,0.3423303474904477,6.077037807273837,29.03851890363692,-2.0232178993744854,-0.0002846606949808953
1188.878764923837,1.291530619914154,4.166026330972223,2.741436980813865,3.688732426924471,0.3558995466900352,9.335367638445177,30.66768381922259,-2.0193175280559097,-0.0003117990933800703
1495.3657699219957,1.6535857000066976,4.167496587284813,2.749802747008206,3.6540913231392445,0.35296029910948007,7.489197260174682,29.744598630087342,-2.045782825607127,-0.0003059205982189601
2114.107165004565,2.1643335664604098,4.172243537000813,2.7609084743714423,3.6503149708999447,0.3469793289142847,7.731315984707891,29.865657992353945,-2.005265288625579,-0.00029395865782856927
2195.619495789449,2.1966591244118923,4.176252861512924,2.7485182431166555,3.703273471415499,0.35144237899004566,6.1868541926926595,29.09342709634633,-2.033207598118807,-0.0003028847579800912
3197.592781500627,2.941561510918318,4.19187114501287,2.774631086501868,3.703660515587766,0.33866166793095603,7.0706258760689025,29.53531293803445,-1.9744517900314862,-0.00027732333586191196
2374.3265788695276,2.437503258727445,4.174330556976149,2.7683427326229952,3.660060178698693,0.3443900755721765,5.826496833249935,28.913248416624967,-2.012530515519723,-0.000288780151144353
2130.89449798849,2.1200565235671505,4.175286184563739,2.7558716637915515,3.691971596068649,0.3483184366097895,7.627966476912328,29.813983238456164,-1.9951967786537201,-0.00029663687321957886
2218.325693345864,2.2317595871121307,4.172037417597871,2.755533536935729,3.654402003465913,0.3486313069985117,6.445509489829321,29.22275474491466,-1.9994413704495293,-0.0002972626139970233
2308.6339927664335,2.1458829421166246,4.1974681355773225,2.7667846726243335,3.6651878587971534,0.341425408166872,7.0306285062945815,29.51531425314729,-2.057892598758262,-0.0002828508163337439
1246.6552826037212,1.1131188184804304,4.198371416655521,2.74600950721043,3.645183788262793,0.34769217952377596,6.897816697328011,29.448908348664006,-2.055165166167901,-0.00029538435904755193
1909.037931603268,1.7105695134294356,4.1888333918737635,2.753993079897457,3.6231757955137414,0.34540011646338004,8.779406977990094,30.389703488995046,-2.025905400714844,-0.00029080023292676004
2363.0702827969526,2.5278653780255644,4.15912622861104,2.7554264012771594,3.680621599669739,0.3511547234776287,6.789197719717319,29.39459885985866,-1.9774378392157375,-0.00030230944695525743
1118.8749742734276,1.1980749881645825,4.161565097071023,2.7323654043745864,3.668667355331424,0.3594629061865592,10.00944520278719,31.004722601393595,-2.037297400096546,-0.00031892581237311833
2369.8366527736616,2.251071970260246,4.189890395059038,2.768525836235175,3.6408493981061354,0.34131906204758017,8.250411955826145,30.125205977913073,-2.027764096318607,-0.00028263812409516046
1641.1150525115127,1.6165725199943397,4.182213297385262,2.754639598607836,3.674058174082419,0.347433329357742,7.813497757912574,29.906748878956286,-1.9873987627075633,-0.00029486665871548387
1857.3545342860052,1.9517333654120599,4.166465846408747,2.756421691718299,3.63381244520791,0.34953420548848974,7.4453240121605,29.72266200608025,-2.021019102756218,-0.0002990684109769794
3068.0149268252553,2.7980313255698794,4.192015733783937,2.7781001091666195,3.67474928198103,0.3369684461541877,5.710756244792039,28.85537812239602,-1.9677541553088038,-0.00027393689230837526
2241.1167830047298,2.198536714017475,4.182774506113385,2.767070329282377,3.690323362131228,0.3430326861757424,6.227621639914037,29.113810819957017,-1.9735302018524348,-0.0002860653723514847
1539.957310976327,1.4334866412876472,4.184976075686212,2.7458971414303743,3.6619304099655614,0.3492270742017348,10.114266185430184,31.05713309271509,-1.9855952802592378,-0.00029845414840346955
2235.625518912299,2.2739209191637073,4.172381140885162,2.7562285110954745,3.7040336980644475,0.3492207892922264,5.642196572235873,28.821098286117937,-2.012186057946138,-0.0002984415785844527
2217.404050650015,2.061956508217117,4.196685025908133,2.7674304563415055,3.648068053318074,0.3408153040119937,6.665902034837842,29.33295101741892,-2.0342123132184624,-0.00028163060802398744
1231.2411227280456,1.344082773405279,4.162232185611766,2.7433213868420046,3.6598413011790827,0.35547852161253135,9.488400546696994,30.744200273348497,-2.0191319668983145,-0.00031095704322506263
2898.807241276589,3.2778573920143694,4.1556240566531875,2.7730600043855183,3.6558753306909515,0.34599716927551954,6.680001132076212,29.340000566038107,-1.9897379548241456,-0.00029199433855103894
1101.135204479342,1.1303596716513518,4.174652936614359,2.7408523202876434,3.651726192874059,0.35420441369492045,6.904336214419044,29.452168107209523,-2.0475375563240736,-0.00030840882738984086
2233.002324238057,2.048351185447294,4.2017856182487066,2.7647848287130126,3.6637429031841204,0.34147155126721646,7.827594264580431,29.913797132290217,-2.062718569698034,-0.0002829431025344329
1277.2167814183292,1.3068016485484886,4.170807000821917,2.7408539219466532,3.687335655590106,0.3544934121991623,9.5666173153074,30.7833086576537,-2.0032767266022287,-0.0003089868243983246
2473.01325897909,2.481073556385633,4.181343820053195,2.765672180937662,3.7259771696626087,0.3450727662653237,6.202083372434123,29.101041686217062,-2.022290951963307,-0.0002901455325306474
1875.9630257770239,1.930356059866473,4.173750237972867,2.763135128001434,3.6382343409744924,0.34571106645578376,7.111180664701541,29.55559033235077,-1.9932599650573548,-0.0002914221329115674
1684.5292562648726,1.7453630726355054,4.174954607905112,2.748499618867734,3.6813897363902095,0.3521146108291653,7.101448794727665,29.550724397363833,-2.0580392203258953,-0.0003042292216583304
3078.4137335977503,2.597823722878179,4.210189393357516,2.7802998056386157,3.7261356563430663,0.3339909236968903,7.2402301269504505,29.620115063475225,-1.9954861008257714,-0.0002679818473937805
3034.3174617236696,2.634248560727235,4.198121969651105,2.762814084616652,3.659782853015037,0.3415419087149865,6.656380344361323,29.328190172180662,-2.041141042729438,-0.000283083817429973
2662.027237404379,2.3231140275915094,4.2030047627822364,2.774394105437848,3.6579261384106676,0.3366046109043408,6.850377618337956,29.42518880916898,-2.000126264401256,-0.00027320922180868145
1417.319336680095,1.2046284302688002,4.206027997143632,2.748617758799361,3.6771317345303016,0.345225777337293,9.738107205323,30.869053602661502,-2.0257546531231165,-0.0002904515546745859
2170.5201380423086,1.904172122023114,4.1961227104465655,2.7561461883516203,3.6510311423538195,0.34411798723869624,7.164961028208419,29.58248051410421,-2.041150196772197,-0.00028823597447739236
1993.0741155555622,1.7334910381114261,4.2080163741943855,2.767613872816656,3.7051587101021393,0.338932181925153,7.851687266800394,29.9258436334002,-2.01171616690777,-0.00027786436385030607
2061.3931184813387,2.0610938940270436,4.186182399132274,2.759437680498551,3.694811203394211,0.34626359239976534,8.796875641351026,30.39843782067551,-2.032702197119738,-0.0002925271847995306
2063.686717571859,1.9066496383188318,4.193695397715028,2.7605735172779067,3.684044152027944,0.343895984556917,7.736278235849941,29.86813911792497,-2.0385097444563316,-0.00028779196911383396
3321.6727620250344,2.745802620225657,4.200193183916864,2.7689877209860727,3.677488287765859,0.33776694245328115,7.367297595741892,29.683648797870944,-1.9594949058630977,-0.00027553388490656226
1579.4164689381264,1.6105075772830117,4.16774208322284,2.742353798429315,3.6186945424961445,0.35365718001837276,8.851028756409178,30.42551437820459,-2.0216268790067846,-0.0003073143600367455
1744.1499387203942,1.556464398494219,4.194486619843887,2.750644841032674,3.674978446667537,0.3463222518032827,8.962218183091199,30.481109091545598,-2.010726542296114,-0.00029264450360656536
1447.583368681616,1.4461876300459566,4.1743633689990185,2.7421143610127,3.6882944333599537,0.3531753985396899,8.906230711704374,30.453115355852187,-1.9934838457731159,-0.00030635079707937965
1202.487595752133,1.2695012054152366,4.161111100830307,2.7400798175688132,3.6301588046546986,0.35549561610547625,10.366012415332749,31.183006207666374,-1.9844500386030375,-0.00031099123221095255
1226.8247189671483,1.3133736796879043,4.159382564562214,2.7402875954036,3.6419663619954896,0.35609094184008844,8.76826764074544,30.38413382037272,-1.9917718959102302,-0.0003121818836801768
2626.0153867016757,2.2966402296324793,4.197900182158379,2.771203244926191,3.643660939456412,0.33827769156020165,5.66357526288275,28.831787631441376,-2.014818975171295,-0.0002765553831204032
2748.9666715732824,2.403859598274097,4.206200351979671,2.7737794811711303,3.6718093370380105,0.33695607905425845,5.811332250340119,28.905666125170058,-2.0294017423226838,-0.0002739121581085167
2898.299902484573,3.072120523083881,4.16692557941291,2.7725261640613215,3.6655110041086596,0.34404937375904543,5.564833165572889,28.782416582786446,-1.9882723418571013,-0.00028809874751809065
2244.368172751814,2.1688191054052,4.184934309605534,2.7687093616397873,3.690640844687245,0.3420385647769026,6.137369244481594,29.068684622240795,-1.9752833825914944,-0.00028407712955380506
1881.8507163110044,1.9845918248515915,4.169083539824957,2.7531780947443845,3.7053676188787237,0.3510769507549261,6.957925330702742,29.47896266535137,-2.0038355665912966,-0.0003021539015098521
2714.575558341917,2.33134263026493,4.195007228503867,2.7588240696664887,3.6655160178218624,0.34235496543633787,6.251225926731635,29.125612963365818,-1.96893014612731,-0.00028470993087267567
2490.6880329761257,2.1068131791711795,4.209141324820443,2.7670823574830092,3.6602940487968936,0.3384991071608599,8.574071626142288,30.287035813071142,-2.040583783527422,-0.0002769982143217198
3336.1484414270817,2.9088046741329303,4.197474497020636,2.775533436894769,3.688395104531368,0.3368578745758761,5.471065524373105,28.73553276218655,-1.9760813799521861,-0.00027371574915175214
1835.651292263379,1.9362245810307401,4.181313426995923,2.76013504889949,3.6674365371350954,0.3474761654477294,8.079585447498818,30.039792723749407,-2.0706134139788306,-0.00029495233089545873
1367.4702981758674,1.3908441903420838,4.170602692719742,2.7405415209451625,3.655938798188739,0.35402465829365665,10.129032510369822,31.064516255184913,-1.990364031576326,-0.0003080493165873132
1824.0099650491738,1.9604482939755745,4.1669218645227035,2.753821524713958,3.6912375447448627,0.35123938634434043,8.042135470373971,30.021067735186985,-2.0077030244795795,-0.00030247877268868074
2685.463319223363,2.737189340908302,4.171265676297519,2.758683258027999,3.7018274579602943,0.3481865990195855,5.808572534531385,28.904286267265693,-1.9869521400676082,-0.0002963731980391709
2444.660592834565,2.763828333201796,4.159024635675868,2.7639221124360125,3.6852649433901683,0.3492320002843358,6.2709049616308885,29.135452480815445,-1.998883853992096,-0.00029846400056867154
1816.1045760579148,1.71899626272656,4.187430812855295,2.75895849994405,3.6700636939366365,0.34482427137290583,8.576890935204958,30.28844546760248,-1.9926094670460313,-0.00028964854274581155
1825.9264258676064,1.563926176355037,4.201619478587382,2.7573599117688232,3.6310116205522545,0.34205647363286834,6.762370586810704,29.381185293405352,-1.9995488444471734,-0.00028411294726573666
2282.0211422142274,1.9993416445099566,4.203111275326068,2.7645110475846786,3.680794696833359,0.34048069589630775,7.409012503207174,29.704506251603586,-2.019323523848638,-0.0002809613917926153
1537.5729427287254,1.5802834703394135,4.165075070487673,2.742843382519547,3.6213601935246196,0.35387756798310294,6.512889486752259,29.25644474337613,-2.01327919531552,-0.00030775513596620574
2920.3236576824615,2.86872089329052,4.173922144119314,2.7677773670358,3.6379540317027295,0.3436996569659359,7.341373987527732,29.670686993763866,-2.015629144805356,-0.0002873993139318718
1968.4327640230556,2.2218961605178134,4.158502044385179,2.7558709135886694,3.651307081177671,0.3519082376280408,6.436840457079556,29.218420228539777,-2.017776868583953,-0.00030381647525608155
2138.465808875009,1.9194503608833298,4.193898653582461,2.7632970733761835,3.6616986925366946,0.3417507905808258,6.067678559233231,29.033839279616615,-1.9896452266696842,-0.00028350158116165154
3274.8975270211863,3.1296643637145825,4.179188133374683,2.7681562070919976,3.670144358949439,0.3426846872910183,5.938648506115921,28.969324253057962,-1.9829219965047868,-0.0002853693745820366
2454.371422866937,2.5380944572169994,4.175827168911245,2.774391778030556,3.6941930097110243,0.3423256287663212,5.897682780478917,28.94884139023946,-1.9923485746273544,-0.00028465125753264226
2630.557175065504,2.193422793495277,4.208537410434999,2.7582154409741837,3.7070675748000896,0.3417236004058632,8.335612307585002,30.1678061537925,-2.027544252056988,-0.0002834472008117265
2434.596671276957,2.0891356609889478,4.204143982650386,2.7634500405751465,3.6684214576978094,0.3408514009671771,7.314520546892569,29.657260273446283,-2.0663262441724646,-0.0002817028019343541
2066.122944567464,2.106530637040381,4.1689357269729745,2.759375683560624,3.687550878071907,0.34786811227073605,6.175379956705595,29.0876899783528,-1.9699674166920724,-0.000295736224541472
2691.197810336879,2.3669486657300722,4.199110718697583,2.768749856031462,3.715822289404549,0.3398200758473479,6.827770579822026,29.413885289911015,-2.0121110298974467,-0.0002796401516946957
3002.552413329896,2.7413437949260473,4.19788185924164,2.77742032088685,3.72142549804307,0.3374316768586519,6.170748543469663,29.085374271734832,-2.0026231664814698,-0.00027486335371730374
2378.8703415829054,2.551617305477188,4.168638569448819,2.7628764844307843,3.7175014304346097,0.34836070497638333,6.1700062300420475,29.085003115021024,-2.019873080778213,-0.00029672140995276646
1874.1237120710514,1.5521372515693577,4.209734641169766,2.751132413252753,3.7013134730489448,0.34373850568311387,9.094511235805257,30.54725561790263,-2.0139166431625943,-0.0002874770113662277
2119.0752611212924,1.8362238810623326,4.200416073260776,2.763563512386899,3.628914084099541,0.3404108277789964,7.1271831262928345,29.563591563146417,-2.0252485135049407,-0.00028082165555799266
1538.1791240068694,1.7257561582570606,4.164072066130103,2.748268060907223,3.7010767653806718,0.3542532986536983,8.875861748444649,30.437930874222324,-2.0126651752027778,-0.0003085065973073965
2892.8711255351764,2.7153723816728457,4.1964557031595575,2.776225832181576,3.724890330288012,0.33880674849708986,6.706173688255813,29.35308684412791,-2.0350661243139823,-0.00027761349699417966
1791.0237394925468,1.668800506062738,4.187724778698128,2.7540565356227225,3.642458139142732,0.3464857678904647,7.7731627012839635,29.886581350641983,-2.035414705861742,-0.0002929715357809293
2002.6664712635163,1.9082112490903562,4.181660857913877,2.745669057811967,3.6678776564999516,0.3504995427102094,7.510084643720681,29.75504232186034,-2.0192394097986455,-0.00030099908542041866
2129.7247656958375,2.2774820240017397,4.175750414260613,2.767342598287362,3.7245801153295086,0.3458859649978254,6.506429349086808,29.253214674543404,-2.0161693460109404,-0.00029177192999565077
2519.039121873775,2.1278290920543523,4.208359090978229,2.766204122767566,3.7024527916858405,0.338707878836321,6.118266561069402,29.059133280534702,-1.9888237324368285,-0.00027741575767264184
2128.613723524515,2.1448440507212143,4.172321154299906,2.7533208183406597,3.6943494080639985,0.349714178409551,6.48905821897276,29.24452910948638,-1.990734003208919,-0.000299428356819102
1962.2379801968652,1.6658852496009822,4.206901979602163,2.7584419983672483,3.666863310212497,0.3416785251523279,6.222558941334551,29.111279470667277,-2.028054857641891,-0.0002833570503046557
1586.782617979428,1.3560383068731234,4.208263920648119,2.757508142272541,3.670957623296465,0.34189078451949173,7.795454730513608,29.897727365256806,-2.0202676967856834,-0.00028378156903898335
2295.441637254439,2.0513285859579398,4.201422312128079,2.7663953499277225,3.7147732774244098,0.3404318609756987,6.26978372437637,29.134891862188184,-1.9985917446333168,-0.00028086372195139744
3538.2258300765393,3.0135987568590465,4.21255008238801,2.782962986401908,3.6919226348672733,0.3331392340831815,5.497593966415209,28.748796983207605,-2.046643084211942,-0.0002662784681663631
2339.2412736046417,2.5329546717663063,4.157739004396078,2.751506327255581,3.6746205581846243,0.35337403903196535,6.953319145829904,29.47665957291495,-2.0212314224614816,-0.0003067480780639305
2290.184937223946,2.3558087354007373,4.178535848597677,2.7581001476500493,3.701061370480593,0.3480373793634254,7.085541178717216,29.542770589358607,-2.0249089060388097,-0.0002960747587268506
1486.5101572145147,1.5222056370721906,4.17507718462362,2.7484830541825382,3.692871857709544,0.3514374242298914,7.429157521534205,29.714578760767104,-2.007979976839414,-0.0003028748484597827
2223.7304552064966,1.8813967670304648,4.205067382848981,2.7585121465567095,3.6796742973938654,0.3416712959022211,6.307644012591857,29.15382200629593,-2.004916835444079,-0.00028334259180444216
3454.7021955627188,3.3682246994953937,4.184561566977948,2.780520763535531,3.6732311810324516,0.3381178892806333,6.069052417474948,29.034526208737475,-1.9895569486457534,-0.00027623577856126646
1867.0495425119295,1.7366623635791545,4.199637074554341,2.757322106322509,3.7050995420881407,0.3445341582806465,8.332993986212163,30.16649699310608,-2.0295146751708155,-0.00028906831656129293
2794.018543099098,3.140749600612485,4.16754803955553,2.7715095298759365,3.7085712552459436,0.34643402384466226,5.994340932559793,28.997170466279897,-2.0561293924959827,-0.00029286804768932444
1348.3822624236557,1.4230047591628996,4.168671070531957,2.7492191448900902,3.644968070882093,0.3519650446419222,8.536596495055726,30.268298247527863,-2.017763248787628,-0.0003039300892838443
2105.16291190435,2.0081359841926973,4.193912869018906,2.766316940836047,3.704605611999392,0.3422241641721077,7.43768500881667,29.718842504408336,-2.013795496105306,-0.0002844483283442154
1653.5266041501734,1.4662280836674741,4.204154339631027,2.755234949971173,3.6827347110502906,0.3441108435963604,9.661763233340965,30.83088161667048,-2.053168386585019,-0.0002882216871927207
2118.002291506193,2.0583348777294743,4.173789221976894,2.7493952863061955,3.6608815233424385,0.35007725425503156,6.02208066354206,29.01104033177103,-1.9938250712373937,-0.00030015450851006306
2238.6708598908094,1.9112534693604635,4.195064493372622,2.7565119669134504,3.6284269494256836,0.34310513618486704,6.231992678216376,29.11599633910819,-2.0137253610718724,-0.00028621027236973404
2872.328174745796,2.849521755456217,4.186783653597687,2.7750237243070837,3.7068790901462507,0.34063298064650127,6.31950823391469,29.159754116957345,-2.015309493691497,-0.00028126596129300245
1612.9319022302789,1.6901846737178021,4.171062597237053,2.747640172926041,3.713082587707577,0.35291543864777913,9.194761002837053,30.597380501418527,-2.011676486526961,-0.00030583087729555824
2026.3944286094068,2.212982196847,4.162876268062116,2.75741466394033,3.7121072996248263,0.3509607453107245,7.594055148515539,29.79702757425777,-2.0038972491118994,-0.00030192149062144904
1516.3676357321015,1.4552103670201346,4.191607273763752,2.759845627685428,3.6926954207608844,0.3444042410974935,7.764522611517492,29.882261305758746,-1.9919765626284476,-0.00028880848219498695
2602.427045021562,2.886899133105032,4.1603550652189245,2.769881963923987,3.663321773281806,0.3466091051416513,7.199731429703691,29.599865714851845,-2.007177720578951,-0.00029321821028330253
2421.3984131213274,2.2355890423827716,4.188367441444911,2.767582430138397,3.636740200721266,0.341355057844082,5.696991597893882,28.848495798946942,-2.026434627206625,-0.0002827101156881639
2480.7933368816725,2.5892830173789063,4.163683234282525,2.7553028944822704,3.6531561058383764,0.35032267673370127,7.492756334862587,29.746378167431295,-2.004975724020193,-0.0003006453534674024
1214.0608762625416,1.2821237936317393,4.171866568960878,2.7406559217752666,3.6974815407116104,0.35522796177965504,9.219400203847686,30.609700101923842,-2.023215896160211,-0.00031045592355931015
1527.761352025923,1.4798416648435384,4.178462641069641,2.741876831425182,3.657123523384763,0.35207702658225487,8.141885697522193,30.070942848761096,-2.000682635601172,-0.00030415405316450974
2333.916493699673,2.2114061340619102,4.194927343325684,2.766987713983278,3.7064743957356256,0.34153101633067406,8.595833220302787,30.297916610151393,-1.9910528757118438,-0.00028306203266134807
1822.6516193217008,1.9185088387164622,4.1696638150775565,2.753703658742182,3.6840657787259334,0.350400272816098,8.967208773052125,30.48360438652606,-1.9945258675249782,-0.00030080054563219594
1434.692235838472,1.336908030322883,4.195411352021861,2.7541605275828513,3.694466082435958,0.34581226101044726,8.30904797438917,30.154523987194587,-2.012627830348709,-0.00029162452202089443
3778.5965498206933,3.2291243656702067,4.209338775710764,2.7775707437968093,3.7088492319000554,0.33553270981343597,7.286699209785859,29.64334960489293,-2.045457880484087,-0.00027106541962687185
2275.784459780038,2.071074998937386,4.2001881310984555,2.762857524245266,3.7017515970149124,0.3421631051992449,6.392772054397862,29.19638602719893,-2.024310636967769,-0.0002843262103984897
1618.8674582521437,1.3896233074022757,4.201179438240177,2.7533052280129278,3.6244900798708253,0.34381103727176393,8.702255498659486,30.35112774932974,-2.033685121760183,-0.00028762207454352784
2583.892907992528,2.7636451232232684,4.155285421843055,2.755429051963269,3.6560548688155525,0.3513386544362118,6.50842926860061,29.254214634300304,-1.974549296052386,-0.00030267730887242357
1607.3506117409902,1.7681145640393408,4.167620806518502,2.7505261237531586,3.6801922724314866,0.35303079132216875,8.39105735930101,30.195528679650504,-2.0522438140951875,-0.0003060615826443374
2509.207974395594,2.345657971822345,4.183174312753788,2.761234157664141,3.671425939828918,0.343966513559665,7.727408666336058,29.86370433316803,-1.9556988253074663,-0.0002879330271193299
1350.0558787750356,1.4295287362328648,4.168179488849038,2.741021898703226,3.6663260646723668,0.3554137901996378,7.07198295846039,29.535991479230194,-2.0370270711014076,-0.0003108275803992756
1626.0862847159954,1.3875071402033348,4.197273002175932,2.749939113220405,3.6224538552056806,0.345104676091945,6.378573169132115,29.18928658456606,-2.0171900446172217,-0.00029020935218388995
1603.0019430446368,1.6671049116109153,4.179530018432141,2.755734391479526,3.7001338337346996,0.34912406747880415,7.413404818451593,29.706702409225798,-2.0460826943933768,-0.0002982481349576082
2515.781420767342,2.42684775215434,4.191879646541384,2.7721561793755187,3.6919944252374806,0.34059281089510285,7.297183146353331,29.648591573176667,-2.0245622821304528,-0.00028118562179020557
3021.356444103258,3.3775623197101035,4.165214657356373,2.769908201428999,3.7275660063918385,0.3470185922855356,6.766988206854112,29.383494103427054,-2.0198367211165262,-0.0002940371845710711
2481.6461432043943,2.4329439939931947,4.1844453077995,2.7697629982872787,3.6826501889201433,0.34239417890046575,6.783578174455257,29.39178908722763,-2.019858792038074,-0.0002847883578009315
2469.2089953500235,2.6183421015448705,4.170069630181857,2.773880961138415,3.668191580809989,0.3435576166675046,6.158587806792182,29.079293903396092,-2.015002168280164,-0.0002871152333350092
1262.8049417933064,1.3327059217459882,4.1573192751894545,2.734639505022335,3.6431407510354243,0.3581078217178536,7.626704009835948,29.813352004917974,-1.987946121647864,-0.0003162156434357072
1408.7779894149876,1.3902375682226091,4.1691179733190085,2.741724866955274,3.622307120244521,0.35300755724921873,9.056561754796913,30.52828087739846,-1.9939596303192977,-0.00030601511449843745
1561.6004459142732,1.3288348845739442,4.196536015888411,2.7458163450023614,3.612414813752207,0.34634388807074934,7.187420591508801,29.593710295754402,-2.011558947213637,-0.00029268777614149864
1953.7450921387463,2.1392541873974964,4.158726804558131,2.7561869401558394,3.670410588649576,0.3514908300558626,5.872313599692256,28.936156799846128,-2.0052909316937395,-0.00030298166011172507
1980.8128617572497,1.7529981206491347,4.187419280814245,2.7491591230156134,3.620105326942426,0.34674236679979215,8.621812951355265,30.310906475677633,-2.000206938133897,-0.0002934847335995843
1749.7895257402909,1.719868786316353,4.1766087548052075,2.753083097364999,3.659292836202387,0.34835827980916,6.177322025513954,29.088661012756976,-1.9763820860938626,-0.0002967165596183199
3012.901996647663,2.5588611433498722,4.2052701697913415,2.764157121252172,3.68793161758337,0.34022096714808703,6.921985483716588,29.460992741858295,-2.039373116918731,-0.0002804419342961739
2714.2685590574597,2.2398355312149114,4.201729562409409,2.7635251403857106,3.6664786026275875,0.33964249442662975,7.388519461152188,29.694259730576093,-1.9872305483008683,-0.0002792849888532594
3176.018333038832,2.9157174047626193,4.192687883639148,2.7658015178135287,3.6716728690952047,0.3421659389154582,7.369047839359358,29.68452391967968,-2.0513639830537294,-0.00028433187783091633
1973.2988726552758,1.8457634458998686,4.184923746475122,2.755157217308143,3.6966013524634667,0.346462137001805,7.457054475792714,29.72852723789636,-1.983974137889461,-0.0002929242740036101
2613.3868402237613,2.674193213681944,4.176440730732996,2.77388171939296,3.6752019201389396,0.3421639078350793,6.7369431933861765,29.368471596693087,-1.9983870305752578,-0.0002843278156701585
2174.44456274858,2.266127380638032,4.160234607934946,2.7528178553717355,3.6739313861891096,0.3512993070374997,7.590225894659523,29.795112947329763,-1.9621354088642349,-0.0003025986140749993
2517.9284209310676,2.7372201414645385,4.161474869574862,2.7581991584836825,3.6988657238634053,0.35089756117964993,6.407248248543848,29.203624124271926,-2.022264633185796,-0.0003017951223592997
1715.8543972727894,1.5282517301926324,4.197014476910727,2.753863537623393,3.69552064679933,0.34490502114792054,8.982203974118722,30.49110198705936,-1.9923985415435856,-0.00028981004229584114
2174.5782705335473,2.280829727371516,4.164924947658334,2.761181255898232,3.6468700959869995,0.3479214385731158,7.555842675919292,29.777921337959647,-1.992999170388561,-0.0002958428771462315
2174.534909932059,1.8434836229578127,4.207747825906437,2.760036830545556,3.6567764336039854,0.3409678799456527,7.038747671551274,29.51937383577564,-2.031810582614811,-0.0002819357598913053
2060.249511069177,2.1547000764875683,4.171882354264091,2.753783469147837,3.7038716901110433,0.3502000344563805,6.294685598055771,29.147342799027886,-1.990774112200975,-0.0003004000689127609
1978.678382107596,2.040181745638586,4.179354645773284,2.763513482603659,3.7048927474797604,0.34603730008644423,6.380876513179239,29.19043825658962,-2.017601538579989,-0.0002920746001728883
2720.3492601006515,2.646088019734601,4.184239578507395,2.7627517260843706,3.6874988331398724,0.34477707354380255,6.802610523827138,29.40130526191357,-2.0191914576962278,-0.00028955414708760514
1306.7313406757871,1.281002787651474,4.178814279842238,2.7389076358581805,3.664226451405432,0.3538399756102997,10.37909663574638,31.18954831787319,-2.044367522292018,-0.00030767995122059935
2616.467163106609,2.4661505047233496,4.191212608461262,2.763827141919294,3.7145072599111435,0.34359296503206505,5.71518747053461,28.857593735267304,-2.0301358480145675,-0.00028718593006413
2468.778491415807,2.6680098889015382,4.1752160904707205,2.772729475695378,3.734069546467999,0.3442211774845175,5.925070488846801,28.9625352444234,-2.0051342477657004,-0.0002884423549690349
1754.1859086800125,1.8854335497821217,4.168781357898645,2.7559660482256336,3.659713546619689,0.3501052481370928,8.27078933361299,30.135394666806494,-2.024253055700374,-0.0003002104962741856
3078.7178935882957,2.768019079651921,4.197167192308797,2.7750070537971947,3.657131863195095,0.3376166940321621,5.368361229346059,28.68418061467303,-2.0163891901383177,-0.0002752333880643242
2508.8886993262086,2.5789413007343374,4.179073924221909,2.7730363915868645,3.681568031189555,0.3428598652172124,6.682267503605757,29.34113375180288,-2.045806631347381,-0.0002857197304344248
3241.563538153415,2.938319632926575,4.192336409215115,2.7770073361358687,3.6702172366377352,0.3373686326373789,6.811925901600626,29.405962950800312,-1.9837845992208936,-0.0002747372652747577
2095.263403057314,2.268555813588518,4.16294446593657,2.7488623370875556,3.6918852106150597,0.35402226536995995,6.905057353186285,29.452528676593143,-2.0393707444376306,-0.0003080445307399199
2760.6652456718575,2.802602425870944,4.182396686674847,2.772686225465001,3.678119065797181,0.3420242858946607,5.9201823625074494,28.960091181253723,-2.0203252440269783,-0.0002840485717893214
2792.4759052038203,2.8577762135613085,4.178703922324114,2.774543461935316,3.687112498634958,0.3418609431251986,6.700385110732336,29.350192555366167,-2.004982058192012,-0.00028372188625039725
2022.2871007789163,2.03784012106601,4.168138280506211,2.7495662775168546,3.6510429159501623,0.350885948701707,8.005114312288411,30.002557156144206,-1.9769225591978707,-0.00030177189740341384
3042.711844775133,2.63761350831292,4.204792583329939,2.776652402300402,3.713676924779545,0.336249397053418,6.239953231573219,29.11997661578661,-2.0138419663705336,-0.0002724987941068359
2071.155383566555,2.1189167681258225,4.180433848826791,2.768072873863214,3.6584966823572618,0.34392021302186226,6.794404793475905,29.397202396737953,-2.0351141174122516,-0.0002878404260437244
2498.7752826641763,2.326303173397679,4.186585194347388,2.764300838937189,3.649479947097214,0.3425140440803003,5.90498046005397,28.952490230026985,-1.9818844855526625,-0.00028502808816060045
2354.165804730238,2.629236139656051,4.155790923289318,2.7597379451608006,3.67447601208366,0.3506942946162036,7.270461259555781,29.63523062977789,-1.986755469041175,-0.00030138858923240726
1908.809560267027,1.7418190281427186,4.203771627470856,2.7606056907390526,3.695186804004047,0.342723254106817,8.766374316602295,30.383187158301148,-2.0453204179612885,-0.0002854465082136338
1577.9175660276971,1.7014162955578058,4.169267177190683,2.7562512617715322,3.697975707140326,0.35003916975421906,8.644622321386619,30.32231116069331,-1.995699434017987,-0.0003000783395084381
2479.8636053722853,2.5712192646886396,4.175290001361062,2.7621897239548887,3.7101083717698042,0.3469656793779354,6.191319100154005,29.095659550077002,-2.002291074029153,-0.0002939313587558707
1264.4765850128751,1.3279369724788719,4.162550162144571,2.7429807911378847,3.6408427454988974,0.35440164488617387,7.474958620512047,29.737479310256024,-1.9857055841087106,-0.00030880328977234763
1360.4567232890845,1.248389549047934,4.187244621092075,2.7453045194270524,3.6367637460911806,0.348896621965652,7.617672950090732,29.808836475045368,-2.002206106022148,-0.00029779324393130395
2234.991925071261,2.017057668603703,4.195266184501962,2.7590398743490963,3.641957248449155,0.34351072369305297,7.07481163568062,29.53740581784031,-2.0417546560576083,-0.0002870214473861059
1932.0073042526865,1.9681068444986345,4.169352435600228,2.7499696705503616,3.650150349608475,0.35141128179723696,6.410811397617483,29.20540569880874,-2.0304005171386748,-0.00030282256359447383
1968.689415106325,1.9155158688647986,4.185267970444439,2.7513039230386105,3.7024941859232423,0.34883220509598784,7.957524490906168,29.978762245453083,-2.0228778532695713,-0.00029766441019197566
2305.714026308378,2.371622793087741,4.170540091750926,2.7673989186250463,3.6506145093943863,0.3448797293175757,7.070780138696171,29.535390069348086,-1.996106047743912,-0.00028975945863515134
3287.634278416506,2.9555582373827836,4.203711454118688,2.7814469021308144,3.7050910002359787,0.33505875637303156,6.302594110510502,29.151297055255252,-2.009654899788792,-0.0002701175127460631
2346.1344696774613,2.066382331068142,4.193477615184069,2.7648465293901814,3.644333480908746,0.3408879366611816,5.696389790011528,28.848194895005765,-1.9968689678312477,-0.00028177587332236316
1620.2415199916559,1.6301815680949505,4.172522857000108,2.7526587412201597,3.669466359724727,0.34933002526185725,6.6086973377205425,29.30434866886027,-1.9684657957582252,-0.00029866005052371446
1371.1657322066762,1.409727726907891,4.1710574286493305,2.741194322400487,3.654285404941927,0.35421777594968124,8.302997892427518,30.15149894621376,-2.01789185400104,-0.00030843555189936244
2584.9320927906956,2.3129561893860795,4.191244362201622,2.7659424784446203,3.6417380715871133,0.34094635399647183,5.683864448493299,28.841932224246648,-1.9976682607978158,-0.0002818927079929436
2839.020122004715,2.406588777068248,4.206617788507799,2.760231914260742,3.703256048944121,0.34156806064704975,5.70848851095345,28.854244255476726,-2.040860001758508,-0.0002831361212940993
2367.1006765555862,2.4114797345483034,4.183214259044908,2.7716178978245476,3.70792208494909,0.3428457589765221,6.713611857832069,29.356805928916035,-2.0344960590721186,-0.00028569151795304403
2327.097149439434,2.436504754141625,4.161125847397208,2.761527380175382,3.6482581940025267,0.3483516021848103,5.948596702572943,28.97429835128647,-1.9971459380251206,-0.00029670320436962045
2469.4784770511865,2.113011667094987,4.208324015817384,2.7732344122900368,3.6598251160768145,0.33672575835835716,5.87593313868576,28.93796656934288,-2.049787822643296,-0.00027345151671671425
3029.062009304469,2.7543962114114344,4.196931066561782,2.7746482352032866,3.6822923887621157,0.3381898580540488,6.022383875692871,29.011191937846434,-2.0165847704465087,-0.00027637971610809756
2262.578554925747,2.4327124457467812,4.168031549878471,2.7633335749074828,3.6427425948480066,0.34732632112747625,6.263754493298743,29.13187724664937,-2.0193711114886104,-0.00029465264225495247
1318.97790361181,1.336185159443978,4.1687550488311915,2.7426648241947196,3.617604614922107,0.3533466078352397,9.83614851711647,30.918074258558235,-2.0248807750783047,-0.00030669321567047933
2048.2454537256917,1.9605936490910199,4.1894311108593785,2.7607827084092627,3.6869569448911683,0.34418905108568315,9.066054223983432,30.533027111991714,-1.9865445799489863,-0.00028837810217136614
2542.0610399366515,2.573632916299723,4.174158103811734,2.7636147966985773,3.6856354044722046,0.34555421346710624,6.906259810272443,29.453129905136223,-1.965165718482662,-0.00029110842693421237
2333.0373573012503,2.3048862166101824,4.183594514355398,2.7563682380121115,3.709212997213153,0.3477379774592678,7.01730453879501,29.508652269397505,-2.0358926032097457,-0.00029547595491853553
3276.142841639323,2.7641615038804104,4.197637927904264,2.767064203497806,3.6515131056573953,0.3389820685167701,5.901901271047602,28.9509506355238,-1.9819290599294932,-0.00027796413703354023
2978.13256507147,2.916675736443981,4.178119255680741,2.7655687290569126,3.6443337701285548,0.34428269714321386,5.501005877522383,28.75050293876119,-2.0316435000393227,-0.00028856539428642763
2633.3821351204797,2.3760480750345474,4.196171125879308,2.765279286457547,3.6875888548594395,0.34118794110013884,7.23531547612405,29.617657738062025,-1.99463803792935,-0.00028237588220027753
1465.8708535166263,1.2702092752334357,4.202824460789476,2.759124779265705,3.658842478986745,0.3415834774690184,6.616827672663025,29.30841383633151,-1.9817911914697781,-0.00028316695493803675
2144.885964608811,1.9940210531185372,4.194006068116598,2.7618856528939317,3.712539024161635,0.34363372035875667,6.856132041271618,29.42806602063581,-2.0227122158933994,-0.0002872674407175133
2741.296908559898,3.0835268607473854,4.168268489103399,2.774314429289942,3.7400146810749497,0.34523489506493693,6.18027310692298,29.09013655346149,-2.0096051110399484,-0.0002904697901298737
2811.1882744272575,2.883693091177686,4.164743320846149,2.757321341102871,3.6383608187352325,0.3492966520930126,6.8764756683012305,29.438237834150616,-2.0271345753556282,-0.00029859330418602516
2207.1171773956203,1.893602798619531,4.198631921915042,2.7562154206906317,3.6383259898134845,0.34310355244209745,6.0977750412138265,29.048887520606915,-2.018949150552042,-0.0002862071048841948
2384.485812732254,2.324646013629046,4.172906110986922,2.754491838686291,3.6481179303253257,0.3482069895406807,5.97416370519066,28.98708185259533,-1.984696616033957,-0.00029641397908136127
1737.5884739698542,1.4998134092778261,4.201710693334741,2.7549928422542362,3.64604524813366,0.3433659973915925,9.058590249637989,30.529295124818994,-2.0194496688542496,-0.00028673199478318506
2657.199790159742,2.8138049927590654,4.174090004036712,2.7630484717882577,3.719193627063505,0.34757964328999996,5.586300931847574,28.793150465923787,-2.0297995891137934,-0.00029515928658
1987.3517148246315,1.7468501571888728,4.195161733747351,2.7489976761588086,3.687216383509097,0.3464494759588553,8.045405343087587,30.022702671543794,-1.986733734312731,-0.00029289895191771055
1444.0269499271828,1.5123281643777933,4.165565580210284,2.7408936238999813,3.704486104562016,0.35574376370548993,7.6444946509311915,29.822247325465597,-2.004962222830935,-0.0003114875274109797
1540.828784204161,1.5598282351174628,4.184198242511229,2.752866031712019,3.6779848837287936,0.34888941925124095,6.6653343264116085,29.332667163205805,-2.04407799945365,-0.00029777883850248187
1565.870037079887,1.4805214793719415,4.186593006070667,2.7530283170792402,3.632056139190421,0.34705116550506176,8.674049430465864,30.337024715232932,-2.0376958086142185,-0.00029410233101012347
2065.8889541337544,2.0947026985449964,4.176398198722522,2.754872155864287,3.7014769555383786,0.3495183816546612,8.06724609876581,30.033623049382904,-2.0447588521421736,-0.0002990367633093223
1844.6001196507618,1.5457012875796459,4.203947546766976,2.7581406544990705,3.6277326373512846,0.3415069383741112,9.279166555852917,30.63958327792646,-2.030750420866336,-0.00028301387674822234
2468.6836012801828,2.506188679347766,4.178373419244191,2.7751897014415996,3.6626924562379473,0.3412337594375873,6.935824759709255,29.467912379854628,-2.000315943208571,-0.00028246751887517466
2224.2293717000207,2.169186904678315,4.181749772438508,2.7661188249708255,3.6687066711535694,0.3431236873371374,7.5449203904713995,29.7724601952357,-1.9684631648281548,-0.00028624737467427473
2128.051533186903,2.071691709805618,4.175454249818821,2.7558034733844083,3.6389495170119415,0.3475703255076822,8.176711017777315,30.088355508888657,-2.0079167546734586,-0.00029514065101536433
2119.64451626828,2.380441997630602,4.169378949077573,2.7626824667269676,3.7037718708451055,0.3489617175970848,7.838091088938701,29.919045544469352,-2.0417832280923234,-0.00029792343519416945
1770.0157246120432,1.8736120029856986,4.156590697255087,2.739745435658592,3.6546849721201946,0.3567070933966123,8.509180147583102,30.25459007379155,-1.9944947639653907,-0.0003134141867932245
1777.9566206071327,1.6787567563800523,4.189498601021634,2.749560430012037,3.6818006659136113,0.348593283818454,6.439557390811313,29.219778695405658,-2.049643446905238,-0.000297186567636908
1591.9761195693677,1.3775885676303858,4.203438665382051,2.760917460845931,3.6671225825424236,0.3407895834906433,6.564094105704759,29.28204705285238,-1.9665141825593264,-0.00028157916698128655
2547.010811575062,2.4464870861124,4.186713546107523,2.7608336457756124,3.713753170967861,0.3455214982910445,6.319827265233371,29.159913632616686,-2.038263037547222,-0.0002910429965820888
3090.0166036641403,3.0739457171464273,4.180523747375286,2.7757599683167573,3.6466898762992543,0.3404531166770546,6.863104130923974,29.431552065461986,-2.0168099943369056,-0.0002809062333541091
1556.9733417069212,1.4578598321606115,4.17870656776734,2.7425580678349686,3.6133724887362972,0.350905612207998,7.970598801808019,29.985299400904008,-2.0165258909294397,-0.0003018112244159959
1349.963592606008,1.4141190539049133,4.167146671770903,2.734839502484831,3.6724102622801924,0.3577122090025099,8.23321782781942,30.116608913909708,-2.0439590488997825,-0.0003154244180050196
1771.9601767763834,1.473902877016483,4.205226673623714,2.748478334255287,3.643986698406434,0.34484418380497617,9.806216248597583,30.90310812429879,-2.035227701043714,-0.00028968836760995227
2078.5658647194864,1.900598489949782,4.188297024876303,2.75548132611322,3.6418420403417553,0.34570744798845243,8.431285956210875,30.215642978105436,-2.0396263987143133,-0.0002914148959769047
2944.242490452927,2.751472777622222,4.1900215201780835,2.7692477824934865,3.6697530774706815,0.3411609168449831,6.113019007218494,29.05650950360925,-2.0218060930583626,-0.0002823218336899662
3254.4226282871973,3.3111102564422787,4.181623817211429,2.7774981190590475,3.7258133550646253,0.34069260709015914,6.464574945490012,29.232287472745007,-1.992602191864639,-0.00028138521418031817
1145.0967732702638,1.187159817648108,4.161045669976207,2.731443966636897,3.6236789884488396,0.3586199173628997,9.085957998769759,30.54297899938488,-2.017646447517357,-0.0003172398347257994
1842.4974823298558,1.9602056025756518,4.168227497706371,2.750155527423908,3.6613399087538046,0.35241691072765663,8.373299282829072,30.186649641414537,-2.0486987098455085,-0.00030483382145531313
1171.6750727419476,1.2518545755088895,4.158478565203595,2.7359791268147813,3.6380736351797323,0.35779495811051365,7.725201318588555,29.862600659294277,-2.0039997882848004,-0.00031558991622102734
1347.5402761171092,1.3634560374638158,4.168836607965299,2.7389200728397034,3.6420070406291223,0.35503511627814777,8.037495045756359,30.01874752287818,-2.024644211927587,-0.0003100702325562954
2150.1874074431284,2.3386879984121776,4.159662545759337,2.7621868555170517,3.6484443291693687,0.3491009003717525,6.019885504751578,29.00994275237579,-2.020625836971842,-0.00029820180074350503
2141.8844189931015,2.339424049868044,4.1592818171351125,2.760684332440195,3.6476570635836922,0.3497706901616033,7.820987845849039,29.91049392292452,-2.024681813282161,-0.0002995413803232064
2517.8225885668276,2.295967625506335,4.194849742812993,2.7697426773049036,3.685152766417605,0.3400819755069076,5.63439639461493,28.817198197307466,-2.0078630706320237,-0.000280163951013815
2984.121003785462,2.882246104598466,4.184084516140058,2.762686368932119,3.6713360705121594,0.34499593797890504,7.511676694543156,29.755838347271578,-2.0539839595859153,-0.00028999187595781005
2777.9104397236606,2.7771090190490573,4.1839769449419135,2.773794576791741,3.719282643547408,0.3414775175062748,7.076746572511601,29.5383732862558,-2.0006521029873436,-0.0002829550350125495
1772.058060509836,1.7654915729839136,4.177043140803253,2.754826542150871,3.649026941273871,0.3477174540504784,8.847576480956697,30.42378824047835,-1.9739623291183486,-0.0002954349081009567
1377.838325990935,1.3179802683245263,4.182522627445736,2.7510020688196213,3.626443789512074,0.34789468960071607,6.664789576646098,29.33239478832305,-2.0034383850744923,-0.0002957893792014321
2741.1803909221444,2.5100582515054035,4.189148749566074,2.759100606226703,3.68281993489708,0.34437174781984353,5.785799394610095,28.892899697305047,-2.001554491823435,-0.00028874349563968706
2452.681412232853,2.6099221403647834,4.168729720619653,2.7596408145503117,3.667780672790532,0.34886860556772537,6.934700547757881,29.467350273878942,-2.0275903716869323,-0.00029773721113545066
1543.3023591217077,1.3736514727747662,4.193493751898788,2.7426831989795772,3.65721068488529,0.3490527947976593,8.107222517097432,30.053611258548717,-2.018759946612123,-0.00029810558959531854
2031.1481198938764,2.095188402160205,4.174221506173121,2.756292620363918,3.635937298627142,0.3486094397923838,6.469838190269391,29.234919095134696,-2.037230480052637,-0.00029721887958476746
2463.3397241529433,2.1969131024228403,4.200034938228287,2.766567204277411,3.680361306769402,0.3407792956484698,5.81844780819608,28.90922390409804,-2.055479954057176,-0.00028155859129693964
2435.9988782715272,2.7596519840259006,4.157148962963594,2.7687959600646255,3.689200224398782,0.34735981896685725,7.426241472807674,29.713120736403837,-1.9617251646876752,-0.0002947196379337145
1996.7612055898264,1.818204269057124,4.190718987742298,2.7553262117675748,3.6899451182998013,0.34524829787807104,7.297589261134447,29.648794630567224,-1.9819647944288015,-0.000290496595756142
1968.5294094440487,2.1417561512179266,4.164945664738815,2.756266904373215,3.70327788347985,0.3511828036895533,6.185570429472971,29.092785214736487,-2.0240919437374965,-0.00030236560737910656
3167.405886268468,2.7437144123664092,4.2046561768405875,2.771322325853895,3.7009250553643924,0.3383834120104373,5.78226776639626,28.89113388319813,-2.0525143152732443,-0.00027676682402087466
1397.4584857121135,1.304217023982913,4.188354708883203,2.745572519308268,3.681642224449707,0.3492243354910982,10.144704482996753,31.072352241498375,-1.9901234854767957,-0.00029844867098219644
2472.114142901123,2.445595294949022,4.177490166318464,2.7638482591423768,3.722112601810071,0.34561912462720057,6.032061643725366,29.01603082186268,-1.996533190658273,-0.00029123824925440106
2820.7844598826086,2.7268113542063706,4.180099266374064,2.7669218827407773,3.6453152129076876,0.3429417732887415,6.205040388153473,29.102520194076735,-1.9929438365686032,-0.00028588354657748294
1916.9118006043664,1.6887768464317283,4.19586872068361,2.7561927642381407,3.6267771831948186,0.3434742607202611,9.721875272159126,30.860937636079562,-2.005816667900252,-0.00028694852144052214
3111.2801824618828,2.9762316625796186,4.192451855890252,2.7785751284456413,3.700469511990018,0.3380301013179573,5.8959886653164375,28.94799433265822,-2.002736428965196,-0.00027606020263591446
1998.8013122665077,1.6870615103303228,4.206294240423767,2.7587821062282805,3.6845256386846033,0.3413528039689709,8.508030023148685,30.254015011574342,-1.9951435572642608,-0.00028270560793794164
1419.6426084302213,1.3328656068274487,4.185147135419195,2.747386409443418,3.663006650410141,0.34892530052484416,8.089496701360057,30.044748350680027,-1.9943094673162158,-0.0002978506010496883
2029.367843035951,2.026693347672807,4.180494864089359,2.7547192766722914,3.7016624294766842,0.3484430098558823,8.344152350413157,30.172076175206577,-2.0128597281698064,-0.0002968860197117646
2800.9419419174665,2.457607396605738,4.199102593447241,2.7718718343002693,3.6445628460332995,0.33774407926987104,7.6636682268301195,29.83183411341506,-1.9940961214004387,-0.00027548815853974205
2789.7715588658098,2.971670974360409,4.173459742777113,2.772111059521132,3.68753563355326,0.344193458786789,5.417387373810926,28.708693686905463,-2.0295049931721496,-0.00028838691757357784
2326.3673668819024,2.5114484163963486,4.165577204161306,2.754064114955695,3.7204574806516635,0.35187604648236315,5.843551406080983,28.921775703040492,-2.0109697368395185,-0.00030375209296472616
2821.5575901193956,2.656618059844712,4.189785788516114,2.762134916241086,3.7148241458976474,0.34409454188208555,6.448698750219671,29.224349375109835,-2.0093627082243914,-0.000288189083764171
1414.2185988732815,1.4350256883198667,4.17327956028633,2.738423980225822,3.680246683772151,0.35520774262013294,8.391129272129545,30.195564636064773,-2.0332719994828308,-0.0003104154852402658
1426.6161318041934,1.4900235300031741,4.164970465646995,2.745242741654711,3.6233279885648555,0.35348606487147277,8.730004839308032,30.365002419654015,-2.028712325577062,-0.00030697212974294564
1910.6312751310872,1.9447749594887318,4.17938649598023,2.7606046793055183,3.70168362792592,0.3464524939814288,8.342552082408025,30.171276041204013,-1.9874929505459473,-0.0002929049879628575
1646.527489164429,1.6048806925935526,4.181978372532149,2.7525479244543165,3.6365014259795427,0.34805948923097807,7.746991962733177,29.873495981366588,-2.0225809679897284,-0.0002961189784619561
1850.4133583272,1.7926655898776966,4.185346511116106,2.754208700339634,3.67864402446545,0.3471020889320587,6.344997957417875,29.172498978708937,-1.993086593464231,-0.0002942041778641174
1795.9980562574756,1.6797690727334016,4.189964164273893,2.745653881531103,3.7094599258809993,0.3497125902152679,9.819053940358272,30.909526970179137,-2.0125391568283497,-0.0002994251804305358
2091.7758189817605,1.8265869188193402,4.201091503866121,2.757015570971087,3.690100983473744,0.343015308275093,9.529539805530414,30.764769902765206,-1.9914816927928498,-0.00028603061655018596
1807.0966587918215,1.7558407181038151,4.180760470201258,2.7456110015346726,3.641439647050246,0.3509008180720224,6.468246276958634,29.23412313847932,-2.0432502713928273,-0.0003018016361440447
2613.3710067575275,2.216862799194923,4.204997449257439,2.7652053271235952,3.7020822584915485,0.3395948428962692,5.546839573757116,28.77341978687856,-2.000722358336856,-0.0002791896857925382
2525.9902163213096,2.6035462872663304,4.174555671379631,2.759054694568716,3.714261046444916,0.34852842740568046,6.14463946053609,29.072319730268045,-2.032050886975205,-0.0002970568548113609
1525.757429825895,1.4061352809249912,4.187475088391475,2.748333282904881,3.676339665948998,0.34793337393036483,7.941033041352835,29.97051652067642,-1.9716298016629084,-0.00029586674786072966
1916.4091788658175,2.035674205239249,4.162394427729579,2.7573181393030377,3.6320785230293957,0.3497895293986609,7.658792819125246,29.829396409562623,-2.018440789790199,-0.00029957905879732173
1964.8891290944437,2.0434950590242402,4.170466790748384,2.7555841962168937,3.634684470079549,0.3491396771383228,8.931910144797762,30.46595507239888,-2.0156106302066163,-0.0002982793542766455
2272.1002891291205,2.3973914014540068,4.17296161910248,2.7653545590051434,3.6595783798058132,0.34578119634962773,5.946241124896207,28.973120562448102,-2.002012466205764,-0.00029156239269925537
3262.3343091150846,2.8886881656342402,4.203319467417673,2.7825641412730575,3.72028220595202,0.3344396383327978,5.429438204811745,28.714719102405873,-1.987506087666034,-0.0002688792766655954
2014.447331633462,2.22192082129787,4.153852686633976,2.7514781491262186,3.6390617665097165,0.35327968171234003,5.962138242911897,28.98106912145595,-1.9934809552700954,-0.00030655936342468003
2356.495883886546,2.5621296527659956,4.161886384222779,2.7543904566976467,3.7180049854305532,0.35216983357291615,6.938046985945059,29.46902349297253,-2.0019065480603344,-0.00030433966714583216
2039.2805177905448,2.2025683160035565,4.169685715464042,2.7684345122757934,3.685674805874144,0.34561352027490033,6.556085908098316,29.27804295404916,-1.9930745277467676,-0.00029122704054980063
1596.5348617687055,1.4893042771719418,4.183848389900501,2.7411785868052667,3.673053906239601,0.3512714609077693,7.613696515998326,29.806848257999164,-1.9973893809203904,-0.0003025429218155384
2903.077027121136,2.995941195609611,4.162477203373636,2.7614836291245592,3.646442189325982,0.3478540488386734,6.219537981688994,29.109768990844497,-1.987851023800535,-0.0002957080976773467
2368.15243273866,2.163242428069873,4.19811296380868,2.770418920466667,3.6980718681649365,0.33978831520240316,7.1179986990464945,29.558999349523248,-2.0224270181648043,-0.0002795766304048061
2257.0231060210995,2.2185071667183376,4.180418216635929,2.7580115624553687,3.6595893647004423,0.3468472840157837,8.136891615930008,30.068445807965006,-2.0289081905629502,-0.00029369456803156747
2059.8509861622542,1.9646760615273609,4.183278832841911,2.7575522745547603,3.664622790875828,0.3454190989516006,8.284561546222463,30.14228077311123,-1.9569535019363187,-0.0002908381979032011
1405.1258391291854,1.4816976250776128,4.162637602867866,2.7448706807022742,3.6351360938530504,0.3537886243897503,9.484437784834219,30.74221889241711,-1.992259235546573,-0.00030757724877950054
2855.105841832803,3.039876186668771,4.171937418172202,2.76957585297215,3.721084873762916,0.34536296891834845,5.994929323087497,28.99746466154375,-2.0057949187567057,-0.0002907259378366968
1503.9942255225349,1.5742469076958459,4.162463560805062,2.7378564764696294,3.6672335324766796,0.35678307665314274,7.881948612293646,29.940974306146824,-2.010538102108946,-0.0003135661533062854
2774.7339014057184,2.6573666954566275,4.183906431706279,2.771346659343004,3.6582386180476028,0.34078876537591885,6.351493419601025,29.175746709800514,-1.9751595839710925,-0.0002815775307518377
2000.2584671256216,1.8027235617122304,4.19307323690921,2.75090464213307,3.6816496059656667,0.34649748429213756,8.742314723988118,30.371157361994058,-2.00182453625941,-0.00029299496858427505
2050.214951015589,1.987255484171097,4.185800369809465,2.7557805753864812,3.668639840964919,0.3470097300466567,7.126380467057617,29.563190233528807,-2.0410456647421302,-0.0002940194600933133
1562.0576066316276,1.5544295216294717,4.17866892419795,2.7480413066696956,3.63211701216422,0.350303126235638,9.177776957423543,30.588888478711773,-2.0277273523858486,-0.0003006062524712759
2385.2109297998304,2.4136252406151057,4.184472217915287,2.7673357804609493,3.6622001617402002,0.34370777313464596,7.131590936098776,29.565795468049387,-2.045739253710826,-0.00028741554626929175
2466.985148655478,2.1559714601352304,4.203492426047944,2.766575955638729,3.7031331843723154,0.33963868841494027,7.940164987619949,29.970082493809976,-1.9941766676747483,-0.00027927737682988053
2259.857373545269,2.4328424623823324,4.1629607057377935,2.7628942198397057,3.6830677047096185,0.3487842998663277,5.766503446855142,28.88325172342757,-2.0230472375304798,-0.0002975685997326554
1918.452849696101,1.8698488016103008,4.176524639596102,2.7505811001046934,3.636072815339646,0.3490226551517266,7.834595563704563,29.91729778185228,-1.9910494872174402,-0.0002980453103034531
2445.896606826976,2.4146157772077577,4.187652063802086,2.7661947637431092,3.6740590379694344,0.34344454045771705,5.8746457353978085,28.937322867698903,-2.0386821055099453,-0.000286889080915434
1921.0646978273494,1.7686035592113685,4.185192956544413,2.7479017267593977,3.6698919315190297,0.3483403209023889,9.558400617863317,30.779200308931657,-1.97700258106452,-0.0002966806418047778
1716.8968340401605,1.6320247090754323,4.179204983479012,2.7441399270277285,3.6258619407412067,0.3508967617202232,8.881632372929468,30.440816186464733,-2.027878147203129,-0.0003017935234404463
1859.0058809401185,1.746768640405447,4.187721178308256,2.7499700151514035,3.6659393111739433,0.34832192109769206,7.759894163592925,29.879947081796463,-2.0399330463895304,-0.00029664384219538393
2873.00138174557,2.994620371616085,4.163673700487414,2.7652292919307984,3.641320004041335,0.3466345532846112,5.802268193097089,28.901134096548546,-2.006639446642695,-0.0002932691065692223
1299.3269157789887,1.3433283821599284,4.166714504037443,2.743646986880614,3.6676626402726056,0.3535227625478008,8.002343972007758,30.00117198600388,-1.9693794218906535,-0.00030704552509560153
1894.9805459707306,1.845450283257737,4.172908321067452,2.7534680783179315,3.626229508299171,0.3485064117971208,6.989001691116468,29.494500845558235,-2.0129036178809443,-0.0002970128235942415
2239.9064075308866,1.9795067662347319,4.197766668064273,2.762743036883186,3.6624994647670905,0.34146127516427244,8.165668534247507,30.082834267123754,-2.0039724987041523,-0.0002829225503285448
2431.393861052968,2.217217908622838,4.1899233478989295,2.767167843097889,3.6592446135161882,0.34097560318507664,6.641770553945431,29.320885276972717,-1.9818533876989464,-0.0002819512063701532
1927.5294146918973,1.903850715322382,4.1817933207544895,2.75351974681686,3.668709458640856,0.34857662610795287,6.1937467919193345,29.09687339595967,-2.044258621455223,-0.0002971532522159057
1789.2977106651033,1.793233553916458,4.1720735925789,2.7558428297524395,3.6306166892386025,0.3482165830680489,6.779245962535577,29.389622981267788,-2.009658504987145,-0.00029643316613609774
2489.2203368158293,2.179034752199354,4.2006602058222136,2.765239131656042,3.6640774719129836,0.34071256965027125,7.661424651646671,29.830712325823335,-2.0524600276562888,-0.0002814251393005424
1404.4291273565275,1.4525398918823735,4.16506255670968,2.7353844336048074,3.6303919234381143,0.3569744324069432,9.80253340942627,30.901266704713134,-2.031567826544932,-0.00031394886481388634
2782.4136528535946,2.507741154449602,4.1995194674022125,2.773749413356914,3.6629255246314765,0.33821858747620914,6.701495257896869,29.350747628948433,-2.045648440904343,-0.00027643717495241826
1427.035525654045,1.1869393927668352,4.204814666171915,2.746087680854487,3.6713187481623546,0.345572191599494,8.407361029465868,30.203680514732934,-1.9992954532572194,-0.00029114438319898786
1426.5460003846476,1.3272519887069447,4.186137140561464,2.746908690358528,3.661711601841453,0.3486377620543332,7.449959587190983,29.72497979359549,-1.9780156877790236,-0.0002972755241086664
2456.4200825899757,2.606758400097739,4.164326980603154,2.7524698698657906,3.696088433117096,0.3521092643612896,7.895736676581534,29.947868338290768,-2.0185856374279956,-0.00030421852872257904
2930.45847674057,2.591857752240464,4.190264479845235,2.764759599895816,3.6730838837762265,0.34122949852118045,7.536906584760042,29.76845329238002,-1.9590545304775926,-0.00028245899704236086
1601.3524135275782,1.380567871203737,4.197461225447929,2.746199684089138,3.6592164546936554,0.3468587136952914,7.275300083162471,29.637650041581235,-2.009811531487946,-0.00029371742739058287
1406.934497157391,1.4877372616153106,4.169736948801962,2.7545257333989186,3.6481510467584113,0.3496452026951311,8.968579724376825,30.48428986218841,-1.9875490483223255,-0.0002992904053902621
2810.878050651118,2.6276355380033394,4.184309248215242,2.760155973717141,3.6817603453359986,0.3449930965809219,5.72598205169976,28.86299102584988,-2.0122259297024043,-0.0002899861931618438
2414.1494358469595,2.226363293880546,4.1950221670177825,2.772123223084056,3.699955641503132,0.33940595804249724,6.705478024896621,29.35273901244831,-1.9967281473749194,-0.00027881191608499444
1582.234608396626,1.715677623584715,4.158921457861307,2.747404944727099,3.623662279953087,0.3537646194738092,6.682965614170742,29.34148280708537,-2.012674080159776,-0.0003075292389476184
2210.446921476143,1.9563891212531852,4.194519645553158,2.759159150478518,3.633938973422091,0.34292391399454725,7.147044525741322,29.57352226287066,-2.020062927883829,-0.0002858478279890945
1998.0224920304165,1.7647184547739783,4.188547525612194,2.7504627841314915,3.660170490840093,0.3462196392359273,6.922965363671592,29.461482681835797,-1.9619724579200941,-0.00029243927847185465
1500.5258490620886,1.4426641648469536,4.181153285468214,2.7419887301529307,3.645592040265499,0.3521047684345262,8.381843436996046,30.190921718498025,-2.050758801558121,-0.0003042095368690523
3069.0456660142186,2.918507459939354,4.185918941519995,2.771610285327025,3.65362270118818,0.3408358134419363,6.91036430142396,29.45518215071198,-2.0191089060371716,-0.00028167162688387266
1906.5853495025387,2.0150600121882265,4.162413617730091,2.747302137267825,3.6826790723238054,0.3534966633979145,7.004141029378141,29.50207051468907,-1.9856273513830238,-0.00030699332679582893
2990.0440796895514,2.5909702764952702,4.199160830291466,2.765736734818927,3.6716979229887796,0.3404198562911484,7.730894839704321,29.86544741985216,-2.0327617795563753,-0.00028083971258229673
1454.762284423506,1.277533986343774,4.202287336857918,2.7490067264747604,3.6896376765567616,0.34613639043551525,9.09937116676169,30.549685583380846,-2.0292227697333765,-0.0002922727808710304
1821.2691506202918,1.8015746293886319,4.172579041530053,2.7420184579084843,3.6364021143045506,0.3532338712229072,9.763663631801611,30.881831815900807,-2.0342653801633026,-0.0003064677424458145
1949.0686311800503,1.9734500910685078,4.173907710570243,2.7465895548997006,3.6888662211393513,0.35207484238044107,7.038046355513916,29.519023177756956,-2.0096833306878215,-0.00030414968476088214
1723.5787193133526,1.7499349499227872,4.164707784872245,2.739245411297775,3.652720648280362,0.3550926900258011,7.747934573319817,29.87396728665991,-1.9833318862666558,-0.0003101853800516022
1289.6757400752078,1.323759033863837,4.173718064885385,2.747985317263535,3.674636101369125,0.351232175289859,9.30242825325367,30.651214126626833,-1.9799995353095343,-0.0003024643505797179
1771.880598672168,1.9047373029275325,4.162658525345448,2.73894708973404,3.7139443281597635,0.35750581745087573,7.021064875256889,29.510532437628445,-2.0157779688505,-0.0003150116349017513
1878.742866840676,1.8094893830061691,4.182196637605703,2.760703826202303,3.63033756108246,0.34465418908088347,8.944248626952671,30.472124313476336,-2.0020385745987737,-0.0002893083781617668
3202.897135377615,3.236584155973936,4.180315509508632,2.7792216745070584,3.7054842927806786,0.339771726250258,5.708123363307409,28.854061681653704,-1.9804021619815195,-0.00027954345250051594
2803.4515290267655,2.678154786405663,4.189904604287228,2.7776926710193286,3.672152261746446,0.3384182590030363,6.391984306888158,29.19599215344408,-2.0095630178822,-0.0002768365180060725
1560.0833485468906,1.4744547607550875,4.1871620408405015,2.7568703305765414,3.6225695384751817,0.34506962224759885,8.827741076444392,30.413870538222195,-2.006499193831469,-0.00029013924449519766
1852.4684192463417,1.5830874776991974,4.206673322179048,2.7535343278978757,3.69944213223539,0.3435247526197211,6.527580701477042,29.26379035073852,-2.0014115567832453,-0.000287049505239442
3009.5376447385756,2.795112666216469,4.196148895340318,2.7706083765698852,3.7178244552558737,0.34019365377727123,7.190913249546551,29.595456624773277,-2.0044412356186063,-0.0002803873075545423
2349.001267576341,2.4494702750892614,4.1744913323015,2.766022097484257,3.6888628182983396,0.34524860565027116,6.842455395062284,29.421227697531144,-1.9792459369331705,-0.00029049721130054224
2717.454276376112,2.5773776621378635,4.198910847993305,2.77718610831844,3.6869715467312516,0.3381852503374724,5.381213262753797,28.690606631376898,-2.060917788697151,-0.00027637050067494477
2332.3497689767764,2.4224798603952467,4.178500233817149,2.759647843847185,3.6981038540603257,0.3478673331913154,7.703961518283367,29.851980759141682,-2.046284248495397,-0.00029573466638263074
2788.7333363255966,2.3869855019710418,4.194609365419615,2.7638870220015392,3.6631339268138903,0.34071063345157093,6.646121353906742,29.32306067695337,-1.97974901241297,-0.0002814212669031418
2807.3387424956613,2.9354500384142947,4.17886788892511,2.7741872608922344,3.685499022719305,0.34297404042958823,5.385360882278825,28.692680441139412,-2.0637434154378043,-0.00028594808085917635
1862.5574572091325,1.8896334332550995,4.172496909663672,2.751722385275233,3.6922277682570392,0.35064441376168304,7.351869276293188,29.675934638146593,-2.0168059503888744,-0.00030128882752336595
2265.0617393996613,2.099318113413849,4.19640593842881,2.7689908055854677,3.689299857473204,0.34013619013869545,7.797062065853529,29.898531032926766,-1.985899927277432,-0.00028027238027739077
2031.0578911200769,2.166830761158372,4.162230486708033,2.749178254457854,3.7035562829732145,0.3533410687439718,7.9806648901989945,29.990332445099497,-1.9920177624424584,-0.00030668213748794357
1225.9837489093188,1.1465783214044252,4.180592725680527,2.7396523874342606,3.618518757128736,0.3517353463722094,8.805536685009944,30.40276834250497,-2.0095751940494924,-0.00030347069274441876
2494.6857176912604,2.3187126474261066,4.195074601956402,2.7592804882592827,3.7024662312905985,0.34447527145300777,7.639712861562721,29.81985643078136,-2.039877239766818,-0.0002889505429060154
2403.844067428364,2.5381157538730985,4.1667921387201785,2.7565751165226953,3.7155433156179978,0.3506248171879862,6.350014708009748,29.175007354004876,-2.023389557021773,-0.0003012496343759724
3545.8657944540614,2.964716501983077,4.207147463741165,2.7743400121647577,3.654607617454227,0.3360167954583588,5.248355494432138,28.62417774721607,-2.042891434273345,-0.00027203359091671755
2087.536097460943,1.9591697154698924,4.180121670669816,2.758336874988611,3.6567766242310054,0.3454669349228555,6.669039153888356,29.334519576944178,-1.9750980361694457,-0.000290933869845711
2115.3734161678603,1.8329220967337083,4.202884390390744,2.7569251570508135,3.6999795491608594,0.34309176585837337,7.937544726530259,29.96877236326513,-2.0131148817968683,-0.00028618353171674666
2892.2838060999607,2.6073295480931065,4.199814507406546,2.7763812074447545,3.6693172256958912,0.3372451435441996,6.393932643842652,29.196966321921327,-2.0365342991399724,-0.0002744902870883991
2913.3396820915846,2.652968211389108,4.19967306486887,2.776607846287117,3.7081332151476247,0.3370580607791896,6.24319064909441,29.121595324547204,-1.9813944921621158,-0.0002741161215583791
1887.364745511566,1.8494978693267141,4.18140320032004,2.7543324689713193,3.707750706739764,0.34832157073834963,7.031517617405473,29.515758808702735,-2.014211458733375,-0.00029664314147669914
3228.688147572978,3.173410531240192,4.187448343629252,2.781235249467882,3.7017591553855747,0.33797015170527234,6.784843666339025,29.392421833169514,-1.994052140445817,-0.0002759403034105446
2267.8359379614494,2.1413705201074955,4.1805168699048565,2.758061769517534,3.669544507860782,0.34594549627895393,7.90335898397992,29.95167949198996,-1.9924353896599,-0.0002918909925579078
2885.256080749576,2.9227118615007734,4.177320337581822,2.7621891101024714,3.692058180703463,0.34698608967650507,6.115446902500893,29.057723451250446,-2.0628599650205963,-0.0002939721793530101
3082.779965468969,2.6889637406831954,4.198602346553643,2.777413586391462,3.676876494499152,0.3360886505709217,6.417679416721598,29.2088397083608,-1.9855762238941492,-0.0002721773011418433
1917.6754803432768,2.074176980185275,4.162819631423956,2.7604549974030115,3.668256078411947,0.3489564132250986,8.280812653208102,30.14040632660405,-1.981206882349122,-0.0002979128264501971
1859.4985098709749,1.8722847896400703,4.1806833924302165,2.754348390308917,3.6626024888505953,0.3487602653865099,8.327354455811948,30.163677227905975,-2.0561029954032106,-0.00029752053077301973
1040.583835511337,1.1253827740086866,4.157622111654258,2.7349433131978134,3.6179896361510937,0.3585068332553349,11.205494302284599,31.6027471511423,-2.0350022911870695,-0.00031701366651066973
1664.6317854457632,1.541281374343836,4.190052591367058,2.7524930299565438,3.634892149963398,0.34650112716558373,8.95293580722236,30.47646790361118,-2.0300540866106527,-0.0002930022543311674
2203.74376297426,2.403186338019585,4.174202802044574,2.767995235486986,3.7308234340959614,0.3462711226885991,6.352772329002959,29.17638616450148,-2.0204379886673265,-0.0002925422453771982
2455.8102336759052,2.170821647650701,4.201995938974753,2.7780200837841655,3.6813839460079025,0.3356363241545601,5.897342901731198,28.9486714508656,-1.9790431448865193,-0.0002712726483091201
2573.6076278539986,2.803297419601576,4.168998883756837,2.7636646447245674,3.679010103511065,0.348133246734294,5.9708100549382,28.9854050274691,-2.0486288483357002,-0.000296266493468588
2090.2229727806484,2.290152971799497,4.167630329428132,2.756963419963907,3.6599773817358976,0.35040508554660893,7.57516536282297,29.787582681411486,-2.0436143548892454,-0.00030081017109321776
2864.9510830616246,2.7624163977473613,4.175127527635942,2.7612235217164236,3.644230543037285,0.34556722335024836,7.1303831950387595,29.56519159751938,-1.999351397438604,-0.0002911344467004966
2405.053354349637,2.234108605808014,4.183359821106138,2.761735431609514,3.6699604959033834,0.3438202850868928,7.930655055975296,29.965327527987647,-1.9677821109818925,-0.00028764057017378544
2344.9635277314596,2.238132536361687,4.18173397495211,2.762728683720656,3.6475741057446527,0.344314477736975,6.6297814800253825,29.314890740012693,-2.0125909082288564,-0.00028862895547394993
2489.3437042348855,2.681997943589073,4.156040864613135,2.756645501952495,3.6639224729547983,0.3510317098278948,6.771031578539301,29.38551578926965,-1.9763954919077755,-0.0003020634196557894
3349.2920244264774,2.808047567419619,4.201339907739755,2.7705096712038606,3.6612268196191393,0.33766125701607597,5.828623485462402,28.9143117427312,-2.0050484280034473,-0.0002753225140321519
1412.2705122535447,1.3003442640450202,4.190378735534554,2.7539192879115415,3.6635982166544987,0.34555282168536444,8.568741405444584,30.284370702722292,-1.9739373658597017,-0.0002911056433707289
1974.4532211070732,2.19258974052087,4.159289725098322,2.75188225207049,3.669946001507689,0.35336019860373014,6.218951107439322,29.109475553719662,-2.027070633601838,-0.0003067203972074602
3345.9816001973486,2.945792451124394,4.198715619948682,2.767044467645588,3.7099009971703873,0.34042080012934267,6.545444354450849,29.272722177225425,-2.01441253702544,-0.00028084160025868514
1450.7765549481112,1.5458566313110154,4.171557693339957,2.7453997236937147,3.679548908466857,0.35354933033570124,6.987975302303851,29.493987651151926,-2.027775325217934,-0.00030709866067140236
2292.2672792357353,2.4357888343692666,4.16015274431817,2.7556648826095556,3.6511163712444015,0.3510366875642909,7.156916438748573,29.578458219374287,-2.018087139204408,-0.0003020733751285818
1697.6291284542206,1.484475685804739,4.205348115834499,2.7574563781488926,3.673907340521728,0.3428157507862479,9.508573931220141,30.75428696561007,-2.0423640219812498,-0.0002856315015724956
1523.6168612749777,1.692389197896731,4.165417038892639,2.7501999295127844,3.678705861383214,0.35325511127725584,9.072684621615641,30.53634231080782,-2.031539420835268,-0.0003065102225545116
1810.3310995626937,1.6424798181431095,4.187635421623434,2.7528264252970303,3.618575132217325,0.34587461427364125,9.632080855048956,30.816040427524477,-2.012983221582215,-0.0002917492285472825
2074.3876440253407,1.7938410430617473,4.205045547435464,2.756759034422185,3.706314901925512,0.34286577816770586,7.865022065220101,29.93251103261005,-2.0036011910761604,-0.0002857315563354117
1497.3155610528356,1.3908179982176128,4.189773289012682,2.742552966822201,3.6834762877542584,0.350523710041892,10.024827446918355,31.012413723459176,-2.0292473469212418,-0.0003010474200837839
1831.6143692591477,1.90495106728758,4.177996935506301,2.757790878484211,3.7138960791546203,0.34825192955522777,7.200224964738272,29.600112482369134,-2.0028800440444066,-0.00029650385911045545
1206.2394310153359,1.3018823792351788,4.164333958220473,2.738553476681169,3.6676573372800165,0.35708841232931166,10.514041517549218,31.25702075877461,-2.0410206156391766,-0.00031417682465862334
3138.972667793433,3.0681224212936127,4.186223045925547,2.7788431121381874,3.656106947395146,0.33882331036816893,5.193804748100151,28.596902374050075,-2.032578030359566,-0.00027764662073633786
2454.7699315462114,2.4199969100218617,4.1714283792647375,2.7603607349580948,3.6993961784538136,0.3469705027871748,7.235344320675012,29.617672160337506,-1.974950749225211,-0.0002939410055743495
1945.842761709385,1.7066250320808913,4.203766585178526,2.760365308490431,3.662018104998693,0.342102714208216,8.099389201100092,30.049694600550048,-2.058042917466081,-0.0002842054284164319
3055.968770341845,2.8843042566279915,4.193292786201917,2.7791787697490373,3.684059143123794,0.3377197893488797,5.530537233113639,28.76526861655682,-2.029796504931773,-0.0002754395786977593
1617.313688887875,1.780784500555038,4.157205180046735,2.749219827370958,3.6815775751383137,0.35417080749445745,6.792363180561952,29.396181590280975,-1.995938370747281,-0.0003083416149889148
1850.2076907561159,1.814026624444055,4.1929778970428355,2.763195780752161,3.7150450784175937,0.3439032586368817,8.074541164173608,30.037270582086805,-2.013281325708472,-0.00028780651727376325
2255.222659318941,1.9489575624194844,4.192167623071812,2.7549827698264804,3.6386638448185527,0.34397664883758705,6.0500046933988925,29.025002346699445,-1.985295834489856,-0.0002879532976751741
1738.7494931104784,1.9663218428242237,4.157455858236439,2.7562743969919263,3.664488197432864,0.35135567383988936,6.523247044855867,29.261623522427932,-1.9638187157827471,-0.00030271134767977857
2055.688864698416,2.010741876152067,4.172885109746021,2.748755372963526,3.6552923368181918,0.3501590002474915,8.381485672082356,30.190742836041178,-1.9719312943446372,-0.00030031800049498306
2699.3517710646165,2.8507192357636253,4.15778779563338,2.757076655870904,3.660758433902389,0.3507699161249103,6.34079550773075,29.170397753865373,-2.0070619805615486,-0.0003015398322498205
1686.0248449302653,1.850462321011473,4.162792590553816,2.756225492207985,3.6560874845686726,0.35073731594052177,6.22777078993158,29.11388539496579,-2.0030468704619633,-0.00030147463188104345
2579.6509682168735,2.4838593328084126,4.183713790155947,2.77428987932049,3.653770522996996,0.34005240333558145,6.05833436732339,29.029167183661695,-1.9962238187742196,-0.00028010480667116285
1351.1096476133578,1.4607983702789211,4.1555695061025375,2.7363558608756886,3.62109703986578,0.35804725021407674,10.56884373669912,31.28442186834956,-2.0128754818996573,-0.00031609450042815345
2315.999663582104,2.2446330780855925,4.182395646199747,2.7618213781791554,3.654688660938106,0.3452186893269099,6.537756475745623,29.268878237872812,-2.042922350766088,-0.00029043737865381983
1696.550458764761,1.5391981551128902,4.194894296265691,2.746014491330058,3.705601483633323,0.3484901749825115,6.6977732811461665,29.348886640573085,-2.010528270785784,-0.0002969803499650229
2123.767485973931,2.13831525052384,4.185334127961122,2.7635808542292644,3.6977972236174637,0.34472003992594175,8.156278531640522,30.078139265820262,-2.0063352765785365,-0.0002894400798518834
2966.0838140753076,2.6673249133798493,4.198526607185114,2.7724916849467545,3.659280767743562,0.33860885365064547,5.590897366321397,28.7954486831607,-2.038122216774847,-0.00027721770730129085
1970.8609867522107,2.0741594420859513,4.164624779007478,2.7432102044827027,3.65728198618842,0.35518224875649895,9.024217970476315,30.512108985238157,-2.053579512676087,-0.0003103644975129978
1357.2459829648346,1.3239122869684825,4.171849238447474,2.7391732795520545,3.618958729306365,0.35357098942055265,7.256919371107591,29.628459685553796,-2.0121075243388358,-0.00030714197884110526
1748.3492354492537,1.6854865285698573,4.178948743061924,2.7527384606669356,3.6479219113587615,0.3480545541503305,6.6516205441870655,29.325810272093534,-1.9962874380183901,-0.0002961091083006609
1941.9343772554203,1.724561823459543,4.197597453713021,2.761207148813245,3.6345194545824233,0.3417465192285235,7.63049156478588,29.81524578239294,-2.004203643884784,-0.00028349303845704685
2275.794653680105,2.2317634212555113,4.183871674551757,2.7598692890722325,3.708735521368568,0.34601158833507784,7.947978147804272,29.973989073902136,-2.006243336430459,-0.0002920231766701557
2159.870282852757,2.036308635886904,4.190089699393655,2.7577876814117412,3.6957849263715725,0.3458486657673609,6.810941729037735,29.40547086451887,-2.0518131919976392,-0.0002916973315347217
1988.0152552318111,1.849393815897979,4.183254318364277,2.7550436176978064,3.6600335862823434,0.3462748544276231,6.900384304367139,29.45019215218357,-1.9864062644296634,-0.0002925497088552461
1520.7330448693606,1.6352869033456114,4.166826133758858,2.752537021237093,3.6601841791422722,0.3515054500427507,8.243664255482026,30.121832127741012,-2.0197410960388726,-0.0003030109000855014
1671.740927892071,1.5385236245003762,4.1916840682400185,2.7460255811014513,3.6902889126195455,0.34879903861843237,7.9828693803737965,29.9914346901869,-2.0080528583979724,-0.0002975980772368647
2646.5168160479357,2.333200531107613,4.191999650371358,2.766239635452397,3.6409233105888434,0.3406533419478375,5.863425483030845,28.931712741515422,-2.008200778485919,-0.0002813066838956749
2712.7038806683863,2.849440504845321,4.171435257666179,2.76543900709539,3.6524542302151892,0.3463630663473511,5.516783577792635,28.75839178889632,-2.044478334154527,-0.00029272613269470217
2486.6251993417463,2.056895740572241,4.2032124274615486,2.7619485646220947,3.6640368271416675,0.34006397709154496,7.081344555931887,29.540672277965943,-1.9894731977450166,-0.0002801279541830898
1939.0138886642828,1.7236898243786094,4.205823629535125,2.760331785891049,3.7065260404129834,0.34220281206450426,8.966121029552285,30.48306051477614,-2.029436296768417,-0.00028440562412900835
2226.503574412558,2.4242599830654195,4.164401779321801,2.757985473087589,3.668791882966251,0.34998733736885274,6.324685886705779,29.16234294335289,-2.0040106166746536,-0.0002999746747377054
2426.0524162953197,2.5709230921717485,4.163485226636132,2.753341217313691,3.6855361107011833,0.35190822018644136,6.612553723021574,29.30627686151079,-2.0280805726754214,-0.0003038164403728826
1981.0322161590168,2.184304767346725,4.168841565480096,2.758517803859285,3.7087500993610547,0.3497632640236014,8.821748719021866,30.410874359510935,-1.9993124175389339,-0.0002995265280472028
2233.8636990573464,2.083127622771461,4.1880985307657985,2.750686650436376,3.6911439191914908,0.348032839992249,7.426712683295083,29.71335634164754,-2.0267739506755134,-0.00029606567998449783
2227.4267751042703,1.8797377237757258,4.2053575281831765,2.7561669807478575,3.653086588250693,0.3424288410733609,9.319599459660733,30.659799729830368,-2.029434246541133,-0.0002848576821467218
2493.0052041153876,2.434739575839047,4.180978317464315,2.757563779936322,3.6745065115364044,0.3474588182226972,5.6732978647400625,28.836648932370032,-2.0641490805310565,-0.00029491763644539433
3427.727433840308,2.8967467893550287,4.20921757880239,2.775461649274559,3.682094006153258,0.33598947816245883,6.772208972812319,29.38610448640616,-2.057128695117729,-0.0002719789563249175
1881.8984248834404,2.072178812220547,4.159784710942361,2.757007731748473,3.631092209083103,0.3507378174800963,8.301295714764102,30.15064785738205,-2.0247263706194327,-0.00030147563496019255
2663.4392146573364,2.654237513680689,4.1743921382886535,2.764739412089326,3.687923354182012,0.3452396820359564,6.264356819121422,29.132178409560712,-1.9861634222928846,-0.00029047936407191276
3252.4181308304615,3.0440878429145926,4.195110496420665,2.7741752917895153,3.705564512471356,0.3391927968864094,7.615079946299156,29.807539973149577,-2.0179710478750486,-0.0002783855937728187
2313.5317356603546,2.277172107219496,4.180917886522039,2.7602167748997175,3.689961568744161,0.34678855973225364,7.65392863629382,29.82696431814691,-2.061544407947987,-0.00029357711946450724
2550.0226565064695,2.5337192879294164,4.178553685387017,2.7613976135875955,3.6561976893348125,0.34631997714327867,6.991951205250124,29.495975602625062,-2.053177941028005,-0.00029263995428655725
1976.744882261871,1.7717369387061523,4.196552326373339,2.767673062041763,3.6446508577193804,0.3396397480057315,8.570952475793282,30.285476237896642,-1.9828172899754501,-0.00027927949601146287
1221.3834132027844,1.2035957762069438,4.186930807004417,2.7553021203218084,3.6652937139617183,0.3467447602291262,7.488380069711353,29.744190034855677,-2.0055014114657834,-0.00029348952045825226
1688.6408727335404,1.7070603706764904,4.174033518250805,2.745338072390477,3.6805031231718175,0.35231288372426095,8.319821883006389,30.159910941503195,-2.00517342247978,-0.0003046257674485219
1549.0769461298298,1.4102364920127213,4.196508054102426,2.7523097463133595,3.697764168312218,0.3458342836996004,9.664201684373742,30.832100842186872,-1.993258917538973,-0.0002916685673992008
1839.329759420419,1.5753556769274553,4.199195317129083,2.748564644223163,3.6722431271598674,0.34578543428944125,9.208978687854447,30.604489343927224,-2.0010779456613967,-0.0002915708685788825
2298.133691373527,2.4636137944177325,4.162091351439248,2.7670670460545783,3.6438048471459874,0.34657891693251386,6.810055672081638,29.40502783604082,-2.005329845118672,-0.00029315783386502764
1556.5083735920439,1.6328254688769175,4.175635065707365,2.755555660894151,3.670285959100891,0.3488167575427745,9.144181317330414,30.572090658665207,-1.9983167393656553,-0.0002976335150855491
1694.403784869453,1.611212673660647,4.182410837909813,2.7502968329376833,3.6559502383714624,0.3481278586337613,8.433442038865232,30.216721019432615,-1.9759786068490675,-0.00029625571726752255
1783.648047156956,1.9069185962174957,4.168053020281737,2.7486264366540016,3.6927157845492578,0.3529867410445831,7.326707488156937,29.663353744078467,-2.018698963680149,-0.0003059734820891662
2438.2639782109873,2.5641239807273135,4.167496381150951,2.770221405804963,3.685801144659916,0.34457066193141567,7.136292768581522,29.56814638429076,-1.9619737762299398,-0.0002891413238628313
3163.69286611375,2.6086455444207215,4.204099171653256,2.7682273941302755,3.645293603648664,0.3379672380245423,6.674672407390114,29.337336203695056,-2.0277470134685123,-0.0002759344760490845
1247.6802822620211,1.294585503262012,4.175127443722177,2.74673482960485,3.6943557791901527,0.35215449158711887,8.050184223044962,30.025092111522483,-2.003145589613301,-0.00030430898317423765
3222.50042271064,3.172489253771698,4.190089577680695,2.775183618312395,3.680754439051471,0.34047761146438865,6.605392943560449,29.302696471780223,-2.0698994641120683,-0.0002809552229287773
2565.9702804940216,2.5953429445292984,4.179828769294977,2.762530060082342,3.6900858266513072,0.3463525907860866,7.891985842015373,29.945992921007687,-2.0515566294496392,-0.0002927051815721731
2143.4295725959378,2.431028068995,4.1549077584968215,2.7644292698205866,3.6399953864882444,0.34905370083705484,6.58374397223961,29.291871986119805,-2.005915923308284,-0.00029810740167410965
1390.5444783681266,1.5329359003860332,4.165932985976267,2.7497429505174016,3.6273916712956185,0.35260054742037056,9.791628594273401,30.895814297136702,-2.0354635502681795,-0.00030520109484074117
1802.7559454918114,1.8892278921321883,4.161469976002681,2.747771855706201,3.633319363168148,0.35336402033781583,8.500992362243636,30.250496181121818,-2.0342952691133895,-0.00030672804067563157
2286.4710972841262,2.0868753275544507,4.2009547444191355,2.760719006900997,3.7001025604249924,0.3430391264358624,7.35656832920457,29.678284164602285,-2.042143008643392,-0.00028607825287172464
1836.055842314528,1.7201395958572137,4.182270789294642,2.7520529201816877,3.6387197878333133,0.3472020182680414,8.72522863374771,30.362614316873856,-1.9807197112772605,-0.0002944040365360828
2308.00773290285,2.3525421586904147,4.178025195496084,2.7643214376536185,3.64439498245779,0.34527481107778735,6.236419945915454,29.11820997295773,-2.0345131857071537,-0.00029054962215557454
1329.3677735628723,1.3038837350734718,4.177593740300773,2.744297522628977,3.6337689459464086,0.3516375318794803,7.112820444542819,29.55641022227141,-2.0322915077364403,-0.0003032750637589606
2180.4810061809335,2.1482871518846616,4.179361833342253,2.7590435319653848,3.6936306607741978,0.34705153721377296,7.777510530408665,29.88875526520433,-2.030787151337339,-0.0002941030744275459
1816.4898807729148,1.9387540541860575,4.172250786012536,2.7623916783325417,3.704538988246126,0.3472955682952454,8.030509525130661,30.01525476256533,-1.9821980873236051,-0.0002945911365904907
1645.8425273993814,1.6683416248230587,4.1871261216029,2.7603612410615836,3.7144648256413504,0.34618140362107264,7.116041011210755,29.558020505605377,-2.02623546254417,-0.00029236280724214515
1539.3759656327165,1.5028393553281336,4.178763930727452,2.746875132054104,3.6917306677497317,0.35075774438109203,8.597623808897044,30.29881190444852,-1.9971033337985389,-0.00030151548876218397
2745.3491685798563,2.5062060017319236,4.202265950442396,2.7756356704168947,3.727366231370868,0.3378971466547036,7.175168027751107,29.587584013875553,-2.0255342518289723,-0.00027579429330940714
1344.9119871484331,1.3446123928366795,4.177916325946757,2.747693205429732,3.6415090825048724,0.3504742568118678,6.892753828435684,29.446376914217844,-2.0093328816403773,-0.0003009485136237355
2964.872812720174,2.5940687762526022,4.208479105013723,2.7836068741762836,3.7283251192053943,0.33354988677379144,5.969348882367339,28.98467444118367,-1.996219891549388,-0.00026709977354758273
2837.0389719955483,2.9831458788663783,4.163574307839671,2.763759781012853,3.6695993510803344,0.3474469063323739,6.7386938453871625,29.36934692269358,-1.9850951639406607,-0.0002948938126647478
1537.949127014859,1.6620839217751036,4.159206179291734,2.749001708167308,3.622526190361027,0.3531590186799828,7.963699764795494,29.981849882397746,-2.019465350553406,-0.0003063180373599656
1496.909168690571,1.4816881349206152,4.169732088706546,2.7405173931431497,3.6201132822119937,0.35350815485728887,6.678574688213729,29.339287344106864,-2.0063344164850196,-0.0003070163097145777
1775.3686718354004,1.9098055821718076,4.170290852273262,2.7569232543379134,3.6469055612543753,0.34974609959115543,7.16240378496447,29.581201892482234,-2.0493272976645462,-0.0002994921991823109
1845.3135632992105,1.7844886501417134,4.1776303523293254,2.7515794314223894,3.6316504436530104,0.34858071400844765,7.0251823976798065,29.512591198839903,-2.008665725019142,-0.0002971614280168952
2703.348754312837,2.5468394090587254,4.189455754469842,2.776694993392267,3.6776060838761326,0.33816746046941626,7.573229029146001,29.786614514573,-1.9656841044364153,-0.00027633492093883245
3295.5726280940357,3.031412100777233,4.196196042994969,2.77449251628556,3.7219729840053226,0.33879361699752264,7.279442216309558,29.63972110815478,-2.00631812261391,-0.0002775872339950452
1566.2660049835838,1.6064549449007668,4.166780878252582,2.743008076334462,3.6255555546595875,0.35354553251763354,10.413935493752755,31.206967746876376,-2.0040088087317485,-0.000307091065035267
2929.3590558439673,3.190129245210941,4.171462306575323,2.773534147562001,3.702084958083192,0.3443820451648502,7.422195108629297,29.711097554314648,-2.0288101853502862,-0.0002887640903297005
1815.0032440100247,1.8350656194623072,4.167997605094752,2.7470084114007745,3.6771251585024776,0.35212656509092255,8.486567261310721,30.243283630655363,-1.9774353826659197,-0.000304253130181845
1926.0243331323506,2.19856485984661,4.16485055353484,2.759302443058204,3.7232202758909607,0.35081708396642325,5.928454851300125,28.964227425650062,-2.009028432446118,-0.00030163416793284645
1466.1253500327987,1.2607094956841765,4.2073468637613365,2.7507647973575726,3.7065755636656905,0.34481337073997625,9.024465646521369,30.512232823260685,-2.019913825694939,-0.00028962674147995244
1603.2291612427657,1.7692007486059362,4.163712212659063,2.755395819921094,3.661651522560478,0.35120130185040466,7.654933933663076,29.827466966831537,-2.015477431957577,-0.0003024026037008092
2404.2333594251977,2.680565203496495,4.167166045335258,2.771075444619417,3.719424112037385,0.34620722633208656,5.84396412057378,28.92198206028689,-2.021387881311088,-0.0002924144526641731
1284.9402680450225,1.1152223855338075,4.196796755933098,2.742178436751334,3.627328400865849,0.3484034042982957,7.776957452317233,29.888478726158617,-2.0386482794128624,-0.00029680680859659137
1621.4595683034875,1.5239858684145566,4.19620178638491,2.754287819570953,3.6988369153430365,0.3462013504621417,9.54459568918348,30.77229784459174,-2.0427043435674332,-0.0002924027009242833
1833.0068552178163,1.710422535988696,4.193156732725834,2.75939923750907,3.6814889372910735,0.3439917824495033,9.278963701639743,30.63948185081987,-1.9993268965843596,-0.0002879835648990065
1291.920063888722,1.419348823682366,4.166466538614154,2.7503077819878436,3.6713618986062824,0.35238752974640747,8.302896957934621,30.15144847896731,-1.9971626456388019,-0.000304775059492815
1602.95090303824,1.6499081370187108,4.181494830513069,2.7567848783682027,3.6458246444486417,0.3477782458790262,9.228901845346762,30.61445092267338,-2.049053529598677,-0.0002955564917580524
2950.0272636277496,3.1037407162822865,4.172690574223225,2.768696987691119,3.7292353627640282,0.34550269022084357,6.775560935344145,29.387780467672073,-2.00108221838156,-0.000291005380441687
2230.6661793706808,2.292860722669555,4.170928444299378,2.752246604498788,3.6832103379240166,0.3508482145599585,7.188281952057216,29.59414097602861,-2.025629306503703,-0.0003016964291199168
2541.0218547040217,2.4087324002836192,4.186764226264863,2.7589992389735607,3.7130262390992796,0.34589079627381186,7.7042856599846985,29.85214282999235,-2.032323623540921,-0.0002917815925476238
1758.8938580275521,1.7669232441009866,4.179467094751528,2.764015476310565,3.650200276056114,0.3445412662285883,6.538399236482523,29.269199618241263,-1.989842054516374,-0.0002890825324571765
2421.4963286492625,2.5673327417508887,4.173145092211027,2.764952780811131,3.6856178033570886,0.3469351881263286,7.3077494119533055,29.65387470597665,-2.0522746625542125,-0.0002938703762526572
2049.7929297618407,2.0637427927863405,4.18049861780458,2.7696782411780108,3.637785492135888,0.34266960723801354,7.241682703866941,29.62084135193347,-2.0254283636654433,-0.000285339214476027
2472.9667026744346,2.6031173986030662,4.171056740368992,2.7659004446050455,3.707630435531474,0.34681892569837364,6.818320082340059,29.40916004117003,-2.03447048338614,-0.00029363785139674723
1535.6246668297279,1.4537871300520653,4.197335786827115,2.755307259986523,3.677085986451158,0.34569582642357394,7.5989360458506345,29.799468022925318,-2.05453698536677,-0.0002913916528471479
1770.2625008046618,1.9297795676388467,4.1673182387539045,2.753964141364402,3.6787273766471396,0.35129461528139977,8.037438257448102,30.01871912872405,-2.0180527336870915,-0.00030258923056279946
2661.0454381903955,2.343138422829642,4.191037885838036,2.7568626812874992,3.661331847231433,0.3439980194765058,6.278289486378064,29.139144743189032,-1.9874372369967046,-0.0002879960389530116
2401.635173641771,2.3516421816420383,4.176810744546321,2.7581360958372105,3.6570706115992357,0.3469589528163286,5.898347700425703,28.94917385021285,-2.0112462009709127,-0.0002939179056326571
1780.2075880114614,1.8046862266691712,4.177222413591793,2.7587108480881697,3.6723718750547762,0.3466451451713704,7.091318479327151,29.545659239663575,-1.9600253198034032,-0.00029329029034274077
1367.628900426772,1.4592329099160146,4.157804488753899,2.738798030220265,3.62638439359027,0.35659988570433643,9.688117398514153,30.844058699257076,-1.9957706266997395,-0.0003131997714086728
2306.3344673891324,2.3661708222664775,4.16591253235689,2.7527078255816395,3.6545062891718376,0.35051855956158484,8.38919904850722,30.19459952425361,-1.9890397631123906,-0.0003010371191231696
2186.6636476945596,2.2333210396788963,4.178617355123553,2.7627178158366714,3.6699794605851874,0.3465118558468399,8.044168302880424,30.02208415144021,-2.064350985997032,-0.0002930237116936797
2745.0856519706513,2.26336612601821,4.20741708220599,2.762117020955018,3.689492907186366,0.3400456392842188,8.027061090204876,30.013530545102437,-2.0182972305874967,-0.00028009127856843747
1516.1963436826395,1.4635900985316503,4.184713849967922,2.75757206962041,3.637936136349366,0.34541938614396267,6.9668722944491215,29.48343614722456,-1.9858108217573696,-0.0002908387722879253
1819.0387620396266,1.9316965609753864,4.159161945707348,2.746511026831392,3.6386776313626013,0.3545098705683729,8.363166023650543,30.18158301182527,-2.044442589247374,-0.0003090197411367458
2457.4577022921535,2.4277638430665407,4.183453011753151,2.765695182211656,3.716286024365575,0.34427174415032125,5.6076524137874815,28.803826206893742,-2.0087082483064282,-0.00028854348830064237
2266.1397842504903,1.9237527078385688,4.206564913773245,2.7674237081871316,3.688762668279832,0.3382320839501778,8.316317222777881,30.15815861138894,-1.9723369799284642,-0.00027646416790035543
1676.3214369078696,1.4682248097013786,4.192947249479737,2.7482767056652375,3.6589269834439704,0.3465004670906727,9.23401796415015,30.617008982075074,-1.9763039169001544,-0.0002930009341813454
2380.251539095331,2.1495204990758405,4.1973356310744245,2.7691394367617566,3.6765727168824975,0.33974949360437084,6.846408098775558,29.423204049387778,-2.0048964408944916,-0.00027949898720874166
2510.5119430257064,2.1863494153862955,4.203395297206942,2.7615425113949073,3.673226581899187,0.3417873592224239,7.714288463213698,29.85714423160685,-2.0612653018762224,-0.0002835747184448479
1454.5306551311353,1.324706893082152,4.194606089665695,2.752063602843558,3.678766055421283,0.3459876411355609,7.861796510807031,29.930898255403516,-1.9982864766140038,-0.0002919752822711217
1323.1290801446871,1.4513754731772806,4.162184316074326,2.7419258581919213,3.6347317621952735,0.3560800180513617,7.8951252316694935,29.947562615834748,-2.0469016952976977,-0.00031216003610272337
2545.7343089991214,2.3675538174282553,4.184463505996197,2.7679277080033065,3.6368201115594503,0.34175200559426044,7.099820909741603,29.5499104548708,-2.0247006076898444,-0.00028350401118852083
2265.8261538417178,2.1434468777728486,4.194432741568482,2.7668539399403107,3.6869068200352704,0.3420073108587549,6.977278519115206,29.4886392595576,-2.0407288936887538,-0.0002840146217175097
1992.3290696217437,1.9405437988372858,4.190542121756294,2.760924484661579,3.6665623754492187,0.34460871368158447,6.337171605571229,29.168585802785614,-2.0355062315803676,-0.00028921742736316887
1222.9092941280294,1.1503411023563312,4.191223623522703,2.748601672769806,3.634262843344146,0.3481678125589995,10.891390034868705,31.445695017434353,-2.051636063388927,-0.00029633562511799887
2339.0758282426023,2.4806318994928906,4.161161804707688,2.7550790712138937,3.706781717905222,0.35168009909611975,7.30889695624394,29.65444847812197,-2.0126329760580055,-0.00030336019819223944
2431.0697668298167,2.1621232855676515,4.198069471415114,2.7532369007146578,3.7078200421511536,0.34547110160774375,7.855228145216547,29.92761407260827,-2.020858051273863,-0.00029094220321548744
2390.9771279916235,2.1146133370322118,4.1986553196219285,2.7617807816711117,3.6617496425744696,0.34178901130364253,8.127037991089455,30.063518995544726,-2.0124007302026308,-0.000283578022607285
2502.2565144175405,2.5536075965803695,4.172151056236094,2.7558628950433826,3.710773459903215,0.34940803502823875,6.6001393603791305,29.300069680189566,-2.003957901191831,-0.0002988160700564773
2122.511156776713,1.9013468623559648,4.198892877107277,2.76375144269272,3.6641064720845393,0.3411682996938849,7.2967894750563165,29.648394737528157,-2.0030939805237518,-0.0002823365993877698
2575.1670766298885,2.253400440837262,4.202393354137691,2.7731468687037886,3.6463649216295417,0.33744042188184303,7.076267932989742,29.538133966494872,-2.0406372110636997,-0.000274880843763686
1757.2868253677098,1.9054865282643476,4.160425363950475,2.7487818887080193,3.643324492033239,0.35385031872228795,7.725639004705332,29.862819502352664,-2.0417716033103934,-0.0003077006374445759
2764.38709777669,2.496432489339358,4.197020858488092,2.75922551419743,3.720884733765549,0.34385092145840596,6.282902722336205,29.1414513611681,-2.0128663214787124,-0.00028770184291681183
1675.5945568914126,1.782572525016386,4.168217019250733,2.7538002875539656,3.6894664124446,0.35072872924311743,6.527427684466463,29.26371384223323,-1.992904733447052,-0.00030145745848623475
2832.369388021977,2.6929709215391027,4.18028212850567,2.764758308552412,3.658744812945637,0.343473206895768,6.521107455668019,29.260553727834008,-1.9789062468795395,-0.000286946413791536
1593.229103585766,1.6384032013767251,4.177593030844754,2.7552413423442492,3.6327140171796874,0.3484898585985863,8.680995577448575,30.34049778872429,-2.0402561825629544,-0.00029697971719717253
2031.8927474759255,2.13317334774914,4.181115027118757,2.7644454446475533,3.672148746464841,0.3458960208655409,7.4824770969952255,29.741238548497613,-2.0615514823919754,-0.0002917920417310817
2229.0944575704593,2.292208263742047,4.182903605520929,2.761679137461521,3.6920525252646796,0.346430743520317,5.83301289221335,28.916506446106673,-2.049067532210025,-0.00029286148704063384
1416.6583095667895,1.3537251197978981,4.188182849227214,2.750547601148685,3.6557990279712986,0.34821521032930186,8.431402428281766,30.215701214140882,-2.0427743026172633,-0.0002964304206586037
2619.058950086334,2.6135938092739037,4.183735349021061,2.7717711140785912,3.6810695783277736,0.34182292722279267,6.78936385223432,29.39468192611716,-2.0068414100194327,-0.00028364585444558526
3588.3020884954167,3.2455852930039626,4.195157100791812,2.7762784049713347,3.712031884397402,0.33767102970775215,6.892567854220715,29.446283927110358,-1.9824042844257117,-0.0002753420594155042
1488.3996525714515,1.535503004436886,4.178845191546659,2.750952056043187,3.663876910480287,0.35004214817202334,9.981081199742874,30.990540599871437,-2.023058742236614,-0.0003000842963440467
2914.6269416188743,2.7142192229473863,4.182463715735457,2.7650564936266386,3.681518650247249,0.3430135604442067,7.581585355989546,29.790792677994773,-1.9738980024839743,-0.0002860271208884134
1856.2600260477802,1.7551879134880044,4.1890073481903265,2.7479870944060494,3.658683531974475,0.34924151156936495,8.57116590526363,30.285582952631813,-2.0714397559748954,-0.00029848302313872986
1822.1210878021784,1.624707279396467,4.194340126040777,2.7545931895239533,3.6590053065552812,0.3444623493114909,8.825129111369698,30.41256455568485,-1.9800733378954511,-0.0002889246986229818
1408.978710627955,1.5433062710451815,4.1564565232465105,2.7450092288432075,3.629941387985718,0.3552452991685678,9.644231423487618,30.82211571174381,-2.0153837117739846,-0.0003104905983371355
2638.0376147887896,2.2074692352694805,4.210269821140334,2.7602665174739216,3.687705477596369,0.34088281252730157,7.074643571987817,29.53732178599391,-2.047105041036377,-0.00028176562505460314
2710.699499787183,2.353431880056756,4.201471015095074,2.7677204053539066,3.6400478876749203,0.33914013988903685,6.869725469895153,29.434862734947576,-2.032503980372341,-0.00027828027977807365
2463.198215963432,2.2775727043100855,4.186064529605727,2.762933283159153,3.7051483872654916,0.343652682249252,7.687872035580393,29.843936017790195,-1.9896745169762624,-0.000287305364498504
3076.400228128918,2.9043317154579453,4.195192116765987,2.774667574456083,3.685769657943901,0.3393868708705698,5.381454157661919,28.69072707883096,-2.056565055410435,-0.00027877374174113955
2751.4738611321072,2.8453830577672257,4.1811282439245145,2.771297999106899,3.727842812691163,0.3433085219387871,6.5956952662369455,29.297847633118472,-2.0046259659927226,-0.00028661704387757396
2033.2672952108487,1.7589052970178647,4.202903478270094,2.7549305702842553,3.7137219960159276,0.3439446316185273,7.280745321249635,29.640372660624816,-2.0114118659614726,-0.00028788926323705444
1377.4189520150276,1.400917503127264,4.1728737277734105,2.747730322515633,3.6504486924660107,0.35128998349947105,8.35352903032336,30.17676451516168,-1.9982482035171358,-0.000302579966998942
1576.7553350331384,1.6160457795068723,4.181055637687087,2.7547094005552593,3.6372806812672556,0.34834705457696225,7.222650931234628,29.611325465617313,-2.0462600925456758,-0.0002966941091539244
2056.5399874284444,2.2007414139495456,4.169249158771641,2.753074026822921,3.6729835804564948,0.35138616311851417,6.047597482482943,29.02379874124147,-2.0421077518134103,-0.00030277232623702826
2326.144793144855,2.1353739821480366,4.19414618315127,2.755771058048696,3.7099219153493213,0.34550421906791906,7.309669899396566,29.654834949698284,-2.019975848742225,-0.00029100843813583804
2401.047194929339,2.3548964829013634,4.178534048847411,2.7664828837339965,3.6336682836264695,0.343501700142687,7.987473258297326,29.993736629148664,-2.0167387708341273,-0.0002870034002853739
2264.9259499885547,2.3865534842730645,4.17808031989398,2.7637837899827566,3.669471893582695,0.3463309696330374,6.8748860268904135,29.437443013445208,-2.04582603317084,-0.0002926619392660747
2636.373531965721,2.293039269413614,4.2049815778502895,2.771851152999899,3.7103321285606095,0.3376665128317578,7.655707307991868,29.827853653995934,-1.9935900195951286,-0.00027533302566351553
2806.802203597813,2.3773194968093403,4.197083108366279,2.7671669734053483,3.6393494394002937,0.33919430292283076,5.69254577137129,28.846272885685647,-2.010360984558416,-0.00027838860584566147
2033.0422657482327,2.111800999347064,4.180111304358693,2.7604771999996838,3.6799051162542047,0.34740138836055295,6.070695884725955,29.03534794236298,-2.064485259290687,-0.000294802776721106
2793.1087763480973,2.447456038935874,4.204864647724687,2.774908873530142,3.6872508327176123,0.336708740525617,5.6554149355168075,28.827707467758405,-2.0130625515872307,-0.000273417481051234
1511.820225937305,1.441483087008042,4.180494380949032,2.745849798924004,3.6465709231851755,0.3498713561561978,10.255710536777457,31.12785526838873,-1.9794458932043022,-0.0002997427123123955
2519.063938727562,2.4165491593734325,4.191780632521084,2.7674792370852663,3.6769122071452363,0.3421023508591996,7.840501535338067,29.92025076766903,-2.033681072877757,-0.0002842047017183992
2664.63776592565,2.277567609016829,4.200256859593702,2.767987017433254,3.6609300716319657,0.33875252651781834,5.516537046220725,28.758268523110363,-1.9898245738957634,-0.0002775050530356366
3388.8384485878832,2.8813670981682007,4.198281967135214,2.773153341302481,3.671828155707844,0.3369219594177408,6.401417026945218,29.20070851347261,-1.961717245820228,-0.00027384391883548135
2502.5707897676475,2.522519108040001,4.179753542655092,2.7680344345528,3.6854661207147084,0.34394154756509754,6.083919637691407,29.041959818845704,-2.018323384265505,-0.00028788309513019507
2633.2805880683027,2.826288178266977,4.166438863443883,2.760726993911839,3.720780502455829,0.3492860870256758,6.435788147265032,29.217894073632515,-2.006306579078672,-0.0002985721740513515
1734.8793404509545,1.641181544919927,4.195281277543396,2.7521699356958007,3.713077671444695,0.34710658791213994,8.505098623426898,30.252549311713448,-2.0197789857548734,-0.0002942131758242797
1564.300581498424,1.5190128195159591,4.187500208337313,2.7494657548313888,3.7039456552877863,0.34909148153817465,7.766371236196103,29.88318561809805,-2.014497865304759,-0.0002981829630763492
2625.9571989810674,2.528236232134913,4.180638215839322,2.7645068454327517,3.677813934507026,0.3438734336395415,6.143565726769253,29.071782863384627,-1.977750757684398,-0.0002877468672790828
2891.1259538623785,2.64876031025765,4.190457933761542,2.7713897338125437,3.655169804380256,0.34007553483849967,5.512421058557094,28.756210529278547,-2.0337778151342865,-0.00028015106967699927
2952.253629496144,2.5274729556356634,4.209364371316192,2.7772120986388846,3.7178861748266177,0.33561932790437454,5.753144534074257,28.87657226703713,-2.0309311859012684,-0.00027123865580874903
1352.9470469691014,1.3287889191962474,4.18791405109263,2.7504434664218236,3.7079074579577744,0.34887167459288515,6.77014309146724,29.38507154573362,-2.011073110165217,-0.0002977433491857702
2157.7660119012617,2.298103385641954,4.160369493221063,2.7517530486694137,3.64404398637432,0.3522151053071369,7.1447358075265965,29.572367903763297,-2.012264045814995,-0.0003044302106142737
2948.099048781966,3.0589248462570007,4.180904882713298,2.775372879834798,3.6860395750360073,0.3421280702583091,5.852768015390393,28.926384007695198,-2.057581158407541,-0.00028425614051661824
1398.5876298555725,1.1964499694938735,4.200796503859813,2.7498884183879597,3.6369943320852873,0.34487831501721616,8.3069327611752,30.153466380587602,-2.0082529651764087,-0.0002897566300344322
1518.096179728736,1.5420579208928256,4.179971163949889,2.7500474500569756,3.695860091802225,0.3504967184178797,9.124473458179043,30.56223672908952,-2.0309285010461897,-0.0003009934368357595
2684.8357110464576,2.6857339656030157,4.17209933348766,2.764453138188342,3.6708953869830756,0.3452626429773862,7.762264966070297,29.88113248303515,-1.9680812252243192,-0.0002905252859547723
1369.0353296423327,1.1834866571543823,4.194283187434261,2.7458795383874297,3.626041672441952,0.3468958255121973,7.283165398240281,29.64158269912014,-1.9996830001585217,-0.0002937916510243945
1639.7267733308818,1.6965010157708496,4.177539328289321,2.750659830609778,3.6657634456273698,0.3505064104299003,8.768288803612151,30.384144401806076,-2.0332913285221355,-0.00030101282085980057
2480.8760132089915,2.2294893116427583,4.202978939016807,2.7690891038383514,3.7071280395148105,0.33921840322328417,8.038841316820163,30.01942065841008,-1.9923377037251815,-0.00027843680644656823
1763.9067466001534,1.4960437278245886,4.202780741799182,2.757122843989714,3.6382139444772186,0.34194033232481064,7.873097168092491,29.936548584046246,-1.9967177973828587,-0.0002838806646496213
2350.875798865896,2.657722891831685,4.165698355776209,2.7674945214875875,3.69249154609079,0.34796843968218993,6.462256199652082,29.23112809982604,-2.0574232125141747,-0.0002959368793643798
1600.2894616182907,1.3424447473514511,4.203277918934306,2.7478915924475995,3.6735024850542084,0.3452289524152105,8.466952458671372,30.233476229335686,-1.9961320773831381,-0.00029045790483042097
1422.704285237611,1.3987285744786229,4.1841416877210635,2.750860912934889,3.640553509303777,0.34883516192976877,10.158115821957605,31.079057910978804,-2.046211439855822,-0.0002976703238595375
2100.44749445051,1.8244267202669926,4.203836857325097,2.7668919422622373,3.6751927887234417,0.3392422570603498,6.537226773178763,29.268613386589383,-2.004006609642129,-0.00027848451412069964
1116.21704241569,1.2138103815331094,4.159790400529737,2.736769999110284,3.6856932012959542,0.35795111863176987,10.293437042916285,31.14671852145814,-1.9908871228878526,-0.00031590223726353967
2358.122950633344,2.287049003812834,4.174316732736367,2.753028753814722,3.6516647947818526,0.34880174905915917,5.938659947851226,28.969329973925614,-2.0078397574551596,-0.00029760349811831826
2057.594883857497,2.044415516288451,4.1859045609766445,2.765094775922177,3.7169756581806537,0.3441525534377683,6.860012865117111,29.430006432558557,-2.0004860878972637,-0.0002883051068755365
2617.667536051656,2.79177456270613,4.171709868611781,2.7715636321430357,3.7136724197757167,0.34439838184642574,5.5872254452074035,28.7936127226037,-1.989359729213933,-0.0002887967636928514
2144.0035914030746,2.1696832707473757,4.17906882055695,2.7634264990188537,3.65027213495869,0.34501717126076503,8.618986349467287,30.309493174733642,-2.0001892087265705,-0.00029003434252153007
1656.612134700198,1.7429600312796125,4.164537896512527,2.7402523335832725,3.643132174023261,0.3558232430780746,7.025207463695704,29.512603731847854,-2.037374611551059,-0.0003116464861561491
2707.2412221769796,2.710637281041066,4.169906966935581,2.7604777191345753,3.6334612411252443,0.3469535881731025,6.43998443011256,29.21999221505628,-2.0161395175097323,-0.000293907176346205
2004.552699891236,1.8161407577694164,4.198296942706686,2.751844619928729,3.6866304685495255,0.3462246830807783,9.290685395432119,30.64534269771606,-2.0477269155972198,-0.00029244936616155655
2780.537814279584,2.746450521626879,4.188556101000062,2.7811102796928093,3.6956404511155068,0.33820395504131506,6.086838250500522,29.04341912525026,-2.0206737736418727,-0.00027640791008263013
2040.4029511469826,1.7486342322592754,4.201319990732223,2.7550605250363844,3.6314356133079833,0.34323411627932165,6.749873538135334,29.374936769067666,-2.0306852285752783,-0.0002864682325586433
3427.6297951514266,3.0275955113567785,4.202488704279529,2.778313474642638,3.654237372624433,0.33583411042267375,6.362863841111302,29.181431920555653,-2.0372682588445685,-0.0002716682208453475
3598.0799488041343,3.0717145322825474,4.203302581485805,2.7841566726848623,3.6600589553221434,0.33275647659711577,6.461303663324981,29.23065183166249,-1.9834221483819805,-0.0002655129531942315
1587.6393807900877,1.6169273858177438,4.167729380758845,2.7446365467968357,3.6465903890229234,0.35327730090690024,7.170198904816984,29.585099452408492,-2.01946139912576,-0.00030655460181380035
1522.5644330406067,1.435641395175371,4.188722897180702,2.7496547624207692,3.6989739267784123,0.34835571160391204,7.202602849958893,29.601301424979447,-2.009623790570521,-0.0002967114232078241
2573.6141880242667,2.298783026152172,4.191778027927893,2.765298642151536,3.664770024563747,0.3411334839849821,5.671000789910027,28.835500394955012,-1.9773974742458957,-0.0002822669679699641
1472.0545545119464,1.555245477386893,4.168762141857157,2.7532319103887497,3.648717822555353,0.35045194261222606,8.624497558627608,30.312248779313805,-2.004803772548924,-0.0003009038852244522
1595.973372963969,1.5291771412209307,4.18578789663515,2.743579839892222,3.6922604671114216,0.3511124921721063,8.100631985666347,30.050315992833173,-2.0235102142382053,-0.0003022249843442126
2436.6519837479254,2.34724298736005,4.185365587549596,2.7626999761801923,3.6616509035372395,0.3442464102682802,7.185806159017162,29.59290307950858,-2.018574516890985,-0.0002884928205365603
1717.7548687869348,1.7301353251821552,4.17201952032945,2.7484815649205303,3.649808587909049,0.35077425512432864,6.628903291403743,29.314451645701872,-1.9797942728544689,-0.00030154851024865714
1542.8916454629718,1.7328801936188618,4.16698775468865,2.750032356962365,3.6878089774015193,0.3533431293007427,8.57317752276951,30.286588761384756,-2.032667134326082,-0.0003066862586014853
2705.5639447590793,2.7187858638420725,4.180655768565141,2.774165483934651,3.7097236175169552,0.3414674192337508,6.068780157339678,29.034390078669837,-1.9813873831000717,-0.0002829348384675016
2219.2694454278976,1.9690152730284256,4.19420638128362,2.7588493676276684,3.622218430313296,0.34280876014089945,7.063856715915659,29.53192835795783,-2.0146795597086777,-0.00028561752028179887
2664.752393017728,2.492762977298162,4.1829790546574275,2.7670580204831534,3.6449500849755743,0.3421717503626741,7.19837330308365,29.599186651541824,-1.9980781179078815,-0.00028434350072534823
1775.5272655599883,1.8218903288862829,4.176280281769325,2.7603346601363246,3.664852645871384,0.34689687967766064,6.462494856570126,29.231247428285062,-2.0079937977685094,-0.0002937937593553211
2822.593854696059,2.954605005961614,4.171122967960073,2.770166214396389,3.693698943935364,0.3446888235755655,5.8374247747389765,28.91871238736949,-2.0030859704224175,-0.000289377647151131
2128.73619115691,2.3067800570963493,4.175107960917151,2.761632551355267,3.693385743201253,0.3481812528715754,6.965134777816749,29.482567388908375,-2.054307736908642,-0.00029636250574315075
1606.7937484698984,1.8067834687268303,4.157778314047736,2.7465237694433964,3.6374229646902263,0.3551550944662689,8.605591894845896,30.302795947422947,-2.028237503332611,-0.0003103101889325378
3313.0616328398587,2.8918591333979626,4.195528921181394,2.774825000855808,3.638560611966409,0.33708588616570884,7.054694240389923,29.52734712019496,-2.0112745956431857,-0.00027417177233141765
1900.597729207048,1.770081199624526,4.189794024731066,2.7460854686505276,3.707193128381245,0.34947746968071697,8.233277595648532,30.116638797824265,-2.0129182055917223,-0.00029895493936143384
2332.284608612797,2.4858846805270582,4.1610471449146464,2.7598398598709397,3.655099150757371,0.34906978406911954,6.432097995574976,29.21604899778749,-1.981378243763564,-0.0002981395681382391
2840.979891497392,2.7748945379232537,4.181856921176682,2.7703292724684196,3.6538593129028354,0.3416999724558039,5.8392731126609965,28.9196365563305,-1.9850057227198552,-0.00028339994491160777
1470.3503202009456,1.5515941500632575,4.16601590823235,2.7475453314721774,3.6244330643684703,0.3526376087133632,7.120566253618221,29.56028312680911,-2.0246138754010836,-0.00030527521742672623
1987.0317388290641,1.862681327608149,4.185775881869404,2.7596122759782986,3.643856528674962,0.3445876651458765,7.780691281931304,29.890345640965652,-2.009989968542011,-0.00028917533029175295
1476.0037320027034,1.5381580996088149,4.163039719513887,2.7352100320571298,3.656712136230442,0.357409230064692,7.423144059246958,29.71157202962348,-2.0079345056449247,-0.0003148184601293839
1449.6793879375525,1.5377919653230638,4.172656785206602,2.7451714242135488,3.658468620031417,0.35378744822423364,9.973596603445188,30.986798301722594,-2.0722502596995653,-0.00030757489644846713
2209.6871125445396,2.4996979006846387,4.1618156511818984,2.768774136333347,3.7183669468344642,0.34751794720037615,5.798493142557909,28.899246571278955,-1.9940853786330919,-0.0002950358944007523
3169.653671515457,3.06001925161546,4.18429214096075,2.773877141738584,3.6428357675226715,0.3403202045167227,5.8038163860910945,28.901908193045546,-2.026584218386837,-0.0002806404090334454
1770.884213247149,1.5447059160002135,4.2005894269889374,2.749623854628697,3.6773216926041306,0.3460638757440729,8.117824813998688,30.058912406999344,-2.0446064722255257,-0.0002921277514881457
3422.347323406884,3.2329185091554224,4.1898583968439125,2.779917645615513,3.6846680392104636,0.3374035911076165,6.3997705345490274,29.199885267274514,-1.9890099892092445,-0.0002748071822152328
2866.1600973858945,2.9124350718350933,4.169430494612172,2.7603562625874782,3.697868953363644,0.3477766541525979,7.627275949820977,29.81363797491049,-1.988055749416263,-0.0002955533083051958
1513.284633680269,1.6370282849413669,4.157156094293614,2.741298951164494,3.6691047926733713,0.3566213797418239,8.438304599426317,30.21915229971316,-2.001029006990432,-0.00031324275948364777
1495.7821577700447,1.3874288153538377,4.193868961098927,2.7583602701253427,3.637953640556519,0.3439900550445662,7.738259236122491,29.869129618061244,-2.022632941904415,-0.0002879801100891322
2304.132100529258,2.118276828990784,4.199331218181405,2.771229988494448,3.702578230737181,0.3392177367626135,8.304532026768157,30.15226601338408,-1.999210489256052,-0.00027843547352522695
1312.5339840484012,1.32367121992193,4.18068279778278,2.7514139517631797,3.629695068714848,0.34917640927699334,9.387492564628426,30.693746282314212,-2.0421545737342015,-0.0002983528185539865
1598.533470118732,1.6302861185967241,4.176413016786593,2.7489562278075406,3.6683437672445227,0.35133186270449074,6.837509466739764,29.41875473336988,-2.0510887513020073,-0.00030266372540898136
2829.4128161561835,2.4447882052926495,4.2092690765868594,2.777763556550449,3.717423861780016,0.3355860067654644,6.125197598538917,29.06259879926946,-2.033282355472367,-0.0002711720135309287
2486.556851714644,2.516420208889411,4.188761640366366,2.7737332642321855,3.690615741640127,0.341513452146449,6.760202207036942,29.38010110351847,-2.0647479727673854,-0.00028302690429289786
1703.1510273116867,1.5449145662086194,4.195371714043016,2.743833627080697,3.695677422320012,0.3493414751839233,7.820435501557865,29.910217750778934,-2.0374276643483054,-0.0002986829503678465
1849.2410220520626,1.8341130185396712,4.173923185335869,2.7511202461348954,3.658460812412297,0.3495082199438532,9.099433835142436,30.549716917571217,-1.9784249660593236,-0.0002990164398877064
1369.663574584573,1.4086648206174075,4.180694582422777,2.748454540691321,3.690458836595102,0.35119084465167755,7.3170568825250015,29.6585284412625,-2.0428885881450967,-0.00030238168930335496
2332.3081604716263,2.163672183667045,4.194494528227716,2.757470733733422,3.6592367923031013,0.3449618681358949,8.380290444974426,30.190145222487214,-2.0630002170284945,-0.0002899237362717897
2150.4153630658557,1.7996170646260876,4.207999819862407,2.758705057389073,3.670505107277154,0.34158778549624846,7.531766493922539,29.76588324696127,-2.0548517758055005,-0.00028317557099249687
1842.0392381475704,1.5976812153869586,4.193480992524574,2.7502104517177277,3.644353252894583,0.3454212892296292,6.990940882732832,29.495470441366415,-1.9697003606118335,-0.00029084257845925834
3278.8610133463644,2.9395555164755267,4.208094508135474,2.7843560671211507,3.7224499173006786,0.33402581117816615,5.449142936739158,28.72457146836958,-2.0370574202667533,-0.0002680516223563323
1846.7197924351008,1.811555339539777,4.188225484365227,2.7604182056838185,3.6643700486467576,0.34483560125602036,6.555895119083139,29.27794755954157,-2.01174828045084,-0.00028967120251204075
2272.675779596579,2.0702537372394687,4.187619855002162,2.7594289915809904,3.6325570207729587,0.3437061620602875,7.699564985456241,29.84978249272812,-1.995760093417311,-0.0002874123241205748
3427.9556218782327,2.896987490545594,4.21404111016497,2.7775066622789053,3.733725522401998,0.3349230003405084,7.5065821073983034,29.75329105369915,-2.0149099162016344,-0.0002698460006810168
2454.9600687428792,2.5186727516042424,4.176048674327945,2.764147801210181,3.6814482413316614,0.346189478527314,6.1184647417838915,29.059232370891944,-2.0376697572766984,-0.000292378957054628
2445.9333733001963,2.056716929474626,4.2051495626784705,2.7669865700867713,3.647594608284181,0.33852084451336967,6.876023267578813,29.438011633789408,-2.019863369182599,-0.0002770416890267392
1652.144036719539,1.5654837071275378,4.191765272254622,2.75702213155694,3.628926028118842,0.3449155271192503,8.770795351323294,30.385397675661647,-2.0296825853047378,-0.0002898310542385005
1503.5144449815875,1.4231757648092445,4.189302018898794,2.756031835112117,3.6861514665630364,0.34567744681342877,6.7057502769628385,29.35287513848142,-1.985204721571338,-0.0002913548936268574
2235.5909389877747,2.2836890806516057,4.186003973028758,2.761982013390137,3.721188462082123,0.3459551271106815,6.964347327447264,29.482173663723632,-2.0247083199763547,-0.00029191025422136286
2386.3797196615983,2.5239252775252683,4.16589360131111,2.766903414883635,3.66777018883825,0.34637099788258385,6.388693285160343,29.19434664258017,-2.0055352245553637,-0.0002927419957651675
2608.32220952872,2.7714499956154306,4.157956426245396,2.756300949191869,3.6358255210893655,0.3507458935603819,6.468944530187756,29.234472265093878,-2.012724275615027,-0.00030149178712076367
2434.80307267284,2.311591293217061,4.191647511542104,2.769059604455704,3.6794914236759784,0.34152067827905025,6.257132247391432,29.128566123695716,-2.037403386879516,-0.00028304135655810047
2656.8988777562413,2.400531111765316,4.186093780192612,2.7665261752505805,3.643006019389431,0.34158221001842487,6.867267325698284,29.433633662849143,-2.006853461163962,-0.00028316442003684973
1610.54785894453,1.545712360596875,4.18562843552466,2.7488124297363834,3.6922917309572814,0.34938391204331554,8.070313652818712,30.035156826409356,-2.026816581400729,-0.00029876782408663104
2939.0886885352047,2.864439186682183,4.186262271543612,2.772675475130582,3.6980138172542403,0.3413691167146867,7.206325324932664,29.60316266246633,-2.029078476323915,-0.0002827382334293734
2830.8594197710363,2.7699958939910867,4.181736559472478,2.760964725857687,3.7057150180154665,0.3460117159678108,6.765832498598845,29.382916249299424,-2.0206160098551234,-0.0002920234319356213
2745.853916120502,2.412109149163566,4.19936964570736,2.7631261970533028,3.6665934326089262,0.3415733302761,6.737477101261273,29.36873855063064,-2.0449780719947594,-0.0002831466605522
3087.5331300729995,2.9708338019875047,4.19155083732856,2.7826248049898417,3.65919439940446,0.33684073863273234,5.919724652770197,28.9598623263851,-2.043503286010056,-0.00027368147726546463
1319.5325673656416,1.2336552326796306,4.196994790306207,2.7535723348551424,3.6676460635595203,0.345956458991471,8.997391500258395,30.498695750129198,-2.0443131674823865,-0.00029191291798294185
1776.0632759758246,1.7683428734476703,4.186653086638532,2.759061538155573,3.6994745101717745,0.34643441396771096,6.678818402549858,29.33940920127493,-2.040115509418757,-0.0002928688279354218
2677.908654428089,2.5431720792153882,4.184429293826319,2.76510456376131,3.6880466828247096,0.3435145501845203,7.830920889686307,29.915460444843152,-2.009019482453771,-0.0002870291003690405
2023.618432472279,1.7682750498098443,4.204494513504814,2.7530473293581648,3.6960683703324166,0.3446559999736365,7.391758901480333,29.695879450740165,-2.04303920431738,-0.000289311999947273
1350.2558861958312,1.3928777776247767,4.175524033214596,2.744857198612729,3.6957032408938675,0.35287410543273184,7.410743056309772,29.705371528154885,-2.016204122720774,-0.0003057482108654636
2015.632619221929,2.2877682429310897,4.16246455813262,2.765482058836249,3.68724177383239,0.3485199954076461,7.8306801089078295,29.915340054453914,-2.0162306026813677,-0.00029703999081529225
2685.2967782979676,2.2361528781404707,4.200293718968467,2.7653997739805423,3.630266883005871,0.33909565684311765,6.440950828859032,29.220475414429515,-2.0134328865434403,-0.00027819131368623536
2243.8952994399715,1.9711997221900497,4.200996340558777,2.763176413242517,3.6769413280183065,0.3411223647854404,7.90686462036243,29.953432310181213,-2.014434677059883,-0.0002822447295708808
2336.02035191446,2.121969422659639,4.194818838200072,2.7737557685609158,3.6615193100322,0.3381435836234948,6.686450305019205,29.343225152509604,-1.985187621583994,-0.00027628716724698954
2961.3757562717547,2.6530979053159505,4.198125627419645,2.7654901707941835,3.697593242838853,0.3411580030478692,6.899926645445047,29.449963322722525,-2.017078897663903,-0.0002823160060957383
2283.336359202973,1.9058471989875612,4.199126702360634,2.7606229278739574,3.63373750005672,0.3409016248841622,8.010658639459159,30.00532931972958,-2.004676348700838,-0.00028180324976832436
2754.537497442087,2.9784197054219823,4.160109327693921,2.760531524928041,3.6464186235705136,0.34964423937689043,5.994859026175582,28.99742951308779,-2.0304156787520418,-0.0002992884787537808
1505.5526333558182,1.4693410685605606,4.181202957655597,2.7410025339193993,3.6614381921447228,0.35257771917878755,8.672020534965908,30.336010267482955,-2.032563067287986,-0.000305155438357575
2717.625983382534,2.838338790976428,4.1764117634036975,2.776946429562776,3.6723661197936646,0.3415227928137771,5.583888439247895,28.791944219623947,-2.014461939526593,-0.00028304558562755426
2606.394898879476,2.8264399205411026,4.16317051759437,2.7747438448625505,3.6447296652636103,0.34391487527651154,6.353742780220601,29.1768713901103,-2.0115945084764686,-0.0002878297505530231
2270.0295376372896,2.285959116442001,4.170310852321595,2.7570803605282745,3.6565636774982897,0.348826093644708,6.52665244128293,29.263326220641463,-2.035674066040176,-0.0002976521872894159
2936.76633755767,3.0425429948998812,4.172599537260585,2.7628312179424714,3.6936343558029856,0.34749792290261244,5.669576827652375,28.83478841382619,-2.0484396503384628,-0.0002949958458052248
1585.9122759072056,1.673701966812032,4.1580233286035275,2.737574043672035,3.661070719639299,0.3569619224587138,7.480521093805509,29.740260546902753,-1.9695895534727785,-0.0003139238449174275
1523.5629859094547,1.5014998120204026,4.170468576090995,2.738596050349795,3.6449627186548397,0.35398458358456264,10.349237263527053,31.174618631763526,-1.9747224177283178,-0.0003079691671691252
1662.2738407494571,1.5539697330094064,4.190677610596975,2.760112179693328,3.660393481780855,0.34380008892453146,6.942989181917032,29.471494590958518,-1.994819292632748,-0.0002876001778490628
1587.0526378795555,1.8010443126593134,4.1675095863444565,2.7544709249374324,3.6944469054490128,0.352098337111702,9.058605441113944,30.52930272055697,-2.044547959649152,-0.00030419667422340406
1836.7155456092294,1.9710638714723638,4.162573371472469,2.7556610745395753,3.634324157831421,0.3504845044119586,6.113056612275017,29.05652830613751,-2.0136969611186224,-0.0003009690088239172
2051.4116443398934,2.2308836755407344,4.155877878890418,2.749528722791012,3.669487781087338,0.3540885416548184,7.599617798852184,29.799808899426093,-2.005425383950179,-0.00030817708330963683
1828.1292433124052,1.8863716897906524,4.167477678727555,2.7519373410418595,3.6809410622247882,0.3508962558275835,8.787625721085856,30.39381286054293,-1.9849616305016409,-0.00030179251165516697
2064.708056239116,1.745473990851463,4.199244250291779,2.7615891188278767,3.6235322706502946,0.34064043878790445,6.108432379607717,29.05421618980386,-2.014581262204656,-0.00028128087757580886
1432.6444696227375,1.4830799028612343,4.171648598955222,2.745153833835468,3.659579278000651,0.35299180347897474,6.8709232146936605,29.43546160734683,-2.0233882767516294,-0.00030598360695794946
2170.7119688567127,2.3032762832205758,4.165150078549072,2.749403699198453,3.7033096230421263,0.3529926483211359,6.562351700286781,29.28117585014339,-2.0063643420736934,-0.0003059852966422717
2893.961629692972,2.6431380173408763,4.195183461016189,2.7687489978318944,3.6777420971237276,0.34102105757977047,5.7157753768047295,28.857887688402364,-2.065885926943301,-0.0002820421151595409
2808.3742343773492,2.8050781236521587,4.1737152414443575,2.7664982185564364,3.645612231624554,0.3442981698658276,6.098478904031614,29.049239452015808,-1.99278938515993,-0.00028859633973165515
2932.984981085594,2.722758975097046,4.1886982374783335,2.7710933391284542,3.661214184076567,0.34043722291649336,6.5629798181697865,29.281489909084893,-2.0165844585228214,-0.0002808744458329867
2049.72695081979,2.189857345611509,4.158306464706451,2.7543245332208524,3.678582850123049,0.3515060814451954,6.8423357034188035,29.421167851709402,-1.9700020903057882,-0.00030301216289039076
2694.422155093906,2.63329737661488,4.186694433142003,2.7737590884835064,3.6855062622838624,0.3409018095584763,6.451423330010569,29.225711665005285,-2.0337119733443867,-0.0002818036191169526
2169.2669687719304,2.199876780938613,4.166555790918851,2.752054154585589,3.6279270292371293,0.3505198394561972,6.04600704480862,29.02300352240431,-2.024661970130969,-0.00030103967891239436
2596.769431964329,2.7683240461704295,4.16937059367507,2.765746206088192,3.7180006057453623,0.3468886207270299,6.170366016553322,29.085183008276662,-1.9968376773502594,-0.0002937772414540597
2781.006072546404,2.6529189011121663,4.1874313658192746,2.7657984263390065,3.697428334519378,0.3431956878945945,6.950188689452104,29.475094344726052,-2.019832150141675,-0.00028639137578918887
3149.042282854438,3.2367824805126038,4.181401853444785,2.7750689847784655,3.6930189740360984,0.3418638204371015,6.114371370292436,29.05718568514622,-2.037122374887398,-0.000283727640874203
1351.0057665406443,1.4664561594249537,4.167290479936606,2.751180228083989,3.656680043069866,0.351578534243864,7.899557362814534,29.949778681407267,-1.9906584766366138,-0.00030315706848772794
1808.08713749559,1.864342709884827,4.175306551103712,2.753316736910025,3.6529076761073282,0.3496782423095098,8.828029596756515,30.414014798378258,-2.031870031281705,-0.00029935648461901947
1701.3819921379275,1.6166472582355553,4.19797392872994,2.7594703654829305,3.7062667889953715,0.34416226829938545,7.6174322091712785,29.80871610458564,-2.0206244487891056,-0.0002883245365987708
2669.6307646119876,2.360924701213436,4.210151762733729,2.7787660253734043,3.6861896546034028,0.33541676706903106,6.657165036944509,29.328582518472253,-2.0592366543330174,-0.000270833534138062
2818.45011862492,2.3849467727641236,4.206137319756091,2.7707624629486176,3.651646956821313,0.33736622805357813,7.714882001710334,29.857441000855168,-2.0309164122767496,-0.00027473245610715625
2604.2371011838018,2.7806233269868286,4.177901275889141,2.7713542211803146,3.721839600396946,0.34432120393968657,5.6192192263411584,28.80960961317058,-2.030439036811693,-0.000288642407879373
3568.629995079695,3.328656824936372,4.188279998705889,2.779340360108947,3.654191720633167,0.3372505107387348,6.4830928331788895,29.241546416589443,-1.988282865115953,-0.0002745010214774695
2612.1717824145658,2.8966946072733966,4.164824585848422,2.7648728168602252,3.709324887472918,0.3487904669549698,6.807877508185018,29.403938754092508,-2.043651895304283,-0.0002975809339099395
2246.4902688626603,2.4117103932573523,4.164571143940177,2.7515776309614632,3.684438894570994,0.35281809197203545,6.674456931648924,29.337228465824463,-2.0502223881175468,-0.00030563618394407083
3070.543029220455,2.8455928845144696,4.19935228370484,2.778993423608223,3.691043360717834,0.33709665053539933,6.047169747518722,29.02358487375936,-2.046775665970816,-0.0002741933010707987
2422.351274521378,2.6051138770128306,4.16288340450138,2.764013835167869,3.653353359935693,0.3478364217849135,7.765187518535275,29.88259375926764,-2.0100824827583117,-0.00029567284356982697
2533.5698986208627,2.4596235863531626,4.176404287476074,2.7529701267409408,3.6753393763508853,0.3487981049685614,7.792455196334124,29.896227598167062,-2.0049948775725674,-0.0002975962099371226
2939.030575727768,3.0464958676201683,4.180163453163911,2.77368856358376,3.694819596777341,0.34273558773323,6.291063112390386,29.145531556195195,-2.045742636720149,-0.0002854711754664599
1850.8542551777339,1.8256043031792153,4.183513159137665,2.7555162753190583,3.707704752571495,0.3478569235985492,6.704873939757184,29.352436969878593,-2.024347741849655,-0.00029571384719709836
2217.6208062076703,2.1202244872088665,4.192547557480905,2.763085827627379,3.7134493511190456,0.34387115011120273,7.636256509528915,29.818128254764456,-2.0309675294751157,-0.0002877423002224053
1957.003866204973,2.0641645954620267,4.168225160827804,2.7585509688020258,3.6735668913835626,0.34852999077158214,6.565486353681096,29.282743176840548,-1.9723041164516226,-0.00029705998154316425
1682.8576058800952,1.6183421614193396,4.179347997650011,2.7476864171172153,3.6512046589053053,0.3497751480568782,6.760560231533829,29.380280115766915,-1.9980279272733086,-0.0002995502961137562
2567.8068355703067,2.585723204723267,4.175849604277701,2.7667284381265955,3.6619026680154714,0.34434323628976343,5.5025508346075505,28.751275417303773,-1.997156252932784,-0.0002886864725795268
1988.7167706476341,2.10711070191022,4.166475149353625,2.7579254730374556,3.648995432707305,0.34968128260295167,6.0650717309130675,29.032535865456534,-2.043715088133447,-0.00029936256520590325
2612.6261617787477,2.5005565898080544,4.1870077438351245,2.774959331250248,3.7001022551232796,0.33970394651205893,7.449941795778288,29.724970897889143,-1.9826218553362498,-0.0002794078930241178
2028.552918833042,1.7942735092174025,4.193479879164501,2.7519087777924045,3.6316956085931604,0.3457650549998457,8.405330586271026,30.202665293135514,-2.0417918090961646,-0.00029153010999969145
2676.548512938695,2.354163017422124,4.205920705711804,2.7650708703989393,3.6833251434501006,0.34047898995611336,5.877736652495052,28.938868326247526,-2.057436649035027,-0.0002809579799122267
1972.6422314310548,1.7655736238950517,4.198177634988998,2.758506891185198,3.6819843496287854,0.34336436532654985,8.686983715098185,30.343491857549093,-2.0158852382559,-0.0002867287306530996
1150.0303849631725,1.2293752502501305,4.163422755404046,2.7382270457031934,3.6498942452948957,0.35680047370648194,9.791007554302574,30.895503777151287,-2.0260309941454357,-0.0003136009474129638
1763.6308564051956,1.7246662027325252,4.189076964232245,2.7585260527594193,3.693339813918832,0.34549977486632594,8.852476378148015,30.426238189074006,-1.999211501110938,-0.00029099954973265166
1711.7183126925233,1.5565011211925843,4.206002753431262,2.762871503806345,3.684597319531091,0.3415865467440133,9.211134589262349,30.605567294631175,-2.0508224622901223,-0.0002831730934880265
2449.657522040408,2.4354758733560615,4.178578838872414,2.769950304066141,3.674115593334154,0.3425263441302561,5.9318598731641705,28.965929936582086,-1.9705464595566422,-0.0002850526882605122
2673.9796984742443,2.8598256006576492,4.17688485395121,2.7688854238491065,3.7205413063512434,0.3451890920103993,5.689990626183704,28.84499531309185,-2.0208349562223695,-0.00029037818402079864
1847.466412280302,1.8504808653305074,4.171786177211306,2.7528370143882235,3.635849563167371,0.34920026066356324,8.462423357066076,30.231211678533036,-1.993036713575668,-0.0002984005213271264
1825.3692556568358,1.9495121062421885,4.166967096779639,2.7605373487485854,3.639559594151162,0.3482157161275868,6.017825776411535,29.008912888205767,-2.0120940755278074,-0.0002964314322551735
2100.2828804990245,1.9340743722458913,4.187796630571286,2.754624708085628,3.6625152863374377,0.3458950324188376,6.849301593382649,29.424650796691324,-1.997566237691306,-0.0002917900648376751
2999.4570176349707,2.6208403021846314,4.1975861750286745,2.773616479656576,3.684883216046513,0.33740679799081486,5.534712942747404,28.767356471373702,-1.9680132414614508,-0.0002748135959816297
1954.9064679530393,1.685561301593001,4.206121340632142,2.7613717339968478,3.651304307630299,0.3406882593222644,8.148514496004843,30.07425724800242,-2.0160948385491153,-0.00028137651864452865
2052.0341715126933,2.102787720300736,4.165506851161194,2.7553050088327096,3.6687598031815662,0.34977038085728723,7.232494712403742,29.61624735620187,-1.9846315812681978,-0.00029954076171457433
1819.348734748067,1.7881729992223163,4.176178953379975,2.7529600464794006,3.65708825464939,0.348329267655256,9.489226120892383,30.74461306044619,-1.968439313485865,-0.000296658535310512
2607.412951350288,2.7903318007384357,4.16425457471702,2.7585356129653027,3.710334366046513,0.3505670615636337,6.233597612820574,29.116798806410287,-2.037786169178778,-0.00030113412312726733
2867.206940456284,2.477278380395185,4.207783549353431,2.773148145097553,3.6664081593929443,0.33700305577847733,7.005518605161216,29.502759302580607,-2.048887145750477,-0.0002740061115569547
2693.621111763834,2.394186546290263,4.202792405704378,2.767658996609663,3.7116654766923847,0.3397710702221915,6.765506459036389,29.382753229518194,-2.0028853234306006,-0.00027954214044438293
3285.9741745606325,3.0594300202157485,4.196617620094388,2.7796158762590304,3.694184484647826,0.3370384637010921,6.869338501944922,29.434669250972462,-2.0248940900809624,-0.00027407692740218407
1801.2821564241617,1.630531024931198,4.183509758199468,2.749628608945891,3.617512832426411,0.347385350193122,7.1980251159684485,29.599012557984224,-2.0114088909251353,-0.0002947707003862439
2827.4309684329555,2.759607662734158,4.188820646018232,2.777913936794679,3.6846114634461817,0.3391514180896912,5.450175708384563,28.72508785419228,-2.031704554782869,-0.00027830283617938227
1822.0058732356729,1.5398369418027893,4.198188059203215,2.752610679114115,3.6363047902942496,0.3439270987050988,8.908527879682744,30.454263939841372,-1.99792053857867,-0.0002878541974101975
3491.366462190805,2.971448153241847,4.203350816323999,2.781720937706436,3.6509671164831095,0.33358404515294965,5.242997966973452,28.621498983486727,-1.9979157267745624,-0.0002671680903058991
2155.9233945926317,2.0623646354635743,4.1788819264769215,2.7600262478441895,3.64467294375865,0.3454551448643584,8.149516807183108,30.074758403591552,-2.001550857969651,-0.0002909102897287168
2607.4122966874565,2.804907242314661,4.1593847695223145,2.755290657366153,3.717220766328771,0.35205974197326223,7.584319028186718,29.79215951409336,-2.003498366458243,-0.00030411948394652434
2209.2159196761445,1.9202432574971156,4.202658462126045,2.765381327384053,3.675323937648974,0.3398289756905432,8.556054510911148,30.278027255455573,-1.9974295515415765,-0.00027965795138108643
3195.333836643378,2.780764561857133,4.197622634560125,2.771371232157465,3.6759375437599004,0.3381211828678057,5.79549130517242,28.89774565258621,-1.9757837219983594,-0.0002762423657356114
1996.7194680174687,1.7478326323323017,4.198573923070555,2.753970476954765,3.7022429360366442,0.34461268200005873,6.889431047195543,29.444715523597772,-1.9994074677723903,-0.0002892253640001174
2362.3956870317006,2.0715638857920573,4.195364653089954,2.7605644978097676,3.6710661242758413,0.34229817997604506,7.121016806920916,29.560508403460457,-1.989798519820595,-0.00028459635995209
1351.3606436677899,1.4204103515327788,4.178215771198684,2.7473584188162397,3.7081269115521893,0.35220476514172383,9.28902236036536,30.64451118018268,-2.025120600530834,-0.0003044095302834476
1262.2739929180352,1.3912806695790958,4.161657792713588,2.739680794111519,3.662299652376011,0.3573667347630691,10.252887803085928,31.126443901542963,-2.048904998582345,-0.0003147334695261382
1841.018465118103,1.6715511229549438,4.193248529895951,2.755721911303634,3.64290427939435,0.3446246316470882,7.724266457576049,29.862133228788025,-2.010689762511845,-0.0002892492632941764
2619.029296654597,2.606570749191939,4.1785050746144625,2.767032853672649,3.653332661876834,0.34378470887821083,7.409308772439227,29.704654386219612,-2.0084772079518154,-0.0002875694177564216
1281.6669147877114,1.375668476802358,4.167384345677964,2.7447356482190264,3.675406202433954,0.3543336946011108,8.4521935113092,30.226096755654602,-2.0241840926735963,-0.00030866738920222155
1322.6596825526717,1.3822645783145069,4.174718268387038,2.753227809949309,3.6862981909240795,0.3497117606566551,6.570377361132696,29.28518868056635,-1.9856784514986479,-0.00029942352131331006
2165.29078003294,1.8468073541038779,4.2032694708694915,2.7557828153597757,3.680603365694093,0.34308893465264767,7.371631306629208,29.685815653314606,-2.019882953530674,-0.00028617786930529516
1400.1194726906424,1.3454034390099168,4.1740271256505475,2.7411149251152187,3.626930576877063,0.35224933935302327,8.150321661406357,30.07516083070318,-1.9868117755630823,-0.0003044986787060465
2427.975879805189,2.129774864567625,4.20548864707181,2.7685871632406984,3.660849439370193,0.33912303229030144,7.894940462497271,29.947470231248637,-2.0623815475014644,-0.00027824606458060275
1597.4139716034467,1.7596461676886712,4.16185652128784,2.7559842837443735,3.6434016114152916,0.3509985419465929,7.7606669570345606,29.88033347851728,-2.0172119920113447,-0.0003019970838931857
2805.710458165033,2.40287737920293,4.1994351966786345,2.763558495502032,3.683867250747924,0.34047199758087476,7.421459520202765,29.710729760101383,-1.97781697332806,-0.00028094399516174947
1533.7906747183379,1.5263297742471638,4.18221361664553,2.7506629518753947,3.6879440836996618,0.3494155735942848,7.352415361464919,29.67620768073246,-2.013393019637054,-0.0002988311471885695
2303.0987350172136,2.131615201494444,4.193941924918966,2.766480445846227,3.657339692977607,0.3410139717933299,8.591328696563066,30.295664348281534,-1.9913331910230865,-0.00028202794358665967
2240.88615261428,2.117561724953843,4.181573693325669,2.7599783553828856,3.6267571591842933,0.3447456812232287,5.855941903080064,28.927970951540033,-2.011662744758582,-0.0002894913624464574
2543.7578884365435,2.554305117897672,4.181517625954146,2.772299426212258,3.6566091640005256,0.34201198101621455,5.739651166819473,28.869825583409735,-2.0309951426139934,-0.00028402396203242904
2684.268049716843,2.661606447612475,4.182778230847534,2.7679391931012662,3.7170179923114075,0.3435462507328635,7.489405668059355,29.744702834029678,-2.0018221127312223,-0.0002870925014657267
2176.281200397477,2.4319355230841766,4.167607420162009,2.762659481922725,3.7221740491360147,0.3488668318828349,7.254806589973563,29.62740329498678,-1.9998091980332888,-0.0002977336637656697
1539.2668824169307,1.6552970229764064,4.169404235594922,2.757970500206884,3.6595843498080547,0.3490620457674889,7.07223216176479,29.536116080882394,-2.0043656218716306,-0.00029812409153497766
1786.5643910200654,1.8596947087399913,4.175294555117584,2.7597389180480776,3.661794741511266,0.34739987294090197,7.469232302547339,29.73461615127367,-2.0106866058092807,-0.00029479974588180374
1843.7192416652356,1.540521909659382,4.205357222341305,2.751964987323301,3.6500637925612467,0.3435529213662362,10.310322400317391,31.155161200158695,-2.015808331637575,-0.0002871058427324724
1809.8401275405145,1.6894920563202829,4.196186814817072,2.7601465061093533,3.684297423777745,0.3436908612093586,8.44157099758125,30.220785498790626,-2.0231807476999077,-0.0002873817224187172
1338.6257795201852,1.4802634840946525,4.162369768727667,2.744000287870232,3.663367040629021,0.3552554042574578,10.749612568839126,31.374806284419563,-2.0075803572345814,-0.00031051080851491545
2404.6442819069252,2.2465385088016205,4.198532194365264,2.7697240146802744,3.7185121185350547,0.3405401690151912,6.34029438106549,29.170147190532745,-2.0242800370448286,-0.00028108033803038224
2057.546604788806,1.8812451772619885,4.193317890861025,2.7626063982439066,3.661348177217833,0.34228622007652987,6.3383635286819215,29.169181764340962,-1.9891177988807807,-0.00028457244015305964
1453.940441230252,1.2685888181900649,4.203508161332878,2.7559038717918467,3.6852568630473312,0.3430905303423582,6.518807732132076,29.259403866066037,-1.9938158900915104,-0.0002861810606847164
1677.8226672053274,1.794149069560461,4.161896127229511,2.7451220870188315,3.639405686980541,0.354798362663897,6.986899867776083,29.49344993388804,-2.0494255881535404,-0.000309596725327794
1835.6845779141713,1.8393858483326158,4.179953984718121,2.7589134184126793,3.699920950243572,0.34680438064833424,7.40090432128966,29.70045216064483,-1.9914753186260696,-0.00029360876129666834
1803.0269076879165,1.9572042281552509,4.166010822204719,2.7510048434909056,3.707091473343093,0.35299081322118614,7.811147600379488,29.905573800189742,-2.0311893849404403,-0.0003059816264423722
2183.9792352691843,2.0896166936540648,4.1964593874884235,2.766515046308203,3.7006385982637253,0.342047145766227,8.16003306819076,30.08001653409538,-2.031390065956867,-0.0002840942915324541
1612.555567129592,1.7564844105866713,4.158532819365294,2.7399997073195346,3.63723754070519,0.3571167915382785,6.876448425212316,29.43822421260616,-2.0408158413156294,-0.000314233583076557
1807.067867970976,1.5439855851770388,4.203750550300107,2.7647489157303755,3.6331074766646636,0.3392292029112031,8.069497057052585,30.034748528526293,-1.9970256431281748,-0.0002784584058224061
2102.713643423045,2.2837257278159346,4.163170108117027,2.752177083538554,3.6807220820573123,0.3531277725389436,8.114876815094703,30.05743840754735,-2.0666425681590304,-0.0003062555450778872
1820.501959221113,1.5707348220461945,4.2011062762306475,2.759874500374658,3.6471107289055906,0.3414996901724693,8.579974083315303,30.289987041657653,-1.9959555786869052,-0.00028299938034493847
1572.781479267357,1.3288872062152965,4.201164183667879,2.746804129929215,3.680846845013096,0.3458499955971582,7.190586348875811,29.595293174437906,-1.9817161193433643,-0.0002916999911943164
2198.6176689109284,2.2551882789920663,4.165482019565544,2.755521572848401,3.6422271556355397,0.3499197254736274,7.488275429733195,29.744137714866596,-2.0278020642351584,-0.00029983945094725473
1979.778550475578,2.0680912311289243,4.1760546627383555,2.753488934949158,3.7197816842220206,0.35038867435602195,6.129069208899649,29.064534604449825,-2.017822979476748,-0.0003007773487120439
1941.4558807768994,1.885793832459718,4.171610516242564,2.745551216526071,3.6358668802123333,0.35126469844657027,8.719017427700617,30.35950871385031,-1.9855269203910324,-0.00030252939689314053
1579.268925274378,1.6823877357392474,4.167221113105051,2.749734540436978,3.6621280988781244,0.35175842481022096,8.686914471121112,30.343457235560557,-1.977424354663382,-0.00030351684962044186
1278.3751579395773,1.3032465563269575,4.183185914138077,2.75014557975971,3.6997150445283506,0.3502087987084675,9.809899288232707,30.904949644116353,-2.035846993140231,-0.0003004175974169349
1892.6060322076721,1.6824198545477054,4.196561645390464,2.749791852405193,3.6709227990837356,0.3462961510447554,7.306969331807692,29.653484665903846,-2.011981321035271,-0.00029259230208951084
3313.9883276909054,3.256712654472477,4.192397129349443,2.7793022927433704,3.7165560521963807,0.3387161103020449,5.995558358987721,28.99777917949386,-2.0366615189197135,-0.0002774322206040897
1774.9491850463344,1.9329657783153205,4.171574903279181,2.7595567870647497,3.706718016537398,0.3489784758194265,8.353933060833857,30.176966530416927,-2.0080281576680847,-0.00029795695163885283
2941.4029438684456,2.6764534673976663,4.1961806323894795,2.777487007325752,3.6565742942111297,0.33724792019012756,6.9410063528401835,29.47050317642009,-2.0361211242704598,-0.000274495840380255
2952.592788350426,2.8790428036394156,4.184293331741159,2.773118525408792,3.6728795491512782,0.3410218312177388,5.880364693319114,28.940182346659558,-2.0148600679451962,-0.0002820436624354775
1882.0316701062086,1.7400962472658745,4.194581972040757,2.755427380044524,3.699740654958027,0.3451747281916872,8.114975532302674,30.057487766151336,-1.9903842884709058,-0.00029034945638337436
3384.0107012104154,3.1960071646200094,4.197569671207089,2.780936459566347,3.737267418024817,0.3370309696715881,6.577668247811369,29.288834123905684,-2.0110211817459898,-0.00027406193934317603
1613.4711579443767,1.7379902051960863,4.165227112518652,2.7449796215806144,3.6720193022561234,0.3544028395488194,9.724784250378006,30.862392125189004,-2.0136141782211276,-0.0003088056790976388
2527.751884798442,2.143124997180877,4.205954729945987,2.7702265292584296,3.680565291103723,0.3373964457325026,5.809690482045133,28.904845241022567,-1.986180130563863,-0.00027479289146500505
2023.6211257790585,2.289440004599661,4.1667688112801775,2.7589790827036293,3.7192873094792587,0.3505981815114032,7.518262013466692,29.759131006733345,-2.0171413294533385,-0.0003011963630228064
1374.8820623097254,1.3750652950114082,4.1703316423548005,2.7397676646564606,3.6165755844827503,0.3540157951539956,8.462349354641532,30.231174677320766,-2.0268287961840414,-0.0003080315903079912
1326.773818994064,1.3549403362171164,4.175777311540733,2.7478834074732617,3.664174114618604,0.3510993828596745,9.184922408929651,30.592461204464826,-2.0012057760912088,-0.000302198765719349
2251.3581417171013,2.0422181496089644,4.198855498322998,2.7660768709559522,3.663117311396545,0.34053055265617704,8.508289358995702,30.254144679497852,-2.0038276727400417,-0.0002810611053123541
2583.0565008763224,2.414428414638382,4.201544556824136,2.7759032102184995,3.686230617063097,0.3380825244406736,6.960644060125772,29.480322030062887,-2.057874066348063,-0.00027616504888134714
1960.6390529251069,2.169824430409839,4.155972354091827,2.7589214139347273,3.651559167513036,0.3504924697573701,8.063613779204479,30.03180688960224,-1.9830061469393605,-0.00030098493951474006
1735.143545922198,1.6688859082670646,4.179033551321898,2.749644107075621,3.6244595505474173,0.34901097765570543,7.550626696935075,29.775313348467538,-2.0191886540237327,-0.0002980219553114108
2536.9352002400005,2.463073142223258,4.1862212189566534,2.768395922579724,3.6469265699736275,0.34225684429880987,6.432292985777205,29.2161464928886,-2.033652254332103,-0.0002845136885976196
2100.7932603420536,1.7879632458558148,4.212045173387863,2.7639184522067053,3.6487083911314433,0.3394216299143068,6.416039129833179,29.20801956491659,-2.0576778016413004,-0.00027884325982861357
2579.7514829851134,2.7321468024599707,4.173417497331438,2.766864913905371,3.6751876930513525,0.3461881843235451,6.53755867707018,29.26877933853509,-2.0582693992984136,-0.00029237636864709024
1398.2685965768221,1.4967942298623425,4.161609923274786,2.7383555239688975,3.6743955517853006,0.35689416159033116,7.44695499101418,29.72347749550709,-1.996129375907024,-0.00031378832318066215
1564.641210208429,1.390852437719971,4.199380538992306,2.7519755546962434,3.6840152856680786,0.34542668309635194,7.219242398568951,29.609621199284476,-2.018390450257808,-0.0002908533661927039
2685.30246151431,2.467001368936007,4.192000845796707,2.775098412792052,3.6706535592308405,0.33852619329767913,6.726177203722632,29.363088601861318,-2.007566344404277,-0.0002770523865953582
1834.3348195892593,2.047571345167251,4.157466731603431,2.7536949977483776,3.647295331847542,0.3523082363114934,7.243143986577495,29.621571993288747,-1.9950162196175822,-0.00030461647262298677
2093.4427046479414,2.32573780501282,4.171438539688045,2.768915906566689,3.7184828569608395,0.3464986953886944,5.67238847652931,28.836194238264653,-2.0345729944182627,-0.00029299739077738867
1325.1505477781636,1.3869877370783137,4.168649798389663,2.7446209195489084,3.6267795908144373,0.35331383074362427,10.567608659082786,31.283804329541393,-2.0271791850378005,-0.00030662766148724846
2246.4881570694383,2.488621117680654,4.165601303459762,2.761650226805377,3.723983481709948,0.34951934811440405,7.827797011114806,29.913898505557402,-2.0066171054145525,-0.00029903869622880796
1482.0126754857,1.3353621846718065,4.196074742887138,2.7519330172428544,3.687176463601907,0.3457087650702098,8.754164123160683,30.377082061580342,-1.9897674005341452,-0.0002914175301404195
2730.067652572431,2.4312465727471633,4.203472521223433,2.77621682044819,3.685341404303844,0.3364937286841784,5.501927233225393,28.750963616612697,-2.0031915871477666,-0.0002729874573683567
2422.0912308528345,2.5594230992555946,4.172912746761005,2.768245960341941,3.663627831209726,0.34537377583664514,6.585330581753285,29.29266529087664,-2.04075757570167,-0.00029074755167329017
2541.525954419844,2.586834042181093,4.18086085491908,2.7749448985444802,3.6710041463909877,0.34134187164394486,6.052041644599626,29.026020822299813,-2.016407018711703,-0.00028268374328788967
1402.7575159500939,1.2325984699173151,4.194018985480335,2.7435558699488367,3.660368890419737,0.34817872647257997,9.804493852897348,30.902246926448676,-1.9870844557008192,-0.00029635745294515975
2558.9319080180016,2.280247997831636,4.190650982953755,2.756860319574957,3.670465851960068,0.3441920624361889,8.735010074630924,30.36750503731546,-1.9780652011793998,-0.0002883841248723776
2416.6217175308025,2.066173358615092,4.21085072291895,2.7696725950604026,3.6869400437204525,0.338000618420736,7.913455343695541,29.95672767184777,-2.057315988878455,-0.00027600123684147195
2651.228966802427,2.6271150916030885,4.191834920746298,2.777365807610725,3.69101804122429,0.33966274378402983,7.161898909690134,29.58094945484507,-2.0676916852979392,-0.0002793254875680595
1824.3489179696853,2.058658661023435,4.163880308805198,2.760530869514731,3.653886416921983,0.3500647278812967,5.8341478031000715,28.917073901550037,-2.053091033923316,-0.0003001294557625934
1517.004662634979,1.3096474163112872,4.204233836580986,2.763011007256201,3.6631650674935723,0.3399942433859306,8.374323086328234,30.187161543164116,-1.973488239853697,-0.00027998848677186116
3115.3693548841425,2.707502403294411,4.2027913323545505,2.7768446611957684,3.6582541522976926,0.33559004734527836,5.854674732474749,28.927337366237374,-1.987196152485141,-0.0002711800946905567
1742.9580282808702,1.7205684030949282,4.186750511381929,2.7508815050113617,3.6754546165918147,0.34912212303096674,9.382200818248107,30.691100409124054,-2.0604792359839825,-0.00029824424606193344
2342.8871040513322,2.463153477972863,4.174713701261336,2.75966791211741,3.7196807980882824,0.3483384419186666,6.684431876257837,29.34221593812892,-2.0093686559024317,-0.0002966768838373331
2425.6946759732778,2.5637514988735015,4.168114983665078,2.7597021254699015,3.6878714871761145,0.34902034524801606,7.9351477172522715,29.967573858626135,-2.0232897394989067,-0.00029804069049603206
2110.033553072072,2.0338657659016146,4.1926386157695195,2.768681584467968,3.6889551258542577,0.34184860689207325,7.1956640199486035,29.5978320099743,-2.0403071439495672,-0.0002836972137841464
1800.1459259027347,1.5751898019618833,4.211298877179453,2.7630914361059027,3.6915800358025948,0.3403467910622409,6.718771624207487,29.359385812103742,-2.0382867616267113,-0.0002806935821244818
2678.3747250663905,2.6276635232085255,4.1788405223014395,2.764508337830059,3.6386047480553616,0.34430145925517197,6.142602379041261,29.071301189520632,-2.016997194670235,-0.00028860291851034395
1770.825252219631,1.848643297114075,4.170031200447359,2.7464785149716127,3.655167252322416,0.35337557450011714,8.467680089243652,30.233840044621825,-2.0663826761582076,-0.00030675114900023415
1491.6308181599873,1.5326002004796466,4.169165807269967,2.743886925968394,3.660947419119872,0.3533138764415196,8.679588589592408,30.339794294796203,-1.9957429883276043,-0.00030662775288303913
3489.9494585755874,3.1501854349538037,4.197872931423825,2.7855124525936383,3.658835217061913,0.33388997275148374,7.003570757321655,29.501785378660827,-2.0099470860222746,-0.0002677799455029674
1267.3321915572376,1.3610600498190624,4.16188706652724,2.741241617557431,3.639066323914548,0.3555280851700239,9.701374384340369,30.850687192170184,-1.9996325748805501,-0.00031105617034004766
2711.566818179081,2.58550655465926,4.1914719071585615,2.7737313875345326,3.7086962133571686,0.3396672788255825,7.569815673278878,29.78490783663944,-1.9861406754821478,-0.0002793345576511649
1848.0431641523714,1.7550327783633664,4.186848343817674,2.7568397122826265,3.651775864863604,0.3456248338595596,6.519360379351158,29.259680189675578,-2.0051915970154743,-0.00029124966771911913
1876.0116706793087,1.570443609097892,4.206306072600203,2.7492336528910735,3.7028130571548417,0.34486122869367164,9.764604709988518,30.88230235499426,-2.0069419785650866,-0.00028972245738734324
2139.820177214849,2.307686121860112,4.169637271454585,2.7690709271524314,3.6762909847938237,0.3453306087776724,7.468261768316864,29.734130884158432,-1.997097456077676,-0.0002906612175553447
1647.3985611699281,1.7190110571283415,4.1658758082863026,2.7517173708722376,3.629635160009729,0.35090183373232775,6.206893601577971,29.103446800788987,-2.0053937964790576,-0.00030180366746465544
2633.247115075242,2.7639989122007083,4.171625909872722,2.769434968666451,3.644824126473199,0.34449191207130003,7.120206250679478,29.56010312533974,-2.0219640518663375,-0.00028898382414260007
2650.4187014401377,2.5457232587116776,4.19668902486816,2.7723939513276123,3.708456687209707,0.3402909409491102,6.878043534179394,29.4390217670897,-2.0444759300513784,-0.0002805818818982203
1561.1121487143935,1.7515816782364635,4.1557268026578,2.7507767202812663,3.6711361988098536,0.3535337557781635,6.590569676313514,29.295284838156757,-1.9670617948894016,-0.0003070675115563268
2746.1427244288375,2.4897172872311826,4.197010847757966,2.773222267809074,3.643964240746455,0.3381647396882233,7.238758319615733,29.619379159807867,-2.015631293462788,-0.0002763294793764466
1708.1467398968236,1.561020694576689,4.198814735267939,2.7557936121216855,3.670956099903643,0.3446164066322799,9.7353099829593,30.86765499147965,-2.035690144375761,-0.0002892328132645597
1963.5823876312802,2.036194935456754,4.167270420437657,2.7517560956794496,3.627676892091661,0.35063879655144214,8.621501449168905,30.31075072458445,-2.009378983705571,-0.00030127759310288416
1615.2659815950806,1.6324270608310698,4.18473506572478,2.7540110998858753,3.657706250342994,0.34827167415977556,9.32888924275953,30.664444621379765,-2.0509407327174327,-0.000296543348319551
1384.871668690954,1.3872366754044625,4.185254534755291,2.753660049452261,3.6549077210957663,0.34809856093312036,7.499691292137196,29.749845646068596,-2.043960288814974,-0.00029619712186624057
2225.7531975918214,2.419573080901555,4.160350417988184,2.757005959276019,3.700868282473813,0.35132913134244703,6.4032907723336585,29.20164538616683,-2.0106184179402438,-0.0003026582626848939
2232.086802893263,2.3394629714686586,4.169804724673371,2.7579593737841765,3.705069982008888,0.34920824822920815,6.020116455053096,29.01005822752655,-2.001382242530705,-0.00029841649645841623
2465.801034339402,2.378520493135677,4.192824727509208,2.7695777570698885,3.720292708527447,0.34159007560660753,6.131763312872453,29.065881656436225,-2.0144424044214366,-0.00028318015121321486
3298.597247446853,2.91774819903047,4.198105316936926,2.770813756355148,3.683271917683085,0.3389157342449407,6.093424190645189,29.046712095322594,-2.008149700437072,-0.0002778314684898813
2328.8930559910095,2.4455194004449083,4.174093723893287,2.763957404444039,3.6569026794702344,0.3461852999440171,6.733905723527272,29.366952861763636,-2.014094973589418,-0.000292370599888034
2785.5992227220395,2.3224824866915568,4.212390456276486,2.771413879101772,3.6941877975767663,0.33696482457033794,5.592398532602232,28.796199266301116,-2.058290027402279,-0.0002739296491406759
1888.1613403808078,1.667105898529025,4.201168874632498,2.7611159895306248,3.6589574148843025,0.34149073018665105,6.717233047694711,29.358616523847356,-1.9959206015527142,-0.0002829814603733021
2773.502089559522,2.9191752442264143,4.169855297275433,2.767666176700702,3.650903631593342,0.3457613539349589,6.165804785800341,29.08290239290017,-2.042395481132021,-0.0002915227078699178
1468.0397921502752,1.388077426064668,4.198849481711027,2.75818161898859,3.6926160200180456,0.3444515374380228,9.026869880956678,30.51343494047834,-2.0362446802306544,-0.00028890307487604554
1509.2276368377857,1.617357664700534,4.1713937354427895,2.752808028495192,3.6533765709946686,0.35047771721833243,6.555563954833265,29.277781977416634,-2.0055967788301006,-0.0003009554344366648
1952.6098361506556,1.6855187997306094,4.193629728163763,2.755335702255832,3.650149630391107,0.34372800654973623,6.638803255692644,29.31940162784632,-1.9780383303604092,-0.0002874560130994723
2600.287642725945,2.4627041787465997,4.193493637841495,2.769538039586494,3.6946067713755744,0.3414331196246592,6.926137739299521,29.46306886964976,-2.0518870311483854,-0.0002828662392493184
3093.0990926752124,2.8968319595432006,4.193418161787278,2.770619949642883,3.6749637944023448,0.3409432109122672,5.629482005651088,28.814741002825542,-2.069789776995225,-0.0002818864218245343
2420.5769349515485,2.329946167379295,4.176181381910037,2.760127718357374,3.6514014878607655,0.34575461899045595,7.181963612630686,29.590981806315344,-1.9874069838313662,-0.00029150923798091174
1762.7002873943795,1.8289300822878893,4.174229397867034,2.7574018473914186,3.6781562827965644,0.3480299574963631,8.80586771863092,30.40293385931546,-1.9757614382298327,-0.0002960599149927261
2665.0511390600795,2.267896470524139,4.2055602368879335,2.7613809663621214,3.708703357663354,0.3409788961407085,6.059490296058923,29.029745148029463,-2.0006793223776977,-0.0002819577922814169
1668.050547384204,1.5537347003059654,4.187898505449131,2.7491005762947043,3.6270187558739115,0.34788204726192296,9.03119278447249,30.515596392236244,-2.0286933737742228,-0.00029576409452384595
1350.8100300673366,1.2878528409564642,4.186336000809204,2.75110816215008,3.655741866569963,0.34754698218335073,9.886566938340264,30.943283469170133,-1.9883992632036251,-0.00029509396436670136
2118.9335693500257,2.308379206004962,4.1591328633069615,2.7587320740900743,3.65032290908489,0.3503756280338586,6.377972020447696,29.188986010223847,-2.016323592896082,-0.00030075125606771703
2864.8581535820945,2.9222530659757355,4.171587891063816,2.7620651639118217,3.7096934331034435,0.34704746762082916,6.630901563129978,29.31545078156499,-1.9841027265779276,-0.00029409493524165816
2419.1619065439863,2.491668587590658,4.165359832804344,2.7557243565689014,3.6422127134585485,0.34946392232324575,7.565717329151249,29.782858664575624,-1.9925119720250812,-0.00029892784464649147
2324.6282549534258,2.071182349667868,4.193143914027245,2.7575325444057945,3.6718199476725344,0.34366725860877234,8.623853037694042,30.31192651884702,-1.976644216399217,-0.0002873345172175446
2825.6678913286064,2.858150447204979,4.175305085722685,2.769016102640476,3.6853214421922527,0.3436366454768876,7.620794182229382,29.81039709111469,-1.973277000630439,-0.000287273290953775
1656.7115043681674,1.5468653976874656,4.198076695708019,2.7558599671776793,3.7001340219765,0.3453134351545912,9.28935639289889,30.644678196449444,-2.0385342147406798,-0.0002906268703091823
3170.782006832738,2.6580811464687097,4.204139008308482,2.7746674146141195,3.6494640454092915,0.33603834412637634,5.269439998970668,28.634719999485334,-2.0284077025868195,-0.00027207668825275264
2303.0706472262277,2.3314878538342603,4.17590913600397,2.7549312681865596,3.711376447475029,0.34918399512919285,7.721831729139583,29.86091586456979,-2.006107322369474,-0.0002983679902583856
1372.2611710688968,1.1425993823332274,4.198702394314041,2.7461086019817036,3.639277396259492,0.3456418830105877,10.673960772697932,31.336980386348966,-1.9714570852828823,-0.0002912837660211753
1404.1529131351078,1.520233702855369,4.16860877243573,2.7443590785065783,3.6678334903938157,0.35492587032373535,6.8563502583313705,29.428175129165684,-2.0691178834472304,-0.00030985174064747064
2606.730052548697,2.387088825361726,4.189091004477826,2.7610856533516333,3.656648188694688,0.34382411456604445,6.7950819180958035,29.3975409590479,-2.034860679031452,-0.0002876482291320888
1270.6882447907462,1.254250195375874,4.186700222851751,2.7526351166633733,3.6409260281538254,0.3480234884740425,8.02042634178179,30.010213170890893,-2.051956372437669,-0.000296046976948085
2382.5551242201295,2.1145495052499648,4.205220843255872,2.7715625807897366,3.698178730656372,0.3382551432168938,6.166496586036666,29.083248293018332,-2.027648212694387,-0.0002765102864337876
1559.8737222501627,1.499908735777067,4.18454789183464,2.7408491059832825,3.701879049729467,0.3524070245990551,7.766806720610041,29.88340336030502,-2.0229868336197123,-0.0003048140491981102
1445.8580402424532,1.3093095146422746,4.203564876128367,2.758773733228734,3.703205019150909,0.34308540202608573,6.761470555565197,29.3807352777826,-2.019675449989258,-0.0002861708040521714
3277.193283283764,2.7262180900759008,4.2003271711966175,2.7703493716072347,3.653706172079166,0.3374072412770763,5.338793548226479,28.66939677411324,-1.9841069246218495,-0.00027481448255415247
1513.0538123661524,1.4217194245579543,4.183793383948202,2.7396908218126708,3.6373552467702317,0.35205088648605093,9.178088060131413,30.589044030065708,-2.0415174219692944,-0.0003041017729721018
2088.992219541978,2.1830226211809003,4.176998813948701,2.764289618120685,3.6897840565806983,0.3459012920779767,6.761342478628437,29.380671239314218,-2.005874826652518,-0.0002918025841559533
1980.0782639655727,1.658110616828111,4.203790471246691,2.7531636850049352,3.644547522946979,0.3434633175107442,9.350589431638486,30.67529471581924,-2.0324597670081634,-0.0002869266350214883
2354.641028326689,2.3377750100149246,4.171952115359711,2.7545641917849433,3.66192356813562,0.3488088738571283,6.917883562356481,29.45894178117824,-1.992632006527577,-0.0002976177477142565
2058.7282952816836,1.9272700313989395,4.188982189288345,2.7544373660503325,3.688344568902692,0.3462857775679175,8.77504905712099,30.387524528560494,-1.99642974984639,-0.00029257155513583486
2145.6142752348883,2.371065124578674,4.171115832155783,2.768885927564409,3.7289921124607197,0.34627545542225396,7.493869559718037,29.746934779859018,-2.0051014330731936,-0.00029255091084450787
1222.7574767025674,1.3159630330647707,4.1602418411117235,2.738289048895479,3.6827601546980047,0.35731781372206983,8.236244677043253,30.118122338521626,-1.9996455749338655,-0.0003146356274441396
2252.3891372074672,1.9211063263557062,4.203950275532256,2.767260911741779,3.636713423708731,0.33868159604783066,7.464841789308968,29.732420894654485,-2.027241195350993,-0.0002773631920956613
1845.6853970553937,1.5958191395827819,4.207617387142323,2.758027010092098,3.7143145842479566,0.34237761200263217,8.17154179852164,30.08577089926082,-2.012771173271063,-0.00028475522400526435
1149.2456483261606,1.2280549768398166,4.162601963810442,2.736637189806008,3.643332389976727,0.3576340305774872,9.442035253107656,30.721017626553827,-2.045062122139045,-0.00031526806115497437
1701.8278847154525,1.8571785335635262,4.161875116211265,2.753050988773897,3.672359600185397,0.35202053715312076,6.3122752149232655,29.156137607461634,-1.997898288902522,-0.00030404107430624146
1883.0972846431025,2.044899108125588,4.160997457187035,2.7468256507893036,3.6795125686876786,0.35478696015905437,6.357116710828746,29.178558355414374,-2.0324975042216753,-0.0003095739203181087
2538.3638596017604,2.728865318077241,4.154663579243644,2.7542279116431807,3.6715994420042355,0.3521604028711083,7.730532687923194,29.865266343961597,-1.9794320142004311,-0.0003043208057422164
2116.138175624065,2.321335788484921,4.167947461451961,2.7617198427433114,3.6611515628573694,0.34844925938957605,7.480445674351742,29.74022283717587,-2.0221639303592833,-0.0002968985187791521
2236.69835592634,2.1921137374269084,4.183798743609452,2.7553309291332604,3.6774505507588033,0.3478235989102738,7.896963378178843,29.948481689089423,-2.05458263767227,-0.0002956471978205475
2470.946955254563,2.220898210703252,4.192786364338842,2.7698019946193324,3.6753480243992733,0.3396496682697202,7.803016436002057,29.901508218001027,-1.9765592493712378,-0.00027929933653944036
2936.042743712502,2.7712529980065765,4.192097098981845,2.783773806748509,3.6545879951924434,0.33577807590699443,6.076327749898361,29.03816387494918,-2.0201217205674595,-0.00027155615181398884
2167.3026861197586,1.8639407355386104,4.2026984528954205,2.7640571417001474,3.67552252413333,0.3399158318638936,6.8072264817778505,29.403613240888927,-1.9774334468846135,-0.0002798316637277873
2020.693154093926,2.171732178027698,4.173781658196843,2.7626343807535227,3.684252549024039,0.3474885069425603,6.79087901528495,29.395439507642475,-2.0301499233995792,-0.0002949770138851205
2323.8794376260817,2.405486875913962,4.1783108877205395,2.76983327909855,3.6547496357560547,0.3437698944491181,7.1185309712773845,29.559265485638694,-2.042857956084447,-0.0002875397888982362
1579.3352266330864,1.4911194031182609,4.1951285424200595,2.755981410580769,3.6944735839247107,0.3455477687527089,9.264296862067594,30.632148431033798,-2.0262394009294655,-0.0002910955375054178
1403.6564268250788,1.3820932893214932,4.179626216505029,2.740638276016124,3.6534652816469206,0.35294397678245465,9.727117506292904,30.863558753146453,-2.0334250015385753,-0.00030588795356490913
1829.7389055729034,1.8614738119329168,4.178639456969253,2.7497502728215655,3.70579533605728,0.3508173096756038,9.513737326796361,30.75686866339818,-2.021642612958768,-0.00030163461935120764
1990.5726774102395,1.9204180926364232,4.186112306251097,2.761807040254642,3.6577769659135067,0.344674021910534,8.171613479176353,30.085806739588175,-2.0376973594966152,-0.00028934804382106796
2300.550461372276,2.0018989395186235,4.192587042849623,2.755867371409684,3.631355524936281,0.34379073930545245,7.596519328367674,29.79825966418384,-2.0008532058023616,-0.0002875814786109048
1835.9168596176628,2.0781732974470235,4.165950020357762,2.758897400502896,3.6983157542122465,0.3509255084709074,6.915734360459577,29.45786718022979,-2.0530412364867185,-0.00030185101694181477
1914.411756856049,2.142395947531657,4.168892558498712,2.760821116814284,3.670010989976815,0.34947410811907187,7.915241653832237,29.95762082691612,-2.0593496900811323,-0.0002989482162381437
2621.8371085070694,2.3681636507895654,4.189221962874155,2.766656852525131,3.6337254642017336,0.3410212797668722,6.537762964310149,29.268881482155074,-2.008972060306858,-0.0002820425595337443
1479.062920015866,1.6311880469195486,4.165230246336529,2.751802596999429,3.631564990847082,0.3519028728372183,9.773099290958509,30.886549645479256,-2.0239464828682827,-0.00030380574567443646
2679.288942392945,2.473411868680047,4.187807327352374,2.7619716051920595,3.694743562243271,0.34353872803162244,6.42785305624468,29.21392652812234,-1.9814901587369815,-0.0002870774560632448
3138.6838189572545,2.866673302118309,4.184972837561286,2.768197820685896,3.6852449036512716,0.34128744841356357,7.284764928345208,29.642382464172606,-1.9639606253711888,-0.000282574896827127
1321.8125682646378,1.5017097625504758,4.158323767411706,2.747621142798933,3.6560677232060077,0.35475434680036977,8.657771012939913,30.328885506469955,-2.005310119015008,-0.0003095086936007395
2810.257688033892,3.098260553133282,4.168527049468966,2.7716539347102107,3.6721231743899403,0.34555143100505675,6.873490906053216,29.436745453026607,-2.0529806874734744,-0.0002911028620101134
3123.1990564767325,2.7438745909471876,4.189836097135048,2.7671112351546694,3.636347142369757,0.34053663857846317,7.527258130153202,29.7636290650766,-2.01742355953209,-0.0002810732771569263
1457.194580220512,1.3350903857668301,4.195689197609451,2.7541304548595127,3.6627041503590223,0.3453692372726995,9.580002040187644,30.790001020093822,-2.0238148224337573,-0.00029073847454539893
1351.0631499990773,1.3000729829517148,4.183282961228365,2.7367952227076002,3.6607834457207717,0.3537915966573045,9.309676362845561,30.654838181422782,-2.0501759897749916,-0.00030758319331460884
2035.7530138990671,1.7611576653629544,4.197387565166257,2.7536418949697063,3.685137541186995,0.34441414275337523,6.326256863511026,29.163128431755514,-1.9921014213598727,-0.0002888282855067504
1883.4870410410501,1.9155146656986046,4.167885719264808,2.7518319454346405,3.6452632930656477,0.350559639187114,6.548063441660644,29.274031720830322,-2.006525807825479,-0.00030111927837422805
2723.404889183685,2.453146830323571,4.194259067386222,2.7611555630464326,3.68776574861416,0.3430493335144239,7.780594472215912,29.890297236107955,-2.015253581142393,-0.00028609866702884767
2192.16465375654,2.2897675145206504,4.169642763272084,2.7629477571471948,3.6839797660553937,0.3469714256745993,7.675210512576656,29.837605256288327,-1.9830408559168358,-0.00029394285134919855
2361.1478227901616,2.319159293085008,4.180795682203288,2.759982541889664,3.7193890227952995,0.3468601009416329,7.070620954995383,29.535310477497692,-2.0319874830272306,-0.0002937202018832657
2291.79772683496,2.41854213442301,4.16341773152796,2.748620121799495,3.6484851586375444,0.3533980531404483,7.128980508877039,29.564490254438518,-2.053596532837136,-0.0003067961062808966
1741.584832066689,1.8510033153073853,4.171968026218563,2.7564978692023354,3.6664581818862385,0.34907599820605684,6.315553259605591,29.157776629802797,-1.9972852613979648,-0.0002981519964121136
1204.9226856016053,1.2608081052807654,4.175468595075403,2.745198338971439,3.701813693064999,0.3529391779066193,8.918654215333593,30.459327107666795,-2.008976021834727,-0.0003058783558132384
2718.5688208708457,2.3833746761383687,4.200634448613736,2.7717514779744827,3.690038960167375,0.33842620478478974,7.584171965774763,29.792085982887382,-2.0236860097043277,-0.00027685240956957944
2178.9340431021274,2.141676392164129,4.186153038185493,2.7608212272805894,3.7036844009572003,0.34573895999510773,7.459652362578284,29.72982618128914,-2.0366902573164976,-0.0002914779199902154
1905.5954118058698,1.8405013368892837,4.182324141306626,2.757744363271815,3.638046401594784,0.34628090393733,8.164417684872882,30.08220884243644,-2.0364955539134075,-0.0002925618078746599
1273.4632044951124,1.4129973312048103,4.1667037478910185,2.744031312154301,3.706796007498859,0.35555104065348414,10.39380303245043,31.196901516225214,-2.0274011065778765,-0.00031110208130696827
1738.889424323517,1.8548318996615105,4.1700710173151565,2.752491578085562,3.6799651966541362,0.35162418976456816,7.641695429993135,29.820847714996567,-2.050063484773356,-0.0003032483795291361
1586.923286795034,1.4959772928576005,4.187946449752542,2.746187976422805,3.6556846039040445,0.34938267782736165,9.350680282744618,30.67534014137231,-2.0278310520220244,-0.0002987653556547232
1712.9217549664618,1.5843913393456923,4.183507142133774,2.745972213837601,3.6245383577667845,0.3491215689401311,6.932011894352748,29.466005947176374,-2.008921201527373,-0.0002982431378802622
1646.3425196269156,1.522913478895319,4.196769497482415,2.760831852159422,3.6813641221577478,0.342781215194624,8.190614154258713,30.095307077129355,-1.9851104398876276,-0.00028556243038924795
1741.42167507642,1.7656197371816391,4.173709071296292,2.7504768398204917,3.6678006600614688,0.3507631042471157,8.221416043367174,30.110708021683585,-2.026655044069582,-0.00030152620849423136
1450.6310610558405,1.4006069679247173,4.1883482932343865,2.7503622619044825,3.696046857552048,0.34867408177451004,8.482384798518158,30.241192399259077,-2.0298273070641737,-0.00029734816354902
1258.4789564862847,1.3639995999934948,4.163227924613291,2.737752520975533,3.6832835609022476,0.3575218215081754,7.035102456331267,29.517551228165633,-2.024007256374582,-0.00031504364301635076
2977.1236882208373,2.6418106788547893,4.2045612286082426,2.7758086148186756,3.7222924014091796,0.3369440093515311,5.546067924171344,28.773033962085673,-2.009658268054029,-0.0002738880187030621
2238.825992923282,2.4508750790807783,4.167681535574839,2.761346749683145,3.7096481338225487,0.3489554600033672,7.796882031945743,29.89844101597287,-2.005692151452901,-0.00029791092000673434
3156.668660492728,3.1703074874332056,4.181996918913938,2.7767044947229165,3.6633161264493794,0.34056347058566977,6.66486170990192,29.33243085495096,-2.034584302501586,-0.0002811269411713395
1102.5197032255232,1.1878970716778385,4.159043023819593,2.732662668785303,3.666289557008435,0.3593751157296225,8.08175739541269,30.040878697706347,-2.009500156987118,-0.000318750231459245
2497.137011677668,2.1474705515285675,4.200695512605661,2.7632608523310993,3.6758907675696437,0.34052498893925637,8.149196867083743,30.074598433541873,-1.9874808198158453,-0.00028104997787851266
2410.708758370357,2.431264760299082,4.175703367739555,2.7648804158267253,3.6438060864954793,0.34504324948168097,5.736466340942539,28.86823317047127,-2.0196516489209126,-0.00029008649896336184
1596.1979496308643,1.7668385913212312,4.165328643938696,2.756626207099286,3.6407226805054265,0.350671907175424,6.156901306219125,29.078450653109563,-2.043745405927965,-0.00030134381435084785
2724.4208706949757,2.4090489680634177,4.196269646739572,2.768003167426578,3.6927738999560886,0.3402964808587121,5.433418329089111,28.716709164544554,-2.018507712866706,-0.00028059296171742415
2836.7357580677403,2.9111204546844167,4.167479570798837,2.757745537520374,3.6574968039442175,0.34924898518141057,6.1566726435334,29.0783363217667,-2.03771515062776,-0.000298497970362821
1440.6551630492627,1.5817872462358697,4.155086728040399,2.7424703556120074,3.625342808211428,0.3561306815054859,8.414008806965859,30.20700440348293,-2.0055844747530225,-0.0003122613630109718
2544.0726182323147,2.5524023560204565,4.178395513763197,2.7645234253435857,3.7133509639761537,0.34560125294337457,7.72612951673929,29.863064758369646,-2.018659965091136,-0.00029120250588674906
2889.1527468553045,2.9917549428284675,4.1831218617161054,2.7769973726945,3.727113678566799,0.3413562811576363,5.717512609890773,28.858756304945388,-2.0277624907439873,-0.00028271256231527254
1839.3372867641954,2.0223018436980364,4.161927490160822,2.7608932116264757,3.6633287624514916,0.3490491178523049,7.617402730426227,29.808701365213114,-1.980908751597992,-0.0002980982357046098
1480.1911421401733,1.6086596985614574,4.17098765896617,2.752144177039911,3.6381573458681755,0.35125301966388706,7.194539589066274,29.597269794533137,-2.0457352879911466,-0.0003025060393277739
3047.7267525734032,2.6232702350249757,4.203241913589081,2.7757101871236713,3.6637375535807424,0.3364199245659559,7.165932492881464,29.582966246440733,-2.037572326005627,-0.0002728398491319117
2771.5993816959967,2.4923434185953326,4.196695327805273,2.7652756862001864,3.682337670842853,0.34122317987959644,6.6625456612266225,29.33127283061331,-2.0109892616153155,-0.0002824463597591928
1530.0108638031957,1.5329255108328224,4.177884204942335,2.7391524310725277,3.6906158016319512,0.3543079321241042,10.18681976098224,31.09340988049112,-2.0316059175016163,-0.00030861586424820836
1523.9955836155066,1.5486946883495039,4.180656854943085,2.7487787731648443,3.6956143104946673,0.3508449749018028,8.150229706910398,30.075114853455197,-2.030557924037934,-0.00030168994980360556
1930.364992590608,1.7233690858159045,4.194090149438928,2.7570380969468,3.628313421445134,0.343620162192903,6.894180148141249,29.447090074070623,-2.0092479816918605,-0.000287240324385806
2152.8111006375616,2.3149155509810417,4.151347207770168,2.7540128404013187,3.6449079932651984,0.35247849582127677,6.320709469064509,29.160354734532255,-1.9911028204372143,-0.00030495699164255344
2811.940120207093,2.3914877373293786,4.211890641839133,2.7797431368559344,3.678478711415008,0.3342456238058581,7.225337829845887,29.612668914922942,-2.0534445210704733,-0.0002684912476117161
1616.2568162119678,1.4771532049322929,4.197380283683467,2.754075970850503,3.6977283426179985,0.3452250081056046,9.366850856827273,30.683425428413635,-1.99788774069245,-0.00029045001621120906
2179.211395096345,2.0111195647152558,4.191525998792245,2.7656569773113575,3.673769831297058,0.3417621888727018,8.220312356303792,30.110156178151897,-1.994417608271824,-0.00028352437774540354
3022.9573753303844,2.6732468050590437,4.19894704305421,2.7769679616613328,3.681721988173718,0.3365718386166004,7.082058128879219,29.54102906443961,-1.9978596512547706,-0.00027314367723320083
1934.9452682008289,1.95223021664113,4.177768164805992,2.754320604029901,3.673441641788862,0.3491414613896689,7.479719584367924,29.739859792183964,-2.044398180003399,-0.0002982829227793376
1762.7799457254798,1.4761158104770462,4.209737711481751,2.748690912365697,3.6974891939943832,0.34486157906840037,10.279198929480705,31.139599464740353,-2.0298866546788266,-0.0002897231581368007
1962.3293427470824,2.047796624473351,4.167347423660914,2.7499657381829423,3.705119294229759,0.3523970324469641,7.708256987140258,29.85412849357013,-2.012092542749219,-0.0003047940648939282
2813.289920964018,2.603638760254101,4.190490342859787,2.7682557004321087,3.679405848855057,0.34133141086625907,6.936070031005458,29.46803501550273,-2.01459026457519,-0.00028266282173251806
1459.3896498619824,1.4707622952928878,4.171399343062841,2.7447237823362283,3.632369097657205,0.35264671703184103,9.036819586141434,30.518409793070717,-2.0355797676407694,-0.000305293434063682
1190.499804351287,1.1697488784649883,4.170492580439423,2.736178154821472,3.6604338276473523,0.35487033490244696,10.298716362747273,31.149358181373636,-1.9690994340256507,-0.00030974066980489376
2272.4492212944333,2.2389561854443367,4.179119595452368,2.7571631542291777,3.6757066047059506,0.3473056147586435,7.219151297409684,29.60957564870484,-2.012763868837239,-0.000294611229517287
2678.2663426343515,2.7748385948719143,4.180693103858997,2.777209147515574,3.6987440158328697,0.3412137860915747,6.4725353007404935,29.236267650370248,-2.024933800689932,-0.00028242757218314946
2020.5818502215795,2.2034569953098306,4.169146917190347,2.7609850574626194,3.706429022599819,0.3494006009494185,5.700675465180072,28.850337732590035,-2.050277587666912,-0.00029880120189883696
2018.3284295038266,2.0462056413571457,4.186961424427167,2.7649510352917916,3.685524612781465,0.3446946700006835,8.36656916587059,30.183284582935293,-2.061496495430295,-0.0002893893400013669
2536.6580385701263,2.735290333510176,4.160284963998296,2.7541282241652865,3.664979234332111,0.3522318461808957,5.946746768447332,28.973373384223667,-2.0413753544722137,-0.0003044636923617913
2096.0441381889646,2.2636167877971305,4.16068530686816,2.762850143605785,3.6564037749083784,0.3483540976036185,6.337335496462483,29.168667748231243,-1.9892909605689413,-0.00029670819520723706
1228.3340269736461,1.2642654625328575,4.17071869902637,2.7361724363569606,3.697171043587169,0.3566862009103466,9.02504985739904,30.51252492869952,-2.0289265481225054,-0.00031337240182069317
2203.1325476977718,2.4307830034272695,4.1585401387952245,2.764524679294222,3.6998588646443187,0.3486308657194079,5.9694236181663864,28.984711809083194,-1.9733326311994206,-0.0002972617314388156
3378.796653353076,2.9305293607437632,4.205139468686929,2.771484717767826,3.674561130682315,0.3382468106839811,6.891606109278768,29.445803054639384,-2.070902141014246,-0.0002764936213679621
1900.4552187164277,2.012427202497792,4.155877081079846,2.746345162814536,3.625546770734863,0.3541466012778922,7.650888023509962,29.825444011754982,-2.002634888696592,-0.0003082932025557843
1995.1971391285024,1.9783478201828828,4.180327209900426,2.7563167322303137,3.6581571217225766,0.34780292403078583,8.486125234656381,30.243062617328192,-2.0497163567176115,-0.00029560584806157154
1325.9721590862437,1.2928641737492799,4.1778132505949745,2.7386943563995123,3.6424029165482366,0.35357042568496266,7.795390949325762,29.897695474662882,-2.031610685544925,-0.0003071408513699252
1791.4366173498368,1.9662008688782502,4.170575911802075,2.7589738060734836,3.6766001207275507,0.3496530969033054,6.576375763573285,29.28818788178664,-2.0530661887511275,-0.0002993061938066108
2373.1469046413276,2.1373350407268212,4.1921981784942,2.770148692647939,3.646105285723193,0.3394546036548584,6.116284194074266,29.058142097037134,-1.9912180248848417,-0.00027890920730971674
2015.853073110602,1.7689611426793075,4.204404552430143,2.7619402423911947,3.672009792861591,0.34099094925665935,9.278448730613368,30.639224365306685,-2.00513497792252,-0.0002819818985133186
1559.7239719233814,1.4651204272130423,4.18908565841049,2.7503330871360623,3.6791346831803122,0.3477326507253906,9.741145673073952,30.870572836536976,-2.004840570369609,-0.00029546530145078113
2841.6875490519687,2.432998796998224,4.206278259644582,2.763160635321942,3.6914763249343845,0.3407511748500472,7.463647848312821,29.73182392415641,-2.0530062786658827,-0.00028150234970009434
2952.9454131191956,2.693784177305611,4.190871807584227,2.762446291148153,3.6661583246752674,0.3432367281438529,5.5038567863289245,28.751928393164462,-2.038357121590122,-0.00028647345628770573
3428.9534314954863,2.995943987957645,4.2049074435927025,2.7758036676674887,3.7039924295456514,0.3368247848997092,5.497256827166604,28.7486284135833,-2.039869626088991,-0.0002736495697994183
1376.5473568918298,1.4341770731853114,4.169555460233099,2.746794831837,3.666430473298029,0.3521652015321915,6.909957314406109,29.454978657203053,-1.9713258810178418,-0.0003043304030643829
2050.0355481915135,1.8189606401242118,4.1928572658272,2.749244271704702,3.6599189292511527,0.3467616172249705,7.431308782012593,29.715654391006296,-2.010436792788666,-0.00029352323444994087
2890.401323937141,2.506782719460553,4.205277225710003,2.7776188088894185,3.6554180421437765,0.33536736001177553,6.519150855035047,29.259575427517525,-2.021583574095276,-0.000270734720023551
1515.3153758919125,1.55139790938255,4.170212385906237,2.7490485822134243,3.679690964231626,0.3512616652131921,9.281823300467106,30.640911650233555,-1.9730074566351268,-0.000302523330426384
2930.1284383284615,2.640717388394057,4.192355737442885,2.7682998575840405,3.659508590638755,0.3406379414928883,6.797277047171399,29.3986385235857,-2.0239259685896,-0.00028127588298577645
2025.8379375681448,2.0056051733528597,4.182145322995898,2.7580984445232986,3.645433462604753,0.3464177326645586,7.187593934480549,29.593796967240273,-2.021582740928037,-0.0002928354653291171
2116.77157314954,2.246223624946344,4.167464653139394,2.7568766769780297,3.7073126371063787,0.3504202161383406,7.004262997016245,29.502131498508124,-2.0270037154481653,-0.0003008404322766811
2799.9710060733796,3.0563829809031953,4.169888819102259,2.771714584983927,3.687421571582913,0.3454796403910181,6.653871819123896,29.326935909561946,-2.057608417474584,-0.0002909592807820361
1914.6852334491762,1.8966182537030967,4.1783698189890375,2.7567620898877117,3.639183071393188,0.3474569246824436,8.29875621926434,30.14937810963217,-2.036321369014982,-0.0002949138493648872
1829.1286186801556,1.893133504774303,4.168898556181187,2.753292163862007,3.6714499381567536,0.35010430593060393,8.448980934011795,30.224490467005896,-1.979792910186944,-0.0003002086118612077
1966.2623661662053,1.860307345358159,4.189442608949456,2.754434590024616,3.659285615996578,0.34648121455812114,7.8993784990241815,29.94968924951209,-2.030557843872728,-0.00029296242911624223
1593.21572943453,1.624646233144029,4.168860631404016,2.7464312253244927,3.675597091932922,0.35230714838136085,8.927221502597227,30.463610751298614,-1.9776778204531387,-0.0003046142967627217
1274.5778706868864,1.105168735236984,4.20159182991291,2.7427617715164248,3.643577551285272,0.3481137913150508,10.773590176587275,31.38679508829364,-2.063902914463117,-0.00029622758263010153
1607.2988142439465,1.5967626202182157,4.179596137860087,2.7524283750203726,3.7038372311354344,0.3490375592811101,9.141993441010847,30.570996720505423,-1.9908339999159106,-0.0002980751185622202
2203.6145339630475,2.3711589955839836,4.165807694104785,2.7529027981375127,3.716432129327873,0.35234536269889116,8.38605866797628,30.19302933398814,-2.0269496481544893,-0.0003046907253977822
1807.0758397013133,1.892096801305963,4.167240156306433,2.74609750658628,3.6583245267681472,0.3535430165139368,6.919135253002215,29.45956762650111,-2.035615350422448,-0.00030708603302787355
1719.579346348969,1.4651156449855087,4.2030145806903345,2.7558900368641517,3.6418935213982957,0.3427780744047139,9.440432867456943,30.72021643372847,-2.0276089205814505,-0.00028555614880942774
3150.205422899764,2.884858417545134,4.1953345513023415,2.7783713425350847,3.648268198600017,0.336749464818374,5.550574939782012,28.775287469891005,-2.0152859046391427,-0.00027349892963674796
2186.6074388649718,2.2384171106092494,4.171792396710096,2.7608328140129705,3.66612968028967,0.3468015477528854,6.15262978248819,29.076314891244095,-1.9699286182036122,-0.0002936030955057707
2884.197103773245,2.5142131995619494,4.196855649505795,2.7690796084455815,3.659438110701493,0.3394882004093297,5.3195014840749595,28.65975074203748,-2.032674096686554,-0.0002789764008186592
1681.5108206962425,1.581974602847818,4.18877321617503,2.756940687164891,3.6257280387279818,0.3447767424575973,8.015302333127739,30.007651166563868,-1.9983190563289779,-0.0002895534849151946
3267.308157710015,3.0020003981092,4.201632767564446,2.7798678998023423,3.681949966331173,0.336540132139085,6.140078873458272,29.070039436729136,-2.064847752885458,-0.0002730802642781699
3021.4888115488293,2.756183658973834,4.193530173530057,2.7711680538322745,3.646880564565464,0.3393962005928898,5.776937822847806,28.888468911423903,-2.0147122595506404,-0.0002787924011857795
1449.852588662736,1.3544917678793147,4.184103987464183,2.7417508707263636,3.628378781919815,0.3508343366344328,9.608745015040705,30.804372507520352,-2.0188085135840925,-0.0003016686732688655
1531.8212335757203,1.5496764990865384,4.176098599114257,2.742123274681685,3.6643075082621026,0.3537909553847885,7.585517141618256,29.792758570809127,-2.0672547808055675,-0.000307581910769577
1822.8303231875523,1.963009267658693,4.161765980057453,2.743066930702989,3.68215478806564,0.3562680079357915,7.372183901074867,29.686091950537435,-2.058989819298197,-0.0003125360158715829
2570.320145404558,2.1936604889169655,4.207929794051996,2.772424492678938,3.675418567590884,0.3366024213810363,6.004100669739236,29.00205033486962,-1.998472603237395,-0.0002732048427620726
1840.3213822646017,1.8884337284985098,4.179232747697086,2.7562510757495744,3.650920293833796,0.3482181044883151,7.859210035753521,29.92960501787676,-2.0435063058025036,-0.0002964362089766301
2838.9223485448056,2.60425092020985,4.192306008405347,2.7769635677093603,3.658693613573631,0.33780034070321946,7.045091409616469,29.522545704808234,-2.017563333842386,-0.00027560068140643885
2631.409663491136,2.194628988005953,4.200504469792116,2.7600782542973925,3.6362473553081682,0.3409114454994739,6.917029110468057,29.45851455523403,-1.9985286311323305,-0.0002818228909989477
2601.855042436267,2.383294614242129,4.189165525264937,2.76855133203211,3.660337024086575,0.34071453585541545,7.347554823398208,29.673777411699103,-1.9865167016036627,-0.0002814290717108308
2095.122992489437,2.1295814130264685,4.174794920062099,2.753752638177886,3.696213498912247,0.34952047889078164,8.680983146630277,30.340491573315138,-2.001797983094619,-0.0002990409577815632
2767.425575125555,2.513231950749361,4.197945027122135,2.7747365607020242,3.720591614005318,0.3382734512269579,5.913206495820961,28.95660324791048,-2.002608413992046,-0.00027654690245391587
1767.5227636118125,1.7113777991171992,4.18637732381105,2.748660197608026,3.7007050931917087,0.34947895985666627,9.66649547419953,30.833247737099764,-2.0191475671841648,-0.0002989579197133324
2358.153009568074,2.0799242669475153,4.203171961429994,2.773455181236988,3.700795113850754,0.33722616767569713,5.62773919546453,28.813869597732264,-1.978659889996545,-0.0002744523353513941
2917.2906864474025,3.130982641499524,4.172333154538132,2.7705166227583686,3.6951095413800306,0.3453579750215161,6.200616212362837,29.10030810618142,-2.0508053205439363,-0.0002907159500430322
3046.541984181769,2.8260028810420494,4.188727535662593,2.7765139331313704,3.661466936764228,0.33830312102617344,5.731698428144389,28.865849214072195,-1.9957570575833279,-0.00027660624205234685
2420.0429765704157,2.2951128614768144,4.197500306703465,2.7739587817777003,3.6915861385221787,0.33940925177765685,6.001324979648701,29.00066248982435,-2.052329180324989,-0.00027881850355531356
3246.57413393019,2.802747400121362,4.2077452559090025,2.78186906780737,3.7090765728864334,0.3338951827560243,6.479751670376285,29.239875835188144,-2.0022956445538793,-0.0002677903655120485
3091.4751000382216,2.846185788025285,4.194276728589359,2.7691942757412678,3.6977409264073953,0.3408044102257006,5.550215335729661,28.77510766786483,-2.0256841130831384,-0.00028160882045140124
1513.9655649923027,1.3993703279247125,4.19102073513087,2.744118498466513,3.6962444080591315,0.34975643878457197,7.4957349553564985,29.74786747767825,-2.014703411168585,-0.0002995128775691438
1756.3351818586848,1.5697005495760172,4.195515096874456,2.747123799551159,3.6533364936487587,0.3477095710839894,7.4749453948879365,29.73747269744397,-2.052829342879165,-0.00029541914216797867
1786.4348248638819,1.6691451191680513,4.189413424487377,2.755782824538483,3.6292011368926964,0.3454376355108321,9.545407514746058,30.77270375737303,-2.0284028198884,-0.0002908752710216641
2859.1276222125007,2.5489956095215045,4.199642284024546,2.7674133889384613,3.690291893292673,0.34053846971857304,7.652514711636966,29.826257355818484,-2.0479128469322516,-0.000281076939437146
2568.3457884622158,2.399733636490033,4.192003682222438,2.767258642777656,3.667458684487644,0.3418512927433924,5.880977111487934,28.94048855574397,-2.044349702512096,-0.00028370258548678464
3056.1612207299077,2.9255217596461414,4.185544077450878,2.76977220596679,3.6605809461971166,0.3416024699247236,7.093802338790189,29.546901169395095,-2.0114211692266353,-0.00028320493984944724
2052.9033801277806,1.7727306244099037,4.202992246778263,2.76483751535625,3.6736585345247583,0.33969770997002513,6.064088644182356,29.032044322091178,-1.981524961904527,-0.0002793954199400502
2132.6059493796192,2.1127605201628854,4.186898368660136,2.767725807674481,3.7097135045742036,0.3431798510665199,6.550158208408043,29.27507910420402,-2.016994801163541,-0.00028635970213303956
1614.2842790836642,1.327112927357013,4.200060682527948,2.7456064143300454,3.6134722372776813,0.345491825217127,9.664026813573317,30.832013406786658,-2.0047454532715028,-0.00029098365043425396
1551.7480409585103,1.6226708065490667,4.17437319968972,2.7459721569423583,3.6531569767671295,0.35291285167007136,8.476159787420185,30.238079893710093,-2.0622347884573347,-0.00030582570334014266
2970.8159788706544,2.9197148956812597,4.182999811951243,2.77664289610722,3.6923523157401883,0.339968031564362,6.235526805577279,29.11776340278864,-1.990273846304182,-0.0002799360631287239
1693.176638261203,1.7951540069250893,4.168817530222186,2.754497638642615,3.63928339134812,0.3497729466531247,8.169560894932019,30.08478044746601,-1.9946451369130256,-0.00029954589330624936
2979.356924984147,2.754236957782863,4.188689769050514,2.774064204693114,3.643277965466408,0.3391542671381177,5.910636821333319,28.95531841066666,-2.024408315115546,-0.0002783085342762353
2564.8564703961733,2.5175400276714086,4.183725006952789,2.7760471087706073,3.6626856850653726,0.3396384306751719,6.20433249391244,29.10216624695622,-1.9831927891466352,-0.00027927686135034377
2205.8870115127215,2.1570536679112893,4.181536978400528,2.7690663377447495,3.6750116079181256,0.3422091014722942,7.258998071507872,29.629499035753938,-1.9662655236331739,-0.0002844182029445884
2146.643163144498,1.7869307924926803,4.20575174666202,2.7525165306713597,3.6977146762074207,0.3435583213875898,9.193884840512798,30.596942420256397,-2.0002670983377375,-0.00028711664277517946
1516.8745645016895,1.639280645386486,4.157871598534586,2.7422493738094613,3.6321789630151584,0.3560698631892885,6.699387566089096,29.349693783044547,-2.0280229002993453,-0.0003121397263785769
1548.5100399662192,1.3666005362655373,4.198913415961746,2.755271958237375,3.6545833480904144,0.34365423681425783,8.988558862135516,30.49427943106776,-1.9914395201413069,-0.00028730847362851565
2707.1245796852904,2.312755411805421,4.20595234678603,2.7658888142374174,3.69111147359754,0.33989356122821573,6.18924664624374,29.09462332312187,-2.0600016434059083,-0.00027978712245643137
2393.765768654659,2.060389984943455,4.203832350232725,2.7693458088342884,3.67719928251215,0.3380019556557019,6.938176788578457,29.46908839428923,-1.977215376302971,-0.0002760039113114037
1680.325179516086,1.7972251135019022,4.174309508348225,2.7574592872993073,3.6432449463113845,0.34887019983096107,7.782020299403429,29.891010149701714,-2.047142714344361,-0.000297740399661922
2120.1854117892585,2.0770412710528645,4.171769985484219,2.7529628843006972,3.640521507035947,0.34881857941438826,5.98353454943602,28.99176727471801,-1.9831091858236112,-0.0002976371588287764
2327.1683978200444,2.174355449112243,4.193871590395758,2.764055153818398,3.7052296888641263,0.34281225182394626,5.741344998672176,28.870672499336088,-2.0182760087899037,-0.00028562450364789254
2953.010453040424,2.502179694591916,4.211585014171054,2.777580601101944,3.69956362296866,0.3349406213795638,5.7352371146964,28.8676185573482,-2.032934611550684,-0.0002698812427591275
3375.207136070243,3.164793060438889,4.191899730060606,2.78078107356846,3.6809588195179486,0.3366057788645084,5.594387073592729,28.797193536796364,-1.9791106551154614,-0.0002732115577290167
2359.5926833348094,2.1378276839995545,4.194925188401818,2.7597072681221864,3.676284826822244,0.3437565416461422,6.391084349710662,29.19554217485533,-2.0426940793309725,-0.00028751308329228435
1949.370218517597,1.9925955401026014,4.1710442518767215,2.7511281600669197,3.677897432452952,0.3504661361339294,6.620230664596388,29.310115332298196,-1.9783331184569921,-0.00030093227226785877
2396.16013375852,2.5065896360244313,4.1783244815001055,2.7658933984147165,3.661224480204552,0.34536103592464823,5.817041295497303,28.908520647748652,-2.043886708635897,-0.0002907220718492964
1420.8716456844252,1.3177691763857116,4.193568185635757,2.7445102864892004,3.7066437613796954,0.34955459906692676,7.863825205842727,29.931912602921365,-2.0148935649862802,-0.0002991091981338535
1806.5819182129103,1.9228576712896988,4.170739749567397,2.756584654018291,3.631574250120506,0.3491341009438031,8.706074607161018,30.353037303580507,-2.028767211968282,-0.00029826820188760616
2880.772233680689,2.4952598995741755,4.196237719538478,2.7665101059130683,3.673436117210792,0.3399256380026262,7.41411323000965,29.707056615004824,-1.9821084387487697,-0.00027985127600525225
1665.4345209880294,1.5835387590975687,4.179710290154673,2.744706058886311,3.6227602507939523,0.3503597488714421,7.880514905339983,29.940257452669993,-2.008786768694269,-0.0003007194977428841
3032.1373047547613,3.1111082238470487,4.185029745944433,2.7752061362388343,3.7257381363365116,0.341738379685408,6.861866110326665,29.430933055163333,-2.0381068092905497,-0.00028347675937081596
1831.7110888679608,1.7867143232779887,4.184178159130602,2.7619354270782837,3.6752751658122347,0.3444314019715816,7.719062396675677,29.859531198337837,-1.9766252094485002,-0.0002888628039431632
2670.5862000813277,2.3033031720476758,4.205602631650148,2.7649410810292205,3.6799112293941394,0.34018080977373616,5.904567878811741,28.95228393940587,-2.050409710676051,-0.0002803616195474724
2488.3639248533555,2.5688093996790426,4.178689923773187,2.775749705647913,3.66168638535202,0.34165900299852775,7.168945794302609,29.584472897151304,-2.037254035943846,-0.00028331800599705557
1783.3105070895554,1.7567412209228597,4.179310867624095,2.758516072881306,3.6846793514422522,0.3463551956724645,6.962882998028563,29.48144149901428,-1.9693775672379663,-0.000292710391344929
3307.0831027710447,3.050279487236304,4.19592617874611,2.7788719740503054,3.6630946452597697,0.33693263670999146,6.323081734146136,29.161540867073068,-2.025467435451036,-0.00027386527341998276
2162.9861667588957,2.225736270482967,4.166617509361969,2.7489426713745355,3.6610300071632413,0.3522191443983714,8.561684043036504,30.280842021518254,-2.017758591551808,-0.00030443828879674257
2244.5749559227597,2.318212699790529,4.171884507458354,2.7518481321297417,3.7098975319889447,0.3513207333492273,7.870208989526214,29.935104494763106,-2.0299561706199083,-0.00030264146669845455
1856.1873679779142,1.8052352358935095,4.176688953849353,2.749321100182184,3.630307879988485,0.3496064828531344,7.871663135252927,29.935831567626465,-2.0141379271563817,-0.0002992129657062687
1647.9580466519922,1.6510305813877677,4.164489657688182,2.7426949147445896,3.630661025849856,0.3534764074887449,7.878809790887072,29.939404895443538,-1.9843761531549706,-0.0003069528149774898
2370.5938029185754,2.32995876990189,4.187542508333015,2.769738000008543,3.670165556371304,0.34202641044884063,6.601910429911238,29.300955214955618,-2.029544771855511,-0.0002840528208976813
2691.425696619527,2.515050032029706,4.197235086635697,2.7699089557625904,3.6649716891859727,0.3405185991027253,7.399489403420309,29.699744701710156,-2.0641676500861785,-0.0002810371982054506
1250.8967605106309,1.3772173032562216,4.158377033122355,2.744065473815884,3.6306450913853654,0.3552841905571017,9.041615862751303,30.52080793137565,-2.007080680664235,-0.0003105683811142034
1339.0549299892573,1.3264983581899896,4.178067191938698,2.7372378789204235,3.671039047748363,0.3545662982097602,10.852094985569343,31.426047492784672,-2.032228866846451,-0.00030913259641952054
2011.3453471829137,2.1353626177557072,4.165578258052454,2.7592042579977996,3.673393683757035,0.3488373910338908,7.610734875896742,29.80536743794837,-1.9798179577566324,-0.00029767478206778157
2626.7048998166683,2.3070428182329055,4.1959974001562665,2.7622675545310833,3.6688832413843486,0.34163125781559744,6.20292577898603,29.101462889493014,-1.9887241895682752,-0.0002832625156311948
1322.8621130490415,1.3936593918180828,4.158114627694035,2.732989770091711,3.650212085301704,0.35861127634238443,10.880628930770763,31.44031446538538,-1.9864276060868726,-0.00031722255268476886
2284.7178545328497,2.4944969585147025,4.174942077733505,2.7651941580740336,3.6955429246593976,0.3471197913053319,5.7299793318651115,28.864989665932555,-2.0569137244528015,-0.00029423958261066366
1316.1770058144227,1.4504177867749901,4.166969234964948,2.7435091797624422,3.7005590425953847,0.35536635427777025,7.293121813066646,29.646560906533324,-2.017183163782059,-0.0003107327085555404
1869.0970442421417,1.6264789127690027,4.203276424444946,2.7537152863806424,3.7056056622683013,0.34434451018613466,8.606029876395361,30.30301493819768,-2.017343737329237,-0.0002886890203722691
2324.3756983943417,2.236018458306205,4.181611383530764,2.7556227337834316,3.6563564189338824,0.3476072844357698,7.293518855130492,29.646759427565247,-2.0611709689385576,-0.00029521456887153963
3003.842647402808,2.676989571967442,4.194177218275826,2.7798736286002543,3.652788688282246,0.3358180679852609,6.361734330737081,29.18086716536854,-1.9926852720820447,-0.0002716361359705217
1692.1298343755946,1.5262950166389926,4.194515230790136,2.7473989714613696,3.6610124384752756,0.34756224779883754,7.384685957693921,29.69234297884696,-2.0209780236101156,-0.000295124495597675
1335.4681770025613,1.4518531715749954,4.166418727178103,2.7444261161706227,3.6577055721253315,0.3545764438333822,8.048947327207634,30.024473663603818,-2.028400832287632,-0.00030915288766676424
1802.738913549181,1.7053915046745756,4.182615638751686,2.7461696625931524,3.660892083794711,0.3497300517028638,9.514122326591908,30.757061163295955,-1.9941095953143404,-0.0002994601034057276
1861.3554285030073,1.5774454217963791,4.213116879429929,2.758659246899393,3.713140662022357,0.3413642670929101,7.579966302560128,29.789983151280065,-2.020999230830299,-0.00028272853418582025
1628.072703656114,1.5558720138729683,4.184786515417566,2.748240518776941,3.674122216495964,0.34927060811255173,6.843937054648369,29.421968527324186,-2.0143718310038428,-0.0002985412162251034
1935.43827527606,1.7381090601744782,4.2055626082261846,2.763439576747483,3.6591313222177235,0.341198229135371,7.285324548443323,29.64266227422166,-2.0647749141095058,-0.0002823964582707419
2198.5680114247557,2.4554309455585464,4.16169882464851,2.763802366446214,3.684671898194907,0.3486646762004075,7.604068813485131,29.802034406742564,-1.9923439034496702,-0.0002973293524008149
1702.8983286658295,1.9183765729393123,4.160775933032143,2.7523666289159836,3.638558194564759,0.35285958568226666,7.067755797187261,29.53387789859363,-2.037161625645457,-0.00030571917136453316
2269.7649716840388,2.063797108654234,4.201990656890689,2.7659518955490086,3.6803146033312397,0.3408089980309489,6.7064532556521685,29.353226627826086,-2.038065457632433,-0.00028161799606189774
2237.964345974615,1.863599492432794,4.209421425788884,2.75420930298654,3.672482385944263,0.3430172068691087,8.788172430312246,30.394086215156122,-2.064043766265008,-0.00028603441373821725
3334.2286424135727,2.9921183257827324,4.20153755113943,2.776886091148138,3.6744922163740292,0.33713685805860544,5.304987992177547,28.652493996088772,-2.059743616653686,-0.00027427371611721084
1755.9315567543579,1.8143278355877979,4.164311385896167,2.744030747172175,3.6586333477409307,0.35377821962282335,8.021771019839164,30.010885509919582,-1.9826757812404747,-0.00030755643924564664
2206.5946007634807,1.9345000110462105,4.192811451733506,2.7525361251224476,3.644946191525075,0.3453072592289912,8.908530479751015,30.454265239875507,-2.010065181277426,-0.0002906145184579822
1588.1860022801159,1.4895238033600486,4.17891272475382,2.7443104145558053,3.653069524950356,0.3504383590414102,7.678524522722653,29.839262261361327,-1.9787874209526364,-0.0003008767180828203
1482.6046306589533,1.6635984390754421,4.165925073218467,2.746141545297946,3.709219030050785,0.3550667712569624,8.301073003188645,30.150536501594324,-2.025595128649837,-0.0003101335425139248
2458.245500815581,2.513686681992693,4.182499614019068,2.776159798162208,3.66558434626984,0.34103813400470967,7.50067238429217,29.750336192146086,-2.0429267544941374,-0.0002820762680094193
2813.44713451783,2.575200799467553,4.1831813239055675,2.7590652406080745,3.627408289374927,0.34446645562352124,6.448478961461205,29.224239480730603,-2.0124748647087918,-0.0002889329112470424
2709.597354875199,2.2519998461534034,4.198851305536621,2.7580816288262535,3.6346504505031514,0.341599034240342,8.632335291620425,30.31616764581021,-1.9886903393232074,-0.00028319806848068393
2418.941167856337,2.0482817844251637,4.203749053555052,2.7650603327428684,3.6533688604393326,0.3393396411764093,8.176136430628958,30.08806821531448,-2.005320141880519,-0.0002786792823528186
1369.4711986993202,1.431416867640324,4.163830886054189,2.7428220965695522,3.641859843980683,0.35434442559839335,9.94795195722181,30.973975978610905,-1.9934491758825623,-0.00030868885119678666
1840.6832043370675,1.9281938940469978,4.178733757599078,2.754815383835536,3.7115013091910014,0.34963126163061203,6.993427476380855,29.49671373819043,-2.0326461084029006,-0.0002992625232612239
2548.4219643829347,2.422734510505452,4.187448861126421,2.7652838696284534,3.6616548533627946,0.34292368557483444,6.769049996298647,29.384524998149324,-2.01799088295399,-0.0002858473711496688
1634.647061654844,1.4575269539856008,4.1938418973970695,2.7513813930736877,3.6225696575734214,0.3455287677917049,9.638298387456166,30.819149193728084,-2.0105543910213948,-0.00029105753558340976
2901.0847447193014,2.4875583650964797,4.204574111009184,2.7723690849340126,3.684663565489576,0.3369529022520868,8.14308603432393,30.071543017161964,-1.981720911433035,-0.0002739058045041735
2262.0285049865997,2.391620622486836,4.159612875982017,2.7475424939460256,3.6696015318420603,0.3539727922191804,8.475269716195015,30.237634858097508,-2.00972815541088,-0.0003079455844383607
1429.3207246333075,1.5721807234619203,4.157184827301312,2.7425435603773622,3.6562977959024905,0.35605224969150134,8.937133818340508,30.468566909170253,-1.9873712803439805,-0.00031210449938300273
1671.3006767946638,1.4569007402027057,4.209868362893149,2.7567432462102643,3.701177145605073,0.34267584786633665,6.939805473068761,29.46990273653438,-2.0304936439195997,-0.00028535169573267317
2303.6715370627553,2.09892090540211,4.184206366112642,2.7538375873916836,3.6471262746168187,0.34602466399897647,7.433564825740384,29.71678241287019,-1.9759078139514683,-0.0002920493279979528
3024.7239811219265,2.5422686867747664,4.206853031135275,2.7718841326888857,3.697684049386938,0.33700711864142346,6.198609997376721,29.09930499868836,-2.008180287191597,-0.00027401423728284685
2722.17951790459,2.6893518907830734,4.186905788276517,2.774561706874372,3.722474794424679,0.3409609067145341,5.916665637651467,28.958332818825735,-2.01805778884717,-0.0002819218134290682
1616.472378655444,1.5745048807281816,4.184225033577321,2.752871838788989,3.630810244741384,0.34779416731979856,6.590715821617511,29.295357910808754,-2.040754004659906,-0.0002955883346395969
1658.0634536028242,1.6369736635427843,4.187064122588152,2.7613167549323645,3.6893815585868532,0.34500748431638006,6.482951007503351,29.241475503751676,-2.010767489721961,-0.0002900149686327601
2128.3647401277617,2.2023213685789864,4.169189968865527,2.7558616761646344,3.6625588675995786,0.34917912529840994,8.754971633950873,30.377485816975437,-1.9875044072123929,-0.0002983582505968198
2221.2706373769533,2.052566257941361,4.194803560403026,2.763144732328866,3.6878699057975,0.34308018088544784,7.125180729887341,29.56259036494367,-2.0517794138823713,-0.0002861603617708956
1506.5032786900904,1.509961925309654,4.1787689449316465,2.7467758762801906,3.6852477981167686,0.35132921895938274,6.846491843187929,29.423245921593963,-2.018949585233802,-0.0003026584379187654
2450.286145470253,2.4064821448075997,4.184501998842929,2.76565836791566,3.6871909979635054,0.3443311663613764,7.3643588636550685,29.682179431827535,-2.056090588909299,-0.00028866233272275264
1115.066092966711,1.2217559613456728,4.167719180545884,2.7473811507222132,3.680971976092831,0.3534244567426449,10.726361168556394,31.363180584278197,-2.005674543084584,-0.00030684891348528966
2124.9315315997046,2.344767612838779,4.1558625707105055,2.757237795554812,3.6670326452775686,0.3514426235441222,7.447727900005044,29.72386395000252,-1.9957700090370938,-0.0003028852470882443
2445.7940298183994,2.1349432265374992,4.20074822615633,2.7654826936807666,3.707437933835754,0.3404459354539021,7.432583483474532,29.716291741737265,-2.002213617312597,-0.0002808918709078042
1501.7098323152131,1.455091897849101,4.17393670447283,2.746076625402134,3.646677301482964,0.35067369390618347,9.059140812770394,30.529570406385197,-1.9675905542135754,-0.0003013473878123668
2510.009057851178,2.158365854195795,4.1980318686301406,2.7623449770166615,3.6996252424497404,0.3413440665195616,7.603823581019421,29.80191179050971,-1.9857831965746366,-0.00028268813303912314
1573.158753778836,1.5956188267069777,4.174021771062881,2.7463144645160895,3.625536539222571,0.35171132012500184,8.714655788104846,30.357327894052425,-2.034814996946307,-0.0003034226402500036
2041.2273994428829,2.2107646006420367,4.15723067499001,2.750130317018934,3.6530265305688956,0.35347418330637065,8.324625115198213,30.16231255759911,-2.007606371242663,-0.00030694836661274133
1486.2850725840908,1.5764113367957324,4.169917478735691,2.7432456129429883,3.7097155026941753,0.35480650055145,8.928210908991824,30.46410545449591,-2.0195788277193856,-0.0003096130011028999
1743.9034334600472,1.4714070242683859,4.213488965834403,2.758669208782454,3.6684058431927005,0.3411188874382774,9.148235685928046,30.57411784296402,-2.0560464144950665,-0.0002822377748765547
2640.4580350525157,2.3436256737169123,4.192712228872481,2.76004452512826,3.682353118019759,0.34307192915230533,6.008015023454938,29.00400751172747,-1.9910785487772615,-0.00028614385830461064
2833.809858252658,3.160897999660905,4.167598476720363,2.770605707846438,3.7254157187012034,0.34664335302060484,5.631904045528557,28.81595202276428,-2.0385584074393464,-0.00029328670604120946
1760.355111428893,1.8538310157254883,4.1655545323177465,2.746712140015572,3.650388519451164,0.35311448082725627,7.554958481989911,29.777479240994957,-2.004369354430348,-0.0003062289616545124
2953.934919094174,3.2070729481801252,4.165521408579404,2.7666843123995495,3.7187315034356265,0.34735422276944083,6.707682291652883,29.353841145826443,-2.000307865875757,-0.00029470844553888164
2364.4182175032897,2.0211017241639686,4.206655810308275,2.771197101917142,3.636213067957336,0.33696099733115903,8.446460034434763,30.223230017217382,-2.0193671766107792,-0.000273921994662318
2003.223894231124,2.07991210850797,4.164690388130359,2.745127610434701,3.6511593008969387,0.3539240164597066,7.629185085853709,29.814592542926853,-2.0279666687014437,-0.0003078480329194131
1425.6247979584637,1.4399455915545345,4.174993578412252,2.7431173368527597,3.64406421729134,0.3532033246422859,8.556545378385103,30.27827268919255,-2.0566230366542064,-0.0003064066492845717
2154.382355378083,2.296850151430043,4.173085538834812,2.763547023357726,3.678426317916098,0.3473609284511164,6.331351991016223,29.16567599550811,-2.0485559744816944,-0.0002947218569022326
1807.899784043912,1.9517482913639843,4.167002476073112,2.7523588137222403,3.682807806260584,0.351576603359189,7.516982984519754,29.75849149225988,-1.9997558185550308,-0.00030315320671837795
2237.267800113988,2.348576793425033,4.174168067299558,2.763917613637251,3.69197450928714,0.34613984593376684,7.176434567013266,29.588217283506633,-1.9800917377429545,-0.0002922796918675337
2312.857139011479,2.390236752850796,4.172484459845577,2.760355066696563,3.694570739066761,0.3475299744069966,8.095566170759058,30.04778308537953,-1.9868085161753057,-0.00029505994881399316
2350.861323569097,2.2984220719789534,4.177628307941161,2.7659964322397586,3.6541060425228618,0.34400820580459884,5.595532282989464,28.797766141494733,-2.005800605056364,-0.0002880164116091976
2225.1126822439596,2.030925817431836,4.198287190154697,2.7576592289272424,3.704952245954384,0.34432003459324606,8.54643023664927,30.273215118324636,-2.0290472318627777,-0.000288640069186492
2085.49338567072,2.2145890902491563,4.176327554472679,2.760268971303067,3.6586352745749133,0.34785661380499944,8.748601299030938,30.37430064951547,-2.0546621372413867,-0.0002957132276099988
2411.429641070813,2.5457620415133295,4.167494564214524,2.7704463477111614,3.6868186870514883,0.3446551819988245,6.064877134069666,29.032438567034834,-1.9697943363433978,-0.000289310363997649
1627.990369503158,1.6155389143578982,4.178618128039623,2.744043225061366,3.7019294458299368,0.35255026832173286,9.257888101067905,30.628944050533953,-2.0313394327980268,-0.00030510053664346566
1474.185199859497,1.385692518011567,4.1833974887779455,2.746186229237664,3.673637625264715,0.3496107954855874,9.933082047950323,30.96654102397516,-1.9889215235368232,-0.0002992215909711746
1974.7086434290043,1.960385202829255,4.177560663321497,2.744902707909062,3.6903869047959956,0.352225450139496,6.84365167883499,29.421825839417494,-2.031001854952554,-0.00030445090027899204
2581.654956120078,2.5340549904565988,4.181505561983362,2.7585433459489717,3.661601764194692,0.34693716075386966,7.312845656570033,29.656422828285017,-2.0608798721713137,-0.00029387432150773933
2639.817729543866,2.585280475145549,4.181932928405662,2.778495545093775,3.6516503549505104,0.33904225840489505,6.1668744726604166,29.08343723633021,-2.0021251661071493,-0.00027808451680979006
2318.1261536362113,2.1481166422098634,4.19138001356838,2.76534689368583,3.638085804703391,0.34185132698599696,5.764468864972534,28.882234432486268,-2.0241721706799978,-0.0002837026539719939
1453.9957955927687,1.5397927623482945,4.162875341507527,2.7426525982806176,3.661320256586926,0.3546635690371081,10.291328403175305,31.145664201587653,-1.9740964782300865,-0.0003093271380742161
3075.11151185659,2.6965804586342816,4.2044746586067125,2.774126407905575,3.684269016172297,0.3374815785535036,6.050417469390238,29.02520873469512,-2.0551577601417867,-0.0002749631571070071
1671.5611901360296,1.688714771578165,4.168301882888691,2.739862703896791,3.626508770918618,0.3546329845016125,7.416211596435946,29.70810579821797,-2.0321776920525845,-0.00030926596900322496
2273.1189279141554,1.9163308319663617,4.207313954199816,2.764606318046491,3.670634197877925,0.3394067048462629,5.759605749930667,28.879802874965335,-2.0231410870023967,-0.0002788134096925257
1323.2058380010337,1.1443688015995996,4.197121936011073,2.7498293024199434,3.621892176594048,0.34522850252124476,9.942250861758746,30.971125430879372,-2.006072184834318,-0.00029045700504248947
1954.4621118307796,1.6997288761820508,4.195819426678472,2.749075963377453,3.6422285175125273,0.34607541666419545,8.947079265156102,30.473539632578053,-2.0153614495426213,-0.00029215083332839086
1307.4107969166328,1.4035805085643944,4.156664490452116,2.733317733068571,3.6585373949969497,0.3591736424385639,10.408279714918486,31.204139857459243,-1.9972776007220727,-0.00031834728487712766
1999.239082413706,1.8998604128966716,4.191236673789117,2.7580017145554407,3.6767649283376977,0.34549201318856476,6.074791674300101,29.03739583715005,-2.0484214448510483,-0.00029098402637712953
2270.9559467249824,2.545045596741969,4.163508167391886,2.766297168415475,3.6969388427407495,0.3477329843992985,7.341597519864803,29.670798759932403,-1.9923415424046482,-0.0002954659687985969
2942.9779625322763,2.731707637299784,4.191602397456542,2.7755038658562747,3.6800122236178647,0.3387907546515241,5.921440708670167,28.960720354335084,-2.0178503067223272,-0.00027758150930304803
2362.4232251468916,2.508977441974198,4.16271081236474,2.75613480477012,3.6645514907625083,0.3507334493695505,7.2564417827442975,29.62822089137215,-2.0204841710825905,-0.00030146689873910084
2240.8379365492024,1.9831836355787695,4.200351894066101,2.753928537788053,3.7157271774837484,0.3449651248704494,7.346432684234058,29.67321634211703,-2.0129980839435944,-0.0002899302497408986
1160.9678966965323,1.2183509087032236,4.171471793227093,2.7447531308469504,3.6510986923132225,0.35332259894163287,9.883267065245507,30.941633532622753,-2.0310323990588968,-0.00030664519788326574
1040.0392442100097,1.144651570846858,4.15785770516034,2.7405698865348724,3.6238415950883787,0.356637579372985,8.851658435951434,30.425829217975718,-2.020941660680925,-0.0003132751587459699
1190.5504218208648,1.2984311973254454,4.154728969602745,2.73562222278769,3.661166713661646,0.35859666467484563,7.154772946809851,29.577386473404925,-1.9774471923724868,-0.0003171933293496912
1968.2259855586062,1.83956165908512,4.19402579588625,2.7628831687912583,3.638679351008178,0.34243025154446516,6.326374528125355,29.163187264062678,-2.0164593204454286,-0.0002848605030889303
1511.2937873753467,1.5153327297416102,4.166712076192201,2.7422738482808704,3.6166308279021817,0.3533811865191981,7.151124623946296,29.575562311973147,-2.009555233426474,-0.0003067623730383961
2601.112273175296,2.5754922602680734,4.176072950828823,2.7590538383103977,3.679292340939488,0.34684821169530394,7.833076473193167,29.916538236596583,-1.9894809551479928,-0.0002936964233906078
1438.0809797349227,1.4616574450989628,4.183184875818857,2.7507758306285717,3.695732489245679,0.34989651268342387,7.260095281026529,29.630047640513265,-2.035793158739691,-0.00029979302536684753
1456.391544016779,1.4078994081118301,4.1853341849535095,2.7503964729266555,3.6400686860991347,0.34826918707058085,9.398121821938915,30.699060910969457,-2.017346086950848,-0.0002965383741411617
2331.7847865821122,2.023232082709195,4.211879028018319,2.770872950955108,3.6890427728407955,0.3376115606974612,7.7546529065127086,29.877326453256355,-2.050316085748346,-0.0002752231213949223
2263.2257723352136,2.0375553549168735,4.191695643064028,2.755916748132787,3.6530195262159197,0.34474908662729614,8.943571443355877,30.47178572167794,-2.011486005917728,-0.0002894981732545923
2280.7808077204645,2.2993595544019536,4.178239718701749,2.7596897637847047,3.660807810698832,0.34665252702791993,7.664699450075014,29.832349725037506,-2.0115659524537115,-0.0002933050540558397
1961.6574861999318,2.191891111643191,4.158851997699631,2.7587808255192585,3.6461682132835227,0.3508632415122289,6.421906590432147,29.210953295216072,-2.033659422788208,-0.0003017264830244577
1571.2731024601344,1.5091278757502695,4.1878090557280006,2.7433437643208927,3.6828963385843556,0.3511704176824541,8.600057838198893,30.300028919099447,-2.048717982926016,-0.0003023408353649081
3287.4749244041027,3.011977120115723,4.195609979838855,2.771213962923728,3.7128598377017905,0.33987134942947894,7.538048307902911,29.769024153951456,-2.0101624359104995,-0.00027974269885895793
1530.2114621733726,1.6566205011056607,4.162896188074903,2.7528350225374885,3.640361667689094,0.35123151320312596,7.902604079896387,29.951302039948192,-1.9818260965583625,-0.00030246302640625185
1422.2959394769425,1.3587404136311838,4.184776918142626,2.749558622583888,3.66264587599992,0.34832096278493785,9.74450762621804,30.87225381310902,-1.9843641175618325,-0.0002966419255698756
2417.9234832727197,2.3010690444846453,4.185012707655946,2.7533916377519754,3.6917385617721923,0.347831282319108,6.432980617767226,29.216490308883614,-2.0325609219917573,-0.0002956625646382159
2814.3268072070223,2.751636834181086,4.184597844985576,2.771917906477485,3.6711707642317446,0.3413542418819014,7.537297539955778,29.76864876997789,-2.010391836136993,-0.0002827084837638027
1625.0015476456542,1.51992544445203,4.188338389221566,2.749246109124404,3.6761172433826674,0.3483695475593354,9.206757007495213,30.603378503747606,-2.0261289825812168,-0.00029673909511867077
1488.4475102921967,1.4875784156158118,4.168827591262066,2.739016739839219,3.6316836041164424,0.3542539403925905,10.398641359738274,31.19932067986914,-1.989409686600626,-0.0003085078807851809
2586.0441173243735,2.5598128813006307,4.181995609617471,2.770789315991032,3.678899475210713,0.3417124530494391,5.5998216035246315,28.799910801762316,-1.9638048752474802,-0.0002834249060988781
1579.2477650965877,1.500077558265186,4.187513948664898,2.7554314038038106,3.6921416864165613,0.34614045243454,6.231536757771163,29.115768378885583,-1.9790540011100877,-0.0002922809048690799
2314.7145566547974,2.4612171503335225,4.171471040789772,2.7626124438300677,3.675460305828532,0.3475812217584688,5.88462319947052,28.94231159973526,-2.0296709840429914,-0.00029516244351693755
2203.8886717881446,2.231219419905488,4.179830074357677,2.755882972905152,3.689590940470484,0.34846933835292565,8.56746448016603,30.283732240083015,-2.0377900955287145,-0.00029693867670585125
2021.7237761587248,2.174697067614081,4.162473723604489,2.7438033552482115,3.6882685378448863,0.35570416964153523,6.740117871782556,29.37005893589128,-2.038974461818443,-0.00031140833928307033
2152.7878539601843,1.9392483689478601,4.203248868808513,2.7616577090351564,3.691058565031251,0.3422021898526271,6.123070972818746,29.061535486409372,-2.044530726726172,-0.00028440437970525415
1760.5820842909143,1.7152001108920476,4.184910779007374,2.7502112113061035,3.678539923242535,0.34909411186075345,9.777100796600816,30.88855039830041,-2.032113917771597,-0.0002981882237215069
2952.7947921119116,2.7711201654348567,4.201144501945966,2.776082729402782,3.7246762495351544,0.33819488458537333,7.565810191861861,29.782905095930932,-2.0268321576410537,-0.00027638976917074656
1389.7218316715575,1.380994531155146,4.178453021177635,2.7493409041237937,3.630579912002198,0.34956198484627693,10.4140910517267,31.20704552586335,-2.00602132537984,-0.0002991239696925538
1669.8363532347446,1.71049471816001,4.165686668403001,2.7457508542282665,3.6444962012777222,0.3530250223055012,8.9271612917124,30.4635806458562,-2.005598276944801,-0.00030605004461100227
2615.9002637983904,2.6770160587878746,4.180646189065556,2.7670950537456087,3.6882620099111603,0.34466738867162894,6.950534241820189,29.475267120910093,-2.0418078516765363,-0.00028933477734325783
3160.3197873869444,2.851666800249816,4.201366079402861,2.773644790363797,3.7191188925113736,0.3383669738536455,6.058489138484049,29.029244569242024,-2.0212140050667116,-0.0002767339477072908
1558.5208060180273,1.4998563676370378,4.183474449663786,2.754809444294032,3.6695035442600887,0.3466558992907357,8.42401772848392,30.21200886424196,-1.9695030773026407,-0.0002933117985814712
2435.0588512885683,2.5601215100795733,4.1768315453654346,2.7642496300791737,3.706289524837759,0.34669574135075937,6.288143208176974,29.144071604088488,-2.042594137795051,-0.00029339148270151856
2275.0906572224253,2.31865070479368,4.173569891803248,2.7633331508372168,3.637334477096093,0.34595935732615146,6.017954417777396,29.008977208888698,-2.0278941691019905,-0.00029191871465230294
1657.8360934906996,1.6955225356287544,4.178624058136162,2.757740319462721,3.662713744113312,0.3476198311187366,8.13459524988807,30.067297624944036,-2.0232069546868354,-0.0002952396622374732
1697.5674273649922,1.5682222084156452,4.185945965120595,2.7481447407365986,3.6907903980593577,0.348603458171746,9.02162363622989,30.510811818114945,-1.9908937869718732,-0.0002972069163434919
2306.273384164746,2.2237852657622748,4.188474088352348,2.7616957700336906,3.6882127609488715,0.34486870304050427,8.287292376767684,30.14364618838384,-2.0481583704434505,-0.00028973740608100854
1613.6283071060136,1.5812254925551938,4.181180150959946,2.7464775096826397,3.661978642522324,0.3507403442824161,7.4212523223603855,29.710626161180194,-2.0313682504919255,-0.0003014806885648322
1636.520864933869,1.5933203428127296,4.181065896395566,2.7531916592863097,3.643669193347387,0.34785881599671253,6.737620054152305,29.36881002707615,-2.0084880852912828,-0.0002957176319934249
1759.2944601133188,1.5166914291069014,4.200068132780545,2.7489918322580995,3.6339113046911153,0.3455892871937542,10.41033854698636,31.20516927349318,-2.0309932953816867,-0.00029117857438750827
3388.713961470035,2.8657221170375733,4.207865756250897,2.769702513211674,3.7153822286383895,0.33806838896212554,6.813024746539241,29.40651237326962,-2.021391095676304,-0.00027613677792425107
2846.9728866299492,2.9895612828775002,4.172950176490357,2.768758611812983,3.6806880796505665,0.34508176135464036,7.002657390823103,29.50132869541155,-2.022603094045379,-0.0002901635227092806
2544.8660309044412,2.5781956338808683,4.169905811073522,2.760262382766709,3.639203392246677,0.3473467192409572,7.862198843972291,29.931099421986147,-2.0180255634283983,-0.00029469343848191436
2006.9582973229628,2.089509717249091,4.168745071260874,2.7449161163452827,3.714922294230295,0.35426020494225546,6.2122390803980965,29.10611954019905,-2.0217068125207454,-0.00030852040988451083
1795.7808233472053,1.5891804571395547,4.2078034203841925,2.7569846984892252,3.701096314193752,0.3430601526203694,8.412118756907242,30.20605937845362,-2.0341166604204504,-0.00028612030524073867
1624.423919597732,1.8316035262277037,4.165384493530065,2.7497599127613976,3.6796599294576895,0.35388757055528336,6.816284037058565,29.408142018529283,-2.0527953646760326,-0.0003077751411105665
2639.8018118411105,2.3318657524514954,4.196052644303918,2.763317713169738,3.660062655225958,0.3419164266570252,5.914952055692383,28.95747602784619,-2.046674985336197,-0.00028383285331405036
3219.5230927801467,2.9730868443380722,4.186457364946196,2.7650935975101385,3.679022365153271,0.3427289543432642,7.0711410947374,29.5355705473687,-2.002836576259705,-0.00028545790868652834
2274.2821374455316,2.5193790424301166,4.160718536780074,2.755538693509613,3.665081031307633,0.352130592003831,6.086862287232657,29.043431143616328,-2.0500164389322832,-0.000304261184007662
2334.747652220601,2.581127207180163,4.154626575280568,2.759360999824719,3.646683801209431,0.3506308473681995,6.854128911512703,29.42706445575635,-1.9979421406794984,-0.0003012616947363989
1439.931777493263,1.3407297839282837,4.187513163568017,2.739852991523506,3.6604946261699074,0.3515147410726992,7.07833110465459,29.539165552327294,-2.0292992031764334,-0.0003030294821453982
2574.8033180721472,2.5014326687600033,4.1742192227959185,2.7561984242113415,3.655169559902049,0.347660847016069,5.682505347458614,28.841252673729308,-1.997985338586274,-0.00029532169403213783
2362.8629207974736,2.4023175100387957,4.168723547145544,2.7531153795778156,3.652105118129363,0.3500218461283387,6.626535625312057,29.31326781265603,-2.0010036630264874,-0.0003000436922566774
2172.566518380164,2.3081241458740642,4.1535962309118775,2.745331112540468,3.6302326740304314,0.354927412612558,8.609747467328045,30.304873733664024,-2.000570892463694,-0.0003098548252251159
1739.383661640829,1.7223677329149867,4.179861474557335,2.7483210505659557,3.7071907553215673,0.35094983054938433,8.951463291890443,30.47573164594522,-2.0308474853031857,-0.00030189966109876867
3140.843045989959,3.1517852187662454,4.189503907264397,2.7809954151525447,3.711598598298012,0.3387544843392968,6.660697065479209,29.330348532739606,-2.0419135419324634,-0.0002775089686785935
2246.8619093554435,1.8912763104853907,4.206245095100218,2.762043672645261,3.647402472568241,0.34022207541359023,6.043374171282972,29.021687085641485,-2.029470286974567,-0.0002804441508271803
1737.3433094105524,1.5175084600784006,4.192662530498671,2.7513772822231,3.6424890288171903,0.3454356107224794,7.5224613464454855,29.76123067322274,-1.9915997171783748,-0.0002908712214449588
2298.0619993750606,1.9993773604884435,4.19368656148205,2.759526336575195,3.623978104609362,0.3424247045836835,8.204551345993844,30.10227567299692,-2.0194475015412476,-0.0002848494091673669
2488.0443340696647,2.114739224087341,4.2027290364906085,2.7652958849693716,3.6477992814320332,0.33928720829912246,7.032275888436429,29.516137944218215,-1.9985699996492015,-0.0002785744165982448
3368.033611492484,2.9212707702260485,4.207269861598153,2.7821272601597333,3.7163340482261122,0.33412511011714796,5.453305970296208,28.726652985148103,-2.0137615127397925,-0.00026825022023429574
1734.861221430462,1.809697701867253,4.167108290007005,2.748336830151146,3.643196302055886,0.352270978717181,9.397107993515403,30.698553996757703,-2.01457391361417,-0.0003045419574343619
2781.546072199726,2.573871138390117,4.192909746454201,2.776418295740256,3.6881921977324925,0.3380254433282394,6.044668407424594,29.022334203712298,-1.9899689912724763,-0.0002760508866564788
2201.2165210080193,2.3456960635333965,4.172661353266474,2.7572537583073973,3.713634285311484,0.34984380177528146,5.96765516811325,28.983827584056627,-2.034584487829112,-0.0002996876035505628
2698.2308197563157,2.321306664299479,4.204865810655827,2.76562818422783,3.6697792904068303,0.33975114163556214,7.798819249836572,29.899409624918285,-2.037180381855342,-0.0002795022832711243
2637.726000531412,2.5465875356615046,4.175188902589128,2.764122225783318,3.6706741328879002,0.3447149294196223,6.610799020751285,29.305399510375644,-1.9830578360329403,-0.00028942985883924447
2726.8507665020184,2.542735672836017,4.197640378771212,2.776804702908627,3.6779501757368434,0.3377197919585891,6.018742613033259,29.00937130651663,-2.023815125069693,-0.0002754395839171781
1331.9713511377952,1.204362267144146,4.197347759645032,2.74989995451882,3.6534923469003058,0.3465264814354575,7.997516059438845,29.998758029719422,-2.037805065860087,-0.0002930529628709149
2658.535788983229,2.5911332974811088,4.1858892699123755,2.7659254273054024,3.7028692561284866,0.3439907533219693,6.538796503632128,29.269398251816064,-2.044506716866397,-0.0002879815066439386
2066.3487418134227,1.8427918540177055,4.190643760729755,2.7551484538742046,3.6781817283778864,0.3448436801742801,6.505901798870881,29.25295089943544,-1.976130505296727,-0.00028968736034855997
1740.8448906763651,1.5161132630731513,4.196545016366121,2.7517653489803924,3.654079321328706,0.34512158587471986,8.412371349263136,30.20618567463157,-2.007343367567677,-0.0002902431717494396
1536.6984964081962,1.656437336518602,4.1606194348268035,2.7446054247829568,3.685467162182271,0.3552536808344739,9.161706658498517,30.58085332924926,-2.008301033028809,-0.00031050736166894773
1270.1315076409776,1.3877228461274056,4.163576297984789,2.749032973643942,3.633929226814661,0.3528849128288959,7.471186600659253,29.735593300329626,-2.0127067892521335,-0.00030576982565779165
2840.3438951794956,2.6205817786420913,4.196784136666676,2.781344489744899,3.7116786217250515,0.3359780723712971,6.82588651364619,29.412943256823095,-1.9820458330211939,-0.0002719561447425943
1990.6747712107306,1.8857995976328834,4.184666331166693,2.7562513739103256,3.6470214915268455,0.3457054646127852,6.596257911783865,29.298128955891933,-1.980529787452714,-0.00029141092922557027
2073.018399587524,2.1370869792879987,4.180233243219097,2.758079168706746,3.6673035264400435,0.34790742650598105,6.863474607019052,29.431737303509525,-2.058892328475856,-0.00029581485301196205
1718.6477703603655,1.8689594742899875,4.160857441234504,2.740991497599545,3.6574367494145843,0.35683460043178616,9.773361033119814,30.886680516559906,-2.0509690909389704,-0.0003136692008635723
2070.3071402074256,2.1216198758639364,4.171065176088881,2.7530739635686663,3.672520552485064,0.34999953501137976,6.927872118373573,29.463936059186786,-1.9960989388384793,-0.0002999990700227594
1754.6494159510137,1.5323774576642089,4.198468102532144,2.7605259090966867,3.632985030972853,0.3414771036764146,8.594093881012705,30.297046940506352,-1.9892841489353061,-0.00028295420735282916
2445.3388441248962,2.2249727918056084,4.191636874998381,2.7671910522775853,3.672077554100801,0.3406588811189068,5.909052415389967,28.954526207694983,-1.9638915924989053,-0.00028131776223781356
1518.1865320824088,1.5667413068912581,4.170690403594998,2.7410116980010164,3.697766203651055,0.3546360188302422,7.888405000672531,29.944202500336267,-1.9975041502783637,-0.0003092720376604843
1530.618912266773,1.4531282255316502,4.190485536273637,2.7503080714802857,3.6856221925948236,0.34811323028557,6.720940090987268,29.360470045493635,-2.0321615497927117,-0.00029622646057114
2597.6402828108926,2.385348252877784,4.1926227876642175,2.7711281674583197,3.633696942518819,0.33938998466140735,6.346388296589284,29.17319414829464,-2.0193738015874585,-0.00027877996932281456
1344.7336486328634,1.4460683541908896,4.15731249947747,2.7412862858012823,3.639143966743234,0.35612849187569134,7.704089473068548,29.852044736534275,-1.9982991917159079,-0.00031225698375138267
2220.777474489884,1.9460598183756497,4.202882663526252,2.7662358894324326,3.6493055240487915,0.3394525255073757,6.385316799242801,29.1926583996214,-2.0061013359452247,-0.0002789050510147514
2092.3725203353993,1.965998936878065,4.19044630001284,2.7656578645282073,3.6376811004830496,0.3416891770796842,7.451758627354159,29.72587931367708,-1.9957666434563712,-0.0002833783541593683
3034.8373801809266,2.7201480709904056,4.19580651848865,2.7706770082174352,3.7037337313397782,0.3396725259285337,6.892645112094815,29.446322556047406,-2.013459569018833,-0.0002793450518570672
2518.5256255301624,2.7574514257686245,4.174337351728201,2.7662513964338205,3.727127900801772,0.3469020227380624,6.983480541831572,29.491740270915784,-2.025231235823092,-0.0002938040454761248
1233.0313021265226,1.293148726358128,4.164549002642277,2.732858584095185,3.644540997276743,0.35862456618997807,9.435201591781357,30.71760079589068,-2.0576347010003375,-0.00031724913237995603
3198.1459135369073,2.8436892084675276,4.199989157564684,2.777055143709384,3.6829825220894494,0.3363313423088054,7.300944477507891,29.650472238753945,-1.9828159023879648,-0.0002726626846176107
1639.1695377460096,1.7015691912971076,4.1659154227857,2.7474860068673816,3.633619918916061,0.3521903303767879,7.703544317461169,29.851772158730583,-1.9894092022477865,-0.0003043806607535756
2599.4822635142423,2.4990151959216296,4.189472400147421,2.7719670943145047,3.682707903978072,0.34103206765215943,7.340398139687798,29.6701990698439,-2.0414374182057364,-0.00028206413530431875
2127.6789968222993,1.9868535244850758,4.196518680747102,2.7666669009626506,3.6871448431505747,0.3414043878850942,5.764858375691064,28.88242918784553,-2.0200184467068434,-0.0002828087757701883
3306.0306102329982,3.04853688789807,4.201722689144298,2.7811462920166523,3.7012267936753176,0.3359441322701228,6.498727110997892,29.249363555498945,-2.0327656950187305,-0.0002718882645402456
2045.5118186215777,2.061170869985943,4.175204660591604,2.7613994771597734,3.645709454947932,0.34648937225581417,6.9433615152012,29.471680757600602,-2.030837937559238,-0.0002929787445116283
2769.002130494895,2.8913683362630707,4.160806370250063,2.756571232722477,3.687500848227526,0.35039483174727626,7.519721537028062,29.75986076851403,-1.9837561190658868,-0.0003007896634945525
2672.853862993795,2.4552792957577303,4.186842999201169,2.761566841066455,3.6389386389567298,0.3434176000613408,7.8853464275355885,29.942673213767794,-2.008581987315582,-0.00028683520012268154
2386.843384583086,2.2463384071821695,4.185671424687696,2.76757607309385,3.6710896667186685,0.34176157619927355,6.09765079264238,29.04882539632119,-1.9718538920578141,-0.000283523152398547
1132.5887167104556,1.2118268033308848,4.163322629425407,2.736905427936471,3.6400421525600133,0.35738766892607843,8.753706758748153,30.376853379374076,-2.0428094073467804,-0.0003147753378521567
2812.2266399132145,2.515566635965296,4.19115604889367,2.759151660947747,3.6950687681572663,0.343799980850802,6.836002483273324,29.418001241636663,-1.9913857841988833,-0.0002875999617016039
3246.790000845226,2.7481433206805344,4.197679896571504,2.770461681393572,3.6456236405895024,0.33806888441596955,6.5909169448072324,29.295458472403617,-2.010127787781614,-0.00027613776883193906
1174.9901278936634,1.2846096931371942,4.16202562670065,2.742677920440968,3.6306136507733027,0.3556262299009768,10.35986763291579,31.179933816457897,-2.03906483761736,-0.0003112524598019536
1634.1428748337657,1.684732275242631,4.174449018373332,2.758478776886433,3.642698941774937,0.3472808446676928,7.714753195331584,29.85737659766579,-1.987624656593248,-0.0002945616893353855
2086.184199664892,1.7845586084599834,4.20462554983944,2.759137866128061,3.69965578689849,0.3419580565363429,7.746157268148141,29.87307863407407,-2.0137222623359485,-0.0002839161130726858
2060.5200813674255,1.7995393723970035,4.199285724505362,2.7532840629280586,3.677662440381157,0.3448760310331904,7.2388571370999495,29.619428568549974,-2.035731124412497,-0.0002897520620663808
2874.87900645605,2.8353859094434677,4.17868467271806,2.773110836857967,3.6442107269673434,0.34129166364048036,6.131024654334446,29.065512327167223,-2.0034091463100894,-0.0002825833272809607
1905.1920960428808,1.8822399627573971,4.183046892292559,2.7628709580006054,3.681481314673483,0.34456047922258204,6.831517874227031,29.415758937113516,-1.9835696563549368,-0.000289120958445164
2012.3804995938015,2.054274102987465,4.173860988496954,2.7613725110550713,3.6880152366745036,0.34667016987400856,6.067062344199697,29.03353117209985,-1.978849173576764,-0.00029334033974801705
2676.5936826084503,2.3933067308078804,4.2071612456967,2.7744133236647466,3.729262767396949,0.3374843185163593,5.952129125161953,28.976064562580977,-2.0206262891182445,-0.00027496863703271846
1702.8538652838922,1.877151229932914,4.169768491592449,2.757377287726197,3.66402906450414,0.35021246268256256,6.737642486836964,29.36882124341848,-2.0527893582641403,-0.00030042492536512506
1372.2390911569887,1.468875237784031,4.169524077204553,2.7470829220263826,3.6583053842502853,0.3532194029800527,8.52753408709825,30.263767043549123,-2.039890704535223,-0.0003064388059601053
2061.452845102213,2.133432046069366,4.173528012033529,2.762679203921948,3.6727377913168526,0.34615971360354925,8.15694210586067,30.078471052930336,-1.9715506216717007,-0.0002923194272070984
1964.8742303004617,1.7231989186475622,4.201476158691058,2.7515785486427213,3.70454806085504,0.3455320849220054,7.175702823856429,29.587851411928213,-2.0310572832498615,-0.00029106416984401066
1663.9518733477448,1.7853222579036951,4.16057549807947,2.7420410534259188,3.690329611875469,0.35577855703988764,9.178377228558691,30.589188614279344,-1.9808310020745825,-0.0003115571140797753
2770.437759839819,2.427335130554727,4.1916527870564915,2.766596376457176,3.6503121266572136,0.3404926667449658,6.666347574797893,29.333173787398948,-1.9971272691480815,-0.00028098533348993156
1802.0645320046485,1.9055735295403664,4.172190056563626,2.754092087699486,3.693837874668622,0.3506829091354409,6.175346209387877,29.087673104693938,-2.038122033770302,-0.0003013658182708818
2185.739302342701,2.3524394315677903,4.168529249435897,2.756106577646902,3.6995919501980037,0.35072034287472736,7.166728509427112,29.583364254713555,-2.0349015812757183,-0.00030144068574945466
1882.876916971033,1.76792283201974,4.196774331377547,2.7647627353644233,3.6847086339113475,0.342150927347815,5.860267399757137,28.930133699878567,-2.026680385198889,-0.00028430185469562996
2453.3695463427866,2.3602310279847005,4.181696403494921,2.759775702510635,3.677794726514243,0.34576822711035643,7.219896905342834,29.609948452671418,-2.010549362958509,-0.0002915364542207127
1871.5303154801347,1.6885907935625473,4.199538892003061,2.7579327075647897,3.6473531062606894,0.3433396405979932,8.934920001170887,30.467460000585444,-2.0314325872202224,-0.00028667928119598633
2505.832469375794,2.1968910551696763,4.193256690188369,2.7592433535240946,3.6793414124371626,0.3429244375990225,8.118897197468122,30.05944859873406,-1.977304786754415,-0.00028584887519804506
2713.3097979164318,2.5647881597732716,4.190764781849095,2.7642179985509268,3.712738689937577,0.3435038671385969,6.506868141227215,29.253434070613608,-2.028424326721893,-0.0002870077342771937
2876.788412082454,2.689322394314907,4.183772301567549,2.7676413439202805,3.6578180529591284,0.34212363243645016,5.366877867774234,28.683438933887118,-2.0041466236633645,-0.00028424726487290026
2143.389632046136,2.104081288277172,4.1790921418308455,2.7649785843528574,3.640372155200143,0.34406872634579067,6.518476469211868,29.259238234605935,-2.010464790262741,-0.00028813745269158116
1195.0937541323397,1.2398527222266285,4.167973703403253,2.738760149320018,3.6424360459515817,0.3557332677096257,7.960466130506977,29.98023306525349,-2.0401058807487242,-0.0003114665354192513
2801.1264708467093,2.7427162046652547,4.17973810964273,2.7594024202444167,3.68396793537797,0.34687534986971,6.338027142005919,29.16901357100296,-2.0450175454956225,-0.0002937506997394201
2527.7185603682688,2.254970620165359,4.193980813098901,2.755982428548175,3.6752966954898345,0.3446144639272324,7.584803778269367,29.792401889134684,-2.0164401841883435,-0.00028922892785446464
1598.0099194382112,1.4287308054529717,4.187964572528546,2.743967766403951,3.6554655706497323,0.34868342548315906,10.39522010594455,31.197610052972273,-1.9656686580337124,-0.00029736685096631805
2199.5050697783154,1.8883209947278032,4.198590576640002,2.755668562214436,3.6767815293711297,0.34313364401493496,7.3005107270333065,29.650255363516653,-1.9684539399583403,-0.00028626728802986985
2698.623575861981,2.702965744261947,4.169529401312985,2.765573820321805,3.63682973799845,0.3451779743837898,5.567380338255094,28.783690169127546,-2.0096608339819246,-0.0002903559487675795
2320.379605179338,2.1228777370946785,4.182011833694141,2.75975100051747,3.6693541634997406,0.34440153509866256,7.459423236480067,29.72971161824003,-1.963686373271277,-0.00028880307019732513
1415.4028443834063,1.4805382803530884,4.170488036047066,2.7540128447053793,3.642988221501802,0.3495945190154379,9.18980407750062,30.59490203875031,-1.9927048055755805,-0.00029918903803087586
1888.904166613573,1.910659354330086,4.177777998253774,2.7618400428994048,3.6423170156209146,0.34577476745035435,8.037312659785956,30.018656329892977,-2.013084076848211,-0.00029154953490070863
2273.237975435233,2.124782354084243,4.18792708265271,2.7617991084877707,3.684606415495935,0.3438431487961272,7.8619721403785565,29.930986070189277,-1.9981460820638068,-0.00028768629759225433
2151.508895162641,1.9732140327902135,4.194274765140834,2.762330435086799,3.6638385962094677,0.34307963790067453,5.625696309853792,28.812848154926897,-2.051780429595945,-0.0002861592758013491
2052.5898152442073,1.9351892002672682,4.193996125404754,2.7572149956668084,3.6724316304723406,0.3455268390990136,8.998793455717411,30.499396727858706,-2.0687526247471313,-0.00029105367819802724
2994.5928054726655,2.593821232949837,4.20126748408479,2.7829430110894657,3.6796830239156293,0.33367541287692004,5.207108256148432,28.603554128074215,-1.972064399029409,-0.00026735082575384005
2879.9050136926944,3.0249433902037723,4.167276149814513,2.7694142643888617,3.6554385687784015,0.3450627494531984,7.06883762913289,29.534418814566443,-2.0060251896285237,-0.0002901254989063968
3361.722988714698,2.962534705369363,4.19441078962802,2.774477116800832,3.6657339683203394,0.33756784722958355,5.572774841634682,28.78638742081734,-1.9830728617346185,-0.000275135694459167
2844.8719599479086,2.8055958344562812,4.189237716801635,2.774410972390917,3.7288810141852244,0.3408705205902858,6.6502794881150065,29.325139744057502,-2.023556880538041,-0.0002817410411805716
1502.3203924892396,1.3855029231985154,4.188687429637019,2.7484737919880047,3.6409110852355218,0.3480174544972072,8.688196180276805,30.344098090138402,-2.024866216842446,-0.00029603490899441444
1430.4624056864827,1.3501485363720596,4.188707387903321,2.7529337039243513,3.6559076166683213,0.34647826464610704,9.903655186058215,30.95182759302911,-1.986366041741382,-0.0002929565292922141
3426.7346951571717,3.2280465231065083,4.193321338218896,2.7796231029868266,3.6863875626296987,0.337440779698697,5.507803049918793,28.753901524959396,-2.0197611528955566,-0.00027488155939739395
1831.1249863105027,2.039443950337695,4.161312569131221,2.758695908760802,3.682631520296787,0.35041501490851923,7.946469893295649,29.973234946647825,-1.9915716981427094,-0.0003008300298170383
1695.2855080160366,1.858876849567435,4.157683228996401,2.747384890038929,3.646484554557465,0.3541682212103463,8.156357808841397,30.0781789044207,-1.9888075134265386,-0.00030833644242069257
2125.9824652576144,1.899077909811632,4.198235843279836,2.7654204765502266,3.6876368561494823,0.3405467192937462,8.151369560117338,30.07568478005867,-1.9756086677187183,-0.0002810934385874922
1725.7314652952382,1.7101172127691389,4.181201359061108,2.754346983410563,3.633110570934127,0.3476469021691853,9.105130313247914,30.552565156623956,-2.019813609189956,-0.0002952938043383705
1800.6494636159025,1.672900920683803,4.196207335142576,2.7561081770152325,3.6707021313940706,0.3450719411859641,6.462028396759189,29.231014198379594,-2.0392691229912874,-0.0002901438823719281
2673.9969509559987,2.441653640742235,4.193737716714634,2.75855329858063,3.708854103846089,0.34448604265090965,5.6680015880522,28.8340007940261,-2.0193493887849,-0.00028897208530181924
2557.7098236002353,2.2851722936380923,4.199801561686319,2.7632771752366754,3.6732875897051827,0.3421059190541758,5.976142784980716,28.988071392490358,-2.073991688726985,-0.0002842118381083516
2052.689002765177,2.149649026522275,4.160949166360411,2.7462424764554885,3.633864534240601,0.3538841533371998,6.51527128447497,29.257635642237485,-2.02761138831585,-0.0003077683066743996
2940.45509738208,2.4648722575828454,4.198961393211969,2.7643605631297095,3.6371738375037856,0.33961501360198537,6.627741382560291,29.313870691280144,-1.9931726281376942,-0.0002792300272039706
1608.2568254408966,1.6198308355587765,4.181078708291612,2.748059149024597,3.7015728890143555,0.35074903911134836,8.25599355322319,30.127996776611596,-2.0095480721704453,-0.00030149807822269653
2157.8786904678245,1.8517054964443243,4.198885148573498,2.749717250139382,3.6509434871028232,0.34554033093605907,9.11167308318788,30.55583654159394,-2.027056765009763,-0.0002910806618721181
2406.2971182065694,2.514397255070545,4.163052775313582,2.756829622091835,3.6762076471406386,0.349602686540906,5.8441903871895535,28.922095193594778,-1.962422152547795,-0.00029920537308181184
3294.7047213245646,2.991254561470925,4.19156066757702,2.7691656261977804,3.6847931228083737,0.3406592157780044,6.604330965724566,29.302165482862282,-2.012140404683786,-0.0002813184315560086
2042.4849091407168,1.8929599329356515,4.18118406310111,2.7489210650349136,3.6420754738790344,0.3482287466336266,6.826098969679827,29.413049484839913,-1.9737074812556243,-0.00029645749326725313
2563.0582288239607,2.513351684417221,4.17135308337353,2.759697296050903,3.629757870002421,0.34667814179547074,7.929842423386152,29.964921211693074,-2.017406274868236,-0.0002933562835909413
1596.0032613689834,1.4798327427301523,4.194964080763179,2.7537557140288835,3.6960831429586776,0.3458699709727297,9.440400720737959,30.720200360368977,-2.0049176581854957,-0.0002917399419454594
1941.522700144715,1.8905677634909808,4.184202586095582,2.7526243567219706,3.640950982989118,0.34817754821712643,7.99943234308627,29.999716171543135,-2.0523693067931648,-0.00029635509643425277
1714.6728531703407,1.8741004015181215,4.163644184695956,2.7453592900056143,3.651597000660037,0.3549746962451772,6.883142040832936,29.44157102041647,-2.0539639194264327,-0.00030994939249035425
1465.6240582936582,1.6232638957149481,4.15985365392984,2.744801908318991,3.635409781812826,0.3554934924540608,9.84065129187763,30.920325645938817,-2.0451065145329004,-0.00031098698490812155
2365.5429231420167,2.4239431868971355,4.180158856576029,2.771690426918855,3.7040350799789428,0.34297799732771483,6.964848522958459,29.48242426147923,-2.0142423936567,-0.0002859559946554296
3345.3131074706985,2.8617888795969604,4.2027079527211635,2.772778127853254,3.6511138832112837,0.33716937832924854,7.050088145339872,29.525044072669935,-2.029682095875467,-0.0002743387566584971
1545.1667896548913,1.5056369418495195,4.182252199417139,2.7466330223645192,3.6569172464304365,0.3507445534993358,8.619871335250114,30.309935667625055,-2.0566478584986485,-0.00030148910699867153
2224.1667814340785,2.3045541273920285,4.172978475875231,2.765479887902037,3.6487081912817856,0.34532178302983874,6.045475438901055,29.02273771945053,-1.9984028046555067,-0.00029064356605967736
1073.0404854280107,1.114099834651758,4.158693550636977,2.732752532637714,3.652067088090663,0.3581481649213224,7.575787660864331,29.787893830432164,-1.9638395675847946,-0.0003162963298426447
1702.0162436780004,1.7477895347458587,4.174398579899921,2.7538549782130017,3.6312093002673866,0.3492740454837098,9.249650652839055,30.624825326419526,-2.0352123669668503,-0.0002985480909674196
1752.4535196966597,1.5348113700204031,4.199639770232215,2.7589346351692594,3.6544580326385687,0.3419260534645811,8.070582976687254,30.035291488343628,-1.9661438697635674,-0.0002838521069291622
2689.5727078569635,2.735167494404476,4.181182578686307,2.7733566242387813,3.718706569864728,0.342113530725762,6.280981805073757,29.14049090253688,-1.9950572453743962,-0.00028422706145152395
1838.1128068350238,1.7999272926867962,4.180395678033971,2.7550150628465113,3.6567700193716917,0.3476879709016698,5.968270607321837,28.984135303660917,-2.0198379610899484,-0.0002953759418033395
2380.531224972323,2.5291587023212783,4.163568214341289,2.7585387475933874,3.6433383088263187,0.3494697578970999,6.0113616536719725,29.005680826835984,-2.0194570786008,-0.00029893951579419974
2434.9506725951765,2.608914163947142,4.169221583497199,2.765708857799358,3.6615457381894734,0.3468359894580089,7.102612282383498,29.55130614119175,-2.0372632354878144,-0.00029367197891601776
1874.8166980056615,2.0481970505449536,4.159409484370354,2.751927940770725,3.6797296508277055,0.35311532312925037,7.625252016299043,29.812626008149522,-2.0175258092865604,-0.00030623064625850065
2426.4585114353135,2.6205325127605876,4.165412295009979,2.760808460544613,3.709296141065291,0.3496114215958234,6.204078585041469,29.102039292520736,-2.0296366266649337,-0.0002992228431916468
2261.3073257222354,1.932781167046979,4.203417295418633,2.7531932198365947,3.6512130228462136,0.34418275417878813,9.133822601846996,30.566911300923497,-2.0623959106017096,-0.00028836550835757615
2671.688108739818,2.517234253936032,4.194984064344674,2.769776536089992,3.7093295467704395,0.3406388074876198,5.65883030104271,28.829415150521356,-2.0002909414674526,-0.00028127761497523954
2352.231872852565,2.070559902813634,4.199328536493966,2.7699473546716433,3.6299173397132805,0.33844351504713827,6.414440186349203,29.2072200931746,-2.020748919982149,-0.00027688703009427643
2789.6541013826686,2.503869687726393,4.201399574005754,2.773928171982075,3.6546371856093796,0.33748370625513613,7.712533697713815,29.856266848856908,-2.01933772434769,-0.0002749674125102722
2254.040912202978,1.9093450192799295,4.207938238937673,2.7567066370950446,3.669427963493783,0.3423433776059724,7.877266399637468,29.938633199818735,-2.0456292151935895,-0.0002846867552119447
2040.5931435310986,2.088870847443823,4.169520926965072,2.758605598460934,3.644166200750469,0.34804572841081355,7.787283816799219,29.89364190839961,-2.0057939333272827,-0.000296091456821627
2751.686563910866,2.8204103831756115,4.182474888480709,2.778723899239192,3.715793546555024,0.34024028138462836,6.3196287655663435,29.15981438278317,-2.002851140130019,-0.00028048056276925665
1286.0733532872398,1.3712479441705998,4.176369808788775,2.7493675707802887,3.6851880198490043,0.35183884254441466,9.095249362378084,30.547624681189042,-2.045168302560617,-0.0003036776850888293
2707.1901750899606,2.6513716855997296,4.18283745212936,2.777755181263828,3.644317100637152,0.3392662831545081,6.936341877631456,29.468170938815728,-2.021714142756454,-0.0002785325663090161
2653.066029750143,2.335427056731564,4.1957171575555785,2.757342302066671,3.67603038488369,0.3438184501912185,7.655017793115734,29.827508896557866,-2.020885895721874,-0.00028763690038243687
2797.058202594714,2.5544580696942174,4.195408210322091,2.769784663082855,3.6501886782492163,0.34005004956548673,7.239867171761675,29.619933585880837,-2.0428817862686817,-0.0002801000991309733
1640.8809040489593,1.7077649910256956,4.164008234461849,2.742873368242275,3.64671031215734,0.3546859000707632,6.896105870858174,29.448052935429086,-2.0216898769711684,-0.0003093718001415264
2642.575943405703,2.5688953881455054,4.182991702980059,2.77245447161957,3.687723175581777,0.34121105957608794,6.576521391258473,29.288260695629237,-1.9890034094011528,-0.00028242211915217587
2404.5012342896034,2.6096447131263747,4.161705638751993,2.763608762222086,3.6431063996392807,0.34834622412334415,7.475763739308344,29.73788186965417,-2.0321530834991597,-0.0002966924482466882
1794.1978794555937,1.9799382301593784,4.168605449940179,2.756486135258018,3.6927310723175943,0.351013384545056,7.57964652209635,29.789823261048173,-2.051573397024641,-0.00030202676909011185
1797.9191805128114,1.7627300192333761,4.182550078087261,2.763596003361386,3.668636823760309,0.34390372441001915,6.8367176894131765,29.41835884470659,-1.9645746927717334,-0.00028780744882003827
1755.3089230577261,1.6907422148707383,4.17967934601518,2.7556179428637906,3.6292918253916286,0.34678600885361954,7.936991458203042,29.96849572910152,-2.0062979577968436,-0.0002935720177072391
1247.25971520488,1.3446219646169781,4.162084277023459,2.7379364443316376,3.630517040329395,0.35707834154443285,7.8314250417118485,29.915712520855923,-2.03711700519388,-0.0003141566830888656
1450.8134857429382,1.4643551371125811,4.172578480560076,2.7483544764419445,3.626556680084952,0.35082005578661124,7.863072235834412,29.931536117917204,-2.010080297807956,-0.0003016401115732224
1460.7888007150923,1.5628448537143516,4.163002820913983,2.747195713962122,3.623936274385773,0.3529792931837,8.055115639265697,30.027557819632847,-1.9989986588845543,-0.00030595858636739995
2467.965277429277,2.4294720797623515,4.180004291596467,2.7639123897103413,3.650049780569881,0.3448981808636874,6.384063823406556,29.19203191170328,-2.04041725785388,-0.0002897963617273747
1951.5684793400158,1.8396151674558698,4.187556644180729,2.7525367576637616,3.7033801906272474,0.3475769599368755,8.530315074539375,30.265157537269687,-2.0116127430806223,-0.000295153919873751
2342.2230909810582,1.9852628987937673,4.2077603717602265,2.760153415813187,3.6607902876811043,0.34123118478140585,8.681758767875294,30.340879383937647,-2.056619007377511,-0.0002824623695628116
1669.5248279090254,1.8464269826912605,4.1604115265811155,2.7447246079550025,3.646326523958489,0.3556452662353732,9.800697635011435,30.900348817505716,-2.0492327825714494,-0.0003112905324707463
2717.968403848438,3.034282811026964,4.159704200292561,2.7663387658728267,3.6927572487890483,0.3480567043751056,7.696890930695963,29.848445465347982,-1.9851023438921451,-0.000296113408750211
2200.3784163902915,2.087326835326582,4.178890431299741,2.7594512592971854,3.6587820829656046,0.3455191682739245,7.5244639572580025,29.762231978629,-1.9848549175759516,-0.0002910383365478488
1449.0414276751935,1.3003974782244805,4.199509451886313,2.751654516799521,3.654910825768847,0.3455705158960717,9.679620981817221,30.83981049090861,-2.0364957064967486,-0.0002911410317921433
2691.271162028487,2.430818588793327,4.194865877447384,2.767170877816227,3.710194657923306,0.34092234841189606,7.680595426726157,29.84029771336308,-1.9922385557795725,-0.000281844696823792
2332.228765403291,2.536601784520687,4.159812444592791,2.756042613027967,3.679706849595055,0.3510557196860524,7.3809749668602285,29.690487483430115,-1.9788407312933187,-0.00030211143937210476
3003.65430294795,2.57850039450058,4.20702913268578,2.7746838415751998,3.6504164075890437,0.3360147238619083,7.851192152892731,29.925596076446364,-2.023424783410631,-0.0002720294477238166
1408.8614358199643,1.4985255023481223,4.1581112205197615,2.7367060154692635,3.6401909713743876,0.3579127314723352,8.367232636458041,30.18361631822902,-2.0299608917326375,-0.00031582546294467033
1617.9261983865524,1.376684860637464,4.205643466993118,2.7492247421613163,3.640248630259185,0.3450385470107196,10.272157240475973,31.13607862023799,-2.0542286251618607,-0.0002900770940214393
1942.6687740826242,1.996249580367337,4.181481668101101,2.761137597695082,3.6859499459809633,0.34624347394231775,6.086628650977378,29.043314325488687,-2.012405226111397,-0.0002924869478846354
1582.6036963784254,1.671808672038821,4.175093012249286,2.7550478656634683,3.6544585335437336,0.3494123220565178,7.568953201313734,29.784476600656866,-2.0320313783127757,-0.0002988246441130354
3219.0960993833146,2.723082056001203,4.208357052412217,2.7684972625697704,3.678600155195243,0.3383652027502144,6.7622897534575985,29.3811448767288,-2.0493625803043187,-0.00027673040550042885
1980.6720095555572,2.069142918891253,4.167108932836112,2.746436418072236,3.6572013287692666,0.35346565191890394,8.514069295811776,30.25703464790589,-2.0403752236896606,-0.00030693130383780787
2942.9063533922504,3.0161311878060646,4.176939868455027,2.765850287368093,3.6847744344336943,0.3457931997896306,5.981987816393586,28.990993908196792,-2.0591685491333274,-0.00029158639957926105
1922.8566671256535,1.9162407517994469,4.181623075041895,2.762608648396765,3.6489889542968315,0.3446545700529539,8.693705116560531,30.346852558280265,-1.990708122493124,-0.00028930914010590774
2713.9778357048267,2.471831799995802,4.19690415404883,2.7633090916087792,3.693522795837158,0.342643612553755,7.3058138462420406,29.65290692312102,-2.052294462097313,-0.00028528722510750984
2759.8544073022686,2.4829676331693653,4.192104064854952,2.765798531856433,3.6387017755596185,0.3409628097088211,6.597856136354532,29.298928068177265,-2.001015614859511,-0.000281925619417642
1973.2541721159425,1.888333875668075,4.186859251562292,2.755771930902335,3.6347543219261933,0.34620279901558915,8.187443348709674,30.09372167435484,-2.0328852330682032,-0.0002924055980311782
2671.5748527564283,2.5528233635729074,4.193569442170926,2.76836597984394,3.7036832074770056,0.3417561899029881,6.225889525774028,29.112944762887015,-2.028989518667734,-0.00028351237980597625
2930.3497768939046,2.553431442033144,4.206672418145795,2.7784480818891084,3.697777611648822,0.33517129779996124,5.84986448296905,28.924932241484527,-1.9999500742119678,-0.0002703425955999225
3204.8603514954084,2.734311469684271,4.209843441446056,2.7736302745903516,3.6790191659320284,0.33666876121771466,6.301807081181851,29.150903540590924,-2.0586469653237405,-0.0002733375224354292
1965.7763003521688,1.90965805160335,4.175769348399517,2.7434510044605838,3.6767334418178623,0.35205319650686057,6.985416855661179,29.49270842783059,-1.995234340466006,-0.0003041063930137211
1687.6260306393597,1.7427820979465916,4.178286233106205,2.7526290835499947,3.704840154528458,0.3499403489290272,7.0125607666656355,29.506280383332818,-2.014880242102759,-0.0002998806978580543
3102.088411322855,3.0374164260631504,4.190239107258504,2.7746022385733466,3.7342777501404107,0.3406310350189849,7.236505893846225,29.618252946923114,-2.018394679259005,-0.0002812620700379697
1894.0648660403256,1.8260314286016723,4.181018611714841,2.7576156166322012,3.6363254842485873,0.34605146644515905,8.401730505603405,30.2008652528017,-2.0051873088525562,-0.00029210293289031814
1910.9643374584098,1.8079791397190221,4.192109401548989,2.7527934682897985,3.6909969154039106,0.3471556638156388,7.947477238152614,29.973738619076308,-2.038794734494875,-0.0002943113276312774
1294.4248288616973,1.389915914583196,4.166813183544283,2.737992062883646,3.701328901303024,0.3570352695564002,9.022836864550603,30.511418432275303,-2.018050867973841,-0.0003140705391128003
2352.9105701354106,2.3710428547507285,4.167169157257199,2.7533609925681235,3.6457382439070734,0.3501370738317172,8.191911380941189,30.095955690470596,-2.0166732557771065,-0.0003002741476634344
1770.0696458043826,1.7959100954389473,4.175831653568305,2.760896165243443,3.6616028298824004,0.34604088312664816,6.827234744519339,29.41361737225967,-1.965944901736481,-0.00029208176625329624
3621.7014239292025,3.0552187810432287,4.203043837333424,2.777155956152963,3.6459865057228025,0.3352329075713327,7.117364234647709,29.558682117323855,-2.0197145515881068,-0.0002704658151426653
2491.768995858019,2.194007632590916,4.196644993993731,2.7579936338341144,3.6978504487896524,0.3433129081412563,8.58942329663404,30.29471164831702,-1.9855883852975873,-0.0002866258162825125
2153.804541557208,1.8188154955342133,4.2056460132936015,2.751339374743611,3.7025908295153664,0.34439913397410216,6.807174259435666,29.403587129717835,-2.01404314809971,-0.0002887982679482043
2190.262042835312,2.141043991947957,4.172780356346239,2.7559896226808527,3.668503714486467,0.34803476708249387,6.50766946574,29.25383473287,-1.9889874830770162,-0.0002960695341649877
2711.8044550282652,2.5907632084241334,4.197652048580299,2.7707611490755224,3.712478238704848,0.3405965986277944,7.673822376263075,29.836911188131538,-2.034175404438785,-0.0002811931972555887
2320.6932914654626,2.1374959711974646,4.195396292127422,2.7605233201227715,3.7150728923828757,0.34393412001104795,7.437499238513107,29.718749619256553,-2.0291551555412153,-0.0002878682400220957
2691.959830830981,2.817643658611056,4.172334604181175,2.767213248216941,3.7232977400920046,0.34587559449172317,5.929449716964436,28.964724858482217,-1.999100009938741,-0.0002917511889834462
2653.9126733472463,2.705751447285369,4.1773826705285195,2.763987942187954,3.709093254063739,0.34585492275927276,7.0896013629285655,29.54480068146428,-2.002667246053132,-0.0002917098455185455
2309.4896394897437,2.206463892252192,4.184926266208766,2.766407781162651,3.662133663030146,0.3425402541705013,6.897471319563237,29.44873565978162,-1.9876252858853105,-0.00028508050834100243
1342.544896129437,1.3978769351038003,4.165890798865997,2.7410001925474603,3.616756974674663,0.35462436145727216,9.280742206421234,30.64037110321062,-2.0236752172938073,-0.0003092487229145443
1989.3316255910195,2.0415304786156767,4.174824746071994,2.755659833264142,3.6690882969427907,0.3492904631005969,5.90454963766216,28.95227481883108,-2.049008490314563,-0.0002985809262011937
1637.4142513644433,1.7645220216338133,4.156198976918261,2.742201662377355,3.6223780550965015,0.3560188541120002,7.058128617835379,29.52906430891769,-2.0242495633194197,-0.0003120377082240002
2932.3988911143365,2.592640868972779,4.203382658630727,2.7662548458967438,3.7092070072150487,0.3404087027760399,7.344004515125985,29.672002257562994,-2.031328343084976,-0.0002808174055520798
2313.753333487999,2.4694517339488957,4.164449598718808,2.765122904926853,3.662305513812158,0.34698942999978805,7.342299440395744,29.67114972019787,-1.9884723925571097,-0.000293978859999576
1817.1467970962353,1.6842098839541175,4.196657983915899,2.7622883618148872,3.6700522874592267,0.3427166043568481,7.5892416368096915,29.794620818404844,-2.027563270687167,-0.00028543320871369604
1307.0205671725814,1.340064247395116,4.171091824085427,2.7444881918573096,3.6284650564214136,0.3529576745375044,6.889548791154644,29.444774395577323,-2.0380823213881087,-0.00030591534907500873
1305.2166362925182,1.2951920352743276,4.18646652142811,2.7506550196217066,3.693897644985938,0.34897147915290183,7.575702695200814,29.78785134760041,-2.0177893129429876,-0.00029794295830580357
3402.843736475624,2.911783696800712,4.212907478040998,2.7785511303458956,3.728401415776882,0.3347412126336583,6.4437975359987405,29.22189876799937,-2.0146055068799167,-0.0002694824252673165
2287.247788372958,2.3402009427502564,4.167394106161629,2.7570679515113192,3.645492213357762,0.34870055656943394,8.457108710180771,30.228554355090385,-1.9925453244021345,-0.00029740111313886783
1886.4205162914136,1.911406970665518,4.175718094999591,2.7519352747361228,3.6830339754950057,0.34999193703296244,6.52558671614381,29.262793358071903,-2.0139936843095025,-0.00029998387406592476
3204.690674767523,3.1573245565462265,4.1891726671469645,2.780430043955477,3.6817232567364226,0.3384567122922985,7.021235721760401,29.5106178608802,-2.0424103530832802,-0.000276913424584597
2490.865026259896,2.4930272162630263,4.178643391915987,2.7594025662756017,3.6665805637663658,0.3469493752270369,6.380244051768963,29.19012202588448,-2.0326152837500047,-0.0002938987504540738
3493.6689464301394,2.954843931000628,4.205093081952056,2.776588917733965,3.6527392703699024,0.3354611202405639,6.788247339008001,29.394123669504,-2.0301254700219142,-0.00027092224048112773
1409.466930100385,1.4535096449468052,4.179010041893651,2.751421736327582,3.6607887848535783,0.3501867144999467,9.616486215420563,30.808243107710283,-2.0507865591217924,-0.0003003734289998933
2521.585801544877,2.124689917526218,4.2034036375700445,2.7623231195136295,3.69346275140562,0.34035787631475856,7.943281880220942,29.971640940110472,-1.9808143735604604,-0.0002807157526295171
1356.920726928879,1.469113797635876,4.167621793182375,2.745941628718473,3.6649694280388663,0.3538161735171957,9.2072009085106,30.6036004542553,-2.0204517965929893,-0.0003076323470343912
1797.8221562329638,1.763092444805824,4.183853081548281,2.7529638505805685,3.708988859006006,0.3487719413606043,8.164481556300533,30.082240778150265,-2.0341906283674707,-0.0002975438827212085
2514.958545231055,2.0951100908431264,4.207282512233889,2.7605170167601174,3.681687782104335,0.34095326932951586,6.443014248970992,29.221507124485495,-2.0432882383812543,-0.00028190653865903156
2151.200860519409,2.0286634418622813,4.183185563415696,2.7582135823813703,3.638787675744521,0.34542964547716526,7.012088770267395,29.5060443851337,-2.013403895498954,-0.0002908592909543305
2158.6873136276104,2.1900729373624683,4.176703228924443,2.753627335156201,3.6736527551468643,0.3495184751078942,8.676428504649952,30.338214252324974,-2.0388766837468126,-0.0002990369502157882
2607.496022778939,2.813089152342715,4.168492853959651,2.762443359279623,3.719403312849845,0.3483478938702455,7.1842303218591805,29.59211516092959,-1.9986079423770815,-0.0002966957877404908
1599.9206625337877,1.646263229361935,4.170175193115646,2.7436627324378713,3.647500135339483,0.3539497198859034,7.979128811821438,29.98956440591072,-2.058577372587757,-0.00030789943977180663
2445.326719072345,2.317860562122497,4.191158016401753,2.7675141867481687,3.6643587121253596,0.3414867992629145,5.731713105844331,28.865856552922164,-2.0013404171040965,-0.00028297359852582884
2086.9799895128467,1.74900962269692,4.199183550771892,2.7565742839267666,3.6222525051767476,0.34216570711144695,6.782425139314512,29.391212569657256,-2.0037308665338998,-0.00028433141422289375
2469.034809358687,2.4407617877174426,4.174416686554568,2.7632391881830025,3.6417949200589734,0.34551966965547803,7.516487098245303,29.758243549122653,-2.02244998365286,-0.00029103933931095595
2293.1136192718877,1.927252606053783,4.206577486086719,2.7535908849570476,3.6881559801456043,0.34353127883944623,7.251296833918556,29.62564841695928,-2.037371033802698,-0.00028706255767889225
2059.8672864511636,2.3452913568074787,4.1605160887477926,2.761752421330498,3.667118794176494,0.3499179817287609,6.71808380828628,29.35904190414314,-2.0193346197362665,-0.0002998359634575217
1899.2977861391585,1.864021633830928,4.183606546803208,2.7539747025517656,3.705134060216586,0.348011304381874,6.928858180156771,29.464429090078387,-2.0029089221755862,-0.00029602260876374786
1842.8009725779314,1.7317775290195039,4.180841728532817,2.7518901340915414,3.674818629201983,0.3477355406656825,8.055643632528932,30.027821816264467,-1.9695604081622788,-0.00029547108133136504
2755.958366507831,2.365081832226851,4.197916554765841,2.7627715142006553,3.633243104667552,0.34094342261908067,6.960739239012829,29.480369619506416,-2.030029248149985,-0.00028188684523816116
1940.6167015671567,2.044766282486886,4.164839065836935,2.747670947251069,3.6705175248885715,0.3534804646662578,6.828609303382081,29.41430465169104,-2.0311772506954666,-0.0003069609293325155
2975.1823880037555,2.683620053650669,4.187063005044714,2.7653948016226075,3.6875362229616373,0.3419235125245052,7.539918798675527,29.769959399337765,-1.9699500504643102,-0.0002838470250490103
1180.9480024222523,1.2991947213345534,4.162601150102485,2.750301656154818,3.6565484677491553,0.35244038307361125,9.702558442292199,30.8512792211461,-1.9736416019889298,-0.0003048807661472225
2349.0024356515637,2.4933368564685776,4.167912987157477,2.7612862260211637,3.674871476648655,0.3488264238322003,5.775241611366724,28.887620805683362,-2.054408531730853,-0.0002976528476644005
1678.1849787283961,1.8253452571575506,4.163070458921219,2.7574773611041334,3.647203381306335,0.3499245913682587,6.11953628898427,29.059768144492136,-1.9948612002880701,-0.0002998491827365173
1528.0018393630403,1.5213435784017981,4.171391853746488,2.7425181837441848,3.621244209747984,0.35298261100388717,6.529485206483717,29.26474260324186,-2.0294407276717368,-0.0003059652220077743
2255.8661152312347,2.055759350856372,4.19419441652528,2.7575367172461545,3.6961466290765097,0.344457209478692,7.588597996192539,29.79429899809627,-2.00742468008612,-0.000288914418957384
3355.474878130838,2.90739826271434,4.203460161005426,2.7764880924755206,3.656500958180508,0.3359847867730956,5.559084076025254,28.77954203801263,-2.0239300779372003,-0.0002719695735461912
2812.1768167880386,2.6274466443934017,4.191697768966678,2.7658181451073225,3.7177445032007723,0.34240207104727605,6.022807717400631,29.011403858700316,-1.9990685439163762,-0.0002848041420945521
2685.958164084577,2.900175076613921,4.167516472793885,2.7655445287871805,3.6804318449740974,0.3471978669610219,7.665503236966402,29.8327516184832,-2.019006715101999,-0.0002943957339220437
1900.136700333443,1.8298346795141964,4.179642354901931,2.756811743426402,3.6258671226944648,0.3462561881361269,7.906362511082468,29.953181255541235,-2.0040005128093754,-0.0002925123762722538
2115.509804345743,1.909584673082129,4.202603039830228,2.759485626700492,3.672510381413112,0.3430812782210735,7.516545047153041,29.758272523576522,-2.063071638102199,-0.0002861625564421468
2229.0326805393383,2.336885826528334,4.161044949172891,2.755925874638393,3.6446747189412476,0.3507739111389712,7.935948803965671,29.967974401982836,-2.0349595629312742,-0.00030154782227794245
2760.092394305027,2.6192287252478206,4.189069534514776,2.765704931859014,3.694216069413514,0.3431827802228615,6.782659494449153,29.391329747224578,-2.040860105575932,-0.00028636556044572294
1777.7350714813708,1.6554400937078073,4.188981988145661,2.756716353627138,3.664783421757004,0.34535638799925794,7.365081471457648,29.682540735728825,-2.010176267572007,-0.00029071277599851576
1553.4340646223727,1.5308667283600876,4.185654475218391,2.752211988489491,3.7018685394432747,0.34852000465764377,8.873084575947226,30.436542287973612,-2.0146940931605117,-0.0002970400093152875
1556.6229597468775,1.4661981892396099,4.18517632887284,2.7457302042561693,3.6730745734204073,0.35001936465153277,8.23380711476858,30.11690355738429,-2.02546066715398,-0.00030003872930306545
2830.327781596126,3.057331928171994,4.173076597488527,2.7726122146186882,3.7337272517896714,0.3445591042081232,6.448011339009593,29.2240056695048,-2.00733548354348,-0.0002891182084162463
1844.641584365992,1.8375427411814829,4.176999043542299,2.7468316125311003,3.673742654792533,0.3513344075157947,7.153377565876491,29.576688782938245,-2.019217731314098,-0.0003026688150315893
2239.335708848579,2.2134210443219597,4.182806922409398,2.7614791424733762,3.7177224001883222,0.3460675543278864,7.749159210166701,29.87457960508335,-2.025896493483299,-0.0002921351086557727
1608.164599515411,1.5762766881249586,4.177792453644459,2.745878818341615,3.665221265094063,0.350765368169,9.53626458090985,30.768132290454925,-1.980323268137168,-0.000301530736338
1785.535805092469,1.5282004722219384,4.209708714613111,2.762283432190569,3.665250128090013,0.3403511151044816,7.06023212811595,29.530116064057975,-2.0463726687613035,-0.0002807022302089632
1704.5295993210564,1.6805425239382945,4.184123011877905,2.757039872717607,3.6824149571187794,0.34694486390578694,7.451652220823527,29.725826110411763,-2.024998803811739,-0.0002938897278115739
1669.9509664995057,1.7586964293310985,4.171231708942413,2.7458132981358854,3.71221838491508,0.3536059850130146,6.99668958590204,29.49834479295102,-2.0130847818741318,-0.000307211970026029
1719.4357114820484,1.5025823464629275,4.2110713170509175,2.76237280995531,3.672176805637821,0.34072582190386647,8.704549378874871,30.352274689437436,-2.066074657077867,-0.0002814516438077329
2020.4053774944907,2.241178143089106,4.157135414142818,2.7577275723933456,3.6500488427660147,0.3511315599761038,5.948724068538986,28.974362034269493,-2.0106442647484983,-0.0003022631199522075
2191.4724674619583,2.1123547191092524,4.18114271309888,2.757967180798859,3.6415075263433936,0.34597349683566125,6.648005252169832,29.324002626084916,-2.003607679785043,-0.00029194699367132254
2186.6154286176647,2.053467080369743,4.188816222251197,2.7637447334602787,3.690862992513365,0.34290140326245305,6.67767732773582,29.33883866386791,-1.974374650202859,-0.00028580280652490614
2138.4571365611405,2.2559128043686987,4.175488644889373,2.76891668557735,3.6633075671552353,0.3448433797173396,6.594615125781734,29.297307562890868,-2.0459851292897526,-0.000289686759434679
1292.131725956835,1.3878666263030064,4.164429386963268,2.7434403176374835,3.6416597820539525,0.35458113036026134,8.28387162269298,30.14193581134649,-2.008704242039787,-0.0003091622607205226
2442.084819887855,2.515946020210025,4.171503661310529,2.761215828170869,3.6550397506228016,0.34737411043656247,6.265984819394691,29.132992409697344,-2.025333012283635,-0.00029474822087312486
3533.55858692895,3.1569742101420877,4.204149893986284,2.781363319461014,3.7085698234388973,0.3351979063668781,6.725538501598611,29.362769250799307,-2.0271813700658425,-0.00027039581273375604
2024.1100993467999,1.8096405514161884,4.194224991900573,2.7554082789301506,3.6516982274731222,0.34454297878349305,7.593523164775927,29.796761582387965,-2.013380704162564,-0.00028908595756698606
1805.3367961812407,1.8507086668777992,4.183595581064856,2.7599350221991825,3.668468606390371,0.3466945267522073,6.183260029641439,29.09163001482072,-2.0530750563259432,-0.0002933890535044145
2451.266873590268,2.2544004998869767,4.190248624800056,2.7633612459775954,3.664369501072445,0.34248136461816037,5.966320798948476,28.983160399474237,-1.9875827287768415,-0.0002849627292363206
2452.0198282946776,2.076161455525818,4.207969676725282,2.7671010780285585,3.6690115316048946,0.33830248200017715,7.478489071621575,29.739244535810787,-2.002519967554332,-0.00027660496400035427
1711.9607929307408,1.5216039293037893,4.1984024414081205,2.7517252264906125,3.6736874751951247,0.3455614444563121,7.037878619891082,29.51893930994554,-2.0220545775186802,-0.00029112288891262417
3159.2684823589,3.3042609045296807,4.170369633943914,2.7771839259602666,3.6608128820149797,0.341712853410785,6.919944819928822,29.45997240996441,-1.985797058488688,-0.00028342570682157
1724.7092780301048,1.60348861536175,4.190716721831692,2.7536102627654913,3.6736162951767724,0.3460928230835708,9.592620819335568,30.796310409667782,-1.9946139148189919,-0.00029218564616714164
3650.971755493291,3.2978153171614144,4.197622881781043,2.7833761589563655,3.6770842188404864,0.3347414447810551,6.7700544221624765,29.385027211081237,-1.9970407070119964,-0.00026948288956211015
1992.4681018106687,2.042111278049463,4.1807835297892275,2.759374249076602,3.6730249070977465,0.3475571215620532,6.397681178160759,29.19884058908038,-2.072063166557354,-0.00029511424312410626
1419.0842764542047,1.442462763466174,4.173635215630664,2.7459996789834475,3.6784435329238034,0.3519558208396077,8.578241178512002,30.289120589256,-1.9878718951067322,-0.0003039116416792154
1816.362371208764,1.9014773031483843,4.174494617623521,2.7557976835381495,3.6899514449237683,0.34945253486308864,8.26946274206784,30.134731371033922,-2.025734823448864,-0.0002989050697261771
2342.6414741341455,2.0763761187364684,4.192793651828433,2.755216494723232,3.6307405355241924,0.3444358076497279,9.091636689540836,30.545818344770417,-2.017761937503142,-0.0002888716152994558
3073.516162725609,2.634318489277943,4.2058798181682615,2.770742245942399,3.661881501882235,0.33798278424736866,5.6642565145587,28.83212825727935,-2.0578051793038665,-0.0002759655684947373
2273.3408524142214,2.0069599104387463,4.200721850203425,2.75883683278212,3.6630532423951654,0.3428355240423659,7.981704481608957,29.99085224080448,-2.0372068015951914,-0.0002856710480847317
2248.1461539226616,2.0420878079229645,4.203727907320355,2.7688796275279426,3.707444030012927,0.33959049577144457,7.525092740830906,29.762546370415453,-2.013746726460275,-0.00027918099154288905
3207.1410340533216,3.0648463089413234,4.198399735296181,2.7790172203324874,3.703688898347333,0.33786820954474084,7.364759535431573,29.682379767715787,-2.059622413403491,-0.0002757364190894815
1211.6778211650048,1.1935419710068016,4.189312551456266,2.7539710007235323,3.6803542631362265,0.34729716639624425,9.542335329290152,30.771167664645077,-2.02439059828382,-0.0002945943327924884
2577.2759397418827,2.234186520594091,4.200043896071648,2.7636432956176913,3.6937968717904526,0.34122387602034177,6.4103326995938374,29.20516634979692,-2.030094132084484,-0.00028244775204068343
1456.2964302775047,1.478295907596768,4.174922951624929,2.742603034521974,3.682720428260897,0.35376593268685014,7.787704406454149,29.893852203227073,-2.0471332569086464,-0.00030753186537370016
1516.244835439945,1.4256771000094766,4.195083999730615,2.7517300980140282,3.711779919232793,0.3471928639574049,9.769422947076704,30.884711473538353,-2.0212982772576775,-0.00029438572791480974
2818.1115603201565,2.6252128111247686,4.182905792957104,2.763678206498285,3.6480547743424596,0.3434153033276758,5.6409104545045725,28.820455227252285,-2.003540971111519,-0.00028683060665535146
1568.9085961835585,1.4986476439194811,4.179879761818321,2.742664237194149,3.6699630589271597,0.3516420263404904,7.451834799530607,29.725917399765304,-2.005789012456013,-0.0003032840526809807
2270.038753346588,2.195524508681584,4.184311898672002,2.7543333596850657,3.6644896358528856,0.3479095725646022,8.235281558500727,30.117640779250365,-2.063837778967645,-0.00029581914512920434
2186.3455319471614,2.0316479763014406,4.1926404706451885,2.7655359095576575,3.6329526557073244,0.34164530703448404,5.809696220940908,28.904848110470454,-2.0301499019904052,-0.00028329061406896804
2135.80076897536,2.2152492222951268,4.172814215058144,2.758559453831684,3.7138619385655307,0.34873454745222215,7.858975019054893,29.929487509527448,-2.0115684918291077,-0.00029746909490444424
1626.4729142173196,1.3928431007657314,4.21109893077362,2.756804489751857,3.6711063253013374,0.34231977339228603,6.864933892830403,29.4324669464152,-2.0630212063256916,-0.00028463954678457204
1510.6013304057249,1.5891131127379443,4.162566740064031,2.734307384007591,3.64247378861831,0.3581985347000461,7.785727123890798,29.892863561945397,-2.0422955635118374,-0.0003163970694000922
1713.6738140295954,1.7993118377444566,4.172460230910417,2.7579834972274218,3.6491837126949886,0.34835890180503387,6.992175255400035,29.496087627700017,-2.01336119322936,-0.0002967178036100677
2294.5610760623126,2.2544015585736643,4.177795256736038,2.7649091964005703,3.6469960034642974,0.34451325026877805,6.04407876621795,29.022039383108975,-2.0211711366005307,-0.00028902650053755607
1735.483592191076,1.716180555863292,4.16973843159975,2.743801467992605,3.6762716853156094,0.35258667254572773,7.802037047194186,29.90101852359709,-1.968140227823763,-0.00030517334509145536
1919.6121316344465,1.7932155477299505,4.1899087328934765,2.7510172810839406,3.7001077170413095,0.3478563979789065,8.303346815996074,30.151673407998036,-2.028502417700892,-0.00029571279595781296
1975.4270491985565,1.9210280497831602,4.191041293564876,2.759399845161912,3.675070472774284,0.3451628624643722,8.698543830388566,30.349271915194283,-2.037219988218605,-0.00029032572492874444
2878.245065332302,2.5355352073466166,4.199461330765218,2.7771527645645433,3.6667360573753602,0.3361639386798477,6.796759033978456,29.398379516989227,-1.9904949365889308,-0.0002723278773596953
1138.9006486021572,1.2823249484425032,4.164985934284819,2.7439855569047484,3.6751524314063166,0.3559134850109657,10.273675298050726,31.136837649025363,-2.0560848818310133,-0.0003118269700219314
2799.622948586752,2.591486259799071,4.20019060815477,2.7715923163390563,3.7030341589339635,0.3395094379350416,5.799922604622511,28.899961302311254,-2.0351076640178953,-0.000279018875870083
3096.9725305061206,2.680715482682747,4.199555105560586,2.775214730415832,3.6636049460152225,0.33659403013028355,7.0880831065007746,29.544041553250388,-1.9941449391600299,-0.0002731880602605671
2549.328528121364,2.4286889231779942,4.182870481941666,2.7663964370432,3.7044002873883763,0.34309598147074677,6.324493012810581,29.16224650640529,-1.977878562402155,-0.0002861919629414933
1495.2437203529091,1.4950591611078474,4.178329713341916,2.7457610900262295,3.640205272695566,0.3514689794383261,8.190199206138068,30.095099603069034,-2.04010104453181,-0.00030293795887665205
2655.6182054447017,2.4203273462384303,4.198139808532665,2.7681036699749906,3.6602135450665303,0.34023452525567777,7.001756645699541,29.500878322849772,-2.028249307159827,-0.00028046905051135556
1715.9699796935136,1.6092986921494068,4.195210826761372,2.7585032196034964,3.6810694406461937,0.3444748856189298,8.108064629180332,30.054032314590167,-2.02942634680833,-0.00028894977123785964
2549.0371183498505,2.250558833017099,4.204023340673041,2.770035074876241,3.6880567282621453,0.33893607945506227,7.835130495734258,29.917565247867127,-2.044003571430983,-0.00027787215891012456
1940.2797519938622,1.7112950171994121,4.201018062236711,2.761536810091125,3.6811609126525595,0.341705815866629,7.813736677137416,29.906868338568707,-2.008307852884675,-0.00028341163173325795
1557.730242020066,1.2813799121557672,4.207815295189886,2.7475495060178132,3.645979270683028,0.3448314913600773,8.352917281480135,30.176458640740066,-2.0435132179555042,-0.0002896629827201546
2578.256617920972,2.578999419318371,4.170542362060485,2.768464348187598,3.656316667819129,0.34404686653155087,6.737191034342997,29.3685955171715,-1.980352032759789,-0.0002880937330631015
1754.7924975798433,1.802992308513626,4.173183922334165,2.747342102512301,3.6929215233068255,0.3523503847618955,6.924867310567746,29.462433655283874,-2.025360444445276,-0.0003047007695237909
2020.8419745420997,2.172278798765856,4.163022369343628,2.758729897332803,3.638628835068503,0.3496836547770423,7.548559743579874,29.774279871789936,-2.0315906964746575,-0.00029936730955408444
2405.2493337886044,2.6187562194087866,4.169415876083983,2.765951461440805,3.6844721549571324,0.3474330060964375,7.661170373920671,29.830585186960334,-2.05501661361632,-0.0002948660121928749
2608.4135055720794,2.7565952905479065,4.155276849406489,2.7559183752959355,3.634131152934895,0.3511191699608901,7.89691913704471,29.948459568522356,-2.014060658311243,-0.00030223833992178015
1547.5538055114203,1.5757232166474138,4.169395205634509,2.745347040453813,3.6252621029022216,0.35251774903534244,9.062161426160742,30.53108071308037,-2.0220090517857496,-0.0003050354980706848
2126.863570456068,1.9351809805330171,4.19702827277948,2.7561254572753375,3.6955056692078827,0.3446934332995655,7.8795324862199605,29.93976624310998,-2.016846025798458,-0.000289386866599131
1498.0489174848512,1.4643371578594326,4.181203612568116,2.754045876731173,3.637676334081957,0.3473519964041148,9.866122491104974,30.933061245552487,-1.9955862004792155,-0.0002947039928082296
1616.149842085052,1.781329102735534,4.164110516825956,2.750839419372925,3.6864938928436493,0.3531256379053554,7.666792208514985,29.833396104257492,-2.024768817236226,-0.00030625127581071065
2670.5567119353796,2.380624919142781,4.1882409492400186,2.7624242019180913,3.649952679055838,0.34234158576246215,6.960686538990337,29.48034326949517,-1.977614768926663,-0.0002846831715249243
2752.160444894036,2.550280009278063,4.191371244848003,2.766076580468846,3.699826598331531,0.34244430863116443,5.839687261034614,28.919843630517306,-2.0348173215465373,-0.0002848886172623289
1599.1820593431046,1.4731560004749056,4.196842042542945,2.760875974216395,3.6919419580181603,0.3427400235453338,7.958191920946927,29.979095960473465,-1.978450300858839,-0.00028548004709066753
2450.4218827313252,2.3305472168753587,4.187558108067737,2.7622596856316886,3.708752242294261,0.34459023096964836,7.890820693404563,29.945410346702282,-2.0275164776797383,-0.00028918046193929665
1571.1724333130044,1.6775631404296731,4.168086334287726,2.7516287843503107,3.673287125768217,0.3513691717974611,9.643098223018399,30.8215491115092,-1.9942505141251887,-0.00030273834359492214
1799.9869269443554,1.9378929849568294,4.154939988337776,2.744917205679764,3.626345979176185,0.35515572671797324,7.083568057676468,29.541784028838233,-2.01349138614378,-0.0003103114534359463
1503.2842515364866,1.482741872071869,4.174245751378436,2.745002382357662,3.6259766626486623,0.3512628145466035,10.50356587688194,31.251782938440968,-1.9923031806851852,-0.00030252562909320683
2462.5012324157133,2.5453674563682007,4.163559906857169,2.7572419004038435,3.6369830616691665,0.3495813083542819,5.99497049781673,28.997485248908365,-2.030008958998567,-0.00029916261670856383
2418.1776150574888,2.6453067760884257,4.154790908311151,2.7587688373960977,3.66474131730507,0.3506933182265129,7.287032922477818,29.64351646123891,-1.9786600063121857,-0.00030138663645302576
1606.4690063038158,1.7646155497874603,4.1531594842334885,2.7435816399515716,3.632155403587284,0.3559814652330612,7.048581452664742,29.52429072633237,-1.9941374940364278,-0.00031196293046612233
