dataset,cell_id,cycle_idx,duration_s,capacity_ah,v_start,v_end,v_mean,v_std,temp_rise_c,temp_mean_c,current_mean_a,dv_dt_mid
NASA,B0005,1,3690.234,1.8564874208181574,4.191491807505295,3.277169976825196,3.5298286688693397,0.2359570706808563,9.900818955970422,32.572328114029,-1.8187019641679727,-0.00013675770641100922
NASA,B0005,3,3672.344,1.846327249719927,4.189773213846608,3.3002448871222545,3.5373201277859714,0.23476492928592219,9.694384651459377,32.72523522519307,-1.8175598506612867,-0.0001355303951192279
NASA,B0005,5,3651.641,1.8353491942234077,4.188186735991303,3.3274510098686276,3.5437367282719,0.22752543549673088,9.498512551808865,32.64286193755933,-1.8164865418840956,-0.00013548012483595887
NASA,B0005,7,3631.563,1.8352625275821128,4.188461118855572,3.314181858907029,3.5436661072601456,0.23274431724182537,9.759213483377053,32.51487646204882,-1.8255891938692528,-0.00013695080613374566
NASA,B0005,9,3629.172,1.8346455082120419,4.188298524761055,3.30549673128648,3.5423432526672167,0.2366885716567803,9.821088030630566,32.38234901543077,-1.8261139590277586,-0.00013699161639818503
NASA,B0005,11,3652.281,1.8356616600675495,4.188815807948604,3.302329112973759,3.5413347346347575,0.23931625998293235,9.67862954407801,32.43418218230641,-1.8168108743168803,-0.00013616893842565404
NASA,B0005,13,3650.828,1.8351461429226603,4.18839163793879,3.2937406695499014,3.5410250495075215,0.2425153341196382,9.713406476715374,32.480416444757985,-1.816791144707133,-0.00013608366026776343
NASA,B0005,15,3572.453,1.8257567905665537,4.188927891511958,3.3162307407741536,3.554133296801584,0.22731251096165395,10.04861303702737,32.41046186109587,-1.8443412120754061,-0.00013937595923519818
NASA,B0005,17,3550.594,1.8247738529891333,4.189029250882121,3.297410935416153,3.5529355991467955,0.2324538495076242,10.416617894591525,32.3461408313,-1.853972745505648,-0.000140318575001254
NASA,B0005,19,3551.25,1.824613268496936,4.189223427076418,3.2884044830952868,3.5512057319376997,0.23672870147542147,10.45767899775148,32.27679750791685,-1.8535899338510957,-0.00014046133877885925
NASA,B0005,21,3530.25,1.8246195526864504,4.188916055911241,3.2662755750614747,3.549292319740949,0.2430973444996006,10.885763693803671,32.15709350345252,-1.863380178294828,-0.00014047775892431973
NASA,B0005,24,3491.016,1.8142019357673917,4.189876247266316,3.296199859463087,3.559759220648976,0.22886185175957943,10.848631647140781,32.36407129853099,-1.872968810287894,-0.00014347989237549195
NASA,B0005,26,3470.281,1.8137521577549054,4.189286794768804,3.2717574155336004,3.558081969139198,0.23460775776275253,11.224633355372834,32.3181954403762,-1.8826095043160833,-0.00014335056397960964
NASA,B0005,28,3470.0,1.8134404914735822,4.188837765892728,3.2648550840850254,3.555692244172496,0.237911318298918,11.421626290326273,32.15709029211502,-1.882536787636365,-0.00014330445285635324
NASA,B0005,30,3450.297,1.8025980036306504,4.189110301768517,3.309111201518355,3.562746818017503,0.22392608690207388,11.059924568016712,32.04407000314609,-1.8817935155260215,-0.0001449694766111875
NASA,B0005,32,3429.407,1.80210690024615,4.18921207304098,3.2881490528689254,3.5614521756489204,0.22796979172772144,11.484895762603902,31.931593674911532,-1.8921861285036712,-0.00014579681804860809
NASA,B0005,34,3409.484,1.802579500826209,4.188899969428112,3.260754100903525,3.5603420474985823,0.23297600498562532,11.879883795251565,31.941655359029298,-1.9027629207037406,-0.00014584630801020026
NASA,B0005,36,3390.422,1.8030683142834096,4.188779799856791,3.2294668217844102,3.5591189041401865,0.23873643876806222,12.319797328444299,31.965008645476725,-1.9133470605822436,-0.0001473003444434904
NASA,B0005,38,3390.281,1.8027776247196041,4.189272591516219,3.224378894859077,3.557886771846508,0.24145031412156678,12.417460518257183,31.966241678512723,-1.9131602105481538,-0.0001476956033286653
NASA,B0005,41,3591.734,1.8470259949329193,4.187614060563439,3.2587403321633976,3.5520375235511907,0.23416563071224794,10.376104369035353,32.37143341978575,-1.8553455745575975,-0.00013699756200453907
NASA,B0005,45,3552.297,1.847417311283644,4.1876287811083985,3.2180462147957645,3.5525668436897124,0.2441722414090925,11.14671269463825,32.70024990461686,-1.8746995273150975,-0.0001395184494847491
NASA,B0005,49,3531.578,1.8361774213478947,4.187447226312926,3.2573096268397737,3.556794038327039,0.23311973567394634,11.005353173718877,32.32266411829938,-1.873827212788385,-0.00013900352069549178
NASA,B0005,53,3492.907,1.8257807475776242,4.187344026387161,3.2802567474945943,3.5614100044534203,0.22484633144049296,11.278949324436436,31.98795810666763,-1.883193546754683,-0.00014105167978102943
NASA,B0005,57,3511.594,1.8251136435078368,4.187438187636325,3.2797654511586916,3.5566107947817986,0.23067449635182954,11.154444278894513,31.894456524691385,-1.873239184822504,-0.00014057231494354696
NASA,B0005,61,3431.9370000000054,1.8255815042203762,4.18774138117799,3.2050689156049863,3.5586742170266272,0.23845858592777874,12.478880357113944,31.78039681801023,-1.9139593751505897,-0.00014370204521030715
NASA,B0005,65,3431.125,1.8140311275083907,4.188261122540052,3.276866922356563,3.564103182686905,0.22371289710668404,11.936722980530565,31.688747146342205,-1.9030532722310995,-0.00014378409990647146
NASA,B0005,69,3412.406,1.8147691941158939,4.187338767288234,3.2311300277309924,3.559588063594272,0.23399060506233524,12.513330365019321,31.596747992569153,-1.9134590742247914,-0.000143350017097885
NASA,B0005,73,3410.688,1.813969388710352,4.187560306288175,3.2220257725268313,3.556833231052199,0.23947202414141244,12.652111865165654,31.565586498787077,-1.913620909902553,-0.00014361383212293258
NASA,B0005,77,3410.718,1.802765665167823,4.18805176248713,3.2900827937307877,3.5624410850948944,0.22469381728284948,12.07648917576065,31.59124667045208,-1.9025819745719061,-0.00014366465876359134
NASA,B0005,81,3392.719,1.804077040117352,4.187667484260542,3.2511761852414898,3.5591407106855666,0.2337381121665522,12.60464972627921,31.603485399391182,-1.9130621638638965,-0.00014552884376722272
NASA,B0005,85,3470.672,1.8518025516704486,4.2010701773378685,3.249283482317545,3.5573161327793144,0.2244802327371113,12.501003749267824,31.91556385491565,-1.920618117118412,-0.00013953590385037336
NASA,B0005,89,3414.109,1.8307038456739428,4.1996223345495824,3.260087599199005,3.561870782772737,0.22326557144507364,12.53577574223991,32.081128118597164,-1.9298830859597569,-0.00014176135022327165
NASA,B0005,93,3395.219,1.8199041089501267,4.199853323702163,3.281146601420838,3.5617586337260088,0.22104596048351946,12.489705127459729,31.849792632896243,-1.9293005284805407,-0.0001421612797492409
NASA,B0005,97,3386.0,1.8093079637028517,4.199103467081427,3.3093715201547558,3.5597307651083123,0.21897224844365457,12.503932708723621,31.465690433362017,-1.923330987770314,-0.00014256799207287542
NASA,B0005,101,3368.187,1.80460990458052,4.199998536865001,3.295594467656429,3.5575937553540915,0.22364252387843475,12.658349641149687,31.40934895665031,-1.9284469980320087,-0.0001437204821156587
NASA,B0005,105,3368.266,1.7993770651972192,4.19967522099872,3.317198245350349,3.5597237883937995,0.22067304968852833,12.502383789134019,31.902247475518077,-1.9231439161693824,-0.00014373300975398102
NASA,B0005,109,3358.719,1.7884432335370462,4.1991847248803165,3.3478185065039905,3.559061771422033,0.2174117074890921,12.228170128777311,31.649024294808623,-1.9170149640438081,-0.00014436345101048718
NASA,B0005,113,3339.5,1.7829230484252723,4.200012480335,3.3378219239048574,3.557015527748059,0.2202112122344345,12.586940227476969,31.48874626238971,-1.922048805055383,-0.00014456483794796676
NASA,B0005,117,3331.265,1.7730337158018288,4.1992373656547874,3.3643724793797882,3.5562481933590964,0.21711532049783672,12.576804777871182,31.329995610092634,-1.9162302821549877,-0.00014530448960259508
NASA,B0005,121,3321.188,1.773037755078937,4.1993957811187075,3.336014493650917,3.5532756526091784,0.2242097776623701,12.970023192656555,31.569551201845574,-1.9220800182578983,-0.00014567897898080468
NASA,B0005,125,3321.844,1.7678721106662054,4.1995786980260705,3.3556596279465505,3.556266431640255,0.22065598640894563,12.753067941382966,32.111426258867944,-1.9162417890311958,-0.00014626478073169705
NASA,B0005,129,3311.828,1.7623150704093087,4.199546957512695,3.3614901977112828,3.5563095420140822,0.22086472080479183,12.59147399681249,32.271676011112376,-1.9158809823517762,-0.00014661301745399542
NASA,B0005,133,3327.391,1.7676172924938447,4.194091469340824,3.3469681219757663,3.558950851054106,0.2248771520046519,12.718211748296774,31.842291659678658,-1.9114406265753041,-0.00014949747122407786
NASA,B0005,135,3312.078,1.762668359743147,4.200715235801255,3.37121004922177,3.5534418211598053,0.22263448201480376,12.55141084196254,31.759815453754253,-1.9158166997544155,-0.0001457249624232831
NASA,B0005,139,3293.172,1.7517304870664143,4.1990980807180325,3.379951819113273,3.5510121537420285,0.22130511019697496,12.830001526892367,31.41911167391793,-1.9151304155635374,-0.00014693594372547952
NASA,B0005,143,3275.328,1.7418496047960008,4.199398534411534,3.391867015789506,3.551317608213948,0.21900720749034402,12.83496372857168,31.331626572312267,-1.9148485784393638,-0.0001482814053466991
NASA,B0005,147,3265.016,1.7360913511847138,4.199122915612965,3.389321801243052,3.549003180550162,0.22112880899864104,12.852472235526896,31.35934131425137,-1.9144128654409127,-0.00014887927056174253
NASA,B0005,149,3328.937,1.7936240148573608,4.190409478081396,3.2399604434797045,3.5597648340955175,0.22690811654164278,12.749704614467603,34.31088483888259,-1.9388813849818083,-0.00014374807625225174
NASA,B0005,153,3329.266,1.7831890223273275,4.199933846791869,3.3111276397349085,3.5623454342368555,0.22196151611679193,12.547530110326562,33.43585640373788,-1.927509725704535,-0.0001452944456147984
NASA,B0005,157,3301.579,1.7673642076278957,4.199365021329158,3.3328621262920852,3.558336657621618,0.22116302424041023,12.826959745750877,32.66698125020078,-1.9267185977839403,-0.0001457867375458447
NASA,B0005,161,3283.563,1.7570177850353066,4.19902365945384,3.333761215364808,3.554013138622869,0.22441709628144815,13.051003344079419,32.28423408691397,-1.9261308349663746,-0.00014585471884114316
NASA,B0005,165,3275.125,1.7468706179837907,4.199432142144215,3.3615057492929536,3.552376095886298,0.22204569380260106,12.963891778706838,32.00739178780946,-1.9202346781375206,-0.00014704361225119047
NASA,B0005,169,3265.656,1.7417172507457144,4.199640922827531,3.352855281098351,3.549618661283733,0.22622259329090488,13.094164503011385,32.06387071886056,-1.9201011498853633,-0.00014770592244433512
NASA,B0005,173,3266.093,1.7364225056478186,4.199305653118061,3.3651520816763276,3.54938103086703,0.22644463175198204,13.111545608445923,32.43754560319043,-1.9144278105456467,-0.0001480031578779528
NASA,B0005,177,3257.594,1.7263217239235826,4.198949734540481,3.3857728598519237,3.5472118680418956,0.2256048866862126,12.756168823552734,32.16809876635083,-1.908340706503589,-0.0001485256994009236
NASA,B0005,181,3248.593,1.7158065389330133,4.19834220599025,3.4084431860543454,3.5467052098640246,0.22260946236691775,12.660680080080827,32.05752645824972,-1.902207182631691,-0.00014958633881708902
NASA,B0005,185,3238.766,1.710533351135192,4.198995776266302,3.4098320971762575,3.544629653883431,0.22441087883425337,12.89455261649352,31.975920928072714,-1.9020484449938713,-0.00015020869247425208
NASA,B0005,189,3240.14,1.706014499648521,4.19916986492694,3.417268005174641,3.5436291614253204,0.2251626394650501,12.871062291922367,32.21689335291319,-1.8964907679062355,-0.0001504289343576676
NASA,B0005,193,3230.109,1.7003110272642588,4.199246833083063,3.421833588845415,3.5444946147995258,0.2250288003365719,12.622883477354616,32.55632993697177,-1.895971437908019,-0.00015171430610986175
NASA,B0005,197,3229.7810000000027,1.6945798601797895,4.1992551886401595,3.4271424058700943,3.5409201846556857,0.22759267954042178,12.490197840816617,32.40048085325998,-1.8899648799839277,-0.0001518695613324828
NASA,B0005,201,3212.469,1.6849029086609286,4.199610827671791,3.438178718052601,3.541195668799061,0.2253901682415922,12.51948728587357,32.29371860868794,-1.8893703824420507,-0.00015300016137200723
NASA,B0005,205,3213.219,1.6744741591159717,4.1994453812630566,3.465640472585762,3.540671044783382,0.22200337643732754,12.291436160144354,32.136071448067796,-1.8776883243431417,-0.0001539479097626259
NASA,B0005,209,3203.578,1.6745692479879102,4.198991968341307,3.4449859354526846,3.5376048790268775,0.22747021165023182,12.753208033976911,32.38268549723498,-1.8831065986697755,-0.0001536176456356567
NASA,B0005,213,3195.125,1.663716375981405,4.197785116892181,3.467467091298206,3.538422485261741,0.22445639503179138,11.882478545859133,32.30899951427637,-1.876359921441716,-0.000156307992574526
NASA,B0005,215,3195.3129999999946,1.659013868748246,4.201331130571617,3.4717300013545747,3.53928626988912,0.2237217691429451,12.24847025835924,32.56636929496716,-1.8709550260104437,-0.00015588246402885772
NASA,B0005,219,3186.297,1.6538540573335014,4.199339974904826,3.466070335739485,3.533690170241391,0.2284155018484487,12.483194040623555,32.46542951751835,-1.8705599868289542,-0.00015646990521250455
NASA,B0005,223,3176.438,1.642653782130131,4.198916244859707,3.485289154748911,3.534367734544495,0.22401128563800174,12.30473514528623,32.347056454418095,-1.8640049795794804,-0.0001571104507488764
NASA,B0005,227,3167.593,1.6378578430223698,4.198537488587242,3.4800221711184434,3.5312941932103548,0.22709204592021853,12.429022976120354,32.371538940646154,-1.8636932149873204,-0.0001584044807642749
NASA,B0005,231,3167.719,1.6327350407099108,4.198943932259475,3.4875727291181726,3.5309134771684274,0.22674511548841458,12.297728202398062,32.45549347979197,-1.857820396301907,-0.00015899902082955995
NASA,B0005,235,3159.077999999994,1.6277528915533617,4.199579806494986,3.4845831403089607,3.5287226893409893,0.22927035359609077,12.339753476036268,32.50017194695606,-1.8572160981955346,-0.00016014908146904313
NASA,B0005,239,3148.829,1.622125485521159,4.198782234828033,3.4840044121584226,3.52625493581969,0.23073247098074154,12.422889237550958,32.50100298369444,-1.8568340008006827,-0.00016075839250678767
NASA,B0005,243,3149.094,1.6113256603765849,4.19910517813207,3.508463137681321,3.528684324337005,0.2247705585097621,12.009115330586262,32.4728927422438,-1.8448886500218815,-0.00016151048421867643
NASA,B0005,247,3140.547,1.6065631397488385,4.198510853141954,3.5037872856177814,3.525556939424901,0.22779895158764976,12.127889945551548,32.50480154634882,-1.8444180038305806,-0.00016317825692237467
NASA,B0005,251,3131.625,1.6015142233917594,4.198732430468704,3.500128756881619,3.5226805646793737,0.23050584047552053,12.215357306132749,32.51218336210202,-1.8438790389835118,-0.00016388147881542736
NASA,B0005,255,3121.907,1.590369231400328,4.198799630396931,3.517670766414221,3.524673458789008,0.22554614793423197,11.938387905858963,32.45692821941515,-1.83711254029409,-0.00016504578108166436
NASA,B0005,259,3122.125,1.5857889968242211,4.198753541225669,3.5174486086806094,3.5213155754526824,0.22838261270267754,11.926784248727,32.447059186431154,-1.8315957075983758,-0.00016602608909881621
NASA,B0005,263,3121.672,1.5849430707374117,4.200309982421394,3.516013267212138,3.51803386486462,0.23117872316851204,11.75924342286294,32.32889654966259,-1.8311195242792309,-0.0001675461147070528
NASA,B0005,265,3120.86,1.5955263892495937,4.201124089732316,3.496983701999225,3.5236841955396794,0.22917796003491905,11.874011353073286,32.84488475360107,-1.8432799764914718,-0.00016526700702507345
NASA,B0005,269,3103.828,1.5747301747801037,4.198150316653697,3.5202208637731656,3.519146638240668,0.22719970590454205,11.699693400900685,32.31731555011648,-1.829798505957538,-0.00016828046875054362
NASA,B0005,273,3095.094,1.5649019950937946,4.198524048997099,3.5292256839082072,3.516233648608237,0.2273324183483178,11.860987848995642,32.06376130177751,-1.8236746835609148,-0.00016961328337609206
NASA,B0005,277,3095.781,1.5597659473370362,4.198840869468569,3.5307259447794728,3.514773138461639,0.22847210016062755,11.843844742997788,32.21997626855924,-1.8176720770210877,-0.00017018665084259264
NASA,B0005,281,3094.328,1.5594815668184234,4.198119631667182,3.521290948363061,3.5132992979150073,0.2314217062849809,11.955134954986772,32.7120225448885,-1.8179238657973993,-0.00017043967233069693
NASA,B0005,285,3086.531,1.55468935359061,4.198320288264955,3.5235359008769405,3.514484830704665,0.23060759962593796,11.714585592285786,32.945022147355694,-1.817160673909645,-0.0001716089551376759
NASA,B0005,289,3085.625,1.5488741079890418,4.1980467610750285,3.5255241756932247,3.5109677353595243,0.2329526759800367,11.633994426855011,32.857549597381336,-1.8110297241968543,-0.0001728445140231912
NASA,B0005,293,3067.203,1.538236598942558,4.199047008209673,3.5348337871327056,3.5109358749578012,0.2307329830817022,11.5793551765193,32.629663328789654,-1.8094435644526072,-0.00017479744330434378
NASA,B0005,297,3058.157,1.527914258251028,4.197669918520713,3.5459029204528467,3.509393098217416,0.2288570136594319,11.52066557235937,32.379859014262976,-1.8026537331443495,-0.0001768386083419991
NASA,B0005,301,3058.812,1.5285252629756445,4.197600624105256,3.536266004226858,3.5066782411556563,0.2324429087783303,11.790095105746907,32.68215852457039,-1.8031542757366414,-0.0001765017987424093
NASA,B0005,305,3058.578,1.522647325284378,4.197985718630326,3.5468067055591166,3.5109885623008092,0.2279824823099926,11.460746771581842,32.99387423636739,-1.7965666438696486,-0.00017704869939598862
NASA,B0005,309,3049.328,1.5174859938489869,4.198164128530042,3.5480287197333853,3.510305462695178,0.2281087434098021,11.445586060889202,33.04539707211165,-1.7959771394311956,-0.0001777136609484946
NASA,B0005,312,3177.219,1.605818899130659,4.222920057935785,3.5250502230997873,3.5222215314850214,0.23455024881444192,11.895801527254054,32.856295641052824,-1.822916991757235,-0.0001718267061855786
NASA,B0005,315,3082.937,1.5638491446744425,4.200423045909808,3.494044837570843,3.5163492154331264,0.2342514069587575,12.0369176507912,33.33950238056361,-1.8294275689587538,-0.0001686920504926826
NASA,B0005,319,3074.266,1.5480915247767786,4.198372063670128,3.5100418364837593,3.5134397623234963,0.23338016528628605,11.76691674481313,33.35156485472646,-1.816317296828028,-0.00017063848748548696
NASA,B0005,323,3066.0,1.5323755631868592,4.198353213898968,3.5359247595765018,3.515137522009075,0.22724285807568523,11.408198198952142,33.147486361012966,-1.8033689952639713,-0.00017282012359901903
NASA,B0005,327,3056.437,1.5269528268489705,4.197873789078739,3.5293508069521953,3.50830390643132,0.2331667808997218,11.612828937893074,33.007275861749356,-1.802670753119494,-0.0001753171531109447
NASA,B0005,331,3048.219,1.5169573017136326,4.197955644238241,3.5418570338179896,3.509190808443004,0.22983512055913674,11.480417535096151,32.91990812745461,-1.7958941337499832,-0.00017662504512436382
NASA,B0005,335,3039.218,1.5118975960142693,4.197918434710392,3.540101144510816,3.5068097579555353,0.23170359937392337,11.542582751622,32.99903328622305,-1.795344963527795,-0.00017791889308879186
NASA,B0005,339,3039.047,1.5065638960681105,4.197739340034368,3.5453082349601677,3.50609090727422,0.23141529776276365,11.41617382871808,33.03772281691292,-1.7893518988259454,-0.0001790897647395971
NASA,B0005,343,3030.375,1.5015453526671363,4.19785490446139,3.543070358154518,3.5037157727265953,0.23345025331554517,11.458482167535724,33.07740307192613,-1.7883879159763685,-0.00018063817563785195
NASA,B0005,347,3021.0,1.4908444050400238,4.197306756122815,3.5580353781991203,3.5067479961367156,0.22782166398290293,11.239171698079119,33.05467981523988,-1.7815447770741009,-0.00018147485695829845
NASA,B0005,351,3021.75,1.485868384561201,4.197528212001444,3.5619975525663654,3.5058813026542324,0.22798452244418208,11.143625269042314,33.11570360624461,-1.7753115642966961,-0.00018279387649695279
NASA,B0005,355,3012.265,1.480413677976106,4.19743662221161,3.5617346249744624,3.504168333530808,0.22887754440273086,11.17684608483966,33.12942148982364,-1.7742377662318358,-0.00018402676199989274
NASA,B0005,359,3002.641,1.4752095869031632,4.197717228550219,3.5627431724748324,3.5030568931470634,0.22926505227297364,11.18565406162832,33.130681310493344,-1.773860289771637,-0.00018555804532514265
NASA,B0005,363,3012.0,1.4859035988304024,4.192454851360723,3.544836812063795,3.4982324882487936,0.23319573629206394,11.37018430666668,33.20069210329718,-1.7809702419814517,-0.00018288609449185824
NASA,B0005,366,3020.11,1.4960918298136696,4.202845001527377,3.5358343175174807,3.5065859365661325,0.2327793636251861,11.264098669278873,33.78697527817091,-1.7879098523188452,-0.00018111995434709263
NASA,B0005,370,3002.172000000006,1.4808005946928984,4.197952808231904,3.544628258601667,3.501457140697961,0.2335250205477887,11.293032683658254,33.673365085761986,-1.780229415660985,-0.00018443714025380978
NASA,B0005,374,2992.703,1.4697543268466824,4.198017952345714,3.556359815036754,3.501658387162809,0.23109365437747822,11.129376091042285,33.535818118317145,-1.7731015168894209,-0.00018641301658236473
NASA,B0005,378,2964.468,1.4539012274845928,4.192162800008929,3.5574151609154883,3.4966186408455298,0.23123114842947284,11.20078885270853,33.32269982188509,-1.7705879947441516,-0.00018842950587108232
NASA,B0005,382,2983.375,1.4541462067235693,4.196993378341778,3.570394142327151,3.4991645719433246,0.22947771879895953,11.00816312122631,33.346230327490304,-1.7600629827474803,-0.00019002310192080079
NASA,B0005,386,2975.297,1.455023751906683,4.197603515102162,3.5576975634324772,3.496080777360074,0.23426793601664392,11.186377257162594,33.64948900485925,-1.765575132998529,-0.00019053164604170553
NASA,B0005,390,2974.9850000000006,1.449042163761236,4.196406678544622,3.5621145720736376,3.4959014526387993,0.23343364754226326,11.025141359574032,33.79269513542102,-1.7588271887545277,-0.00019169055719527432
NASA,B0005,394,2966.25,1.4386709371480566,4.197098662004674,3.576830514745812,3.49758697990267,0.229142139192038,10.777403710046954,33.52446663707275,-1.7516428147438297,-0.00019362333517539715
NASA,B0005,398,2956.359,1.433445432156979,4.196909312093871,3.5772132537111867,3.4956989619989507,0.2296125408087406,10.934429905057055,33.39042251934235,-1.7513097768253418,-0.00019540192657335593
NASA,B0005,402,2956.344,1.4333958900838095,4.197105220217278,3.569684885614067,3.492875380810072,0.2334116463244922,10.994808867974086,33.67370212742761,-1.7511840784846122,-0.00019551241968923078
NASA,B0005,406,2956.406,1.42806487344776,4.196244829545076,3.5763051299071056,3.49551076423368,0.23026320374609258,10.753287669383504,33.91080564765892,-1.7446206812145286,-0.00019588727566285908
NASA,B0005,410,2947.266,1.4229203181741186,4.1968026018066595,3.5780032001762248,3.4942333590450834,0.23051595773401903,10.767248806422373,33.7850680599871,-1.7436362428649814,-0.00019761425860422236
NASA,B0005,414,2937.984,1.417429032731308,4.196227405416926,3.5782529159417336,3.491197414255986,0.23192515902293845,10.833044524479483,33.61126807392732,-1.7425325036061032,-0.0001994686450011758
NASA,B0005,418,2929.125,1.412409228794446,4.196558172556389,3.57952648091485,3.4889094081576237,0.23255290311170276,10.937607631521455,33.45598581472246,-1.7419837011363046,-0.00020151890756368008
NASA,B0005,422,2928.454,1.412578792940193,4.196870541112335,3.5733090987103386,3.487376295811431,0.23502132753203192,10.991167772082644,33.723267448788484,-1.7421680980861822,-0.00020147674117547448
NASA,B0005,426,2929.375,1.4075983731469897,4.196795527524874,3.5808535254697578,3.491994243745711,0.23071791602007982,10.69487138187161,34.050076369857344,-1.735841378420618,-0.00020123814840112495
NASA,B0005,430,2946.031,1.4333920485221476,4.189287343772767,3.5558917253318874,3.491585878898649,0.2314340526179757,10.744503315809471,33.889346908026745,-1.7567879869499758,-0.0001920548969495786
NASA,B0005,432,2955.438,1.4382550176792908,4.201144545237731,3.551885409283692,3.495576227046425,0.23397367076765024,10.904549472896665,34.067648550088656,-1.7573176114092575,-0.0001925095856065439
NASA,B0005,436,2937.625,1.4173547174485526,4.196925753814179,3.5736151200402326,3.4938988589692483,0.22954405726334065,10.636173837504106,33.75168100943646,-1.7427628393326555,-0.00019709875989526928
NASA,B0005,440,2929.078,1.406981663677643,4.196901090271507,3.582249809980573,3.49159162968384,0.22932881459420568,10.614734399728317,33.46482299584788,-1.7352637407600366,-0.00020088969638405835
NASA,B0005,444,2918.375,1.4012037783587625,4.196688955833435,3.5821071034262646,3.4885729299834787,0.23087953878001954,10.737919984436434,33.40210697922146,-1.7344350518111926,-0.0002031618456795705
NASA,B0005,448,2919.812,1.3967008232726328,4.196339302740304,3.5845442528815368,3.4869021151089825,0.23172009682163183,10.655463171800616,33.410688917712235,-1.7280392046289716,-0.00020508085073924439
NASA,B0005,452,2900.422,1.391284788852726,4.196181412764837,3.582997063524048,3.4855485210036417,0.2320368945792356,10.80443748965834,33.38984948261314,-1.7326888725308258,-0.0002061373110681526
NASA,B0005,456,2901.375,1.3862287677978349,4.195770804194879,3.585576080990165,3.4838912547260388,0.23259470683920805,10.71005935899889,33.3700433438796,-1.7260735249920125,-0.00020821513160292085
NASA,B0005,460,2901.187,1.3804366761974138,4.195456241846729,3.5910908384825198,3.483198941484065,0.2320093486771037,10.58103071942448,33.27215987470977,-1.7195393742714093,-0.0002103786018646711
NASA,B0005,464,2891.64,1.3752364150256224,4.19654355365607,3.594060583971402,3.4836274447098883,0.23099757689946665,10.614124899358814,33.222444215660225,-1.7185829844462923,-0.00021170877524896134
NASA,B0005,468,2882.906,1.3705128024895008,4.194357133255019,3.5911079597852744,3.480172442538601,0.2328888860424913,10.671924573362148,33.26207748383125,-1.717672415155695,-0.00021282655059793608
NASA,B0005,472,2883.265,1.3705085566270399,4.195863681881766,3.5888120102866528,3.478452148610975,0.2349115652478485,10.703790540212747,33.312029905516525,-1.7177080769362936,-0.00021398511665439025
NASA,B0005,476,2882.969,1.3647355108681518,4.1955845546644195,3.5942147923006207,3.4785782556105507,0.23371613114596132,10.593460421227189,33.25287943255863,-1.7109669363015376,-0.00021573773430080413
NASA,B0005,480,2891.656,1.375392016895762,4.186574613062876,3.5833415219285625,3.4825195584604582,0.22996700565473227,10.481256896550107,33.745054045019884,-1.7184206130755166,-0.00020817577073844695
NASA,B0005,482,2901.25,1.3861115151535393,4.200346502821317,3.5804307189370586,3.4886823636752826,0.2305166507714859,10.533489902422438,33.88841975386692,-1.7260471943596487,-0.00020638770739833803
NASA,B0005,484,2891.703,1.3698500035838939,4.1981749992980655,3.592441816132449,3.4858502383832755,0.229689874761782,10.43973294199958,33.7353756996425,-1.712021613408506,-0.00021138043179541545
NASA,B0005,488,2883.016,1.3647827949260758,4.195715092938243,3.589331565362288,3.478794177297151,0.23415766646771544,10.579795502171141,33.59131052719714,-1.711022510206629,-0.00021451191484573215
NASA,B0005,492,2873.453,1.3543220466259964,4.195755769877104,3.6022883230364853,3.4812826020756744,0.2296261723890385,10.485116441620853,33.32366688599416,-1.703421414006958,-0.00021699941916658745
NASA,B0005,496,2874.031,1.3546417018378962,4.195911764444989,3.59702121364665,3.480352041587074,0.23135076723711012,10.557505283558427,33.691961507697364,-1.703574708739156,-0.00021671331861399974
NASA,B0005,500,2874.234,1.3547039213192407,4.195824004004723,3.592312208409236,3.4781127815565127,0.23421513644395944,10.44683772194685,33.887639684793655,-1.7034912994217157,-0.00021742260184061908
NASA,B0005,504,2864.984,1.349314997503458,4.196258226051591,3.5955001194302834,3.4765867130506125,0.23433904836584496,10.463950749852927,33.67308060941856,-1.7023383270190764,-0.000220220818473275
NASA,B0005,508,2855.093,1.3441891937970554,4.196612664794988,3.5968234611620575,3.4733769291841643,0.23574646332423185,10.576350235720742,33.411988203265814,-1.7014238498912502,-0.00022269344322513058
NASA,B0005,512,2855.625,1.3389913790695755,4.195850781215982,3.6018356753071044,3.4726366397371127,0.23483898171754727,10.574924643402767,33.29926524979532,-1.6950436046971957,-0.0002247350139018006
NASA,B0005,516,2855.594,1.3389145230206971,4.1960023929619235,3.5993448137966926,3.473439372740961,0.23479831383576488,10.588304495107739,33.59980731390034,-1.695057731610264,-0.00022374306232089773
NASA,B0005,520,2847.437,1.3340066759761655,4.196207586734141,3.6035790390364575,3.4754777099091454,0.23268564565922872,10.39078767798918,33.61961195858585,-1.6937809113323188,-0.0002250970437569329
NASA,B0005,524,2847.36,1.3286444309174914,4.195534582569042,3.605860961214576,3.4722884821666766,0.23410417256729069,10.342419003089223,33.3945201718652,-1.6869434054016965,-0.00022853362951821943
NASA,B0005,528,2837.328,1.3231708992276219,4.1957439573980455,3.6105078495292338,3.471373665098864,0.23334669694409094,10.417920296555646,33.16734508187535,-1.6860649112944592,-0.00023095619388949684
NASA,B0005,532,2837.281,1.3181691588445197,4.19586805747139,3.6162629075139603,3.4726160162875095,0.2313300011614801,10.396044399751318,33.10962161613893,-1.6795829780331424,-0.0002322889648813895
NASA,B0005,536,2838.515,1.3184664436640334,4.195347750909715,3.613479485589363,3.4738146874457896,0.23107179563833466,10.414070594122496,33.46501751186519,-1.679793840292355,-0.00023071551301332614
NASA,B0005,540,2828.328,1.318293040102702,4.196065828878837,3.607069040532739,3.4701426486639693,0.23433499047226858,10.475614028784193,33.4426191014044,-1.6851739865098712,-0.00023143808745494377
NASA,B0005,544,2838.265,1.323872422244268,4.184534803011309,3.602312680677842,3.467523652225441,0.22993104314578544,10.386026237490778,33.037928170775885,-1.6863812036302581,-0.00022523322850123513
NASA,B0005,547,2864.547,1.3601216766554785,4.201240476440081,3.5779277610645233,3.4767525840839255,0.23540364113204323,10.732984543213838,33.4949493613756,-1.715777469309528,-0.00021523586782707917
NASA,B0005,551,2846.39,1.3395306867947354,4.195703567262997,3.593974644865168,3.4758956827369127,0.23141450235644928,10.522116200624883,33.491363029025784,-1.7007216920098716,-0.00021987604915326648
NASA,B0005,555,2837.969,1.3290286565120697,4.195744519551191,3.6042747402181803,3.475812179626641,0.22982866330880042,10.368211782352127,33.329808599922345,-1.6928138295817332,-0.00022414498967743033
NASA,B0005,559,2838.156,1.3236741274998955,4.196363050482315,3.608769672096698,3.4746554404904435,0.23034104902999514,10.303356039971273,33.27302769298771,-1.6861104874993165,-0.00022719832084782434
NASA,B0005,563,2829.843,1.318633896753293,4.1957929878569455,3.6093877067067006,3.472301781313945,0.23135728351469487,10.345189925716273,33.229879126701434,-1.685043785043406,-0.00022908898501011244
NASA,B0005,567,2829.625,1.3134751321324272,4.195797286482793,3.614933900308572,3.4729305773503527,0.23009227143713637,10.242231696613171,33.20860833999321,-1.678524839793589,-0.00023108987722618324
NASA,B0005,571,2819.437,1.3132020634442203,4.196349384378125,3.6090232254797843,3.4696192030612285,0.23314646442584394,10.396436911599046,33.236115055926255,-1.6839115230941766,-0.00023243322152877166
NASA,B0005,575,2819.579,1.3077959946944353,4.195609431921248,3.6143313479608823,3.470018470757559,0.2319010543734744,10.27725922252877,33.18660088296571,-1.6773783325850857,-0.00023445107869795228
NASA,B0005,579,2810.672,1.3030329186405918,4.195339917236225,3.61782445722146,3.470762691935287,0.23041567165870697,10.300899037559951,33.174058099115534,-1.676425373206175,-0.0002352978489780283
NASA,B0005,583,2811.485,1.3033573559038205,4.1954020570061195,3.6130872104738954,3.468111467035994,0.232919708838876,10.325509102434353,33.253984518546055,-1.67627880896028,-0.00023618266863372235
NASA,B0005,587,2802.422,1.3034100438655642,4.195685302232799,3.6070395495118257,3.4648625780221494,0.2358919511891503,10.513879157536042,33.3198093248819,-1.6817992883033976,-0.00023658299647972596
NASA,B0005,591,2801.625,1.2978870806495706,4.195561297751176,3.61490941179153,3.467864133752208,0.23263190858264068,10.288665595856624,33.33765795318198,-1.6750812261110137,-0.0002374185002213645
NASA,B0005,595,2802.031,1.2980735056918902,4.196066962029683,3.6109037542764746,3.464021404592563,0.2358468286065869,10.384023930551262,33.29076744042025,-1.675366426273468,-0.0002392020898358218
NASA,B0005,599,2793.39,1.293463613844243,4.196640912532072,3.6155605018867534,3.4664623858156745,0.23332688158658493,10.33422489331863,33.27568841807217,-1.6744879201095209,-0.0002405969556105237
NASA,B0005,603,2793.39,1.288003392619118,4.1956235749123225,3.621191032853697,3.46850906693551,0.2310130188837717,10.187371015436074,33.32067807371405,-1.6674467270234996,-0.00024134900380876713
NASA,B0005,607,2792.485,1.2874525221379407,4.195862008850563,3.6191851049064034,3.466806213058136,0.2324429767597101,10.210076630045698,33.37314972896719,-1.6674702882406252,-0.00024229587163062077
NASA,B0005,611,2802.016,1.3090153642307354,4.18482689434833,3.5953649734437896,3.471070722008039,0.2297938191642851,9.622409545656911,33.71351889594897,-1.6888978346592105,-0.0002254103416044282
NASA,B0005,613,2820.39,1.3250793286429356,4.201968615940368,3.5899373887616655,3.475472204020004,0.23559285682799622,9.312623324566832,33.86531768239223,-1.6979281889133206,-0.00022808000759937748
NASA,B0006,1,3690.234,2.035337591005598,4.179799607333447,2.4757677568281857,3.556946061827572,0.2260193210975841,14.885419022055185,32.142777859921516,-1.990533350635129,-0.00013267050337535858
NASA,B0006,3,3672.344,2.0251402460314116,4.177288238505559,2.35152551190002,3.56147580138708,0.23141504289722925,14.597592064472941,32.29307515705474,-1.990277542145709,-0.0001325431122137459
NASA,B0006,5,3651.641,2.013326371345464,4.177795470598289,2.4404797151065436,3.5667524696413215,0.22354896090021636,14.29514474122907,32.24414709253608,-1.9899467848963859,-0.00013291699562454202
NASA,B0006,7,3631.563,2.0132846655407413,4.178370492084649,2.4791558539003917,3.5687953371516272,0.22097908742082084,14.193124671410438,32.14711742429942,-1.9896009282099438,-0.00013470127353229201
NASA,B0006,9,3629.172,2.000528337624771,4.178015652407259,2.280187848173442,3.563970503289941,0.23503509475204634,14.343782682671154,32.06687277315468,-1.9895483606575701,-0.00013479625636417846
NASA,B0006,11,3652.281,2.0138990759931645,4.193216523251186,2.4392842568466446,3.5735512387791406,0.22547907676393128,14.496499603062826,32.03447836207717,-1.9901040351037365,-0.0001366984863201449
NASA,B0006,13,3650.828,2.013101105626967,4.193679289189224,2.2812068449406446,3.5711391343785897,0.2359700655161548,14.615161985540034,32.11157496697372,-1.9900886222380372,-0.00013757219458803384
NASA,B0006,15,3572.453,1.9687898262728398,4.176826628115461,2.366410527029613,3.5681507462163036,0.22690300607421549,14.224639738796085,32.112576242471775,-1.9891170520197212,-0.0001372109181280222
NASA,B0006,17,3550.594,1.9681661764334244,4.1761685240208415,2.436020049578708,3.5692834155812436,0.2225588245195615,14.161077074102831,32.03566207329278,-1.9892116643905464,-0.00013791439892940253
NASA,B0006,19,3551.25,1.9572307917560536,4.176897989902666,2.1864377487643725,3.563388513484579,0.24025262256048352,14.460863042368572,31.99527968872302,-1.989191243247005,-0.0001384337552542991
NASA,B0006,21,3530.25,1.9455991514129352,4.177579509962451,2.3406023605912454,3.566658719765511,0.2287529216435241,14.24774098008703,31.874127571841353,-1.9891317699701738,-0.00013847255437784867
NASA,B0006,24,3491.016,1.9347505044841131,4.177870678295105,2.4263021374140443,3.5687035970122842,0.2245021597962224,14.183724388640751,32.120959708576166,-1.9887805507702212,-0.00014175862001089063
NASA,B0006,26,3470.281,1.9232799539368028,4.176124493186459,2.4753697700007034,3.569207084156356,0.22161053340015757,13.91798085591655,32.11021168908644,-1.9887320866401275,-0.0001419349533984947
NASA,B0006,28,3470.0,1.911889930948487,4.177784195345462,2.342364523655007,3.5659271296109383,0.22991046226842987,14.137887545501862,31.989061278918154,-1.9887200290368634,-0.00014271274501553207
NASA,B0006,30,3450.297,1.9010667141979305,4.1770625256786165,2.188400081882664,3.5612417270649486,0.24035876978340462,14.38494548416326,31.878814448635442,-1.9887874042287874,-0.00014416912184493872
NASA,B0006,32,3429.407,1.8891989948061458,4.175489274573356,2.1206980945954057,3.557881987836072,0.24452370921534203,14.59716866851159,31.767450711024402,-1.9885910895930397,-0.00014421803749807265
NASA,B0006,34,3409.484,1.878278372248849,4.177366324712495,2.369981457799298,3.56282437243777,0.22899254958827592,14.292860582139127,31.78991634963658,-1.9884892463229662,-0.00014490817686863136
NASA,B0006,36,3390.422,1.8675697161520206,4.176354539745044,2.247991649924625,3.5591953280168633,0.2362539061879907,14.407922850132987,31.82883467218067,-1.9883474274444874,-0.00014722618788350165
NASA,B0006,38,3390.281,1.8675892574453767,4.177126477703333,2.8844463698113665,3.5580906165580983,0.23248821605250242,14.304349588863694,31.890449470827843,-1.9774549866256104,-0.00014824029640078922
NASA,B0006,41,3591.734,1.979626548250818,4.174584178175673,2.2033558468593775,3.565899462157853,0.23666435566343638,13.031594284562697,31.51177053595285,-1.9892347833261184,-0.00013744180002994754
NASA,B0006,45,3552.297,1.9575499080884022,4.175224020262452,2.35887751155593,3.570814209348872,0.22578171830729027,12.993038242364971,31.874488497680712,-1.9890474874073771,-0.00013997016443045035
NASA,B0006,49,3531.578,1.9458150170787551,4.177217300859919,2.218672914041916,3.5666817833633124,0.23460941833641036,13.10009245997168,31.53911453638972,-1.988682950523383,-0.00014023360041159365
NASA,B0006,53,3492.907,1.9242461121680094,4.176514514202052,2.339723057947995,3.5668392745025836,0.2275721037589103,13.11609568647653,31.220866832188786,-1.9885447318884866,-0.00014251038769495884
NASA,B0006,57,3511.594,1.9459811331421641,4.190007215931237,2.3997508208942735,3.571051969392875,0.22747354651355792,13.250644183995949,31.119005145018026,-1.9885639445355097,-0.00014563091681999953
NASA,B0006,61,3431.9370000000054,1.901407930553079,4.176973413125379,2.491410879472442,3.5666308474029793,0.22068728350290212,13.152201221838038,31.033244078156734,-1.9880563928902786,-0.00014499708686512515
NASA,B0006,65,3431.125,1.878674213680085,4.1734521552365464,2.7669269890921613,3.5527392240854914,0.24761140866112302,13.611965056859976,31.001249222460967,-1.9772969675547487,-0.00014441811290269219
NASA,B0006,69,3412.406,1.8683061328264219,4.176098578619343,2.8356128467177313,3.5560959755046615,0.23504747924467745,13.424772542613457,30.921434744041356,-1.9771693646864965,-0.00014555687261286928
NASA,B0006,73,3410.688,1.8560244070082998,4.17626102066065,2.9283946351511094,3.5504500858303394,0.24060676598781225,13.338390410356656,30.929360248207214,-1.9660385076397233,-0.00014585884196416718
NASA,B0006,77,3410.718,1.8451997961855777,4.172854589872979,3.077114957598757,3.546007083640312,0.23544926884929754,12.758423194512787,31.00810965793079,-1.9445990482746272,-0.00014527617515774506
NASA,B0006,81,3392.719,1.857228890885317,4.1881878017349035,2.819560586845831,3.554257954720065,0.24271286255725477,13.730409903246443,30.96779499306422,-1.9769156942357176,-0.0001519696136510432
NASA,B0006,85,3470.672,1.9247760889090635,4.189801024289883,2.4343006861812118,3.555857469677978,0.22078536256948547,13.50456248639425,31.10097217303459,-1.9997552547832569,-0.00014199175407449878
NASA,B0006,89,3414.109,1.8822317526092551,4.186947861426474,2.9187757391682454,3.5537306734803207,0.22368965836687763,13.08097877747657,31.307368922041046,-1.9884344406296768,-0.00014426014203597917
NASA,B0006,93,3395.219,1.855276687885587,4.186434538254801,2.973956908852585,3.5452650003621513,0.23215332099258618,13.079991114346743,31.131339987164562,-1.9771310999966942,-0.00014477873989371737
NASA,B0006,97,3386.0,1.8392508917181876,4.1876767977261,3.0334333724088656,3.538408778928339,0.23624667070508096,12.970039920223343,30.828713779105055,-1.965705768920947,-0.0001465167219074132
NASA,B0006,101,3368.187,1.8185396073994429,4.183948312348072,3.061692514035773,3.5297688311332673,0.2439099480182485,12.644083308363651,30.761533072057244,-1.9542494702422435,-0.00014697116291327955
NASA,B0006,105,3368.266,1.8134770059567056,4.186703871962386,3.0864214480405137,3.5300676840423306,0.244307450843308,12.744054024168353,31.30305692941581,-1.9490605727432448,-0.00014782754033986558
NASA,B0006,109,3358.719,1.7971018450305436,4.186404820230849,3.137787321824542,3.5248882875629555,0.24375960384087478,12.580383623823028,31.06432144678013,-1.9373547119632697,-0.00014923153489904462
NASA,B0006,113,3339.5,1.7810046294120476,4.184538174451997,3.1501156392374963,3.5190926887152725,0.24666463745510467,12.554721437179296,30.96654665282149,-1.9312604088713479,-0.00014962593421329927
NASA,B0006,117,3331.265,1.7710130422682329,4.186047633014145,3.1738920422499453,3.5151810230271,0.24783168845894557,12.75772599900769,30.826455697992966,-1.925413982519257,-0.00015172236505249154
NASA,B0006,121,3321.188,1.7604712448170943,4.186011762299764,3.1972071497430035,3.514029112834162,0.24620396352215285,12.495852355292087,31.080769482413952,-1.9198444871883995,-0.00015275565780462617
NASA,B0006,125,3321.844,1.7502913788006587,4.185653001522096,3.227568458837217,3.514139684003936,0.24380262902937214,12.364204118869118,31.694287817425337,-1.908733158939213,-0.0001528608193984436
NASA,B0006,129,3311.828,1.7394925037732578,4.1849954235358595,3.2308580821504327,3.509578354212467,0.24822681012659126,12.278777131672342,31.875581783696685,-1.90276801874341,-0.00015367360321830216
NASA,B0006,133,3327.391,1.7546766553637203,4.17548998383201,3.199633267433362,3.5110708693292705,0.2572766067465748,13.059664023410981,31.543288143901563,-1.9093247566511207,-0.0001543443337700165
NASA,B0006,135,3312.078,1.7659390941842175,4.191559316475808,3.1898103242112006,3.5159179315855056,0.24598521855518196,13.012251370058365,31.420983409991024,-1.9306372167933323,-0.00015368657927185893
NASA,B0006,139,3293.172,1.7337887419624838,4.185418639744681,3.2499622126804124,3.50585340727078,0.24431167408297183,12.623620734576857,31.15837149963786,-1.907114151507875,-0.00015555895360463195
NASA,B0006,143,3275.328,1.713325912040734,4.183921653715496,3.2761786217774986,3.5010379345914444,0.2435154606775506,12.580098636662662,31.15661421699882,-1.8953541357988335,-0.00015751829028496405
NASA,B0006,147,3265.016,1.7024077813673466,4.185518250318115,3.2892337937863383,3.497407662636496,0.24459591902905917,12.517739984187099,31.206611383963253,-1.8892713805954209,-0.0001595028555545485
NASA,B0006,149,3328.937,1.82371946178183,4.1729165619005535,2.934951679828825,3.5388872766749144,0.23098677589569044,12.970840990250952,33.61169282822636,-1.9819359924929794,-0.0001439457522433709
NASA,B0006,153,3329.266,1.8081284050314708,4.186882269459454,3.0133583509832325,3.5327430295356828,0.24180188757564916,13.17059325264449,32.85630077141311,-1.9653277079992455,-0.00014775739782116513
NASA,B0006,157,3301.579,1.7757610945034283,4.186537777937825,3.0981920097302105,3.521214759733266,0.2452054406792465,13.070535790993628,32.210981559158874,-1.9470636598230844,-0.00015019826630694157
NASA,B0006,161,3283.563,1.7447409841836798,4.182242443277712,3.167346834112308,3.5093111439506677,0.248638831497769,12.822318666600722,31.965090081650274,-1.9241628426386395,-0.00015062537503077582
NASA,B0006,165,3275.125,1.729207034132373,4.185747996173869,3.228685511716086,3.50716091973708,0.24245866501899874,12.590369177676713,31.744801840189538,-1.9124470439353747,-0.00015379581534174524
NASA,B0006,169,3265.656,1.7081086552553244,4.183575724123322,3.2595724548548413,3.500928918686389,0.24306097840857094,12.440992531630815,31.876564068962466,-1.8950209973545986,-0.00015460292778379553
NASA,B0006,173,3266.093,1.6975954237461768,4.184332281821813,3.2774199521442657,3.4973019898820894,0.2453760679343642,12.23315095520151,32.24289319481841,-1.8837082435178907,-0.0001562156395895942
NASA,B0006,177,3257.594,1.6820634524029463,4.184698116905854,3.309541910489555,3.4929038301187156,0.24387936455970977,11.95902400684842,32.07305565938816,-1.8716651994380054,-0.00015860079476133805
NASA,B0006,181,3248.593,1.6714768322295086,4.185835940524748,3.3229457962953464,3.488659224822318,0.24489747465620212,11.96707218613195,32.030140929891196,-1.8654809345089407,-0.00016139488135350866
NASA,B0006,185,3238.766,1.6607591387047655,4.185426189138305,3.3268774953647884,3.4822930804774015,0.24894941761288453,12.068753610528454,31.984935871368258,-1.8592903578575999,-0.00016340787351093287
NASA,B0006,189,3240.14,1.651121015038069,4.184463046346399,3.336400100467817,3.477575664197982,0.25149169273248084,12.016711445961999,32.23677365476226,-1.848156298789804,-0.00016391181174988583
NASA,B0006,193,3230.109,1.6401349256190927,4.18451874454039,3.3562313241233728,3.4787436506489255,0.24743822906353016,11.579685616983895,32.56097148037261,-1.8415742473538441,-0.00016597572322261305
NASA,B0006,197,3229.7810000000027,1.6291999416165441,4.184454576919845,3.371466361383496,3.4740152461288862,0.24781476646180828,11.460346660920422,32.48984985901219,-1.8297533943331723,-0.0001678774400531177
NASA,B0006,201,3212.469,1.6088496302961666,4.181070202610792,3.396018761698921,3.4718387718772696,0.24226020864399292,11.252009971942844,32.42612199208859,-1.8170860697729954,-0.00017006971977349546
NASA,B0006,205,3213.219,1.6035244898969248,4.18244649645216,3.3938825218600814,3.463180130644551,0.25041818458745746,11.257725891791093,32.29984271249387,-1.8111560774496664,-0.00017336042541446983
NASA,B0006,209,3203.578,1.5989712144027983,4.1838203403042975,3.3978158698372107,3.463469391967206,0.24879153893443376,11.613290518469864,32.610757585145336,-1.8113056300795982,-0.00017350014405436193
NASA,B0006,213,3195.125,1.5876273123575604,4.182425008087469,3.416423032732188,3.46021805164007,0.24872123545615055,10.278964938751585,32.25699351958767,-1.803802475704306,-0.00017885116325589112
NASA,B0006,215,3195.3129999999946,1.5829719744686166,4.190985194174346,3.417549528683359,3.462574876665621,0.24661339893460255,10.726888768085814,32.47193402838835,-1.7982439953659044,-0.0001779475334704225
NASA,B0006,219,3186.297,1.567137636713563,4.18162644626075,3.427505386148378,3.4537077937586056,0.24848682009830836,10.658801765911107,32.40219271195366,-1.7857963808615818,-0.00018045902918264998
NASA,B0006,223,3176.438,1.5613446139713882,4.183355970785126,3.4347508426334845,3.4514035349888337,0.24884801817648583,10.73999112053749,32.30987415652578,-1.7850748194527644,-0.00018318932426874561
NASA,B0006,227,3167.593,1.5511711892790419,4.1824452483280945,3.448198019924908,3.450781146333252,0.24531300054344063,10.638685477334871,32.35440526839345,-1.7785916660457872,-0.00018506513765985302
NASA,B0006,231,3167.719,1.5406741606295171,4.182585245365358,3.447136358493749,3.446105572450592,0.249252351248828,10.623251499247043,32.4731363791227,-1.7727874712030285,-0.0001869127440384717
NASA,B0006,235,3159.077999999994,1.5253138744624433,4.1774176000218946,3.455115440595922,3.4418152533277144,0.24876521050750453,10.44181829905348,32.52334649341759,-1.7601807681971697,-0.00018876446222642257
NASA,B0006,239,3148.829,1.5301570318067428,4.182951924778038,3.468023005179232,3.445008015985666,0.24479137176910862,10.583040137455022,32.518264823491045,-1.7653027883569699,-0.00019080526369515252
NASA,B0006,243,3149.094,1.5246566834474087,4.183258304762118,3.4711335972831856,3.441164687975023,0.2475013732087286,10.495688752301245,32.5437072434024,-1.7593486488770236,-0.00019295209233056825
NASA,B0006,247,3140.547,1.5145492986655427,4.183170360974043,3.4883390886919767,3.443620591429828,0.2406026011996967,10.348442610524614,32.562223096007365,-1.7526167898737661,-0.00019430998958596267
NASA,B0006,251,3131.625,1.509391504602082,4.183359256700765,3.4882264404681207,3.439943269617906,0.24316998214821461,10.398937171848985,32.58978020040808,-1.7516949849801624,-0.0001961629158360471
NASA,B0006,255,3121.907,1.5039974333050705,4.182909564093396,3.4877002346746275,3.43602719305159,0.24559891719465526,10.475898786645722,32.57089563557426,-1.7510429704034998,-0.00019803575893778005
NASA,B0006,259,3122.125,1.4935201918040188,4.181939688146648,3.5019144212894115,3.436309312279291,0.2415711613630848,10.218502048755191,32.537854347094196,-1.7388746112390865,-0.00020004872219034903
NASA,B0006,263,3121.672,1.4876323024497422,4.18215985406311,3.5064898836985074,3.430470227771154,0.24728531582711172,10.14062961749866,32.65645090520509,-1.738622547139575,-0.00020418666362916022
NASA,B0006,265,3120.86,1.5302876214401704,4.189962701965466,3.4612712556588887,3.4417311090871063,0.25068575483973593,11.17939799132866,33.180785234653264,-1.7870762809520677,-0.00019413597341417404
NASA,B0006,269,3103.828,1.5040760088360112,4.181214475643097,3.49597974716647,3.4355429213552537,0.24384503322302606,10.81775470351543,32.71220835503141,-1.7612682208672186,-0.00020024142407219125
NASA,B0006,273,3095.094,1.4887593608730894,4.181652803611802,3.495868232766142,3.4272336842373576,0.24872769369277464,11.090251038259318,32.543943889007906,-1.7545532300777185,-0.00020373225383711133
NASA,B0006,277,3095.781,1.4782779285546637,4.180127984409454,3.5168324777654205,3.4307536518687556,0.23981868986409427,10.70397669404603,32.6655410721976,-1.7364250156958492,-0.00020494432157205594
NASA,B0006,281,3094.328,1.478459982215684,4.182435253361705,3.5140805590225344,3.430880434209888,0.2412584602938845,10.785643961306214,33.160922870564626,-1.7371686757879778,-0.00020446536056160773
NASA,B0006,285,3086.531,1.473214844899973,4.182970513713943,3.5179169265872945,3.431984614031654,0.2403918787539756,10.54887999612054,33.414445545408455,-1.7358183569582517,-0.0002057731098175591
NASA,B0006,289,3085.625,1.4675164935067897,4.182588389688278,3.51910167584515,3.426913589626702,0.24353313719762423,10.548125019764623,33.3541679486525,-1.7297302660430056,-0.0002081297733199077
NASA,B0006,293,3067.203,1.4516292657521335,4.180283545890356,3.521493643197122,3.4220422356705154,0.24505211094966728,10.42764640967528,33.13634596100404,-1.7278671098991139,-0.0002116531001301111
NASA,B0006,297,3058.157,1.4519237720967177,4.182277548850675,3.531199617131715,3.4202687142856667,0.2445224118963859,10.587944230911592,32.92241762841388,-1.7269073147637581,-0.00021460701065268
NASA,B0006,301,3058.812,1.4471484694777745,4.182483687657018,3.540682828822266,3.4248208106770663,0.23871895764328246,10.625238457661307,33.20338483123576,-1.7211995934038338,-0.00021276023965900433
NASA,B0006,305,3058.578,1.4468538105659885,4.182606347806988,3.5356541187739614,3.4234990883192666,0.24156011251597115,10.593256428645383,33.533950654066935,-1.721141114732718,-0.00021271223338799187
NASA,B0006,309,3049.328,1.4416741930284678,4.182949890012143,3.5426480867538017,3.4247420964314874,0.2394044963910197,10.546081371107789,33.5767934055627,-1.7200547727480755,-0.00021361890955177832
NASA,B0006,312,3177.219,1.5935866593100128,4.222353332039162,3.5029468518556204,3.450702139255875,0.24986811906504275,12.49425993525729,33.224088400657315,-1.8210481343824243,-0.0001910584038353367
NASA,B0006,315,3082.937,1.5463902376915637,4.190810496600126,3.459144575143091,3.4480475429907522,0.24289182353294878,11.89356863584851,33.37083344726966,-1.821445703423604,-0.0001862534651507579
NASA,B0006,319,3074.266,1.51470559175661,4.1828124049147695,3.4885908514844224,3.4399481891896455,0.24242933169344988,11.242649269672832,33.43366634309322,-1.7899159936953069,-0.00019097361397857107
NASA,B0006,323,3066.0,1.4989786083335404,4.1838942747302825,3.500662570823591,3.434112914501242,0.24449013265629163,11.104824469952604,33.28676739403043,-1.7769345930773324,-0.00019583716880724715
NASA,B0006,327,3056.437,1.4831110745410492,4.183847567326402,3.5190985130636876,3.4325600940363916,0.24110307279068668,10.901609098776493,33.14347737377552,-1.7640032117743045,-0.0002000222905542598
NASA,B0006,331,3048.219,1.4729664825468278,4.183259734378229,3.5212860952811007,3.4270614887575657,0.24425389866866307,10.938870639398349,33.11021541795579,-1.7571701008871028,-0.0002028304235648219
NASA,B0006,335,3039.218,1.4627604396099307,4.183152598210248,3.5315851155806786,3.427340316812041,0.24148071569208399,10.838962090604365,33.18991802149879,-1.7502670210777267,-0.00020459924865867237
NASA,B0006,339,3039.047,1.4518364681062514,4.1835297239964095,3.5329262878466716,3.423482197888437,0.24464245573487717,10.750992519612218,33.26265398635676,-1.7439614243216512,-0.00020655338526130718
NASA,B0006,343,3030.375,1.4468670644030392,4.181677965200077,3.539045488750217,3.4220957701069374,0.243681234330419,10.611225745844855,33.299978841087025,-1.736850855663561,-0.0002086794448507521
NASA,B0006,347,3021.0,1.441380399427779,4.183197246077639,3.545547133777292,3.421883545422636,0.24249235318123782,10.66996948807725,33.31663547841367,-1.7360045229798653,-0.0002097798898724797
NASA,B0006,351,3021.75,1.431210744960774,4.182847747629186,3.5484565862450688,3.4195777411151886,0.24428631492877723,10.61118774501227,33.39150630507064,-1.729690117077797,-0.00021144789247347037
NASA,B0006,355,3012.265,1.4260247179525716,4.1825932531603875,3.549925959367978,3.4175281789596474,0.24533925383722666,10.656918576788222,33.41522427488497,-1.7287954627467013,-0.00021273126254103228
NASA,B0006,359,3002.641,1.420487649966195,4.181536580807847,3.5622369118183483,3.4197860540725715,0.24035187594624083,10.449908863033702,33.39690850726103,-1.7216729981632184,-0.00021484402840396208
NASA,B0006,363,3012.0,1.4207006230355006,4.172034399629829,3.5587698945654234,3.4171369298988705,0.24069187953555218,10.98877231820872,33.73731993653,-1.7228162229694663,-0.00020887587047769185
NASA,B0006,366,3020.11,1.452255804330839,4.188427549455566,3.5413834963307256,3.4305347141293625,0.23954452760941822,10.860740882409594,34.08965316576344,-1.7486639022205694,-0.00020342335974125634
NASA,B0006,370,3002.172000000006,1.431557632772571,4.181335856346829,3.557320348056594,3.4250844180972875,0.23920169814767764,10.738833692503572,33.9987286593769,-1.7345160724760178,-0.0002082154942005986
NASA,B0006,374,2992.703,1.415015751158943,4.179546243153898,3.5560021159887576,3.4171339862792935,0.24475701426966365,10.717404347080208,33.907397114007345,-1.7271570233190525,-0.00021149199819421252
NASA,B0006,378,2964.468,1.4097311506517451,4.18088822946083,3.565450927200841,3.417521467040602,0.2408080362142482,10.827240477025189,33.70518417605219,-1.7305179027385762,-0.00021418389682737962
NASA,B0006,382,2983.375,1.404917318129309,4.182667734360821,3.5778109276715733,3.4181623236680356,0.23985452319305442,10.635473918369012,33.7458832944166,-1.7141443638380731,-0.00021595530987913243
NASA,B0006,386,2975.297,1.395164296571563,4.179684890591493,3.5823842742694407,3.420331935905118,0.23666693145105858,10.400743965957151,34.01657212624259,-1.7067823273466607,-0.00021614645732446355
NASA,B0006,390,2974.9850000000006,1.3945343832614077,4.18224535784739,3.5836702091707866,3.4192916311692465,0.2390286773610217,10.40086745277063,34.175023374593785,-1.7063596521950202,-0.00021734969708367597
NASA,B0006,394,2966.25,1.3893171179312644,4.182453793427935,3.5856253738844623,3.414352330355796,0.24221175414346538,10.463546198416985,33.976109677640174,-1.7052696591517462,-0.00021983052759104568
NASA,B0006,398,2956.359,1.3838379472327809,4.182382182381389,3.588984284723791,3.412701167144591,0.24220504327165968,10.585948108091905,33.84150372451663,-1.7046265574439607,-0.00022130534944171228
NASA,B0006,402,2956.344,1.3736814238195123,4.179533028548021,3.5864700210588274,3.410409522809144,0.24435718343921012,10.501429717407646,34.1008464215818,-1.6985503106996724,-0.00022156536977090572
NASA,B0006,406,2956.406,1.3786059891863676,4.182385088635815,3.5923515752514272,3.414419320260644,0.24176595846391638,10.401350416666133,34.34663683304219,-1.6982347588599789,-0.00022121198187958265
NASA,B0006,410,2947.266,1.3737600299108574,4.182683463001238,3.5963124070242887,3.4131710032395315,0.24223055603174873,10.382717890148303,34.216231530637586,-1.6971165805711328,-0.00022271284215929552
NASA,B0006,414,2937.984,1.3682580583942712,4.182413969607667,3.6002389127425705,3.4107019261975147,0.24315982041013035,10.43890757564774,34.041617020161176,-1.6959199401004303,-0.00022482066489512857
NASA,B0006,418,2929.125,1.3633024037317505,4.182411904002977,3.604261987061514,3.4089059214760367,0.24335348175106358,10.544089181196398,33.890212870710734,-1.6953163120957457,-0.00022624479629604558
NASA,B0006,422,2928.454,1.3580966140172601,4.181099186741353,3.610208784768209,3.4134080258317576,0.23910918351075655,10.416204129502947,34.116762412437,-1.6890383512433216,-0.00022524390979261356
NASA,B0006,426,2929.375,1.353269090999531,4.180110659212056,3.604384847345642,3.411221044859532,0.24277811004383898,10.376770211273868,34.490493589415046,-1.689240311218937,-0.00022480162533238806
NASA,B0006,430,2946.031,1.3841605738237488,4.163570261072192,3.5929395911706528,3.4155210852213678,0.23720200532883332,10.192705970212792,34.23744800906639,-1.7102007614808157,-0.00021057688618720657
NASA,B0006,432,2955.438,1.4051467790651473,4.190012868765637,3.5862615333641465,3.4229838362549794,0.24143941002028121,10.71814307523745,34.41428886050454,-1.730244918610445,-0.0002115387373246873
NASA,B0006,436,2937.625,1.378719022627353,4.182338112503195,3.5993733218450874,3.414757022019347,0.24413784898440827,10.592188032367034,34.16445180476378,-1.7152465923901479,-0.00021704218389924048
NASA,B0006,440,2929.078,1.3682657783199066,4.181981194182554,3.613313370916122,3.41435871627236,0.24152323402005177,10.40676545328013,33.877146811272176,-1.7013404928191733,-0.00022166620362079533
NASA,B0006,444,2918.375,1.3573151296618016,4.18265262787567,3.6129164007807564,3.4091886698418046,0.2460496736273354,10.583526585068991,33.839566254190565,-1.7004366132157598,-0.00022435615260122792
NASA,B0006,448,2919.812,1.3524934638801596,4.182270325485355,3.62307676232919,3.411930366643558,0.24258968522569255,10.324706583969302,33.818304796930946,-1.6873533635265776,-0.00022628262346454728
NASA,B0006,452,2900.422,1.3474099151661236,4.182394535290608,3.6225410007004046,3.4094417183837504,0.24390756219118898,10.482661965663986,33.812621135472135,-1.6919294969110734,-0.0002274609100441894
NASA,B0006,456,2901.375,1.3370075130842318,4.182061947471753,3.626275900079049,3.4081896097479882,0.24531767840677798,10.37293707755644,33.79894614410012,-1.6852952939579415,-0.00022953685923745193
NASA,B0006,460,2901.187,1.3312352966718526,4.182288987105723,3.630939582490314,3.40737851449911,0.24580906151652474,10.29182449644934,33.702723745621576,-1.6787428835073943,-0.00023159130604728592
NASA,B0006,464,2891.64,1.3259303781727643,4.179633835322102,3.63665215167077,3.4085862639015,0.24308656517101032,10.182348162121492,33.63562651984647,-1.6712137513430336,-0.0002334074233437335
NASA,B0006,468,2882.906,1.321578743867529,4.181392635232333,3.633648674889144,3.404843616147767,0.2473025976222259,10.369476013616662,33.690724061796516,-1.6768931248947176,-0.00023365994468256982
NASA,B0006,472,2883.265,1.321225074066109,4.181883861516496,3.6408526421786505,3.4081057374178703,0.24422108333220258,10.20392209507689,33.71317033815572,-1.6701186583642826,-0.0002346497809374396
NASA,B0006,476,2882.969,1.3156485301862682,4.182054276922838,3.6463041446743727,3.4091728540380735,0.24340486418659887,10.095547353652218,33.65376593260611,-1.6634753413292604,-0.00023582614972185743
NASA,B0006,480,2891.656,1.3209025697502388,4.168816046299314,3.643185525285694,3.4110817622184233,0.24099639163604958,9.68225514993938,33.983578066068176,-1.6645875549232958,-0.00022992167075015766
NASA,B0006,482,2901.25,1.3474328767273906,4.1901092209827935,3.63009179178362,3.4167486246717154,0.2445794002146044,9.837420688723284,33.816348135475515,-1.6918384605140158,-0.00022578386133026052
NASA,B0006,484,2891.703,1.3260128072353616,4.186977042307121,3.644383145306869,3.4169689184247174,0.2418829111188869,9.557165815506554,33.60692030225909,-1.6711981411684529,-0.00023112455170020067
NASA,B0006,488,2883.016,1.3101186784831063,4.1821030998183115,3.647724843088211,3.4105763913818787,0.24570660921197612,9.572105735433833,33.47350597721994,-1.6632769410531225,-0.00023470732388178943
NASA,B0006,492,2873.453,1.30521620229393,4.1822412159486655,3.654758881299619,3.4113335283009314,0.243669978984679,9.558389075740838,33.209178727620106,-1.6559085740676296,-0.00023763554332804888
NASA,B0006,496,2874.031,1.3004061951355774,4.1811092734638216,3.649848216700934,3.4081283345557187,0.24822787297973212,9.61442995456386,33.58088963686094,-1.6561009220603313,-0.00023685411166468007
NASA,B0006,500,2874.234,1.300235735841116,4.181892633123134,3.654795053390779,3.4125732422699135,0.2452230312011813,9.372057716637727,33.76400861956033,-1.6493259508429792,-0.00023788583100096933
NASA,B0006,504,2864.984,1.2895066722480755,4.1810790735747885,3.65519692144285,3.407693686560286,0.24934296653021504,9.437770125604619,33.57003564415372,-1.6481131076816375,-0.00024077934758153768
NASA,B0006,508,2855.093,1.279253057384795,4.179849355700932,3.660920185251899,3.4073499608041957,0.24821460129448178,9.34079000784915,33.272050895552354,-1.6402541382604887,-0.00024424923377838336
NASA,B0006,512,2855.625,1.2792078171714618,4.181641969595387,3.6665506464743816,3.409292163767801,0.24659016011849222,9.331486239935465,33.12740933210319,-1.6339151095418003,-0.0002461045099291811
NASA,B0006,516,2855.594,1.274036760902923,4.18154819879745,3.6648304200950594,3.4095492354804775,0.24758339650785938,9.409747906097888,33.439116773449626,-1.6340244573659812,-0.00024462202758072444
NASA,B0006,520,2847.437,1.2741273923001468,4.181631106163372,3.6670708418070905,3.410318915287339,0.24739801801109818,9.235972167146041,33.482874768414376,-1.632488007933941,-0.0002472222263255394
NASA,B0006,524,2847.36,1.2637639426440779,4.178712498488009,3.671063896554771,3.409269478846637,0.24810226825514498,9.07850808010851,33.22136307064441,-1.6192610042624402,-0.0002521472482341974
NASA,B0006,528,2837.328,1.2581373688955233,4.181148894438262,3.675527990548978,3.4094374435069095,0.24744012771914206,9.115372092222643,32.98562738901426,-1.6178242977824624,-0.0002542005299552003
NASA,B0006,532,2837.281,1.253259864055301,4.181246648937272,3.67291170661734,3.403885091976961,0.2532123266842987,9.345933878405106,32.970182781539556,-1.6181015728870058,-0.000255684663638228
NASA,B0006,536,2838.515,1.2532313315493426,4.182083806710052,3.6729426082793797,3.4065929107527846,0.25263202324107764,9.31393582660143,33.31018716138479,-1.6180985297864203,-0.00025467676382982574
NASA,B0006,540,2828.328,1.2480874960313577,4.179465656635683,3.676426871927093,3.4095930016592684,0.24908472229042342,9.082924165703137,33.23406652671602,-1.6103535053387172,-0.0002564258239105291
NASA,B0006,544,2838.265,1.2534354284944844,4.164241788212258,3.6787483492176243,3.409409922814414,0.24501536673331065,9.26944770521088,33.117656712920734,-1.611644410040853,-0.0002496346608850059
NASA,B0006,547,2864.547,1.2898048773266901,4.189238693156103,3.6660243812714266,3.4195489282896943,0.2466700164316275,9.776215513093128,33.78417036686004,-1.6420364978388977,-0.00024202162504632918
NASA,B0006,551,2846.39,1.2635402021758835,4.180662617196329,3.673517843188949,3.4151799904187996,0.24807422285760142,9.529254121026039,33.806439563441614,-1.6194806393973795,-0.00024956555394449394
NASA,B0006,555,2837.969,1.2479761706842853,4.181032942784607,3.679265325617699,3.4154594925159083,0.2480617016753451,9.327379280460466,33.63735785291911,-1.6048643562670923,-0.00025583143422418806
NASA,B0006,559,2838.156,1.2321202877943334,4.17964376586292,3.6810005302067896,3.4130336456755868,0.2513379562071556,9.21491394518852,33.58195933847606,-1.5916400783224371,-0.0002625384643171359
NASA,B0006,563,2829.843,1.2271137666213534,4.180653486967336,3.6816210659707824,3.4094524356574096,0.25541755590484166,9.305828266139514,33.56245583951572,-1.5901105081883435,-0.00026533308789839616
NASA,B0006,567,2829.625,1.2217397581377356,4.181365190126037,3.6870580470143386,3.4138496008165014,0.2521876111582164,9.08485940615541,33.5111267532655,-1.5767754479909835,-0.00026984047923840263
NASA,B0006,571,2819.437,1.211102678915174,4.180359359066286,3.686609623032529,3.410900672125043,0.2554146162892581,9.095569966686735,33.53675907012135,-1.575262673173442,-0.00027442246714828725
NASA,B0006,575,2819.579,1.2056159765131735,4.181277236211712,3.6886642285753455,3.4105744140130074,0.25698194109584227,9.062606397975806,33.49803069556778,-1.5684640005188113,-0.0002784336733297804
NASA,B0006,579,2810.672,1.2008936262717274,4.181921994951423,3.689427929747468,3.4096514247359915,0.25819731705646964,9.107595339004448,33.516977262709986,-1.5671286757845893,-0.0002801985204462029
NASA,B0006,583,2811.485,1.1905903985558335,4.179431633541701,3.691557712403205,3.4128578373442537,0.2562295547306426,8.872253527000293,33.531923269271225,-1.5537993411647462,-0.0002856005174005971
NASA,B0006,587,2802.422,1.185179251041941,4.180438271754948,3.692494602830583,3.413450901705652,0.25633972565262325,8.858518029770604,33.567636169584304,-1.5521827524962775,-0.0002864486162746077
NASA,B0006,591,2801.625,1.1796706818144624,4.181414159913002,3.693907128232746,3.414388187503409,0.2568441721022827,8.739511332020662,33.60493096509702,-1.5452652929126827,-0.00029057724380851356
NASA,B0006,595,2802.031,1.1745952836753915,4.180815073540562,3.6946262144743858,3.412419038813061,0.25993777730028017,8.717676546726402,33.54281440778599,-1.538651770825325,-0.00029672475386237563
NASA,B0006,599,2793.39,1.15381833159625,4.1697037841892834,3.6963269652374176,3.4148103057455175,0.25676219132624173,8.406133461657767,33.472459360982775,-1.5169723774339863,-0.00031047757159285115
NASA,B0006,603,2793.39,1.1644009557372264,4.180283727512206,3.697169686162496,3.4166177332601,0.25786885910619006,8.50790279390441,33.58210389885497,-1.5238501013926742,-0.0003076123650822484
NASA,B0006,607,2792.485,1.1587974947916069,4.181157702694518,3.6966744870459154,3.4121341541171764,0.26372718676135337,8.613857178875616,33.6634605108384,-1.523792814686802,-0.00031196047579126193
NASA,B0006,611,2802.016,1.1749748834769171,4.157544974448367,3.69305943579077,3.419700177568569,0.2529109631298057,7.6724990332196406,33.730546074122294,-1.5391310859398721,-0.00028831183659781107
NASA,B0006,613,2820.39,1.1856752327929356,4.188511527828155,3.691808982914086,3.4234687742187893,0.2619158664193414,7.284598267059149,33.8912822372509,-1.5426703969635054,-0.0003028176896432108
NASA,B0007,1,3690.234,1.89105229539079,4.199359521791473,3.062112709085676,3.522006703394617,0.2874452516516924,13.401434542794036,32.62485875142121,-1.8691188840185695,-0.000140395867131913
NASA,B0007,3,3672.344,1.880637027686859,4.198257409594461,3.0792262382335167,3.5319490434317116,0.2797089856913086,12.894650786177674,32.738209593287145,-1.8680422715350309,-0.00013823567902962293
NASA,B0007,5,3651.641,1.8806626717011388,4.198280074112568,3.0632655470968633,3.5344025220217845,0.28372654574505013,13.179528534553167,32.68511456550919,-1.877784734502072,-0.00013783537170860988
NASA,B0007,7,3631.563,1.8807709009833444,4.197941750771344,3.0394209081813037,3.53492504932652,0.29008702878464626,13.62655799624001,32.554748499572646,-1.8875256535871228,-0.00013870378729563003
NASA,B0007,9,3629.172,1.8794508728285058,4.198464224146956,3.0431671777523723,3.534536640068787,0.29220641599968367,13.697562862372283,32.46787845303298,-1.8871559747738404,-0.00013831426844464691
NASA,B0007,11,3652.281,1.8807003517117404,4.197902988175172,3.1233879823287563,3.5411626672196816,0.26674308476358344,12.532638623275002,32.48624734055599,-1.8675154082122565,-0.00013664348607142282
NASA,B0007,13,3650.828,1.8799352523566075,4.197891547056767,3.1185821288267825,3.541165612176161,0.27118633921124835,12.590241054160227,32.55779966353037,-1.8673304059806155,-0.00013672724543896162
NASA,B0007,15,3572.453,1.8815088124038797,4.19920088820775,3.0484292097717485,3.5494581176357975,0.27297824294152273,13.941462767814407,32.45374435641106,-1.9063154499484403,-0.0001402703826000652
NASA,B0007,17,3550.594,1.8696907870385844,4.198273632768149,3.0162462022532277,3.5502805464079743,0.2771296154486181,14.405439438919146,32.373246444985035,-1.9164259300038171,-0.00014082046174854004
NASA,B0007,19,3551.25,1.870052380139199,4.198830761298339,3.005452831952688,3.5481347674910286,0.283812978267983,14.55373164983023,32.30534276235138,-1.9165016044519978,-0.00014078908506454167
NASA,B0007,21,3530.25,1.8700442394188577,4.198720291823363,2.966533480141811,3.5484272148956437,0.28889633724718083,15.113277967770426,32.183319483399806,-1.926771167846017,-0.00014043785786677044
NASA,B0007,24,3491.016,1.8596518987766364,4.198945227315025,2.9583476203190093,3.5560433603714667,0.27604177175304995,15.2577953559422,32.378853181816005,-1.936979366983281,-0.0001428937543864667
NASA,B0007,26,3470.281,1.8590746560862206,4.1990513028067955,2.896976191688246,3.5604849642800684,0.2717170193494012,15.394457686470819,32.2913249500013,-1.947065774665518,-0.00014295503381638847
NASA,B0007,28,3470.0,1.8590084577709232,4.197967675754507,2.8760046514911854,3.5562872542469752,0.2826191895837473,15.747276889721995,32.14782797344657,-1.946961601670498,-0.00014282707799086685
NASA,B0007,30,3450.297,1.8593622586957048,4.19925638222589,2.9490333218639506,3.5647746218187324,0.2549992595793087,15.107235153048627,32.01380948237792,-1.946851050742258,-0.00014450652248139943
NASA,B0007,32,3429.407,1.8587355450601035,4.198809496382092,2.8175785425628526,3.565438928797127,0.2598113371383103,15.62552760054697,31.881310103471357,-1.9574063719005568,-0.0001452158137918704
NASA,B0007,34,3409.484,1.847817291322145,4.19879257501117,1.8575547668336483,3.565961679108638,0.26669381029351313,15.696931604835171,31.854304304240515,-1.9680136940585706,-0.0001449994767319537
NASA,B0007,36,3390.422,1.8485252916137047,4.1985172274243965,2.1657556124208934,3.572496559005355,0.2443446202400194,15.239692476211143,31.856555404576753,-1.9680499927642312,-0.00014635924965263536
NASA,B0007,38,3390.281,1.848378951850034,4.198141640180731,2.0270686341513207,3.5699492020415136,0.25329366708168694,15.424484814280056,31.867182607083926,-1.9680218912213907,-0.0001464109211830932
NASA,B0007,41,3591.734,1.8807805437609766,4.196060627765756,2.990508602000316,3.5464338449590023,0.2870418502164071,13.907748283079137,32.35216872128999,-1.9066656790606797,-0.00013811525299886693
NASA,B0007,45,3552.297,1.8814721597443598,4.196697192985168,2.9244436686756003,3.5531968089006387,0.28839720112764217,14.690160804544192,32.60219299451182,-1.9267118604677658,-0.00014042323783101962
NASA,B0007,49,3531.578,1.8810954313244785,4.196951235755862,2.985701673091382,3.5599340214678805,0.262396085205122,14.088524466708161,32.19571819720114,-1.9260915660103672,-0.00013984278534247892
NASA,B0007,53,3492.907,1.8710089649779995,4.196666467438727,2.8624482917296183,3.5595604968237993,0.2755055664428783,15.24829647147374,31.805988160181123,-1.9468340181835688,-0.00014191118838324175
NASA,B0007,57,3511.594,1.8701995151941375,4.1966416719103465,2.9139323032496045,3.552385161941813,0.28817671720490146,15.21800683186257,31.737001978644926,-1.9364196896718646,-0.0001408015622706323
NASA,B0007,61,3431.9370000000054,1.8706715362800985,4.1971302559922,2.0506492642329937,3.5707670304281067,0.2505087558173121,15.131802667287836,31.51707667966367,-1.9675984733558025,-0.0001438017777068546
NASA,B0007,65,3431.125,1.8596124644020169,4.196450282799754,1.8254369744762284,3.5657224847439295,0.26724293226716145,15.466127080493266,31.442860781038384,-1.9680130544442065,-0.000143505419901963
NASA,B0007,69,3412.406,1.860033909718346,4.196790308710931,2.134879000684994,3.5712835067487094,0.24546299726358747,15.153498896868157,31.32326275303232,-1.9675572757550353,-0.00014321543449130432
NASA,B0007,73,3410.688,1.8591653109160768,4.196693048697735,1.970455493406623,3.5679716274891398,0.256383090128758,15.375895896781618,31.28571570579735,-1.967618505240168,-0.00014335862100129556
NASA,B0007,77,3410.718,1.8481398178778288,4.197078923354,1.8132694309760007,3.5646314038791784,0.2688392479727567,15.642009011424818,31.331850868998004,-1.9678214300979182,-0.00014322322372889895
NASA,B0007,81,3392.719,1.849201702126164,4.196062203382386,2.0483657324095637,3.568983888921194,0.2510097241436422,15.317470557342755,31.32285733932258,-1.9675056354779956,-0.0001446558214631829
NASA,B0007,85,3470.672,1.8834677437950846,4.206370624421659,2.8828887698944623,3.564620688944316,0.24235648397605905,15.241662767453011,31.608436452122476,-1.9683447778186904,-0.00013964453995697287
NASA,B0007,89,3414.109,1.8628211117905844,4.203187727641822,2.1177799354077496,3.5694388142217837,0.23904274000018072,15.099581562958374,31.782101501165204,-1.9788067754387157,-0.00014055276390388194
NASA,B0007,93,3395.219,1.852085039652352,4.202855529853741,2.1637448793153697,3.568742147335628,0.2361226467707183,14.963879475321406,31.515041989202878,-1.9785908218423578,-0.0001402559671203616
NASA,B0007,97,3386.0,1.8469504648208708,4.2027504558714135,2.0456561472058055,3.5642424070467817,0.2435637592164921,15.295433527231793,31.13866351339678,-1.9784335668087778,-0.00014055639130028616
NASA,B0007,101,3368.187,1.836828431169018,4.202497792748939,2.1356202266992863,3.5653038098527605,0.2380524119042055,15.120099267077283,31.068710515588776,-1.9781601679702336,-0.0001412322327880552
NASA,B0007,105,3368.266,1.8371619619672275,4.20243913428064,2.042987153745025,3.565432167703823,0.24360198231062685,15.307890639243656,31.618244836823447,-1.9783765899690637,-0.00014106920191813514
NASA,B0007,109,3358.719,1.8316722583718854,4.2027151718379345,1.9786162394118947,3.5622303163451425,0.24837093630083507,15.349142181547219,31.331528063668397,-1.9780771457931066,-0.0001419041499368746
NASA,B0007,113,3339.5,1.8211470951317783,4.203023971708643,2.15845357648832,3.564481026852489,0.23693822731644562,15.24021628060099,31.132569191182142,-1.9780971417908424,-0.00014201464436633417
NASA,B0007,117,3331.265,1.816506091511515,4.202697887601401,2.092603698932653,3.561614556780574,0.24121089374904708,15.554818031636746,30.972969676157927,-1.977978349880126,-0.0001422300267315068
NASA,B0007,121,3321.188,1.8113815601504555,4.202582706720855,2.1528886431678034,3.5630587459190144,0.2377592209805917,15.591927209484577,31.1990648511682,-1.9784334957218421,-0.00014266748840978323
NASA,B0007,125,3321.844,1.8116056333939583,4.203035094861703,2.0537418826405966,3.5629534367704405,0.24427062964618607,15.552791607971628,31.722267598269813,-1.9782873833989176,-0.00014320078370360872
NASA,B0007,129,3311.828,1.8060548955557403,4.202608242479543,2.0793300586339956,3.563446012076242,0.24292877825753523,15.413357167898162,31.900827580605675,-1.9781961432676651,-0.00014359008680575415
NASA,B0007,133,3327.391,1.8132041826994056,4.19612459601344,2.0759793304520757,3.563998342345823,0.25327029403423074,15.610639509571417,31.5372402498617,-1.9670969462670498,-0.00014689915861784396
NASA,B0007,135,3312.078,1.8062641938283535,4.2042954628954305,2.0674349483094465,3.5604902283110547,0.24529230432510515,15.081358558368997,31.24662583059252,-1.9781214643703728,-0.0001429928649475006
NASA,B0007,139,3293.172,1.7958310249900458,4.201835131331625,2.037264031192436,3.5567002097886946,0.24718150200077496,15.481653070217526,30.939399361884792,-1.9780364457328714,-0.00014354320367971295
NASA,B0007,143,3275.328,1.7858852600390451,4.202901194454151,2.1632674190148338,3.5584127263446006,0.23972404685296034,15.354788360354021,30.884857004354572,-1.977935781469453,-0.00014437377495807741
NASA,B0007,147,3265.016,1.7803268604502753,4.201756108371374,2.106631526845483,3.556136820956992,0.24353239714133773,15.507256647043704,30.920682316695828,-1.9780170042003,-0.00014471112597158226
NASA,B0007,149,3328.937,1.8150756899575577,4.191916354433964,2.1809272860788376,3.568999942180493,0.23779858875750914,14.580852214023935,33.880577817079796,-1.9779140108313502,-0.00014272059564747323
NASA,B0007,153,3329.266,1.8157025154845838,4.203330153285592,2.1773498094527195,3.571059290544873,0.23785906798506715,14.975589339732917,33.038339318294426,-1.978162017642311,-0.00014386185856890646
NASA,B0007,157,3301.579,1.8002432178056673,4.20248271441994,2.180136101967249,3.5666921284622095,0.23760527129618003,15.140404352891927,32.27329169539202,-1.9779553399945098,-0.0001442089968770867
NASA,B0007,161,3283.563,1.7904476205609308,4.203276539809248,2.1286295199076855,3.563327431073248,0.24105488010739884,15.432178440795141,31.937919783481355,-1.9779914337720734,-0.00014358323250714916
NASA,B0007,165,3275.125,1.780343032300132,4.202580870413733,2.8191493135378414,3.5590146214829015,0.24277115965808288,15.694278923322287,31.688686599521045,-1.9721889844228178,-0.0001444912982776328
NASA,B0007,169,3265.656,1.775328769596812,4.203244171517053,2.7914986722149657,3.5566945836342914,0.24879599446153314,15.978715401615254,31.779120691032947,-1.9723254573804139,-0.00014484157513513943
NASA,B0007,173,3266.093,1.7702629734732853,4.202697222668131,2.912699551286945,3.555013984911923,0.2513247440204203,15.95998067166498,32.133873372089305,-1.9668382736785281,-0.00014492123342151148
NASA,B0007,177,3257.594,1.760081061854204,4.202581421564202,2.99598771253577,3.5526373754067415,0.24843977298975742,15.61413715088117,31.889431533099835,-1.960929600351624,-0.0001453970373015253
NASA,B0007,181,3248.593,1.749647593537689,4.201127463298259,2.97267687251875,3.547186025484395,0.2591347484640653,15.98227500974695,31.81736328028127,-1.9607588424014128,-0.0001458319767010311
NASA,B0007,185,3238.766,1.749650075059311,4.202508747096239,2.981408978015783,3.546814755244375,0.2566708502475146,16.15571870764068,31.72316205746117,-1.9607439129501683,-0.0001464693644532792
NASA,B0007,189,3240.14,1.745028739214683,4.202197348597037,3.0307473063064005,3.5447850172972655,0.2590391092431144,16.104147056589348,31.957150654392294,-1.9550964299704847,-0.00014625350439362474
NASA,B0007,193,3230.109,1.7396457455286727,4.202490707154508,3.0390623366854363,3.5465215420964156,0.25599663439330134,15.784012560776194,32.29917704213345,-1.955058998571939,-0.00014723881702788426
NASA,B0007,197,3229.7810000000027,1.7285642277717963,4.20211186646044,3.073271766798443,3.540832547654255,0.2637981986834192,15.73192400235267,32.128842946565555,-1.9491545130405272,-0.00014755980052054624
NASA,B0007,201,3212.469,1.723900324588418,4.202924241129693,3.0987788360066437,3.542992511358393,0.25433595231008316,15.72681079266647,32.021134355757404,-1.9485230174751031,-0.0001487696188952597
NASA,B0007,205,3213.219,1.7139788776485192,4.202395835117333,3.1213682588066063,3.5360811169860216,0.2648942463001822,15.905209027199597,31.859048861486652,-1.9431227050969846,-0.0001489320028551669
NASA,B0007,209,3203.578,1.7139701997004613,4.2025695620076915,3.134628907491469,3.5392436935272635,0.25696742774933107,15.939603186675104,32.16100333536097,-1.9430080085541772,-0.00014889850120514283
NASA,B0007,213,3195.125,1.7036521173638766,4.201287153879833,3.121005705744245,3.5348237062932575,0.2662038409344857,15.373027058633497,32.10276048728767,-1.9425165961920092,-0.0001513475054654563
NASA,B0007,215,3195.3129999999946,1.7040137474382486,4.203984334358096,3.1645013695815067,3.5366477402090606,0.2616558182168718,15.706712711039525,32.33880662180898,-1.9370190075205085,-0.000150557257198232
NASA,B0007,219,3186.297,1.6935716157343033,4.20220228055958,3.210026375746328,3.5352062840980913,0.25544791069144723,15.51787656717525,32.21373014824893,-1.9310192096578356,-0.00015080516146576963
NASA,B0007,223,3176.438,1.6876577363877656,4.201755934400281,3.2105896114065064,3.5329852237553396,0.25706788640824413,15.629554015632351,32.09949526722965,-1.9304738354803441,-0.00015134137942304486
NASA,B0007,227,3167.593,1.6830744356583152,4.202600613133091,3.211652712511208,3.532158560934324,0.25743321846075945,15.70824535738764,32.11305439113157,-1.9305510314753316,-0.00015274294947754816
NASA,B0007,231,3167.719,1.6779270142025482,4.202295008453833,3.2367890789594935,3.5308376380023527,0.25735132818647616,15.559424166914031,32.20371989479744,-1.9247195409983122,-0.00015293272609492772
NASA,B0007,235,3159.077999999994,1.6732060275966172,4.202842977920607,3.236252355469797,3.5296958440720005,0.25903317835716594,15.582579960500269,32.23340825772458,-1.9245739020356052,-0.0001538304155555457
NASA,B0007,239,3148.829,1.6674367208253988,4.202031500801591,3.2381402568717146,3.5281819372126093,0.2590267647030847,15.628269957403614,32.212169716369466,-1.9243785304854075,-0.00015410139957366408
NASA,B0007,243,3149.094,1.6622662630667526,4.202335745153063,3.2607912474890384,3.5265730179666974,0.25895117983184,15.493860911252622,32.21746401954225,-1.9184028799161776,-0.00015449449663149467
NASA,B0007,247,3140.547,1.6574243065763063,4.201773071145273,3.2576377743116076,3.5245022548553444,0.26179245053019967,15.605898968168802,32.23410177209762,-1.9181664471622712,-0.00015574928666463217
NASA,B0007,251,3131.625,1.652538684928734,4.201486505584843,3.2561979569093245,3.5228548406546385,0.26334902608175864,15.645439523661512,32.228343983674435,-1.9180994998619483,-0.00015639830673842874
NASA,B0007,255,3121.907,1.6472174627573322,4.2019492746220735,3.2612376667863723,3.5222829121237855,0.2622165090473685,15.62815616316971,32.1833106060944,-1.9179522150901998,-0.00015719365642193048
NASA,B0007,259,3122.125,1.6364136810898071,4.202045571197949,3.2767912255627567,3.5189923820688493,0.26579878809823443,15.57347351906947,32.17200142078129,-1.9116539768893375,-0.00015770868267338243
NASA,B0007,263,3121.672,1.6362554312048496,4.204697039833386,3.280204681321995,3.5177844279570794,0.26600215117219994,15.42687829959618,32.03316223587618,-1.9115865510736891,-0.00015974578038165736
NASA,B0007,265,3120.86,1.641119179218384,4.203789569367976,3.246330916016724,3.5212226057273495,0.267463244027458,15.31229182071138,32.506671891788216,-1.917648718820213,-0.00015894751103478368
NASA,B0007,269,3103.828,1.6315700789656966,4.201897793299824,3.2847935310270984,3.5172227884430147,0.26251805234594217,15.273917833370867,31.961039485620926,-1.9111337702474194,-0.00016071794955624537
NASA,B0007,273,3095.094,1.621213282987236,4.20178017149305,3.278208354451213,3.5125010864221813,0.26841940308331047,15.72686117913615,31.798082670491866,-1.9108556098369367,-0.00016078723365912776
NASA,B0007,277,3095.781,1.6164273214762122,4.202220537976551,3.2985123960309424,3.5129614635074673,0.26549914451346457,15.694805849202272,31.95802833708937,-1.9049762303506044,-0.00016081161653317815
NASA,B0007,281,3094.328,1.615823510161921,4.2013887453306085,3.2892126252156215,3.5125204100391962,0.26924432437899815,15.780622377149278,32.41813169746276,-1.9051068520548522,-0.00016091896715208497
NASA,B0007,285,3086.531,1.61672418029789,4.2015967090294115,3.296160957280199,3.5151454557578807,0.264592914024469,15.400832006832431,32.64044972789331,-1.9049079394753692,-0.00016195239449653777
NASA,B0007,289,3085.625,1.6108655863730026,4.201668680267049,3.3160994964500823,3.513443179473182,0.26388369352167246,15.24759060110178,32.56399373078006,-1.898761620917719,-0.00016281904242666185
NASA,B0007,293,3067.203,1.6006603374309376,4.202512585523171,3.2993497050936234,3.5097089402574535,0.26957573994134193,15.426549014626836,32.28305350922276,-1.90433828068926,-0.00016430853307284438
NASA,B0007,297,3058.157,1.5959174487005663,4.201472345711643,3.2941059341780656,3.5042771471756997,0.27593869419229977,15.892037185685819,32.06065237439007,-1.904192698545851,-0.00016546954157926452
NASA,B0007,301,3058.812,1.5962179519462243,4.20121682733489,3.321071654405696,3.509207943122176,0.26403401116573244,15.601815662057486,32.365261126964526,-1.8982712229514884,-0.00016484477395962613
NASA,B0007,305,3058.578,1.5958065114633972,4.201188425441681,3.3148956836726917,3.5095064920492853,0.26651020354295685,15.534170171682593,32.68851871366292,-1.8977934870545983,-0.00016543387487465998
NASA,B0007,309,3049.328,1.5906507821480704,4.201316437036837,3.285250365344493,3.505203266169396,0.27780037236330035,15.947920696548717,32.747733642524246,-1.9036436467205253,-0.00016615093717660246
NASA,B0007,312,3177.219,1.6888211161855506,4.2331462538907605,3.167885572406937,3.5281182345919753,0.27416305799250557,16.569805728354336,32.50500516961017,-1.936992342648715,-0.0001657174051112961
NASA,B0007,315,3082.937,1.6259938279733204,4.203917718634026,3.2155768977103443,3.519590928396835,0.27054736304342386,16.0137489853983,32.91993878980996,-1.9233409193548265,-0.00016194198811785953
NASA,B0007,319,3074.266,1.6157433862812898,4.201783140660278,3.237322371764735,3.5146260368096875,0.27485823359870815,15.883409463116568,32.948305858317944,-1.916884219356136,-0.00016255428742365907
NASA,B0007,323,3066.0,1.6056626764846538,4.201329890079568,3.265128362055365,3.5115494818370454,0.2738568804220646,15.801718361581347,32.76906651915661,-1.910472150518363,-0.0001632245724760121
NASA,B0007,327,3056.437,1.5949746921524348,4.200849613571161,3.296447022937046,3.510769869032659,0.26772380868625756,15.544588723346063,32.59734424608833,-1.904277326283454,-0.00016463625048135136
NASA,B0007,331,3048.219,1.5904102438871945,4.2014637977405025,3.2937623817098896,3.50804494279531,0.2714351723858833,15.71266273055469,32.52349894408369,-1.904002494100001,-0.00016540395243004447
NASA,B0007,335,3039.218,1.5853517062988178,4.201750207865124,3.295607974447043,3.507748080950393,0.27050869918323595,15.730272823460986,32.578228834731775,-1.9036546380501311,-0.00016586150075146902
NASA,B0007,339,3039.047,1.5799737147242376,4.201226117420626,3.31453089957125,3.5066673521067266,0.2692433210994772,15.483878575979812,32.62728298499839,-1.8977146678452774,-0.0001663645891902682
NASA,B0007,343,3030.375,1.5752185465278068,4.20172950022185,3.316265649872767,3.5061843921745397,0.2691227468747876,15.49907071436619,32.652115712561326,-1.8973347377958825,-0.00016758297147062356
NASA,B0007,347,3021.0,1.569798484648868,4.201200470517945,3.3180552739333047,3.5051004339266254,0.26893892592128943,15.54584996230821,32.64767456395258,-1.8970045774163773,-0.00016845494521535367
NASA,B0007,351,3021.75,1.5702565375950357,4.201289094579205,3.337661100143437,3.5054479186890566,0.26547378393904136,15.304918047618916,32.6993879231031,-1.8909127399289274,-0.00016865133554062273
NASA,B0007,355,3012.265,1.565249873909438,4.200987543108535,3.3084712639892704,3.500074246846,0.2780974884933766,15.799268512862437,32.724576765133094,-1.8968789299198896,-0.0001692953300422142
NASA,B0007,359,3002.641,1.559633933561147,4.201468313659235,3.31616190352511,3.5011647157526498,0.2734435466054509,15.700361169536677,32.70434030242972,-1.8964710309338209,-0.0001705171801425383
NASA,B0007,363,3012.0,1.5649820533392105,4.1961027546611325,3.3086447213643893,3.500407285435189,0.2727539732933852,15.583653943323775,32.74051962267582,-1.8967768141795405,-0.0001683666324013727
NASA,B0007,366,3020.11,1.57497949984227,4.205246397279064,3.2797614304472664,3.507816455272743,0.2757283357353109,15.7368304453746,33.38712825139849,-1.9031485600103595,-0.0001686740956131768
NASA,B0007,370,3002.172000000006,1.5652811168780458,4.201413874880438,3.2816898392310923,3.5025243992110107,0.27939830506505453,15.927198901729227,33.270627344923426,-1.9028574663381217,-0.0001701490411475397
NASA,B0007,374,2992.703,1.559755497470126,4.201648832380503,3.3192912535815724,3.505155823274424,0.26716096018418656,15.530173199428368,33.115074143665915,-1.8963219640753084,-0.00017090939888550849
NASA,B0007,378,2964.468,1.549897685670499,4.199365579406469,3.271441637834264,3.4983646475135717,0.2800179112567817,16.24353767448054,32.90572814040102,-1.908430732943726,-0.00017247626277099807
NASA,B0007,382,2983.375,1.5438771531345021,4.2008597336564515,3.3355119582476673,3.500140843862167,0.26887813430357094,15.616303952450377,32.953112654161664,-1.889754408573026,-0.00017219852552301004
NASA,B0007,386,2975.297,1.5450187488690073,4.20162098338246,3.3092626414326762,3.49909547013937,0.2760027250501692,15.834325818822773,33.2282109237263,-1.8959167588975119,-0.00017317453551858467
NASA,B0007,390,2974.9850000000006,1.5445940154102908,4.201112398367318,3.3329781009294663,3.5010357611640615,0.26906391858600187,15.464641191504722,33.361342590516294,-1.889387844169526,-0.00017335311919046206
NASA,B0007,394,2966.25,1.5343086721758876,4.200810741834928,3.333293705571698,3.497212315865497,0.2725395525815381,15.563020294670864,33.12431679486816,-1.8889185963670394,-0.00017443632299602257
NASA,B0007,398,2956.359,1.5287603942958483,4.200351170622191,3.335626153934355,3.496089957852059,0.271483182584801,15.681639660544977,32.991553593266204,-1.8885071150010755,-0.00017478914870075628
NASA,B0007,402,2956.344,1.5289260249179843,4.201791474587699,3.330409249627142,3.495877119417779,0.27453166041980637,15.729385388853952,33.2318318845246,-1.8888180820733198,-0.00017502004357805234
NASA,B0007,406,2956.406,1.529091650133123,4.20049747493448,3.3206227363539624,3.493116071455022,0.2817618222544089,15.831330065126625,33.5098123920945,-1.8887930414931369,-0.00017491686603775616
NASA,B0007,410,2947.266,1.5239059324661248,4.2002005229611115,3.325515911717548,3.492655946458748,0.279043030854902,15.774080921457678,33.382402850667845,-1.888168080257056,-0.00017642967246414142
NASA,B0007,414,2937.984,1.5186675419100615,4.200674971032527,3.333109444153607,3.49208824531703,0.2761335994927761,15.736927633851103,33.17829959346276,-1.887904907597145,-0.000177459492123329
NASA,B0007,418,2929.125,1.5136482266426952,4.200371214024706,3.3357107086010784,3.490216477408044,0.2758276886812699,15.859411864170646,33.01591345323486,-1.8877303662432205,-0.00017786222504696908
NASA,B0007,422,2928.454,1.5136050185229033,4.200965645223048,3.3309398112357202,3.4905931958620466,0.277468540309286,15.91598741775616,33.271000362987586,-1.8878077163294114,-0.00017787449121666658
NASA,B0007,426,2929.375,1.5139470614867965,4.20138339090339,3.325286281364161,3.4911419366203664,0.2798972380490623,15.86830618600774,33.61966967517867,-1.887674933393443,-0.00017777323268510322
NASA,B0007,430,2946.031,1.5339599193158786,4.192472918500566,3.275520043283547,3.49283645226053,0.280648377364394,15.390799012717913,33.29697162630193,-1.901022727285377,-0.00017326753446623842
NASA,B0007,432,2955.438,1.5391372798653098,4.204602036514753,3.308772267470376,3.5025157522808223,0.26895843585075985,14.974760043026969,33.393130865360554,-1.8951144121477894,-0.00017485523291808344
NASA,B0007,436,2937.625,1.5236247972838737,4.2008675427725715,3.301562663091317,3.492953565598811,0.2795996279931968,15.429273470190122,33.13820710362847,-1.8941478117057606,-0.00017638971607909302
NASA,B0007,440,2929.078,1.5135813035589147,4.201036137691208,3.32941289444089,3.4917462636517236,0.27350870981613745,15.285670514501184,32.84069778843796,-1.8875042014728922,-0.00017760246085968533
NASA,B0007,444,2918.375,1.5077850749847914,4.200512464044564,3.3330073089590666,3.490432264232956,0.2729068935891816,15.337804920642377,32.75739655594484,-1.8871434043422721,-0.00017924949722917307
NASA,B0007,448,2919.812,1.5031960676037333,4.20075828356334,3.3472440649292157,3.488861416967918,0.2728699120961805,15.19574756756187,32.77234087259374,-1.8807630082774924,-0.0001796473661343386
NASA,B0007,452,2900.422,1.4978220596995881,4.200439147859412,3.3383192077980985,3.4891932104785104,0.27114343726176793,15.34518740438767,32.720417557744895,-1.886419275237733,-0.00018038303887626868
NASA,B0007,456,2901.375,1.492848534633516,4.200175952944827,3.3540043455800244,3.4878785713375917,0.27036963128436114,15.168174468717591,32.710022803073514,-1.8800039366336023,-0.00018097417360261894
NASA,B0007,460,2901.187,1.492414389867026,4.1998304414305805,3.3701802702751755,3.486430546073901,0.2689857507962565,14.988515460085168,32.62076759783716,-1.8733366537372407,-0.0001815478157590871
NASA,B0007,464,2891.64,1.487482776538081,4.200431276110757,3.34604333393751,3.4812572775226682,0.2805884049743061,15.455848831933483,32.57651826255201,-1.879702248133121,-0.00018339877791670456
NASA,B0007,468,2882.906,1.482535148640411,4.200267835972742,3.351868703717653,3.4823550791204023,0.2757345575864043,15.372696453621494,32.58396494906228,-1.8790751470067306,-0.00018366416930509368
NASA,B0007,472,2883.265,1.4827874322228984,4.199800510212378,3.37126103928545,3.4835074286280525,0.2702230568822358,15.085059850798949,32.623742674615976,-1.8728728303565048,-0.00018428294705395644
NASA,B0007,476,2882.969,1.476971179775059,4.200436806124781,3.363638143826266,3.478976541530706,0.2785599820113761,15.28540979172039,32.58599202496769,-1.8726786421400121,-0.00018485318478827272
NASA,B0007,480,2891.656,1.4819015554137276,4.192977250583526,3.358875203139184,3.483501191305966,0.2710187642003124,14.353135234179312,32.864544723781215,-1.872734820116884,-0.00018197620955148143
NASA,B0007,482,2901.25,1.4981366198874824,4.203006821509607,3.3421591187111686,3.4899701994096612,0.27165150373790076,14.770077212198633,33.079651096902374,-1.8800362373714223,-0.000181666857290709
NASA,B0007,484,2891.703,1.4820775214392872,4.2020493515195,3.3565594399139247,3.484801138956006,0.2744248030587602,14.779456854582858,32.932141650182686,-1.8730214281226414,-0.00018339243409003778
NASA,B0007,488,2883.016,1.4771155312812152,4.200086642861885,3.3536423529046835,3.47835437960934,0.28185158475661226,14.9767673581737,32.755748003791545,-1.8725486136074456,-0.00018435290764301233
NASA,B0007,492,2873.453,1.4720772783056488,4.199613315582274,3.3568006007742333,3.475694933923807,0.2821225408880852,15.194456684647392,32.52965474617847,-1.8724613181992062,-0.00018516894824941498
NASA,B0007,496,2874.031,1.472248013656454,4.199843161074874,3.377870432421932,3.481431873453954,0.27031845545040223,14.738353367117021,32.848065199041,-1.8659419458758726,-0.00018482525128833748
NASA,B0007,500,2874.234,1.4670106672274665,4.199963386133198,3.3707190923138297,3.4796060336232353,0.2760443341294343,14.708121022735583,33.072327061961936,-1.865786095147701,-0.00018501672011953372
NASA,B0007,504,2864.984,1.4617672495335379,4.200169604165679,3.3763359727220545,3.4782258967329596,0.27467455818201325,14.72441075314622,32.85096451719535,-1.8654605849037513,-0.00018743472810637713
NASA,B0007,508,2855.093,1.4566952670489708,4.199818547927513,3.3771082923856097,3.4743233868367187,0.2773685437531875,14.898983958873991,32.572302329954546,-1.865134613881632,-0.00018848245071319175
NASA,B0007,512,2855.625,1.451354972758956,4.199503884475213,3.394007023604369,3.4737305453330443,0.27350409030007017,14.781570300342548,32.450684441760906,-1.858515986418667,-0.0001890177679296564
NASA,B0007,516,2855.594,1.451615926257375,4.199909919375289,3.3898074174795547,3.47481272321405,0.27411896588082374,14.835032515243139,32.7394359440147,-1.8588972649148483,-0.00018877101119117243
NASA,B0007,520,2847.437,1.4468161332173683,4.199494444978369,3.3952983014087663,3.476096426841386,0.2707101067699333,14.48163008483192,32.775898242252914,-1.8581969672334215,-0.00018932195198788704
NASA,B0007,524,2847.36,1.4467570607768785,4.200374694478377,3.3858376143595152,3.4686822529487804,0.2832693778438166,14.894456630896485,32.5817324044051,-1.8581200056254086,-0.00019043151154681423
NASA,B0007,528,2837.328,1.4413797481446793,4.199552965128597,3.3898811613377484,3.4661964701943586,0.2821947324675514,15.001527689503618,32.35021153014993,-1.8577209868352302,-0.00019225885984576927
NASA,B0007,532,2837.281,1.4362456252208178,4.1995329856924615,3.4073421752557596,3.468183423895935,0.27403294432013725,14.793351308932568,32.28754240914786,-1.8512458354075154,-0.00019264676812209134
NASA,B0007,536,2838.515,1.4368154153924828,4.199300346769649,3.4005242640322146,3.4678606629897453,0.27831710554100686,14.735972038400192,32.603239183227075,-1.8514531972432,-0.00019231643856800108
NASA,B0007,540,2828.328,1.4362945145860047,4.200084247735837,3.387847710477503,3.4662499547181245,0.28238524242891305,15.035693332402502,32.61208344144242,-1.8574211435317929,-0.00019291369693876707
NASA,B0007,544,2838.265,1.4418575315878015,4.18985671710645,3.3798450546195107,3.462469269360201,0.28188198416963234,15.116030490652314,32.26742656599958,-1.857823928669184,-0.0001888819929740739
NASA,B0007,547,2864.547,1.4672063484781797,4.202364184888896,3.3659558392373436,3.480518309485383,0.270428573348554,14.61549899635644,32.637733704417855,-1.8658259561850365,-0.00018703555835743397
NASA,B0007,551,2846.39,1.4518640367848885,4.199161217470434,3.3610293799331203,3.4723137993738336,0.2802109931464832,14.927798837348792,32.665258715232376,-1.8647784241320742,-0.0001880551968284954
NASA,B0007,555,2837.969,1.4471379752748499,4.199571972228311,3.388753259523979,3.474362108592906,0.2695426070546689,14.55595934101624,32.502652632323915,-1.8578958465335809,-0.00019039908013199984
NASA,B0007,559,2838.156,1.441790586562399,4.199909046615677,3.4010627300929737,3.4722823212388754,0.2699344065566691,14.467809862922067,32.446842086875606,-1.8511947629213035,-0.0001916695147620698
NASA,B0007,563,2829.843,1.431630947911111,4.1991089309985306,3.403129377479551,3.4701761898320465,0.2710858021641952,14.522716520451834,32.39361892904713,-1.8509042611451945,-0.00019251512931844406
NASA,B0007,567,2829.625,1.4318084249673686,4.199049111453085,3.3918482072725205,3.4635011119445216,0.2832898045943784,14.846307163356741,32.417221778010834,-1.850858274670624,-0.00019343060066005473
NASA,B0007,571,2819.437,1.4262562585106868,4.199648027535327,3.402983452982521,3.467453100453348,0.2734041808329979,14.590952272015116,32.40094040453025,-1.8504182940365097,-0.0001940334602070734
NASA,B0007,575,2819.579,1.4260877528924913,4.1991931757384515,3.4181159643802896,3.4675864728547845,0.2695141803952856,14.39126369453059,32.36314241861482,-1.8436892876926974,-0.0001947398010041043
NASA,B0007,579,2810.672,1.4212633510031694,4.199053572226856,3.3989491882730096,3.462182535852444,0.2801600866578969,14.846733864485739,32.382600705235255,-1.8498733070449755,-0.0001959024349883573
NASA,B0007,583,2811.485,1.4163272748795108,4.199752520423331,3.417481499281654,3.465962999117946,0.2708827931569411,14.467539181470535,32.4323818014572,-1.8432877207292044,-0.00019649963225586487
NASA,B0007,587,2802.422,1.4165781829175994,4.198626890887624,3.3973259676404037,3.4601727514874407,0.28320564015052707,14.86547033091178,32.48861829940489,-1.8494580225090995,-0.00019702471611042312
NASA,B0007,591,2801.625,1.4108401729425177,4.199235005181635,3.417693830341496,3.464226115253961,0.2718094069576828,14.450426693281024,32.524062377970175,-1.8426221358637018,-0.0001974848161724198
NASA,B0007,595,2802.031,1.4109949628347804,4.198721860377262,3.409762325973159,3.458799193390812,0.28154248712251484,14.678682909118038,32.482615965621896,-1.8427098003104345,-0.00019841022520528863
NASA,B0007,599,2793.39,1.4061714290398801,4.199365090380556,3.4184683760945394,3.4620805499710854,0.27338203683256124,14.528073987766035,32.46389583182878,-1.842239518040086,-0.00019889223031444728
NASA,B0007,603,2793.39,1.4063358479692922,4.198808934372819,3.410207417331352,3.4578782949034514,0.2814693412732219,14.712055140444438,32.55681404542561,-1.842252843487983,-0.00019901650797848498
NASA,B0007,607,2792.485,1.4004552399066514,4.198421699164089,3.4288993052838492,3.461590937144894,0.2711287554522599,14.349158268632564,32.576296430484255,-1.8356063485512333,-0.00019928328904316638
NASA,B0007,611,2802.016,1.4217865046055154,4.188842911449222,3.372148496187205,3.462906230864041,0.28163618896619136,13.979287257930118,32.81804879809979,-1.8561013515700384,-0.00019241589783372117
NASA,B0007,613,2820.39,1.4324552720625434,4.205067189469255,3.383856648869605,3.4753580425264796,0.27473843821115856,13.113679247288992,32.92941193334214,-1.8574370794605966,-0.0001976870702134914
NASA,B0018,2,3434.891,1.8550045207910817,4.188108651124536,3.0532303394443336,3.5275462263272543,0.2356155544529411,13.386151046838325,31.773285281389256,-1.9541761960216968,-0.00014275406929792345
NASA,B0018,6,3425.485,1.8431955317089987,4.18651605270106,3.0882001701258264,3.534835576186522,0.23789656784178786,12.840688150550076,31.924891594728642,-1.9474374301153292,-0.00014222450967009656
NASA,B0018,10,3410.375,1.8396018424355423,4.188811210133346,3.0768576543441712,3.538246596159443,0.23728971261206758,12.936957676974203,31.31691283374216,-1.9520511323479741,-0.0001432758970177205
NASA,B0018,14,3404.719,1.8306736044962053,4.188875360300162,3.102423910252407,3.537697945111872,0.23668744588744997,12.817013661624003,30.821190751176527,-1.9460914562122762,-0.00014334844228139918
NASA,B0018,17,3417.641,1.8327002069419656,4.189872293159027,3.117644174420054,3.542667604586918,0.2394353252581165,12.66252853617101,31.95346971511436,-1.9412796601390512,-0.00014340255889907144
NASA,B0018,19,3411.766,1.8285288846046388,4.190288371391284,3.114007318732072,3.5451037330477333,0.24110752752449982,12.358024758527424,32.02311236185272,-1.9400338819083036,-0.00014482922550924915
NASA,B0018,21,3399.516,1.8212011895697924,4.190037536076311,3.1692830921950352,3.5475142438631493,0.2318511800008401,12.03779336199327,31.634533158077694,-1.9335667184847714,-0.00014528395055846444
NASA,B0018,23,3388.75,1.8151700106433282,4.190297406725935,3.1646802675456325,3.544812433691423,0.2359561532347725,12.210256977665153,31.288194921595714,-1.9332161326561408,-0.00014581823177668983
NASA,B0018,26,3380.406,1.8042980520967649,4.188312445698188,3.1668909591239487,3.5434780274164095,0.23682620647693875,12.384087915839086,31.11122470608501,-1.9325959489970461,-0.00014593065849476336
NASA,B0018,29,3404.141,1.8231002302844226,4.191467835993785,3.1441755314766398,3.543133206790044,0.2397794991641069,12.751215988530085,31.13166983979621,-1.9387520938161948,-0.00014506702479083892
NASA,B0018,31,3396.141,1.8121253520255494,4.190699409462101,3.163511863010266,3.545155146280937,0.2394912052033424,12.289568539290386,31.51305775907457,-1.9319248326301843,-0.00014613889388920178
NASA,B0018,33,3384.094,1.8046916382117766,4.19016920493495,3.1974525364121273,3.545032366549762,0.23636543687105385,11.974235081057117,31.31102568785445,-1.9249594896453863,-0.00014697199512692005
NASA,B0018,35,3370.656,1.790844349786295,4.189633938587357,3.234382458426959,3.5440892170496827,0.23152309725169407,11.803931269892004,30.893964711700164,-1.9179528942264992,-0.00014752763687678793
NASA,B0018,38,3357.797,1.783470722841926,4.188143316830064,3.241810891419118,3.541317108618481,0.23215997251902853,12.003616337097924,30.540598970902945,-1.917373033348097,-0.00014770153396022838
NASA,B0018,41,3363.015,1.7809386125310702,4.193543208571066,3.227333797828033,3.541197979542517,0.23984848741538095,12.274446961962475,30.82566018736547,-1.9180652422275581,-0.0001482690117153992
NASA,B0018,43,3357.734,1.771209039672698,4.190238041929225,3.238447609004798,3.541255460524434,0.24107515468634144,11.991986248198966,31.451400678644536,-1.9106033469326071,-0.00014854025599694333
NASA,B0018,45,3344.187,1.7686303996707076,4.19075698083662,3.252365295673925,3.5427478949705886,0.23851613291467513,11.701228189728166,31.518847747922937,-1.909404549449075,-0.00015065083306352184
NASA,B0018,47,3339.969,1.7536304801917124,4.189715378549557,3.2983555817913413,3.541251093602656,0.23208831014050751,11.34287966201462,31.11237289077096,-1.8960567702455413,-0.00015066217439358725
NASA,B0018,50,3327.641,1.7462197416415093,4.187635645163932,3.2990994533827798,3.5350260562177453,0.23636791212783306,11.626294773540636,30.586452588663985,-1.8948411660605735,-0.000150836761502336
NASA,B0018,53,3312.844,1.7376647337053737,4.191004692440202,3.28291220363392,3.5326627624319777,0.24166851701811512,11.885870087642758,30.242913021104116,-1.90021436299665,-0.00015260487852791326
NASA,B0018,55,3302.031,1.7315166735475835,4.1906972904216495,3.3143599232411147,3.5333109441755526,0.2353392099181246,11.73719091687365,30.10270376338569,-1.8936767267608487,-0.00015299644591721184
NASA,B0018,57,3305.547,1.7085949894470602,4.185877977731026,3.3370959869036043,3.52738705832889,0.23900387966523803,11.33751224156671,30.251184852221932,-1.8739718829459886,-0.0001530007036761168
NASA,B0018,59,3289.562,1.711469957068211,4.1877866486247814,3.3453964577303217,3.5296025965720452,0.23587487275103497,11.478259065158525,30.212407704391104,-1.8791764961687347,-0.00015456531730024105
NASA,B0018,62,3283.797,1.7075021373272627,4.188166619589718,3.3565387762510492,3.5289707694229833,0.23400423826258288,11.531246324270903,30.125011009636175,-1.8780560689384003,-0.00015456724143811384
NASA,B0018,65,3325.235,1.7492382064360228,4.18962510592865,3.2912719461365696,3.5322741848919814,0.23858471665050535,12.054354537267198,30.22428629982563,-1.8993718818269214,-0.0001512364085480774
NASA,B0018,67,3317.547,1.7327697147429955,4.190150750158746,3.2997248344053327,3.532438322521663,0.2435419818393612,11.915923991009425,30.976376254737342,-1.8926958551018211,-0.00015284131153742704
NASA,B0018,69,3311.766,1.7222313328292376,4.188938785525361,3.3437876281823518,3.5363211310943603,0.2339338166813496,11.255239438138751,31.41570291330098,-1.8783667048362822,-0.00015380227765742006
NASA,B0018,71,3305.218,1.711846298984729,4.189390534407286,3.3582081904036225,3.533535274219931,0.2359904036028267,11.085520713384284,31.383299841535273,-1.870834339681941,-0.00015444849964893698
NASA,B0018,74,3295.453,1.699267835126687,4.187469981494586,3.355478058526174,3.527012841842043,0.242952334807339,11.363699514971408,31.167937826253635,-1.8696567234639716,-0.00015536579654010422
NASA,B0018,77,3287.0,1.6940366439243106,4.189526036667409,3.380671602671067,3.52925730014011,0.23562596170592504,11.05614159102337,30.994690437264207,-1.8623726014599724,-0.00015691011798444943
NASA,B0018,79,3276.922,1.6819027078768087,4.189776104976122,3.395570490004556,3.527821497534469,0.2348918872075118,11.03888391645286,31.055317978554886,-1.8547843408980225,-0.0001573857368375503
NASA,B0018,81,3268.687,1.6769770618433686,4.18957367163095,3.3912998226028717,3.525692957415014,0.23964142570667826,11.137138796200368,31.373945543706103,-1.8538766950740675,-0.00015876825953636904
NASA,B0018,83,3260.594,1.6655229306478936,4.187796162769597,3.4040468205473506,3.5243962482347273,0.23906730756801445,10.89295329188521,31.56128410753226,-1.845735037450336,-0.00015964034553457026
NASA,B0018,86,3258.812,1.6571924575832084,4.186323146159568,3.4188294015011356,3.520797576383474,0.23898022240623704,10.835690887505347,31.318474723902874,-1.8382538558498933,-0.0001602445070516055
NASA,B0018,89,3243.422,1.6482241555294048,4.190101801118757,3.4148501288729167,3.519457281260753,0.2424910982322856,11.02133986793508,31.104012325043946,-1.8435676915974055,-0.00016290454150045538
NASA,B0018,91,3236.515,1.6387701497987262,4.1897711138434275,3.4160219995907752,3.513165600287965,0.2501534875196626,11.108026731231401,30.989730398009076,-1.83704467002657,-0.00016479917842071736
NASA,B0018,93,3230.734,1.6276486907262062,4.188259618341401,3.455015988846071,3.517217159454334,0.2360542563715132,10.643964938097618,30.967851972472324,-1.8211904293154166,-0.0001651415626492825
NASA,B0018,95,3222.093,1.62215370227252,4.1897400575765795,3.4362811914108287,3.5120091114107965,0.24801564173667426,11.075721687407121,31.285342046153826,-1.8270453339799269,-0.00016646229570897817
NASA,B0018,98,3220.344,1.6140066510467586,4.185842588877271,3.4449973202642243,3.50911052654104,0.24872755259651547,10.851528498734776,31.41096207271253,-1.819052179250902,-0.00016666446021709484
NASA,B0018,101,3250.75,1.6760516154424623,4.188990469498749,3.3362824494788916,3.516106699716392,0.2523387804840423,11.908641210615983,30.755137125871208,-1.8693745969498121,-0.00016041710597575835
NASA,B0018,103,3239.344,1.649300642552199,4.186586244011676,3.4069101290337938,3.519010068254593,0.23801950601597288,10.827318576327965,30.977446633931525,-1.839770443871628,-0.00016259869106062077
NASA,B0018,105,3222.25,1.63238299185809,4.18930134713925,3.4085356287490414,3.5124212742229295,0.24764027911477246,11.045910442930001,30.800512192698992,-1.837963396328485,-0.00016562373366190908
NASA,B0018,107,3206.157,1.6164159719025777,4.188312148100683,3.4246186294517535,3.50815215295169,0.24868814670433595,11.0533198994079,30.616192795676138,-1.8296109578903785,-0.00016788651441730168
NASA,B0018,110,3197.969,1.6109028378249377,4.188643751129736,3.4510403338526534,3.508648568515266,0.24124748892293107,10.909859536857699,30.399839302766903,-1.8210831511954937,-0.00016891378747515342
NASA,B0018,113,3181.625,1.5954638693695657,4.188511398241968,3.4471277889322587,3.5051993439595477,0.2454833870794045,10.979063112515028,30.38386825126278,-1.8199201144788144,-0.0001713689470238319
NASA,B0018,116,3302.36,1.726707440085764,4.18838458205872,3.153251691766954,3.523165280193865,0.2527663680637224,11.516870215380486,30.576239500422748,-1.8951156248467713,-0.0001468916501480999
NASA,B0018,118,3285.812,1.7165673917429753,4.189410028494153,3.22099960221937,3.527269876472835,0.24691761491563502,11.109007879662965,30.705906284556665,-1.8867694858233446,-0.0001498538898205621
NASA,B0018,120,3260.016,1.6958235570934848,4.189584987657955,3.2795343095128255,3.526762654741574,0.24197228881643837,11.121771740591946,30.62583594950684,-1.8786631828974334,-0.0001521311223860526
NASA,B0018,122,3240.031,1.6777783190792557,4.189231124368519,3.312914061922747,3.523020179476104,0.24328040938365159,11.136320655449023,30.597357068657974,-1.8704748023295987,-0.0001539474305856644
NASA,B0018,124,3232.265,1.6606586897774192,4.187220872463777,3.3472010348392622,3.519792345798265,0.24184899896763243,10.902696078594005,30.528493896066262,-1.8562833971202242,-0.00015487016039343216
NASA,B0018,127,3232.031,1.6664109274827466,4.188749835624864,3.341784146218493,3.5251014582287223,0.23939833635840463,11.006491702632108,31.203754246103966,-1.8625354754370638,-0.00015507036277289296
NASA,B0018,129,3209.5149999999994,1.6468336174407805,4.1885837620106905,3.3409538026606818,3.518519199837846,0.24895502990812382,11.176855303082181,31.172639449335037,-1.8606833274060013,-0.0001572587130377039
NASA,B0018,131,3196.125,1.6257639928779952,4.185795508701974,3.39385721106257,3.5190801794284594,0.2364897838479307,10.511801217459602,30.96825922704022,-1.8383636766891702,-0.00015857095293554245
NASA,B0018,133,3172.562,1.6121577411874595,4.186349697160328,3.379431086342454,3.5114167272902406,0.248742640175246,11.018208807246925,30.821704306343133,-1.8436958588115397,-0.00016128606262481388
NASA,B0018,135,3172.735,1.6057366823755344,4.188974252739847,3.4005755999684046,3.5108038681605738,0.2451594140795012,10.977358888424497,30.765219721637393,-1.8362729789790888,-0.00016251602147420707
NASA,B0018,140,3238.109,1.673645314879889,4.191009849984344,3.3138636321820396,3.51432611790755,0.2423708210517989,11.566496343954068,30.809988428281613,-1.864690278795044,-0.00015254635148746678
NASA,B0018,142,3191.063,1.6404348572349936,4.190360332340617,3.3517763797483044,3.5196664048265607,0.24183473310310893,11.075538636189492,31.039033590700278,-1.8572649157581866,-0.0001589592992889243
NASA,B0018,144,3165.828,1.6132653317422077,4.188957308830069,3.3676008246193447,3.512403849382274,0.24831044327729748,11.091066795187778,31.04176453157222,-1.8483454421357695,-0.00016158349282913395
NASA,B0018,146,3140.407,1.5920964324686278,4.185868202467219,3.3877431597098138,3.5077862234460104,0.24798510872806295,11.065661860972469,30.959784195511766,-1.839168422289249,-0.00016352942103799279
NASA,B0018,149,3131.922,1.5866011820698824,4.186767544001663,3.4160493489165225,3.5076596102713244,0.24176513200558977,10.956048708605408,30.843513277103145,-1.8303326102702338,-0.00016569392119243908
NASA,B0018,152,3121.109,1.5800766490336253,4.189516120969907,3.42147245050033,3.5074833565874615,0.24237941979502164,10.981338946435368,30.797157400797865,-1.829290599843924,-0.00016802229073077473
NASA,B0018,154,3105.265,1.5641732953289167,4.189677075178088,3.4158832488116646,3.5023865933440717,0.25006126825340175,11.107166866714024,30.984434580754094,-1.8278449003095165,-0.00016948342965081984
NASA,B0018,156,3091.25,1.555618272193922,4.188889298039903,3.4412663031911563,3.503693493885047,0.24293051873935917,10.817691095005753,30.967899275139946,-1.8188198987741453,-0.00017180385621867397
NASA,B0018,158,3076.703,1.5402045278637397,4.187751736524715,3.440421318342616,3.4989948462048113,0.24757542528094925,10.980036331374663,30.976616345195186,-1.817194042260449,-0.00017400524705346368
NASA,B0018,161,3062.328,1.5321613015959863,4.186225024003278,3.445662321409105,3.495405576723954,0.24806656368733818,11.22300492330275,30.89768961926806,-1.8157980815469454,-0.00017465930928612104
NASA,B0018,164,3050.563,1.5316232403693415,4.189453014691957,3.4388742210783456,3.494528300232307,0.25131607085775737,11.237471034403498,30.81568822237933,-1.822108117298183,-0.00017755999416796205
NASA,B0018,166,3034.672,1.5222595950771978,4.1892977641056035,3.4638457585402174,3.4962554827793926,0.24403995501441178,11.033715492539393,30.726188079151118,-1.8129628028687814,-0.00018006611582982736
NASA,B0018,168,3031.25,1.5065267126851283,4.186554797123547,3.4607953148814765,3.48769646191346,0.25261083356899555,11.112408102063014,30.76818712651005,-1.8044876731207795,-0.00018095691824703634
NASA,B0018,170,3011.343,1.5014219556532926,4.188205300947291,3.4579399600497065,3.486547580844067,0.25421974568816713,11.275451419039026,30.775415173787835,-1.809986175960184,-0.00018309990297873518
NASA,B0018,173,3003.0,1.4963534117486457,4.186295492358637,3.458624303365877,3.482298183882304,0.2567453685120387,11.469676822801006,30.761821976538275,-1.8090400456598725,-0.00018367543106344373
NASA,B0018,176,3045.187,1.5334262000312422,4.187384370589753,3.4143206767355756,3.491819481711868,0.2523757254841878,11.68718799725583,30.913721930762733,-1.8273691233501441,-0.00017695607801093498
NASA,B0018,178,3028.469,1.523845267514426,4.188734692927025,3.4412892879850094,3.493995853241935,0.24787661625868782,11.281101159653897,31.228215653165606,-1.8180385592622932,-0.00018034100751196247
NASA,B0018,180,3012.937,1.5011920994261239,4.185052457107169,3.4434979435076563,3.484377015629623,0.2563184923366143,11.062180746415471,31.261679783387308,-1.8085351614741645,-0.00018267306326898522
NASA,B0018,182,2998.875,1.492417671450291,4.187641016952416,3.4599209387521817,3.4859116793558376,0.25178046921877606,11.174165467508427,31.18408593575448,-1.8068041184926535,-0.00018462512345378954
NASA,B0018,184,2983.547,1.483323851940123,4.187899339921793,3.468314102545152,3.4842787539766786,0.2508652563260822,11.193605107606196,31.001432353085377,-1.8050190987020625,-0.0001874413206839319
NASA,B0018,187,2966.86,1.4807376792294196,4.187928324239254,3.461167189335011,3.482988652120672,0.2527666120037829,11.39601582042744,30.981374033120872,-1.8118563821702207,-0.00018909855203485585
NASA,B0018,189,2954.797,1.4735077809902477,4.18724908182,3.478026972161799,3.483799876979844,0.24802832713581485,11.231651828365404,31.088687926688607,-1.8021525551783737,-0.0001902068656453483
NASA,B0018,191,2945.735,1.46801928526661,4.188269941964259,3.460131373135017,3.4787540756450497,0.25814755065726835,11.427575133240516,31.336420133762665,-1.8092953592546854,-0.00019240663546294108
NASA,B0018,193,2941.375,1.4580923557119019,4.188013057271598,3.4705286783940292,3.4752194351784507,0.2587418006364251,11.418971081218388,31.22599987103565,-1.8000309691416814,-0.00019412578614892497
NASA,B0018,196,2923.953,1.4478660988891399,4.184406092157091,3.476629441262813,3.470739535801023,0.25772371294595886,11.479078023183796,31.037323488688802,-1.7981302589297092,-0.00019638219463465195
NASA,B0018,199,2921.031,1.4527808777541982,4.1927676322495895,3.475822076913363,3.474600910003521,0.2561984574820731,11.613447284024765,30.811349225731828,-1.8058248446047425,-0.00019821239514917604
NASA,B0018,201,2902.75,1.4425356364492432,4.1877899337285145,3.490006746602984,3.4740521567700093,0.2512971706951936,11.416215772369423,30.932223179746046,-1.795955865281378,-0.0001996652084144426
NASA,B0018,203,2897.875,1.4392712877203313,4.187757134600847,3.4917871235676046,3.475075728648004,0.2509904827066951,11.333989144668262,31.215527070380897,-1.7951057003644757,-0.00020004524099529228
NASA,B0018,205,2892.094,1.4286475681888218,4.1878615032964905,3.487044876202592,3.472424307596416,0.25484104285559894,11.313108076315004,31.400797084337558,-1.7940097981352856,-0.00020123309766416673
NASA,B0018,208,2886.921,1.4249026750004896,4.1858288716388214,3.504583247086097,3.471751102262539,0.24949789396086638,11.21272295127082,31.259213269721236,-1.7841592631620102,-0.0002030437947638071
NASA,B0018,211,2942.531,1.4698115324524124,4.187068171962331,3.4303014607858104,3.4745407296058963,0.25954019804112044,11.69185463377611,31.134701292957466,-1.8136320536623207,-0.00019183828564113038
NASA,B0018,213,2912.469,1.4525819651050202,4.187577343783777,3.4405762245177645,3.471720060423485,0.260516253498242,11.62039083898592,31.246879695988095,-1.8109604460875317,-0.0001956477446949944
NASA,B0018,215,2895.594,1.442834198908794,4.187354359976366,3.4678309729542223,3.471398409828823,0.2544263229056697,11.406579420537906,31.027558674438325,-1.800802328247715,-0.00019977251617146085
NASA,B0018,217,2884.406,1.428376058807949,4.1870004112881345,3.46373200309395,3.4626491088970703,0.26385932209588037,11.697424871176459,30.931917385258963,-1.798647877727257,-0.0002032894923604292
NASA,B0018,219,2873.766,1.4154547844370715,4.183339938829854,3.501682834204815,3.466072725920186,0.24944379745426662,11.181164101722757,30.667082236656018,-1.7804067367547436,-0.00020542861054610107
NASA,B0018,222,2893.375,1.454576670077708,4.1920532879108094,3.4458804859914856,3.4730670533412877,0.256998603773989,11.863403904693065,31.226789107710772,-1.8167125180994765,-0.00019941025114161522
NASA,B0018,224,2884.9839999999967,1.4283179548274056,4.186468489789535,3.4602213459092295,3.4668548162926327,0.25940577128111114,11.526347664205172,31.387733116648285,-1.7981268087177564,-0.0002013086417344914
NASA,B0018,226,2870.234,1.4197026883204058,4.18673673325988,3.4653800729248636,3.46527367520258,0.26004857673152804,11.49126149915551,31.505666838292886,-1.7964439222994821,-0.0002041019009220026
NASA,B0018,228,2864.11,1.4155606630306516,4.187094944339141,3.4695766912945536,3.4638878223448684,0.2614012721012322,11.423247418729666,31.5462258449116,-1.795371462470329,-0.00020594142741981754
NASA,B0018,231,2846.64,1.405680035419228,4.1842071071870395,3.4708976588878513,3.457807923440064,0.2637843275246904,11.72599522283463,31.389977882297476,-1.7937175263130196,-0.00020811407613042048
NASA,B0018,234,2839.532,1.4084461071166137,4.186203003591801,3.463695994913882,3.459813554486507,0.26401849793435667,11.748256382253548,31.385433749863733,-1.8014517734888207,-0.00020908456493490794
NASA,B0018,236,2832.703,1.3968547782872414,4.187034228023883,3.476025252893392,3.458027727779737,0.26240215486440727,11.615411573307163,31.423707199142058,-1.7915215753378781,-0.00021093134219891501
NASA,B0018,238,2827.077999999994,1.3935670371440676,4.186702452011757,3.4959869797550738,3.4613996718507845,0.25436348272958975,11.34737470951378,31.435368910968148,-1.7816941240706174,-0.00021278683766094857
NASA,B0018,240,2821.531,1.3893644292809475,4.187149487048271,3.4984865251121677,3.4611285476693214,0.25451400427608056,11.234228225938946,31.542375291159843,-1.7797379985412234,-0.00021370669084541205
NASA,B0018,243,2805.156,1.3785651415666713,4.1851927389272,3.4901229858478673,3.455556822823358,0.2589834605607093,11.633663826619486,31.52669677306915,-1.7856528650965158,-0.00021495934978443243
NASA,B0018,246,2814.906,1.384901110085747,4.186507115127164,3.5002914337238367,3.459598362944341,0.2543532391096489,11.255002841344016,31.435921914290372,-1.7784070647657095,-0.0002163848526780144
NASA,B0018,248,2801.156,1.3703251814242443,4.184557643390084,3.488365679744425,3.4506569891269216,0.263423300497629,11.540073644500776,31.475238112886494,-1.7778412667349817,-0.00021734398493433225
NASA,B0018,250,2794.187,1.3733464385229082,4.187087122858351,3.4996632718023593,3.455515243082573,0.2569366308625665,11.372367275828683,31.5817445550721,-1.7764462760420034,-0.0002186829142151551
NASA,B0018,252,2785.391,1.3679487285504814,4.186108406696249,3.503533537088468,3.455840338587253,0.25545113736601277,11.336943589621779,31.647958536134297,-1.7752748972563315,-0.00022054123308126535
NASA,B0018,255,2779.5,1.3567141087089647,4.183460397462309,3.49645464004892,3.448678293668265,0.2612930004988529,11.593058569376662,31.662032275252905,-1.7742013268724648,-0.00022085358692552787
NASA,B0018,258,2899.234,1.4604310209194575,4.18705065732399,3.4124077925269103,3.474503178644755,0.2556944497754274,11.844317112468474,30.434500875864142,-1.8196650877007408,-0.00019357222406900056
NASA,B0018,260,2894.922,1.4500998937104097,4.187331785251929,3.4184683336986885,3.474031881945217,0.25755756066824986,11.544750722150017,31.017997058077018,-1.8096836854216038,-0.00019415765788368108
NASA,B0018,262,2888.25,1.4381406901824496,4.187126543921124,3.4350590212610372,3.474404210386772,0.2554759257484419,11.209948710922035,31.39483761465523,-1.7993287687468955,-0.0001972232047068732
NASA,B0018,264,2873.906,1.4283681980964316,4.18729395521499,3.4447128708336927,3.471767043833224,0.2569035121433625,11.203182611152599,31.24511885640641,-1.7959419603883284,-0.0002004265547688779
NASA,B0018,266,2847.406,1.4147874517552432,4.185839399154204,3.4584291739002913,3.4685305272975935,0.25388594966506284,11.318186743277366,31.05306925187263,-1.7956017209600372,-0.00020326090088902644
NASA,B0018,269,2849.281,1.413889163393182,4.186876031959964,3.45760615956929,3.4651213646662598,0.25859194493549637,11.367315638602285,30.88589263299331,-1.7929541659933774,-0.00020588363484037414
NASA,B0018,271,2833.688,1.3989331662177225,4.185068078358122,3.473799879244527,3.4652879859475885,0.25283242586660987,11.28600007759363,31.053992379018933,-1.784474211719448,-0.0002074088743799708
NASA,B0018,273,2826.453,1.3953322584033976,4.185773158707972,3.4534645231734142,3.461799526154992,0.26236963956853215,11.556061535184803,31.492840068071885,-1.793581043096934,-0.0002077126264449311
NASA,B0018,275,2818.312,1.390046129540245,4.187057458531915,3.455168986263728,3.463260140320492,0.2613577584434526,11.442531740796138,31.93832684630049,-1.7920645354970144,-0.00020768734468419806
NASA,B0018,278,2812.7189999999973,1.3860271454209647,4.185266758520927,3.479281571059917,3.462839429201602,0.25503797910208703,11.253092099147583,31.74562722135923,-1.7809541104468565,-0.00021066797331093035
NASA,B0018,281,2803.5,1.388215260193751,4.192828647480177,3.4551052288508886,3.4569152237960306,0.26697340100884936,11.849326970516358,31.31018499405759,-1.7989851707207014,-0.00021396679117834027
NASA,B0018,283,2783.25,1.3761826562394497,4.18585690434635,3.4809779073862686,3.4574690175816127,0.2568228137679184,11.431619793129997,31.127360345471814,-1.7873231599598716,-0.00021701538866882248
NASA,B0018,285,2776.391,1.3647168898640165,4.1853378476861,3.4745531508156033,3.4502191781217797,0.2643003813390103,11.614857112808878,30.985550813719595,-1.7861666392556754,-0.00021912323769572985
NASA,B0018,287,2766.516,1.3589854739373584,4.186191692551651,3.4784896194564516,3.4486728051793962,0.26393140331671344,11.669239509276185,30.899653280757406,-1.7849995504167615,-0.00022157915828061338
NASA,B0018,290,2751.516,1.3462308764008801,4.183103192995574,3.487993649197899,3.444632719716698,0.26169754461682443,11.695054075042286,30.706123644966482,-1.778331020505836,-0.0002229045352362628
NASA,B0018,293,2848.859,1.4268427818454643,4.191804162788413,3.4279894299167255,3.467272639213176,0.2590954604625469,11.836406372677079,30.47122187456595,-1.809775952165901,-0.0002036287592222591
NASA,B0018,295,2840.016,1.4064481483279663,4.185464884609619,3.44397698882391,3.464490491162134,0.25720031438600915,11.333910521468237,30.939221783021114,-1.7896694300229208,-0.00020364154545223718
NASA,B0018,297,2817.375,1.3934907492075153,4.186834478731371,3.4345905788343294,3.459667012281024,0.2645119375542321,11.507537500183204,31.111640631561894,-1.7970097248124899,-0.0002072332654406773
NASA,B0018,299,2809.234,1.3882493512249316,4.185890317458504,3.4630520371669036,3.462241956955771,0.2559372101503028,11.203946186750525,31.037910219908994,-1.7861513769566684,-0.0002097285566911107
NASA,B0018,301,2791.187,1.3701878338420928,4.183775890805592,3.4638112912405465,3.4555661695067355,0.2596982368038693,11.446888897873173,30.967950840538833,-1.784162084841115,-0.0002124495331411639
NASA,B0018,304,2794.016,1.3796951665608619,4.184700856653747,3.473054155492156,3.458696199585801,0.2567368169580032,11.352237496427861,30.93996203578424,-1.7845257009241222,-0.00021449688646219212
NASA,B0018,306,2774.719,1.3686586323935683,4.184705779748733,3.4494830937378596,3.4525282614097663,0.2674956170053475,11.740730770179848,31.295019295352862,-1.7920667435100546,-0.00021434228623322312
NASA,B0018,308,2777.844,1.3627371779096438,4.186190318516221,3.4592751261505406,3.4552290080443044,0.2641142102955423,11.454698887152468,31.81846533166901,-1.782779873271704,-0.00021380797285544743
NASA,B0018,310,2781.125,1.3634051133928073,4.184617620212458,3.484328701795344,3.4619744219744675,0.2539173569253529,10.875020349045538,32.00067162597675,-1.7725212915953121,-0.00021497767501337217
NASA,B0018,313,2760.906,1.3518646035305233,4.181406543107895,3.4814607227995746,3.452221905520614,0.2592424399841937,11.243093811345577,31.73992229230571,-1.769870119236631,-0.00021729296224284775
NASA,B0018,316,2753.25,1.3547969729652622,4.18481632859354,3.457732208932067,3.447650049442191,0.2701822921841344,11.680293197145527,31.52613649688221,-1.7884847819526568,-0.0002197192161210581
NASA,B0018,318,2742.843,1.341051440640485,4.185409109511607,3.4772767386617156,3.447928507599004,0.2633941942740437,11.458076604153309,31.27624493654335,-1.77774044867741,-0.00022333826299142295
